bin	cov	MAG_status
MFD00008.bin.1.215	55.299824	MQ
MFD00008.bin.1.91	28.502806	MQ
MFD00008.bin.2.1	21.69652	MQ
MFD00008.bin.2.102	23.712393	MQ
MFD00008.bin.2.103	15.094587	MQ
MFD00008.bin.2.104	12.002952	MQ
MFD00008.bin.2.115	13.794271	MQ
MFD00008.bin.2.116	25.400019	MQ
MFD00008.bin.2.117	20.191244	MQ
MFD00008.bin.2.118	15.544396	MQ
MFD00008.bin.2.120	59.518105	MQ
MFD00008.bin.2.123	94.13615	MQ
MFD00008.bin.2.127	27.268553	MQ
MFD00008.bin.2.129	42.42414	MQ
MFD00008.bin.2.132	17.1364	MQ
MFD00008.bin.2.133	35.48588	MQ
MFD00008.bin.2.135	20.033422	MQ
MFD00008.bin.2.138	23.453613	MQ
MFD00008.bin.2.149	24.572393	MQ
MFD00008.bin.2.151	32.524437	MQ
MFD00008.bin.2.152	37.15527	MQ
MFD00008.bin.2.153	36.10369	MQ
MFD00008.bin.2.164	34.071575	MQ
MFD00008.bin.2.165	14.623492	MQ
MFD00008.bin.2.17	27.388695	MQ
MFD00008.bin.2.170	19.568605	MQ
MFD00008.bin.2.171	16.933622	MQ
MFD00008.bin.2.178	54.005917	MQ
MFD00008.bin.2.19	12.389397	MQ
MFD00008.bin.2.2	26.377544	MQ
MFD00008.bin.2.20	42.721336	MQ
MFD00008.bin.2.22	17.023115	MQ
MFD00008.bin.2.26	19.484606	MQ
MFD00008.bin.2.28	24.921623	MQ
MFD00008.bin.2.29	39.076294	MQ
MFD00008.bin.2.30	12.63735	MQ
MFD00008.bin.2.35	62.801594	MQ
MFD00008.bin.2.40	29.079826	MQ
MFD00008.bin.2.41	19.399412	MQ
MFD00008.bin.2.45	38.91218	MQ
MFD00008.bin.2.49	14.597802	MQ
MFD00008.bin.2.5	35.20537	MQ
MFD00008.bin.2.54	14.450073	MQ
MFD00008.bin.2.56	18.552698	MQ
MFD00008.bin.2.63	38.93145	MQ
MFD00008.bin.2.65	16.323652	MQ
MFD00008.bin.2.66	22.725054	MQ
MFD00008.bin.2.70	14.54335	MQ
MFD00008.bin.2.72	21.506323	MQ
MFD00008.bin.2.74	14.641007	MQ
MFD00008.bin.2.80	14.68876	MQ
MFD00008.bin.2.98	15.444202	MQ
MFD00008.bin.3.132	19.313911	MQ
MFD00008.bin.3.143	14.274904	MQ
MFD00008.bin.3.171	13.55345	MQ
MFD00008.bin.3.313	32.235443	MQ
MFD00008.bin.3.39	123.02901	MQ
MFD00008.bin.3.78	23.435545	MQ
MFD00008.bin.4.505	19.860786	MQ
MFD00031.bin.1.203	20.709547	MQ
MFD00031.bin.2.10	13.708708	MQ
MFD00031.bin.2.102	23.061913	MQ
MFD00031.bin.2.104	33.198715	MQ
MFD00031.bin.2.107	23.12818	MQ
MFD00031.bin.2.11	25.704056	MQ
MFD00031.bin.2.110	111.49049	MQ
MFD00031.bin.2.112	24.35858	MQ
MFD00031.bin.2.114	26.232153	MQ
MFD00031.bin.2.116	16.93364	MQ
MFD00031.bin.2.117	30.132133	MQ
MFD00031.bin.2.119	21.164616	MQ
MFD00031.bin.2.123	27.540619	MQ
MFD00031.bin.2.126	14.535201	MQ
MFD00031.bin.2.135	33.002735	MQ
MFD00031.bin.2.139	18.5026	MQ
MFD00031.bin.2.14	18.17169	MQ
MFD00031.bin.2.140	31.993053	MQ
MFD00031.bin.2.144	26.10886	MQ
MFD00031.bin.2.145	24.736172	MQ
MFD00031.bin.2.146	19.41562	MQ
MFD00031.bin.2.147	19.151917	MQ
MFD00031.bin.2.149	27.148106	MQ
MFD00031.bin.2.153	29.054762	MQ
MFD00031.bin.2.154	18.594852	MQ
MFD00031.bin.2.16	15.258692	MQ
MFD00031.bin.2.164	40.734146	MQ
MFD00031.bin.2.166	20.436985	MQ
MFD00031.bin.2.172	15.743319	MQ
MFD00031.bin.2.173	40.956173	MQ
MFD00031.bin.2.175	15.572921	MQ
MFD00031.bin.2.176	33.242496	MQ
MFD00031.bin.2.178	30.488508	MQ
MFD00031.bin.2.181	20.86626	MQ
MFD00031.bin.2.19	24.393011	MQ
MFD00031.bin.2.23	23.58098	MQ
MFD00031.bin.2.24	17.82702	MQ
MFD00031.bin.2.3	18.692068	MQ
MFD00031.bin.2.32	36.953777	MQ
MFD00031.bin.2.36	17.835247	MQ
MFD00031.bin.2.48	18.769823	MQ
MFD00031.bin.2.49	17.604067	MQ
MFD00031.bin.2.5	29.836555	MQ
MFD00031.bin.2.50	24.648165	MQ
MFD00031.bin.2.51	13.020405	MQ
MFD00031.bin.2.52	16.641014	MQ
MFD00031.bin.2.58	36.030663	MQ
MFD00031.bin.2.59	51.989693	MQ
MFD00031.bin.2.6	33.614975	MQ
MFD00031.bin.2.61	21.757454	MQ
MFD00031.bin.2.65	22.913176	MQ
MFD00031.bin.2.66	15.707572	MQ
MFD00031.bin.2.7	19.124016	MQ
MFD00031.bin.2.73	22.73584	MQ
MFD00031.bin.2.74	20.938473	MQ
MFD00031.bin.2.75	18.32107	MQ
MFD00031.bin.2.84	18.151613	MQ
MFD00031.bin.2.90	14.982355	MQ
MFD00031.bin.2.92	26.83619	MQ
MFD00031.bin.2.93	22.516087	MQ
MFD00031.bin.3.170	34.18367	MQ
MFD00031.bin.3.182	11.901383	MQ
MFD00031.bin.3.285	13.422125	MQ
MFD00031.bin.3.307	16.025846	MQ
MFD00031.bin.3.59	20.703379	MQ
MFD00031.bin.3.60	16.14068	MQ
MFD00031.bin.3.69	24.776356	MQ
MFD00031.bin.3.7	25.3296	MQ
MFD00031.bin.3.83	21.813087	MQ
MFD00031.bin.3.84	48.061466	MQ
MFD00032.bin.1.209	19.793749	MQ
MFD00032.bin.1.36	19.29861	MQ
MFD00032.bin.2.1	15.313354	MQ
MFD00032.bin.2.104	25.201767	MQ
MFD00032.bin.2.105	46.77871	MQ
MFD00032.bin.2.110	23.27164	MQ
MFD00032.bin.2.121	26.648487	MQ
MFD00032.bin.2.128	27.442791	MQ
MFD00032.bin.2.129	54.56861	MQ
MFD00032.bin.2.131	18.386889	MQ
MFD00032.bin.2.132	33.171745	MQ
MFD00032.bin.2.135	16.607046	MQ
MFD00032.bin.2.137	22.390644	MQ
MFD00032.bin.2.138	16.21619	MQ
MFD00032.bin.2.146	70.55096	MQ
MFD00032.bin.2.147	15.7688265	MQ
MFD00032.bin.2.149	17.361263	MQ
MFD00032.bin.2.15	25.014347	MQ
MFD00032.bin.2.155	54.182854	MQ
MFD00032.bin.2.158	23.337538	MQ
MFD00032.bin.2.160	21.980312	MQ
MFD00032.bin.2.161	17.193062	MQ
MFD00032.bin.2.163	136.05153	MQ
MFD00032.bin.2.164	17.124191	MQ
MFD00032.bin.2.165	12.223796	MQ
MFD00032.bin.2.166	27.030127	MQ
MFD00032.bin.2.168	14.871085	MQ
MFD00032.bin.2.174	20.364382	MQ
MFD00032.bin.2.178	25.076067	MQ
MFD00032.bin.2.18	12.63304	MQ
MFD00032.bin.2.189	18.688116	MQ
MFD00032.bin.2.19	13.59707	MQ
MFD00032.bin.2.190	79.89984	MQ
MFD00032.bin.2.192	23.029337	MQ
MFD00032.bin.2.194	13.152126	MQ
MFD00032.bin.2.196	23.160471	MQ
MFD00032.bin.2.2	17.331871	MQ
MFD00032.bin.2.201	20.685793	MQ
MFD00032.bin.2.202	14.072221	MQ
MFD00032.bin.2.207	12.636014	MQ
MFD00032.bin.2.209	24.211666	MQ
MFD00032.bin.2.210	24.214333	MQ
MFD00032.bin.2.218	16.989738	MQ
MFD00032.bin.2.219	10.9404955	MQ
MFD00032.bin.2.221	18.681646	MQ
MFD00032.bin.2.224	22.013296	MQ
MFD00032.bin.2.225	16.489944	MQ
MFD00032.bin.2.227	20.524044	MQ
MFD00032.bin.2.231	15.965404	MQ
MFD00032.bin.2.233	18.529978	MQ
MFD00032.bin.2.234	44.056885	MQ
MFD00032.bin.2.24	14.864056	MQ
MFD00032.bin.2.25	12.076265	MQ
MFD00032.bin.2.26	15.788128	MQ
MFD00032.bin.2.3	18.087555	MQ
MFD00032.bin.2.31	26.257605	MQ
MFD00032.bin.2.33	31.370308	MQ
MFD00032.bin.2.34	15.097072	MQ
MFD00032.bin.2.35	33.758026	MQ
MFD00032.bin.2.39	30.815649	MQ
MFD00032.bin.2.41	19.321903	MQ
MFD00032.bin.2.42	15.237024	MQ
MFD00032.bin.2.43	29.256742	MQ
MFD00032.bin.2.44	23.731657	MQ
MFD00032.bin.2.47	22.616179	MQ
MFD00032.bin.2.48	15.171101	MQ
MFD00032.bin.2.51	14.599643	MQ
MFD00032.bin.2.52	11.867102	MQ
MFD00032.bin.2.54	25.8836	MQ
MFD00032.bin.2.55	11.775542	MQ
MFD00032.bin.2.56	13.209341	MQ
MFD00032.bin.2.57	29.610386	MQ
MFD00032.bin.2.58	13.292168	MQ
MFD00032.bin.2.59	26.170721	MQ
MFD00032.bin.2.60	11.115787	MQ
MFD00032.bin.2.63	14.927639	MQ
MFD00032.bin.2.65	16.983013	MQ
MFD00032.bin.2.67	12.492317	MQ
MFD00032.bin.2.68	12.884271	MQ
MFD00032.bin.2.69	12.4064865	MQ
MFD00032.bin.2.70	15.6427355	MQ
MFD00032.bin.2.71	56.59443	MQ
MFD00032.bin.2.77	18.528288	MQ
MFD00032.bin.2.78	15.0950575	MQ
MFD00032.bin.2.8	13.246999	MQ
MFD00032.bin.2.80	11.681798	MQ
MFD00032.bin.2.81	19.416065	MQ
MFD00032.bin.2.86	30.407864	MQ
MFD00032.bin.2.88	16.15131	MQ
MFD00032.bin.2.91	21.476906	MQ
MFD00032.bin.2.92	17.901648	MQ
MFD00032.bin.2.94	14.4135685	MQ
MFD00032.bin.2.97	82.400795	MQ
MFD00032.bin.3.102	18.497713	MQ
MFD00032.bin.3.136	37.173523	MQ
MFD00032.bin.3.158	26.107332	MQ
MFD00032.bin.3.166	15.565671	MQ
MFD00032.bin.3.177	32.89396	MQ
MFD00032.bin.3.204	36.09362	MQ
MFD00032.bin.3.205	36.85023	MQ
MFD00032.bin.3.232	49.977142	MQ
MFD00032.bin.3.236	76.187996	MQ
MFD00032.bin.3.254	46.025208	MQ
MFD00032.bin.3.31	14.953068	MQ
MFD00032.bin.3.322	86.37743	MQ
MFD00032.bin.3.335	31.656284	MQ
MFD00032.bin.3.338	16.211071	MQ
MFD00032.bin.3.351	16.31112	MQ
MFD00032.bin.3.371	14.37924	MQ
MFD00032.bin.3.403	21.613403	MQ
MFD00032.bin.3.405	17.622997	MQ
MFD00032.bin.3.452	16.560017	MQ
MFD00032.bin.3.53	24.513126	MQ
MFD00032.bin.3.532	16.249811	MQ
MFD00032.bin.3.64	24.138308	MQ
MFD00032.bin.3.74	20.143505	MQ
MFD00032.bin.3.85	27.172157	MQ
MFD00032.bin.3.97	25.777405	MQ
MFD00032.bin.4.54	39.937847	MQ
MFD00072.bin.2.110	23.66122	MQ
MFD00072.bin.2.112	22.742538	MQ
MFD00072.bin.2.114	16.2565	MQ
MFD00072.bin.2.131	18.198807	MQ
MFD00072.bin.2.166	25.825628	MQ
MFD00072.bin.2.169	18.258654	MQ
MFD00072.bin.2.25	15.397229	MQ
MFD00072.bin.2.49	24.565275	MQ
MFD00072.bin.2.63	28.965424	MQ
MFD00072.bin.2.96	29.196787	MQ
MFD00072.bin.2.98	21.01836	MQ
MFD00072.bin.3.234	15.77819	MQ
MFD00082.bin.1.43	18.814514	MQ
MFD00082.bin.2.1	16.534454	MQ
MFD00082.bin.2.100	15.015434	MQ
MFD00082.bin.2.102	28.708965	MQ
MFD00082.bin.2.104	37.524704	MQ
MFD00082.bin.2.107	21.480228	MQ
MFD00082.bin.2.108	22.078703	MQ
MFD00082.bin.2.109	16.31411	MQ
MFD00082.bin.2.11	13.792258	MQ
MFD00082.bin.2.111	20.893051	MQ
MFD00082.bin.2.115	18.877167	MQ
MFD00082.bin.2.117	40.098476	MQ
MFD00082.bin.2.122	30.46523	MQ
MFD00082.bin.2.13	12.496323	MQ
MFD00082.bin.2.14	15.404059	MQ
MFD00082.bin.2.15	17.192305	MQ
MFD00082.bin.2.16	17.202505	MQ
MFD00082.bin.2.17	21.927942	MQ
MFD00082.bin.2.19	24.269043	MQ
MFD00082.bin.2.20	24.239017	MQ
MFD00082.bin.2.21	36.166073	MQ
MFD00082.bin.2.22	18.506458	MQ
MFD00082.bin.2.23	17.545677	MQ
MFD00082.bin.2.24	19.908947	MQ
MFD00082.bin.2.3	25.388487	MQ
MFD00082.bin.2.31	16.264877	MQ
MFD00082.bin.2.33	18.940756	MQ
MFD00082.bin.2.34	16.98688	MQ
MFD00082.bin.2.35	15.671089	MQ
MFD00082.bin.2.38	22.384956	MQ
MFD00082.bin.2.4	27.114218	MQ
MFD00082.bin.2.49	22.316881	MQ
MFD00082.bin.2.52	19.093172	MQ
MFD00082.bin.2.55	21.196222	MQ
MFD00082.bin.2.56	24.876495	MQ
MFD00082.bin.2.57	29.68172	MQ
MFD00082.bin.2.6	23.025686	MQ
MFD00082.bin.2.60	20.100693	MQ
MFD00082.bin.2.61	30.029354	MQ
MFD00082.bin.2.63	15.04195	MQ
MFD00082.bin.2.65	12.619391	MQ
MFD00082.bin.2.67	19.522554	MQ
MFD00082.bin.2.75	29.390213	MQ
MFD00082.bin.2.79	22.10553	MQ
MFD00082.bin.2.81	23.615341	MQ
MFD00082.bin.2.82	27.555609	MQ
MFD00082.bin.2.84	19.38031	MQ
MFD00082.bin.2.86	26.347025	MQ
MFD00082.bin.2.88	19.632856	MQ
MFD00082.bin.2.9	35.546833	MQ
MFD00082.bin.2.91	23.851936	MQ
MFD00082.bin.2.93	31.956957	MQ
MFD00082.bin.2.96	57.831142	MQ
MFD00082.bin.3.110	21.073666	MQ
MFD00082.bin.3.17	14.539987	MQ
MFD00082.bin.3.65	66.788704	MQ
MFD00082.bin.3.95	23.298922	MQ
MFD00123.bin.2.2	9.024777	MQ
MFD00123.bin.2.6	6.9490976	MQ
MFD00123.bin.3.2	11.529715	MQ
MFD00125.bin.1.50	21.596682	MQ
MFD00125.bin.2.15	29.183262	MQ
MFD00125.bin.2.36	37.63486	MQ
MFD00125.bin.2.43	17.274021	MQ
MFD00125.bin.2.44	21.953367	MQ
MFD00125.bin.2.47	28.505869	MQ
MFD00125.bin.2.52	21.66582	MQ
MFD00125.bin.2.56	16.915161	MQ
MFD00125.bin.2.61	19.36576	MQ
MFD00125.bin.2.62	30.700626	MQ
MFD00125.bin.2.65	34.774075	MQ
MFD00125.bin.2.70	23.683527	MQ
MFD00125.bin.2.73	37.044876	MQ
MFD00125.bin.2.82	19.529188	MQ
MFD00125.bin.2.84	23.855762	MQ
MFD00125.bin.2.87	33.067356	MQ
MFD00125.bin.2.93	26.76747	MQ
MFD00125.bin.2.97	32.810665	MQ
MFD00125.bin.2.98	40.974586	MQ
MFD00125.bin.3.20	30.925707	MQ
MFD00125.bin.3.45	81.1948	MQ
MFD00125.bin.3.95	17.010935	MQ
MFD00392.bin.1.420	44.08537	MQ
MFD00392.bin.2.10	27.709702	MQ
MFD00392.bin.2.103	20.796797	MQ
MFD00392.bin.2.108	24.963814	MQ
MFD00392.bin.2.11	40.12288	MQ
MFD00392.bin.2.110	19.470186	MQ
MFD00392.bin.2.112	12.869306	MQ
MFD00392.bin.2.113	21.60434	MQ
MFD00392.bin.2.114	34.980995	MQ
MFD00392.bin.2.115	61.31073	MQ
MFD00392.bin.2.118	16.341135	MQ
MFD00392.bin.2.119	35.273396	MQ
MFD00392.bin.2.12	19.87123	MQ
MFD00392.bin.2.120	18.102102	MQ
MFD00392.bin.2.122	26.856592	MQ
MFD00392.bin.2.124	30.857481	MQ
MFD00392.bin.2.125	21.832699	MQ
MFD00392.bin.2.126	15.046538	MQ
MFD00392.bin.2.127	24.838839	MQ
MFD00392.bin.2.129	29.092417	MQ
MFD00392.bin.2.13	14.070069	MQ
MFD00392.bin.2.132	33.13067	MQ
MFD00392.bin.2.134	22.22873	MQ
MFD00392.bin.2.135	39.48648	MQ
MFD00392.bin.2.136	13.655122	MQ
MFD00392.bin.2.137	22.902643	MQ
MFD00392.bin.2.138	23.566006	MQ
MFD00392.bin.2.140	27.781284	MQ
MFD00392.bin.2.141	15.520913	MQ
MFD00392.bin.2.143	34.70838	MQ
MFD00392.bin.2.144	16.73228	MQ
MFD00392.bin.2.145	28.0473	MQ
MFD00392.bin.2.146	14.470356	MQ
MFD00392.bin.2.149	18.837215	MQ
MFD00392.bin.2.15	52.9524	MQ
MFD00392.bin.2.152	56.748188	MQ
MFD00392.bin.2.156	13.020901	MQ
MFD00392.bin.2.160	20.689377	MQ
MFD00392.bin.2.170	40.135002	MQ
MFD00392.bin.2.171	17.448313	MQ
MFD00392.bin.2.174	25.383001	MQ
MFD00392.bin.2.175	22.619377	MQ
MFD00392.bin.2.186	24.065042	MQ
MFD00392.bin.2.193	62.625664	MQ
MFD00392.bin.2.194	14.555947	MQ
MFD00392.bin.2.2	34.419014	MQ
MFD00392.bin.2.206	22.016895	MQ
MFD00392.bin.2.213	54.790207	MQ
MFD00392.bin.2.216	24.225435	MQ
MFD00392.bin.2.23	27.632795	MQ
MFD00392.bin.2.235	30.175657	MQ
MFD00392.bin.2.237	17.199156	MQ
MFD00392.bin.2.241	60.64832	MQ
MFD00392.bin.2.245	29.229294	MQ
MFD00392.bin.2.250	36.72849	MQ
MFD00392.bin.2.252	20.536428	MQ
MFD00392.bin.2.254	33.542274	MQ
MFD00392.bin.2.260	24.183592	MQ
MFD00392.bin.2.271	25.017515	MQ
MFD00392.bin.2.275	11.412141	MQ
MFD00392.bin.2.276	36.99506	MQ
MFD00392.bin.2.277	21.234793	MQ
MFD00392.bin.2.278	28.099941	MQ
MFD00392.bin.2.279	49.631836	MQ
MFD00392.bin.2.280	29.721947	MQ
MFD00392.bin.2.284	23.18763	MQ
MFD00392.bin.2.285	20.597319	MQ
MFD00392.bin.2.289	26.899042	MQ
MFD00392.bin.2.291	36.23318	MQ
MFD00392.bin.2.292	29.484148	MQ
MFD00392.bin.2.294	19.94091	MQ
MFD00392.bin.2.295	16.966696	MQ
MFD00392.bin.2.297	28.639729	MQ
MFD00392.bin.2.300	41.92521	MQ
MFD00392.bin.2.302	21.43244	MQ
MFD00392.bin.2.307	16.022753	MQ
MFD00392.bin.2.313	26.32959	MQ
MFD00392.bin.2.316	20.596489	MQ
MFD00392.bin.2.318	20.027237	MQ
MFD00392.bin.2.319	41.82196	MQ
MFD00392.bin.2.324	15.364977	MQ
MFD00392.bin.2.326	64.56595	MQ
MFD00392.bin.2.330	32.920734	MQ
MFD00392.bin.2.333	94.51513	MQ
MFD00392.bin.2.336	16.342968	MQ
MFD00392.bin.2.340	32.1448	MQ
MFD00392.bin.2.342	25.56894	MQ
MFD00392.bin.2.345	60.191345	MQ
MFD00392.bin.2.348	18.094044	MQ
MFD00392.bin.2.353	14.21014	MQ
MFD00392.bin.2.355	16.211803	MQ
MFD00392.bin.2.36	22.766638	MQ
MFD00392.bin.2.360	15.976099	MQ
MFD00392.bin.2.363	29.759356	MQ
MFD00392.bin.2.365	35.256252	MQ
MFD00392.bin.2.371	34.56792	MQ
MFD00392.bin.2.372	39.30635	MQ
MFD00392.bin.2.374	16.020401	MQ
MFD00392.bin.2.375	14.695476	MQ
MFD00392.bin.2.381	37.645832	MQ
MFD00392.bin.2.384	46.65977	MQ
MFD00392.bin.2.387	22.417482	MQ
MFD00392.bin.2.39	23.213284	MQ
MFD00392.bin.2.40	24.513508	MQ
MFD00392.bin.2.401	35.627277	MQ
MFD00392.bin.2.402	22.461262	MQ
MFD00392.bin.2.404	26.211304	MQ
MFD00392.bin.2.405	48.848186	MQ
MFD00392.bin.2.43	26.051699	MQ
MFD00392.bin.2.44	26.149347	MQ
MFD00392.bin.2.46	15.496458	MQ
MFD00392.bin.2.48	60.895245	MQ
MFD00392.bin.2.49	26.102076	MQ
MFD00392.bin.2.52	29.886251	MQ
MFD00392.bin.2.55	32.872093	MQ
MFD00392.bin.2.59	18.303871	MQ
MFD00392.bin.2.6	25.203417	MQ
MFD00392.bin.2.63	14.680155	MQ
MFD00392.bin.2.64	38.65976	MQ
MFD00392.bin.2.65	29.417568	MQ
MFD00392.bin.2.68	19.430368	MQ
MFD00392.bin.2.69	17.462831	MQ
MFD00392.bin.2.7	19.090958	MQ
MFD00392.bin.2.71	23.885561	MQ
MFD00392.bin.2.78	22.57458	MQ
MFD00392.bin.2.80	17.198425	MQ
MFD00392.bin.2.81	20.180569	MQ
MFD00392.bin.2.85	20.3781	MQ
MFD00392.bin.2.86	27.156855	MQ
MFD00392.bin.2.99	45.308342	MQ
MFD00392.bin.3.141	26.193417	MQ
MFD00392.bin.3.147	21.13845	MQ
MFD00392.bin.3.167	37.81046	MQ
MFD00392.bin.3.170	22.284626	MQ
MFD00392.bin.3.203	59.364204	MQ
MFD00392.bin.3.204	16.244871	MQ
MFD00392.bin.3.213	31.80647	MQ
MFD00392.bin.3.302	22.555553	MQ
MFD00392.bin.3.308	15.44251	MQ
MFD00392.bin.3.431	48.79652	MQ
MFD00392.bin.3.433	69.188255	MQ
MFD00392.bin.3.529	32.936817	MQ
MFD00392.bin.3.547	21.387669	MQ
MFD00392.bin.3.555	19.72281	MQ
MFD00392.bin.3.570	40.327427	MQ
MFD00392.bin.3.594	23.936506	MQ
MFD00392.bin.3.628	38.25812	MQ
MFD00392.bin.3.648	29.205442	MQ
MFD00392.bin.3.658	26.738716	MQ
MFD00392.bin.3.673	25.04403	MQ
MFD00392.bin.3.715	30.17615	MQ
MFD00392.bin.3.720	55.903236	MQ
MFD00392.bin.3.723	16.785957	MQ
MFD00392.bin.3.744	27.969172	MQ
MFD00392.bin.3.845	13.192002	MQ
MFD00392.bin.3.88	21.305414	MQ
MFD00392.bin.3.929	19.729136	MQ
MFD00392.bin.3.937	20.567	MQ
MFD00392.bin.4.109	43.840164	MQ
MFD00392.bin.4.475	12.68698	MQ
MFD00392.bin.4.653	25.132612	MQ
MFD00392.bin.4.807	18.374514	MQ
MFD00392.bin.4.906	15.964693	MQ
MFD00709.bin.1.4	15.989027	MQ
MFD00709.bin.2.102	19.845144	MQ
MFD00709.bin.2.104	15.870023	MQ
MFD00709.bin.2.114	25.44343	MQ
MFD00709.bin.2.117	24.809986	MQ
MFD00709.bin.2.118	16.254007	MQ
MFD00709.bin.2.122	31.033604	MQ
MFD00709.bin.2.131	12.489239	MQ
MFD00709.bin.2.137	24.829935	MQ
MFD00709.bin.2.142	15.95602	MQ
MFD00709.bin.2.144	24.13413	MQ
MFD00709.bin.2.146	16.312698	MQ
MFD00709.bin.2.147	27.96741	MQ
MFD00709.bin.2.150	18.973392	MQ
MFD00709.bin.2.153	31.079546	MQ
MFD00709.bin.2.155	14.997725	MQ
MFD00709.bin.2.156	28.697308	MQ
MFD00709.bin.2.157	14.465888	MQ
MFD00709.bin.2.159	24.079811	MQ
MFD00709.bin.2.162	16.585686	MQ
MFD00709.bin.2.166	20.545149	MQ
MFD00709.bin.2.17	24.79964	MQ
MFD00709.bin.2.174	22.018984	MQ
MFD00709.bin.2.175	22.254885	MQ
MFD00709.bin.2.182	19.775776	MQ
MFD00709.bin.2.187	24.57445	MQ
MFD00709.bin.2.20	16.180105	MQ
MFD00709.bin.2.201	22.058907	MQ
MFD00709.bin.2.207	19.657444	MQ
MFD00709.bin.2.211	11.354108	MQ
MFD00709.bin.2.216	26.451454	MQ
MFD00709.bin.2.28	43.42964	MQ
MFD00709.bin.2.3	33.941315	MQ
MFD00709.bin.2.32	23.192976	MQ
MFD00709.bin.2.34	24.958485	MQ
MFD00709.bin.2.4	27.723494	MQ
MFD00709.bin.2.40	29.072426	MQ
MFD00709.bin.2.41	15.485511	MQ
MFD00709.bin.2.42	21.97698	MQ
MFD00709.bin.2.44	24.034327	MQ
MFD00709.bin.2.45	18.961052	MQ
MFD00709.bin.2.48	14.860323	MQ
MFD00709.bin.2.5	15.535157	MQ
MFD00709.bin.2.50	38.55605	MQ
MFD00709.bin.2.54	23.744322	MQ
MFD00709.bin.2.55	36.15885	MQ
MFD00709.bin.2.62	16.90861	MQ
MFD00709.bin.2.64	27.596287	MQ
MFD00709.bin.2.65	25.793278	MQ
MFD00709.bin.2.7	15.97301	MQ
MFD00709.bin.2.72	16.986769	MQ
MFD00709.bin.2.75	32.81964	MQ
MFD00709.bin.2.8	24.158848	MQ
MFD00709.bin.2.91	22.414108	MQ
MFD00709.bin.3.102	34.83891	MQ
MFD00709.bin.3.105	15.283712	MQ
MFD00709.bin.3.125	18.957119	MQ
MFD00709.bin.3.130	19.886992	MQ
MFD00709.bin.3.153	37.46663	MQ
MFD00709.bin.3.160	18.244678	MQ
MFD00709.bin.3.183	16.09445	MQ
MFD00709.bin.3.2	17.11731	MQ
MFD00709.bin.3.294	31.668545	MQ
MFD00709.bin.3.31	24.105217	MQ
MFD00709.bin.3.321	25.510754	MQ
MFD00709.bin.3.343	36.778496	MQ
MFD00709.bin.3.465	47.532024	MQ
MFD00709.bin.3.484	27.62037	MQ
MFD00709.bin.3.77	26.000156	MQ
MFD00731.bin.1.153	41.12346	MQ
MFD00731.bin.1.234	61.68488	MQ
MFD00731.bin.2.1	49.21211	MQ
MFD00731.bin.2.11	20.034676	MQ
MFD00731.bin.2.111	33.455555	MQ
MFD00731.bin.2.112	33.249493	MQ
MFD00731.bin.2.114	20.593279	MQ
MFD00731.bin.2.120	14.184176	MQ
MFD00731.bin.2.127	33.45	MQ
MFD00731.bin.2.129	25.916687	MQ
MFD00731.bin.2.132	51.169685	MQ
MFD00731.bin.2.133	67.81863	MQ
MFD00731.bin.2.137	24.605494	MQ
MFD00731.bin.2.14	26.609653	MQ
MFD00731.bin.2.142	14.410774	MQ
MFD00731.bin.2.145	16.781317	MQ
MFD00731.bin.2.149	20.807842	MQ
MFD00731.bin.2.150	20.214708	MQ
MFD00731.bin.2.157	34.811428	MQ
MFD00731.bin.2.159	17.793928	MQ
MFD00731.bin.2.164	35.59909	MQ
MFD00731.bin.2.166	20.684793	MQ
MFD00731.bin.2.167	16.024078	MQ
MFD00731.bin.2.169	34.861008	MQ
MFD00731.bin.2.17	27.97425	MQ
MFD00731.bin.2.170	30.103743	MQ
MFD00731.bin.2.173	86.70951	MQ
MFD00731.bin.2.174	32.864075	MQ
MFD00731.bin.2.180	18.071426	MQ
MFD00731.bin.2.183	31.220827	MQ
MFD00731.bin.2.187	17.320206	MQ
MFD00731.bin.2.193	21.178661	MQ
MFD00731.bin.2.198	50.49798	MQ
MFD00731.bin.2.2	18.458693	MQ
MFD00731.bin.2.20	17.343304	MQ
MFD00731.bin.2.201	23.274889	MQ
MFD00731.bin.2.202	31.058159	MQ
MFD00731.bin.2.203	31.667576	MQ
MFD00731.bin.2.205	15.765338	MQ
MFD00731.bin.2.212	15.044	MQ
MFD00731.bin.2.216	18.248487	MQ
MFD00731.bin.2.220	32.019722	MQ
MFD00731.bin.2.26	15.677297	MQ
MFD00731.bin.2.35	25.836964	MQ
MFD00731.bin.2.4	31.32431	MQ
MFD00731.bin.2.47	31.841047	MQ
MFD00731.bin.2.48	19.813694	MQ
MFD00731.bin.2.49	24.96955	MQ
MFD00731.bin.2.57	21.057411	MQ
MFD00731.bin.2.58	23.246761	MQ
MFD00731.bin.2.6	15.92178	MQ
MFD00731.bin.2.60	14.839597	MQ
MFD00731.bin.2.62	23.909681	MQ
MFD00731.bin.2.63	21.672636	MQ
MFD00731.bin.2.65	14.206932	MQ
MFD00731.bin.2.67	17.780418	MQ
MFD00731.bin.2.72	16.15165	MQ
MFD00731.bin.2.73	30.976213	MQ
MFD00731.bin.2.74	13.074501	MQ
MFD00731.bin.2.8	20.02056	MQ
MFD00731.bin.2.81	22.949095	MQ
MFD00731.bin.2.91	32.57592	MQ
MFD00731.bin.2.93	18.983873	MQ
MFD00731.bin.3.121	25.998611	MQ
MFD00731.bin.3.122	385.66034	MQ
MFD00731.bin.3.174	32.81259	MQ
MFD00731.bin.3.176	169.02318	MQ
MFD00731.bin.3.201	50.550896	MQ
MFD00731.bin.3.247	43.874577	MQ
MFD00731.bin.3.259	19.507298	MQ
MFD00731.bin.3.307	17.369009	MQ
MFD00731.bin.3.357	23.750473	MQ
MFD00731.bin.3.385	38.563515	MQ
MFD00731.bin.3.415	17.628578	MQ
MFD00731.bin.3.428	27.005838	MQ
MFD00731.bin.3.52	21.954779	MQ
MFD00731.bin.3.66	49.33664	MQ
MFD00731.bin.3.75	28.594765	MQ
MFD00731.bin.4.171	20.960205	MQ
MFD00731.bin.4.227	24.6473	MQ
MFD00731.bin.4.272	13.494307	MQ
MFD00731.bin.4.712	18.7197	MQ
MFD00822.bin.1.150	38.128765	MQ
MFD00822.bin.1.51	19.928898	MQ
MFD00822.bin.1.7	53.211815	MQ
MFD00822.bin.2.104	22.818996	MQ
MFD00822.bin.2.108	31.67851	MQ
MFD00822.bin.2.11	12.507556	MQ
MFD00822.bin.2.110	21.999472	MQ
MFD00822.bin.2.115	28.1917	MQ
MFD00822.bin.2.117	21.00859	MQ
MFD00822.bin.2.119	23.69247	MQ
MFD00822.bin.2.12	16.102568	MQ
MFD00822.bin.2.120	20.770962	MQ
MFD00822.bin.2.121	18.09379	MQ
MFD00822.bin.2.122	29.037174	MQ
MFD00822.bin.2.123	10.485146	MQ
MFD00822.bin.2.124	19.348703	MQ
MFD00822.bin.2.126	20.817427	MQ
MFD00822.bin.2.127	120.29897	MQ
MFD00822.bin.2.129	365.2583	MQ
MFD00822.bin.2.130	30.34121	MQ
MFD00822.bin.2.131	14.141414	MQ
MFD00822.bin.2.134	22.738424	MQ
MFD00822.bin.2.135	23.574041	MQ
MFD00822.bin.2.136	24.691069	MQ
MFD00822.bin.2.138	30.6049	MQ
MFD00822.bin.2.143	23.865921	MQ
MFD00822.bin.2.149	11.822048	MQ
MFD00822.bin.2.15	35.312363	MQ
MFD00822.bin.2.150	12.269155	MQ
MFD00822.bin.2.151	35.608814	MQ
MFD00822.bin.2.156	16.107485	MQ
MFD00822.bin.2.162	14.186598	MQ
MFD00822.bin.2.163	22.979055	MQ
MFD00822.bin.2.168	22.783808	MQ
MFD00822.bin.2.172	22.139246	MQ
MFD00822.bin.2.173	49.201183	MQ
MFD00822.bin.2.174	40.99085	MQ
MFD00822.bin.2.176	25.15363	MQ
MFD00822.bin.2.179	74.11584	MQ
MFD00822.bin.2.18	95.91656	MQ
MFD00822.bin.2.181	30.860474	MQ
MFD00822.bin.2.182	19.805952	MQ
MFD00822.bin.2.186	30.987371	MQ
MFD00822.bin.2.2	27.33922	MQ
MFD00822.bin.2.24	12.490648	MQ
MFD00822.bin.2.25	15.804665	MQ
MFD00822.bin.2.30	40.176254	MQ
MFD00822.bin.2.33	14.472665	MQ
MFD00822.bin.2.36	19.519646	MQ
MFD00822.bin.2.37	17.942984	MQ
MFD00822.bin.2.42	24.019823	MQ
MFD00822.bin.2.45	32.133026	MQ
MFD00822.bin.2.48	12.066431	MQ
MFD00822.bin.2.53	15.706647	MQ
MFD00822.bin.2.55	35.1836	MQ
MFD00822.bin.2.56	11.989724	MQ
MFD00822.bin.2.57	21.771114	MQ
MFD00822.bin.2.59	30.260191	MQ
MFD00822.bin.2.60	44.323093	MQ
MFD00822.bin.2.62	16.220575	MQ
MFD00822.bin.2.7	19.781567	MQ
MFD00822.bin.2.84	16.791313	MQ
MFD00822.bin.2.9	11.472091	MQ
MFD00822.bin.2.91	30.579187	MQ
MFD00822.bin.2.93	26.421526	MQ
MFD00822.bin.2.97	21.123877	MQ
MFD00822.bin.3.117	31.831486	MQ
MFD00822.bin.3.118	21.596142	MQ
MFD00822.bin.3.124	32.738453	MQ
MFD00822.bin.3.16	14.570023	MQ
MFD00822.bin.3.221	19.850197	MQ
MFD00822.bin.3.272	23.912256	MQ
MFD00822.bin.3.292	17.414263	MQ
MFD00822.bin.3.377	32.914856	MQ
MFD00822.bin.3.61	16.810707	MQ
MFD00822.bin.3.64	14.068021	MQ
MFD00822.bin.3.94	16.495888	MQ
MFD00822.bin.4.14	10.491344	MQ
MFD00905.bin.1.58	16.016602	MQ
MFD00905.bin.2.1	15.504501	MQ
MFD00905.bin.2.105	38.812305	MQ
MFD00905.bin.2.108	37.936703	MQ
MFD00905.bin.2.121	37.399708	MQ
MFD00905.bin.2.125	21.876318	MQ
MFD00905.bin.2.126	22.491812	MQ
MFD00905.bin.2.13	35.559742	MQ
MFD00905.bin.2.131	37.40138	MQ
MFD00905.bin.2.133	75.86772	MQ
MFD00905.bin.2.134	15.759932	MQ
MFD00905.bin.2.145	27.172056	MQ
MFD00905.bin.2.151	19.657104	MQ
MFD00905.bin.2.152	16.96624	MQ
MFD00905.bin.2.153	18.83648	MQ
MFD00905.bin.2.154	25.325174	MQ
MFD00905.bin.2.155	14.379998	MQ
MFD00905.bin.2.158	27.943197	MQ
MFD00905.bin.2.159	58.422676	MQ
MFD00905.bin.2.16	23.358294	MQ
MFD00905.bin.2.162	26.707266	MQ
MFD00905.bin.2.170	18.325262	MQ
MFD00905.bin.2.172	35.22567	MQ
MFD00905.bin.2.174	16.775461	MQ
MFD00905.bin.2.180	24.8317	MQ
MFD00905.bin.2.184	27.421402	MQ
MFD00905.bin.2.185	46.331894	MQ
MFD00905.bin.2.186	20.701773	MQ
MFD00905.bin.2.187	32.375477	MQ
MFD00905.bin.2.19	24.493116	MQ
MFD00905.bin.2.190	21.954956	MQ
MFD00905.bin.2.193	45.1697	MQ
MFD00905.bin.2.194	24.888823	MQ
MFD00905.bin.2.198	38.550293	MQ
MFD00905.bin.2.2	26.654348	MQ
MFD00905.bin.2.20	46.804146	MQ
MFD00905.bin.2.202	64.3305	MQ
MFD00905.bin.2.208	30.278322	MQ
MFD00905.bin.2.21	26.947691	MQ
MFD00905.bin.2.212	17.972511	MQ
MFD00905.bin.2.215	18.27298	MQ
MFD00905.bin.2.216	30.178543	MQ
MFD00905.bin.2.220	28.577856	MQ
MFD00905.bin.2.222	15.807419	MQ
MFD00905.bin.2.223	26.207447	MQ
MFD00905.bin.2.225	86.929695	MQ
MFD00905.bin.2.226	21.91566	MQ
MFD00905.bin.2.232	18.305828	MQ
MFD00905.bin.2.233	37.821995	MQ
MFD00905.bin.2.30	36.507813	MQ
MFD00905.bin.2.32	35.302177	MQ
MFD00905.bin.2.34	27.48215	MQ
MFD00905.bin.2.35	29.561697	MQ
MFD00905.bin.2.38	13.20048	MQ
MFD00905.bin.2.43	28.541204	MQ
MFD00905.bin.2.44	17.145428	MQ
MFD00905.bin.2.47	29.981174	MQ
MFD00905.bin.2.49	23.529345	MQ
MFD00905.bin.2.5	20.706127	MQ
MFD00905.bin.2.50	17.470163	MQ
MFD00905.bin.2.51	14.552065	MQ
MFD00905.bin.2.53	41.006878	MQ
MFD00905.bin.2.55	68.48496	MQ
MFD00905.bin.2.59	26.132923	MQ
MFD00905.bin.2.60	40.909912	MQ
MFD00905.bin.2.62	19.685638	MQ
MFD00905.bin.2.63	17.588255	MQ
MFD00905.bin.2.65	26.475777	MQ
MFD00905.bin.2.68	22.662394	MQ
MFD00905.bin.2.7	34.063187	MQ
MFD00905.bin.2.71	23.151894	MQ
MFD00905.bin.2.72	25.55087	MQ
MFD00905.bin.2.73	36.10551	MQ
MFD00905.bin.2.74	21.56259	MQ
MFD00905.bin.2.75	25.768677	MQ
MFD00905.bin.2.8	30.310835	MQ
MFD00905.bin.2.82	41.496098	MQ
MFD00905.bin.2.87	82.74932	MQ
MFD00905.bin.2.93	20.973724	MQ
MFD00905.bin.3.122	20.317324	MQ
MFD00905.bin.3.13	13.791387	MQ
MFD00905.bin.3.155	21.850735	MQ
MFD00905.bin.3.183	25.0816	MQ
MFD00905.bin.3.204	24.569313	MQ
MFD00905.bin.3.260	31.408314	MQ
MFD00905.bin.3.287	25.282131	MQ
MFD00905.bin.3.32	31.507053	MQ
MFD00905.bin.3.330	22.99495	MQ
MFD00905.bin.3.435	26.889269	MQ
MFD00905.bin.3.493	37.78989	MQ
MFD00905.bin.3.507	25.800793	MQ
MFD00905.bin.3.577	28.560638	MQ
MFD00905.bin.3.591	47.17503	MQ
MFD00905.bin.4.163	13.946273	MQ
MFD00962.bin.1.263	42.791115	MQ
MFD00962.bin.2.100	16.516155	MQ
MFD00962.bin.2.101	15.986786	MQ
MFD00962.bin.2.102	23.486046	MQ
MFD00962.bin.2.103	37.146824	MQ
MFD00962.bin.2.105	20.381676	MQ
MFD00962.bin.2.106	12.426817	MQ
MFD00962.bin.2.107	34.223866	MQ
MFD00962.bin.2.108	19.050323	MQ
MFD00962.bin.2.109	24.416279	MQ
MFD00962.bin.2.111	17.841372	MQ
MFD00962.bin.2.113	18.687721	MQ
MFD00962.bin.2.114	20.198092	MQ
MFD00962.bin.2.115	23.781363	MQ
MFD00962.bin.2.116	35.713715	MQ
MFD00962.bin.2.117	24.41941	MQ
MFD00962.bin.2.118	18.52153	MQ
MFD00962.bin.2.119	16.016861	MQ
MFD00962.bin.2.12	17.515968	MQ
MFD00962.bin.2.120	19.855547	MQ
MFD00962.bin.2.121	31.186058	MQ
MFD00962.bin.2.122	18.045822	MQ
MFD00962.bin.2.125	16.566824	MQ
MFD00962.bin.2.127	29.040741	MQ
MFD00962.bin.2.128	15.059878	MQ
MFD00962.bin.2.135	79.41675	MQ
MFD00962.bin.2.140	23.024166	MQ
MFD00962.bin.2.143	13.51811	MQ
MFD00962.bin.2.159	27.878864	MQ
MFD00962.bin.2.16	16.060596	MQ
MFD00962.bin.2.166	32.196114	MQ
MFD00962.bin.2.17	18.155603	MQ
MFD00962.bin.2.176	25.537804	MQ
MFD00962.bin.2.181	21.596418	MQ
MFD00962.bin.2.182	39.64427	MQ
MFD00962.bin.2.184	39.531883	MQ
MFD00962.bin.2.188	19.444096	MQ
MFD00962.bin.2.19	31.588175	MQ
MFD00962.bin.2.190	15.23878	MQ
MFD00962.bin.2.191	17.107477	MQ
MFD00962.bin.2.198	17.011793	MQ
MFD00962.bin.2.2	16.00134	MQ
MFD00962.bin.2.20	24.697247	MQ
MFD00962.bin.2.200	19.620253	MQ
MFD00962.bin.2.203	15.101753	MQ
MFD00962.bin.2.204	48.184963	MQ
MFD00962.bin.2.205	18.130339	MQ
MFD00962.bin.2.206	22.331062	MQ
MFD00962.bin.2.208	38.010086	MQ
MFD00962.bin.2.211	21.001297	MQ
MFD00962.bin.2.218	48.854	MQ
MFD00962.bin.2.219	10.523538	MQ
MFD00962.bin.2.221	25.426754	MQ
MFD00962.bin.2.224	28.107025	MQ
MFD00962.bin.2.226	40.535404	MQ
MFD00962.bin.2.228	17.614323	MQ
MFD00962.bin.2.231	22.230032	MQ
MFD00962.bin.2.232	22.242622	MQ
MFD00962.bin.2.238	22.57184	MQ
MFD00962.bin.2.241	48.59716	MQ
MFD00962.bin.2.244	18.999567	MQ
MFD00962.bin.2.254	15.805567	MQ
MFD00962.bin.2.262	26.537945	MQ
MFD00962.bin.2.266	26.907358	MQ
MFD00962.bin.2.269	14.419814	MQ
MFD00962.bin.2.270	32.888664	MQ
MFD00962.bin.2.274	27.917418	MQ
MFD00962.bin.2.277	38.96123	MQ
MFD00962.bin.2.283	19.12353	MQ
MFD00962.bin.2.29	14.4491625	MQ
MFD00962.bin.2.291	14.149136	MQ
MFD00962.bin.2.292	12.242572	MQ
MFD00962.bin.2.293	21.07294	MQ
MFD00962.bin.2.294	13.937217	MQ
MFD00962.bin.2.297	13.484665	MQ
MFD00962.bin.2.32	36.620537	MQ
MFD00962.bin.2.35	31.80304	MQ
MFD00962.bin.2.40	16.548546	MQ
MFD00962.bin.2.53	14.315911	MQ
MFD00962.bin.2.55	16.033508	MQ
MFD00962.bin.2.59	17.003153	MQ
MFD00962.bin.2.64	14.521861	MQ
MFD00962.bin.2.65	22.795654	MQ
MFD00962.bin.2.69	22.745897	MQ
MFD00962.bin.2.7	20.152315	MQ
MFD00962.bin.2.72	18.689697	MQ
MFD00962.bin.2.73	14.147899	MQ
MFD00962.bin.2.76	20.006044	MQ
MFD00962.bin.2.77	29.850636	MQ
MFD00962.bin.2.83	17.117857	MQ
MFD00962.bin.2.84	41.33262	MQ
MFD00962.bin.2.86	25.65627	MQ
MFD00962.bin.2.87	43.432503	MQ
MFD00962.bin.2.90	55.552483	MQ
MFD00962.bin.2.91	18.323875	MQ
MFD00962.bin.2.92	28.310827	MQ
MFD00962.bin.2.93	17.314472	MQ
MFD00962.bin.2.94	12.7626295	MQ
MFD00962.bin.2.96	46.83958	MQ
MFD00962.bin.2.98	52.199764	MQ
MFD00962.bin.3.102	26.696625	MQ
MFD00962.bin.3.138	35.194965	MQ
MFD00962.bin.3.153	21.694418	MQ
MFD00962.bin.3.166	25.141537	MQ
MFD00962.bin.3.285	59.40155	MQ
MFD00962.bin.3.339	17.647774	MQ
MFD00962.bin.3.421	20.456987	MQ
MFD00962.bin.3.436	18.349035	MQ
MFD00962.bin.3.492	60.120983	MQ
MFD00962.bin.3.533	12.792275	MQ
MFD00962.bin.3.541	28.666325	MQ
MFD00962.bin.3.584	61.44626	MQ
MFD00962.bin.3.604	14.113119	MQ
MFD00962.bin.3.615	18.832212	MQ
MFD00962.bin.3.622	18.1736	MQ
MFD00962.bin.3.89	29.101246	MQ
MFD00962.bin.3.90	34.873737	MQ
MFD00962.bin.4.197	129.74663	MQ
MFD00964.bin.2.105	18.500925	MQ
MFD00964.bin.2.126	23.58625	MQ
MFD00964.bin.2.133	17.737165	MQ
MFD00964.bin.2.146	24.649364	MQ
MFD00964.bin.2.152	14.016341	MQ
MFD00964.bin.2.160	18.625822	MQ
MFD00964.bin.2.162	22.429098	MQ
MFD00964.bin.2.169	28.256376	MQ
MFD00964.bin.2.170	24.858685	MQ
MFD00964.bin.2.171	22.83268	MQ
MFD00964.bin.2.173	14.32998	MQ
MFD00964.bin.2.177	28.630152	MQ
MFD00964.bin.2.180	20.298489	MQ
MFD00964.bin.2.181	20.049032	MQ
MFD00964.bin.2.183	23.0303	MQ
MFD00964.bin.2.188	17.79655	MQ
MFD00964.bin.2.193	38.318913	MQ
MFD00964.bin.2.194	23.71513	MQ
MFD00964.bin.2.196	17.151855	MQ
MFD00964.bin.2.201	21.571587	MQ
MFD00964.bin.2.204	23.71133	MQ
MFD00964.bin.2.207	20.874636	MQ
MFD00964.bin.2.209	22.782038	MQ
MFD00964.bin.2.210	20.281557	MQ
MFD00964.bin.2.214	15.031408	MQ
MFD00964.bin.2.219	21.770803	MQ
MFD00964.bin.2.22	23.42193	MQ
MFD00964.bin.2.220	32.247227	MQ
MFD00964.bin.2.24	20.41644	MQ
MFD00964.bin.2.241	19.022133	MQ
MFD00964.bin.2.248	19.897001	MQ
MFD00964.bin.2.25	13.63789	MQ
MFD00964.bin.2.251	17.76267	MQ
MFD00964.bin.2.254	12.818566	MQ
MFD00964.bin.2.255	13.2601795	MQ
MFD00964.bin.2.256	18.4499	MQ
MFD00964.bin.2.258	18.60644	MQ
MFD00964.bin.2.259	47.202225	MQ
MFD00964.bin.2.26	22.866047	MQ
MFD00964.bin.2.264	15.559959	MQ
MFD00964.bin.2.265	63.843533	MQ
MFD00964.bin.2.270	20.020336	MQ
MFD00964.bin.2.271	21.83152	MQ
MFD00964.bin.2.272	11.513809	MQ
MFD00964.bin.2.3	15.690017	MQ
MFD00964.bin.2.34	21.10121	MQ
MFD00964.bin.2.36	19.769497	MQ
MFD00964.bin.2.4	26.991432	MQ
MFD00964.bin.2.40	22.393913	MQ
MFD00964.bin.2.46	22.405342	MQ
MFD00964.bin.2.48	24.184921	MQ
MFD00964.bin.2.53	24.795269	MQ
MFD00964.bin.2.63	27.338139	MQ
MFD00964.bin.2.65	421.87665	MQ
MFD00964.bin.2.66	15.392624	MQ
MFD00964.bin.2.67	23.047075	MQ
MFD00964.bin.2.69	14.110065	MQ
MFD00964.bin.2.7	14.0894785	MQ
MFD00964.bin.2.75	14.975744	MQ
MFD00964.bin.2.76	12.800865	MQ
MFD00964.bin.2.78	28.055685	MQ
MFD00964.bin.2.79	17.047806	MQ
MFD00964.bin.2.8	21.276697	MQ
MFD00964.bin.2.80	61.992596	MQ
MFD00964.bin.2.83	15.937077	MQ
MFD00964.bin.2.86	18.53954	MQ
MFD00964.bin.2.88	27.427979	MQ
MFD00964.bin.2.89	14.239126	MQ
MFD00964.bin.3.104	19.059752	MQ
MFD00964.bin.3.147	20.11601	MQ
MFD00964.bin.3.150	42.451176	MQ
MFD00964.bin.3.173	18.570791	MQ
MFD00964.bin.3.184	18.009182	MQ
MFD00964.bin.3.23	13.590305	MQ
MFD00964.bin.3.252	21.098064	MQ
MFD00964.bin.3.253	25.664684	MQ
MFD00964.bin.3.405	16.385485	MQ
MFD00964.bin.3.426	94.505356	MQ
MFD00964.bin.3.45	17.634909	MQ
MFD00964.bin.3.473	16.12672	MQ
MFD00964.bin.3.510	13.621489	MQ
MFD00964.bin.3.532	25.532455	MQ
MFD00964.bin.3.553	31.887255	MQ
MFD00964.bin.3.580	14.628177	MQ
MFD00964.bin.3.598	18.11802	MQ
MFD00964.bin.3.619	42.823315	MQ
MFD00964.bin.4.433	10.117639	MQ
MFD00964.bin.4.630	28.562155	MQ
MFD00964.bin.4.962	12.890093	MQ
MFD00991.bin.1.10	22.09305	MQ
MFD00991.bin.1.136	68.00808	MQ
MFD00991.bin.1.39	43.603817	MQ
MFD00991.bin.2.103	26.954723	MQ
MFD00991.bin.2.104	21.947123	MQ
MFD00991.bin.2.105	22.068512	MQ
MFD00991.bin.2.112	13.972471	MQ
MFD00991.bin.2.118	31.063725	MQ
MFD00991.bin.2.121	21.165104	MQ
MFD00991.bin.2.126	24.00528	MQ
MFD00991.bin.2.130	26.918365	MQ
MFD00991.bin.2.133	28.285763	MQ
MFD00991.bin.2.15	28.03489	MQ
MFD00991.bin.2.17	28.131376	MQ
MFD00991.bin.2.2	25.182629	MQ
MFD00991.bin.2.21	27.478569	MQ
MFD00991.bin.2.24	19.886404	MQ
MFD00991.bin.2.28	18.732943	MQ
MFD00991.bin.2.29	34.91006	MQ
MFD00991.bin.2.32	24.377705	MQ
MFD00991.bin.2.34	19.38903	MQ
MFD00991.bin.2.37	15.938486	MQ
MFD00991.bin.2.4	16.679163	MQ
MFD00991.bin.2.41	160.79295	MQ
MFD00991.bin.2.51	17.831934	MQ
MFD00991.bin.2.67	13.243387	MQ
MFD00991.bin.2.70	24.850216	MQ
MFD00991.bin.2.73	19.775093	MQ
MFD00991.bin.2.75	23.13703	MQ
MFD00991.bin.2.78	23.391737	MQ
MFD00991.bin.2.79	14.434243	MQ
MFD00991.bin.2.80	11.8789215	MQ
MFD00991.bin.2.81	16.056751	MQ
MFD00991.bin.2.82	13.223396	MQ
MFD00991.bin.2.86	12.869965	MQ
MFD00991.bin.2.87	27.38052	MQ
MFD00991.bin.2.88	35.004547	MQ
MFD00991.bin.2.9	32.456097	MQ
MFD00991.bin.2.96	15.411269	MQ
MFD00991.bin.3.14	19.727465	MQ
MFD00991.bin.3.206	107.06051	MQ
MFD00991.bin.3.207	17.934368	MQ
MFD00991.bin.3.222	12.646402	MQ
MFD00991.bin.3.233	20.78798	MQ
MFD00991.bin.3.29	22.64356	MQ
MFD00991.bin.3.73	23.19931	MQ
MFD01112.bin.1.4	6.3912044	MQ
MFD01112.bin.1.8	21.68001	MQ
MFD01112.bin.2.1	16.599087	MQ
MFD01112.bin.2.11	13.089163	MQ
MFD01112.bin.2.12	6.777805	MQ
MFD01112.bin.2.16	12.205368	MQ
MFD01112.bin.2.18	9.854993	MQ
MFD01112.bin.2.19	125.03436	MQ
MFD01112.bin.2.2	11.983476	MQ
MFD01112.bin.2.20	111.60098	MQ
MFD01112.bin.2.36	9.31491	MQ
MFD01112.bin.2.37	32.84474	MQ
MFD01112.bin.2.4	8.442657	MQ
MFD01112.bin.2.43	12.548884	MQ
MFD01112.bin.2.55	16.866718	MQ
MFD01112.bin.2.56	19.521154	MQ
MFD01112.bin.2.58	105.36064	MQ
MFD01112.bin.2.59	9.5863905	MQ
MFD01112.bin.2.68	16.187328	MQ
MFD01112.bin.3.14	20.245237	MQ
MFD01112.bin.3.37	32.687626	MQ
MFD01138.bin.1.27	26.977526	MQ
MFD01138.bin.2.1	23.106789	MQ
MFD01138.bin.2.121	15.287613	MQ
MFD01138.bin.2.123	17.454296	MQ
MFD01138.bin.2.15	21.107805	MQ
MFD01138.bin.2.2	18.641985	MQ
MFD01138.bin.2.28	27.158195	MQ
MFD01138.bin.2.29	20.328241	MQ
MFD01138.bin.2.30	15.5343275	MQ
MFD01138.bin.2.43	53.30911	MQ
MFD01138.bin.2.60	19.919796	MQ
MFD01138.bin.2.62	16.170439	MQ
MFD01138.bin.2.63	15.079559	MQ
MFD01138.bin.2.64	19.331059	MQ
MFD01138.bin.2.7	17.659218	MQ
MFD01138.bin.2.70	18.087534	MQ
MFD01138.bin.2.71	29.415571	MQ
MFD01138.bin.2.73	18.580051	MQ
MFD01138.bin.2.75	18.67219	MQ
MFD01138.bin.2.8	19.677736	MQ
MFD01138.bin.2.80	18.50363	MQ
MFD01138.bin.2.81	24.870186	MQ
MFD01138.bin.2.82	16.9935	MQ
MFD01138.bin.2.83	16.539	MQ
MFD01138.bin.2.88	19.495596	MQ
MFD01138.bin.2.90	15.12676	MQ
MFD01138.bin.2.94	21.939093	MQ
MFD01138.bin.2.95	38.346893	MQ
MFD01138.bin.2.97	21.19706	MQ
MFD01138.bin.3.14	45.84768	MQ
MFD01138.bin.3.248	18.11226	MQ
MFD01138.bin.3.259	22.604061	MQ
MFD01138.bin.3.34	44.982964	MQ
MFD01138.bin.3.50	14.120281	MQ
MFD01138.bin.3.6	17.28621	MQ
MFD01138.bin.3.73	12.841367	MQ
MFD01138.bin.3.74	16.5739	MQ
MFD01188.bin.2.11	15.658133	MQ
MFD01188.bin.2.114	23.886103	MQ
MFD01188.bin.2.119	11.326542	MQ
MFD01188.bin.2.12	9.958443	MQ
MFD01188.bin.2.120	9.969013	MQ
MFD01188.bin.2.122	7.945892	MQ
MFD01188.bin.2.123	7.515195	MQ
MFD01188.bin.2.127	8.460345	MQ
MFD01188.bin.2.18	7.328037	MQ
MFD01188.bin.2.2	7.203002	MQ
MFD01188.bin.2.25	6.798941	MQ
MFD01188.bin.2.32	8.0606	MQ
MFD01188.bin.2.38	12.32631	MQ
MFD01188.bin.2.44	25.842201	MQ
MFD01188.bin.2.45	16.831745	MQ
MFD01188.bin.2.55	15.289219	MQ
MFD01188.bin.2.56	9.555551	MQ
MFD01188.bin.2.57	9.578127	MQ
MFD01188.bin.2.72	6.9710884	MQ
MFD01188.bin.2.73	7.177538	MQ
MFD01188.bin.2.74	9.519238	MQ
MFD01188.bin.2.75	7.5881047	MQ
MFD01188.bin.2.79	5.593775	MQ
MFD01188.bin.2.97	11.056009	MQ
MFD01188.bin.3.109	25.90932	MQ
MFD01188.bin.3.138	7.5227113	MQ
MFD01188.bin.3.182	14.132701	MQ
MFD01188.bin.3.31	5.992589	MQ
MFD01188.bin.3.372	5.420231	MQ
MFD01188.bin.4.248	12.300564	MQ
MFD01188.bin.4.386	8.886572	MQ
MFD01188.bin.4.86	11.041981	MQ
MFD01213.bin.1.135	13.892325	MQ
MFD01213.bin.1.138	26.459576	MQ
MFD01213.bin.1.206	20.460716	MQ
MFD01213.bin.2.10	45.714333	MQ
MFD01213.bin.2.104	17.127857	MQ
MFD01213.bin.2.105	27.533102	MQ
MFD01213.bin.2.106	13.883578	MQ
MFD01213.bin.2.107	22.151043	MQ
MFD01213.bin.2.108	26.931553	MQ
MFD01213.bin.2.11	25.718405	MQ
MFD01213.bin.2.110	27.314228	MQ
MFD01213.bin.2.111	22.954802	MQ
MFD01213.bin.2.112	19.919748	MQ
MFD01213.bin.2.113	14.094581	MQ
MFD01213.bin.2.116	17.050678	MQ
MFD01213.bin.2.117	13.638026	MQ
MFD01213.bin.2.119	15.899771	MQ
MFD01213.bin.2.121	13.816053	MQ
MFD01213.bin.2.122	23.141829	MQ
MFD01213.bin.2.125	16.673471	MQ
MFD01213.bin.2.128	18.980738	MQ
MFD01213.bin.2.129	17.117237	MQ
MFD01213.bin.2.13	15.335539	MQ
MFD01213.bin.2.130	22.739443	MQ
MFD01213.bin.2.131	15.033292	MQ
MFD01213.bin.2.132	22.386135	MQ
MFD01213.bin.2.133	19.850174	MQ
MFD01213.bin.2.134	15.834477	MQ
MFD01213.bin.2.135	17.806198	MQ
MFD01213.bin.2.137	20.378086	MQ
MFD01213.bin.2.138	12.47586	MQ
MFD01213.bin.2.143	15.061712	MQ
MFD01213.bin.2.144	22.140907	MQ
MFD01213.bin.2.146	20.87908	MQ
MFD01213.bin.2.149	20.74781	MQ
MFD01213.bin.2.150	20.464968	MQ
MFD01213.bin.2.152	17.096651	MQ
MFD01213.bin.2.155	19.58518	MQ
MFD01213.bin.2.156	22.4887	MQ
MFD01213.bin.2.157	28.279667	MQ
MFD01213.bin.2.159	38.598938	MQ
MFD01213.bin.2.162	23.090012	MQ
MFD01213.bin.2.163	15.050631	MQ
MFD01213.bin.2.165	23.97628	MQ
MFD01213.bin.2.166	34.645027	MQ
MFD01213.bin.2.168	14.988505	MQ
MFD01213.bin.2.17	27.208897	MQ
MFD01213.bin.2.170	14.221499	MQ
MFD01213.bin.2.171	18.559528	MQ
MFD01213.bin.2.174	20.866611	MQ
MFD01213.bin.2.175	16.39865	MQ
MFD01213.bin.2.176	27.230213	MQ
MFD01213.bin.2.18	15.9327545	MQ
MFD01213.bin.2.180	16.76961	MQ
MFD01213.bin.2.185	16.407219	MQ
MFD01213.bin.2.189	21.711138	MQ
MFD01213.bin.2.19	15.655018	MQ
MFD01213.bin.2.191	19.76837	MQ
MFD01213.bin.2.193	35.504814	MQ
MFD01213.bin.2.194	23.883152	MQ
MFD01213.bin.2.196	17.783922	MQ
MFD01213.bin.2.197	24.98325	MQ
MFD01213.bin.2.20	39.067524	MQ
MFD01213.bin.2.21	20.545113	MQ
MFD01213.bin.2.22	18.211884	MQ
MFD01213.bin.2.23	17.270008	MQ
MFD01213.bin.2.27	22.047438	MQ
MFD01213.bin.2.29	11.054451	MQ
MFD01213.bin.2.30	22.837706	MQ
MFD01213.bin.2.31	20.867403	MQ
MFD01213.bin.2.32	20.652596	MQ
MFD01213.bin.2.33	23.13944	MQ
MFD01213.bin.2.34	17.709879	MQ
MFD01213.bin.2.36	33.86843	MQ
MFD01213.bin.2.38	17.75291	MQ
MFD01213.bin.2.39	17.851364	MQ
MFD01213.bin.2.4	17.497192	MQ
MFD01213.bin.2.40	20.019936	MQ
MFD01213.bin.2.41	25.132376	MQ
MFD01213.bin.2.42	19.557384	MQ
MFD01213.bin.2.44	26.151789	MQ
MFD01213.bin.2.49	15.003802	MQ
MFD01213.bin.2.5	44.685314	MQ
MFD01213.bin.2.51	22.031431	MQ
MFD01213.bin.2.53	13.549179	MQ
MFD01213.bin.2.54	10.373278	MQ
MFD01213.bin.2.55	12.605137	MQ
MFD01213.bin.2.58	18.200186	MQ
MFD01213.bin.2.61	13.787871	MQ
MFD01213.bin.2.71	17.396536	MQ
MFD01213.bin.2.74	18.899496	MQ
MFD01213.bin.2.81	12.857978	MQ
MFD01213.bin.2.92	17.514328	MQ
MFD01213.bin.2.94	15.630658	MQ
MFD01213.bin.2.95	14.995666	MQ
MFD01213.bin.2.97	38.985138	MQ
MFD01213.bin.2.98	51.724594	MQ
MFD01213.bin.3.118	22.343067	MQ
MFD01213.bin.3.154	24.3396	MQ
MFD01213.bin.3.157	15.712814	MQ
MFD01213.bin.3.214	57.71897	MQ
MFD01213.bin.3.243	12.482547	MQ
MFD01213.bin.3.251	20.718296	MQ
MFD01213.bin.3.295	53.239155	MQ
MFD01213.bin.3.342	18.364948	MQ
MFD01213.bin.3.363	27.99041	MQ
MFD01213.bin.3.367	21.528957	MQ
MFD01213.bin.3.396	45.607628	MQ
MFD01213.bin.3.422	28.842756	MQ
MFD01213.bin.3.448	11.973051	MQ
MFD01213.bin.3.530	15.152166	MQ
MFD01213.bin.3.552	14.848198	MQ
MFD01213.bin.3.560	28.203114	MQ
MFD01213.bin.3.581	12.620501	MQ
MFD01213.bin.3.8	31.833946	MQ
MFD01213.bin.3.93	17.084332	MQ
MFD01213.bin.4.384	15.926248	MQ
MFD01213.bin.4.502	13.0159	MQ
MFD01223.bin.1.101	27.418598	MQ
MFD01223.bin.1.107	17.767069	MQ
MFD01223.bin.1.110	37.257927	MQ
MFD01223.bin.1.111	11.124844	MQ
MFD01223.bin.1.127	10.085711	MQ
MFD01223.bin.1.27	11.665038	MQ
MFD01223.bin.1.35	15.537105	MQ
MFD01223.bin.1.40	13.46077	MQ
MFD01223.bin.1.55	30.508608	MQ
MFD01223.bin.1.58	21.530005	MQ
MFD01223.bin.1.7	12.793432	MQ
MFD01223.bin.1.99	16.08763	MQ
MFD01223.bin.2.14	12.984186	MQ
MFD01223.bin.2.21	13.598715	MQ
MFD01223.bin.2.25	23.87487	MQ
MFD01223.bin.2.30	8.733749	MQ
MFD01223.bin.2.31	9.160631	MQ
MFD01223.bin.2.32	9.513021	MQ
MFD01223.bin.2.33	10.373268	MQ
MFD01223.bin.2.37	8.980959	MQ
MFD01223.bin.2.4	5.0949097	MQ
MFD01223.bin.2.40	5.356103	MQ
MFD01223.bin.2.42	9.808621	MQ
MFD01223.bin.2.44	10.083425	MQ
MFD01223.bin.2.47	13.357791	MQ
MFD01223.bin.2.48	6.3745437	MQ
MFD01223.bin.2.5	15.956797	MQ
MFD01223.bin.2.50	6.7886343	MQ
MFD01223.bin.2.69	9.620617	MQ
MFD01223.bin.2.71	6.34571	MQ
MFD01223.bin.2.76	6.4168367	MQ
MFD01223.bin.2.77	11.821894	MQ
MFD01223.bin.2.87	13.278642	MQ
MFD01223.bin.2.9	5.9773374	MQ
MFD01223.bin.2.90	21.71754	MQ
MFD01223.bin.3.14	5.0937324	MQ
MFD01223.bin.3.150	5.4472547	MQ
MFD01223.bin.3.47	12.11378	MQ
MFD01223.bin.3.50	5.229626	MQ
MFD01223.bin.4.19	7.2655525	MQ
MFD01223.bin.4.238	10.0361395	MQ
MFD01231.bin.1.3	19.129267	MQ
MFD01231.bin.1.64	44.493053	MQ
MFD01231.bin.2.10	20.167665	MQ
MFD01231.bin.2.11	16.402454	MQ
MFD01231.bin.2.2	32.164394	MQ
MFD01231.bin.2.20	43.70924	MQ
MFD01231.bin.2.26	18.880205	MQ
MFD01231.bin.2.28	26.474665	MQ
MFD01231.bin.2.30	23.205025	MQ
MFD01231.bin.2.31	22.013985	MQ
MFD01231.bin.2.32	18.841257	MQ
MFD01231.bin.2.34	11.558076	MQ
MFD01231.bin.2.35	36.458984	MQ
MFD01231.bin.2.36	74.70282	MQ
MFD01231.bin.2.4	15.445186	MQ
MFD01231.bin.2.48	27.18323	MQ
MFD01231.bin.2.49	21.241825	MQ
MFD01231.bin.2.51	191.5056	MQ
MFD01231.bin.2.53	84.0394	MQ
MFD01231.bin.2.57	18.126478	MQ
MFD01231.bin.2.65	32.094585	MQ
MFD01231.bin.2.69	23.738434	MQ
MFD01231.bin.2.72	13.440291	MQ
MFD01231.bin.2.73	16.41635	MQ
MFD01231.bin.2.76	19.615831	MQ
MFD01231.bin.2.77	48.199146	MQ
MFD01231.bin.3.30	19.607964	MQ
MFD01231.bin.3.74	12.020635	MQ
MFD01231.bin.4.123	14.197325	MQ
MFD01248.bin.1.14	33.217552	MQ
MFD01248.bin.1.32	40.044125	MQ
MFD01248.bin.2.14	12.457349	MQ
MFD01248.bin.2.15	12.358597	MQ
MFD01248.bin.2.16	49.926556	MQ
MFD01248.bin.2.17	16.332577	MQ
MFD01248.bin.2.19	23.405777	MQ
MFD01248.bin.2.23	20.908062	MQ
MFD01248.bin.2.29	19.853777	MQ
MFD01248.bin.2.30	14.261319	MQ
MFD01248.bin.2.31	18.844662	MQ
MFD01248.bin.2.33	24.340668	MQ
MFD01248.bin.2.4	15.947356	MQ
MFD01248.bin.2.46	19.42296	MQ
MFD01248.bin.2.49	18.82905	MQ
MFD01248.bin.2.52	15.23251	MQ
MFD01248.bin.2.56	15.668111	MQ
MFD01248.bin.2.60	38.001957	MQ
MFD01248.bin.2.66	30.281685	MQ
MFD01248.bin.2.67	15.171903	MQ
MFD01248.bin.2.68	18.245832	MQ
MFD01248.bin.2.7	120.07819	MQ
MFD01248.bin.2.71	21.44956	MQ
MFD01248.bin.2.72	38.86421	MQ
MFD01248.bin.2.76	19.333666	MQ
MFD01248.bin.2.77	15.195723	MQ
MFD01248.bin.2.78	18.633999	MQ
MFD01248.bin.2.8	39.13511	MQ
MFD01248.bin.3.122	21.442001	MQ
MFD01248.bin.3.30	35.60538	MQ
MFD01248.bin.3.64	144.55113	MQ
MFD01248.bin.3.81	33.23585	MQ
MFD01275.bin.1.253	19.729057	MQ
MFD01275.bin.1.261	39.574112	MQ
MFD01275.bin.2.1	33.98146	MQ
MFD01275.bin.2.10	42.155285	MQ
MFD01275.bin.2.11	11.911007	MQ
MFD01275.bin.2.116	19.341557	MQ
MFD01275.bin.2.119	38.179417	MQ
MFD01275.bin.2.120	22.701166	MQ
MFD01275.bin.2.121	41.37307	MQ
MFD01275.bin.2.122	29.265228	MQ
MFD01275.bin.2.123	18.325825	MQ
MFD01275.bin.2.126	34.016293	MQ
MFD01275.bin.2.129	16.22812	MQ
MFD01275.bin.2.131	14.247963	MQ
MFD01275.bin.2.132	42.42879	MQ
MFD01275.bin.2.134	17.256727	MQ
MFD01275.bin.2.135	14.503149	MQ
MFD01275.bin.2.136	30.206507	MQ
MFD01275.bin.2.138	14.026323	MQ
MFD01275.bin.2.140	17.283873	MQ
MFD01275.bin.2.141	35.27365	MQ
MFD01275.bin.2.142	36.800457	MQ
MFD01275.bin.2.143	308.1549	MQ
MFD01275.bin.2.144	23.12649	MQ
MFD01275.bin.2.145	34.284885	MQ
MFD01275.bin.2.147	15.614565	MQ
MFD01275.bin.2.148	38.20853	MQ
MFD01275.bin.2.15	20.249586	MQ
MFD01275.bin.2.152	19.932625	MQ
MFD01275.bin.2.154	71.44178	MQ
MFD01275.bin.2.156	61.105316	MQ
MFD01275.bin.2.158	17.266468	MQ
MFD01275.bin.2.164	14.897378	MQ
MFD01275.bin.2.166	22.817957	MQ
MFD01275.bin.2.168	21.386293	MQ
MFD01275.bin.2.170	14.284991	MQ
MFD01275.bin.2.173	75.39409	MQ
MFD01275.bin.2.175	18.804827	MQ
MFD01275.bin.2.178	36.378796	MQ
MFD01275.bin.2.18	26.11671	MQ
MFD01275.bin.2.180	25.79179	MQ
MFD01275.bin.2.181	23.23401	MQ
MFD01275.bin.2.182	13.865162	MQ
MFD01275.bin.2.185	17.34601	MQ
MFD01275.bin.2.188	19.267164	MQ
MFD01275.bin.2.189	23.129906	MQ
MFD01275.bin.2.19	19.953289	MQ
MFD01275.bin.2.190	34.470024	MQ
MFD01275.bin.2.192	21.510927	MQ
MFD01275.bin.2.194	13.366398	MQ
MFD01275.bin.2.196	18.80025	MQ
MFD01275.bin.2.197	21.343985	MQ
MFD01275.bin.2.198	17.358423	MQ
MFD01275.bin.2.199	15.6521635	MQ
MFD01275.bin.2.2	17.4215	MQ
MFD01275.bin.2.200	15.047269	MQ
MFD01275.bin.2.201	27.010017	MQ
MFD01275.bin.2.203	26.442097	MQ
MFD01275.bin.2.204	17.51605	MQ
MFD01275.bin.2.205	33.376396	MQ
MFD01275.bin.2.206	20.552267	MQ
MFD01275.bin.2.207	14.638658	MQ
MFD01275.bin.2.21	32.385933	MQ
MFD01275.bin.2.210	42.002514	MQ
MFD01275.bin.2.211	32.16115	MQ
MFD01275.bin.2.212	14.047459	MQ
MFD01275.bin.2.22	16.895697	MQ
MFD01275.bin.2.23	17.04294	MQ
MFD01275.bin.2.24	22.35449	MQ
MFD01275.bin.2.26	23.18643	MQ
MFD01275.bin.2.3	21.102127	MQ
MFD01275.bin.2.31	22.815538	MQ
MFD01275.bin.2.32	30.801174	MQ
MFD01275.bin.2.33	15.399075	MQ
MFD01275.bin.2.34	13.84605	MQ
MFD01275.bin.2.37	17.933418	MQ
MFD01275.bin.2.38	18.195618	MQ
MFD01275.bin.2.4	22.409153	MQ
MFD01275.bin.2.41	15.508077	MQ
MFD01275.bin.2.46	19.723127	MQ
MFD01275.bin.2.47	13.467249	MQ
MFD01275.bin.2.48	18.74959	MQ
MFD01275.bin.2.5	28.064728	MQ
MFD01275.bin.2.50	18.59275	MQ
MFD01275.bin.2.52	26.21354	MQ
MFD01275.bin.2.53	47.45279	MQ
MFD01275.bin.2.56	14.714043	MQ
MFD01275.bin.2.57	19.276453	MQ
MFD01275.bin.2.59	25.72102	MQ
MFD01275.bin.2.60	26.076971	MQ
MFD01275.bin.2.62	27.260897	MQ
MFD01275.bin.2.63	18.84827	MQ
MFD01275.bin.2.65	39.523052	MQ
MFD01275.bin.2.67	17.699677	MQ
MFD01275.bin.2.68	30.770374	MQ
MFD01275.bin.2.69	10.215454	MQ
MFD01275.bin.2.7	28.730324	MQ
MFD01275.bin.2.70	22.874382	MQ
MFD01275.bin.2.72	29.056692	MQ
MFD01275.bin.2.73	34.199535	MQ
MFD01275.bin.2.76	15.398385	MQ
MFD01275.bin.2.79	9.100288	MQ
MFD01275.bin.2.8	37.433968	MQ
MFD01275.bin.2.81	25.495768	MQ
MFD01275.bin.2.84	24.593683	MQ
MFD01275.bin.2.89	36.36287	MQ
MFD01275.bin.2.9	9.853323	MQ
MFD01275.bin.2.96	11.572868	MQ
MFD01275.bin.3.1	26.15072	MQ
MFD01275.bin.3.107	13.347163	MQ
MFD01275.bin.3.128	27.410093	MQ
MFD01275.bin.3.162	108.51237	MQ
MFD01275.bin.3.2	43.8914	MQ
MFD01275.bin.3.241	21.973116	MQ
MFD01275.bin.3.249	26.633282	MQ
MFD01275.bin.3.271	18.264471	MQ
MFD01275.bin.3.280	53.141773	MQ
MFD01275.bin.3.287	29.54866	MQ
MFD01275.bin.3.320	17.067049	MQ
MFD01275.bin.3.354	73.06292	MQ
MFD01275.bin.3.362	19.412848	MQ
MFD01275.bin.3.391	22.676113	MQ
MFD01275.bin.3.41	57.763157	MQ
MFD01275.bin.3.48	17.650291	MQ
MFD01275.bin.3.83	28.716269	MQ
MFD01275.bin.4.324	23.206171	MQ
MFD01299.bin.1.111	14.263857	MQ
MFD01299.bin.1.122	40.02808	MQ
MFD01299.bin.1.129	25.745373	MQ
MFD01299.bin.1.168	48.209156	MQ
MFD01299.bin.1.188	57.066074	MQ
MFD01299.bin.1.71	66.197205	MQ
MFD01299.bin.1.92	117.062164	MQ
MFD01299.bin.1.95	34.239735	MQ
MFD01299.bin.2.1	18.048388	MQ
MFD01299.bin.2.104	20.949131	MQ
MFD01299.bin.2.106	19.148739	MQ
MFD01299.bin.2.108	24.876492	MQ
MFD01299.bin.2.115	16.248789	MQ
MFD01299.bin.2.117	41.222595	MQ
MFD01299.bin.2.118	28.163141	MQ
MFD01299.bin.2.119	32.388844	MQ
MFD01299.bin.2.120	20.289457	MQ
MFD01299.bin.2.127	25.189112	MQ
MFD01299.bin.2.13	26.635908	MQ
MFD01299.bin.2.132	11.481862	MQ
MFD01299.bin.2.133	16.151772	MQ
MFD01299.bin.2.136	74.399704	MQ
MFD01299.bin.2.138	36.088722	MQ
MFD01299.bin.2.142	35.298393	MQ
MFD01299.bin.2.143	25.587254	MQ
MFD01299.bin.2.145	29.509975	MQ
MFD01299.bin.2.146	13.201776	MQ
MFD01299.bin.2.147	159.44032	MQ
MFD01299.bin.2.148	10.19597	MQ
MFD01299.bin.2.149	14.334483	MQ
MFD01299.bin.2.150	17.554873	MQ
MFD01299.bin.2.151	28.000898	MQ
MFD01299.bin.2.154	39.486423	MQ
MFD01299.bin.2.156	33.939495	MQ
MFD01299.bin.2.159	22.8547	MQ
MFD01299.bin.2.160	21.407108	MQ
MFD01299.bin.2.163	23.525017	MQ
MFD01299.bin.2.165	50.325817	MQ
MFD01299.bin.2.166	10.088785	MQ
MFD01299.bin.2.171	19.65124	MQ
MFD01299.bin.2.175	23.437574	MQ
MFD01299.bin.2.18	18.864126	MQ
MFD01299.bin.2.183	17.984756	MQ
MFD01299.bin.2.187	26.625652	MQ
MFD01299.bin.2.189	20.398912	MQ
MFD01299.bin.2.200	31.986448	MQ
MFD01299.bin.2.207	28.783123	MQ
MFD01299.bin.2.208	43.09119	MQ
MFD01299.bin.2.209	27.852856	MQ
MFD01299.bin.2.210	23.550798	MQ
MFD01299.bin.2.211	31.186209	MQ
MFD01299.bin.2.212	27.938383	MQ
MFD01299.bin.2.213	15.654691	MQ
MFD01299.bin.2.214	397.53528	MQ
MFD01299.bin.2.216	42.080658	MQ
MFD01299.bin.2.218	17.5055	MQ
MFD01299.bin.2.22	25.318691	MQ
MFD01299.bin.2.23	52.6905	MQ
MFD01299.bin.2.25	17.706322	MQ
MFD01299.bin.2.28	25.897293	MQ
MFD01299.bin.2.3	21.617033	MQ
MFD01299.bin.2.34	22.169518	MQ
MFD01299.bin.2.36	25.87238	MQ
MFD01299.bin.2.38	68.12702	MQ
MFD01299.bin.2.4	27.000286	MQ
MFD01299.bin.2.41	25.994684	MQ
MFD01299.bin.2.44	22.490826	MQ
MFD01299.bin.2.45	19.383303	MQ
MFD01299.bin.2.46	35.517536	MQ
MFD01299.bin.2.48	10.887781	MQ
MFD01299.bin.2.49	22.980923	MQ
MFD01299.bin.2.51	17.830725	MQ
MFD01299.bin.2.57	21.00592	MQ
MFD01299.bin.2.59	17.871658	MQ
MFD01299.bin.2.76	31.821154	MQ
MFD01299.bin.2.79	30.733929	MQ
MFD01299.bin.2.84	23.912601	MQ
MFD01299.bin.2.92	29.778904	MQ
MFD01299.bin.2.97	28.214409	MQ
MFD01299.bin.3.1	20.258266	MQ
MFD01299.bin.3.111	46.6641	MQ
MFD01299.bin.3.120	15.751357	MQ
MFD01299.bin.3.139	27.042158	MQ
MFD01299.bin.3.141	9.356258	MQ
MFD01299.bin.3.148	11.227772	MQ
MFD01299.bin.3.165	60.246223	MQ
MFD01299.bin.3.198	26.933914	MQ
MFD01299.bin.3.210	27.880796	MQ
MFD01299.bin.3.257	15.482611	MQ
MFD01299.bin.3.31	17.141502	MQ
MFD01299.bin.3.325	21.14447	MQ
MFD01299.bin.3.347	31.344238	MQ
MFD01299.bin.3.353	19.57667	MQ
MFD01299.bin.3.455	45.388954	MQ
MFD01299.bin.3.5	23.915009	MQ
MFD01299.bin.3.96	15.73627	MQ
MFD01299.bin.4.382	32.12121	MQ
MFD01476.bin.1.1	18.443085	MQ
MFD01476.bin.1.165	21.456125	MQ
MFD01476.bin.1.230	26.64408	MQ
MFD01476.bin.2.1	19.716738	MQ
MFD01476.bin.2.10	9.514395	MQ
MFD01476.bin.2.101	16.41053	MQ
MFD01476.bin.2.102	16.705404	MQ
MFD01476.bin.2.103	27.41999	MQ
MFD01476.bin.2.104	40.53475	MQ
MFD01476.bin.2.105	16.062164	MQ
MFD01476.bin.2.106	31.392893	MQ
MFD01476.bin.2.107	31.787094	MQ
MFD01476.bin.2.108	9.94436	MQ
MFD01476.bin.2.114	9.370848	MQ
MFD01476.bin.2.118	13.479032	MQ
MFD01476.bin.2.120	29.042305	MQ
MFD01476.bin.2.122	13.053617	MQ
MFD01476.bin.2.125	14.511025	MQ
MFD01476.bin.2.126	15.8109865	MQ
MFD01476.bin.2.127	20.32286	MQ
MFD01476.bin.2.13	92.328445	MQ
MFD01476.bin.2.130	11.226075	MQ
MFD01476.bin.2.132	11.460938	MQ
MFD01476.bin.2.135	16.350203	MQ
MFD01476.bin.2.136	11.4977865	MQ
MFD01476.bin.2.137	12.239179	MQ
MFD01476.bin.2.138	9.79163	MQ
MFD01476.bin.2.139	12.059589	MQ
MFD01476.bin.2.140	29.850292	MQ
MFD01476.bin.2.15	24.269508	MQ
MFD01476.bin.2.150	12.5796385	MQ
MFD01476.bin.2.152	28.522472	MQ
MFD01476.bin.2.154	26.456238	MQ
MFD01476.bin.2.155	20.836245	MQ
MFD01476.bin.2.157	32.952137	MQ
MFD01476.bin.2.159	10.319927	MQ
MFD01476.bin.2.167	36.865685	MQ
MFD01476.bin.2.169	18.226742	MQ
MFD01476.bin.2.170	10.523343	MQ
MFD01476.bin.2.175	9.172965	MQ
MFD01476.bin.2.179	23.820782	MQ
MFD01476.bin.2.180	17.016779	MQ
MFD01476.bin.2.182	19.594702	MQ
MFD01476.bin.2.185	28.739674	MQ
MFD01476.bin.2.187	18.903563	MQ
MFD01476.bin.2.188	15.902018	MQ
MFD01476.bin.2.189	18.539988	MQ
MFD01476.bin.2.190	8.389701	MQ
MFD01476.bin.2.191	18.90666	MQ
MFD01476.bin.2.2	30.270452	MQ
MFD01476.bin.2.21	10.068585	MQ
MFD01476.bin.2.23	15.872137	MQ
MFD01476.bin.2.25	22.4922	MQ
MFD01476.bin.2.26	12.84567	MQ
MFD01476.bin.2.28	16.576138	MQ
MFD01476.bin.2.29	35.55441	MQ
MFD01476.bin.2.33	28.659306	MQ
MFD01476.bin.2.34	28.624052	MQ
MFD01476.bin.2.38	37.12491	MQ
MFD01476.bin.2.4	17.195072	MQ
MFD01476.bin.2.41	110.91031	MQ
MFD01476.bin.2.43	11.114481	MQ
MFD01476.bin.2.44	14.79202	MQ
MFD01476.bin.2.45	12.381161	MQ
MFD01476.bin.2.49	11.439727	MQ
MFD01476.bin.2.50	11.140704	MQ
MFD01476.bin.2.52	15.006561	MQ
MFD01476.bin.2.53	13.767476	MQ
MFD01476.bin.2.54	13.280122	MQ
MFD01476.bin.2.55	13.185622	MQ
MFD01476.bin.2.56	14.8132	MQ
MFD01476.bin.2.58	12.075838	MQ
MFD01476.bin.2.59	10.116749	MQ
MFD01476.bin.2.68	97.922615	MQ
MFD01476.bin.2.71	24.422691	MQ
MFD01476.bin.2.76	14.17839	MQ
MFD01476.bin.2.8	28.791267	MQ
MFD01476.bin.2.85	18.126822	MQ
MFD01476.bin.2.87	14.369026	MQ
MFD01476.bin.2.94	30.785624	MQ
MFD01476.bin.2.97	20.286598	MQ
MFD01476.bin.3.120	12.994673	MQ
MFD01476.bin.3.18	12.4306345	MQ
MFD01476.bin.3.212	10.944278	MQ
MFD01476.bin.3.283	15.183437	MQ
MFD01476.bin.3.3	13.689161	MQ
MFD01476.bin.3.321	12.068537	MQ
MFD01476.bin.3.353	13.524571	MQ
MFD01476.bin.3.64	16.230463	MQ
MFD01476.bin.3.65	27.286888	MQ
MFD01476.bin.3.68	14.472064	MQ
MFD01476.bin.3.89	10.599362	MQ
MFD01476.bin.3.99	15.402455	MQ
MFD01476.bin.4.90	12.838327	MQ
MFD01561.bin.1.30	22.537695	MQ
MFD01561.bin.2.108	23.131767	MQ
MFD01561.bin.2.11	27.552946	MQ
MFD01561.bin.2.114	40.81269	MQ
MFD01561.bin.2.12	37.84813	MQ
MFD01561.bin.2.120	15.719596	MQ
MFD01561.bin.2.13	21.249836	MQ
MFD01561.bin.2.25	14.844342	MQ
MFD01561.bin.2.29	20.634157	MQ
MFD01561.bin.2.31	68.02065	MQ
MFD01561.bin.2.37	20.132385	MQ
MFD01561.bin.2.42	53.088867	MQ
MFD01561.bin.2.52	23.28701	MQ
MFD01561.bin.2.53	20.899769	MQ
MFD01561.bin.2.59	24.488743	MQ
MFD01561.bin.2.67	28.461931	MQ
MFD01561.bin.2.69	35.40852	MQ
MFD01561.bin.2.74	30.378298	MQ
MFD01561.bin.2.78	28.348286	MQ
MFD01561.bin.2.82	19.170036	MQ
MFD01561.bin.2.87	19.328018	MQ
MFD01561.bin.3.236	16.505995	MQ
MFD01561.bin.3.265	42.513077	MQ
MFD01561.bin.3.308	25.149225	MQ
MFD01561.bin.4.120	12.79919	MQ
MFD01633.bin.2.1	11.7108755	MQ
MFD01633.bin.2.10	8.680836	MQ
MFD01633.bin.2.111	11.373037	MQ
MFD01633.bin.2.113	7.5886154	MQ
MFD01633.bin.2.121	8.748952	MQ
MFD01633.bin.2.122	8.141955	MQ
MFD01633.bin.2.129	11.66985	MQ
MFD01633.bin.2.130	8.840665	MQ
MFD01633.bin.2.133	5.6105204	MQ
MFD01633.bin.2.137	10.252267	MQ
MFD01633.bin.2.141	10.648602	MQ
MFD01633.bin.2.142	8.285782	MQ
MFD01633.bin.2.143	12.134013	MQ
MFD01633.bin.2.150	15.094891	MQ
MFD01633.bin.2.154	6.634968	MQ
MFD01633.bin.2.161	12.682145	MQ
MFD01633.bin.2.163	8.133734	MQ
MFD01633.bin.2.172	10.32136	MQ
MFD01633.bin.2.174	6.422314	MQ
MFD01633.bin.2.175	9.87481	MQ
MFD01633.bin.2.177	10.528259	MQ
MFD01633.bin.2.179	9.87085	MQ
MFD01633.bin.2.18	6.209473	MQ
MFD01633.bin.2.186	11.219302	MQ
MFD01633.bin.2.187	8.420324	MQ
MFD01633.bin.2.2	8.545099	MQ
MFD01633.bin.2.23	21.369	MQ
MFD01633.bin.2.3	11.8476	MQ
MFD01633.bin.2.32	8.402513	MQ
MFD01633.bin.2.33	6.799299	MQ
MFD01633.bin.2.38	8.682582	MQ
MFD01633.bin.2.42	6.2676105	MQ
MFD01633.bin.2.43	6.5780835	MQ
MFD01633.bin.2.48	5.4905424	MQ
MFD01633.bin.2.50	22.54342	MQ
MFD01633.bin.2.53	12.363374	MQ
MFD01633.bin.2.54	12.760246	MQ
MFD01633.bin.2.60	8.517697	MQ
MFD01633.bin.2.71	5.2865586	MQ
MFD01633.bin.2.96	7.362432	MQ
MFD01633.bin.3.150	6.204762	MQ
MFD01633.bin.3.245	8.72904	MQ
MFD01633.bin.3.416	8.618971	MQ
MFD01633.bin.3.44	5.476084	MQ
MFD01633.bin.3.52	6.2261624	MQ
MFD01633.bin.4.498	8.7126255	MQ
MFD01689.bin.1.112	33.725018	MQ
MFD01689.bin.1.6	31.477543	MQ
MFD01689.bin.2.10	21.662363	MQ
MFD01689.bin.2.11	43.65482	MQ
MFD01689.bin.2.12	18.211647	MQ
MFD01689.bin.2.13	22.845867	MQ
MFD01689.bin.2.14	173.98967	MQ
MFD01689.bin.2.18	33.05032	MQ
MFD01689.bin.2.19	26.72155	MQ
MFD01689.bin.2.21	10.215753	MQ
MFD01689.bin.2.23	20.716848	MQ
MFD01689.bin.2.24	13.303028	MQ
MFD01689.bin.2.26	13.071304	MQ
MFD01689.bin.2.27	45.088303	MQ
MFD01689.bin.2.28	29.800154	MQ
MFD01689.bin.2.31	22.728094	MQ
MFD01689.bin.2.35	27.699144	MQ
MFD01689.bin.2.36	15.206985	MQ
MFD01689.bin.2.37	16.594353	MQ
MFD01689.bin.2.38	21.340998	MQ
MFD01689.bin.2.4	22.517025	MQ
MFD01689.bin.2.41	38.85375	MQ
MFD01689.bin.2.42	22.835945	MQ
MFD01689.bin.2.43	11.487469	MQ
MFD01689.bin.2.45	57.746662	MQ
MFD01689.bin.2.5	21.740517	MQ
MFD01689.bin.2.50	16.55217	MQ
MFD01689.bin.2.63	21.811153	MQ
MFD01689.bin.2.66	16.392815	MQ
MFD01689.bin.2.67	29.940365	MQ
MFD01689.bin.2.68	9.882417	MQ
MFD01689.bin.2.69	29.391064	MQ
MFD01689.bin.2.70	32.260258	MQ
MFD01689.bin.2.71	20.610844	MQ
MFD01689.bin.2.72	14.413441	MQ
MFD01689.bin.2.73	27.930967	MQ
MFD01689.bin.2.74	34.997257	MQ
MFD01689.bin.2.76	18.092169	MQ
MFD01689.bin.2.77	14.780964	MQ
MFD01689.bin.2.78	30.240074	MQ
MFD01689.bin.2.82	39.29466	MQ
MFD01689.bin.3.10	36.714542	MQ
MFD01689.bin.3.105	91.55446	MQ
MFD01689.bin.3.127	38.260292	MQ
MFD01689.bin.3.32	23.784567	MQ
MFD01689.bin.3.63	73.58164	MQ
MFD01689.bin.3.64	52.001724	MQ
MFD01689.bin.3.83	18.780128	MQ
MFD01689.bin.3.88	15.381432	MQ
MFD01716.bin.1.180	52.995834	MQ
MFD01716.bin.1.82	33.184486	MQ
MFD01716.bin.2.1	35.969524	MQ
MFD01716.bin.2.10	16.999247	MQ
MFD01716.bin.2.100	13.265201	MQ
MFD01716.bin.2.102	83.188354	MQ
MFD01716.bin.2.105	16.357143	MQ
MFD01716.bin.2.110	12.541106	MQ
MFD01716.bin.2.111	27.753487	MQ
MFD01716.bin.2.112	28.041107	MQ
MFD01716.bin.2.114	12.140309	MQ
MFD01716.bin.2.115	14.362668	MQ
MFD01716.bin.2.116	26.278484	MQ
MFD01716.bin.2.117	96.048775	MQ
MFD01716.bin.2.119	20.946978	MQ
MFD01716.bin.2.12	37.139053	MQ
MFD01716.bin.2.120	16.657152	MQ
MFD01716.bin.2.123	18.677807	MQ
MFD01716.bin.2.126	31.522243	MQ
MFD01716.bin.2.127	22.156876	MQ
MFD01716.bin.2.129	15.747877	MQ
MFD01716.bin.2.140	14.530357	MQ
MFD01716.bin.2.143	28.648502	MQ
MFD01716.bin.2.147	18.799898	MQ
MFD01716.bin.2.148	69.02787	MQ
MFD01716.bin.2.149	22.059738	MQ
MFD01716.bin.2.15	13.584047	MQ
MFD01716.bin.2.152	12.475595	MQ
MFD01716.bin.2.16	35.046654	MQ
MFD01716.bin.2.17	19.179708	MQ
MFD01716.bin.2.19	59.96598	MQ
MFD01716.bin.2.24	19.10291	MQ
MFD01716.bin.2.26	33.13879	MQ
MFD01716.bin.2.30	16.93923	MQ
MFD01716.bin.2.32	17.779467	MQ
MFD01716.bin.2.33	40.009674	MQ
MFD01716.bin.2.37	25.90469	MQ
MFD01716.bin.2.38	19.415617	MQ
MFD01716.bin.2.40	15.140067	MQ
MFD01716.bin.2.43	23.624392	MQ
MFD01716.bin.2.45	20.561188	MQ
MFD01716.bin.2.47	22.51783	MQ
MFD01716.bin.2.50	25.16574	MQ
MFD01716.bin.2.64	112.389824	MQ
MFD01716.bin.2.70	27.21593	MQ
MFD01716.bin.2.74	18.279129	MQ
MFD01716.bin.2.75	62.51515	MQ
MFD01716.bin.2.82	38.588657	MQ
MFD01716.bin.2.83	18.517656	MQ
MFD01716.bin.2.87	16.336363	MQ
MFD01716.bin.2.88	20.664478	MQ
MFD01716.bin.2.9	38.034405	MQ
MFD01716.bin.2.90	69.31696	MQ
MFD01716.bin.2.92	28.92472	MQ
MFD01716.bin.2.94	26.466583	MQ
MFD01716.bin.2.96	27.338734	MQ
MFD01716.bin.2.97	64.70296	MQ
MFD01716.bin.3.101	21.94058	MQ
MFD01716.bin.3.117	30.690834	MQ
MFD01716.bin.3.121	18.10432	MQ
MFD01716.bin.3.19	24.819727	MQ
MFD01716.bin.3.259	24.177872	MQ
MFD01716.bin.3.54	21.077011	MQ
MFD01716.bin.3.59	16.802078	MQ
MFD01716.bin.3.63	43.4248	MQ
MFD01716.bin.3.98	13.930914	MQ
MFD01716.bin.4.265	325.54538	MQ
MFD01721.bin.1.111	13.780275	MQ
MFD01721.bin.1.125	28.951742	MQ
MFD01721.bin.1.133	35.478428	MQ
MFD01721.bin.1.178	161.16235	MQ
MFD01721.bin.1.282	85.64488	MQ
MFD01721.bin.1.301	18.1982	MQ
MFD01721.bin.1.306	35.793762	MQ
MFD01721.bin.1.321	46.150085	MQ
MFD01721.bin.1.362	16.299347	MQ
MFD01721.bin.1.54	104.24801	MQ
MFD01721.bin.1.55	142.95065	MQ
MFD01721.bin.1.60	47.205727	MQ
MFD01721.bin.1.89	16.304531	MQ
MFD01721.bin.2.10	22.88111	MQ
MFD01721.bin.2.107	56.966824	MQ
MFD01721.bin.2.112	39.55173	MQ
MFD01721.bin.2.113	25.221	MQ
MFD01721.bin.2.116	238.84116	MQ
MFD01721.bin.2.117	91.212135	MQ
MFD01721.bin.2.118	31.14821	MQ
MFD01721.bin.2.120	17.821259	MQ
MFD01721.bin.2.121	526.07465	MQ
MFD01721.bin.2.123	14.517751	MQ
MFD01721.bin.2.129	16.176298	MQ
MFD01721.bin.2.131	17.407698	MQ
MFD01721.bin.2.133	25.121681	MQ
MFD01721.bin.2.134	25.000603	MQ
MFD01721.bin.2.135	14.9278145	MQ
MFD01721.bin.2.137	20.319483	MQ
MFD01721.bin.2.138	22.448343	MQ
MFD01721.bin.2.139	39.083477	MQ
MFD01721.bin.2.14	12.662752	MQ
MFD01721.bin.2.141	59.208595	MQ
MFD01721.bin.2.142	18.745625	MQ
MFD01721.bin.2.143	15.73997	MQ
MFD01721.bin.2.145	21.836008	MQ
MFD01721.bin.2.147	17.066267	MQ
MFD01721.bin.2.149	16.07174	MQ
MFD01721.bin.2.15	27.370975	MQ
MFD01721.bin.2.150	37.095715	MQ
MFD01721.bin.2.153	19.976686	MQ
MFD01721.bin.2.154	17.297087	MQ
MFD01721.bin.2.155	18.11905	MQ
MFD01721.bin.2.156	29.595827	MQ
MFD01721.bin.2.157	18.177322	MQ
MFD01721.bin.2.158	13.155461	MQ
MFD01721.bin.2.16	20.137978	MQ
MFD01721.bin.2.160	19.944416	MQ
MFD01721.bin.2.161	23.04179	MQ
MFD01721.bin.2.163	20.615057	MQ
MFD01721.bin.2.164	22.412653	MQ
MFD01721.bin.2.166	17.08895	MQ
MFD01721.bin.2.167	47.074135	MQ
MFD01721.bin.2.168	22.31288	MQ
MFD01721.bin.2.17	27.44866	MQ
MFD01721.bin.2.170	15.914477	MQ
MFD01721.bin.2.172	33.752365	MQ
MFD01721.bin.2.175	18.359243	MQ
MFD01721.bin.2.179	39.21669	MQ
MFD01721.bin.2.18	65.9722	MQ
MFD01721.bin.2.180	12.901017	MQ
MFD01721.bin.2.181	46.1102	MQ
MFD01721.bin.2.184	40.257362	MQ
MFD01721.bin.2.186	339.3975	MQ
MFD01721.bin.2.189	26.06881	MQ
MFD01721.bin.2.19	12.025052	MQ
MFD01721.bin.2.190	28.674295	MQ
MFD01721.bin.2.191	24.18723	MQ
MFD01721.bin.2.195	18.024742	MQ
MFD01721.bin.2.197	18.341946	MQ
MFD01721.bin.2.199	47.107838	MQ
MFD01721.bin.2.2	10.94107	MQ
MFD01721.bin.2.20	16.448168	MQ
MFD01721.bin.2.200	21.190483	MQ
MFD01721.bin.2.201	161.03317	MQ
MFD01721.bin.2.202	30.044144	MQ
MFD01721.bin.2.204	33.25612	MQ
MFD01721.bin.2.205	34.068314	MQ
MFD01721.bin.2.207	13.7666645	MQ
MFD01721.bin.2.208	16.077486	MQ
MFD01721.bin.2.209	17.364279	MQ
MFD01721.bin.2.21	11.890334	MQ
MFD01721.bin.2.210	25.986063	MQ
MFD01721.bin.2.211	61.589615	MQ
MFD01721.bin.2.212	285.54315	MQ
MFD01721.bin.2.215	44.74932	MQ
MFD01721.bin.2.216	18.596804	MQ
MFD01721.bin.2.217	22.561302	MQ
MFD01721.bin.2.218	64.84709	MQ
MFD01721.bin.2.219	14.83811	MQ
MFD01721.bin.2.22	74.97693	MQ
MFD01721.bin.2.221	21.754381	MQ
MFD01721.bin.2.222	17.71264	MQ
MFD01721.bin.2.224	16.115404	MQ
MFD01721.bin.2.225	16.010496	MQ
MFD01721.bin.2.226	32.175266	MQ
MFD01721.bin.2.228	16.254683	MQ
MFD01721.bin.2.23	19.25111	MQ
MFD01721.bin.2.25	29.793356	MQ
MFD01721.bin.2.27	20.287077	MQ
MFD01721.bin.2.28	12.93132	MQ
MFD01721.bin.2.31	23.813408	MQ
MFD01721.bin.2.32	22.75066	MQ
MFD01721.bin.2.33	62.956715	MQ
MFD01721.bin.2.34	94.924164	MQ
MFD01721.bin.2.37	22.969849	MQ
MFD01721.bin.2.39	47.030205	MQ
MFD01721.bin.2.42	24.434507	MQ
MFD01721.bin.2.43	17.868273	MQ
MFD01721.bin.2.50	395.7785	MQ
MFD01721.bin.2.51	31.178318	MQ
MFD01721.bin.2.52	19.31793	MQ
MFD01721.bin.2.55	13.201917	MQ
MFD01721.bin.2.6	27.399939	MQ
MFD01721.bin.2.61	15.609534	MQ
MFD01721.bin.2.62	21.36317	MQ
MFD01721.bin.2.63	18.918821	MQ
MFD01721.bin.2.66	30.353695	MQ
MFD01721.bin.2.68	28.841017	MQ
MFD01721.bin.2.7	103.256424	MQ
MFD01721.bin.2.73	12.956326	MQ
MFD01721.bin.2.75	17.529892	MQ
MFD01721.bin.2.76	16.262346	MQ
MFD01721.bin.2.77	15.202182	MQ
MFD01721.bin.2.78	21.575903	MQ
MFD01721.bin.2.80	34.123905	MQ
MFD01721.bin.2.82	19.484522	MQ
MFD01721.bin.2.83	11.267347	MQ
MFD01721.bin.2.84	12.065302	MQ
MFD01721.bin.2.85	18.956373	MQ
MFD01721.bin.2.86	13.621258	MQ
MFD01721.bin.2.89	30.991133	MQ
MFD01721.bin.2.9	19.731483	MQ
MFD01721.bin.2.93	27.073618	MQ
MFD01721.bin.2.94	14.051096	MQ
MFD01721.bin.2.96	25.182714	MQ
MFD01721.bin.3.116	64.815704	MQ
MFD01721.bin.3.130	12.85178	MQ
MFD01721.bin.3.137	329.3257	MQ
MFD01721.bin.3.143	13.221091	MQ
MFD01721.bin.3.164	14.680666	MQ
MFD01721.bin.3.167	18.269627	MQ
MFD01721.bin.3.168	62.502705	MQ
MFD01721.bin.3.215	58.02612	MQ
MFD01721.bin.3.216	14.872701	MQ
MFD01721.bin.3.224	13.801577	MQ
MFD01721.bin.3.232	20.827862	MQ
MFD01721.bin.3.237	36.582703	MQ
MFD01721.bin.3.252	22.741516	MQ
MFD01721.bin.3.271	68.01278	MQ
MFD01721.bin.3.296	18.534939	MQ
MFD01721.bin.3.30	12.543971	MQ
MFD01721.bin.3.303	44.541943	MQ
MFD01721.bin.3.326	11.924374	MQ
MFD01721.bin.3.50	11.761763	MQ
MFD01721.bin.3.53	106.455	MQ
MFD01721.bin.3.59	39.16789	MQ
MFD01721.bin.3.65	21.494106	MQ
MFD01721.bin.4.300	28.87459	MQ
MFD01721.bin.4.345	340.94647	MQ
MFD01721.bin.4.8	32.03566	MQ
MFD01828.bin.2.1	36.00067	MQ
MFD01828.bin.2.14	14.685189	MQ
MFD01828.bin.2.17	31.63351	MQ
MFD01828.bin.2.18	19.520866	MQ
MFD01828.bin.2.19	20.586266	MQ
MFD01828.bin.2.2	14.097089	MQ
MFD01828.bin.2.21	22.952805	MQ
MFD01828.bin.2.27	28.747929	MQ
MFD01828.bin.2.44	31.025368	MQ
MFD01828.bin.2.47	22.852638	MQ
MFD01828.bin.2.49	13.65597	MQ
MFD01828.bin.2.50	13.91877	MQ
MFD01828.bin.2.56	19.445305	MQ
MFD01828.bin.2.58	16.22683	MQ
MFD01828.bin.2.59	19.720493	MQ
MFD01828.bin.2.72	19.18388	MQ
MFD01828.bin.2.74	19.870827	MQ
MFD01828.bin.2.85	31.866365	MQ
MFD01828.bin.2.9	19.841057	MQ
MFD01828.bin.2.90	19.346079	MQ
MFD01828.bin.2.91	26.715527	MQ
MFD01872.bin.1.328	29.71219	MQ
MFD01872.bin.2.1	21.524345	MQ
MFD01872.bin.2.100	19.925076	MQ
MFD01872.bin.2.101	13.342016	MQ
MFD01872.bin.2.103	19.93957	MQ
MFD01872.bin.2.106	15.467569	MQ
MFD01872.bin.2.107	22.158644	MQ
MFD01872.bin.2.111	20.438353	MQ
MFD01872.bin.2.119	27.466883	MQ
MFD01872.bin.2.122	10.647113	MQ
MFD01872.bin.2.126	14.632834	MQ
MFD01872.bin.2.128	25.457811	MQ
MFD01872.bin.2.138	16.083757	MQ
MFD01872.bin.2.146	13.633687	MQ
MFD01872.bin.2.148	14.695602	MQ
MFD01872.bin.2.157	27.61018	MQ
MFD01872.bin.2.160	17.521818	MQ
MFD01872.bin.2.161	13.902284	MQ
MFD01872.bin.2.162	21.494726	MQ
MFD01872.bin.2.163	40.366837	MQ
MFD01872.bin.2.165	23.071953	MQ
MFD01872.bin.2.167	16.53486	MQ
MFD01872.bin.2.168	22.285564	MQ
MFD01872.bin.2.169	26.140673	MQ
MFD01872.bin.2.17	35.436882	MQ
MFD01872.bin.2.170	18.828157	MQ
MFD01872.bin.2.171	30.76359	MQ
MFD01872.bin.2.172	28.02034	MQ
MFD01872.bin.2.177	22.349886	MQ
MFD01872.bin.2.178	17.90993	MQ
MFD01872.bin.2.18	40.55355	MQ
MFD01872.bin.2.180	14.963713	MQ
MFD01872.bin.2.183	41.67911	MQ
MFD01872.bin.2.187	16.272215	MQ
MFD01872.bin.2.193	13.611015	MQ
MFD01872.bin.2.196	33.536156	MQ
MFD01872.bin.2.197	23.723654	MQ
MFD01872.bin.2.2	17.107586	MQ
MFD01872.bin.2.20	18.944513	MQ
MFD01872.bin.2.200	33.053825	MQ
MFD01872.bin.2.203	28.931543	MQ
MFD01872.bin.2.204	15.094784	MQ
MFD01872.bin.2.207	30.048462	MQ
MFD01872.bin.2.209	22.982368	MQ
MFD01872.bin.2.21	24.46413	MQ
MFD01872.bin.2.210	36.448364	MQ
MFD01872.bin.2.211	12.507982	MQ
MFD01872.bin.2.213	22.31105	MQ
MFD01872.bin.2.214	20.921833	MQ
MFD01872.bin.2.216	16.3965	MQ
MFD01872.bin.2.217	15.714729	MQ
MFD01872.bin.2.218	69.23103	MQ
MFD01872.bin.2.220	16.813301	MQ
MFD01872.bin.2.224	14.095107	MQ
MFD01872.bin.2.225	29.676695	MQ
MFD01872.bin.2.226	19.883682	MQ
MFD01872.bin.2.228	18.979147	MQ
MFD01872.bin.2.230	21.166773	MQ
MFD01872.bin.2.231	31.017881	MQ
MFD01872.bin.2.235	25.744911	MQ
MFD01872.bin.2.236	55.168896	MQ
MFD01872.bin.2.240	17.0248	MQ
MFD01872.bin.2.241	71.42818	MQ
MFD01872.bin.2.243	16.620947	MQ
MFD01872.bin.2.244	24.538357	MQ
MFD01872.bin.2.252	33.24719	MQ
MFD01872.bin.2.253	14.180666	MQ
MFD01872.bin.2.254	24.124676	MQ
MFD01872.bin.2.257	32.4417	MQ
MFD01872.bin.2.259	52.641804	MQ
MFD01872.bin.2.260	21.883562	MQ
MFD01872.bin.2.262	110.87008	MQ
MFD01872.bin.2.265	33.246906	MQ
MFD01872.bin.2.268	14.454578	MQ
MFD01872.bin.2.273	33.743443	MQ
MFD01872.bin.2.274	35.97596	MQ
MFD01872.bin.2.278	11.699126	MQ
MFD01872.bin.2.279	25.783298	MQ
MFD01872.bin.2.28	18.158699	MQ
MFD01872.bin.2.281	14.410307	MQ
MFD01872.bin.2.282	19.919981	MQ
MFD01872.bin.2.284	15.839881	MQ
MFD01872.bin.2.285	22.955067	MQ
MFD01872.bin.2.288	23.022774	MQ
MFD01872.bin.2.29	13.07142	MQ
MFD01872.bin.2.291	17.956585	MQ
MFD01872.bin.2.30	29.454205	MQ
MFD01872.bin.2.31	42.833973	MQ
MFD01872.bin.2.36	18.195822	MQ
MFD01872.bin.2.38	19.82668	MQ
MFD01872.bin.2.39	15.409668	MQ
MFD01872.bin.2.41	16.781609	MQ
MFD01872.bin.2.46	17.593775	MQ
MFD01872.bin.2.49	13.23406	MQ
MFD01872.bin.2.50	43.583138	MQ
MFD01872.bin.2.54	20.220345	MQ
MFD01872.bin.2.56	22.690308	MQ
MFD01872.bin.2.57	21.777039	MQ
MFD01872.bin.2.59	23.132685	MQ
MFD01872.bin.2.60	36.473244	MQ
MFD01872.bin.2.64	36.877495	MQ
MFD01872.bin.2.65	15.922673	MQ
MFD01872.bin.2.71	33.153854	MQ
MFD01872.bin.2.78	17.74725	MQ
MFD01872.bin.2.79	33.701187	MQ
MFD01872.bin.2.80	12.95226	MQ
MFD01872.bin.2.82	52.075077	MQ
MFD01872.bin.2.83	13.388715	MQ
MFD01872.bin.2.84	18.288004	MQ
MFD01872.bin.2.86	26.551582	MQ
MFD01872.bin.2.87	29.408604	MQ
MFD01872.bin.2.88	42.673523	MQ
MFD01872.bin.2.89	37.30735	MQ
MFD01872.bin.2.90	69.07017	MQ
MFD01872.bin.2.91	44.25939	MQ
MFD01872.bin.2.93	19.980383	MQ
MFD01872.bin.2.95	17.078047	MQ
MFD01872.bin.2.96	23.958439	MQ
MFD01872.bin.2.99	17.123577	MQ
MFD01872.bin.3.105	13.824553	MQ
MFD01872.bin.3.107	15.993846	MQ
MFD01872.bin.3.137	14.720905	MQ
MFD01872.bin.3.152	23.47201	MQ
MFD01872.bin.3.159	32.514065	MQ
MFD01872.bin.3.161	24.411959	MQ
MFD01872.bin.3.174	16.913229	MQ
MFD01872.bin.3.201	98.87384	MQ
MFD01872.bin.3.361	26.567043	MQ
MFD01872.bin.3.367	15.595131	MQ
MFD01872.bin.3.371	21.550035	MQ
MFD01872.bin.3.390	26.835352	MQ
MFD01872.bin.3.400	16.44946	MQ
MFD01872.bin.3.403	14.585525	MQ
MFD01872.bin.3.509	18.078613	MQ
MFD01872.bin.3.534	84.96544	MQ
MFD01872.bin.3.55	15.178242	MQ
MFD01872.bin.3.56	25.442055	MQ
MFD01872.bin.4.195	13.644704	MQ
MFD01872.bin.4.464	41.371483	MQ
MFD01916.bin.1.134	68.7822	MQ
MFD01916.bin.1.29	35.046284	MQ
MFD01916.bin.2.105	20.000654	MQ
MFD01916.bin.2.108	77.108955	MQ
MFD01916.bin.2.112	16.300419	MQ
MFD01916.bin.2.116	24.77681	MQ
MFD01916.bin.2.121	16.968855	MQ
MFD01916.bin.2.123	35.38065	MQ
MFD01916.bin.2.127	25.708752	MQ
MFD01916.bin.2.128	31.738476	MQ
MFD01916.bin.2.139	35.501293	MQ
MFD01916.bin.2.14	32.546284	MQ
MFD01916.bin.2.140	31.342903	MQ
MFD01916.bin.2.143	17.475113	MQ
MFD01916.bin.2.20	24.965376	MQ
MFD01916.bin.2.21	40.749603	MQ
MFD01916.bin.2.23	21.98448	MQ
MFD01916.bin.2.24	19.88793	MQ
MFD01916.bin.2.25	26.527958	MQ
MFD01916.bin.2.34	27.788237	MQ
MFD01916.bin.2.40	97.75162	MQ
MFD01916.bin.2.45	30.984455	MQ
MFD01916.bin.2.56	21.807543	MQ
MFD01916.bin.2.57	22.030619	MQ
MFD01916.bin.2.61	20.232216	MQ
MFD01916.bin.2.63	46.77776	MQ
MFD01916.bin.2.64	20.017181	MQ
MFD01916.bin.2.65	20.765446	MQ
MFD01916.bin.2.7	36.987434	MQ
MFD01916.bin.2.71	17.692104	MQ
MFD01916.bin.2.72	17.359203	MQ
MFD01916.bin.2.77	17.981703	MQ
MFD01916.bin.2.84	29.079565	MQ
MFD01916.bin.2.85	18.512758	MQ
MFD01916.bin.2.86	26.069437	MQ
MFD01916.bin.2.96	21.820324	MQ
MFD01916.bin.3.1	59.9745	MQ
MFD01916.bin.3.111	21.159159	MQ
MFD01916.bin.3.112	20.067741	MQ
MFD01916.bin.3.131	40.758377	MQ
MFD01916.bin.3.183	92.83056	MQ
MFD01916.bin.3.242	30.687843	MQ
MFD01916.bin.3.285	17.788818	MQ
MFD01916.bin.3.39	34.25306	MQ
MFD01916.bin.3.63	28.216864	MQ
MFD01916.bin.3.73	21.924093	MQ
MFD01916.bin.3.84	17.00075	MQ
MFD01916.bin.4.248	29.90044	MQ
MFD01916.bin.4.283	19.347654	MQ
MFD02134.bin.1.167	34.25721	MQ
MFD02134.bin.1.189	29.118587	MQ
MFD02134.bin.1.196	29.468542	MQ
MFD02134.bin.1.290	18.77901	MQ
MFD02134.bin.1.43	16.09176	MQ
MFD02134.bin.1.51	37.934105	MQ
MFD02134.bin.1.66	39.042328	MQ
MFD02134.bin.1.73	23.231352	MQ
MFD02134.bin.1.8	65.76751	MQ
MFD02134.bin.1.97	32.150772	MQ
MFD02134.bin.2.1	24.853016	MQ
MFD02134.bin.2.10	20.501343	MQ
MFD02134.bin.2.101	17.61968	MQ
MFD02134.bin.2.105	22.247591	MQ
MFD02134.bin.2.107	29.602531	MQ
MFD02134.bin.2.11	27.020752	MQ
MFD02134.bin.2.121	17.504044	MQ
MFD02134.bin.2.124	23.885946	MQ
MFD02134.bin.2.129	13.108984	MQ
MFD02134.bin.2.130	17.439186	MQ
MFD02134.bin.2.133	16.736885	MQ
MFD02134.bin.2.135	18.814901	MQ
MFD02134.bin.2.136	33.352596	MQ
MFD02134.bin.2.137	19.57272	MQ
MFD02134.bin.2.139	22.888664	MQ
MFD02134.bin.2.140	32.539757	MQ
MFD02134.bin.2.142	32.587257	MQ
MFD02134.bin.2.143	22.489809	MQ
MFD02134.bin.2.146	34.164284	MQ
MFD02134.bin.2.148	21.83914	MQ
MFD02134.bin.2.15	34.772766	MQ
MFD02134.bin.2.154	36.620354	MQ
MFD02134.bin.2.158	16.142515	MQ
MFD02134.bin.2.16	29.921116	MQ
MFD02134.bin.2.160	35.531025	MQ
MFD02134.bin.2.163	24.351603	MQ
MFD02134.bin.2.164	64.65911	MQ
MFD02134.bin.2.165	76.74798	MQ
MFD02134.bin.2.166	25.399343	MQ
MFD02134.bin.2.168	17.602072	MQ
MFD02134.bin.2.169	13.147738	MQ
MFD02134.bin.2.170	30.666296	MQ
MFD02134.bin.2.171	29.00739	MQ
MFD02134.bin.2.172	21.162807	MQ
MFD02134.bin.2.173	31.175768	MQ
MFD02134.bin.2.174	16.374062	MQ
MFD02134.bin.2.175	35.31325	MQ
MFD02134.bin.2.176	21.719917	MQ
MFD02134.bin.2.177	26.845098	MQ
MFD02134.bin.2.180	18.034851	MQ
MFD02134.bin.2.181	12.802641	MQ
MFD02134.bin.2.182	24.370337	MQ
MFD02134.bin.2.183	30.759382	MQ
MFD02134.bin.2.192	27.868958	MQ
MFD02134.bin.2.198	29.102222	MQ
MFD02134.bin.2.2	22.841066	MQ
MFD02134.bin.2.20	20.891249	MQ
MFD02134.bin.2.200	15.592539	MQ
MFD02134.bin.2.203	16.30908	MQ
MFD02134.bin.2.204	35.77727	MQ
MFD02134.bin.2.205	17.92595	MQ
MFD02134.bin.2.208	22.551285	MQ
MFD02134.bin.2.21	22.333414	MQ
MFD02134.bin.2.211	11.98785	MQ
MFD02134.bin.2.215	17.24885	MQ
MFD02134.bin.2.218	44.102966	MQ
MFD02134.bin.2.219	26.842627	MQ
MFD02134.bin.2.226	21.825558	MQ
MFD02134.bin.2.228	28.380152	MQ
MFD02134.bin.2.23	52.05223	MQ
MFD02134.bin.2.230	26.534704	MQ
MFD02134.bin.2.234	35.970085	MQ
MFD02134.bin.2.236	28.434216	MQ
MFD02134.bin.2.237	58.39912	MQ
MFD02134.bin.2.238	25.411203	MQ
MFD02134.bin.2.239	21.785633	MQ
MFD02134.bin.2.240	29.732183	MQ
MFD02134.bin.2.244	28.263535	MQ
MFD02134.bin.2.245	13.600565	MQ
MFD02134.bin.2.247	22.337687	MQ
MFD02134.bin.2.249	39.668205	MQ
MFD02134.bin.2.27	49.980522	MQ
MFD02134.bin.2.3	18.052643	MQ
MFD02134.bin.2.31	23.520382	MQ
MFD02134.bin.2.36	29.861004	MQ
MFD02134.bin.2.41	12.8778715	MQ
MFD02134.bin.2.46	13.813057	MQ
MFD02134.bin.2.47	28.024103	MQ
MFD02134.bin.2.48	39.019108	MQ
MFD02134.bin.2.49	31.165352	MQ
MFD02134.bin.2.51	33.039223	MQ
MFD02134.bin.2.52	12.421545	MQ
MFD02134.bin.2.55	19.14922	MQ
MFD02134.bin.2.56	18.737995	MQ
MFD02134.bin.2.57	38.370354	MQ
MFD02134.bin.2.59	15.078721	MQ
MFD02134.bin.2.61	43.90377	MQ
MFD02134.bin.2.62	41.692307	MQ
MFD02134.bin.2.64	21.703367	MQ
MFD02134.bin.2.65	29.772585	MQ
MFD02134.bin.2.66	18.048706	MQ
MFD02134.bin.2.7	13.008615	MQ
MFD02134.bin.2.72	20.82606	MQ
MFD02134.bin.2.74	25.103144	MQ
MFD02134.bin.2.75	22.613148	MQ
MFD02134.bin.2.78	13.833711	MQ
MFD02134.bin.2.8	21.324995	MQ
MFD02134.bin.2.85	25.948458	MQ
MFD02134.bin.2.86	26.988388	MQ
MFD02134.bin.2.91	14.528721	MQ
MFD02134.bin.3.124	23.154987	MQ
MFD02134.bin.3.167	27.44653	MQ
MFD02134.bin.3.220	36.81851	MQ
MFD02134.bin.3.227	16.934824	MQ
MFD02134.bin.3.237	17.278564	MQ
MFD02134.bin.3.246	20.093878	MQ
MFD02134.bin.3.290	37.631252	MQ
MFD02134.bin.3.344	24.859106	MQ
MFD02134.bin.3.392	43.575645	MQ
MFD02134.bin.3.395	17.347078	MQ
MFD02134.bin.3.423	43.264484	MQ
MFD02134.bin.3.444	19.267065	MQ
MFD02134.bin.3.455	34.701183	MQ
MFD02134.bin.3.466	44.50646	MQ
MFD02134.bin.3.468	31.841661	MQ
MFD02134.bin.3.506	15.942406	MQ
MFD02134.bin.3.61	30.651663	MQ
MFD02134.bin.3.67	29.778442	MQ
MFD02134.bin.4.390	30.804804	MQ
MFD02134.bin.4.466	20.015915	MQ
MFD02138.bin.1.79	25.342043	MQ
MFD02138.bin.2.11	22.524652	MQ
MFD02138.bin.2.13	30.1256	MQ
MFD02138.bin.2.17	15.164008	MQ
MFD02138.bin.2.26	18.340067	MQ
MFD02138.bin.2.27	52.874218	MQ
MFD02138.bin.2.32	13.849126	MQ
MFD02138.bin.2.35	46.295662	MQ
MFD02138.bin.2.38	11.044148	MQ
MFD02138.bin.2.39	11.696555	MQ
MFD02138.bin.2.41	12.764208	MQ
MFD02138.bin.2.43	11.370572	MQ
MFD02138.bin.2.47	12.210879	MQ
MFD02138.bin.2.50	14.549577	MQ
MFD02138.bin.2.53	42.93409	MQ
MFD02138.bin.2.64	42.010048	MQ
MFD02138.bin.2.69	19.017767	MQ
MFD02138.bin.2.7	27.101467	MQ
MFD02138.bin.2.76	55.40255	MQ
MFD02138.bin.2.79	61.404015	MQ
MFD02138.bin.2.9	6.0458717	MQ
MFD02138.bin.3.156	30.786991	MQ
MFD02138.bin.3.161	35.903137	MQ
MFD02138.bin.3.21	12.768296	MQ
MFD02138.bin.3.55	131.8797	MQ
MFD02138.bin.3.60	5.582278	MQ
MFD02138.bin.3.96	12.092252	MQ
MFD02138.bin.4.65	42.160877	MQ
MFD02159.bin.2.100	33.221153	MQ
MFD02159.bin.2.108	20.724388	MQ
MFD02159.bin.2.114	24.7023	MQ
MFD02159.bin.2.120	11.145462	MQ
MFD02159.bin.2.123	18.662653	MQ
MFD02159.bin.2.13	31.733145	MQ
MFD02159.bin.2.14	43.68722	MQ
MFD02159.bin.2.15	30.853035	MQ
MFD02159.bin.2.18	28.546118	MQ
MFD02159.bin.2.19	18.765514	MQ
MFD02159.bin.2.21	16.248877	MQ
MFD02159.bin.2.26	40.122066	MQ
MFD02159.bin.2.38	18.574938	MQ
MFD02159.bin.2.51	20.759903	MQ
MFD02159.bin.2.53	51.159348	MQ
MFD02159.bin.2.55	19.826168	MQ
MFD02159.bin.2.56	58.095123	MQ
MFD02159.bin.2.65	41.747307	MQ
MFD02159.bin.2.67	31.395306	MQ
MFD02159.bin.2.70	47.562096	MQ
MFD02159.bin.2.77	22.331057	MQ
MFD02159.bin.2.82	20.948822	MQ
MFD02159.bin.2.83	14.613225	MQ
MFD02159.bin.2.84	24.5512	MQ
MFD02159.bin.2.86	31.869492	MQ
MFD02159.bin.2.87	64.71741	MQ
MFD02159.bin.2.88	20.193537	MQ
MFD02159.bin.2.9	16.009815	MQ
MFD02159.bin.2.90	32.294594	MQ
MFD02159.bin.2.92	21.315468	MQ
MFD02159.bin.3.105	37.982994	MQ
MFD02159.bin.3.13	15.490697	MQ
MFD02159.bin.3.28	26.86437	MQ
MFD02159.bin.3.30	148.74902	MQ
MFD02159.bin.3.67	29.313545	MQ
MFD02159.bin.3.7	21.80918	MQ
MFD02159.bin.3.86	21.469137	MQ
MFD02199.bin.1.5	29.65677	MQ
MFD02199.bin.1.90	39.317562	MQ
MFD02199.bin.2.108	10.730023	MQ
MFD02199.bin.2.111	40.610897	MQ
MFD02199.bin.2.112	20.410002	MQ
MFD02199.bin.2.118	28.410994	MQ
MFD02199.bin.2.12	13.159638	MQ
MFD02199.bin.2.120	18.434216	MQ
MFD02199.bin.2.125	14.568743	MQ
MFD02199.bin.2.126	23.073656	MQ
MFD02199.bin.2.130	17.446127	MQ
MFD02199.bin.2.138	13.82664	MQ
MFD02199.bin.2.143	14.517627	MQ
MFD02199.bin.2.144	10.228447	MQ
MFD02199.bin.2.145	13.475143	MQ
MFD02199.bin.2.148	25.252527	MQ
MFD02199.bin.2.15	48.89946	MQ
MFD02199.bin.2.150	18.667755	MQ
MFD02199.bin.2.156	18.479446	MQ
MFD02199.bin.2.159	14.304206	MQ
MFD02199.bin.2.160	11.235204	MQ
MFD02199.bin.2.161	14.631748	MQ
MFD02199.bin.2.162	14.096478	MQ
MFD02199.bin.2.168	13.474368	MQ
MFD02199.bin.2.170	11.754112	MQ
MFD02199.bin.2.179	17.223883	MQ
MFD02199.bin.2.180	16.269606	MQ
MFD02199.bin.2.181	24.236662	MQ
MFD02199.bin.2.182	15.313531	MQ
MFD02199.bin.2.184	22.795353	MQ
MFD02199.bin.2.186	19.947819	MQ
MFD02199.bin.2.187	26.716936	MQ
MFD02199.bin.2.193	22.230268	MQ
MFD02199.bin.2.199	18.006916	MQ
MFD02199.bin.2.201	19.653883	MQ
MFD02199.bin.2.202	18.24148	MQ
MFD02199.bin.2.23	26.135136	MQ
MFD02199.bin.2.35	28.886568	MQ
MFD02199.bin.2.44	13.618554	MQ
MFD02199.bin.2.45	23.83253	MQ
MFD02199.bin.2.47	20.324318	MQ
MFD02199.bin.2.48	17.4732	MQ
MFD02199.bin.2.49	19.168278	MQ
MFD02199.bin.2.5	20.147686	MQ
MFD02199.bin.2.50	17.73416	MQ
MFD02199.bin.2.54	21.581583	MQ
MFD02199.bin.2.63	15.133458	MQ
MFD02199.bin.2.64	19.628798	MQ
MFD02199.bin.2.7	27.477476	MQ
MFD02199.bin.2.70	19.248375	MQ
MFD02199.bin.2.72	19.680418	MQ
MFD02199.bin.2.74	20.9321	MQ
MFD02199.bin.2.75	19.764738	MQ
MFD02199.bin.2.77	16.730055	MQ
MFD02199.bin.2.8	23.175014	MQ
MFD02199.bin.2.82	11.613786	MQ
MFD02199.bin.2.91	12.114432	MQ
MFD02199.bin.2.95	28.724428	MQ
MFD02199.bin.3.10	14.707863	MQ
MFD02199.bin.3.183	12.873756	MQ
MFD02199.bin.3.261	19.240099	MQ
MFD02199.bin.3.29	14.360537	MQ
MFD02199.bin.3.43	85.68295	MQ
MFD02199.bin.3.44	20.45426	MQ
MFD02199.bin.3.67	18.07861	MQ
MFD02199.bin.4.22	14.758798	MQ
MFD02242.bin.1.228	20.694166	MQ
MFD02242.bin.1.73	20.112045	MQ
MFD02242.bin.2.1	18.145462	MQ
MFD02242.bin.2.100	19.957178	MQ
MFD02242.bin.2.102	13.665254	MQ
MFD02242.bin.2.104	21.754345	MQ
MFD02242.bin.2.105	19.60883	MQ
MFD02242.bin.2.106	38.05585	MQ
MFD02242.bin.2.108	25.221285	MQ
MFD02242.bin.2.109	20.13345	MQ
MFD02242.bin.2.110	29.118864	MQ
MFD02242.bin.2.111	24.701101	MQ
MFD02242.bin.2.113	23.280489	MQ
MFD02242.bin.2.115	24.717033	MQ
MFD02242.bin.2.116	20.239521	MQ
MFD02242.bin.2.119	72.83517	MQ
MFD02242.bin.2.120	16.307846	MQ
MFD02242.bin.2.124	17.006685	MQ
MFD02242.bin.2.125	19.714165	MQ
MFD02242.bin.2.132	19.973228	MQ
MFD02242.bin.2.142	33.626076	MQ
MFD02242.bin.2.15	18.05337	MQ
MFD02242.bin.2.152	20.351961	MQ
MFD02242.bin.2.157	14.22115	MQ
MFD02242.bin.2.16	40.457546	MQ
MFD02242.bin.2.167	28.107573	MQ
MFD02242.bin.2.184	18.761591	MQ
MFD02242.bin.2.192	23.505869	MQ
MFD02242.bin.2.195	22.168156	MQ
MFD02242.bin.2.2	56.625427	MQ
MFD02242.bin.2.21	17.68068	MQ
MFD02242.bin.2.210	29.6331	MQ
MFD02242.bin.2.212	47.595818	MQ
MFD02242.bin.2.214	34.03271	MQ
MFD02242.bin.2.217	88.79053	MQ
MFD02242.bin.2.219	20.269571	MQ
MFD02242.bin.2.222	14.035875	MQ
MFD02242.bin.2.223	29.687267	MQ
MFD02242.bin.2.224	29.722534	MQ
MFD02242.bin.2.225	22.982512	MQ
MFD02242.bin.2.227	22.62451	MQ
MFD02242.bin.2.228	18.701572	MQ
MFD02242.bin.2.229	19.247414	MQ
MFD02242.bin.2.233	32.670902	MQ
MFD02242.bin.2.239	32.3444	MQ
MFD02242.bin.2.242	28.094393	MQ
MFD02242.bin.2.244	51.446613	MQ
MFD02242.bin.2.245	14.982851	MQ
MFD02242.bin.2.247	15.070022	MQ
MFD02242.bin.2.248	20.835365	MQ
MFD02242.bin.2.250	36.80766	MQ
MFD02242.bin.2.251	32.085865	MQ
MFD02242.bin.2.255	68.35374	MQ
MFD02242.bin.2.257	35.287807	MQ
MFD02242.bin.2.259	19.54578	MQ
MFD02242.bin.2.262	34.77525	MQ
MFD02242.bin.2.265	17.500717	MQ
MFD02242.bin.2.266	21.901512	MQ
MFD02242.bin.2.27	32.135883	MQ
MFD02242.bin.2.271	27.634798	MQ
MFD02242.bin.2.272	31.926111	MQ
MFD02242.bin.2.277	17.915188	MQ
MFD02242.bin.2.279	48.04361	MQ
MFD02242.bin.2.28	22.285023	MQ
MFD02242.bin.2.280	19.32795	MQ
MFD02242.bin.2.293	34.97947	MQ
MFD02242.bin.2.294	14.960081	MQ
MFD02242.bin.2.295	24.392012	MQ
MFD02242.bin.2.296	16.25381	MQ
MFD02242.bin.2.3	25.895525	MQ
MFD02242.bin.2.300	17.416107	MQ
MFD02242.bin.2.301	22.304497	MQ
MFD02242.bin.2.304	22.362112	MQ
MFD02242.bin.2.305	13.596476	MQ
MFD02242.bin.2.306	11.274434	MQ
MFD02242.bin.2.31	26.879889	MQ
MFD02242.bin.2.310	11.948193	MQ
MFD02242.bin.2.312	20.263197	MQ
MFD02242.bin.2.314	36.24864	MQ
MFD02242.bin.2.315	39.287125	MQ
MFD02242.bin.2.316	24.511202	MQ
MFD02242.bin.2.318	60.818424	MQ
MFD02242.bin.2.32	34.39027	MQ
MFD02242.bin.2.321	32.85788	MQ
MFD02242.bin.2.325	71.070274	MQ
MFD02242.bin.2.34	21.636824	MQ
MFD02242.bin.2.35	17.741175	MQ
MFD02242.bin.2.37	45.240433	MQ
MFD02242.bin.2.39	20.737617	MQ
MFD02242.bin.2.43	22.218016	MQ
MFD02242.bin.2.45	18.369719	MQ
MFD02242.bin.2.52	22.341919	MQ
MFD02242.bin.2.56	18.027506	MQ
MFD02242.bin.2.58	18.931307	MQ
MFD02242.bin.2.61	23.691658	MQ
MFD02242.bin.2.62	24.280733	MQ
MFD02242.bin.2.64	43.211803	MQ
MFD02242.bin.2.66	23.105722	MQ
MFD02242.bin.2.68	34.006668	MQ
MFD02242.bin.2.7	21.385271	MQ
MFD02242.bin.2.73	31.377033	MQ
MFD02242.bin.2.74	20.80365	MQ
MFD02242.bin.2.75	17.844791	MQ
MFD02242.bin.2.77	16.488407	MQ
MFD02242.bin.2.78	12.539826	MQ
MFD02242.bin.2.79	23.689524	MQ
MFD02242.bin.2.8	23.153929	MQ
MFD02242.bin.2.81	69.57208	MQ
MFD02242.bin.2.82	27.46986	MQ
MFD02242.bin.2.83	19.848671	MQ
MFD02242.bin.2.84	27.907867	MQ
MFD02242.bin.2.87	28.637465	MQ
MFD02242.bin.2.88	14.133305	MQ
MFD02242.bin.2.89	16.5764	MQ
MFD02242.bin.2.9	32.296703	MQ
MFD02242.bin.2.90	16.495909	MQ
MFD02242.bin.2.91	13.160011	MQ
MFD02242.bin.2.92	19.315283	MQ
MFD02242.bin.2.95	30.56732	MQ
MFD02242.bin.2.97	15.33849	MQ
MFD02242.bin.2.98	24.10779	MQ
MFD02242.bin.2.99	24.384293	MQ
MFD02242.bin.3.1	31.259058	MQ
MFD02242.bin.3.107	18.178844	MQ
MFD02242.bin.3.158	26.110096	MQ
MFD02242.bin.3.162	17.622618	MQ
MFD02242.bin.3.262	26.192968	MQ
MFD02242.bin.3.280	166.89497	MQ
MFD02242.bin.3.326	81.82338	MQ
MFD02242.bin.3.346	13.268171	MQ
MFD02242.bin.3.433	14.788638	MQ
MFD02242.bin.3.575	28.34886	MQ
MFD02242.bin.3.634	14.34789	MQ
MFD02242.bin.3.645	15.231516	MQ
MFD02242.bin.3.77	37.04921	MQ
MFD02242.bin.4.372	25.372671	MQ
MFD02248.bin.1.173	34.587486	MQ
MFD02248.bin.1.206	18.44996	MQ
MFD02248.bin.1.29	30.609835	MQ
MFD02248.bin.2.1	21.535072	MQ
MFD02248.bin.2.100	18.572058	MQ
MFD02248.bin.2.101	17.369709	MQ
MFD02248.bin.2.102	33.049706	MQ
MFD02248.bin.2.105	13.986542	MQ
MFD02248.bin.2.106	13.662023	MQ
MFD02248.bin.2.108	20.846914	MQ
MFD02248.bin.2.114	28.540455	MQ
MFD02248.bin.2.115	29.176884	MQ
MFD02248.bin.2.116	27.186018	MQ
MFD02248.bin.2.119	19.427326	MQ
MFD02248.bin.2.12	27.356363	MQ
MFD02248.bin.2.120	11.164249	MQ
MFD02248.bin.2.123	33.74007	MQ
MFD02248.bin.2.125	11.458686	MQ
MFD02248.bin.2.126	16.126015	MQ
MFD02248.bin.2.128	39.595253	MQ
MFD02248.bin.2.130	18.021093	MQ
MFD02248.bin.2.133	18.299679	MQ
MFD02248.bin.2.136	33.19764	MQ
MFD02248.bin.2.138	12.930685	MQ
MFD02248.bin.2.139	15.388063	MQ
MFD02248.bin.2.141	17.438744	MQ
MFD02248.bin.2.19	23.304914	MQ
MFD02248.bin.2.20	23.647533	MQ
MFD02248.bin.2.22	74.20717	MQ
MFD02248.bin.2.23	14.902505	MQ
MFD02248.bin.2.24	31.144892	MQ
MFD02248.bin.2.31	15.8745365	MQ
MFD02248.bin.2.4	19.655228	MQ
MFD02248.bin.2.43	23.143795	MQ
MFD02248.bin.2.5	13.534987	MQ
MFD02248.bin.2.6	15.382568	MQ
MFD02248.bin.2.61	26.085182	MQ
MFD02248.bin.2.62	33.864796	MQ
MFD02248.bin.2.64	32.62978	MQ
MFD02248.bin.2.8	38.058765	MQ
MFD02248.bin.2.83	13.76507	MQ
MFD02248.bin.2.85	18.425303	MQ
MFD02248.bin.2.87	15.200941	MQ
MFD02248.bin.2.88	23.065348	MQ
MFD02248.bin.2.89	25.930418	MQ
MFD02248.bin.2.90	19.298695	MQ
MFD02248.bin.2.91	15.047327	MQ
MFD02248.bin.2.92	17.524946	MQ
MFD02248.bin.2.94	24.84079	MQ
MFD02248.bin.3.127	40.109394	MQ
MFD02248.bin.3.14	46.0696	MQ
MFD02248.bin.3.162	19.679901	MQ
MFD02248.bin.3.260	20.24496	MQ
MFD02248.bin.3.276	13.002599	MQ
MFD02248.bin.3.31	14.01894	MQ
MFD02248.bin.3.34	24.384378	MQ
MFD02248.bin.3.63	33.99368	MQ
MFD02248.bin.4.147	27.422104	MQ
MFD02360.bin.1.245	71.676506	MQ
MFD02360.bin.2.1	14.61819	MQ
MFD02360.bin.2.102	13.630871	MQ
MFD02360.bin.2.135	16.503122	MQ
MFD02360.bin.2.139	30.155281	MQ
MFD02360.bin.2.141	35.687782	MQ
MFD02360.bin.2.145	25.57738	MQ
MFD02360.bin.2.146	37.75868	MQ
MFD02360.bin.2.148	17.176773	MQ
MFD02360.bin.2.153	34.426094	MQ
MFD02360.bin.2.166	21.145414	MQ
MFD02360.bin.2.170	30.921766	MQ
MFD02360.bin.2.177	26.087177	MQ
MFD02360.bin.2.180	27.01279	MQ
MFD02360.bin.2.183	28.094269	MQ
MFD02360.bin.2.184	42.218525	MQ
MFD02360.bin.2.187	17.389332	MQ
MFD02360.bin.2.189	45.63767	MQ
MFD02360.bin.2.192	28.54318	MQ
MFD02360.bin.2.2	28.03403	MQ
MFD02360.bin.2.202	34.68696	MQ
MFD02360.bin.2.207	14.178168	MQ
MFD02360.bin.2.208	33.351578	MQ
MFD02360.bin.2.213	18.354078	MQ
MFD02360.bin.2.22	30.031057	MQ
MFD02360.bin.2.234	33.40419	MQ
MFD02360.bin.2.240	24.602137	MQ
MFD02360.bin.2.265	23.308998	MQ
MFD02360.bin.2.266	38.36297	MQ
MFD02360.bin.2.267	38.663116	MQ
MFD02360.bin.2.279	20.134956	MQ
MFD02360.bin.2.280	40.002804	MQ
MFD02360.bin.2.285	38.545525	MQ
MFD02360.bin.2.291	39.264362	MQ
MFD02360.bin.2.295	24.053991	MQ
MFD02360.bin.2.30	27.755272	MQ
MFD02360.bin.2.33	35.190575	MQ
MFD02360.bin.2.34	45.589005	MQ
MFD02360.bin.2.39	14.181078	MQ
MFD02360.bin.2.44	20.20701	MQ
MFD02360.bin.2.47	36.652557	MQ
MFD02360.bin.2.54	21.7808	MQ
MFD02360.bin.2.56	19.918419	MQ
MFD02360.bin.2.57	32.30205	MQ
MFD02360.bin.2.58	25.265335	MQ
MFD02360.bin.2.59	18.498568	MQ
MFD02360.bin.2.6	39.27043	MQ
MFD02360.bin.2.66	15.685528	MQ
MFD02360.bin.2.68	28.797245	MQ
MFD02360.bin.2.70	40.677353	MQ
MFD02360.bin.2.71	55.782177	MQ
MFD02360.bin.2.75	20.755648	MQ
MFD02360.bin.2.76	26.15495	MQ
MFD02360.bin.2.82	17.36187	MQ
MFD02360.bin.2.83	20.72174	MQ
MFD02360.bin.2.86	59.533344	MQ
MFD02360.bin.2.87	23.225399	MQ
MFD02360.bin.2.88	14.084587	MQ
MFD02360.bin.2.89	25.041876	MQ
MFD02360.bin.2.9	42.688515	MQ
MFD02360.bin.2.90	38.96112	MQ
MFD02360.bin.2.92	25.54687	MQ
MFD02360.bin.3.157	19.097801	MQ
MFD02360.bin.3.191	30.34866	MQ
MFD02360.bin.3.220	98.199326	MQ
MFD02360.bin.3.230	18.53857	MQ
MFD02360.bin.3.289	19.171791	MQ
MFD02360.bin.3.315	16.32554	MQ
MFD02360.bin.3.318	30.137712	MQ
MFD02360.bin.3.349	43.037605	MQ
MFD02360.bin.3.432	18.39485	MQ
MFD02360.bin.3.51	25.12732	MQ
MFD02360.bin.3.536	22.980349	MQ
MFD02360.bin.3.583	27.292072	MQ
MFD02360.bin.4.232	33.85769	MQ
MFD02360.bin.4.563	24.248466	MQ
MFD02416.bin.1.146	70.80063	MQ
MFD02416.bin.1.171	31.036776	MQ
MFD02416.bin.1.237	16.185383	MQ
MFD02416.bin.1.273	19.514507	MQ
MFD02416.bin.1.304	42.73356	MQ
MFD02416.bin.1.320	34.02263	MQ
MFD02416.bin.1.330	112.40573	MQ
MFD02416.bin.1.340	56.18677	MQ
MFD02416.bin.1.385	55.156364	MQ
MFD02416.bin.1.75	30.871323	MQ
MFD02416.bin.2.10	53.02491	MQ
MFD02416.bin.2.101	18.233442	MQ
MFD02416.bin.2.102	198.79582	MQ
MFD02416.bin.2.103	25.802795	MQ
MFD02416.bin.2.106	17.885513	MQ
MFD02416.bin.2.107	10.011367	MQ
MFD02416.bin.2.109	19.339956	MQ
MFD02416.bin.2.110	13.21094	MQ
MFD02416.bin.2.111	18.72774	MQ
MFD02416.bin.2.113	16.044151	MQ
MFD02416.bin.2.117	21.236954	MQ
MFD02416.bin.2.12	25.794994	MQ
MFD02416.bin.2.120	21.754305	MQ
MFD02416.bin.2.121	13.374418	MQ
MFD02416.bin.2.122	57.118484	MQ
MFD02416.bin.2.123	9.172351	MQ
MFD02416.bin.2.124	12.105522	MQ
MFD02416.bin.2.126	15.838253	MQ
MFD02416.bin.2.127	24.596413	MQ
MFD02416.bin.2.129	17.730818	MQ
MFD02416.bin.2.130	198.19064	MQ
MFD02416.bin.2.131	23.24218	MQ
MFD02416.bin.2.133	17.773878	MQ
MFD02416.bin.2.138	44.08363	MQ
MFD02416.bin.2.144	29.358543	MQ
MFD02416.bin.2.152	114.20701	MQ
MFD02416.bin.2.153	16.934631	MQ
MFD02416.bin.2.156	143.9338	MQ
MFD02416.bin.2.159	80.42014	MQ
MFD02416.bin.2.160	15.287843	MQ
MFD02416.bin.2.164	76.97767	MQ
MFD02416.bin.2.165	23.710201	MQ
MFD02416.bin.2.167	46.406418	MQ
MFD02416.bin.2.168	13.278761	MQ
MFD02416.bin.2.169	19.186657	MQ
MFD02416.bin.2.17	14.530269	MQ
MFD02416.bin.2.171	28.926878	MQ
MFD02416.bin.2.174	18.23951	MQ
MFD02416.bin.2.175	15.57159	MQ
MFD02416.bin.2.176	24.038769	MQ
MFD02416.bin.2.177	66.90371	MQ
MFD02416.bin.2.178	15.797339	MQ
MFD02416.bin.2.180	21.867216	MQ
MFD02416.bin.2.181	31.863997	MQ
MFD02416.bin.2.183	13.304988	MQ
MFD02416.bin.2.186	16.377962	MQ
MFD02416.bin.2.187	24.619772	MQ
MFD02416.bin.2.188	21.401596	MQ
MFD02416.bin.2.19	39.47608	MQ
MFD02416.bin.2.191	15.907497	MQ
MFD02416.bin.2.193	22.21158	MQ
MFD02416.bin.2.194	24.33551	MQ
MFD02416.bin.2.197	28.296576	MQ
MFD02416.bin.2.198	29.770699	MQ
MFD02416.bin.2.199	24.902782	MQ
MFD02416.bin.2.200	23.08601	MQ
MFD02416.bin.2.203	11.8501835	MQ
MFD02416.bin.2.204	16.967747	MQ
MFD02416.bin.2.207	18.552204	MQ
MFD02416.bin.2.208	34.599262	MQ
MFD02416.bin.2.210	277.96317	MQ
MFD02416.bin.2.211	26.4526	MQ
MFD02416.bin.2.212	28.07083	MQ
MFD02416.bin.2.216	31.910505	MQ
MFD02416.bin.2.218	26.271368	MQ
MFD02416.bin.2.219	22.22382	MQ
MFD02416.bin.2.220	17.490532	MQ
MFD02416.bin.2.222	27.014275	MQ
MFD02416.bin.2.223	70.10042	MQ
MFD02416.bin.2.227	34.239956	MQ
MFD02416.bin.2.228	17.56771	MQ
MFD02416.bin.2.229	17.771215	MQ
MFD02416.bin.2.231	14.846531	MQ
MFD02416.bin.2.232	19.055979	MQ
MFD02416.bin.2.233	329.72418	MQ
MFD02416.bin.2.238	13.162839	MQ
MFD02416.bin.2.241	25.158083	MQ
MFD02416.bin.2.242	60.19666	MQ
MFD02416.bin.2.244	39.40479	MQ
MFD02416.bin.2.246	26.625128	MQ
MFD02416.bin.2.247	18.400492	MQ
MFD02416.bin.2.248	12.20009	MQ
MFD02416.bin.2.249	13.056893	MQ
MFD02416.bin.2.25	12.277064	MQ
MFD02416.bin.2.250	14.635774	MQ
MFD02416.bin.2.251	13.484705	MQ
MFD02416.bin.2.253	20.352537	MQ
MFD02416.bin.2.254	15.374004	MQ
MFD02416.bin.2.256	13.790154	MQ
MFD02416.bin.2.258	19.482656	MQ
MFD02416.bin.2.259	25.477776	MQ
MFD02416.bin.2.26	17.635956	MQ
MFD02416.bin.2.262	40.162773	MQ
MFD02416.bin.2.265	22.093964	MQ
MFD02416.bin.2.267	28.62865	MQ
MFD02416.bin.2.27	27.003304	MQ
MFD02416.bin.2.29	18.37303	MQ
MFD02416.bin.2.31	15.7352	MQ
MFD02416.bin.2.32	22.403318	MQ
MFD02416.bin.2.38	16.587503	MQ
MFD02416.bin.2.39	18.276245	MQ
MFD02416.bin.2.4	11.103767	MQ
MFD02416.bin.2.40	25.685137	MQ
MFD02416.bin.2.42	18.097479	MQ
MFD02416.bin.2.43	25.848736	MQ
MFD02416.bin.2.48	48.759174	MQ
MFD02416.bin.2.50	33.475502	MQ
MFD02416.bin.2.53	20.754602	MQ
MFD02416.bin.2.54	18.049383	MQ
MFD02416.bin.2.55	42.146927	MQ
MFD02416.bin.2.58	15.780351	MQ
MFD02416.bin.2.59	18.338955	MQ
MFD02416.bin.2.6	28.158817	MQ
MFD02416.bin.2.60	16.965223	MQ
MFD02416.bin.2.61	34.966328	MQ
MFD02416.bin.2.62	18.324718	MQ
MFD02416.bin.2.63	12.987172	MQ
MFD02416.bin.2.64	24.854687	MQ
MFD02416.bin.2.65	15.314795	MQ
MFD02416.bin.2.66	11.230138	MQ
MFD02416.bin.2.67	25.78291	MQ
MFD02416.bin.2.68	42.733685	MQ
MFD02416.bin.2.71	15.356532	MQ
MFD02416.bin.2.75	20.011312	MQ
MFD02416.bin.2.77	18.634617	MQ
MFD02416.bin.2.78	200.08638	MQ
MFD02416.bin.2.80	23.19368	MQ
MFD02416.bin.2.81	20.859787	MQ
MFD02416.bin.2.82	164.11111	MQ
MFD02416.bin.2.84	15.401107	MQ
MFD02416.bin.2.86	13.919611	MQ
MFD02416.bin.2.87	20.684502	MQ
MFD02416.bin.2.88	48.871647	MQ
MFD02416.bin.2.89	32.097782	MQ
MFD02416.bin.2.9	19.397932	MQ
MFD02416.bin.2.90	24.816782	MQ
MFD02416.bin.2.91	60.804836	MQ
MFD02416.bin.2.92	14.602978	MQ
MFD02416.bin.2.93	15.642823	MQ
MFD02416.bin.2.95	26.827152	MQ
MFD02416.bin.2.96	47.775658	MQ
MFD02416.bin.3.135	396.70117	MQ
MFD02416.bin.3.166	38.223557	MQ
MFD02416.bin.3.171	22.61451	MQ
MFD02416.bin.3.208	18.207388	MQ
MFD02416.bin.3.229	12.8540325	MQ
MFD02416.bin.3.235	87.883156	MQ
MFD02416.bin.3.32	20.49191	MQ
MFD02416.bin.3.337	40.388477	MQ
MFD02416.bin.3.343	15.175055	MQ
MFD02416.bin.3.344	17.922743	MQ
MFD02416.bin.3.349	28.68453	MQ
MFD02416.bin.3.361	136.38745	MQ
MFD02416.bin.3.381	25.988823	MQ
MFD02416.bin.3.64	37.961494	MQ
MFD02416.bin.3.66	30.365088	MQ
MFD02416.bin.3.87	14.333412	MQ
MFD02416.bin.4.153	129.68549	MQ
MFD02416.bin.4.367	30.225422	MQ
MFD02416.bin.4.497	23.609077	MQ
MFD02416.bin.4.66	16.557074	MQ
MFD02472.bin.2.10	25.713875	MQ
MFD02472.bin.2.20	16.384815	MQ
MFD02472.bin.2.25	13.834322	MQ
MFD02472.bin.2.26	7.501479	MQ
MFD02472.bin.2.29	8.276564	MQ
MFD02472.bin.2.33	12.75932	MQ
MFD02472.bin.2.57	11.194582	MQ
MFD02472.bin.2.58	32.83541	MQ
MFD02472.bin.2.73	24.335737	MQ
MFD02472.bin.2.9	21.334543	MQ
MFD02472.bin.3.114	236.38936	MQ
MFD02472.bin.3.206	20.34156	MQ
MFD02472.bin.3.240	14.40831	MQ
MFD02472.bin.3.252	11.11666	MQ
MFD02472.bin.3.256	12.67538	MQ
MFD02472.bin.3.75	5.962782	MQ
MFD02579.bin.1.4	87.394	MQ
MFD02579.bin.2.11	14.12756	MQ
MFD02579.bin.2.12	28.39751	MQ
MFD02579.bin.2.15	13.37156	MQ
MFD02579.bin.2.17	11.26408	MQ
MFD02579.bin.2.18	10.62012	MQ
MFD02579.bin.2.20	130.3107	MQ
MFD02579.bin.2.25	16.26589	MQ
MFD02579.bin.2.28	23.22436	MQ
MFD02579.bin.2.29	12.63171	MQ
MFD02579.bin.2.30	17.87693	MQ
MFD02579.bin.2.32	18.37509	MQ
MFD02579.bin.2.34	15.47577	MQ
MFD02579.bin.2.36	23.18518	MQ
MFD02579.bin.2.4	16.09209	MQ
MFD02579.bin.2.40	68.94614	MQ
MFD02579.bin.2.41	11.05969	MQ
MFD02579.bin.2.42	15.64919	MQ
MFD02579.bin.2.46	20.67832	MQ
MFD02579.bin.2.49	11.364	MQ
MFD02579.bin.2.5	30.64222	MQ
MFD02579.bin.2.51	12.18343	MQ
MFD02579.bin.2.52	22.68285	MQ
MFD02579.bin.2.54	11.85894	MQ
MFD02579.bin.2.56	14.47216	MQ
MFD02579.bin.2.64	23.06722	MQ
MFD02579.bin.2.68	87.79842	MQ
MFD02579.bin.2.7	21.87399	MQ
MFD02579.bin.2.70	26.13572	MQ
MFD02579.bin.2.73	32.45897	MQ
MFD02579.bin.2.78	20.16495	MQ
MFD02579.bin.2.79	22.44513	MQ
MFD02579.bin.2.83	18.03054	MQ
MFD02579.bin.3.105	16.40899	MQ
MFD02579.bin.3.2	13.70547	MQ
MFD02579.bin.3.20	249.5552	MQ
MFD02579.bin.4.12	9.913181	MQ
MFD02581.bin.1.108	47.40107	MQ
MFD02581.bin.1.121	29.59987	MQ
MFD02581.bin.1.161	80.45216	MQ
MFD02581.bin.1.164	36.9699	MQ
MFD02581.bin.1.171	25.94669	MQ
MFD02581.bin.1.174	38.30515	MQ
MFD02581.bin.1.19	21.00246	MQ
MFD02581.bin.1.212	20.5386	MQ
MFD02581.bin.1.242	43.13027	MQ
MFD02581.bin.1.27	32.2257	MQ
MFD02581.bin.1.281	57.28435	MQ
MFD02581.bin.1.3	51.25768	MQ
MFD02581.bin.1.73	31.41093	MQ
MFD02581.bin.1.85	17.30019	MQ
MFD02581.bin.1.89	60.76081	MQ
MFD02581.bin.1.91	49.25375	MQ
MFD02581.bin.1.98	40.06151	MQ
MFD02581.bin.2.1	23.76154	MQ
MFD02581.bin.2.107	26.46855	MQ
MFD02581.bin.2.12	25.741	MQ
MFD02581.bin.2.120	28.26413	MQ
MFD02581.bin.2.121	33.43627	MQ
MFD02581.bin.2.122	36.32951	MQ
MFD02581.bin.2.124	193.4238	MQ
MFD02581.bin.2.125	18.06378	MQ
MFD02581.bin.2.127	51.61339	MQ
MFD02581.bin.2.128	19.90694	MQ
MFD02581.bin.2.13	12.01163	MQ
MFD02581.bin.2.130	26.25238	MQ
MFD02581.bin.2.132	100.1674	MQ
MFD02581.bin.2.133	14.48917	MQ
MFD02581.bin.2.134	234.9584	MQ
MFD02581.bin.2.137	17.42638	MQ
MFD02581.bin.2.138	25.57572	MQ
MFD02581.bin.2.14	16.49605	MQ
MFD02581.bin.2.140	18.55399	MQ
MFD02581.bin.2.143	19.19978	MQ
MFD02581.bin.2.144	43.67026	MQ
MFD02581.bin.2.145	10.70505	MQ
MFD02581.bin.2.146	16.24556	MQ
MFD02581.bin.2.147	27.1186	MQ
MFD02581.bin.2.148	18.74428	MQ
MFD02581.bin.2.149	19.55774	MQ
MFD02581.bin.2.15	17.46968	MQ
MFD02581.bin.2.151	21.74776	MQ
MFD02581.bin.2.152	212.2637	MQ
MFD02581.bin.2.153	23.04349	MQ
MFD02581.bin.2.154	13.51101	MQ
MFD02581.bin.2.156	177.7169	MQ
MFD02581.bin.2.159	33.61383	MQ
MFD02581.bin.2.160	24.39286	MQ
MFD02581.bin.2.161	17.24592	MQ
MFD02581.bin.2.164	22.92383	MQ
MFD02581.bin.2.166	14.09147	MQ
MFD02581.bin.2.167	19.20063	MQ
MFD02581.bin.2.169	15.34831	MQ
MFD02581.bin.2.17	16.62993	MQ
MFD02581.bin.2.172	19.65785	MQ
MFD02581.bin.2.178	32.50753	MQ
MFD02581.bin.2.179	86.21436	MQ
MFD02581.bin.2.180	14.13909	MQ
MFD02581.bin.2.182	20.6957	MQ
MFD02581.bin.2.183	96.40192	MQ
MFD02581.bin.2.193	14.93561	MQ
MFD02581.bin.2.195	25.62624	MQ
MFD02581.bin.2.196	31.62031	MQ
MFD02581.bin.2.198	24.001	MQ
MFD02581.bin.2.199	16.87569	MQ
MFD02581.bin.2.2	19.89524	MQ
MFD02581.bin.2.20	14.9563	MQ
MFD02581.bin.2.200	34.99356	MQ
MFD02581.bin.2.202	15.82227	MQ
MFD02581.bin.2.203	21.56256	MQ
MFD02581.bin.2.204	23.52057	MQ
MFD02581.bin.2.205	14.87866	MQ
MFD02581.bin.2.206	19.92084	MQ
MFD02581.bin.2.207	16.4639	MQ
MFD02581.bin.2.209	16.41576	MQ
MFD02581.bin.2.211	24.13065	MQ
MFD02581.bin.2.213	76.88064	MQ
MFD02581.bin.2.214	38.63038	MQ
MFD02581.bin.2.22	26.35047	MQ
MFD02581.bin.2.29	15.76106	MQ
MFD02581.bin.2.31	19.12137	MQ
MFD02581.bin.2.36	22.13637	MQ
MFD02581.bin.2.39	21.85611	MQ
MFD02581.bin.2.4	15.98693	MQ
MFD02581.bin.2.40	33.49562	MQ
MFD02581.bin.2.41	28.66353	MQ
MFD02581.bin.2.42	40.98221	MQ
MFD02581.bin.2.43	12.7834	MQ
MFD02581.bin.2.44	28.76052	MQ
MFD02581.bin.2.45	16.73289	MQ
MFD02581.bin.2.46	26.71286	MQ
MFD02581.bin.2.48	19.57296	MQ
MFD02581.bin.2.49	17.58793	MQ
MFD02581.bin.2.50	19.43763	MQ
MFD02581.bin.2.51	14.50669	MQ
MFD02581.bin.2.54	42.8511	MQ
MFD02581.bin.2.55	20.989	MQ
MFD02581.bin.2.57	18.41553	MQ
MFD02581.bin.2.58	14.50317	MQ
MFD02581.bin.2.59	16.54038	MQ
MFD02581.bin.2.60	17.54876	MQ
MFD02581.bin.2.62	22.38004	MQ
MFD02581.bin.2.64	31.80164	MQ
MFD02581.bin.2.65	15.80005	MQ
MFD02581.bin.2.66	15.27885	MQ
MFD02581.bin.2.68	32.33768	MQ
MFD02581.bin.2.69	25.70973	MQ
MFD02581.bin.2.7	30.49683	MQ
MFD02581.bin.2.70	28.78548	MQ
MFD02581.bin.2.72	28.66857	MQ
MFD02581.bin.2.73	29.36462	MQ
MFD02581.bin.2.75	53.11197	MQ
MFD02581.bin.2.76	19.17798	MQ
MFD02581.bin.2.79	70.05497	MQ
MFD02581.bin.2.82	16.28832	MQ
MFD02581.bin.2.85	18.62108	MQ
MFD02581.bin.2.86	18.72001	MQ
MFD02581.bin.2.87	13.02501	MQ
MFD02581.bin.2.90	20.08114	MQ
MFD02581.bin.2.93	107.0462	MQ
MFD02581.bin.2.95	16.40423	MQ
MFD02581.bin.2.97	20.07842	MQ
MFD02581.bin.3.113	13.28205	MQ
MFD02581.bin.3.13	22.84999	MQ
MFD02581.bin.3.133	18.20446	MQ
MFD02581.bin.3.14	14.29936	MQ
MFD02581.bin.3.146	99.0423	MQ
MFD02581.bin.3.147	62.20501	MQ
MFD02581.bin.3.151	131.1578	MQ
MFD02581.bin.3.159	26.3567	MQ
MFD02581.bin.3.173	24.38574	MQ
MFD02581.bin.3.268	15.02905	MQ
MFD02581.bin.3.271	29.76241	MQ
MFD02581.bin.3.276	38.67852	MQ
MFD02581.bin.3.312	22.71737	MQ
MFD02581.bin.3.326	13.92879	MQ
MFD02581.bin.3.33	20.47781	MQ
MFD02581.bin.3.389	21.35186	MQ
MFD02581.bin.3.391	45.9796	MQ
MFD02581.bin.3.41	16.36613	MQ
MFD02581.bin.3.435	22.56762	MQ
MFD02581.bin.3.467	17.36118	MQ
MFD02581.bin.3.53	43.33022	MQ
MFD02581.bin.3.61	27.9838	MQ
MFD02581.bin.3.92	15.23175	MQ
MFD02581.bin.3.93	31.7508	MQ
MFD02671.bin.2.100	17.97866	MQ
MFD02671.bin.2.104	37.36068	MQ
MFD02671.bin.2.13	55.85547	MQ
MFD02671.bin.2.19	20.70116	MQ
MFD02671.bin.2.22	29.53948	MQ
MFD02671.bin.2.32	20.56572	MQ
MFD02671.bin.2.36	26.99825	MQ
MFD02671.bin.2.38	20.0541	MQ
MFD02671.bin.2.45	31.25471	MQ
MFD02671.bin.2.46	18.76962	MQ
MFD02671.bin.2.50	16.91569	MQ
MFD02671.bin.2.58	15.25688	MQ
MFD02671.bin.2.59	103.7775	MQ
MFD02671.bin.2.62	18.26592	MQ
MFD02671.bin.2.63	25.05435	MQ
MFD02671.bin.2.76	42.38532	MQ
MFD02671.bin.2.82	29.0864	MQ
MFD02671.bin.2.83	16.66741	MQ
MFD02671.bin.2.9	27.47682	MQ
MFD02671.bin.2.90	24.70318	MQ
MFD02671.bin.2.98	23.76298	MQ
MFD02671.bin.2.99	13.61383	MQ
MFD02671.bin.3.111	26.89879	MQ
MFD02671.bin.3.178	20.94039	MQ
MFD02671.bin.3.195	28.51058	MQ
MFD02671.bin.3.216	15.34698	MQ
MFD02671.bin.3.52	42.40771	MQ
MFD02671.bin.3.6	17.39435	MQ
MFD02809.bin.1.200	18.30272	MQ
MFD02809.bin.1.41	53.64585	MQ
MFD02809.bin.1.68	17.66935	MQ
MFD02809.bin.1.70	25.01838	MQ
MFD02809.bin.2.1	33.68341	MQ
MFD02809.bin.2.10	31.0215	MQ
MFD02809.bin.2.101	12.01365	MQ
MFD02809.bin.2.102	21.4938	MQ
MFD02809.bin.2.107	33.22892	MQ
MFD02809.bin.2.111	20.25501	MQ
MFD02809.bin.2.119	21.45405	MQ
MFD02809.bin.2.124	23.44421	MQ
MFD02809.bin.2.128	16.28379	MQ
MFD02809.bin.2.139	22.70809	MQ
MFD02809.bin.2.15	19.38591	MQ
MFD02809.bin.2.16	21.84997	MQ
MFD02809.bin.2.174	22.86176	MQ
MFD02809.bin.2.179	59.24437	MQ
MFD02809.bin.2.180	18.37658	MQ
MFD02809.bin.2.181	36.84678	MQ
MFD02809.bin.2.188	9.097813	MQ
MFD02809.bin.2.194	34.00961	MQ
MFD02809.bin.2.197	29.06337	MQ
MFD02809.bin.2.204	18.54057	MQ
MFD02809.bin.2.206	25.92316	MQ
MFD02809.bin.2.209	30.77447	MQ
MFD02809.bin.2.210	36.14689	MQ
MFD02809.bin.2.211	15.36443	MQ
MFD02809.bin.2.213	15.65192	MQ
MFD02809.bin.2.224	19.14205	MQ
MFD02809.bin.2.225	13.78167	MQ
MFD02809.bin.2.228	24.44286	MQ
MFD02809.bin.2.230	28.33589	MQ
MFD02809.bin.2.232	16.70278	MQ
MFD02809.bin.2.233	26.54738	MQ
MFD02809.bin.2.237	14.61082	MQ
MFD02809.bin.2.238	21.12007	MQ
MFD02809.bin.2.24	15.4937	MQ
MFD02809.bin.2.240	32.27203	MQ
MFD02809.bin.2.243	22.90693	MQ
MFD02809.bin.2.247	14.42012	MQ
MFD02809.bin.2.249	27.85656	MQ
MFD02809.bin.2.25	31.46123	MQ
MFD02809.bin.2.265	29.45936	MQ
MFD02809.bin.2.267	13.95288	MQ
MFD02809.bin.2.268	28.54976	MQ
MFD02809.bin.2.271	24.42875	MQ
MFD02809.bin.2.278	124.2241	MQ
MFD02809.bin.2.279	21.90227	MQ
MFD02809.bin.2.285	12.91517	MQ
MFD02809.bin.2.299	30.96419	MQ
MFD02809.bin.2.302	13.00233	MQ
MFD02809.bin.2.305	21.4615	MQ
MFD02809.bin.2.313	20.24679	MQ
MFD02809.bin.2.314	25.9489	MQ
MFD02809.bin.2.319	33.917	MQ
MFD02809.bin.2.332	25.95721	MQ
MFD02809.bin.2.335	31.70683	MQ
MFD02809.bin.2.39	23.78018	MQ
MFD02809.bin.2.4	11.25881	MQ
MFD02809.bin.2.45	14.36304	MQ
MFD02809.bin.2.5	22.92302	MQ
MFD02809.bin.2.57	22.48592	MQ
MFD02809.bin.2.60	17.5448	MQ
MFD02809.bin.2.7	10.97032	MQ
MFD02809.bin.2.71	25.32056	MQ
MFD02809.bin.2.75	15.28515	MQ
MFD02809.bin.2.78	13.22087	MQ
MFD02809.bin.2.80	16.114	MQ
MFD02809.bin.2.82	18.19161	MQ
MFD02809.bin.2.83	16.43532	MQ
MFD02809.bin.2.84	20.65193	MQ
MFD02809.bin.2.86	18.02847	MQ
MFD02809.bin.2.89	20.87756	MQ
MFD02809.bin.2.90	13.87661	MQ
MFD02809.bin.2.91	38.00967	MQ
MFD02809.bin.2.92	20.99444	MQ
MFD02809.bin.2.93	34.48774	MQ
MFD02809.bin.2.94	24.85537	MQ
MFD02809.bin.2.98	14.72037	MQ
MFD02809.bin.3.105	14.69983	MQ
MFD02809.bin.3.107	16.67004	MQ
MFD02809.bin.3.108	20.45237	MQ
MFD02809.bin.3.167	11.38151	MQ
MFD02809.bin.3.174	19.34364	MQ
MFD02809.bin.3.248	14.78763	MQ
MFD02809.bin.3.360	35.23853	MQ
MFD02809.bin.3.45	29.49125	MQ
MFD02809.bin.3.52	34.32787	MQ
MFD02809.bin.3.578	20.21034	MQ
MFD02809.bin.3.7	11.21115	MQ
MFD02809.bin.3.94	15.60032	MQ
MFD02809.bin.4.106	33.91193	MQ
MFD02809.bin.4.199	24.15577	MQ
MFD02832.bin.1.133	21.09428	MQ
MFD02832.bin.1.153	12.41418	MQ
MFD02832.bin.1.23	37.72099	MQ
MFD02832.bin.1.76	61.30542	MQ
MFD02832.bin.2.101	31.02027	MQ
MFD02832.bin.2.104	19.26291	MQ
MFD02832.bin.2.106	26.77293	MQ
MFD02832.bin.2.108	18.4549	MQ
MFD02832.bin.2.109	17.40671	MQ
MFD02832.bin.2.11	34.52508	MQ
MFD02832.bin.2.110	26.17656	MQ
MFD02832.bin.2.114	43.25104	MQ
MFD02832.bin.2.118	16.03468	MQ
MFD02832.bin.2.119	159.7035	MQ
MFD02832.bin.2.12	37.21237	MQ
MFD02832.bin.2.121	22.0691	MQ
MFD02832.bin.2.122	30.08165	MQ
MFD02832.bin.2.125	18.47193	MQ
MFD02832.bin.2.126	17.77404	MQ
MFD02832.bin.2.127	18.21193	MQ
MFD02832.bin.2.128	32.55095	MQ
MFD02832.bin.2.129	1056.958	MQ
MFD02832.bin.2.13	26.48041	MQ
MFD02832.bin.2.134	34.68318	MQ
MFD02832.bin.2.16	42.09751	MQ
MFD02832.bin.2.17	52.62546	MQ
MFD02832.bin.2.19	17.71174	MQ
MFD02832.bin.2.2	13.67488	MQ
MFD02832.bin.2.24	106.413	MQ
MFD02832.bin.2.31	23.02152	MQ
MFD02832.bin.2.33	45.66742	MQ
MFD02832.bin.2.35	21.56987	MQ
MFD02832.bin.2.38	25.41002	MQ
MFD02832.bin.2.39	31.55116	MQ
MFD02832.bin.2.40	40.3725	MQ
MFD02832.bin.2.42	35.01946	MQ
MFD02832.bin.2.44	22.51389	MQ
MFD02832.bin.2.45	18.71095	MQ
MFD02832.bin.2.46	23.4794	MQ
MFD02832.bin.2.5	12.04072	MQ
MFD02832.bin.2.6	30.875	MQ
MFD02832.bin.2.60	23.47247	MQ
MFD02832.bin.2.61	40.46569	MQ
MFD02832.bin.2.62	26.18088	MQ
MFD02832.bin.2.63	36.02152	MQ
MFD02832.bin.2.64	24.81598	MQ
MFD02832.bin.2.65	15.13892	MQ
MFD02832.bin.2.68	22.1838	MQ
MFD02832.bin.2.69	28.78419	MQ
MFD02832.bin.2.70	16.61104	MQ
MFD02832.bin.2.71	10.74803	MQ
MFD02832.bin.2.72	11.22049	MQ
MFD02832.bin.2.73	16.68442	MQ
MFD02832.bin.2.75	19.09154	MQ
MFD02832.bin.2.77	33.07164	MQ
MFD02832.bin.2.78	195.8239	MQ
MFD02832.bin.2.8	29.67883	MQ
MFD02832.bin.2.83	43.16406	MQ
MFD02832.bin.2.84	21.60069	MQ
MFD02832.bin.2.85	14.74515	MQ
MFD02832.bin.2.87	22.06318	MQ
MFD02832.bin.2.91	21.74507	MQ
MFD02832.bin.2.94	24.28552	MQ
MFD02832.bin.2.96	60.68862	MQ
MFD02832.bin.2.99	23.59086	MQ
MFD02832.bin.3.10	14.23389	MQ
MFD02832.bin.3.105	14.02502	MQ
MFD02832.bin.3.117	86.90275	MQ
MFD02832.bin.3.130	20.86751	MQ
MFD02832.bin.3.132	82.74525	MQ
MFD02832.bin.3.194	17.03569	MQ
MFD02832.bin.3.201	10.64923	MQ
MFD02832.bin.3.209	16.2409	MQ
MFD02832.bin.3.230	40.66167	MQ
MFD02832.bin.3.234	23.70505	MQ
MFD02832.bin.3.239	47.2692	MQ
MFD02832.bin.3.242	13.86651	MQ
MFD02832.bin.3.246	20.16688	MQ
MFD02832.bin.3.255	12.92662	MQ
MFD02832.bin.3.45	27.37092	MQ
MFD02832.bin.3.64	19.82471	MQ
MFD02832.bin.3.67	67.35653	MQ
MFD02832.bin.3.68	59.42127	MQ
MFD02832.bin.3.86	17.51295	MQ
MFD02832.bin.3.92	14.75804	MQ
MFD02832.bin.4.16	19.98971	MQ
MFD02840.bin.1.275	94.61875	MQ
MFD02840.bin.1.427	23.63935	MQ
MFD02840.bin.2.1	20.7656	MQ
MFD02840.bin.2.100	31.39071	MQ
MFD02840.bin.2.101	16.22707	MQ
MFD02840.bin.2.102	25.23706	MQ
MFD02840.bin.2.105	40.95602	MQ
MFD02840.bin.2.106	31.14605	MQ
MFD02840.bin.2.108	21.94753	MQ
MFD02840.bin.2.11	20.47727	MQ
MFD02840.bin.2.110	14.299	MQ
MFD02840.bin.2.111	19.43883	MQ
MFD02840.bin.2.112	22.53683	MQ
MFD02840.bin.2.115	59.32856	MQ
MFD02840.bin.2.12	19.58892	MQ
MFD02840.bin.2.120	14.61355	MQ
MFD02840.bin.2.122	33.08676	MQ
MFD02840.bin.2.126	104.4719	MQ
MFD02840.bin.2.14	24.30058	MQ
MFD02840.bin.2.144	17.01919	MQ
MFD02840.bin.2.15	15.46183	MQ
MFD02840.bin.2.151	28.3402	MQ
MFD02840.bin.2.158	20.42197	MQ
MFD02840.bin.2.161	15.81075	MQ
MFD02840.bin.2.166	21.06624	MQ
MFD02840.bin.2.168	27.46588	MQ
MFD02840.bin.2.17	26.83639	MQ
MFD02840.bin.2.170	30.66112	MQ
MFD02840.bin.2.171	80.40041	MQ
MFD02840.bin.2.172	26.83379	MQ
MFD02840.bin.2.173	45.1423	MQ
MFD02840.bin.2.176	29.64603	MQ
MFD02840.bin.2.178	18.12644	MQ
MFD02840.bin.2.180	56.21428	MQ
MFD02840.bin.2.181	43.89569	MQ
MFD02840.bin.2.183	17.37451	MQ
MFD02840.bin.2.184	22.20561	MQ
MFD02840.bin.2.185	21.04633	MQ
MFD02840.bin.2.188	68.1534	MQ
MFD02840.bin.2.189	98.34525	MQ
MFD02840.bin.2.191	29.35522	MQ
MFD02840.bin.2.192	22.66251	MQ
MFD02840.bin.2.193	20.77576	MQ
MFD02840.bin.2.2	19.25855	MQ
MFD02840.bin.2.203	34.33052	MQ
MFD02840.bin.2.205	21.99767	MQ
MFD02840.bin.2.207	21.07121	MQ
MFD02840.bin.2.208	59.94956	MQ
MFD02840.bin.2.212	21.83798	MQ
MFD02840.bin.2.217	16.97947	MQ
MFD02840.bin.2.220	22.50144	MQ
MFD02840.bin.2.222	16.51354	MQ
MFD02840.bin.2.225	23.03644	MQ
MFD02840.bin.2.226	35.72249	MQ
MFD02840.bin.2.227	51.39481	MQ
MFD02840.bin.2.230	15.04923	MQ
MFD02840.bin.2.238	30.64036	MQ
MFD02840.bin.2.242	39.43145	MQ
MFD02840.bin.2.243	30.2718	MQ
MFD02840.bin.2.246	16.49627	MQ
MFD02840.bin.2.247	24.13995	MQ
MFD02840.bin.2.248	34.75417	MQ
MFD02840.bin.2.249	27.31797	MQ
MFD02840.bin.2.253	12.86616	MQ
MFD02840.bin.2.254	19.02425	MQ
MFD02840.bin.2.259	13.39524	MQ
MFD02840.bin.2.261	28.97209	MQ
MFD02840.bin.2.263	23.63682	MQ
MFD02840.bin.2.265	27.10306	MQ
MFD02840.bin.2.267	22.57881	MQ
MFD02840.bin.2.271	34.37948	MQ
MFD02840.bin.2.275	16.56054	MQ
MFD02840.bin.2.276	20.36263	MQ
MFD02840.bin.2.278	43.52728	MQ
MFD02840.bin.2.282	30.34212	MQ
MFD02840.bin.2.284	16.32697	MQ
MFD02840.bin.2.285	36.63024	MQ
MFD02840.bin.2.286	15.22695	MQ
MFD02840.bin.2.287	20.78688	MQ
MFD02840.bin.2.288	46.44453	MQ
MFD02840.bin.2.290	21.86015	MQ
MFD02840.bin.2.292	48.38259	MQ
MFD02840.bin.2.299	28.16241	MQ
MFD02840.bin.2.30	114.415	MQ
MFD02840.bin.2.300	16.49438	MQ
MFD02840.bin.2.303	16.98553	MQ
MFD02840.bin.2.307	51.14775	MQ
MFD02840.bin.2.308	34.44715	MQ
MFD02840.bin.2.309	20.38411	MQ
MFD02840.bin.2.31	13.44854	MQ
MFD02840.bin.2.310	29.59413	MQ
MFD02840.bin.2.311	20.14235	MQ
MFD02840.bin.2.312	22.25392	MQ
MFD02840.bin.2.317	15.98928	MQ
MFD02840.bin.2.32	38.31591	MQ
MFD02840.bin.2.321	16.36107	MQ
MFD02840.bin.2.323	14.96478	MQ
MFD02840.bin.2.325	17.4615	MQ
MFD02840.bin.2.327	19.93073	MQ
MFD02840.bin.2.33	27.97592	MQ
MFD02840.bin.2.330	25.81402	MQ
MFD02840.bin.2.331	27.87181	MQ
MFD02840.bin.2.333	71.48573	MQ
MFD02840.bin.2.336	56.97148	MQ
MFD02840.bin.2.34	17.58166	MQ
MFD02840.bin.2.36	31.52469	MQ
MFD02840.bin.2.37	59.30125	MQ
MFD02840.bin.2.38	20.70025	MQ
MFD02840.bin.2.39	23.3224	MQ
MFD02840.bin.2.41	15.77576	MQ
MFD02840.bin.2.47	54.89553	MQ
MFD02840.bin.2.48	19.77912	MQ
MFD02840.bin.2.49	36.67183	MQ
MFD02840.bin.2.5	16.69077	MQ
MFD02840.bin.2.52	11.73197	MQ
MFD02840.bin.2.57	61.65711	MQ
MFD02840.bin.2.6	24.50324	MQ
MFD02840.bin.2.60	35.35252	MQ
MFD02840.bin.2.62	17.18391	MQ
MFD02840.bin.2.63	20.57581	MQ
MFD02840.bin.2.65	21.86407	MQ
MFD02840.bin.2.66	17.40716	MQ
MFD02840.bin.2.71	22.88911	MQ
MFD02840.bin.2.73	15.07124	MQ
MFD02840.bin.2.78	14.21018	MQ
MFD02840.bin.2.79	66.53805	MQ
MFD02840.bin.2.80	22.56675	MQ
MFD02840.bin.2.82	45.73948	MQ
MFD02840.bin.2.84	15.98447	MQ
MFD02840.bin.2.87	80.3196	MQ
MFD02840.bin.2.88	21.50752	MQ
MFD02840.bin.2.89	15.84186	MQ
MFD02840.bin.2.90	18.50233	MQ
MFD02840.bin.2.93	18.83877	MQ
MFD02840.bin.2.94	24.39871	MQ
MFD02840.bin.2.95	18.291	MQ
MFD02840.bin.2.96	64.29799	MQ
MFD02840.bin.2.98	18.00776	MQ
MFD02840.bin.3.103	28.92907	MQ
MFD02840.bin.3.118	20.08045	MQ
MFD02840.bin.3.148	24.95833	MQ
MFD02840.bin.3.206	29.52001	MQ
MFD02840.bin.3.23	15.57446	MQ
MFD02840.bin.3.282	21.44814	MQ
MFD02840.bin.3.285	48.17535	MQ
MFD02840.bin.3.301	12.63558	MQ
MFD02840.bin.3.302	76.57365	MQ
MFD02840.bin.3.305	43.82784	MQ
MFD02840.bin.3.353	19.19183	MQ
MFD02840.bin.3.362	31.93704	MQ
MFD02840.bin.3.365	22.1325	MQ
MFD02840.bin.3.400	61.1953	MQ
MFD02840.bin.3.408	124.4087	MQ
MFD02840.bin.3.421	79.08176	MQ
MFD02840.bin.3.471	28.68101	MQ
MFD02840.bin.3.489	16.60924	MQ
MFD02840.bin.3.512	13.69455	MQ
MFD02840.bin.3.531	21.38809	MQ
MFD02840.bin.3.55	24.74809	MQ
MFD02840.bin.3.554	28.93775	MQ
MFD02840.bin.3.560	38.18756	MQ
MFD02840.bin.3.58	69.85037	MQ
MFD02840.bin.3.603	17.19749	MQ
MFD02840.bin.3.608	13.42241	MQ
MFD02840.bin.3.622	18.00945	MQ
MFD02840.bin.3.631	18.39247	MQ
MFD02840.bin.3.640	18.48393	MQ
MFD02840.bin.3.655	18.3789	MQ
MFD02840.bin.3.67	33.55201	MQ
MFD02840.bin.3.693	33.85148	MQ
MFD02840.bin.3.718	37.56896	MQ
MFD02840.bin.3.746	32.30145	MQ
MFD02840.bin.3.747	10.2501	MQ
MFD02840.bin.3.80	21.23202	MQ
MFD02840.bin.3.815	62.36737	MQ
MFD02840.bin.3.827	19.05103	MQ
MFD02840.bin.3.831	27.86065	MQ
MFD02840.bin.3.9	23.13041	MQ
MFD02840.bin.4.456	41.34068	MQ
MFD02840.bin.4.46	26.42288	MQ
MFD02840.bin.4.807	26.74329	MQ
MFD02923.bin.1.102	37.27158	MQ
MFD02923.bin.1.113	28.84981	MQ
MFD02923.bin.1.89	36.60943	MQ
MFD02923.bin.2.10	12.89778	MQ
MFD02923.bin.2.100	20.40431	MQ
MFD02923.bin.2.102	20.69969	MQ
MFD02923.bin.2.105	54.70682	MQ
MFD02923.bin.2.107	31.44743	MQ
MFD02923.bin.2.108	555.8765	MQ
MFD02923.bin.2.109	14.88537	MQ
MFD02923.bin.2.11	21.7364	MQ
MFD02923.bin.2.12	45.59764	MQ
MFD02923.bin.2.13	19.35389	MQ
MFD02923.bin.2.16	15.40985	MQ
MFD02923.bin.2.2	18.35652	MQ
MFD02923.bin.2.21	26.17816	MQ
MFD02923.bin.2.22	14.3815	MQ
MFD02923.bin.2.25	20.55415	MQ
MFD02923.bin.2.3	33.48968	MQ
MFD02923.bin.2.34	447.2595	MQ
MFD02923.bin.2.37	12.14738	MQ
MFD02923.bin.2.38	27.2666	MQ
MFD02923.bin.2.39	18.73492	MQ
MFD02923.bin.2.43	51.8576	MQ
MFD02923.bin.2.45	23.65061	MQ
MFD02923.bin.2.48	24.56781	MQ
MFD02923.bin.2.49	33.14596	MQ
MFD02923.bin.2.5	14.17274	MQ
MFD02923.bin.2.51	48.77862	MQ
MFD02923.bin.2.53	28.32194	MQ
MFD02923.bin.2.54	41.21172	MQ
MFD02923.bin.2.55	17.86656	MQ
MFD02923.bin.2.57	61.97553	MQ
MFD02923.bin.2.58	47.12843	MQ
MFD02923.bin.2.59	49.09845	MQ
MFD02923.bin.2.60	20.43255	MQ
MFD02923.bin.2.62	25.7874	MQ
MFD02923.bin.2.64	13.36686	MQ
MFD02923.bin.2.67	37.29781	MQ
MFD02923.bin.2.72	27.08742	MQ
MFD02923.bin.2.73	32.77859	MQ
MFD02923.bin.2.75	20.22014	MQ
MFD02923.bin.2.8	15.18277	MQ
MFD02923.bin.2.83	13.02211	MQ
MFD02923.bin.2.87	20.10141	MQ
MFD02923.bin.2.88	24.29339	MQ
MFD02923.bin.2.89	17.04057	MQ
MFD02923.bin.2.90	18.4592	MQ
MFD02923.bin.2.91	20.09761	MQ
MFD02923.bin.2.92	19.17339	MQ
MFD02923.bin.3.121	20.5037	MQ
MFD02923.bin.3.134	19.75736	MQ
MFD02923.bin.3.137	21.29333	MQ
MFD02923.bin.3.140	9.784636	MQ
MFD02923.bin.3.159	24.00182	MQ
MFD02923.bin.3.37	11.66921	MQ
MFD02923.bin.3.6	28.26359	MQ
MFD02923.bin.3.70	12.83325	MQ
MFD02923.bin.3.71	30.0032	MQ
MFD02923.bin.3.76	13.94718	MQ
MFD02923.bin.3.85	54.5256	MQ
MFD02923.bin.3.99	14.73634	MQ
MFD02923.bin.4.129	27.54541	MQ
MFD02923.bin.4.76	14.73681	MQ
MFD02979.bin.1.129	23.93253	MQ
MFD02979.bin.1.175	14.56343	MQ
MFD02979.bin.2.100	25.86044	MQ
MFD02979.bin.2.106	26.54163	MQ
MFD02979.bin.2.107	21.77989	MQ
MFD02979.bin.2.11	24.75699	MQ
MFD02979.bin.2.110	15.81767	MQ
MFD02979.bin.2.112	13.70059	MQ
MFD02979.bin.2.113	28.29594	MQ
MFD02979.bin.2.114	71.28723	MQ
MFD02979.bin.2.115	25.60362	MQ
MFD02979.bin.2.116	56.76035	MQ
MFD02979.bin.2.117	82.38147	MQ
MFD02979.bin.2.118	12.7947	MQ
MFD02979.bin.2.12	17.05283	MQ
MFD02979.bin.2.121	19.68311	MQ
MFD02979.bin.2.124	30.01861	MQ
MFD02979.bin.2.127	74.0919	MQ
MFD02979.bin.2.128	28.7933	MQ
MFD02979.bin.2.133	16.73105	MQ
MFD02979.bin.2.134	31.73796	MQ
MFD02979.bin.2.135	19.38817	MQ
MFD02979.bin.2.136	27.77524	MQ
MFD02979.bin.2.137	22.44768	MQ
MFD02979.bin.2.138	14.97301	MQ
MFD02979.bin.2.142	34.18575	MQ
MFD02979.bin.2.143	20.4469	MQ
MFD02979.bin.2.144	19.68302	MQ
MFD02979.bin.2.149	27.1627	MQ
MFD02979.bin.2.150	12.16522	MQ
MFD02979.bin.2.151	27.11232	MQ
MFD02979.bin.2.152	20.38295	MQ
MFD02979.bin.2.153	28.51719	MQ
MFD02979.bin.2.155	18.32956	MQ
MFD02979.bin.2.161	37.68851	MQ
MFD02979.bin.2.162	31.14214	MQ
MFD02979.bin.2.168	19.90318	MQ
MFD02979.bin.2.169	19.79329	MQ
MFD02979.bin.2.17	17.12224	MQ
MFD02979.bin.2.170	33.10804	MQ
MFD02979.bin.2.172	17.00525	MQ
MFD02979.bin.2.173	18.42956	MQ
MFD02979.bin.2.175	11.86192	MQ
MFD02979.bin.2.177	27.84933	MQ
MFD02979.bin.2.178	23.50415	MQ
MFD02979.bin.2.181	18.02613	MQ
MFD02979.bin.2.183	24.39776	MQ
MFD02979.bin.2.189	22.0399	MQ
MFD02979.bin.2.191	13.07043	MQ
MFD02979.bin.2.195	49.5802	MQ
MFD02979.bin.2.196	15.6999	MQ
MFD02979.bin.2.199	25.91553	MQ
MFD02979.bin.2.2	40.13683	MQ
MFD02979.bin.2.24	20.65899	MQ
MFD02979.bin.2.25	20.21966	MQ
MFD02979.bin.2.26	19.50654	MQ
MFD02979.bin.2.30	47.81907	MQ
MFD02979.bin.2.32	14.87941	MQ
MFD02979.bin.2.36	27.04982	MQ
MFD02979.bin.2.37	15.05875	MQ
MFD02979.bin.2.38	15.91071	MQ
MFD02979.bin.2.4	22.27618	MQ
MFD02979.bin.2.46	13.59365	MQ
MFD02979.bin.2.54	11.4443	MQ
MFD02979.bin.2.55	20.04688	MQ
MFD02979.bin.2.56	17.94374	MQ
MFD02979.bin.2.57	22.45426	MQ
MFD02979.bin.2.58	19.97086	MQ
MFD02979.bin.2.6	18.7684	MQ
MFD02979.bin.2.61	16.20598	MQ
MFD02979.bin.2.62	18.35358	MQ
MFD02979.bin.2.63	28.03103	MQ
MFD02979.bin.2.66	17.94635	MQ
MFD02979.bin.2.67	21.60587	MQ
MFD02979.bin.2.68	13.97437	MQ
MFD02979.bin.2.7	18.35568	MQ
MFD02979.bin.2.70	36.23656	MQ
MFD02979.bin.2.72	17.02853	MQ
MFD02979.bin.2.75	16.99449	MQ
MFD02979.bin.2.8	19.86396	MQ
MFD02979.bin.2.9	16.84197	MQ
MFD02979.bin.2.91	14.78346	MQ
MFD02979.bin.2.94	17.33221	MQ
MFD02979.bin.3.1	20.08887	MQ
MFD02979.bin.3.102	17.21234	MQ
MFD02979.bin.3.125	16.51963	MQ
MFD02979.bin.3.149	14.56116	MQ
MFD02979.bin.3.154	12.89513	MQ
MFD02979.bin.3.16	21.67316	MQ
MFD02979.bin.3.21	15.75172	MQ
MFD02979.bin.3.217	22.56134	MQ
MFD02979.bin.3.261	33.32412	MQ
MFD02979.bin.3.269	33.74818	MQ
MFD02979.bin.3.28	28.72117	MQ
MFD02979.bin.3.320	16.82695	MQ
MFD02979.bin.3.323	17.49851	MQ
MFD02979.bin.3.36	12.98999	MQ
MFD02979.bin.3.366	14.57394	MQ
MFD02979.bin.3.436	13.78872	MQ
MFD02979.bin.3.437	34.65451	MQ
MFD02979.bin.3.462	19.35364	MQ
MFD02979.bin.3.503	15.79807	MQ
MFD02979.bin.3.66	19.46832	MQ
MFD02979.bin.3.71	23.06083	MQ
MFD02979.bin.3.8	13.8603	MQ
MFD02979.bin.3.86	18.83972	MQ
MFD02979.bin.3.90	24.29358	MQ
MFD02979.bin.4.14	21.3274	MQ
MFD02979.bin.4.344	34.03763	MQ
MFD02979.bin.4.37	30.58357	MQ
MFD02979.bin.4.532	12.25296	MQ
MFD03044.bin.1.102	41.93044	MQ
MFD03044.bin.1.110	85.96696	MQ
MFD03044.bin.1.112	46.31142	MQ
MFD03044.bin.1.137	17.54084	MQ
MFD03044.bin.1.146	27.45921	MQ
MFD03044.bin.1.58	99.23007	MQ
MFD03044.bin.2.101	16.9781	MQ
MFD03044.bin.2.105	22.65686	MQ
MFD03044.bin.2.17	15.08444	MQ
MFD03044.bin.2.2	13.03379	MQ
MFD03044.bin.2.22	23.36568	MQ
MFD03044.bin.2.26	23.44841	MQ
MFD03044.bin.2.29	21.95456	MQ
MFD03044.bin.2.42	233.9255	MQ
MFD03044.bin.2.44	62.535	MQ
MFD03044.bin.2.49	30.71975	MQ
MFD03044.bin.2.50	18.91764	MQ
MFD03044.bin.2.53	12.63897	MQ
MFD03044.bin.2.54	29.36756	MQ
MFD03044.bin.2.56	21.76071	MQ
MFD03044.bin.2.57	25.03408	MQ
MFD03044.bin.2.58	46.16477	MQ
MFD03044.bin.2.59	79.28244	MQ
MFD03044.bin.2.6	23.54696	MQ
MFD03044.bin.2.60	20.5538	MQ
MFD03044.bin.2.61	28.90266	MQ
MFD03044.bin.2.64	14.84879	MQ
MFD03044.bin.2.69	19.28419	MQ
MFD03044.bin.2.70	26.5279	MQ
MFD03044.bin.2.74	37.2962	MQ
MFD03044.bin.2.75	14.24464	MQ
MFD03044.bin.2.80	21.36141	MQ
MFD03044.bin.2.81	16.02771	MQ
MFD03044.bin.2.82	20.83393	MQ
MFD03044.bin.2.84	14.76593	MQ
MFD03044.bin.2.93	30.76463	MQ
MFD03044.bin.2.96	17.87277	MQ
MFD03044.bin.2.99	21.02276	MQ
MFD03044.bin.3.103	101.6033	MQ
MFD03044.bin.3.130	22.39724	MQ
MFD03044.bin.4.204	14.53202	MQ
MFD03044.bin.4.335	16.97047	MQ
MFD03044.bin.4.34	17.73366	MQ
MFD03066.bin.1.57	15.91733	MQ
MFD03066.bin.2.101	19.03514	MQ
MFD03066.bin.2.107	24.05186	MQ
MFD03066.bin.2.108	49.11074	MQ
MFD03066.bin.2.131	71.12018	MQ
MFD03066.bin.2.138	18.18769	MQ
MFD03066.bin.2.139	36.43985	MQ
MFD03066.bin.2.14	18.77274	MQ
MFD03066.bin.2.140	51.93746	MQ
MFD03066.bin.2.142	31.73522	MQ
MFD03066.bin.2.147	28.70626	MQ
MFD03066.bin.2.149	48.10576	MQ
MFD03066.bin.2.151	24.43828	MQ
MFD03066.bin.2.152	25.3821	MQ
MFD03066.bin.2.155	27.90801	MQ
MFD03066.bin.2.157	27.52308	MQ
MFD03066.bin.2.161	36.48313	MQ
MFD03066.bin.2.162	27.89992	MQ
MFD03066.bin.2.167	28.80552	MQ
MFD03066.bin.2.168	31.26717	MQ
MFD03066.bin.2.169	24.39083	MQ
MFD03066.bin.2.17	36.26197	MQ
MFD03066.bin.2.173	51.53239	MQ
MFD03066.bin.2.174	42.92155	MQ
MFD03066.bin.2.176	15.90086	MQ
MFD03066.bin.2.177	29.71678	MQ
MFD03066.bin.2.178	33.55346	MQ
MFD03066.bin.2.180	33.75593	MQ
MFD03066.bin.2.184	27.77993	MQ
MFD03066.bin.2.187	35.75729	MQ
MFD03066.bin.2.188	24.8144	MQ
MFD03066.bin.2.19	27.89793	MQ
MFD03066.bin.2.191	17.7054	MQ
MFD03066.bin.2.192	32.03913	MQ
MFD03066.bin.2.196	25.58062	MQ
MFD03066.bin.2.197	22.18867	MQ
MFD03066.bin.2.2	21.91659	MQ
MFD03066.bin.2.202	26.63496	MQ
MFD03066.bin.2.207	34.86538	MQ
MFD03066.bin.2.215	15.93694	MQ
MFD03066.bin.2.217	17.16891	MQ
MFD03066.bin.2.218	46.84858	MQ
MFD03066.bin.2.22	29.17445	MQ
MFD03066.bin.2.221	21.4455	MQ
MFD03066.bin.2.222	30.31041	MQ
MFD03066.bin.2.225	19.02695	MQ
MFD03066.bin.2.227	15.73772	MQ
MFD03066.bin.2.235	26.62523	MQ
MFD03066.bin.2.236	16.82575	MQ
MFD03066.bin.2.238	37.5591	MQ
MFD03066.bin.2.242	21.47123	MQ
MFD03066.bin.2.245	28.46057	MQ
MFD03066.bin.2.248	15.86001	MQ
MFD03066.bin.2.25	37.93383	MQ
MFD03066.bin.2.26	29.02841	MQ
MFD03066.bin.2.28	43.46825	MQ
MFD03066.bin.2.29	20.45359	MQ
MFD03066.bin.2.34	31.00339	MQ
MFD03066.bin.2.36	16.92125	MQ
MFD03066.bin.2.44	21.36598	MQ
MFD03066.bin.2.46	16.75083	MQ
MFD03066.bin.2.48	31.45007	MQ
MFD03066.bin.2.49	25.48832	MQ
MFD03066.bin.2.5	21.74918	MQ
MFD03066.bin.2.50	30.89803	MQ
MFD03066.bin.2.51	18.04271	MQ
MFD03066.bin.2.54	18.36868	MQ
MFD03066.bin.2.55	29.19509	MQ
MFD03066.bin.2.60	27.55379	MQ
MFD03066.bin.2.67	37.87359	MQ
MFD03066.bin.2.68	25.72238	MQ
MFD03066.bin.2.7	40.04639	MQ
MFD03066.bin.2.72	35.85416	MQ
MFD03066.bin.2.74	14.12096	MQ
MFD03066.bin.2.89	19.2299	MQ
MFD03066.bin.2.9	17.68436	MQ
MFD03066.bin.3.106	19.74838	MQ
MFD03066.bin.3.140	41.4397	MQ
MFD03066.bin.3.157	26.90979	MQ
MFD03066.bin.3.21	22.81253	MQ
MFD03066.bin.3.22	36.73222	MQ
MFD03066.bin.3.270	53.78645	MQ
MFD03066.bin.3.35	25.48285	MQ
MFD03066.bin.3.356	22.06011	MQ
MFD03066.bin.3.412	26.48853	MQ
MFD03066.bin.3.43	24.89189	MQ
MFD03066.bin.3.481	38.64473	MQ
MFD03066.bin.3.542	16.86024	MQ
MFD03066.bin.3.569	24.05527	MQ
MFD03066.bin.3.571	26.26704	MQ
MFD03066.bin.3.58	37.00458	MQ
MFD03066.bin.3.669	25.34892	MQ
MFD03066.bin.4.194	11.55978	MQ
MFD03066.bin.4.89	21.03355	MQ
MFD03250.bin.1.140	19.04918	MQ
MFD03250.bin.1.159	40.55224	MQ
MFD03250.bin.1.44	59.65165	MQ
MFD03250.bin.2.10	26.1529	MQ
MFD03250.bin.2.101	19.29888	MQ
MFD03250.bin.2.102	12.9019	MQ
MFD03250.bin.2.104	22.46447	MQ
MFD03250.bin.2.105	25.55842	MQ
MFD03250.bin.2.11	24.59085	MQ
MFD03250.bin.2.12	24.95884	MQ
MFD03250.bin.2.13	14.34491	MQ
MFD03250.bin.2.15	13.58076	MQ
MFD03250.bin.2.16	18.35915	MQ
MFD03250.bin.2.18	21.41464	MQ
MFD03250.bin.2.20	9.956039	MQ
MFD03250.bin.2.21	9.58092	MQ
MFD03250.bin.2.22	15.35548	MQ
MFD03250.bin.2.23	19.01008	MQ
MFD03250.bin.2.27	25.27651	MQ
MFD03250.bin.2.29	25.20024	MQ
MFD03250.bin.2.30	12.04697	MQ
MFD03250.bin.2.34	10.85042	MQ
MFD03250.bin.2.36	150.4376	MQ
MFD03250.bin.2.4	36.5744	MQ
MFD03250.bin.2.43	1038.325	MQ
MFD03250.bin.2.44	119.6943	MQ
MFD03250.bin.2.45	34.32741	MQ
MFD03250.bin.2.46	40.71863	MQ
MFD03250.bin.2.47	69.02547	MQ
MFD03250.bin.2.52	40.57817	MQ
MFD03250.bin.2.54	36.29655	MQ
MFD03250.bin.2.55	27.67728	MQ
MFD03250.bin.2.56	14.52712	MQ
MFD03250.bin.2.58	136.7245	MQ
MFD03250.bin.2.59	11.38453	MQ
MFD03250.bin.2.6	10.21408	MQ
MFD03250.bin.2.60	20.52059	MQ
MFD03250.bin.2.61	13.33836	MQ
MFD03250.bin.2.62	12.5431	MQ
MFD03250.bin.2.63	8.896612	MQ
MFD03250.bin.2.64	22.97447	MQ
MFD03250.bin.2.65	10.17985	MQ
MFD03250.bin.2.66	20.98686	MQ
MFD03250.bin.2.67	12.45988	MQ
MFD03250.bin.2.69	10.47086	MQ
MFD03250.bin.2.71	17.2723	MQ
MFD03250.bin.2.72	21.03144	MQ
MFD03250.bin.2.74	57.69824	MQ
MFD03250.bin.2.75	10.78585	MQ
MFD03250.bin.2.8	34.54518	MQ
MFD03250.bin.2.83	16.64693	MQ
MFD03250.bin.2.84	13.6676	MQ
MFD03250.bin.2.86	15.16875	MQ
MFD03250.bin.2.87	182.4121	MQ
MFD03250.bin.2.88	50.13094	MQ
MFD03250.bin.2.89	24.1066	MQ
MFD03250.bin.2.9	20.48588	MQ
MFD03250.bin.2.91	87.4477	MQ
MFD03250.bin.2.93	427.7697	MQ
MFD03250.bin.2.98	67.39591	MQ
MFD03250.bin.2.99	12.58017	MQ
MFD03250.bin.3.105	23.79982	MQ
MFD03250.bin.3.11	39.02339	MQ
MFD03250.bin.3.110	15.55473	MQ
MFD03250.bin.3.124	74.41326	MQ
MFD03250.bin.3.125	17.56123	MQ
MFD03250.bin.3.131	160.5582	MQ
MFD03250.bin.3.146	15.42706	MQ
MFD03250.bin.3.149	22.97629	MQ
MFD03250.bin.3.20	104.267	MQ
MFD03250.bin.3.3	10.68162	MQ
MFD03250.bin.3.33	27.14689	MQ
MFD03250.bin.3.55	11.17421	MQ
MFD03250.bin.3.63	9.767067	MQ
MFD03250.bin.3.66	21.82525	MQ
MFD03250.bin.3.99	24.99258	MQ
MFD03250.bin.4.105	118.6997	MQ
MFD03250.bin.4.157	295.296	MQ
MFD03323.bin.1.128	25.00549	MQ
MFD03323.bin.2.1	9.693584	MQ
MFD03323.bin.2.103	15.88215	MQ
MFD03323.bin.2.104	32.47886	MQ
MFD03323.bin.2.105	8.137212	MQ
MFD03323.bin.2.111	18.8445	MQ
MFD03323.bin.2.116	35.96865	MQ
MFD03323.bin.2.123	36.49627	MQ
MFD03323.bin.2.129	5.064814	MQ
MFD03323.bin.2.13	120.8453	MQ
MFD03323.bin.2.17	12.90293	MQ
MFD03323.bin.2.18	11.47077	MQ
MFD03323.bin.2.41	87.06163	MQ
MFD03323.bin.2.46	16.00002	MQ
MFD03323.bin.2.48	14.60691	MQ
MFD03323.bin.2.49	19.1282	MQ
MFD03323.bin.2.63	14.49926	MQ
MFD03323.bin.2.67	7.388263	MQ
MFD03323.bin.2.70	11.42329	MQ
MFD03323.bin.2.72	6.061509	MQ
MFD03323.bin.2.74	18.58824	MQ
MFD03323.bin.2.78	8.609508	MQ
MFD03323.bin.2.84	25.97346	MQ
MFD03323.bin.2.88	18.00253	MQ
MFD03323.bin.2.95	7.488271	MQ
MFD03323.bin.2.99	12.05197	MQ
MFD03323.bin.3.102	14.07771	MQ
MFD03323.bin.3.130	158.104	MQ
MFD03323.bin.3.142	58.64052	MQ
MFD03323.bin.3.214	15.55032	MQ
MFD03323.bin.3.226	7.507131	MQ
MFD03323.bin.3.253	14.64496	MQ
MFD03323.bin.3.266	101.387	MQ
MFD03323.bin.3.41	14.77673	MQ
MFD03346.bin.1.68	43.59567	MQ
MFD03346.bin.1.82	17.92531	MQ
MFD03346.bin.2.1	16.89122	MQ
MFD03346.bin.2.100	19.16624	MQ
MFD03346.bin.2.105	20.84407	MQ
MFD03346.bin.2.107	26.41343	MQ
MFD03346.bin.2.14	34.55867	MQ
MFD03346.bin.2.17	25.69456	MQ
MFD03346.bin.2.19	20.46906	MQ
MFD03346.bin.2.22	20.7504	MQ
MFD03346.bin.2.24	46.90206	MQ
MFD03346.bin.2.25	23.19592	MQ
MFD03346.bin.2.29	21.61584	MQ
MFD03346.bin.2.31	24.14423	MQ
MFD03346.bin.2.36	22.22137	MQ
MFD03346.bin.2.39	16.28933	MQ
MFD03346.bin.2.45	153.3616	MQ
MFD03346.bin.2.5	33.96297	MQ
MFD03346.bin.2.54	28.21458	MQ
MFD03346.bin.2.59	13.77543	MQ
MFD03346.bin.2.6	22.34342	MQ
MFD03346.bin.2.62	19.01152	MQ
MFD03346.bin.2.63	24.28165	MQ
MFD03346.bin.2.69	26.88617	MQ
MFD03346.bin.2.71	17.79958	MQ
MFD03346.bin.2.72	28.17162	MQ
MFD03346.bin.2.73	18.68956	MQ
MFD03346.bin.2.74	19.58754	MQ
MFD03346.bin.2.75	20.91963	MQ
MFD03346.bin.2.80	19.08903	MQ
MFD03346.bin.2.9	149.3204	MQ
MFD03346.bin.2.90	15.52592	MQ
MFD03346.bin.2.94	25.55543	MQ
MFD03346.bin.2.98	24.37581	MQ
MFD03346.bin.3.102	37.69914	MQ
MFD03346.bin.3.103	42.46732	MQ
MFD03346.bin.3.109	364.704	MQ
MFD03346.bin.3.111	13.31243	MQ
MFD03346.bin.3.119	17.99733	MQ
MFD03346.bin.3.208	10.95894	MQ
MFD03346.bin.3.25	53.61763	MQ
MFD03346.bin.3.35	21.03217	MQ
MFD03346.bin.3.38	42.68699	MQ
MFD03346.bin.3.59	21.97382	MQ
MFD03346.bin.3.6	16.98731	MQ
MFD03399.bin.1.15	86.2784	MQ
MFD03399.bin.2.10	20.94188	MQ
MFD03399.bin.2.101	87.87646	MQ
MFD03399.bin.2.103	33.1332	MQ
MFD03399.bin.2.105	19.26233	MQ
MFD03399.bin.2.106	21.43344	MQ
MFD03399.bin.2.108	25.63919	MQ
MFD03399.bin.2.109	16.87238	MQ
MFD03399.bin.2.113	17.35378	MQ
MFD03399.bin.2.119	16.06259	MQ
MFD03399.bin.2.12	14.38536	MQ
MFD03399.bin.2.120	19.84814	MQ
MFD03399.bin.2.122	18.731	MQ
MFD03399.bin.2.123	20.57849	MQ
MFD03399.bin.2.125	19.62862	MQ
MFD03399.bin.2.13	13.09852	MQ
MFD03399.bin.2.21	21.07301	MQ
MFD03399.bin.2.23	13.61651	MQ
MFD03399.bin.2.24	24.57809	MQ
MFD03399.bin.2.26	16.18552	MQ
MFD03399.bin.2.27	19.06696	MQ
MFD03399.bin.2.28	21.46565	MQ
MFD03399.bin.2.35	25.30951	MQ
MFD03399.bin.2.38	44.89269	MQ
MFD03399.bin.2.4	23.00491	MQ
MFD03399.bin.2.41	13.33522	MQ
MFD03399.bin.2.42	26.38473	MQ
MFD03399.bin.2.46	29.78252	MQ
MFD03399.bin.2.5	17.68852	MQ
MFD03399.bin.2.55	17.69382	MQ
MFD03399.bin.2.59	28.47765	MQ
MFD03399.bin.2.63	13.79679	MQ
MFD03399.bin.2.64	15.01399	MQ
MFD03399.bin.2.65	14.82192	MQ
MFD03399.bin.2.69	15.15513	MQ
MFD03399.bin.2.70	17.75106	MQ
MFD03399.bin.2.72	27.5615	MQ
MFD03399.bin.2.73	16.40084	MQ
MFD03399.bin.2.8	31.38786	MQ
MFD03399.bin.2.82	17.01548	MQ
MFD03399.bin.2.84	14.50122	MQ
MFD03399.bin.2.88	31.18913	MQ
MFD03399.bin.2.90	18.6025	MQ
MFD03399.bin.2.91	25.84986	MQ
MFD03399.bin.2.92	19.77234	MQ
MFD03399.bin.2.95	19.20996	MQ
MFD03399.bin.2.96	15.28978	MQ
MFD03399.bin.2.97	21.33551	MQ
MFD03399.bin.2.98	17.46998	MQ
MFD03399.bin.3.157	47.21675	MQ
MFD03399.bin.3.72	12.66309	MQ
MFD03551.bin.1.35	26.62355	MQ
MFD03551.bin.1.67	48.85752	MQ
MFD03551.bin.1.69	64.9322	MQ
MFD03551.bin.1.75	79.20099	MQ
MFD03551.bin.1.99	17.0829	MQ
MFD03551.bin.2.10	21.53466	MQ
MFD03551.bin.2.100	11.90115	MQ
MFD03551.bin.2.101	29.5125	MQ
MFD03551.bin.2.103	15.50511	MQ
MFD03551.bin.2.105	33.59471	MQ
MFD03551.bin.2.107	32.21035	MQ
MFD03551.bin.2.108	22.559	MQ
MFD03551.bin.2.109	24.13596	MQ
MFD03551.bin.2.110	14.38458	MQ
MFD03551.bin.2.114	16.9204	MQ
MFD03551.bin.2.116	12.55964	MQ
MFD03551.bin.2.117	37.15834	MQ
MFD03551.bin.2.119	21.34393	MQ
MFD03551.bin.2.12	18.54542	MQ
MFD03551.bin.2.120	30.85252	MQ
MFD03551.bin.2.121	31.40832	MQ
MFD03551.bin.2.127	19.5994	MQ
MFD03551.bin.2.128	23.93267	MQ
MFD03551.bin.2.131	29.29184	MQ
MFD03551.bin.2.132	22.58316	MQ
MFD03551.bin.2.133	22.48752	MQ
MFD03551.bin.2.14	16.72506	MQ
MFD03551.bin.2.15	12.35078	MQ
MFD03551.bin.2.18	106.1007	MQ
MFD03551.bin.2.19	15.51432	MQ
MFD03551.bin.2.2	13.2269	MQ
MFD03551.bin.2.21	26.49749	MQ
MFD03551.bin.2.23	32.21388	MQ
MFD03551.bin.2.24	15.94243	MQ
MFD03551.bin.2.26	18.4956	MQ
MFD03551.bin.2.3	16.19913	MQ
MFD03551.bin.2.30	37.11065	MQ
MFD03551.bin.2.31	23.78057	MQ
MFD03551.bin.2.35	14.66848	MQ
MFD03551.bin.2.4	16.46757	MQ
MFD03551.bin.2.44	33.17376	MQ
MFD03551.bin.2.46	56.09277	MQ
MFD03551.bin.2.47	184.6395	MQ
MFD03551.bin.2.48	39.20711	MQ
MFD03551.bin.2.50	26.86726	MQ
MFD03551.bin.2.51	40.37066	MQ
MFD03551.bin.2.54	24.12332	MQ
MFD03551.bin.2.55	42.38669	MQ
MFD03551.bin.2.56	49.04845	MQ
MFD03551.bin.2.57	20.10052	MQ
MFD03551.bin.2.58	21.03997	MQ
MFD03551.bin.2.59	41.50306	MQ
MFD03551.bin.2.6	25.83993	MQ
MFD03551.bin.2.60	53.80409	MQ
MFD03551.bin.2.65	22.92864	MQ
MFD03551.bin.2.70	22.57286	MQ
MFD03551.bin.2.71	26.90914	MQ
MFD03551.bin.2.72	17.4021	MQ
MFD03551.bin.2.73	54.00717	MQ
MFD03551.bin.2.74	23.00104	MQ
MFD03551.bin.2.75	21.69044	MQ
MFD03551.bin.2.76	21.65715	MQ
MFD03551.bin.2.79	29.45487	MQ
MFD03551.bin.2.8	26.75996	MQ
MFD03551.bin.2.80	16.97443	MQ
MFD03551.bin.2.82	15.65465	MQ
MFD03551.bin.2.83	28.58006	MQ
MFD03551.bin.2.86	21.75155	MQ
MFD03551.bin.2.87	15.75168	MQ
MFD03551.bin.2.88	21.09571	MQ
MFD03551.bin.2.9	23.48571	MQ
MFD03551.bin.2.91	35.17513	MQ
MFD03551.bin.2.92	18.69257	MQ
MFD03551.bin.2.93	19.59327	MQ
MFD03551.bin.2.97	42.7477	MQ
MFD03551.bin.2.99	22.56376	MQ
MFD03551.bin.3.102	68.19845	MQ
MFD03551.bin.3.13	14.8089	MQ
MFD03551.bin.3.136	18.59579	MQ
MFD03551.bin.3.138	31.95611	MQ
MFD03551.bin.3.149	16.72104	MQ
MFD03551.bin.3.17	23.32435	MQ
MFD03551.bin.3.181	20.18073	MQ
MFD03551.bin.3.215	23.81507	MQ
MFD03551.bin.3.232	17.23105	MQ
MFD03551.bin.3.27	32.14403	MQ
MFD03551.bin.3.4	28.30844	MQ
MFD03551.bin.3.50	21.48452	MQ
MFD03551.bin.3.55	24.23932	MQ
MFD03551.bin.3.65	77.75985	MQ
MFD03551.bin.3.68	97.70273	MQ
MFD03551.bin.3.91	23.67904	MQ
MFD03551.bin.3.92	20.97135	MQ
MFD03602.bin.2.11	25.44062	MQ
MFD03602.bin.2.12	15.90618	MQ
MFD03602.bin.2.14	45.40449	MQ
MFD03602.bin.2.22	27.05346	MQ
MFD03602.bin.2.23	40.04435	MQ
MFD03602.bin.2.3	32.78461	MQ
MFD03602.bin.2.30	17.92502	MQ
MFD03602.bin.2.33	31.92047	MQ
MFD03602.bin.2.40	19.43424	MQ
MFD03602.bin.2.6	29.64108	MQ
MFD03602.bin.2.63	21.86554	MQ
MFD03602.bin.2.71	26.62436	MQ
MFD03602.bin.2.74	13.91513	MQ
MFD03602.bin.2.9	29.77067	MQ
MFD03602.bin.3.201	28.14553	MQ
MFD03602.bin.3.245	17.06195	MQ
MFD03638.bin.2.1	7.73935	MQ
MFD03638.bin.2.4	21.59542	MQ
MFD03638.bin.2.5	14.82932	MQ
MFD03726.bin.1.141	16.69453	MQ
MFD03726.bin.1.191	16.02401	MQ
MFD03726.bin.1.231	46.6587	MQ
MFD03726.bin.1.238	19.92062	MQ
MFD03726.bin.1.31	26.11267	MQ
MFD03726.bin.1.58	25.47394	MQ
MFD03726.bin.2.100	20.36074	MQ
MFD03726.bin.2.102	18.89197	MQ
MFD03726.bin.2.104	12.6675	MQ
MFD03726.bin.2.106	22.33151	MQ
MFD03726.bin.2.108	30.85631	MQ
MFD03726.bin.2.110	20.83235	MQ
MFD03726.bin.2.115	10.64403	MQ
MFD03726.bin.2.118	24.4091	MQ
MFD03726.bin.2.119	15.57953	MQ
MFD03726.bin.2.12	14.98414	MQ
MFD03726.bin.2.120	11.57592	MQ
MFD03726.bin.2.121	25.61066	MQ
MFD03726.bin.2.125	13.90919	MQ
MFD03726.bin.2.126	17.64756	MQ
MFD03726.bin.2.132	20.62713	MQ
MFD03726.bin.2.134	11.67374	MQ
MFD03726.bin.2.136	22.64614	MQ
MFD03726.bin.2.138	47.97488	MQ
MFD03726.bin.2.139	31.65478	MQ
MFD03726.bin.2.143	46.68103	MQ
MFD03726.bin.2.145	30.03343	MQ
MFD03726.bin.2.146	20.65245	MQ
MFD03726.bin.2.148	20.87216	MQ
MFD03726.bin.2.15	13.34619	MQ
MFD03726.bin.2.151	30.00176	MQ
MFD03726.bin.2.155	61.47593	MQ
MFD03726.bin.2.159	12.31179	MQ
MFD03726.bin.2.160	92.97384	MQ
MFD03726.bin.2.162	22.15923	MQ
MFD03726.bin.2.164	25.68493	MQ
MFD03726.bin.2.166	10.65904	MQ
MFD03726.bin.2.167	20.22303	MQ
MFD03726.bin.2.168	13.356	MQ
MFD03726.bin.2.17	17.86736	MQ
MFD03726.bin.2.170	41.38696	MQ
MFD03726.bin.2.19	30.70733	MQ
MFD03726.bin.2.22	25.70215	MQ
MFD03726.bin.2.23	45.01942	MQ
MFD03726.bin.2.24	29.87864	MQ
MFD03726.bin.2.27	15.61195	MQ
MFD03726.bin.2.30	14.51089	MQ
MFD03726.bin.2.31	20.8113	MQ
MFD03726.bin.2.35	23.78362	MQ
MFD03726.bin.2.4	21.02545	MQ
MFD03726.bin.2.40	12.72429	MQ
MFD03726.bin.2.44	11.06602	MQ
MFD03726.bin.2.45	21.50219	MQ
MFD03726.bin.2.57	66.68688	MQ
MFD03726.bin.2.7	19.63986	MQ
MFD03726.bin.2.71	104.7521	MQ
MFD03726.bin.2.78	12.3255	MQ
MFD03726.bin.2.8	18.30755	MQ
MFD03726.bin.2.91	148.6219	MQ
MFD03726.bin.2.96	12.99112	MQ
MFD03726.bin.2.99	60.60737	MQ
MFD03726.bin.3.144	34.5293	MQ
MFD03726.bin.3.214	12.70842	MQ
MFD03726.bin.3.50	19.30817	MQ
MFD03726.bin.3.53	19.64656	MQ
MFD03726.bin.3.56	13.26278	MQ
MFD03726.bin.3.71	11.95057	MQ
MFD03726.bin.3.73	16.29829	MQ
MFD03726.bin.3.8	18.74198	MQ
MFD03726.bin.3.89	10.05697	MQ
MFD03726.bin.4.172	23.02237	MQ
MFD03726.bin.4.276	76.71897	MQ
MFD03726.bin.4.336	16.18642	MQ
MFD03804.bin.1.193	19.47534	MQ
MFD03804.bin.1.259	19.39042	MQ
MFD03804.bin.1.260	25.48516	MQ
MFD03804.bin.1.278	30.96555	MQ
MFD03804.bin.1.90	15.14758	MQ
MFD03804.bin.2.1	21.09395	MQ
MFD03804.bin.2.10	17.76908	MQ
MFD03804.bin.2.101	23.96963	MQ
MFD03804.bin.2.107	10.03415	MQ
MFD03804.bin.2.108	31.93304	MQ
MFD03804.bin.2.109	23.23856	MQ
MFD03804.bin.2.110	33.45007	MQ
MFD03804.bin.2.112	34.01714	MQ
MFD03804.bin.2.113	46.74287	MQ
MFD03804.bin.2.114	40.9793	MQ
MFD03804.bin.2.115	21.47571	MQ
MFD03804.bin.2.116	14.31689	MQ
MFD03804.bin.2.117	38.68154	MQ
MFD03804.bin.2.119	36.70203	MQ
MFD03804.bin.2.126	19.14408	MQ
MFD03804.bin.2.127	64.45637	MQ
MFD03804.bin.2.128	32.60037	MQ
MFD03804.bin.2.129	15.26642	MQ
MFD03804.bin.2.13	28.5268	MQ
MFD03804.bin.2.130	97.09882	MQ
MFD03804.bin.2.131	19.4554	MQ
MFD03804.bin.2.132	17.46962	MQ
MFD03804.bin.2.134	24.57631	MQ
MFD03804.bin.2.136	21.55688	MQ
MFD03804.bin.2.139	10.43022	MQ
MFD03804.bin.2.14	15.46755	MQ
MFD03804.bin.2.140	39.43789	MQ
MFD03804.bin.2.141	24.46848	MQ
MFD03804.bin.2.143	24.35407	MQ
MFD03804.bin.2.145	23.30636	MQ
MFD03804.bin.2.147	62.93545	MQ
MFD03804.bin.2.148	20.06464	MQ
MFD03804.bin.2.150	13.42951	MQ
MFD03804.bin.2.151	13.91841	MQ
MFD03804.bin.2.152	13.07911	MQ
MFD03804.bin.2.153	15.25057	MQ
MFD03804.bin.2.157	27.68302	MQ
MFD03804.bin.2.158	27.66133	MQ
MFD03804.bin.2.16	22.18607	MQ
MFD03804.bin.2.160	21.53684	MQ
MFD03804.bin.2.161	21.35442	MQ
MFD03804.bin.2.165	17.1651	MQ
MFD03804.bin.2.168	19.17251	MQ
MFD03804.bin.2.17	17.01448	MQ
MFD03804.bin.2.172	12.00491	MQ
MFD03804.bin.2.178	59.32339	MQ
MFD03804.bin.2.181	17.88898	MQ
MFD03804.bin.2.182	25.52348	MQ
MFD03804.bin.2.183	16.48452	MQ
MFD03804.bin.2.184	26.56926	MQ
MFD03804.bin.2.185	21.88546	MQ
MFD03804.bin.2.187	27.84299	MQ
MFD03804.bin.2.188	22.9314	MQ
MFD03804.bin.2.190	22.71001	MQ
MFD03804.bin.2.191	17.88632	MQ
MFD03804.bin.2.195	16.04065	MQ
MFD03804.bin.2.198	24.18727	MQ
MFD03804.bin.2.2	17.27181	MQ
MFD03804.bin.2.20	19.0573	MQ
MFD03804.bin.2.200	13.61521	MQ
MFD03804.bin.2.201	21.74952	MQ
MFD03804.bin.2.202	15.92456	MQ
MFD03804.bin.2.22	21.19915	MQ
MFD03804.bin.2.27	82.94138	MQ
MFD03804.bin.2.3	24.22899	MQ
MFD03804.bin.2.4	14.99164	MQ
MFD03804.bin.2.42	17.26257	MQ
MFD03804.bin.2.45	21.33503	MQ
MFD03804.bin.2.46	16.89947	MQ
MFD03804.bin.2.47	21.86212	MQ
MFD03804.bin.2.5	11.52501	MQ
MFD03804.bin.2.50	54.46836	MQ
MFD03804.bin.2.51	12.72212	MQ
MFD03804.bin.2.52	31.97764	MQ
MFD03804.bin.2.56	24.90702	MQ
MFD03804.bin.2.58	40.92134	MQ
MFD03804.bin.2.63	17.42044	MQ
MFD03804.bin.2.64	17.62201	MQ
MFD03804.bin.2.65	17.35423	MQ
MFD03804.bin.2.67	14.57877	MQ
MFD03804.bin.2.68	12.52114	MQ
MFD03804.bin.2.69	18.70007	MQ
MFD03804.bin.2.7	14.38	MQ
MFD03804.bin.2.70	19.34512	MQ
MFD03804.bin.2.71	17.05587	MQ
MFD03804.bin.2.72	14.38262	MQ
MFD03804.bin.2.74	16.83068	MQ
MFD03804.bin.2.77	36.20119	MQ
MFD03804.bin.2.8	14.75081	MQ
MFD03804.bin.2.81	11.1375	MQ
MFD03804.bin.2.83	11.98465	MQ
MFD03804.bin.2.94	19.13959	MQ
MFD03804.bin.2.98	66.39265	MQ
MFD03804.bin.3.104	15.62655	MQ
MFD03804.bin.3.128	14.43364	MQ
MFD03804.bin.3.138	15.65043	MQ
MFD03804.bin.3.143	16.62589	MQ
MFD03804.bin.3.144	14.09712	MQ
MFD03804.bin.3.153	38.80547	MQ
MFD03804.bin.3.160	41.09301	MQ
MFD03804.bin.3.221	13.55691	MQ
MFD03804.bin.3.239	14.88112	MQ
MFD03804.bin.3.24	21.8331	MQ
MFD03804.bin.3.257	13.84279	MQ
MFD03804.bin.3.291	16.77659	MQ
MFD03804.bin.3.292	30.01496	MQ
MFD03804.bin.3.296	12.70113	MQ
MFD03804.bin.3.310	12.47193	MQ
MFD03804.bin.3.322	18.04119	MQ
MFD03804.bin.3.35	14.07372	MQ
MFD03804.bin.3.367	31.62057	MQ
MFD03804.bin.3.42	33.58334	MQ
MFD03804.bin.3.6	14.70071	MQ
MFD03804.bin.3.68	19.7482	MQ
MFD03804.bin.3.76	12.49281	MQ
MFD03804.bin.3.90	11.82686	MQ
MFD03804.bin.3.97	21.46654	MQ
MFD03804.bin.3.99	13.06605	MQ
MFD03804.bin.4.125	17.67609	MQ
MFD03804.bin.4.185	21.67301	MQ
MFD03804.bin.4.483	35.66435	MQ
MFD03899.bin.2.100	21.32361	MQ
MFD03899.bin.2.103	25.91451	MQ
MFD03899.bin.2.116	30.16873	MQ
MFD03899.bin.2.122	20.75618	MQ
MFD03899.bin.2.124	44.48901	MQ
MFD03899.bin.2.126	26.35683	MQ
MFD03899.bin.2.127	20.06191	MQ
MFD03899.bin.2.128	26.87322	MQ
MFD03899.bin.2.129	14.20521	MQ
MFD03899.bin.2.132	25.94502	MQ
MFD03899.bin.2.133	19.96005	MQ
MFD03899.bin.2.134	17.46239	MQ
MFD03899.bin.2.135	18.77529	MQ
MFD03899.bin.2.136	22.10989	MQ
MFD03899.bin.2.137	29.78281	MQ
MFD03899.bin.2.138	16.50863	MQ
MFD03899.bin.2.141	26.3603	MQ
MFD03899.bin.2.142	22.85182	MQ
MFD03899.bin.2.143	14.12487	MQ
MFD03899.bin.2.147	27.89123	MQ
MFD03899.bin.2.149	28.53632	MQ
MFD03899.bin.2.164	22.5481	MQ
MFD03899.bin.2.17	14.90896	MQ
MFD03899.bin.2.171	29.57063	MQ
MFD03899.bin.2.173	26.68375	MQ
MFD03899.bin.2.174	16.93564	MQ
MFD03899.bin.2.178	20.30956	MQ
MFD03899.bin.2.182	24.97134	MQ
MFD03899.bin.2.183	19.61043	MQ
MFD03899.bin.2.186	19.49348	MQ
MFD03899.bin.2.190	20.58712	MQ
MFD03899.bin.2.192	34.60487	MQ
MFD03899.bin.2.199	22.60833	MQ
MFD03899.bin.2.22	14.46618	MQ
MFD03899.bin.2.23	21.94952	MQ
MFD03899.bin.2.25	49.61757	MQ
MFD03899.bin.2.26	18.76399	MQ
MFD03899.bin.2.29	68.42419	MQ
MFD03899.bin.2.31	25.58667	MQ
MFD03899.bin.2.34	19.77456	MQ
MFD03899.bin.2.35	15.1818	MQ
MFD03899.bin.2.37	25.32234	MQ
MFD03899.bin.2.39	18.14391	MQ
MFD03899.bin.2.42	19.3862	MQ
MFD03899.bin.2.43	24.18176	MQ
MFD03899.bin.2.47	21.08688	MQ
MFD03899.bin.2.49	23.52473	MQ
MFD03899.bin.2.50	15.22413	MQ
MFD03899.bin.2.51	18.42377	MQ
MFD03899.bin.2.58	22.74348	MQ
MFD03899.bin.2.60	22.4773	MQ
MFD03899.bin.2.89	23.85442	MQ
MFD03899.bin.2.95	38.23156	MQ
MFD03899.bin.3.133	43.69213	MQ
MFD03899.bin.3.143	20.68056	MQ
MFD03899.bin.3.172	17.72103	MQ
MFD03899.bin.3.19	17.8551	MQ
MFD03899.bin.3.299	15.20692	MQ
MFD03899.bin.3.377	71.2542	MQ
MFD03899.bin.4.53	23.4852	MQ
MFD03899.bin.4.72	14.0523	MQ
MFD03975.bin.2.1	15.45346	MQ
MFD03975.bin.2.100	26.82915	MQ
MFD03975.bin.2.101	22.01521	MQ
MFD03975.bin.2.103	32.68708	MQ
MFD03975.bin.2.108	19.01043	MQ
MFD03975.bin.2.109	18.55485	MQ
MFD03975.bin.2.110	23.00921	MQ
MFD03975.bin.2.115	44.39278	MQ
MFD03975.bin.2.133	16.87053	MQ
MFD03975.bin.2.135	34.21515	MQ
MFD03975.bin.2.138	20.28877	MQ
MFD03975.bin.2.139	29.6246	MQ
MFD03975.bin.2.148	43.33454	MQ
MFD03975.bin.2.149	35.50288	MQ
MFD03975.bin.2.154	74.49593	MQ
MFD03975.bin.2.155	20.94271	MQ
MFD03975.bin.2.158	21.28663	MQ
MFD03975.bin.2.161	20.35664	MQ
MFD03975.bin.2.162	19.85397	MQ
MFD03975.bin.2.168	35.45772	MQ
MFD03975.bin.2.17	21.97508	MQ
MFD03975.bin.2.170	53.87928	MQ
MFD03975.bin.2.171	39.77202	MQ
MFD03975.bin.2.172	34.66666	MQ
MFD03975.bin.2.173	21.87723	MQ
MFD03975.bin.2.179	20.17781	MQ
MFD03975.bin.2.184	40.29227	MQ
MFD03975.bin.2.189	18.94441	MQ
MFD03975.bin.2.193	33.83313	MQ
MFD03975.bin.2.194	13.75671	MQ
MFD03975.bin.2.195	31.38806	MQ
MFD03975.bin.2.2	39.63763	MQ
MFD03975.bin.2.20	18.55968	MQ
MFD03975.bin.2.205	54.34954	MQ
MFD03975.bin.2.213	16.90608	MQ
MFD03975.bin.2.214	19.68701	MQ
MFD03975.bin.2.220	33.15197	MQ
MFD03975.bin.2.224	25.4745	MQ
MFD03975.bin.2.228	32.72163	MQ
MFD03975.bin.2.234	16.35243	MQ
MFD03975.bin.2.239	21.46578	MQ
MFD03975.bin.2.240	20.81783	MQ
MFD03975.bin.2.245	46.95266	MQ
MFD03975.bin.2.246	32.47909	MQ
MFD03975.bin.2.247	48.21584	MQ
MFD03975.bin.2.249	23.51505	MQ
MFD03975.bin.2.257	35.61277	MQ
MFD03975.bin.2.26	34.3682	MQ
MFD03975.bin.2.3	18.06089	MQ
MFD03975.bin.2.33	33.34048	MQ
MFD03975.bin.2.34	28.91533	MQ
MFD03975.bin.2.35	22.96634	MQ
MFD03975.bin.2.42	15.27991	MQ
MFD03975.bin.2.49	20.2126	MQ
MFD03975.bin.2.54	23.7353	MQ
MFD03975.bin.2.58	15.84854	MQ
MFD03975.bin.2.6	31.54734	MQ
MFD03975.bin.2.65	19.6527	MQ
MFD03975.bin.2.67	39.36093	MQ
MFD03975.bin.2.68	52.73449	MQ
MFD03975.bin.2.72	16.5316	MQ
MFD03975.bin.2.73	31.31688	MQ
MFD03975.bin.2.76	36.87224	MQ
MFD03975.bin.2.78	16.27014	MQ
MFD03975.bin.2.79	23.43593	MQ
MFD03975.bin.2.8	16.59225	MQ
MFD03975.bin.2.83	12.92055	MQ
MFD03975.bin.2.87	17.70095	MQ
MFD03975.bin.2.88	20.34711	MQ
MFD03975.bin.2.91	49.89511	MQ
MFD03975.bin.2.93	25.36275	MQ
MFD03975.bin.2.94	13.11241	MQ
MFD03975.bin.3.102	38.4335	MQ
MFD03975.bin.3.191	25.21127	MQ
MFD03975.bin.3.203	29.96079	MQ
MFD03975.bin.3.247	26.82512	MQ
MFD03975.bin.3.290	29.59965	MQ
MFD03975.bin.3.325	15.25659	MQ
MFD03975.bin.3.344	35.60582	MQ
MFD03975.bin.3.416	24.03586	MQ
MFD03975.bin.3.478	20.0551	MQ
MFD03975.bin.3.550	19.20806	MQ
MFD03975.bin.3.589	20.54564	MQ
MFD03975.bin.3.6	17.4941	MQ
MFD03975.bin.3.601	23.75142	MQ
MFD03975.bin.3.670	16.64316	MQ
MFD03975.bin.3.687	16.86732	MQ
MFD03975.bin.3.69	25.83319	MQ
MFD03975.bin.3.698	23.25884	MQ
MFD03975.bin.4.160	20.24114	MQ
MFD03975.bin.4.163	16.59866	MQ
MFD03975.bin.4.450	22.94879	MQ
MFD03975.bin.4.697	17.78572	MQ
MFD04212.bin.1.148	24.52752	MQ
MFD04212.bin.1.195	25.39903	MQ
MFD04212.bin.1.207	41.16863	MQ
MFD04212.bin.1.215	25.87297	MQ
MFD04212.bin.1.240	20.65856	MQ
MFD04212.bin.1.249	112.031	MQ
MFD04212.bin.1.317	29.59408	MQ
MFD04212.bin.2.108	19.81039	MQ
MFD04212.bin.2.11	24.66216	MQ
MFD04212.bin.2.111	12.70978	MQ
MFD04212.bin.2.117	19.50278	MQ
MFD04212.bin.2.119	20.48252	MQ
MFD04212.bin.2.12	33.51247	MQ
MFD04212.bin.2.122	23.16249	MQ
MFD04212.bin.2.124	15.67238	MQ
MFD04212.bin.2.126	18.12804	MQ
MFD04212.bin.2.127	28.27378	MQ
MFD04212.bin.2.128	21.93069	MQ
MFD04212.bin.2.129	30.74798	MQ
MFD04212.bin.2.130	18.59248	MQ
MFD04212.bin.2.131	14.05368	MQ
MFD04212.bin.2.132	12.63458	MQ
MFD04212.bin.2.138	39.06763	MQ
MFD04212.bin.2.14	25.44702	MQ
MFD04212.bin.2.141	31.31886	MQ
MFD04212.bin.2.142	14.64242	MQ
MFD04212.bin.2.143	20.55095	MQ
MFD04212.bin.2.15	25.47951	MQ
MFD04212.bin.2.151	12.4506	MQ
MFD04212.bin.2.152	37.93891	MQ
MFD04212.bin.2.155	26.23143	MQ
MFD04212.bin.2.156	28.08953	MQ
MFD04212.bin.2.157	17.73415	MQ
MFD04212.bin.2.159	20.412	MQ
MFD04212.bin.2.160	12.34071	MQ
MFD04212.bin.2.161	17.70377	MQ
MFD04212.bin.2.162	16.2564	MQ
MFD04212.bin.2.163	16.82391	MQ
MFD04212.bin.2.164	46.21484	MQ
MFD04212.bin.2.165	15.47604	MQ
MFD04212.bin.2.167	29.1055	MQ
MFD04212.bin.2.169	21.04545	MQ
MFD04212.bin.2.17	25.02453	MQ
MFD04212.bin.2.171	11.17717	MQ
MFD04212.bin.2.173	26.91483	MQ
MFD04212.bin.2.175	68.48097	MQ
MFD04212.bin.2.176	98.58285	MQ
MFD04212.bin.2.178	19.19897	MQ
MFD04212.bin.2.179	16.75891	MQ
MFD04212.bin.2.181	23.801	MQ
MFD04212.bin.2.186	24.35025	MQ
MFD04212.bin.2.189	30.38874	MQ
MFD04212.bin.2.192	19.11624	MQ
MFD04212.bin.2.193	48.29821	MQ
MFD04212.bin.2.194	14.02234	MQ
MFD04212.bin.2.2	25.30525	MQ
MFD04212.bin.2.20	73.14864	MQ
MFD04212.bin.2.205	24.31289	MQ
MFD04212.bin.2.207	18.38052	MQ
MFD04212.bin.2.21	21.48034	MQ
MFD04212.bin.2.210	17.98022	MQ
MFD04212.bin.2.216	36.98135	MQ
MFD04212.bin.2.218	43.06903	MQ
MFD04212.bin.2.22	35.76504	MQ
MFD04212.bin.2.221	17.83943	MQ
MFD04212.bin.2.222	13.15861	MQ
MFD04212.bin.2.223	20.94788	MQ
MFD04212.bin.2.224	21.82276	MQ
MFD04212.bin.2.225	30.81178	MQ
MFD04212.bin.2.227	21.67842	MQ
MFD04212.bin.2.228	73.96467	MQ
MFD04212.bin.2.229	44.95488	MQ
MFD04212.bin.2.23	19.22444	MQ
MFD04212.bin.2.232	17.04734	MQ
MFD04212.bin.2.234	21.34435	MQ
MFD04212.bin.2.237	17.20263	MQ
MFD04212.bin.2.240	34.10907	MQ
MFD04212.bin.2.241	13.04056	MQ
MFD04212.bin.2.25	28.50315	MQ
MFD04212.bin.2.26	17.78486	MQ
MFD04212.bin.2.27	50.99434	MQ
MFD04212.bin.2.28	17.66886	MQ
MFD04212.bin.2.29	19.84342	MQ
MFD04212.bin.2.3	97.47662	MQ
MFD04212.bin.2.30	13.23134	MQ
MFD04212.bin.2.33	16.23145	MQ
MFD04212.bin.2.37	25.03536	MQ
MFD04212.bin.2.38	30.52815	MQ
MFD04212.bin.2.39	10.86315	MQ
MFD04212.bin.2.42	17.20456	MQ
MFD04212.bin.2.45	16.73024	MQ
MFD04212.bin.2.46	21.57552	MQ
MFD04212.bin.2.47	18.76127	MQ
MFD04212.bin.2.48	75.77791	MQ
MFD04212.bin.2.49	25.19622	MQ
MFD04212.bin.2.5	37.88128	MQ
MFD04212.bin.2.51	17.48716	MQ
MFD04212.bin.2.52	53.65173	MQ
MFD04212.bin.2.53	14.5919	MQ
MFD04212.bin.2.54	25.38244	MQ
MFD04212.bin.2.6	28.7559	MQ
MFD04212.bin.2.60	20.75405	MQ
MFD04212.bin.2.62	11.94886	MQ
MFD04212.bin.2.63	20.01882	MQ
MFD04212.bin.2.7	23.78283	MQ
MFD04212.bin.2.71	31.27737	MQ
MFD04212.bin.2.72	22.29717	MQ
MFD04212.bin.2.73	17.07111	MQ
MFD04212.bin.2.8	18.56973	MQ
MFD04212.bin.2.81	23.04084	MQ
MFD04212.bin.2.89	20.69686	MQ
MFD04212.bin.2.9	25.28939	MQ
MFD04212.bin.3.151	17.89798	MQ
MFD04212.bin.3.240	132.5417	MQ
MFD04212.bin.3.309	9.768105	MQ
MFD04212.bin.3.37	14.04735	MQ
MFD04212.bin.3.408	15.69378	MQ
MFD04212.bin.3.468	15.3202	MQ
MFD04212.bin.3.470	35.59862	MQ
MFD04212.bin.3.502	27.81002	MQ
MFD04212.bin.3.575	23.86235	MQ
MFD04212.bin.3.614	18.62488	MQ
MFD04212.bin.3.74	22.68434	MQ
MFD04212.bin.3.82	15.4139	MQ
MFD04408.bin.1.124	22.02386	MQ
MFD04408.bin.1.190	46.59697	MQ
MFD04408.bin.1.215	26.97139	MQ
MFD04408.bin.1.46	41.29555	MQ
MFD04408.bin.1.50	19.74062	MQ
MFD04408.bin.1.59	32.8154	MQ
MFD04408.bin.2.101	28.55665	MQ
MFD04408.bin.2.105	33.25394	MQ
MFD04408.bin.2.106	19.72302	MQ
MFD04408.bin.2.108	23.85462	MQ
MFD04408.bin.2.111	22.71449	MQ
MFD04408.bin.2.112	16.66199	MQ
MFD04408.bin.2.113	24.97172	MQ
MFD04408.bin.2.114	24.73919	MQ
MFD04408.bin.2.116	35.01217	MQ
MFD04408.bin.2.119	20.03578	MQ
MFD04408.bin.2.12	36.38308	MQ
MFD04408.bin.2.120	18.14553	MQ
MFD04408.bin.2.121	36.74315	MQ
MFD04408.bin.2.123	28.57597	MQ
MFD04408.bin.2.124	36.2216	MQ
MFD04408.bin.2.125	13.31505	MQ
MFD04408.bin.2.126	13.77989	MQ
MFD04408.bin.2.128	15.46039	MQ
MFD04408.bin.2.130	30.45933	MQ
MFD04408.bin.2.132	31.49874	MQ
MFD04408.bin.2.133	21.13073	MQ
MFD04408.bin.2.135	12.09081	MQ
MFD04408.bin.2.136	65.47896	MQ
MFD04408.bin.2.137	31.48603	MQ
MFD04408.bin.2.138	16.49114	MQ
MFD04408.bin.2.143	22.21221	MQ
MFD04408.bin.2.145	22.09873	MQ
MFD04408.bin.2.149	19.91818	MQ
MFD04408.bin.2.15	32.97858	MQ
MFD04408.bin.2.153	32.07351	MQ
MFD04408.bin.2.154	15.24908	MQ
MFD04408.bin.2.160	20.58992	MQ
MFD04408.bin.2.163	24.2308	MQ
MFD04408.bin.2.164	23.26832	MQ
MFD04408.bin.2.166	12.84278	MQ
MFD04408.bin.2.169	15.82473	MQ
MFD04408.bin.2.178	19.80818	MQ
MFD04408.bin.2.180	23.24139	MQ
MFD04408.bin.2.182	13.5254	MQ
MFD04408.bin.2.184	23.1561	MQ
MFD04408.bin.2.186	39.49489	MQ
MFD04408.bin.2.187	35.07768	MQ
MFD04408.bin.2.189	143.3851	MQ
MFD04408.bin.2.19	40.50951	MQ
MFD04408.bin.2.190	16.3511	MQ
MFD04408.bin.2.193	22.2414	MQ
MFD04408.bin.2.194	19.3611	MQ
MFD04408.bin.2.195	20.30752	MQ
MFD04408.bin.2.2	10.26854	MQ
MFD04408.bin.2.23	13.07739	MQ
MFD04408.bin.2.25	19.92585	MQ
MFD04408.bin.2.28	24.84737	MQ
MFD04408.bin.2.31	24.387	MQ
MFD04408.bin.2.40	19.1906	MQ
MFD04408.bin.2.42	32.71061	MQ
MFD04408.bin.2.47	23.42063	MQ
MFD04408.bin.2.57	18.48727	MQ
MFD04408.bin.2.6	15.59747	MQ
MFD04408.bin.2.73	29.56658	MQ
MFD04408.bin.2.83	66.90492	MQ
MFD04408.bin.2.84	13.97252	MQ
MFD04408.bin.2.86	16.17774	MQ
MFD04408.bin.2.87	50.57209	MQ
MFD04408.bin.2.88	16.17139	MQ
MFD04408.bin.2.92	19.34325	MQ
MFD04408.bin.2.94	18.11292	MQ
MFD04408.bin.2.96	64.06718	MQ
MFD04408.bin.2.99	29.64665	MQ
MFD04408.bin.3.102	57.60737	MQ
MFD04408.bin.3.196	34.06939	MQ
MFD04408.bin.3.200	42.05992	MQ
MFD04408.bin.3.226	27.18171	MQ
MFD04408.bin.3.285	67.2204	MQ
MFD04408.bin.3.3	15.26839	MQ
MFD04408.bin.3.32	21.14018	MQ
MFD04408.bin.3.343	27.61842	MQ
MFD04408.bin.3.357	20.42743	MQ
MFD04408.bin.3.38	45.67407	MQ
MFD04408.bin.3.55	32.36615	MQ
MFD04408.bin.3.73	27.52459	MQ
MFD04408.bin.3.77	29.58404	MQ
MFD04408.bin.3.80	51.756	MQ
MFD04408.bin.4.246	105.2249	MQ
MFD04408.bin.4.34	37.71246	MQ
MFD04428.bin.1.3	21.93805	MQ
MFD04428.bin.2.108	19.28634	MQ
MFD04428.bin.2.110	20.22579	MQ
MFD04428.bin.2.117	33.95513	MQ
MFD04428.bin.2.120	19.17357	MQ
MFD04428.bin.2.121	26.47074	MQ
MFD04428.bin.2.126	33.62186	MQ
MFD04428.bin.2.139	14.04096	MQ
MFD04428.bin.2.15	25.79639	MQ
MFD04428.bin.2.156	36.51487	MQ
MFD04428.bin.2.16	22.25163	MQ
MFD04428.bin.2.19	17.26307	MQ
MFD04428.bin.2.23	40.92178	MQ
MFD04428.bin.2.25	22.46087	MQ
MFD04428.bin.2.34	22.1081	MQ
MFD04428.bin.2.39	11.78322	MQ
MFD04428.bin.2.40	31.7157	MQ
MFD04428.bin.2.41	24.46815	MQ
MFD04428.bin.2.44	25.80948	MQ
MFD04428.bin.2.46	17.73174	MQ
MFD04428.bin.2.58	21.09689	MQ
MFD04428.bin.2.59	15.60051	MQ
MFD04428.bin.2.6	44.37563	MQ
MFD04428.bin.2.7	13.91705	MQ
MFD04428.bin.2.73	33.28697	MQ
MFD04428.bin.2.79	39.62244	MQ
MFD04428.bin.2.81	38.05512	MQ
MFD04428.bin.2.85	23.45787	MQ
MFD04428.bin.2.87	16.25132	MQ
MFD04428.bin.2.88	25.03943	MQ
MFD04428.bin.2.89	24.82773	MQ
MFD04428.bin.2.9	26.31815	MQ
MFD04428.bin.2.97	15.52274	MQ
MFD04428.bin.3.125	12.85869	MQ
MFD04428.bin.3.128	32.70484	MQ
MFD04428.bin.3.385	14.77293	MQ
MFD04428.bin.3.392	27.52204	MQ
MFD04428.bin.3.448	62.72996	MQ
MFD04428.bin.3.46	14.63062	MQ
MFD04428.bin.3.55	16.92539	MQ
MFD04428.bin.4.321	14.37281	MQ
MFD04428.bin.4.611	25.17344	MQ
MFD04434.bin.1.138	519.39	MQ
MFD04434.bin.1.14	50.29084	MQ
MFD04434.bin.1.187	29.20731	MQ
MFD04434.bin.1.191	54.67914	MQ
MFD04434.bin.1.202	29.12621	MQ
MFD04434.bin.1.48	26.89109	MQ
MFD04434.bin.2.10	32.23035	MQ
MFD04434.bin.2.101	32.02159	MQ
MFD04434.bin.2.110	13.6081	MQ
MFD04434.bin.2.117	21.95815	MQ
MFD04434.bin.2.125	28.04134	MQ
MFD04434.bin.2.128	20.23587	MQ
MFD04434.bin.2.13	311.4757	MQ
MFD04434.bin.2.131	32.4083	MQ
MFD04434.bin.2.138	40.00355	MQ
MFD04434.bin.2.14	31.79296	MQ
MFD04434.bin.2.141	19.25495	MQ
MFD04434.bin.2.142	35.79818	MQ
MFD04434.bin.2.143	26.18253	MQ
MFD04434.bin.2.145	32.87119	MQ
MFD04434.bin.2.146	18.82646	MQ
MFD04434.bin.2.15	32.40699	MQ
MFD04434.bin.2.18	29.12644	MQ
MFD04434.bin.2.19	49.67815	MQ
MFD04434.bin.2.22	18.06524	MQ
MFD04434.bin.2.23	17.89092	MQ
MFD04434.bin.2.26	30.23153	MQ
MFD04434.bin.2.29	27.07729	MQ
MFD04434.bin.2.30	13.70566	MQ
MFD04434.bin.2.32	73.20072	MQ
MFD04434.bin.2.33	23.66265	MQ
MFD04434.bin.2.36	20.52483	MQ
MFD04434.bin.2.38	15.15161	MQ
MFD04434.bin.2.40	13.62999	MQ
MFD04434.bin.2.42	13.45234	MQ
MFD04434.bin.2.46	21.40081	MQ
MFD04434.bin.2.50	44.9364	MQ
MFD04434.bin.2.51	14.33054	MQ
MFD04434.bin.2.6	28.80721	MQ
MFD04434.bin.2.61	19.78944	MQ
MFD04434.bin.2.73	14.39988	MQ
MFD04434.bin.2.75	17.17075	MQ
MFD04434.bin.2.76	19.9205	MQ
MFD04434.bin.2.78	26.63203	MQ
MFD04434.bin.2.8	18.27303	MQ
MFD04434.bin.2.88	26.85252	MQ
MFD04434.bin.2.9	27.5752	MQ
MFD04434.bin.2.93	18.35674	MQ
MFD04434.bin.2.94	17.4591	MQ
MFD04434.bin.3.182	17.13677	MQ
MFD04434.bin.3.229	18.63006	MQ
MFD04434.bin.3.237	19.44141	MQ
MFD04434.bin.3.42	20.05413	MQ
MFD04434.bin.3.45	30.42184	MQ
MFD04434.bin.3.71	16.42926	MQ
MFD04434.bin.4.88	16.02312	MQ
MFD04463.bin.1.210	26.75443	MQ
MFD04463.bin.1.228	20.60508	MQ
MFD04463.bin.1.235	37.53296	MQ
MFD04463.bin.1.70	20.68782	MQ
MFD04463.bin.1.84	18.16015	MQ
MFD04463.bin.2.10	53.30999	MQ
MFD04463.bin.2.100	19.15369	MQ
MFD04463.bin.2.101	16.6696	MQ
MFD04463.bin.2.104	58.97299	MQ
MFD04463.bin.2.105	18.04236	MQ
MFD04463.bin.2.107	29.28412	MQ
MFD04463.bin.2.108	14.91674	MQ
MFD04463.bin.2.111	38.28406	MQ
MFD04463.bin.2.113	68.33091	MQ
MFD04463.bin.2.12	48.78976	MQ
MFD04463.bin.2.123	24.15885	MQ
MFD04463.bin.2.13	16.2721	MQ
MFD04463.bin.2.136	32.11083	MQ
MFD04463.bin.2.14	131.1884	MQ
MFD04463.bin.2.142	39.30505	MQ
MFD04463.bin.2.144	15.53277	MQ
MFD04463.bin.2.145	53.62304	MQ
MFD04463.bin.2.146	54.04861	MQ
MFD04463.bin.2.147	12.78948	MQ
MFD04463.bin.2.156	18.79966	MQ
MFD04463.bin.2.157	44.02566	MQ
MFD04463.bin.2.158	71.6442	MQ
MFD04463.bin.2.159	15.7543	MQ
MFD04463.bin.2.16	16.47785	MQ
MFD04463.bin.2.162	22.17257	MQ
MFD04463.bin.2.165	280.6464	MQ
MFD04463.bin.2.167	25.49415	MQ
MFD04463.bin.2.174	15.43917	MQ
MFD04463.bin.2.175	25.95221	MQ
MFD04463.bin.2.177	22.22594	MQ
MFD04463.bin.2.18	17.29678	MQ
MFD04463.bin.2.181	14.38574	MQ
MFD04463.bin.2.184	29.28882	MQ
MFD04463.bin.2.185	22.2788	MQ
MFD04463.bin.2.187	18.40549	MQ
MFD04463.bin.2.19	14.56518	MQ
MFD04463.bin.2.191	28.60938	MQ
MFD04463.bin.2.192	33.97529	MQ
MFD04463.bin.2.194	14.32562	MQ
MFD04463.bin.2.196	18.05408	MQ
MFD04463.bin.2.20	18.96744	MQ
MFD04463.bin.2.201	34.16052	MQ
MFD04463.bin.2.202	23.86933	MQ
MFD04463.bin.2.207	17.92436	MQ
MFD04463.bin.2.208	17.80011	MQ
MFD04463.bin.2.21	13.24954	MQ
MFD04463.bin.2.212	22.96973	MQ
MFD04463.bin.2.213	27.06229	MQ
MFD04463.bin.2.214	16.21548	MQ
MFD04463.bin.2.215	27.20406	MQ
MFD04463.bin.2.219	22.11018	MQ
MFD04463.bin.2.220	31.09754	MQ
MFD04463.bin.2.221	21.5021	MQ
MFD04463.bin.2.226	12.56554	MQ
MFD04463.bin.2.227	54.29679	MQ
MFD04463.bin.2.228	27.36382	MQ
MFD04463.bin.2.229	14.98997	MQ
MFD04463.bin.2.23	15.73516	MQ
MFD04463.bin.2.232	24.80717	MQ
MFD04463.bin.2.25	21.60093	MQ
MFD04463.bin.2.28	13.24398	MQ
MFD04463.bin.2.29	15.38602	MQ
MFD04463.bin.2.3	19.28689	MQ
MFD04463.bin.2.33	25.65594	MQ
MFD04463.bin.2.34	36.39379	MQ
MFD04463.bin.2.36	22.62361	MQ
MFD04463.bin.2.4	29.43802	MQ
MFD04463.bin.2.44	23.85883	MQ
MFD04463.bin.2.45	17.43464	MQ
MFD04463.bin.2.46	18.71556	MQ
MFD04463.bin.2.51	28.21109	MQ
MFD04463.bin.2.57	13.99977	MQ
MFD04463.bin.2.6	47.90279	MQ
MFD04463.bin.2.62	90.64475	MQ
MFD04463.bin.2.63	29.89586	MQ
MFD04463.bin.2.67	13.89763	MQ
MFD04463.bin.2.69	26.46974	MQ
MFD04463.bin.2.7	12.34009	MQ
MFD04463.bin.2.71	15.23468	MQ
MFD04463.bin.2.74	13.24071	MQ
MFD04463.bin.2.76	17.25197	MQ
MFD04463.bin.2.79	23.71731	MQ
MFD04463.bin.2.80	13.5924	MQ
MFD04463.bin.2.81	25.25321	MQ
MFD04463.bin.2.82	17.80768	MQ
MFD04463.bin.2.86	59.24884	MQ
MFD04463.bin.2.87	21.25545	MQ
MFD04463.bin.2.88	14.96359	MQ
MFD04463.bin.2.96	30.8818	MQ
MFD04463.bin.2.97	16.2767	MQ
MFD04463.bin.3.111	38.13841	MQ
MFD04463.bin.3.136	362.8124	MQ
MFD04463.bin.3.148	14.98682	MQ
MFD04463.bin.3.208	25.74383	MQ
MFD04463.bin.3.342	34.11566	MQ
MFD04463.bin.3.6	16.13008	MQ
MFD04463.bin.3.94	18.05906	MQ
MFD04463.bin.4.524	19.72795	MQ
MFD04492.bin.1.130	41.78795	MQ
MFD04492.bin.1.163	30.27754	MQ
MFD04492.bin.2.1	22.69195	MQ
MFD04492.bin.2.10	19.33173	MQ
MFD04492.bin.2.100	42.29712	MQ
MFD04492.bin.2.103	35.22344	MQ
MFD04492.bin.2.104	36.70639	MQ
MFD04492.bin.2.105	26.89661	MQ
MFD04492.bin.2.106	25.51074	MQ
MFD04492.bin.2.107	26.03494	MQ
MFD04492.bin.2.109	28.78263	MQ
MFD04492.bin.2.111	22.49581	MQ
MFD04492.bin.2.113	13.64275	MQ
MFD04492.bin.2.114	27.79975	MQ
MFD04492.bin.2.115	24.04422	MQ
MFD04492.bin.2.117	31.32039	MQ
MFD04492.bin.2.118	37.04423	MQ
MFD04492.bin.2.12	30.88981	MQ
MFD04492.bin.2.120	25.07467	MQ
MFD04492.bin.2.122	18.16465	MQ
MFD04492.bin.2.123	19.67293	MQ
MFD04492.bin.2.127	134.4563	MQ
MFD04492.bin.2.129	28.44718	MQ
MFD04492.bin.2.13	22.52788	MQ
MFD04492.bin.2.131	33.93119	MQ
MFD04492.bin.2.132	28.65201	MQ
MFD04492.bin.2.134	26.21122	MQ
MFD04492.bin.2.137	17.38259	MQ
MFD04492.bin.2.144	21.0614	MQ
MFD04492.bin.2.147	22.01199	MQ
MFD04492.bin.2.15	19.55972	MQ
MFD04492.bin.2.153	18.73625	MQ
MFD04492.bin.2.154	17.27158	MQ
MFD04492.bin.2.156	17.94415	MQ
MFD04492.bin.2.157	18.84241	MQ
MFD04492.bin.2.16	22.92934	MQ
MFD04492.bin.2.162	28.44637	MQ
MFD04492.bin.2.164	27.46678	MQ
MFD04492.bin.2.165	80.77935	MQ
MFD04492.bin.2.17	24.27911	MQ
MFD04492.bin.2.18	65.57056	MQ
MFD04492.bin.2.2	20.17503	MQ
MFD04492.bin.2.22	16.57197	MQ
MFD04492.bin.2.26	29.03692	MQ
MFD04492.bin.2.27	18.23333	MQ
MFD04492.bin.2.29	44.13918	MQ
MFD04492.bin.2.31	11.6768	MQ
MFD04492.bin.2.32	48.95595	MQ
MFD04492.bin.2.38	11.48735	MQ
MFD04492.bin.2.4	20.57324	MQ
MFD04492.bin.2.43	29.66281	MQ
MFD04492.bin.2.44	14.37689	MQ
MFD04492.bin.2.45	18.22228	MQ
MFD04492.bin.2.50	26.14584	MQ
MFD04492.bin.2.51	13.45265	MQ
MFD04492.bin.2.52	20.79703	MQ
MFD04492.bin.2.53	15.41882	MQ
MFD04492.bin.2.64	19.93173	MQ
MFD04492.bin.2.7	79.48838	MQ
MFD04492.bin.2.79	16.82567	MQ
MFD04492.bin.2.8	29.58939	MQ
MFD04492.bin.2.85	28.37302	MQ
MFD04492.bin.2.86	27.2828	MQ
MFD04492.bin.2.89	31.41438	MQ
MFD04492.bin.2.9	14.0274	MQ
MFD04492.bin.2.96	295.7832	MQ
MFD04492.bin.2.97	50.46942	MQ
MFD04492.bin.2.98	14.92775	MQ
MFD04492.bin.2.99	24.41575	MQ
MFD04492.bin.3.137	20.75012	MQ
MFD04492.bin.3.148	17.03239	MQ
MFD04492.bin.3.210	26.71819	MQ
MFD04492.bin.3.60	11.03217	MQ
MFD04492.bin.3.7	67.87215	MQ
MFD04492.bin.3.97	16.09677	MQ
MFD04492.bin.4.99	18.37763	MQ
MFD04540.bin.1.136	23.56067	MQ
MFD04540.bin.1.15	21.29433	MQ
MFD04540.bin.1.156	32.90929	MQ
MFD04540.bin.1.22	61.74531	MQ
MFD04540.bin.1.75	33.91584	MQ
MFD04540.bin.2.10	15.74337	MQ
MFD04540.bin.2.101	14.73986	MQ
MFD04540.bin.2.104	20.51379	MQ
MFD04540.bin.2.11	19.55934	MQ
MFD04540.bin.2.12	46.75164	MQ
MFD04540.bin.2.13	30.70837	MQ
MFD04540.bin.2.15	12.17602	MQ
MFD04540.bin.2.17	22.868	MQ
MFD04540.bin.2.19	18.77165	MQ
MFD04540.bin.2.21	26.97634	MQ
MFD04540.bin.2.23	14.2177	MQ
MFD04540.bin.2.24	31.37343	MQ
MFD04540.bin.2.25	18.34887	MQ
MFD04540.bin.2.26	23.96447	MQ
MFD04540.bin.2.28	32.61966	MQ
MFD04540.bin.2.29	23.98213	MQ
MFD04540.bin.2.3	26.04087	MQ
MFD04540.bin.2.30	16.89541	MQ
MFD04540.bin.2.31	15.02699	MQ
MFD04540.bin.2.35	12.63688	MQ
MFD04540.bin.2.36	27.70646	MQ
MFD04540.bin.2.38	19.39078	MQ
MFD04540.bin.2.39	25.93395	MQ
MFD04540.bin.2.40	26.78161	MQ
MFD04540.bin.2.41	19.19395	MQ
MFD04540.bin.2.42	23.36916	MQ
MFD04540.bin.2.43	19.83514	MQ
MFD04540.bin.2.44	20.40191	MQ
MFD04540.bin.2.45	39.2174	MQ
MFD04540.bin.2.46	17.95322	MQ
MFD04540.bin.2.47	28.14499	MQ
MFD04540.bin.2.48	34.18253	MQ
MFD04540.bin.2.50	14.69622	MQ
MFD04540.bin.2.51	19.34737	MQ
MFD04540.bin.2.52	16.85853	MQ
MFD04540.bin.2.53	18.43486	MQ
MFD04540.bin.2.54	21.10389	MQ
MFD04540.bin.2.55	19.50793	MQ
MFD04540.bin.2.56	30.73172	MQ
MFD04540.bin.2.57	32.97907	MQ
MFD04540.bin.2.58	19.68424	MQ
MFD04540.bin.2.59	25.10061	MQ
MFD04540.bin.2.6	30.96643	MQ
MFD04540.bin.2.61	25.89661	MQ
MFD04540.bin.2.62	21.30446	MQ
MFD04540.bin.2.63	16.98998	MQ
MFD04540.bin.2.64	38.53062	MQ
MFD04540.bin.2.69	16.84662	MQ
MFD04540.bin.2.74	23.77332	MQ
MFD04540.bin.2.77	32.06339	MQ
MFD04540.bin.2.78	28.4719	MQ
MFD04540.bin.2.79	36.19894	MQ
MFD04540.bin.2.81	17.88913	MQ
MFD04540.bin.2.84	24.48438	MQ
MFD04540.bin.2.87	22.12661	MQ
MFD04540.bin.2.92	31.49789	MQ
MFD04540.bin.2.93	43.75122	MQ
MFD04540.bin.2.95	21.13674	MQ
MFD04540.bin.2.97	16.23536	MQ
MFD04540.bin.2.99	12.95437	MQ
MFD04540.bin.3.125	16.15803	MQ
MFD04540.bin.3.143	14.45556	MQ
MFD04540.bin.3.16	18.43574	MQ
MFD04540.bin.3.176	33.11297	MQ
MFD04540.bin.3.177	32.0195	MQ
MFD04540.bin.3.21	18.03691	MQ
MFD04540.bin.3.212	29.6796	MQ
MFD04540.bin.3.34	11.86409	MQ
MFD04540.bin.3.47	21.50378	MQ
MFD04540.bin.3.53	16.79954	MQ
MFD04540.bin.3.55	14.0168	MQ
MFD04540.bin.3.9	22.33257	MQ
MFD04540.bin.4.124	15.8796	MQ
MFD04540.bin.4.14	31.73273	MQ
MFD04540.bin.4.150	16.1717	MQ
MFD04540.bin.4.56	22.27296	MQ
MFD04570.bin.1.2	33.9586	MQ
MFD04570.bin.1.50	41.21258	MQ
MFD04570.bin.1.60	26.19764	MQ
MFD04570.bin.2.106	13.82051	MQ
MFD04570.bin.2.107	20.0398	MQ
MFD04570.bin.2.112	18.34785	MQ
MFD04570.bin.2.116	17.41231	MQ
MFD04570.bin.2.12	15.72493	MQ
MFD04570.bin.2.4	32.51403	MQ
MFD04570.bin.2.48	60.29886	MQ
MFD04570.bin.2.58	14.06287	MQ
MFD04570.bin.2.66	20.88558	MQ
MFD04570.bin.2.67	22.78146	MQ
MFD04570.bin.2.80	24.08881	MQ
MFD04570.bin.2.95	29.5458	MQ
MFD04570.bin.3.119	67.00136	MQ
MFD04570.bin.3.144	21.23131	MQ
MFD04570.bin.3.19	14.05637	MQ
MFD04570.bin.3.20	18.32389	MQ
MFD04570.bin.3.376	21.25792	MQ
MFD04570.bin.3.404	21.91661	MQ
MFD04570.bin.3.94	19.52941	MQ
MFD04570.bin.4.28	24.71133	MQ
MFD04570.bin.4.556	14.35274	MQ
MFD04570.bin.4.596	24.97605	MQ
MFD04580.bin.1.142	33.64601	MQ
MFD04580.bin.1.169	48.92776	MQ
MFD04580.bin.1.24	47.4266	MQ
MFD04580.bin.1.41	43.57632	MQ
MFD04580.bin.1.75	60.38213	MQ
MFD04580.bin.1.77	107.9221	MQ
MFD04580.bin.2.1	22.26814	MQ
MFD04580.bin.2.10	20.168	MQ
MFD04580.bin.2.104	23.0982	MQ
MFD04580.bin.2.109	27.00628	MQ
MFD04580.bin.2.11	14.44237	MQ
MFD04580.bin.2.110	16.31214	MQ
MFD04580.bin.2.111	21.50953	MQ
MFD04580.bin.2.112	25.86192	MQ
MFD04580.bin.2.113	80.67265	MQ
MFD04580.bin.2.116	25.79287	MQ
MFD04580.bin.2.117	12.72066	MQ
MFD04580.bin.2.119	16.70861	MQ
MFD04580.bin.2.12	15.19593	MQ
MFD04580.bin.2.121	15.67324	MQ
MFD04580.bin.2.122	16.3537	MQ
MFD04580.bin.2.123	25.95552	MQ
MFD04580.bin.2.124	43.03873	MQ
MFD04580.bin.2.125	15.35022	MQ
MFD04580.bin.2.129	22.69411	MQ
MFD04580.bin.2.13	16.29953	MQ
MFD04580.bin.2.131	19.31656	MQ
MFD04580.bin.2.132	15.11583	MQ
MFD04580.bin.2.14	35.23707	MQ
MFD04580.bin.2.15	18.32181	MQ
MFD04580.bin.2.2	20.02153	MQ
MFD04580.bin.2.20	34.23337	MQ
MFD04580.bin.2.21	20.78542	MQ
MFD04580.bin.2.23	20.3125	MQ
MFD04580.bin.2.24	18.60013	MQ
MFD04580.bin.2.25	20.43137	MQ
MFD04580.bin.2.26	19.37968	MQ
MFD04580.bin.2.28	16.77505	MQ
MFD04580.bin.2.3	12.89901	MQ
MFD04580.bin.2.30	17.45686	MQ
MFD04580.bin.2.47	19.01766	MQ
MFD04580.bin.2.49	22.48933	MQ
MFD04580.bin.2.5	11.54517	MQ
MFD04580.bin.2.50	19.311	MQ
MFD04580.bin.2.53	13.44767	MQ
MFD04580.bin.2.54	19.19488	MQ
MFD04580.bin.2.56	28.93182	MQ
MFD04580.bin.2.57	14.87489	MQ
MFD04580.bin.2.58	24.99608	MQ
MFD04580.bin.2.6	28.88493	MQ
MFD04580.bin.2.60	11.88861	MQ
MFD04580.bin.2.61	18.6393	MQ
MFD04580.bin.2.66	70.81229	MQ
MFD04580.bin.2.67	16.22565	MQ
MFD04580.bin.2.7	12.37328	MQ
MFD04580.bin.2.71	29.76625	MQ
MFD04580.bin.2.72	30.18804	MQ
MFD04580.bin.2.74	23.2186	MQ
MFD04580.bin.2.75	15.85117	MQ
MFD04580.bin.2.77	27.33542	MQ
MFD04580.bin.2.78	15.07384	MQ
MFD04580.bin.2.79	26.5873	MQ
MFD04580.bin.2.82	21.80615	MQ
MFD04580.bin.2.85	35.96879	MQ
MFD04580.bin.2.86	22.11355	MQ
MFD04580.bin.2.87	29.28423	MQ
MFD04580.bin.2.88	17.88179	MQ
MFD04580.bin.2.9	17.00589	MQ
MFD04580.bin.2.91	16.43856	MQ
MFD04580.bin.2.93	19.98748	MQ
MFD04580.bin.2.95	13.68055	MQ
MFD04580.bin.2.97	17.66064	MQ
MFD04580.bin.2.99	15.89316	MQ
MFD04580.bin.3.102	67.51931	MQ
MFD04580.bin.3.103	31.21798	MQ
MFD04580.bin.3.11	13.50399	MQ
MFD04580.bin.3.130	38.85712	MQ
MFD04580.bin.3.141	17.85887	MQ
MFD04580.bin.3.145	20.40385	MQ
MFD04580.bin.3.179	20.5823	MQ
MFD04580.bin.3.181	9.997351	MQ
MFD04580.bin.3.183	25.45376	MQ
MFD04580.bin.3.31	14.31409	MQ
MFD04580.bin.3.361	18.08267	MQ
MFD04580.bin.3.64	16.90479	MQ
MFD04580.bin.4.256	26.24003	MQ
MFD04651.bin.1.130	25.75993	MQ
MFD04651.bin.1.142	39.8029	MQ
MFD04651.bin.1.20	20.10576	MQ
MFD04651.bin.1.38	37.5427	MQ
MFD04651.bin.1.45	23.3468	MQ
MFD04651.bin.2.10	18.39314	MQ
MFD04651.bin.2.101	20.99965	MQ
MFD04651.bin.2.102	31.83858	MQ
MFD04651.bin.2.103	23.87589	MQ
MFD04651.bin.2.105	16.00095	MQ
MFD04651.bin.2.106	20.22056	MQ
MFD04651.bin.2.108	18.39713	MQ
MFD04651.bin.2.114	22.11619	MQ
MFD04651.bin.2.115	61.79724	MQ
MFD04651.bin.2.116	28.16987	MQ
MFD04651.bin.2.118	28.42753	MQ
MFD04651.bin.2.119	15.25257	MQ
MFD04651.bin.2.12	24.88245	MQ
MFD04651.bin.2.120	41.75293	MQ
MFD04651.bin.2.121	40.45615	MQ
MFD04651.bin.2.122	16.52556	MQ
MFD04651.bin.2.123	16.96641	MQ
MFD04651.bin.2.124	29.86612	MQ
MFD04651.bin.2.126	38.49207	MQ
MFD04651.bin.2.127	14.88641	MQ
MFD04651.bin.2.128	14.75741	MQ
MFD04651.bin.2.129	35.70752	MQ
MFD04651.bin.2.131	21.89286	MQ
MFD04651.bin.2.132	15.65486	MQ
MFD04651.bin.2.133	26.2068	MQ
MFD04651.bin.2.136	22.47944	MQ
MFD04651.bin.2.137	19.78857	MQ
MFD04651.bin.2.139	15.1427	MQ
MFD04651.bin.2.142	20.45101	MQ
MFD04651.bin.2.145	21.9221	MQ
MFD04651.bin.2.146	21.54248	MQ
MFD04651.bin.2.149	16.26497	MQ
MFD04651.bin.2.15	23.81679	MQ
MFD04651.bin.2.152	16.77796	MQ
MFD04651.bin.2.153	25.35986	MQ
MFD04651.bin.2.154	23.3426	MQ
MFD04651.bin.2.155	58.794	MQ
MFD04651.bin.2.156	21.75844	MQ
MFD04651.bin.2.158	48.64671	MQ
MFD04651.bin.2.161	22.37643	MQ
MFD04651.bin.2.164	27.94178	MQ
MFD04651.bin.2.165	29.20243	MQ
MFD04651.bin.2.167	24.84016	MQ
MFD04651.bin.2.168	17.13188	MQ
MFD04651.bin.2.170	22.73658	MQ
MFD04651.bin.2.171	12.79033	MQ
MFD04651.bin.2.173	12.93099	MQ
MFD04651.bin.2.174	21.06088	MQ
MFD04651.bin.2.180	35.39666	MQ
MFD04651.bin.2.182	39.14731	MQ
MFD04651.bin.2.2	17.222	MQ
MFD04651.bin.2.20	28.16911	MQ
MFD04651.bin.2.22	13.83529	MQ
MFD04651.bin.2.23	36.67871	MQ
MFD04651.bin.2.28	30.23097	MQ
MFD04651.bin.2.29	17.6449	MQ
MFD04651.bin.2.30	33.40352	MQ
MFD04651.bin.2.31	37.81494	MQ
MFD04651.bin.2.32	16.59445	MQ
MFD04651.bin.2.34	21.38935	MQ
MFD04651.bin.2.36	23.29979	MQ
MFD04651.bin.2.38	22.49308	MQ
MFD04651.bin.2.39	21.47895	MQ
MFD04651.bin.2.40	18.66353	MQ
MFD04651.bin.2.41	27.08747	MQ
MFD04651.bin.2.42	54.96674	MQ
MFD04651.bin.2.43	10.89473	MQ
MFD04651.bin.2.44	21.09831	MQ
MFD04651.bin.2.46	37.15557	MQ
MFD04651.bin.2.48	18.22498	MQ
MFD04651.bin.2.49	28.88232	MQ
MFD04651.bin.2.52	31.19338	MQ
MFD04651.bin.2.53	24.38453	MQ
MFD04651.bin.2.55	17.4537	MQ
MFD04651.bin.2.57	26.06395	MQ
MFD04651.bin.2.58	23.6854	MQ
MFD04651.bin.2.6	10.19491	MQ
MFD04651.bin.2.61	19.75476	MQ
MFD04651.bin.2.62	15.90403	MQ
MFD04651.bin.2.7	19.36271	MQ
MFD04651.bin.2.72	24.72949	MQ
MFD04651.bin.2.75	28.28486	MQ
MFD04651.bin.2.77	89.95169	MQ
MFD04651.bin.2.8	15.1177	MQ
MFD04651.bin.2.81	25.75057	MQ
MFD04651.bin.2.84	85.246	MQ
MFD04651.bin.2.88	19.26264	MQ
MFD04651.bin.2.9	16.1683	MQ
MFD04651.bin.2.90	22.48618	MQ
MFD04651.bin.2.91	17.08025	MQ
MFD04651.bin.2.94	41.13467	MQ
MFD04651.bin.2.95	32.47253	MQ
MFD04651.bin.2.97	19.49948	MQ
MFD04651.bin.2.98	18.19236	MQ
MFD04651.bin.2.99	20.7382	MQ
MFD04651.bin.3.107	17.82503	MQ
MFD04651.bin.3.129	122.0053	MQ
MFD04651.bin.3.130	19.20815	MQ
MFD04651.bin.3.154	45.28623	MQ
MFD04651.bin.3.182	98.1172	MQ
MFD04651.bin.3.237	13.74063	MQ
MFD04651.bin.3.366	38.21553	MQ
MFD04651.bin.3.44	61.87112	MQ
MFD04651.bin.3.7	11.7556	MQ
MFD04651.bin.3.78	30.84914	MQ
MFD04651.bin.4.368	19.25936	MQ
MFD04651.bin.4.75	22.01984	MQ
MFD04716.bin.1.121	124.0447	MQ
MFD04716.bin.1.126	20.73446	MQ
MFD04716.bin.1.162	19.62037	MQ
MFD04716.bin.1.223	18.87197	MQ
MFD04716.bin.1.357	17.34702	MQ
MFD04716.bin.1.69	83.00269	MQ
MFD04716.bin.1.80	18.29157	MQ
MFD04716.bin.2.100	16.87659	MQ
MFD04716.bin.2.101	28.11719	MQ
MFD04716.bin.2.102	20.48028	MQ
MFD04716.bin.2.103	28.67891	MQ
MFD04716.bin.2.104	19.12247	MQ
MFD04716.bin.2.108	21.21553	MQ
MFD04716.bin.2.109	12.98135	MQ
MFD04716.bin.2.110	26.01654	MQ
MFD04716.bin.2.111	31.67493	MQ
MFD04716.bin.2.112	33.65792	MQ
MFD04716.bin.2.115	46.92419	MQ
MFD04716.bin.2.116	44.70841	MQ
MFD04716.bin.2.120	15.57719	MQ
MFD04716.bin.2.127	29.50095	MQ
MFD04716.bin.2.130	20.99557	MQ
MFD04716.bin.2.14	14.50543	MQ
MFD04716.bin.2.141	43.10127	MQ
MFD04716.bin.2.143	36.22033	MQ
MFD04716.bin.2.148	15.51583	MQ
MFD04716.bin.2.159	23.15935	MQ
MFD04716.bin.2.161	40.78466	MQ
MFD04716.bin.2.168	29.46186	MQ
MFD04716.bin.2.17	23.25177	MQ
MFD04716.bin.2.170	36.09961	MQ
MFD04716.bin.2.173	24.664	MQ
MFD04716.bin.2.174	17.39231	MQ
MFD04716.bin.2.176	40.08612	MQ
MFD04716.bin.2.177	25.03005	MQ
MFD04716.bin.2.178	17.57477	MQ
MFD04716.bin.2.180	15.80026	MQ
MFD04716.bin.2.181	29.69243	MQ
MFD04716.bin.2.183	17.50524	MQ
MFD04716.bin.2.184	26.66373	MQ
MFD04716.bin.2.185	39.30335	MQ
MFD04716.bin.2.187	32.64858	MQ
MFD04716.bin.2.188	19.44723	MQ
MFD04716.bin.2.189	16.34116	MQ
MFD04716.bin.2.190	21.97253	MQ
MFD04716.bin.2.191	276.2415	MQ
MFD04716.bin.2.192	16.04311	MQ
MFD04716.bin.2.193	21.76679	MQ
MFD04716.bin.2.196	14.37975	MQ
MFD04716.bin.2.212	19.62048	MQ
MFD04716.bin.2.213	16.90131	MQ
MFD04716.bin.2.215	12.64278	MQ
MFD04716.bin.2.216	20.52891	MQ
MFD04716.bin.2.217	16.8977	MQ
MFD04716.bin.2.219	42.59359	MQ
MFD04716.bin.2.223	17.01226	MQ
MFD04716.bin.2.225	17.04705	MQ
MFD04716.bin.2.226	33.46078	MQ
MFD04716.bin.2.229	15.13265	MQ
MFD04716.bin.2.232	21.65392	MQ
MFD04716.bin.2.236	35.78083	MQ
MFD04716.bin.2.239	19.6814	MQ
MFD04716.bin.2.240	18.11085	MQ
MFD04716.bin.2.242	17.36276	MQ
MFD04716.bin.2.246	18.96314	MQ
MFD04716.bin.2.251	19.79389	MQ
MFD04716.bin.2.253	14.51662	MQ
MFD04716.bin.2.254	92.56464	MQ
MFD04716.bin.2.256	14.7891	MQ
MFD04716.bin.2.259	38.23394	MQ
MFD04716.bin.2.261	12.93107	MQ
MFD04716.bin.2.262	15.63213	MQ
MFD04716.bin.2.264	16.0559	MQ
MFD04716.bin.2.267	17.68161	MQ
MFD04716.bin.2.269	15.2998	MQ
MFD04716.bin.2.274	21.01501	MQ
MFD04716.bin.2.275	12.9709	MQ
MFD04716.bin.2.29	17.24618	MQ
MFD04716.bin.2.292	11.7082	MQ
MFD04716.bin.2.293	16.61453	MQ
MFD04716.bin.2.296	14.60533	MQ
MFD04716.bin.2.297	9.682971	MQ
MFD04716.bin.2.298	24.13709	MQ
MFD04716.bin.2.305	20.7357	MQ
MFD04716.bin.2.306	24.17298	MQ
MFD04716.bin.2.307	27.4374	MQ
MFD04716.bin.2.31	44.03609	MQ
MFD04716.bin.2.310	18.24524	MQ
MFD04716.bin.2.314	16.54744	MQ
MFD04716.bin.2.315	24.85895	MQ
MFD04716.bin.2.316	16.84595	MQ
MFD04716.bin.2.32	15.15076	MQ
MFD04716.bin.2.320	23.18842	MQ
MFD04716.bin.2.322	18.2621	MQ
MFD04716.bin.2.33	24.6001	MQ
MFD04716.bin.2.35	16.97122	MQ
MFD04716.bin.2.36	13.94895	MQ
MFD04716.bin.2.43	27.56659	MQ
MFD04716.bin.2.48	34.60807	MQ
MFD04716.bin.2.49	47.47207	MQ
MFD04716.bin.2.50	15.94598	MQ
MFD04716.bin.2.51	19.16198	MQ
MFD04716.bin.2.53	12.5313	MQ
MFD04716.bin.2.54	19.23537	MQ
MFD04716.bin.2.57	17.21071	MQ
MFD04716.bin.2.6	19.47724	MQ
MFD04716.bin.2.60	20.97277	MQ
MFD04716.bin.2.61	22.08306	MQ
MFD04716.bin.2.62	28.1304	MQ
MFD04716.bin.2.64	14.14787	MQ
MFD04716.bin.2.67	23.07804	MQ
MFD04716.bin.2.68	15.6942	MQ
MFD04716.bin.2.7	16.88116	MQ
MFD04716.bin.2.70	40.35513	MQ
MFD04716.bin.2.72	121.3602	MQ
MFD04716.bin.2.78	15.73993	MQ
MFD04716.bin.2.80	27.73183	MQ
MFD04716.bin.2.81	45.62262	MQ
MFD04716.bin.2.88	15.41781	MQ
MFD04716.bin.2.89	14.11296	MQ
MFD04716.bin.2.9	23.3357	MQ
MFD04716.bin.2.91	15.61493	MQ
MFD04716.bin.2.92	57.38694	MQ
MFD04716.bin.2.93	14.8873	MQ
MFD04716.bin.3.15	16.9807	MQ
MFD04716.bin.3.162	24.01706	MQ
MFD04716.bin.3.165	16.87145	MQ
MFD04716.bin.3.17	28.40206	MQ
MFD04716.bin.3.184	16.12007	MQ
MFD04716.bin.3.19	17.04171	MQ
MFD04716.bin.3.205	13.00581	MQ
MFD04716.bin.3.258	20.1847	MQ
MFD04716.bin.3.272	13.18704	MQ
MFD04716.bin.3.275	18.21387	MQ
MFD04716.bin.3.279	22.43924	MQ
MFD04716.bin.3.284	21.10742	MQ
MFD04716.bin.3.320	18.15615	MQ
MFD04716.bin.3.326	39.01498	MQ
MFD04716.bin.3.335	15.05055	MQ
MFD04716.bin.3.342	19.2346	MQ
MFD04716.bin.3.355	22.36936	MQ
MFD04716.bin.3.364	29.37651	MQ
MFD04716.bin.3.385	165.2856	MQ
MFD04716.bin.3.389	41.34379	MQ
MFD04716.bin.3.391	13.16611	MQ
MFD04716.bin.3.418	17.82443	MQ
MFD04716.bin.3.43	11.30506	MQ
MFD04716.bin.3.457	57.15516	MQ
MFD04716.bin.3.469	29.15355	MQ
MFD04716.bin.3.485	22.5433	MQ
MFD04716.bin.3.56	11.19409	MQ
MFD04716.bin.3.589	18.85486	MQ
MFD04716.bin.3.597	346.8372	MQ
MFD04716.bin.3.624	12.79699	MQ
MFD04716.bin.3.684	30.20115	MQ
MFD04716.bin.3.7	11.45092	MQ
MFD04716.bin.3.727	45.17034	MQ
MFD04716.bin.3.754	16.23233	MQ
MFD04716.bin.3.812	19.96324	MQ
MFD04716.bin.3.827	22.56647	MQ
MFD04716.bin.4.291	13.22503	MQ
MFD04716.bin.4.337	31.48259	MQ
MFD04716.bin.4.536	13.2414	MQ
MFD04752.bin.1.158	15.38108	MQ
MFD04752.bin.1.19	11.45548	MQ
MFD04752.bin.1.31	16.47647	MQ
MFD04752.bin.1.45	27.80609	MQ
MFD04752.bin.2.1	8.137836	MQ
MFD04752.bin.2.102	8.163315	MQ
MFD04752.bin.2.103	52.38293	MQ
MFD04752.bin.2.106	39.69431	MQ
MFD04752.bin.2.113	13.53179	MQ
MFD04752.bin.2.116	14.81156	MQ
MFD04752.bin.2.125	9.337993	MQ
MFD04752.bin.2.14	25.0165	MQ
MFD04752.bin.2.18	12.94597	MQ
MFD04752.bin.2.21	6.328576	MQ
MFD04752.bin.2.24	77.79056	MQ
MFD04752.bin.2.3	7.619684	MQ
MFD04752.bin.2.33	42.61373	MQ
MFD04752.bin.2.39	132.5774	MQ
MFD04752.bin.2.4	10.74578	MQ
MFD04752.bin.2.45	50.03315	MQ
MFD04752.bin.2.53	37.39102	MQ
MFD04752.bin.2.55	12.2083	MQ
MFD04752.bin.2.61	11.06852	MQ
MFD04752.bin.2.64	8.855828	MQ
MFD04752.bin.2.65	35.09634	MQ
MFD04752.bin.2.67	7.13031	MQ
MFD04752.bin.2.70	7.081793	MQ
MFD04752.bin.2.77	17.48222	MQ
MFD04752.bin.2.81	6.946498	MQ
MFD04752.bin.2.83	15.16613	MQ
MFD04752.bin.2.93	12.66977	MQ
MFD04752.bin.2.94	18.28239	MQ
MFD04752.bin.2.95	9.18217	MQ
MFD04752.bin.2.97	23.32911	MQ
MFD04752.bin.2.99	13.76533	MQ
MFD04752.bin.3.136	14.34473	MQ
MFD04752.bin.3.16	25.1584	MQ
MFD04752.bin.3.19	9.754301	MQ
MFD04752.bin.3.23	10.72447	MQ
MFD04752.bin.3.3	11.75888	MQ
MFD04752.bin.3.6	25.31759	MQ
MFD04752.bin.4.78	8.259271	MQ
MFD04780.bin.1.17	18.22237	MQ
MFD04780.bin.1.203	26.52307	MQ
MFD04780.bin.1.60	26.92859	MQ
MFD04780.bin.1.63	15.00241	MQ
MFD04780.bin.2.1	6.120152	MQ
MFD04780.bin.2.100	12.77806	MQ
MFD04780.bin.2.103	16.78956	MQ
MFD04780.bin.2.106	8.457562	MQ
MFD04780.bin.2.107	8.668197	MQ
MFD04780.bin.2.109	12.39571	MQ
MFD04780.bin.2.110	46.59594	MQ
MFD04780.bin.2.111	8.363773	MQ
MFD04780.bin.2.114	7.438117	MQ
MFD04780.bin.2.115	32.32077	MQ
MFD04780.bin.2.12	13.42862	MQ
MFD04780.bin.2.122	7.876511	MQ
MFD04780.bin.2.123	7.308405	MQ
MFD04780.bin.2.124	12.41072	MQ
MFD04780.bin.2.127	12.67534	MQ
MFD04780.bin.2.128	12.51547	MQ
MFD04780.bin.2.130	17.90552	MQ
MFD04780.bin.2.132	11.65695	MQ
MFD04780.bin.2.133	8.875356	MQ
MFD04780.bin.2.135	10.76893	MQ
MFD04780.bin.2.137	7.47726	MQ
MFD04780.bin.2.138	9.71183	MQ
MFD04780.bin.2.140	5.76339	MQ
MFD04780.bin.2.141	8.407986	MQ
MFD04780.bin.2.143	8.955955	MQ
MFD04780.bin.2.148	7.426814	MQ
MFD04780.bin.2.15	6.737709	MQ
MFD04780.bin.2.150	7.537216	MQ
MFD04780.bin.2.151	8.869908	MQ
MFD04780.bin.2.152	6.005137	MQ
MFD04780.bin.2.156	12.45784	MQ
MFD04780.bin.2.159	7.447582	MQ
MFD04780.bin.2.16	15.02214	MQ
MFD04780.bin.2.166	8.422267	MQ
MFD04780.bin.2.170	12.11374	MQ
MFD04780.bin.2.175	11.7559	MQ
MFD04780.bin.2.176	8.394463	MQ
MFD04780.bin.2.178	9.134747	MQ
MFD04780.bin.2.179	8.30002	MQ
MFD04780.bin.2.19	12.43322	MQ
MFD04780.bin.2.20	10.17838	MQ
MFD04780.bin.2.21	6.701122	MQ
MFD04780.bin.2.26	6.926835	MQ
MFD04780.bin.2.28	8.731941	MQ
MFD04780.bin.2.30	7.253351	MQ
MFD04780.bin.2.31	44.32995	MQ
MFD04780.bin.2.32	32.71472	MQ
MFD04780.bin.2.33	5.362423	MQ
MFD04780.bin.2.37	13.36856	MQ
MFD04780.bin.2.39	6.402167	MQ
MFD04780.bin.2.4	7.637369	MQ
MFD04780.bin.2.40	6.292592	MQ
MFD04780.bin.2.41	5.150892	MQ
MFD04780.bin.2.44	10.9702	MQ
MFD04780.bin.2.51	13.53524	MQ
MFD04780.bin.2.52	7.620369	MQ
MFD04780.bin.2.54	9.827409	MQ
MFD04780.bin.2.55	7.777965	MQ
MFD04780.bin.2.56	6.742513	MQ
MFD04780.bin.2.59	7.898681	MQ
MFD04780.bin.2.60	6.228331	MQ
MFD04780.bin.2.65	9.326051	MQ
MFD04780.bin.2.68	6.82289	MQ
MFD04780.bin.2.85	10.32022	MQ
MFD04780.bin.2.86	12.16343	MQ
MFD04780.bin.2.87	14.41752	MQ
MFD04780.bin.2.9	9.584401	MQ
MFD04780.bin.2.94	8.670425	MQ
MFD04780.bin.2.96	8.916441	MQ
MFD04780.bin.2.99	13.39075	MQ
MFD04780.bin.3.130	6.876665	MQ
MFD04780.bin.3.133	10.15123	MQ
MFD04780.bin.3.147	6.015837	MQ
MFD04780.bin.3.162	9.13964	MQ
MFD04780.bin.3.164	13.25124	MQ
MFD04780.bin.3.165	8.929276	MQ
MFD04780.bin.3.17	14.0166	MQ
MFD04780.bin.3.278	9.907901	MQ
MFD04780.bin.3.322	11.05419	MQ
MFD04780.bin.3.335	7.802021	MQ
MFD04780.bin.3.351	5.590183	MQ
MFD04780.bin.3.448	8.276722	MQ
MFD04780.bin.3.456	23.09306	MQ
MFD04780.bin.3.468	10.7895	MQ
MFD04780.bin.3.497	9.732838	MQ
MFD04780.bin.3.50	6.853095	MQ
MFD04780.bin.3.515	7.349261	MQ
MFD04780.bin.3.69	7.187561	MQ
MFD04780.bin.4.9	7.234654	MQ
MFD04850.bin.1.275	25.53892	MQ
MFD04850.bin.2.1	20.31043	MQ
MFD04850.bin.2.104	13.66058	MQ
MFD04850.bin.2.113	17.66252	MQ
MFD04850.bin.2.119	16.25556	MQ
MFD04850.bin.2.120	18.70037	MQ
MFD04850.bin.2.122	17.11702	MQ
MFD04850.bin.2.123	34.93668	MQ
MFD04850.bin.2.125	13.33328	MQ
MFD04850.bin.2.133	23.88544	MQ
MFD04850.bin.2.134	16.41321	MQ
MFD04850.bin.2.140	25.7312	MQ
MFD04850.bin.2.143	15.33561	MQ
MFD04850.bin.2.145	33.35477	MQ
MFD04850.bin.2.149	20.18758	MQ
MFD04850.bin.2.15	11.27777	MQ
MFD04850.bin.2.156	31.6885	MQ
MFD04850.bin.2.157	14.94295	MQ
MFD04850.bin.2.158	17.82122	MQ
MFD04850.bin.2.159	15.70521	MQ
MFD04850.bin.2.160	12.74084	MQ
MFD04850.bin.2.161	14.82702	MQ
MFD04850.bin.2.162	14.19371	MQ
MFD04850.bin.2.164	24.97092	MQ
MFD04850.bin.2.165	17.98595	MQ
MFD04850.bin.2.167	16.32884	MQ
MFD04850.bin.2.175	16.41501	MQ
MFD04850.bin.2.19	39.60767	MQ
MFD04850.bin.2.190	23.71864	MQ
MFD04850.bin.2.201	21.40897	MQ
MFD04850.bin.2.219	25.75378	MQ
MFD04850.bin.2.221	41.91143	MQ
MFD04850.bin.2.225	25.32609	MQ
MFD04850.bin.2.235	31.32313	MQ
MFD04850.bin.2.239	15.56304	MQ
MFD04850.bin.2.24	13.15758	MQ
MFD04850.bin.2.242	18.66176	MQ
MFD04850.bin.2.243	31.88862	MQ
MFD04850.bin.2.245	13.99969	MQ
MFD04850.bin.2.252	31.36441	MQ
MFD04850.bin.2.254	48.66007	MQ
MFD04850.bin.2.257	13.95042	MQ
MFD04850.bin.2.263	48.94551	MQ
MFD04850.bin.2.266	22.66708	MQ
MFD04850.bin.2.268	10.30368	MQ
MFD04850.bin.2.27	17.95156	MQ
MFD04850.bin.2.271	13.45656	MQ
MFD04850.bin.2.276	28.84298	MQ
MFD04850.bin.2.281	103.0273	MQ
MFD04850.bin.2.282	21.90563	MQ
MFD04850.bin.2.284	26.64389	MQ
MFD04850.bin.2.285	13.40986	MQ
MFD04850.bin.2.287	33.51374	MQ
MFD04850.bin.2.293	15.89446	MQ
MFD04850.bin.2.297	18.48956	MQ
MFD04850.bin.2.306	21.0388	MQ
MFD04850.bin.2.307	36.54126	MQ
MFD04850.bin.2.308	18.05775	MQ
MFD04850.bin.2.312	40.9723	MQ
MFD04850.bin.2.314	17.49686	MQ
MFD04850.bin.2.323	22.09518	MQ
MFD04850.bin.2.326	28.31272	MQ
MFD04850.bin.2.328	34.18423	MQ
MFD04850.bin.2.33	14.10195	MQ
MFD04850.bin.2.330	34.17149	MQ
MFD04850.bin.2.333	19.85047	MQ
MFD04850.bin.2.335	16.54427	MQ
MFD04850.bin.2.341	18.80071	MQ
MFD04850.bin.2.344	40.89927	MQ
MFD04850.bin.2.350	19.14386	MQ
MFD04850.bin.2.356	26.46823	MQ
MFD04850.bin.2.360	18.68739	MQ
MFD04850.bin.2.364	17.7404	MQ
MFD04850.bin.2.366	18.12231	MQ
MFD04850.bin.2.37	24.464	MQ
MFD04850.bin.2.39	17.18669	MQ
MFD04850.bin.2.42	13.83712	MQ
MFD04850.bin.2.5	17.63636	MQ
MFD04850.bin.2.51	14.77673	MQ
MFD04850.bin.2.56	33.54933	MQ
MFD04850.bin.2.64	25.31817	MQ
MFD04850.bin.2.70	24.15608	MQ
MFD04850.bin.2.71	14.66637	MQ
MFD04850.bin.2.72	15.3745	MQ
MFD04850.bin.2.74	19.96512	MQ
MFD04850.bin.2.76	32.92356	MQ
MFD04850.bin.2.8	19.4606	MQ
MFD04850.bin.2.82	25.14919	MQ
MFD04850.bin.2.84	18.57136	MQ
MFD04850.bin.2.86	13.60573	MQ
MFD04850.bin.2.90	14.94348	MQ
MFD04850.bin.2.92	40.91145	MQ
MFD04850.bin.2.94	15.46154	MQ
MFD04850.bin.2.95	22.70719	MQ
MFD04850.bin.3.104	18.82272	MQ
MFD04850.bin.3.136	22.33982	MQ
MFD04850.bin.3.299	22.75585	MQ
MFD04850.bin.3.423	28.74819	MQ
MFD04850.bin.3.554	14.54105	MQ
MFD04850.bin.3.581	29.31555	MQ
MFD04850.bin.3.676	14.16459	MQ
MFD04850.bin.3.690	22.64499	MQ
MFD04850.bin.4.515	20.49945	MQ
MFD04926.bin.2.16	26.16695	MQ
MFD04926.bin.2.6	124.0891	MQ
MFD04935.bin.2.100	32.67772	MQ
MFD04935.bin.2.101	19.85023	MQ
MFD04935.bin.2.102	49.29031	MQ
MFD04935.bin.2.103	27.23689	MQ
MFD04935.bin.2.106	21.27167	MQ
MFD04935.bin.2.107	53.7987	MQ
MFD04935.bin.2.108	19.54677	MQ
MFD04935.bin.2.11	20.3192	MQ
MFD04935.bin.2.111	21.01928	MQ
MFD04935.bin.2.115	43.33559	MQ
MFD04935.bin.2.117	21.20858	MQ
MFD04935.bin.2.118	21.0404	MQ
MFD04935.bin.2.12	15.47074	MQ
MFD04935.bin.2.120	17.09995	MQ
MFD04935.bin.2.121	87.94811	MQ
MFD04935.bin.2.122	25.30511	MQ
MFD04935.bin.2.126	24.407	MQ
MFD04935.bin.2.127	27.90875	MQ
MFD04935.bin.2.136	21.14394	MQ
MFD04935.bin.2.144	29.03434	MQ
MFD04935.bin.2.148	48.65145	MQ
MFD04935.bin.2.150	84.96079	MQ
MFD04935.bin.2.152	24.67678	MQ
MFD04935.bin.2.153	35.91788	MQ
MFD04935.bin.2.154	23.67351	MQ
MFD04935.bin.2.16	14.36128	MQ
MFD04935.bin.2.18	27.89599	MQ
MFD04935.bin.2.19	20.483	MQ
MFD04935.bin.2.20	26.7753	MQ
MFD04935.bin.2.21	14.28924	MQ
MFD04935.bin.2.22	37.4907	MQ
MFD04935.bin.2.23	28.72717	MQ
MFD04935.bin.2.24	42.24233	MQ
MFD04935.bin.2.25	21.66763	MQ
MFD04935.bin.2.27	65.89252	MQ
MFD04935.bin.2.28	26.411	MQ
MFD04935.bin.2.35	40.77752	MQ
MFD04935.bin.2.4	26.90084	MQ
MFD04935.bin.2.47	18.79929	MQ
MFD04935.bin.2.5	100.3225	MQ
MFD04935.bin.2.51	26.88246	MQ
MFD04935.bin.2.63	39.35654	MQ
MFD04935.bin.2.65	24.12472	MQ
MFD04935.bin.2.7	20.63167	MQ
MFD04935.bin.2.71	21.03572	MQ
MFD04935.bin.2.72	23.60259	MQ
MFD04935.bin.2.73	29.14935	MQ
MFD04935.bin.2.74	16.40208	MQ
MFD04935.bin.2.79	22.81633	MQ
MFD04935.bin.2.80	20.99107	MQ
MFD04935.bin.2.81	20.4216	MQ
MFD04935.bin.2.84	26.24281	MQ
MFD04935.bin.2.85	33.87241	MQ
MFD04935.bin.2.92	20.52976	MQ
MFD04935.bin.2.93	32.10664	MQ
MFD04935.bin.2.95	21.83619	MQ
MFD04935.bin.2.97	28.99004	MQ
MFD04935.bin.2.98	27.85869	MQ
MFD04935.bin.2.99	26.42691	MQ
MFD04935.bin.3.116	15.02488	MQ
MFD04935.bin.3.117	40.67731	MQ
MFD04935.bin.3.147	79.79995	MQ
MFD04935.bin.3.189	30.75046	MQ
MFD04935.bin.3.212	20.30429	MQ
MFD04935.bin.3.237	25.28408	MQ
MFD04935.bin.3.251	32.80695	MQ
MFD04935.bin.3.385	15.27839	MQ
MFD04935.bin.3.412	26.10787	MQ
MFD04935.bin.3.47	24.94678	MQ
MFD04935.bin.3.50	26.19217	MQ
MFD04935.bin.3.51	28.40948	MQ
MFD04935.bin.3.53	16.7127	MQ
MFD04935.bin.3.57	23.41017	MQ
MFD04935.bin.3.58	25.46777	MQ
MFD04935.bin.3.62	25.95852	MQ
MFD04935.bin.3.97	28.69506	MQ
MFD04935.bin.4.273	18.58237	MQ
MFD04944.bin.1.193	104.9314	MQ
MFD04944.bin.1.197	134.5548	MQ
MFD04944.bin.1.205	40.36013	MQ
MFD04944.bin.1.249	31.77666	MQ
MFD04944.bin.1.319	46.64617	MQ
MFD04944.bin.2.10	16.80295	MQ
MFD04944.bin.2.100	45.45688	MQ
MFD04944.bin.2.103	20.01483	MQ
MFD04944.bin.2.104	34.76924	MQ
MFD04944.bin.2.105	16.84323	MQ
MFD04944.bin.2.106	51.77697	MQ
MFD04944.bin.2.107	48.07747	MQ
MFD04944.bin.2.108	17.2641	MQ
MFD04944.bin.2.109	71.77666	MQ
MFD04944.bin.2.113	17.01961	MQ
MFD04944.bin.2.114	17.52395	MQ
MFD04944.bin.2.116	34.25597	MQ
MFD04944.bin.2.117	15.87542	MQ
MFD04944.bin.2.119	190.9008	MQ
MFD04944.bin.2.12	17.22567	MQ
MFD04944.bin.2.121	49.44905	MQ
MFD04944.bin.2.122	19.83525	MQ
MFD04944.bin.2.123	19.73719	MQ
MFD04944.bin.2.124	21.92163	MQ
MFD04944.bin.2.125	18.80108	MQ
MFD04944.bin.2.128	39.63879	MQ
MFD04944.bin.2.129	18.28189	MQ
MFD04944.bin.2.130	46.66468	MQ
MFD04944.bin.2.131	17.74383	MQ
MFD04944.bin.2.132	14.20171	MQ
MFD04944.bin.2.133	20.50203	MQ
MFD04944.bin.2.134	16.96873	MQ
MFD04944.bin.2.136	18.73197	MQ
MFD04944.bin.2.138	55.88617	MQ
MFD04944.bin.2.142	18.20569	MQ
MFD04944.bin.2.143	19.88976	MQ
MFD04944.bin.2.147	36.59459	MQ
MFD04944.bin.2.151	19.18263	MQ
MFD04944.bin.2.154	16.49857	MQ
MFD04944.bin.2.159	25.40449	MQ
MFD04944.bin.2.161	16.58955	MQ
MFD04944.bin.2.162	81.21921	MQ
MFD04944.bin.2.165	22.99391	MQ
MFD04944.bin.2.166	26.99363	MQ
MFD04944.bin.2.167	19.37356	MQ
MFD04944.bin.2.169	67.13164	MQ
MFD04944.bin.2.17	31.05111	MQ
MFD04944.bin.2.173	17.32181	MQ
MFD04944.bin.2.174	19.21572	MQ
MFD04944.bin.2.175	32.30494	MQ
MFD04944.bin.2.176	26.70075	MQ
MFD04944.bin.2.178	25.60984	MQ
MFD04944.bin.2.179	18.84219	MQ
MFD04944.bin.2.18	324.1292	MQ
MFD04944.bin.2.181	17.05566	MQ
MFD04944.bin.2.182	120.7124	MQ
MFD04944.bin.2.183	17.7874	MQ
MFD04944.bin.2.184	22.46628	MQ
MFD04944.bin.2.185	17.48209	MQ
MFD04944.bin.2.186	26.76923	MQ
MFD04944.bin.2.189	18.20581	MQ
MFD04944.bin.2.19	26.22349	MQ
MFD04944.bin.2.190	30.42691	MQ
MFD04944.bin.2.191	33.5081	MQ
MFD04944.bin.2.192	16.88485	MQ
MFD04944.bin.2.195	15.67997	MQ
MFD04944.bin.2.197	69.27952	MQ
MFD04944.bin.2.198	13.99646	MQ
MFD04944.bin.2.199	16.5032	MQ
MFD04944.bin.2.200	17.81015	MQ
MFD04944.bin.2.201	36.49144	MQ
MFD04944.bin.2.202	12.27023	MQ
MFD04944.bin.2.203	12.20504	MQ
MFD04944.bin.2.204	16.01003	MQ
MFD04944.bin.2.207	18.20755	MQ
MFD04944.bin.2.209	23.82272	MQ
MFD04944.bin.2.211	19.86126	MQ
MFD04944.bin.2.214	13.73077	MQ
MFD04944.bin.2.217	16.57086	MQ
MFD04944.bin.2.223	19.30683	MQ
MFD04944.bin.2.224	20.32658	MQ
MFD04944.bin.2.225	20.37984	MQ
MFD04944.bin.2.227	17.51617	MQ
MFD04944.bin.2.25	57.63171	MQ
MFD04944.bin.2.27	72.6725	MQ
MFD04944.bin.2.29	20.74675	MQ
MFD04944.bin.2.30	37.15426	MQ
MFD04944.bin.2.33	24.93929	MQ
MFD04944.bin.2.34	47.91982	MQ
MFD04944.bin.2.35	18.41721	MQ
MFD04944.bin.2.38	12.67917	MQ
MFD04944.bin.2.39	18.03942	MQ
MFD04944.bin.2.40	18.37528	MQ
MFD04944.bin.2.41	16.17925	MQ
MFD04944.bin.2.42	20.42083	MQ
MFD04944.bin.2.43	83.17685	MQ
MFD04944.bin.2.44	19.23625	MQ
MFD04944.bin.2.45	21.45693	MQ
MFD04944.bin.2.46	23.85254	MQ
MFD04944.bin.2.47	77.23048	MQ
MFD04944.bin.2.48	15.89795	MQ
MFD04944.bin.2.51	18.56748	MQ
MFD04944.bin.2.52	17.97241	MQ
MFD04944.bin.2.53	19.11493	MQ
MFD04944.bin.2.55	12.82529	MQ
MFD04944.bin.2.56	14.76946	MQ
MFD04944.bin.2.58	22.83806	MQ
MFD04944.bin.2.59	55.17414	MQ
MFD04944.bin.2.60	28.35885	MQ
MFD04944.bin.2.62	13.90554	MQ
MFD04944.bin.2.65	30.4179	MQ
MFD04944.bin.2.66	13.09954	MQ
MFD04944.bin.2.67	10.96739	MQ
MFD04944.bin.2.69	34.00509	MQ
MFD04944.bin.2.70	37.81002	MQ
MFD04944.bin.2.71	19.19379	MQ
MFD04944.bin.2.72	14.04081	MQ
MFD04944.bin.2.73	14.37463	MQ
MFD04944.bin.2.74	15.09455	MQ
MFD04944.bin.2.75	19.55825	MQ
MFD04944.bin.2.8	28.03033	MQ
MFD04944.bin.2.82	52.81993	MQ
MFD04944.bin.2.84	17.82573	MQ
MFD04944.bin.2.90	21.03603	MQ
MFD04944.bin.2.93	358.8975	MQ
MFD04944.bin.2.99	16.42232	MQ
MFD04944.bin.3.100	87.53893	MQ
MFD04944.bin.3.170	21.73464	MQ
MFD04944.bin.3.190	131.8003	MQ
MFD04944.bin.3.194	365.0524	MQ
MFD04944.bin.3.197	11.61423	MQ
MFD04944.bin.3.209	10.98846	MQ
MFD04944.bin.3.210	13.70772	MQ
MFD04944.bin.3.213	19.34114	MQ
MFD04944.bin.3.22	12.33499	MQ
MFD04944.bin.3.250	19.55778	MQ
MFD04944.bin.3.264	25.54409	MQ
MFD04944.bin.3.273	130.6295	MQ
MFD04944.bin.3.280	20.98659	MQ
MFD04944.bin.3.294	27.82344	MQ
MFD04944.bin.3.299	20.15217	MQ
MFD04944.bin.3.302	14.04519	MQ
MFD04944.bin.3.336	40.87013	MQ
MFD04944.bin.3.43	11.78622	MQ
MFD04944.bin.3.59	15.25047	MQ
MFD04944.bin.3.6	16.07695	MQ
MFD04944.bin.3.89	14.27393	MQ
MFD04944.bin.3.90	21.62655	MQ
MFD04944.bin.4.220	84.97338	MQ
MFD04944.bin.4.234	118.5904	MQ
MFD04944.bin.4.291	111.5032	MQ
MFD04944.bin.4.298	14.71633	MQ
MFD04944.bin.4.447	23.90838	MQ
MFD04944.bin.4.678	34.70732	MQ
MFD04967.bin.1.129	24.24086	MQ
MFD04967.bin.1.137	51.76957	MQ
MFD04967.bin.1.18	18.62203	MQ
MFD04967.bin.1.62	25.53334	MQ
MFD04967.bin.2.10	30.83938	MQ
MFD04967.bin.2.102	15.42941	MQ
MFD04967.bin.2.103	19.89946	MQ
MFD04967.bin.2.106	25.63147	MQ
MFD04967.bin.2.109	14.1567	MQ
MFD04967.bin.2.11	13.70257	MQ
MFD04967.bin.2.110	27.57645	MQ
MFD04967.bin.2.111	20.89834	MQ
MFD04967.bin.2.112	38.98586	MQ
MFD04967.bin.2.114	19.43443	MQ
MFD04967.bin.2.116	15.91277	MQ
MFD04967.bin.2.117	29.19775	MQ
MFD04967.bin.2.121	44.5326	MQ
MFD04967.bin.2.123	26.59237	MQ
MFD04967.bin.2.124	15.06446	MQ
MFD04967.bin.2.126	18.36193	MQ
MFD04967.bin.2.127	31.11383	MQ
MFD04967.bin.2.129	27.01377	MQ
MFD04967.bin.2.13	35.35468	MQ
MFD04967.bin.2.130	20.97046	MQ
MFD04967.bin.2.132	20.46161	MQ
MFD04967.bin.2.133	12.82828	MQ
MFD04967.bin.2.141	16.93932	MQ
MFD04967.bin.2.144	19.76863	MQ
MFD04967.bin.2.146	80.63357	MQ
MFD04967.bin.2.147	17.45008	MQ
MFD04967.bin.2.148	23.66609	MQ
MFD04967.bin.2.150	22.20074	MQ
MFD04967.bin.2.153	75.86548	MQ
MFD04967.bin.2.158	20.28802	MQ
MFD04967.bin.2.160	16.43511	MQ
MFD04967.bin.2.162	15.58038	MQ
MFD04967.bin.2.167	15.41071	MQ
MFD04967.bin.2.17	20.90609	MQ
MFD04967.bin.2.2	25.24178	MQ
MFD04967.bin.2.22	23.31815	MQ
MFD04967.bin.2.23	51.87029	MQ
MFD04967.bin.2.24	18.2981	MQ
MFD04967.bin.2.25	23.39189	MQ
MFD04967.bin.2.27	14.60891	MQ
MFD04967.bin.2.32	26.60376	MQ
MFD04967.bin.2.33	15.84639	MQ
MFD04967.bin.2.34	16.31128	MQ
MFD04967.bin.2.36	12.79539	MQ
MFD04967.bin.2.37	12.44657	MQ
MFD04967.bin.2.38	15.9681	MQ
MFD04967.bin.2.42	25.05264	MQ
MFD04967.bin.2.43	16.50407	MQ
MFD04967.bin.2.44	17.37769	MQ
MFD04967.bin.2.5	17.66165	MQ
MFD04967.bin.2.50	21.16242	MQ
MFD04967.bin.2.51	14.83245	MQ
MFD04967.bin.2.53	12.19079	MQ
MFD04967.bin.2.54	20.03375	MQ
MFD04967.bin.2.56	14.50194	MQ
MFD04967.bin.2.57	15.28867	MQ
MFD04967.bin.2.61	14.53762	MQ
MFD04967.bin.2.63	23.04053	MQ
MFD04967.bin.2.64	13.99417	MQ
MFD04967.bin.2.65	19.56362	MQ
MFD04967.bin.2.67	19.27189	MQ
MFD04967.bin.2.68	15.95615	MQ
MFD04967.bin.2.7	17.25741	MQ
MFD04967.bin.2.8	54.99722	MQ
MFD04967.bin.2.85	27.29558	MQ
MFD04967.bin.2.86	22.38902	MQ
MFD04967.bin.2.91	13.6746	MQ
MFD04967.bin.2.94	17.19049	MQ
MFD04967.bin.2.95	21.97701	MQ
MFD04967.bin.2.96	21.92368	MQ
MFD04967.bin.2.98	26.52805	MQ
MFD04967.bin.2.99	16.18583	MQ
MFD04967.bin.3.101	50.00248	MQ
MFD04967.bin.3.124	51.5262	MQ
MFD04967.bin.3.17	17.42146	MQ
MFD04967.bin.3.204	16.89936	MQ
MFD04967.bin.3.278	14.02411	MQ
MFD04967.bin.3.285	20.2286	MQ
MFD04967.bin.3.39	37.84393	MQ
MFD04967.bin.3.41	23.38314	MQ
MFD04967.bin.3.71	11.28659	MQ
MFD04967.bin.4.58	14.14601	MQ
MFD05088.bin.2.1	16.79646	MQ
MFD05088.bin.2.106	54.02782	MQ
MFD05088.bin.2.108	24.41635	MQ
MFD05088.bin.2.11	20.67804	MQ
MFD05088.bin.2.114	20.35795	MQ
MFD05088.bin.2.125	26.77175	MQ
MFD05088.bin.2.127	38.36068	MQ
MFD05088.bin.2.134	25.95897	MQ
MFD05088.bin.2.148	27.68311	MQ
MFD05088.bin.2.149	15.71679	MQ
MFD05088.bin.2.153	17.28432	MQ
MFD05088.bin.2.159	23.13572	MQ
MFD05088.bin.2.160	19.74895	MQ
MFD05088.bin.2.167	16.54885	MQ
MFD05088.bin.2.17	26.90781	MQ
MFD05088.bin.2.171	16.07632	MQ
MFD05088.bin.2.32	41.04242	MQ
MFD05088.bin.2.33	21.41452	MQ
MFD05088.bin.2.38	25.16462	MQ
MFD05088.bin.2.45	33.9571	MQ
MFD05088.bin.2.46	24.71099	MQ
MFD05088.bin.2.52	136.386	MQ
MFD05088.bin.2.64	27.91869	MQ
MFD05088.bin.2.91	28.33685	MQ
MFD05088.bin.2.95	25.24676	MQ
MFD05088.bin.2.96	39.1252	MQ
MFD05088.bin.3.144	37.27063	MQ
MFD05088.bin.3.332	18.82649	MQ
MFD05088.bin.3.350	15.72941	MQ
MFD05088.bin.3.383	18.68668	MQ
MFD05176.bin.1.186	41.38586	MQ
MFD05176.bin.1.233	39.80936	MQ
MFD05176.bin.2.105	22.5482	MQ
MFD05176.bin.2.125	17.70993	MQ
MFD05176.bin.2.14	33.95724	MQ
MFD05176.bin.2.157	21.47375	MQ
MFD05176.bin.2.161	38.99265	MQ
MFD05176.bin.2.162	68.6665	MQ
MFD05176.bin.2.168	27.48294	MQ
MFD05176.bin.2.169	22.83153	MQ
MFD05176.bin.2.176	22.23463	MQ
MFD05176.bin.2.182	82.48022	MQ
MFD05176.bin.2.183	40.07196	MQ
MFD05176.bin.2.192	30.30751	MQ
MFD05176.bin.2.196	21.6516	MQ
MFD05176.bin.2.204	22.80651	MQ
MFD05176.bin.2.210	19.80934	MQ
MFD05176.bin.2.213	27.23918	MQ
MFD05176.bin.2.218	24.65494	MQ
MFD05176.bin.2.235	14.71083	MQ
MFD05176.bin.2.239	30.12496	MQ
MFD05176.bin.2.24	40.097	MQ
MFD05176.bin.2.249	57.15269	MQ
MFD05176.bin.2.25	20.64064	MQ
MFD05176.bin.2.258	24.49172	MQ
MFD05176.bin.2.261	21.23589	MQ
MFD05176.bin.2.263	24.50385	MQ
MFD05176.bin.2.265	24.77007	MQ
MFD05176.bin.2.268	17.49204	MQ
MFD05176.bin.2.274	70.25093	MQ
MFD05176.bin.2.28	15.87124	MQ
MFD05176.bin.2.36	20.8579	MQ
MFD05176.bin.2.37	21.39815	MQ
MFD05176.bin.2.42	36.32703	MQ
MFD05176.bin.2.45	24.86093	MQ
MFD05176.bin.2.46	42.04423	MQ
MFD05176.bin.2.48	22.10484	MQ
MFD05176.bin.2.49	19.04924	MQ
MFD05176.bin.2.54	16.11328	MQ
MFD05176.bin.2.55	99.99322	MQ
MFD05176.bin.2.62	50.57102	MQ
MFD05176.bin.2.65	19.62906	MQ
MFD05176.bin.2.66	19.88734	MQ
MFD05176.bin.2.67	24.03074	MQ
MFD05176.bin.2.72	40.13752	MQ
MFD05176.bin.2.78	29.45924	MQ
MFD05176.bin.2.84	41.56214	MQ
MFD05176.bin.2.85	47.61457	MQ
MFD05176.bin.2.87	16.57845	MQ
MFD05176.bin.2.9	27.3072	MQ
MFD05176.bin.2.94	19.0999	MQ
MFD05176.bin.2.99	14.93389	MQ
MFD05176.bin.3.165	33.57614	MQ
MFD05176.bin.3.193	15.89349	MQ
MFD05176.bin.3.200	22.412	MQ
MFD05176.bin.3.249	18.64444	MQ
MFD05176.bin.3.462	19.81327	MQ
MFD05176.bin.3.630	18.26656	MQ
MFD05176.bin.3.667	19.88588	MQ
MFD05176.bin.3.681	23.08755	MQ
MFD05176.bin.3.82	28.45622	MQ
MFD05176.bin.3.91	16.14564	MQ
MFD05176.bin.4.598	30.67619	MQ
MFD05377.bin.1.144	35.46201	MQ
MFD05377.bin.1.149	19.51798	MQ
MFD05377.bin.1.7	83.38837	MQ
MFD05377.bin.2.102	19.39442	MQ
MFD05377.bin.2.104	26.02118	MQ
MFD05377.bin.2.108	13.20331	MQ
MFD05377.bin.2.109	12.99355	MQ
MFD05377.bin.2.110	31.06631	MQ
MFD05377.bin.2.113	87.00822	MQ
MFD05377.bin.2.114	20.172	MQ
MFD05377.bin.2.117	15.65626	MQ
MFD05377.bin.2.119	25.48799	MQ
MFD05377.bin.2.12	72.5131	MQ
MFD05377.bin.2.120	14.97186	MQ
MFD05377.bin.2.121	24.9829	MQ
MFD05377.bin.2.123	44.34765	MQ
MFD05377.bin.2.126	24.80105	MQ
MFD05377.bin.2.14	22.6711	MQ
MFD05377.bin.2.146	28.35549	MQ
MFD05377.bin.2.147	77.19693	MQ
MFD05377.bin.2.151	13.43004	MQ
MFD05377.bin.2.152	24.41808	MQ
MFD05377.bin.2.153	18.19944	MQ
MFD05377.bin.2.155	24.44417	MQ
MFD05377.bin.2.157	82.03551	MQ
MFD05377.bin.2.158	16.73925	MQ
MFD05377.bin.2.160	17.19677	MQ
MFD05377.bin.2.162	44.83711	MQ
MFD05377.bin.2.163	13.42215	MQ
MFD05377.bin.2.169	14.94884	MQ
MFD05377.bin.2.17	14.50701	MQ
MFD05377.bin.2.170	67.71536	MQ
MFD05377.bin.2.18	60.21261	MQ
MFD05377.bin.2.2	25.26108	MQ
MFD05377.bin.2.21	16.96831	MQ
MFD05377.bin.2.23	30.72874	MQ
MFD05377.bin.2.25	20.28884	MQ
MFD05377.bin.2.26	19.92913	MQ
MFD05377.bin.2.28	15.47543	MQ
MFD05377.bin.2.30	44.58731	MQ
MFD05377.bin.2.32	15.97283	MQ
MFD05377.bin.2.33	18.95321	MQ
MFD05377.bin.2.35	15.80528	MQ
MFD05377.bin.2.37	20.02445	MQ
MFD05377.bin.2.4	27.26656	MQ
MFD05377.bin.2.41	25.14897	MQ
MFD05377.bin.2.43	24.71269	MQ
MFD05377.bin.2.44	23.57269	MQ
MFD05377.bin.2.46	14.01006	MQ
MFD05377.bin.2.47	38.30716	MQ
MFD05377.bin.2.5	25.16935	MQ
MFD05377.bin.2.7	36.58472	MQ
MFD05377.bin.2.70	112.4462	MQ
MFD05377.bin.2.76	34.54447	MQ
MFD05377.bin.2.79	23.76184	MQ
MFD05377.bin.2.80	15.70601	MQ
MFD05377.bin.2.82	17.49042	MQ
MFD05377.bin.2.87	48.44756	MQ
MFD05377.bin.2.88	21.31601	MQ
MFD05377.bin.2.91	64.62051	MQ
MFD05377.bin.3.144	100.4213	MQ
MFD05377.bin.3.173	13.11688	MQ
MFD05377.bin.3.230	16.85549	MQ
MFD05377.bin.3.25	15.65696	MQ
MFD05377.bin.3.283	19.45117	MQ
MFD05377.bin.3.303	18.43833	MQ
MFD05377.bin.3.35	13.30412	MQ
MFD05377.bin.3.358	128.3546	MQ
MFD05377.bin.3.46	22.82861	MQ
MFD05379.bin.1.4	44.89446	MQ
MFD05379.bin.2.10	33.23034	MQ
MFD05379.bin.2.13	26.55752	MQ
MFD05379.bin.2.14	17.53307	MQ
MFD05379.bin.2.2	20.60642	MQ
MFD05379.bin.2.20	8.502492	MQ
MFD05379.bin.2.6	14.47825	MQ
MFD05379.bin.2.7	9.270547	MQ
MFD05379.bin.3.52	20.19779	MQ
MFD05379.bin.3.55	13.39726	MQ
MFD05442.bin.1.249	70.63281	MQ
MFD05442.bin.1.338	33.4743	MQ
MFD05442.bin.1.44	30.6826	MQ
MFD05442.bin.1.64	27.46328	MQ
MFD05442.bin.2.100	21.84867	MQ
MFD05442.bin.2.102	24.04153	MQ
MFD05442.bin.2.103	24.11208	MQ
MFD05442.bin.2.104	31.40385	MQ
MFD05442.bin.2.105	13.20758	MQ
MFD05442.bin.2.107	19.12325	MQ
MFD05442.bin.2.108	33.1938	MQ
MFD05442.bin.2.110	25.59154	MQ
MFD05442.bin.2.111	17.16348	MQ
MFD05442.bin.2.112	30.56996	MQ
MFD05442.bin.2.113	19.6624	MQ
MFD05442.bin.2.114	26.3971	MQ
MFD05442.bin.2.115	23.75704	MQ
MFD05442.bin.2.116	16.55314	MQ
MFD05442.bin.2.117	14.06488	MQ
MFD05442.bin.2.120	28.29857	MQ
MFD05442.bin.2.121	15.83245	MQ
MFD05442.bin.2.122	22.0412	MQ
MFD05442.bin.2.123	21.86577	MQ
MFD05442.bin.2.126	11.9591	MQ
MFD05442.bin.2.127	14.51156	MQ
MFD05442.bin.2.128	27.01305	MQ
MFD05442.bin.2.129	16.04082	MQ
MFD05442.bin.2.133	16.6827	MQ
MFD05442.bin.2.134	19.0833	MQ
MFD05442.bin.2.137	25.54151	MQ
MFD05442.bin.2.155	21.29133	MQ
MFD05442.bin.2.159	39.69476	MQ
MFD05442.bin.2.16	16.31972	MQ
MFD05442.bin.2.162	16.54748	MQ
MFD05442.bin.2.170	20.01538	MQ
MFD05442.bin.2.174	21.10634	MQ
MFD05442.bin.2.18	20.4603	MQ
MFD05442.bin.2.181	14.95017	MQ
MFD05442.bin.2.182	29.046	MQ
MFD05442.bin.2.184	105.6655	MQ
MFD05442.bin.2.187	20.2839	MQ
MFD05442.bin.2.188	19.60696	MQ
MFD05442.bin.2.189	23.08341	MQ
MFD05442.bin.2.193	17.33935	MQ
MFD05442.bin.2.194	28.77374	MQ
MFD05442.bin.2.195	18.8233	MQ
MFD05442.bin.2.197	23.81482	MQ
MFD05442.bin.2.198	25.19755	MQ
MFD05442.bin.2.199	28.66442	MQ
MFD05442.bin.2.2	63.88737	MQ
MFD05442.bin.2.200	23.11254	MQ
MFD05442.bin.2.201	39.78788	MQ
MFD05442.bin.2.203	14.86898	MQ
MFD05442.bin.2.204	16.74773	MQ
MFD05442.bin.2.205	129.6525	MQ
MFD05442.bin.2.21	21.68138	MQ
MFD05442.bin.2.211	23.77875	MQ
MFD05442.bin.2.213	31.17642	MQ
MFD05442.bin.2.216	18.89854	MQ
MFD05442.bin.2.218	22.62593	MQ
MFD05442.bin.2.22	22.30922	MQ
MFD05442.bin.2.221	19.37182	MQ
MFD05442.bin.2.222	23.17966	MQ
MFD05442.bin.2.223	25.53115	MQ
MFD05442.bin.2.226	15.47592	MQ
MFD05442.bin.2.228	19.15565	MQ
MFD05442.bin.2.230	16.12204	MQ
MFD05442.bin.2.231	26.65789	MQ
MFD05442.bin.2.232	15.52062	MQ
MFD05442.bin.2.233	20.90465	MQ
MFD05442.bin.2.234	29.35423	MQ
MFD05442.bin.2.237	18.07825	MQ
MFD05442.bin.2.238	31.39795	MQ
MFD05442.bin.2.239	17.39388	MQ
MFD05442.bin.2.240	23.28766	MQ
MFD05442.bin.2.243	21.91447	MQ
MFD05442.bin.2.246	23.11874	MQ
MFD05442.bin.2.247	15.59141	MQ
MFD05442.bin.2.248	20.32143	MQ
MFD05442.bin.2.25	23.2317	MQ
MFD05442.bin.2.252	20.4717	MQ
MFD05442.bin.2.253	29.98016	MQ
MFD05442.bin.2.255	22.91718	MQ
MFD05442.bin.2.261	19.41198	MQ
MFD05442.bin.2.263	51.57014	MQ
MFD05442.bin.2.264	34.37432	MQ
MFD05442.bin.2.266	22.39657	MQ
MFD05442.bin.2.268	478.7384	MQ
MFD05442.bin.2.269	14.33469	MQ
MFD05442.bin.2.270	20.69522	MQ
MFD05442.bin.2.271	22.60368	MQ
MFD05442.bin.2.272	19.39051	MQ
MFD05442.bin.2.274	50.47812	MQ
MFD05442.bin.2.280	22.84004	MQ
MFD05442.bin.2.281	29.53273	MQ
MFD05442.bin.2.282	24.46926	MQ
MFD05442.bin.2.284	40.73783	MQ
MFD05442.bin.2.288	15.50544	MQ
MFD05442.bin.2.291	29.59628	MQ
MFD05442.bin.2.293	23.07605	MQ
MFD05442.bin.2.294	20.97664	MQ
MFD05442.bin.2.295	39.0582	MQ
MFD05442.bin.2.298	26.57788	MQ
MFD05442.bin.2.3	18.05472	MQ
MFD05442.bin.2.30	22.0588	MQ
MFD05442.bin.2.301	20.98238	MQ
MFD05442.bin.2.302	76.4094	MQ
MFD05442.bin.2.303	14.9469	MQ
MFD05442.bin.2.304	17.69659	MQ
MFD05442.bin.2.307	22.47498	MQ
MFD05442.bin.2.308	20.50275	MQ
MFD05442.bin.2.31	16.32256	MQ
MFD05442.bin.2.310	25.82779	MQ
MFD05442.bin.2.311	16.96175	MQ
MFD05442.bin.2.312	23.66235	MQ
MFD05442.bin.2.315	29.00994	MQ
MFD05442.bin.2.316	75.45745	MQ
MFD05442.bin.2.318	30.67276	MQ
MFD05442.bin.2.32	18.46669	MQ
MFD05442.bin.2.323	19.22686	MQ
MFD05442.bin.2.324	25.6923	MQ
MFD05442.bin.2.325	24.63607	MQ
MFD05442.bin.2.327	25.1349	MQ
MFD05442.bin.2.328	16.24648	MQ
MFD05442.bin.2.329	22.33484	MQ
MFD05442.bin.2.33	20.66274	MQ
MFD05442.bin.2.330	20.20212	MQ
MFD05442.bin.2.331	26.69836	MQ
MFD05442.bin.2.332	18.49741	MQ
MFD05442.bin.2.333	18.67174	MQ
MFD05442.bin.2.34	18.23264	MQ
MFD05442.bin.2.36	48.55105	MQ
MFD05442.bin.2.37	31.24812	MQ
MFD05442.bin.2.40	20.86553	MQ
MFD05442.bin.2.42	51.90287	MQ
MFD05442.bin.2.45	56.2031	MQ
MFD05442.bin.2.50	14.72628	MQ
MFD05442.bin.2.52	26.77452	MQ
MFD05442.bin.2.53	14.69022	MQ
MFD05442.bin.2.54	17.22789	MQ
MFD05442.bin.2.56	34.12824	MQ
MFD05442.bin.2.57	42.04371	MQ
MFD05442.bin.2.58	51.67663	MQ
MFD05442.bin.2.62	25.53183	MQ
MFD05442.bin.2.64	19.33779	MQ
MFD05442.bin.2.65	20.3238	MQ
MFD05442.bin.2.67	84.11423	MQ
MFD05442.bin.2.7	19.33505	MQ
MFD05442.bin.2.71	28.82618	MQ
MFD05442.bin.2.72	61.46771	MQ
MFD05442.bin.2.74	29.19019	MQ
MFD05442.bin.2.76	46.08031	MQ
MFD05442.bin.2.77	19.09524	MQ
MFD05442.bin.2.78	21.57721	MQ
MFD05442.bin.2.79	19.83662	MQ
MFD05442.bin.2.8	22.25189	MQ
MFD05442.bin.2.80	22.98771	MQ
MFD05442.bin.2.81	38.93862	MQ
MFD05442.bin.2.83	16.02106	MQ
MFD05442.bin.2.84	16.99806	MQ
MFD05442.bin.2.85	31.13666	MQ
MFD05442.bin.2.86	14.48595	MQ
MFD05442.bin.2.87	17.78578	MQ
MFD05442.bin.2.89	111.4014	MQ
MFD05442.bin.2.9	16.31865	MQ
MFD05442.bin.2.91	38.99031	MQ
MFD05442.bin.2.92	33.82912	MQ
MFD05442.bin.2.93	60.80176	MQ
MFD05442.bin.2.94	16.75394	MQ
MFD05442.bin.2.97	21.10056	MQ
MFD05442.bin.2.98	27.53923	MQ
MFD05442.bin.3.121	126.2096	MQ
MFD05442.bin.3.150	22.55476	MQ
MFD05442.bin.3.195	98.49502	MQ
MFD05442.bin.3.20	15.12445	MQ
MFD05442.bin.3.221	20.39704	MQ
MFD05442.bin.3.225	16.1175	MQ
MFD05442.bin.3.269	12.75785	MQ
MFD05442.bin.3.281	21.65329	MQ
MFD05442.bin.3.300	51.26797	MQ
MFD05442.bin.3.338	22.04776	MQ
MFD05442.bin.3.37	14.25902	MQ
MFD05442.bin.3.397	42.7347	MQ
MFD05442.bin.3.399	32.10761	MQ
MFD05442.bin.3.421	27.32454	MQ
MFD05442.bin.3.447	13.07663	MQ
MFD05442.bin.3.478	10.92675	MQ
MFD05442.bin.3.505	13.16462	MQ
MFD05442.bin.3.528	100.5229	MQ
MFD05442.bin.3.531	75.12981	MQ
MFD05442.bin.3.54	22.03692	MQ
MFD05442.bin.3.542	39.27746	MQ
MFD05442.bin.3.622	36.07898	MQ
MFD05442.bin.3.641	25.61933	MQ
MFD05442.bin.3.652	27.21172	MQ
MFD05442.bin.3.96	19.30535	MQ
MFD05442.bin.4.225	15.78376	MQ
MFD05442.bin.4.352	45.43917	MQ
MFD05442.bin.4.392	28.60567	MQ
MFD05442.bin.4.429	22.02107	MQ
MFD05442.bin.4.724	19.78824	MQ
MFD05442.bin.4.74	31.75036	MQ
MFD05442.bin.4.822	25.69354	MQ
MFD05454.bin.2.105	17.86743	MQ
MFD05454.bin.2.107	19.91679	MQ
MFD05454.bin.2.111	24.26116	MQ
MFD05454.bin.2.113	25.9017	MQ
MFD05454.bin.2.114	19.9894	MQ
MFD05454.bin.2.120	15.38083	MQ
MFD05454.bin.2.130	27.37439	MQ
MFD05454.bin.2.144	13.43825	MQ
MFD05454.bin.2.147	21.7666	MQ
MFD05454.bin.2.162	24.47972	MQ
MFD05454.bin.2.164	32.80547	MQ
MFD05454.bin.2.184	23.89408	MQ
MFD05454.bin.2.189	17.08289	MQ
MFD05454.bin.2.198	32.42729	MQ
MFD05454.bin.2.208	13.70588	MQ
MFD05454.bin.2.209	19.00474	MQ
MFD05454.bin.2.211	17.77088	MQ
MFD05454.bin.2.212	14.67312	MQ
MFD05454.bin.2.213	18.79623	MQ
MFD05454.bin.2.214	20.85952	MQ
MFD05454.bin.2.228	20.00009	MQ
MFD05454.bin.2.232	35.80018	MQ
MFD05454.bin.2.240	14.92411	MQ
MFD05454.bin.2.241	13.70358	MQ
MFD05454.bin.2.245	25.42577	MQ
MFD05454.bin.2.247	47.32744	MQ
MFD05454.bin.2.248	31.53489	MQ
MFD05454.bin.2.252	19.48707	MQ
MFD05454.bin.2.256	13.08033	MQ
MFD05454.bin.2.263	13.99975	MQ
MFD05454.bin.2.264	22.18568	MQ
MFD05454.bin.2.267	51.93772	MQ
MFD05454.bin.2.27	21.2965	MQ
MFD05454.bin.2.274	15.36208	MQ
MFD05454.bin.2.277	46.09775	MQ
MFD05454.bin.2.279	19.71274	MQ
MFD05454.bin.2.29	26.09105	MQ
MFD05454.bin.2.291	19.09867	MQ
MFD05454.bin.2.293	31.54822	MQ
MFD05454.bin.2.296	26.20611	MQ
MFD05454.bin.2.298	25.72707	MQ
MFD05454.bin.2.299	27.27822	MQ
MFD05454.bin.2.30	20.66842	MQ
MFD05454.bin.2.306	26.99016	MQ
MFD05454.bin.2.307	11.60019	MQ
MFD05454.bin.2.37	16.21659	MQ
MFD05454.bin.2.45	28.28067	MQ
MFD05454.bin.2.5	30.97535	MQ
MFD05454.bin.2.50	28.16352	MQ
MFD05454.bin.2.51	25.55806	MQ
MFD05454.bin.2.52	25.49322	MQ
MFD05454.bin.2.54	25.79247	MQ
MFD05454.bin.2.59	19.29138	MQ
MFD05454.bin.2.64	17.00036	MQ
MFD05454.bin.2.67	21.15614	MQ
MFD05454.bin.2.69	25.76787	MQ
MFD05454.bin.2.74	37.84397	MQ
MFD05454.bin.2.75	19.98078	MQ
MFD05454.bin.2.78	19.48717	MQ
MFD05454.bin.2.89	35.78293	MQ
MFD05454.bin.2.93	44.26821	MQ
MFD05454.bin.2.94	24.8464	MQ
MFD05454.bin.2.98	11.25718	MQ
MFD05454.bin.2.99	16.66869	MQ
MFD05454.bin.3.18	17.21603	MQ
MFD05454.bin.3.187	17.4693	MQ
MFD05454.bin.3.205	19.467	MQ
MFD05454.bin.3.259	23.87137	MQ
MFD05454.bin.3.409	22.67302	MQ
MFD05454.bin.3.573	15.42607	MQ
MFD05454.bin.3.622	23.53402	MQ
MFD05454.bin.3.635	13.89989	MQ
MFD05454.bin.3.713	15.72239	MQ
MFD05454.bin.3.824	28.31692	MQ
MFD05454.bin.3.844	14.43932	MQ
MFD05454.bin.4.16	30.43639	MQ
MFD05454.bin.4.68	14.66951	MQ
MFD05502.bin.1.155	56.2074	MQ
MFD05502.bin.1.200	153.1559	MQ
MFD05502.bin.2.100	122.8211	MQ
MFD05502.bin.2.101	13.70129	MQ
MFD05502.bin.2.102	23.83849	MQ
MFD05502.bin.2.103	19.03439	MQ
MFD05502.bin.2.104	23.98779	MQ
MFD05502.bin.2.105	26.93495	MQ
MFD05502.bin.2.108	30.31141	MQ
MFD05502.bin.2.11	24.84604	MQ
MFD05502.bin.2.110	32.48926	MQ
MFD05502.bin.2.112	36.0574	MQ
MFD05502.bin.2.114	21.71698	MQ
MFD05502.bin.2.117	17.24775	MQ
MFD05502.bin.2.118	24.13401	MQ
MFD05502.bin.2.120	83.86706	MQ
MFD05502.bin.2.124	20.41453	MQ
MFD05502.bin.2.127	12.56776	MQ
MFD05502.bin.2.129	43.3886	MQ
MFD05502.bin.2.135	16.148	MQ
MFD05502.bin.2.137	24.66917	MQ
MFD05502.bin.2.138	21.68513	MQ
MFD05502.bin.2.139	14.0433	MQ
MFD05502.bin.2.141	40.20276	MQ
MFD05502.bin.2.143	36.46185	MQ
MFD05502.bin.2.144	46.30016	MQ
MFD05502.bin.2.147	11.58455	MQ
MFD05502.bin.2.149	23.01698	MQ
MFD05502.bin.2.153	19.97008	MQ
MFD05502.bin.2.155	26.26252	MQ
MFD05502.bin.2.16	32.42798	MQ
MFD05502.bin.2.18	32.81071	MQ
MFD05502.bin.2.23	447.7402	MQ
MFD05502.bin.2.24	17.90154	MQ
MFD05502.bin.2.26	108.1527	MQ
MFD05502.bin.2.29	35.36211	MQ
MFD05502.bin.2.3	21.07772	MQ
MFD05502.bin.2.30	42.23322	MQ
MFD05502.bin.2.31	215.972	MQ
MFD05502.bin.2.32	40.23637	MQ
MFD05502.bin.2.33	15.14408	MQ
MFD05502.bin.2.34	33.83104	MQ
MFD05502.bin.2.35	22.86055	MQ
MFD05502.bin.2.37	28.71386	MQ
MFD05502.bin.2.38	44.16449	MQ
MFD05502.bin.2.39	16.6673	MQ
MFD05502.bin.2.4	24.52628	MQ
MFD05502.bin.2.40	33.17643	MQ
MFD05502.bin.2.42	19.60841	MQ
MFD05502.bin.2.43	91.20453	MQ
MFD05502.bin.2.44	22.87717	MQ
MFD05502.bin.2.45	16.58306	MQ
MFD05502.bin.2.46	43.59908	MQ
MFD05502.bin.2.48	32.56787	MQ
MFD05502.bin.2.50	32.81953	MQ
MFD05502.bin.2.59	18.25634	MQ
MFD05502.bin.2.6	20.12738	MQ
MFD05502.bin.2.61	30.40088	MQ
MFD05502.bin.2.66	17.94789	MQ
MFD05502.bin.2.68	42.60268	MQ
MFD05502.bin.2.69	41.08598	MQ
MFD05502.bin.2.70	126.1472	MQ
MFD05502.bin.2.71	16.76151	MQ
MFD05502.bin.2.72	18.50253	MQ
MFD05502.bin.2.78	15.98936	MQ
MFD05502.bin.2.80	14.90831	MQ
MFD05502.bin.2.81	11.4151	MQ
MFD05502.bin.2.83	22.96551	MQ
MFD05502.bin.2.84	29.11619	MQ
MFD05502.bin.2.86	74.65972	MQ
MFD05502.bin.2.89	25.63946	MQ
MFD05502.bin.2.9	13.21077	MQ
MFD05502.bin.2.90	19.17728	MQ
MFD05502.bin.2.91	26.27403	MQ
MFD05502.bin.2.92	13.10547	MQ
MFD05502.bin.2.94	33.59125	MQ
MFD05502.bin.2.95	16.27997	MQ
MFD05502.bin.2.96	23.44888	MQ
MFD05502.bin.2.98	21.28612	MQ
MFD05502.bin.2.99	26.17186	MQ
MFD05502.bin.3.12	104.2052	MQ
MFD05502.bin.3.177	16.14877	MQ
MFD05502.bin.3.223	37.8861	MQ
MFD05502.bin.3.224	17.50301	MQ
MFD05502.bin.3.230	21.87929	MQ
MFD05502.bin.3.243	32.68675	MQ
MFD05502.bin.3.254	13.32479	MQ
MFD05502.bin.3.26	39.51276	MQ
MFD05502.bin.3.261	34.8684	MQ
MFD05502.bin.3.281	14.85442	MQ
MFD05502.bin.3.74	17.28461	MQ
MFD05502.bin.3.96	18.68633	MQ
MFD05512.bin.1.183	73.08244	MQ
MFD05512.bin.1.216	42.22494	MQ
MFD05512.bin.1.241	23.91395	MQ
MFD05512.bin.1.242	32.26929	MQ
MFD05512.bin.1.255	17.12194	MQ
MFD05512.bin.1.66	30.96816	MQ
MFD05512.bin.1.8	32.94468	MQ
MFD05512.bin.2.102	67.42478	MQ
MFD05512.bin.2.105	44.78221	MQ
MFD05512.bin.2.108	34.05129	MQ
MFD05512.bin.2.113	13.28	MQ
MFD05512.bin.2.115	25.16669	MQ
MFD05512.bin.2.116	14.22759	MQ
MFD05512.bin.2.117	39.44032	MQ
MFD05512.bin.2.118	18.70923	MQ
MFD05512.bin.2.12	24.91466	MQ
MFD05512.bin.2.120	35.19025	MQ
MFD05512.bin.2.123	22.73241	MQ
MFD05512.bin.2.128	13.19794	MQ
MFD05512.bin.2.130	27.6307	MQ
MFD05512.bin.2.131	16.76374	MQ
MFD05512.bin.2.132	19.38009	MQ
MFD05512.bin.2.134	29.41691	MQ
MFD05512.bin.2.135	42.29129	MQ
MFD05512.bin.2.136	40.85842	MQ
MFD05512.bin.2.137	31.1362	MQ
MFD05512.bin.2.139	91.09087	MQ
MFD05512.bin.2.14	25.11524	MQ
MFD05512.bin.2.140	20.24806	MQ
MFD05512.bin.2.141	28.51207	MQ
MFD05512.bin.2.144	44.53624	MQ
MFD05512.bin.2.145	32.62596	MQ
MFD05512.bin.2.147	25.56181	MQ
MFD05512.bin.2.148	20.75823	MQ
MFD05512.bin.2.149	11.40433	MQ
MFD05512.bin.2.152	30.78658	MQ
MFD05512.bin.2.153	26.36256	MQ
MFD05512.bin.2.159	15.77771	MQ
MFD05512.bin.2.16	15.00099	MQ
MFD05512.bin.2.161	19.81139	MQ
MFD05512.bin.2.162	21.19705	MQ
MFD05512.bin.2.165	21.3481	MQ
MFD05512.bin.2.166	27.81839	MQ
MFD05512.bin.2.168	25.03882	MQ
MFD05512.bin.2.170	27.9473	MQ
MFD05512.bin.2.178	17.84982	MQ
MFD05512.bin.2.179	31.90902	MQ
MFD05512.bin.2.18	18.7972	MQ
MFD05512.bin.2.180	21.766	MQ
MFD05512.bin.2.184	26.64355	MQ
MFD05512.bin.2.185	32.13765	MQ
MFD05512.bin.2.186	27.58157	MQ
MFD05512.bin.2.189	32.65468	MQ
MFD05512.bin.2.190	24.97719	MQ
MFD05512.bin.2.191	43.81225	MQ
MFD05512.bin.2.2	69.54775	MQ
MFD05512.bin.2.21	24.11463	MQ
MFD05512.bin.2.27	25.27706	MQ
MFD05512.bin.2.29	17.01314	MQ
MFD05512.bin.2.30	23.7427	MQ
MFD05512.bin.2.32	19.18895	MQ
MFD05512.bin.2.35	13.7827	MQ
MFD05512.bin.2.36	15.91956	MQ
MFD05512.bin.2.37	21.76503	MQ
MFD05512.bin.2.45	15.1121	MQ
MFD05512.bin.2.47	16.19614	MQ
MFD05512.bin.2.48	17.81066	MQ
MFD05512.bin.2.49	16.15961	MQ
MFD05512.bin.2.5	13.95526	MQ
MFD05512.bin.2.50	32.32252	MQ
MFD05512.bin.2.51	24.5887	MQ
MFD05512.bin.2.52	26.12499	MQ
MFD05512.bin.2.53	22.74682	MQ
MFD05512.bin.2.55	17.35871	MQ
MFD05512.bin.2.6	29.42748	MQ
MFD05512.bin.2.60	14.00053	MQ
MFD05512.bin.2.63	17.44104	MQ
MFD05512.bin.2.64	34.16469	MQ
MFD05512.bin.2.69	18.1665	MQ
MFD05512.bin.2.7	15.89156	MQ
MFD05512.bin.2.71	28.45374	MQ
MFD05512.bin.2.74	38.55319	MQ
MFD05512.bin.2.8	21.93146	MQ
MFD05512.bin.2.83	25.93274	MQ
MFD05512.bin.2.91	50.09055	MQ
MFD05512.bin.2.95	60.419	MQ
MFD05512.bin.3.114	17.82038	MQ
MFD05512.bin.3.143	14.95015	MQ
MFD05512.bin.3.249	16.66004	MQ
MFD05512.bin.3.285	10.42423	MQ
MFD05512.bin.3.29	25.54005	MQ
MFD05512.bin.3.43	20.32878	MQ
MFD05512.bin.4.415	15.25889	MQ
MFD05513.bin.1.182	40.88694	MQ
MFD05513.bin.1.205	46.93339	MQ
MFD05513.bin.2.1	23.21665	MQ
MFD05513.bin.2.100	37.51124	MQ
MFD05513.bin.2.111	29.94395	MQ
MFD05513.bin.2.12	18.88734	MQ
MFD05513.bin.2.127	26.14015	MQ
MFD05513.bin.2.136	14.64527	MQ
MFD05513.bin.2.14	18.32888	MQ
MFD05513.bin.2.141	45.50565	MQ
MFD05513.bin.2.143	22.9939	MQ
MFD05513.bin.2.145	14.27137	MQ
MFD05513.bin.2.146	21.4908	MQ
MFD05513.bin.2.148	23.3593	MQ
MFD05513.bin.2.149	23.14779	MQ
MFD05513.bin.2.151	17.89923	MQ
MFD05513.bin.2.152	21.75685	MQ
MFD05513.bin.2.158	22.26944	MQ
MFD05513.bin.2.159	42.10321	MQ
MFD05513.bin.2.166	18.42261	MQ
MFD05513.bin.2.168	14.78581	MQ
MFD05513.bin.2.169	39.93929	MQ
MFD05513.bin.2.170	26.53575	MQ
MFD05513.bin.2.172	48.59565	MQ
MFD05513.bin.2.174	32.25603	MQ
MFD05513.bin.2.175	24.661	MQ
MFD05513.bin.2.177	21.88467	MQ
MFD05513.bin.2.178	48.06495	MQ
MFD05513.bin.2.179	107.4569	MQ
MFD05513.bin.2.180	35.845	MQ
MFD05513.bin.2.181	29.10163	MQ
MFD05513.bin.2.182	20.20889	MQ
MFD05513.bin.2.184	29.32941	MQ
MFD05513.bin.2.185	21.67591	MQ
MFD05513.bin.2.187	16.18638	MQ
MFD05513.bin.2.190	41.7842	MQ
MFD05513.bin.2.194	45.84793	MQ
MFD05513.bin.2.195	34.60246	MQ
MFD05513.bin.2.196	24.67176	MQ
MFD05513.bin.2.20	55.50734	MQ
MFD05513.bin.2.200	25.00109	MQ
MFD05513.bin.2.203	32.98148	MQ
MFD05513.bin.2.204	26.14828	MQ
MFD05513.bin.2.205	30.7232	MQ
MFD05513.bin.2.206	27.85058	MQ
MFD05513.bin.2.208	22.85109	MQ
MFD05513.bin.2.21	13.93954	MQ
MFD05513.bin.2.211	20.77407	MQ
MFD05513.bin.2.213	52.07928	MQ
MFD05513.bin.2.215	31.88927	MQ
MFD05513.bin.2.217	24.2	MQ
MFD05513.bin.2.218	24.60094	MQ
MFD05513.bin.2.22	41.20519	MQ
MFD05513.bin.2.222	76.09161	MQ
MFD05513.bin.2.223	25.98789	MQ
MFD05513.bin.2.227	23.70776	MQ
MFD05513.bin.2.23	26.94727	MQ
MFD05513.bin.2.233	18.38716	MQ
MFD05513.bin.2.234	113.7538	MQ
MFD05513.bin.2.235	26.10645	MQ
MFD05513.bin.2.236	54.62375	MQ
MFD05513.bin.2.25	25.51463	MQ
MFD05513.bin.2.26	30.35006	MQ
MFD05513.bin.2.3	22.72949	MQ
MFD05513.bin.2.30	18.72677	MQ
MFD05513.bin.2.32	27.41322	MQ
MFD05513.bin.2.34	19.52607	MQ
MFD05513.bin.2.35	22.01308	MQ
MFD05513.bin.2.36	30.09903	MQ
MFD05513.bin.2.39	30.70734	MQ
MFD05513.bin.2.40	24.68924	MQ
MFD05513.bin.2.42	23.87691	MQ
MFD05513.bin.2.43	14.65118	MQ
MFD05513.bin.2.46	27.97579	MQ
MFD05513.bin.2.49	15.5668	MQ
MFD05513.bin.2.52	35.67359	MQ
MFD05513.bin.2.53	19.52752	MQ
MFD05513.bin.2.55	21.6206	MQ
MFD05513.bin.2.56	20.81782	MQ
MFD05513.bin.2.57	23.97913	MQ
MFD05513.bin.2.62	20.07028	MQ
MFD05513.bin.2.64	37.35225	MQ
MFD05513.bin.2.65	25.6387	MQ
MFD05513.bin.2.70	22.37351	MQ
MFD05513.bin.2.72	57.1585	MQ
MFD05513.bin.2.73	20.05988	MQ
MFD05513.bin.2.75	19.67921	MQ
MFD05513.bin.2.78	23.69948	MQ
MFD05513.bin.2.79	24.12701	MQ
MFD05513.bin.2.80	18.26654	MQ
MFD05513.bin.2.81	21.81702	MQ
MFD05513.bin.2.82	16.78182	MQ
MFD05513.bin.2.85	21.86953	MQ
MFD05513.bin.2.87	22.3984	MQ
MFD05513.bin.2.88	14.34555	MQ
MFD05513.bin.2.89	26.01047	MQ
MFD05513.bin.2.90	28.87555	MQ
MFD05513.bin.2.91	15.65329	MQ
MFD05513.bin.2.93	28.36933	MQ
MFD05513.bin.2.94	17.79793	MQ
MFD05513.bin.3.1	27.65678	MQ
MFD05513.bin.3.149	62.16878	MQ
MFD05513.bin.3.209	23.65291	MQ
MFD05513.bin.3.22	29.56967	MQ
MFD05513.bin.3.257	20.53325	MQ
MFD05513.bin.3.3	19.21778	MQ
MFD05513.bin.3.311	37.36486	MQ
MFD05513.bin.3.315	25.9739	MQ
MFD05513.bin.3.377	32.30705	MQ
MFD05513.bin.3.448	37.16143	MQ
MFD05513.bin.3.59	42.40105	MQ
MFD05513.bin.3.68	21.86372	MQ
MFD05513.bin.3.82	38.79908	MQ
MFD05513.bin.3.89	20.77415	MQ
MFD05513.bin.3.9	21.95106	MQ
MFD05513.bin.4.109	23.54039	MQ
MFD05513.bin.4.287	27.15493	MQ
MFD05521.bin.1.134	36.92911	MQ
MFD05521.bin.1.151	69.91093	MQ
MFD05521.bin.1.209	28.43493	MQ
MFD05521.bin.2.1	17.44813	MQ
MFD05521.bin.2.10	23.0923	MQ
MFD05521.bin.2.108	30.51998	MQ
MFD05521.bin.2.110	17.35992	MQ
MFD05521.bin.2.117	15.20485	MQ
MFD05521.bin.2.119	26.50672	MQ
MFD05521.bin.2.12	34.62691	MQ
MFD05521.bin.2.123	13.99694	MQ
MFD05521.bin.2.124	15.54887	MQ
MFD05521.bin.2.129	18.4841	MQ
MFD05521.bin.2.130	197.5007	MQ
MFD05521.bin.2.135	17.31642	MQ
MFD05521.bin.2.136	23.2986	MQ
MFD05521.bin.2.137	21.41906	MQ
MFD05521.bin.2.138	15.15982	MQ
MFD05521.bin.2.14	29.69404	MQ
MFD05521.bin.2.149	15.23456	MQ
MFD05521.bin.2.153	19.9167	MQ
MFD05521.bin.2.157	13.02361	MQ
MFD05521.bin.2.158	39.41895	MQ
MFD05521.bin.2.159	31.78403	MQ
MFD05521.bin.2.160	17.85709	MQ
MFD05521.bin.2.161	13.2825	MQ
MFD05521.bin.2.162	18.58746	MQ
MFD05521.bin.2.163	13.48705	MQ
MFD05521.bin.2.165	17.42998	MQ
MFD05521.bin.2.174	51.89136	MQ
MFD05521.bin.2.175	32.8981	MQ
MFD05521.bin.2.178	14.04197	MQ
MFD05521.bin.2.182	19.63495	MQ
MFD05521.bin.2.187	13.87673	MQ
MFD05521.bin.2.192	13.53346	MQ
MFD05521.bin.2.194	18.29757	MQ
MFD05521.bin.2.196	16.39854	MQ
MFD05521.bin.2.200	12.9111	MQ
MFD05521.bin.2.202	43.19354	MQ
MFD05521.bin.2.210	28.04941	MQ
MFD05521.bin.2.215	79.27595	MQ
MFD05521.bin.2.221	69.51759	MQ
MFD05521.bin.2.222	22.73515	MQ
MFD05521.bin.2.226	18.18331	MQ
MFD05521.bin.2.227	65.29097	MQ
MFD05521.bin.2.25	23.9246	MQ
MFD05521.bin.2.29	37.13648	MQ
MFD05521.bin.2.31	24.60129	MQ
MFD05521.bin.2.35	25.1707	MQ
MFD05521.bin.2.38	25.86643	MQ
MFD05521.bin.2.39	34.15776	MQ
MFD05521.bin.2.4	21.11258	MQ
MFD05521.bin.2.45	9.852777	MQ
MFD05521.bin.2.5	18.34441	MQ
MFD05521.bin.2.54	22.07543	MQ
MFD05521.bin.2.55	19.76783	MQ
MFD05521.bin.2.56	27.5965	MQ
MFD05521.bin.2.57	29.49004	MQ
MFD05521.bin.2.58	23.33683	MQ
MFD05521.bin.2.61	27.62005	MQ
MFD05521.bin.2.62	25.01256	MQ
MFD05521.bin.2.63	14.32734	MQ
MFD05521.bin.2.66	24.87828	MQ
MFD05521.bin.2.67	20.15922	MQ
MFD05521.bin.2.68	16.43464	MQ
MFD05521.bin.2.7	17.8164	MQ
MFD05521.bin.2.72	16.04762	MQ
MFD05521.bin.2.76	28.71665	MQ
MFD05521.bin.2.79	19.64822	MQ
MFD05521.bin.2.80	15.95167	MQ
MFD05521.bin.2.83	18.52645	MQ
MFD05521.bin.2.84	27.56229	MQ
MFD05521.bin.2.89	58.05812	MQ
MFD05521.bin.2.91	20.19998	MQ
MFD05521.bin.2.95	53.58207	MQ
MFD05521.bin.3.132	25.56168	MQ
MFD05521.bin.3.166	21.19876	MQ
MFD05521.bin.3.212	35.4733	MQ
MFD05521.bin.3.22	16.94742	MQ
MFD05521.bin.3.34	17.10652	MQ
MFD05521.bin.3.347	13.78365	MQ
MFD05521.bin.3.443	30.41559	MQ
MFD05521.bin.3.444	14.48085	MQ
MFD05521.bin.3.460	16.51932	MQ
MFD05521.bin.3.462	14.3491	MQ
MFD05521.bin.3.609	30.55398	MQ
MFD05521.bin.3.61	19.73149	MQ
MFD05521.bin.3.82	10.87973	MQ
MFD05521.bin.3.92	36.09398	MQ
MFD05521.bin.4.280	12.48071	MQ
MFD05521.bin.4.316	14.32237	MQ
MFD05537.bin.2.18	32.29153	MQ
MFD05537.bin.2.22	27.57819	MQ
MFD05537.bin.2.27	18.89222	MQ
MFD05537.bin.2.30	28.50201	MQ
MFD05537.bin.2.31	37.86113	MQ
MFD05537.bin.2.35	31.84128	MQ
MFD05537.bin.2.37	17.9339	MQ
MFD05537.bin.2.40	16.98523	MQ
MFD05537.bin.2.47	32.53649	MQ
MFD05537.bin.2.49	31.84569	MQ
MFD05537.bin.2.65	22.46901	MQ
MFD05537.bin.2.7	18.87396	MQ
MFD05537.bin.2.82	25.51038	MQ
MFD05537.bin.2.84	43.67673	MQ
MFD05537.bin.2.90	36.25775	MQ
MFD05537.bin.2.92	50.4595	MQ
MFD05537.bin.3.259	31.53479	MQ
MFD05537.bin.3.31	22.03002	MQ
MFD05567.bin.2.101	22.71701	MQ
MFD05567.bin.2.102	23.78296	MQ
MFD05567.bin.2.108	20.3455	MQ
MFD05567.bin.2.111	27.00015	MQ
MFD05567.bin.2.115	17.20747	MQ
MFD05567.bin.2.14	17.00507	MQ
MFD05567.bin.2.150	25.39537	MQ
MFD05567.bin.2.152	22.721	MQ
MFD05567.bin.2.153	34.10084	MQ
MFD05567.bin.2.154	21.42614	MQ
MFD05567.bin.2.160	48.0393	MQ
MFD05567.bin.2.161	42.26489	MQ
MFD05567.bin.2.167	22.11959	MQ
MFD05567.bin.2.176	20.02498	MQ
MFD05567.bin.2.179	30.16881	MQ
MFD05567.bin.2.181	25.06855	MQ
MFD05567.bin.2.183	44.61712	MQ
MFD05567.bin.2.185	24.2357	MQ
MFD05567.bin.2.187	26.18703	MQ
MFD05567.bin.2.189	71.69563	MQ
MFD05567.bin.2.19	18.99283	MQ
MFD05567.bin.2.191	31.76135	MQ
MFD05567.bin.2.196	28.239	MQ
MFD05567.bin.2.201	29.98891	MQ
MFD05567.bin.2.209	28.54043	MQ
MFD05567.bin.2.219	28.20877	MQ
MFD05567.bin.2.22	23.35298	MQ
MFD05567.bin.2.220	23.96471	MQ
MFD05567.bin.2.232	24.5081	MQ
MFD05567.bin.2.233	46.84195	MQ
MFD05567.bin.2.24	63.91712	MQ
MFD05567.bin.2.243	39.12129	MQ
MFD05567.bin.2.246	14.53118	MQ
MFD05567.bin.2.247	36.49683	MQ
MFD05567.bin.2.25	26.23673	MQ
MFD05567.bin.2.250	21.55546	MQ
MFD05567.bin.2.254	30.96782	MQ
MFD05567.bin.2.26	20.59167	MQ
MFD05567.bin.2.266	18.12558	MQ
MFD05567.bin.2.267	21.46284	MQ
MFD05567.bin.2.269	30.98977	MQ
MFD05567.bin.2.27	17.39433	MQ
MFD05567.bin.2.276	29.87512	MQ
MFD05567.bin.2.278	32.6264	MQ
MFD05567.bin.2.3	62.56838	MQ
MFD05567.bin.2.37	56.53891	MQ
MFD05567.bin.2.4	16.54458	MQ
MFD05567.bin.2.45	19.64611	MQ
MFD05567.bin.2.47	16.33269	MQ
MFD05567.bin.2.48	30.56206	MQ
MFD05567.bin.2.50	30.14017	MQ
MFD05567.bin.2.55	19.80036	MQ
MFD05567.bin.2.57	19.27211	MQ
MFD05567.bin.2.61	15.36638	MQ
MFD05567.bin.2.62	18.00994	MQ
MFD05567.bin.2.64	70.39263	MQ
MFD05567.bin.2.7	26.61371	MQ
MFD05567.bin.2.74	31.27103	MQ
MFD05567.bin.2.76	16.88721	MQ
MFD05567.bin.2.77	21.43795	MQ
MFD05567.bin.2.78	22.86174	MQ
MFD05567.bin.2.80	38.68492	MQ
MFD05567.bin.2.81	28.6048	MQ
MFD05567.bin.2.83	18.33087	MQ
MFD05567.bin.2.84	23.38895	MQ
MFD05567.bin.2.88	21.86084	MQ
MFD05567.bin.2.9	16.27145	MQ
MFD05567.bin.2.90	23.21516	MQ
MFD05567.bin.2.97	15.30822	MQ
MFD05567.bin.3.114	14.11824	MQ
MFD05567.bin.3.117	16.85412	MQ
MFD05567.bin.3.134	16.54747	MQ
MFD05567.bin.3.357	45.98482	MQ
MFD05567.bin.3.46	13.70951	MQ
MFD05567.bin.3.49	37.9547	MQ
MFD05567.bin.3.524	20.61053	MQ
MFD05567.bin.3.532	17.62037	MQ
MFD05567.bin.3.543	62.78689	MQ
MFD05567.bin.3.64	21.91678	MQ
MFD05567.bin.4.189	44.79548	MQ
MFD05567.bin.4.378	25.3092	MQ
MFD05567.bin.4.98	23.96091	MQ
MFD05580.bin.1.119	31.19031	MQ
MFD05580.bin.1.36	37.78245	MQ
MFD05580.bin.1.80	18.26407	MQ
MFD05580.bin.2.12	62.10024	MQ
MFD05580.bin.2.14	26.39125	MQ
MFD05580.bin.2.15	20.47956	MQ
MFD05580.bin.2.2	84.16125	MQ
MFD05580.bin.2.20	15.51804	MQ
MFD05580.bin.2.22	13.88984	MQ
MFD05580.bin.2.24	21.68881	MQ
MFD05580.bin.2.25	28.68829	MQ
MFD05580.bin.2.29	63.67341	MQ
MFD05580.bin.2.3	36.38661	MQ
MFD05580.bin.2.37	12.47549	MQ
MFD05580.bin.2.45	11.93662	MQ
MFD05580.bin.2.48	18.77659	MQ
MFD05580.bin.2.50	37.80946	MQ
MFD05580.bin.2.60	24.26105	MQ
MFD05580.bin.2.62	123.4118	MQ
MFD05580.bin.2.68	261.6891	MQ
MFD05580.bin.2.69	34.09816	MQ
MFD05580.bin.2.70	14.90268	MQ
MFD05580.bin.2.71	159.3198	MQ
MFD05580.bin.2.77	21.97305	MQ
MFD05580.bin.2.82	20.87663	MQ
MFD05580.bin.2.83	44.31248	MQ
MFD05580.bin.2.85	23.09432	MQ
MFD05580.bin.2.86	47.17583	MQ
MFD05580.bin.2.90	13.78085	MQ
MFD05580.bin.2.92	13.28028	MQ
MFD05580.bin.3.109	52.09215	MQ
MFD05580.bin.3.156	33.93774	MQ
MFD05580.bin.3.160	40.64313	MQ
MFD05580.bin.3.164	96.4628	MQ
MFD05580.bin.3.18	27.92504	MQ
MFD05580.bin.3.47	35.78265	MQ
MFD05580.bin.3.88	77.23507	MQ
MFD05580.bin.3.90	19.50843	MQ
MFD05674.bin.1.63	66.86771	MQ
MFD05674.bin.2.1	21.92738	MQ
MFD05674.bin.2.114	31.41709	MQ
MFD05674.bin.2.115	43.27805	MQ
MFD05674.bin.2.117	25.04015	MQ
MFD05674.bin.2.121	20.29885	MQ
MFD05674.bin.2.122	13.0458	MQ
MFD05674.bin.2.125	14.21728	MQ
MFD05674.bin.2.126	24.87018	MQ
MFD05674.bin.2.128	19.27035	MQ
MFD05674.bin.2.129	28.87407	MQ
MFD05674.bin.2.130	19.08087	MQ
MFD05674.bin.2.133	98.95202	MQ
MFD05674.bin.2.138	29.90104	MQ
MFD05674.bin.2.139	16.76709	MQ
MFD05674.bin.2.14	21.37416	MQ
MFD05674.bin.2.141	11.56535	MQ
MFD05674.bin.2.145	22.02118	MQ
MFD05674.bin.2.155	21.29061	MQ
MFD05674.bin.2.157	22.44552	MQ
MFD05674.bin.2.160	29.03379	MQ
MFD05674.bin.2.162	17.57226	MQ
MFD05674.bin.2.168	46.62053	MQ
MFD05674.bin.2.17	22.87436	MQ
MFD05674.bin.2.170	36.30693	MQ
MFD05674.bin.2.181	20.22245	MQ
MFD05674.bin.2.184	17.57294	MQ
MFD05674.bin.2.185	30.19578	MQ
MFD05674.bin.2.19	42.1037	MQ
MFD05674.bin.2.194	48.05434	MQ
MFD05674.bin.2.20	44.0731	MQ
MFD05674.bin.2.26	21.49473	MQ
MFD05674.bin.2.3	22.29669	MQ
MFD05674.bin.2.30	49.39621	MQ
MFD05674.bin.2.33	15.47736	MQ
MFD05674.bin.2.4	26.04516	MQ
MFD05674.bin.2.41	35.49929	MQ
MFD05674.bin.2.46	20.88657	MQ
MFD05674.bin.2.49	25.30803	MQ
MFD05674.bin.2.51	21.34111	MQ
MFD05674.bin.2.52	31.2771	MQ
MFD05674.bin.2.53	19.16195	MQ
MFD05674.bin.2.55	20.19126	MQ
MFD05674.bin.2.67	28.75642	MQ
MFD05674.bin.2.7	34.17099	MQ
MFD05674.bin.2.88	11.16909	MQ
MFD05674.bin.2.93	15.54006	MQ
MFD05674.bin.2.95	14.91709	MQ
MFD05674.bin.2.96	23.33503	MQ
MFD05674.bin.3.100	16.56968	MQ
MFD05674.bin.3.103	24.72029	MQ
MFD05674.bin.3.108	39.20208	MQ
MFD05674.bin.3.117	38.50617	MQ
MFD05674.bin.3.173	160.109	MQ
MFD05674.bin.3.197	17.71754	MQ
MFD05674.bin.3.214	44.44657	MQ
MFD05674.bin.3.310	14.35637	MQ
MFD05674.bin.3.315	27.01742	MQ
MFD05674.bin.3.318	26.81169	MQ
MFD05674.bin.3.33	48.97441	MQ
MFD05674.bin.3.332	14.88451	MQ
MFD05674.bin.3.374	23.35426	MQ
MFD05674.bin.3.375	18.73179	MQ
MFD05674.bin.3.413	34.6353	MQ
MFD05674.bin.3.420	16.45161	MQ
MFD05674.bin.3.430	62.84511	MQ
MFD05674.bin.3.445	16.46496	MQ
MFD05674.bin.3.447	16.82847	MQ
MFD05674.bin.3.461	17.4028	MQ
MFD05674.bin.3.475	12.69014	MQ
MFD05674.bin.3.51	23.20223	MQ
MFD05674.bin.3.64	27.46304	MQ
MFD05674.bin.4.155	12.97755	MQ
MFD05674.bin.4.38	25.43321	MQ
MFD05674.bin.4.475	26.33837	MQ
MFD05674.bin.4.515	19.77156	MQ
MFD05684.bin.1.144	43.3345	MQ
MFD05684.bin.1.177	57.65316	MQ
MFD05684.bin.1.278	23.60214	MQ
MFD05684.bin.1.305	32.65303	MQ
MFD05684.bin.1.412	125.5495	MQ
MFD05684.bin.2.100	31.05536	MQ
MFD05684.bin.2.102	20.58426	MQ
MFD05684.bin.2.104	15.44219	MQ
MFD05684.bin.2.105	28.6733	MQ
MFD05684.bin.2.107	22.14679	MQ
MFD05684.bin.2.108	29.87998	MQ
MFD05684.bin.2.109	28.41877	MQ
MFD05684.bin.2.11	9.931662	MQ
MFD05684.bin.2.112	23.5816	MQ
MFD05684.bin.2.113	13.16971	MQ
MFD05684.bin.2.115	12.22962	MQ
MFD05684.bin.2.116	22.12352	MQ
MFD05684.bin.2.119	16.2177	MQ
MFD05684.bin.2.122	14.44507	MQ
MFD05684.bin.2.124	14.38732	MQ
MFD05684.bin.2.125	103.3752	MQ
MFD05684.bin.2.127	24.42685	MQ
MFD05684.bin.2.129	13.16175	MQ
MFD05684.bin.2.133	51.29786	MQ
MFD05684.bin.2.135	21.88888	MQ
MFD05684.bin.2.139	23.55319	MQ
MFD05684.bin.2.14	14.37273	MQ
MFD05684.bin.2.144	76.80698	MQ
MFD05684.bin.2.145	19.78659	MQ
MFD05684.bin.2.146	16.13363	MQ
MFD05684.bin.2.147	19.52486	MQ
MFD05684.bin.2.149	22.01233	MQ
MFD05684.bin.2.152	28.99179	MQ
MFD05684.bin.2.158	158.4829	MQ
MFD05684.bin.2.163	26.22092	MQ
MFD05684.bin.2.165	20.55883	MQ
MFD05684.bin.2.168	23.79728	MQ
MFD05684.bin.2.17	17.20067	MQ
MFD05684.bin.2.170	85.4156	MQ
MFD05684.bin.2.174	35.31038	MQ
MFD05684.bin.2.178	30.33102	MQ
MFD05684.bin.2.179	46.11202	MQ
MFD05684.bin.2.18	20.78588	MQ
MFD05684.bin.2.180	36.6602	MQ
MFD05684.bin.2.181	61.9483	MQ
MFD05684.bin.2.182	61.20175	MQ
MFD05684.bin.2.184	277.9319	MQ
MFD05684.bin.2.185	32.33779	MQ
MFD05684.bin.2.190	27.49459	MQ
MFD05684.bin.2.191	15.36353	MQ
MFD05684.bin.2.192	28.02728	MQ
MFD05684.bin.2.193	15.78156	MQ
MFD05684.bin.2.194	149.2747	MQ
MFD05684.bin.2.195	17.64609	MQ
MFD05684.bin.2.196	24.96324	MQ
MFD05684.bin.2.197	19.38785	MQ
MFD05684.bin.2.198	13.50077	MQ
MFD05684.bin.2.199	14.33327	MQ
MFD05684.bin.2.2	17.44999	MQ
MFD05684.bin.2.20	14.66967	MQ
MFD05684.bin.2.200	20.99948	MQ
MFD05684.bin.2.204	21.00089	MQ
MFD05684.bin.2.206	31.36575	MQ
MFD05684.bin.2.207	20.54218	MQ
MFD05684.bin.2.208	18.39949	MQ
MFD05684.bin.2.21	16.88122	MQ
MFD05684.bin.2.210	72.4478	MQ
MFD05684.bin.2.216	14.85342	MQ
MFD05684.bin.2.218	14.36395	MQ
MFD05684.bin.2.219	70.18544	MQ
MFD05684.bin.2.222	17.44231	MQ
MFD05684.bin.2.223	17.23359	MQ
MFD05684.bin.2.225	13.59886	MQ
MFD05684.bin.2.226	14.13368	MQ
MFD05684.bin.2.227	14.80583	MQ
MFD05684.bin.2.228	23.28708	MQ
MFD05684.bin.2.23	22.45159	MQ
MFD05684.bin.2.230	22.09558	MQ
MFD05684.bin.2.233	28.56368	MQ
MFD05684.bin.2.236	28.43582	MQ
MFD05684.bin.2.239	29.13401	MQ
MFD05684.bin.2.24	21.72181	MQ
MFD05684.bin.2.240	28.84338	MQ
MFD05684.bin.2.241	38.94826	MQ
MFD05684.bin.2.242	16.62676	MQ
MFD05684.bin.2.243	19.41671	MQ
MFD05684.bin.2.245	39.00403	MQ
MFD05684.bin.2.250	18.07407	MQ
MFD05684.bin.2.251	18.96396	MQ
MFD05684.bin.2.255	28.63602	MQ
MFD05684.bin.2.256	137.3083	MQ
MFD05684.bin.2.259	62.33491	MQ
MFD05684.bin.2.260	32.40155	MQ
MFD05684.bin.2.261	23.04082	MQ
MFD05684.bin.2.263	20.16296	MQ
MFD05684.bin.2.266	14.9034	MQ
MFD05684.bin.2.267	60.98502	MQ
MFD05684.bin.2.269	25.69989	MQ
MFD05684.bin.2.27	15.64967	MQ
MFD05684.bin.2.273	14.79995	MQ
MFD05684.bin.2.274	17.65092	MQ
MFD05684.bin.2.275	51.15841	MQ
MFD05684.bin.2.276	94.8907	MQ
MFD05684.bin.2.277	24.06817	MQ
MFD05684.bin.2.279	21.60214	MQ
MFD05684.bin.2.28	14.64616	MQ
MFD05684.bin.2.280	26.4252	MQ
MFD05684.bin.2.281	19.53626	MQ
MFD05684.bin.2.282	13.77701	MQ
MFD05684.bin.2.283	17.68771	MQ
MFD05684.bin.2.284	17.39161	MQ
MFD05684.bin.2.285	23.16079	MQ
MFD05684.bin.2.29	11.72539	MQ
MFD05684.bin.2.31	15.15419	MQ
MFD05684.bin.2.33	25.41733	MQ
MFD05684.bin.2.34	13.75104	MQ
MFD05684.bin.2.36	88.245	MQ
MFD05684.bin.2.37	15.80672	MQ
MFD05684.bin.2.38	60.85088	MQ
MFD05684.bin.2.39	56.89317	MQ
MFD05684.bin.2.41	17.23688	MQ
MFD05684.bin.2.43	18.64256	MQ
MFD05684.bin.2.48	23.74767	MQ
MFD05684.bin.2.5	16.40732	MQ
MFD05684.bin.2.50	78.76703	MQ
MFD05684.bin.2.51	16.55657	MQ
MFD05684.bin.2.55	15.552	MQ
MFD05684.bin.2.58	12.95235	MQ
MFD05684.bin.2.6	14.79238	MQ
MFD05684.bin.2.61	21.46169	MQ
MFD05684.bin.2.63	22.80632	MQ
MFD05684.bin.2.64	47.35735	MQ
MFD05684.bin.2.65	22.59319	MQ
MFD05684.bin.2.66	17.09783	MQ
MFD05684.bin.2.67	17.33488	MQ
MFD05684.bin.2.68	13.86617	MQ
MFD05684.bin.2.69	14.61223	MQ
MFD05684.bin.2.72	12.60151	MQ
MFD05684.bin.2.73	13.95732	MQ
MFD05684.bin.2.75	20.13443	MQ
MFD05684.bin.2.78	30.84374	MQ
MFD05684.bin.2.80	21.82169	MQ
MFD05684.bin.2.82	17.10409	MQ
MFD05684.bin.2.83	33.92742	MQ
MFD05684.bin.2.84	17.38873	MQ
MFD05684.bin.2.88	22.67354	MQ
MFD05684.bin.2.91	28.32528	MQ
MFD05684.bin.2.92	18.16007	MQ
MFD05684.bin.2.93	16.77896	MQ
MFD05684.bin.2.95	23.85874	MQ
MFD05684.bin.2.96	20.93089	MQ
MFD05684.bin.2.98	309.4328	MQ
MFD05684.bin.2.99	27.67136	MQ
MFD05684.bin.3.1	23.72971	MQ
MFD05684.bin.3.129	49.85976	MQ
MFD05684.bin.3.142	13.43013	MQ
MFD05684.bin.3.143	37.58791	MQ
MFD05684.bin.3.151	17.0828	MQ
MFD05684.bin.3.160	98.88282	MQ
MFD05684.bin.3.171	23.23377	MQ
MFD05684.bin.3.180	180.3874	MQ
MFD05684.bin.3.198	21.96487	MQ
MFD05684.bin.3.29	15.84445	MQ
MFD05684.bin.3.306	18.76162	MQ
MFD05684.bin.3.313	15.18883	MQ
MFD05684.bin.3.333	18.31956	MQ
MFD05684.bin.3.34	17.65515	MQ
MFD05684.bin.3.341	12.48068	MQ
MFD05684.bin.3.391	230.1849	MQ
MFD05684.bin.3.402	38.90863	MQ
MFD05684.bin.3.404	28.8885	MQ
MFD05684.bin.3.421	10.50493	MQ
MFD05684.bin.3.44	17.57794	MQ
MFD05684.bin.3.60	39.47794	MQ
MFD05684.bin.3.79	22.51295	MQ
MFD05684.bin.4.554	21.37467	MQ
MFD05705.bin.1.132	16.10689	MQ
MFD05705.bin.1.143	53.92117	MQ
MFD05705.bin.1.223	198.3625	MQ
MFD05705.bin.1.243	105.9531	MQ
MFD05705.bin.1.7	163.9553	MQ
MFD05705.bin.2.10	25.83763	MQ
MFD05705.bin.2.100	18.8579	MQ
MFD05705.bin.2.106	33.03421	MQ
MFD05705.bin.2.107	22.54132	MQ
MFD05705.bin.2.108	26.84465	MQ
MFD05705.bin.2.110	59.93383	MQ
MFD05705.bin.2.112	60.15687	MQ
MFD05705.bin.2.113	18.1491	MQ
MFD05705.bin.2.12	31.97818	MQ
MFD05705.bin.2.120	26.25468	MQ
MFD05705.bin.2.121	15.07246	MQ
MFD05705.bin.2.126	27.52264	MQ
MFD05705.bin.2.13	12.49927	MQ
MFD05705.bin.2.131	15.09738	MQ
MFD05705.bin.2.135	28.5048	MQ
MFD05705.bin.2.137	15.82582	MQ
MFD05705.bin.2.138	19.51674	MQ
MFD05705.bin.2.141	32.46191	MQ
MFD05705.bin.2.143	36.58536	MQ
MFD05705.bin.2.144	20.43307	MQ
MFD05705.bin.2.145	21.8354	MQ
MFD05705.bin.2.146	18.67629	MQ
MFD05705.bin.2.149	32.30271	MQ
MFD05705.bin.2.15	27.34678	MQ
MFD05705.bin.2.152	17.76812	MQ
MFD05705.bin.2.2	15.3107	MQ
MFD05705.bin.2.20	26.1875	MQ
MFD05705.bin.2.22	64.15915	MQ
MFD05705.bin.2.35	19.52358	MQ
MFD05705.bin.2.36	27.28839	MQ
MFD05705.bin.2.39	17.70332	MQ
MFD05705.bin.2.4	36.01697	MQ
MFD05705.bin.2.41	23.65656	MQ
MFD05705.bin.2.42	20.71029	MQ
MFD05705.bin.2.43	15.59162	MQ
MFD05705.bin.2.44	18.71442	MQ
MFD05705.bin.2.47	18.64203	MQ
MFD05705.bin.2.48	13.71832	MQ
MFD05705.bin.2.49	42.59968	MQ
MFD05705.bin.2.5	21.42782	MQ
MFD05705.bin.2.50	38.77976	MQ
MFD05705.bin.2.52	17.43038	MQ
MFD05705.bin.2.55	31.48104	MQ
MFD05705.bin.2.6	11.24539	MQ
MFD05705.bin.2.66	39.72375	MQ
MFD05705.bin.2.71	147.0175	MQ
MFD05705.bin.2.72	56.54807	MQ
MFD05705.bin.2.76	14.4277	MQ
MFD05705.bin.2.82	23.57038	MQ
MFD05705.bin.2.85	27.0694	MQ
MFD05705.bin.2.86	23.75261	MQ
MFD05705.bin.2.87	24.42817	MQ
MFD05705.bin.2.88	25.83762	MQ
MFD05705.bin.2.89	25.58877	MQ
MFD05705.bin.2.90	235.2259	MQ
MFD05705.bin.2.92	36.14119	MQ
MFD05705.bin.2.94	25.97417	MQ
MFD05705.bin.2.95	18.78801	MQ
MFD05705.bin.2.96	24.78692	MQ
MFD05705.bin.2.99	158.9536	MQ
MFD05705.bin.3.107	58.14617	MQ
MFD05705.bin.3.208	59.78854	MQ
MFD05705.bin.3.237	123.4439	MQ
MFD05705.bin.3.254	23.28118	MQ
MFD05705.bin.3.308	97.57068	MQ
MFD05705.bin.3.47	14.80133	MQ
MFD05705.bin.4.417	13.94069	MQ
MFD05705.bin.4.70	22.78689	MQ
MFD05747.bin.2.1	23.76665	MQ
MFD05747.bin.2.102	33.91059	MQ
MFD05747.bin.2.105	19.04781	MQ
MFD05747.bin.2.112	27.64417	MQ
MFD05747.bin.2.116	34.88649	MQ
MFD05747.bin.2.119	27.77939	MQ
MFD05747.bin.2.120	32.6527	MQ
MFD05747.bin.2.124	12.81784	MQ
MFD05747.bin.2.125	16.75482	MQ
MFD05747.bin.2.127	36.26047	MQ
MFD05747.bin.2.132	31.75271	MQ
MFD05747.bin.2.134	28.57786	MQ
MFD05747.bin.2.136	22.38092	MQ
MFD05747.bin.2.137	38.49931	MQ
MFD05747.bin.2.142	26.1369	MQ
MFD05747.bin.2.144	35.74243	MQ
MFD05747.bin.2.145	56.28789	MQ
MFD05747.bin.2.149	37.84342	MQ
MFD05747.bin.2.150	26.63843	MQ
MFD05747.bin.2.152	22.55284	MQ
MFD05747.bin.2.155	14.75984	MQ
MFD05747.bin.2.157	33.26828	MQ
MFD05747.bin.2.16	78.02886	MQ
MFD05747.bin.2.162	36.86896	MQ
MFD05747.bin.2.163	25.6512	MQ
MFD05747.bin.2.165	24.45857	MQ
MFD05747.bin.2.167	37.81173	MQ
MFD05747.bin.2.173	24.6712	MQ
MFD05747.bin.2.174	22.52959	MQ
MFD05747.bin.2.175	16.89777	MQ
MFD05747.bin.2.176	16.54852	MQ
MFD05747.bin.2.177	20.59014	MQ
MFD05747.bin.2.178	29.28272	MQ
MFD05747.bin.2.183	20.96735	MQ
MFD05747.bin.2.188	25.17814	MQ
MFD05747.bin.2.193	30.28628	MQ
MFD05747.bin.2.197	18.26946	MQ
MFD05747.bin.2.2	52.0587	MQ
MFD05747.bin.2.200	26.00956	MQ
MFD05747.bin.2.202	13.24188	MQ
MFD05747.bin.2.21	19.47776	MQ
MFD05747.bin.2.210	26.74133	MQ
MFD05747.bin.2.211	32.17384	MQ
MFD05747.bin.2.215	20.49679	MQ
MFD05747.bin.2.217	21.14549	MQ
MFD05747.bin.2.221	29.71436	MQ
MFD05747.bin.2.223	28.44391	MQ
MFD05747.bin.2.224	16.73207	MQ
MFD05747.bin.2.23	20.40583	MQ
MFD05747.bin.2.24	26.07767	MQ
MFD05747.bin.2.28	23.51769	MQ
MFD05747.bin.2.29	32.21658	MQ
MFD05747.bin.2.33	17.26879	MQ
MFD05747.bin.2.36	37.32347	MQ
MFD05747.bin.2.37	23.92293	MQ
MFD05747.bin.2.40	15.0807	MQ
MFD05747.bin.2.42	25.34649	MQ
MFD05747.bin.2.52	20.61986	MQ
MFD05747.bin.2.59	17.32423	MQ
MFD05747.bin.2.85	45.99458	MQ
MFD05747.bin.2.90	53.55948	MQ
MFD05747.bin.2.93	36.87014	MQ
MFD05747.bin.3.104	22.71752	MQ
MFD05747.bin.3.156	32.31027	MQ
MFD05747.bin.3.196	29.51351	MQ
MFD05747.bin.3.237	46.78937	MQ
MFD05747.bin.3.238	24.00052	MQ
MFD05747.bin.3.242	20.0252	MQ
MFD05747.bin.3.273	15.20242	MQ
MFD05747.bin.3.28	18.68751	MQ
MFD05747.bin.3.294	57.45401	MQ
MFD05747.bin.3.302	15.22103	MQ
MFD05747.bin.3.323	46.40196	MQ
MFD05747.bin.3.37	31.0957	MQ
MFD05747.bin.3.402	22.7526	MQ
MFD05747.bin.3.574	42.12537	MQ
MFD05747.bin.3.79	20.12015	MQ
MFD05747.bin.4.134	24.87583	MQ
MFD05747.bin.4.161	12.4812	MQ
MFD05841.bin.2.1	23.51045	MQ
MFD05841.bin.2.10	30.48944	MQ
MFD05841.bin.2.100	20.883	MQ
MFD05841.bin.2.102	13.43547	MQ
MFD05841.bin.2.109	36.05559	MQ
MFD05841.bin.2.11	18.21224	MQ
MFD05841.bin.2.110	16.0191	MQ
MFD05841.bin.2.111	26.21882	MQ
MFD05841.bin.2.112	18.3775	MQ
MFD05841.bin.2.116	47.56095	MQ
MFD05841.bin.2.117	26.68154	MQ
MFD05841.bin.2.118	59.03222	MQ
MFD05841.bin.2.119	29.92827	MQ
MFD05841.bin.2.12	28.6315	MQ
MFD05841.bin.2.120	26.33521	MQ
MFD05841.bin.2.123	22.78577	MQ
MFD05841.bin.2.124	27.95722	MQ
MFD05841.bin.2.128	75.52563	MQ
MFD05841.bin.2.129	30.07103	MQ
MFD05841.bin.2.132	17.0375	MQ
MFD05841.bin.2.133	57.59227	MQ
MFD05841.bin.2.137	24.45589	MQ
MFD05841.bin.2.14	20.73576	MQ
MFD05841.bin.2.140	29.09203	MQ
MFD05841.bin.2.150	28.24381	MQ
MFD05841.bin.2.159	20.74006	MQ
MFD05841.bin.2.163	31.27979	MQ
MFD05841.bin.2.164	188.9866	MQ
MFD05841.bin.2.165	16.12093	MQ
MFD05841.bin.2.169	69.46461	MQ
MFD05841.bin.2.175	33.51043	MQ
MFD05841.bin.2.176	22.76944	MQ
MFD05841.bin.2.177	28.20722	MQ
MFD05841.bin.2.190	14.8172	MQ
MFD05841.bin.2.193	34.66362	MQ
MFD05841.bin.2.194	17.12135	MQ
MFD05841.bin.2.196	24.42379	MQ
MFD05841.bin.2.197	15.76721	MQ
MFD05841.bin.2.2	17.21467	MQ
MFD05841.bin.2.20	20.59378	MQ
MFD05841.bin.2.204	18.41608	MQ
MFD05841.bin.2.205	11.01692	MQ
MFD05841.bin.2.206	32.9444	MQ
MFD05841.bin.2.207	17.47009	MQ
MFD05841.bin.2.209	26.93045	MQ
MFD05841.bin.2.21	74.83843	MQ
MFD05841.bin.2.212	76.54015	MQ
MFD05841.bin.2.213	17.52648	MQ
MFD05841.bin.2.214	21.05864	MQ
MFD05841.bin.2.220	24.5622	MQ
MFD05841.bin.2.228	23.96891	MQ
MFD05841.bin.2.23	77.08798	MQ
MFD05841.bin.2.230	36.46634	MQ
MFD05841.bin.2.27	19.81296	MQ
MFD05841.bin.2.28	18.17875	MQ
MFD05841.bin.2.31	15.70345	MQ
MFD05841.bin.2.34	24.70027	MQ
MFD05841.bin.2.36	16.91257	MQ
MFD05841.bin.2.37	34.39449	MQ
MFD05841.bin.2.38	20.28555	MQ
MFD05841.bin.2.39	41.98814	MQ
MFD05841.bin.2.4	10.73668	MQ
MFD05841.bin.2.41	23.84196	MQ
MFD05841.bin.2.43	27.46604	MQ
MFD05841.bin.2.44	28.11723	MQ
MFD05841.bin.2.45	25.55907	MQ
MFD05841.bin.2.49	23.36398	MQ
MFD05841.bin.2.51	68.54864	MQ
MFD05841.bin.2.56	17.22069	MQ
MFD05841.bin.2.57	20.09739	MQ
MFD05841.bin.2.58	16.50939	MQ
MFD05841.bin.2.6	22.90629	MQ
MFD05841.bin.2.60	17.84985	MQ
MFD05841.bin.2.61	19.20451	MQ
MFD05841.bin.2.63	15.91907	MQ
MFD05841.bin.2.64	29.35744	MQ
MFD05841.bin.2.67	45.84253	MQ
MFD05841.bin.2.68	34.01366	MQ
MFD05841.bin.2.69	18.18251	MQ
MFD05841.bin.2.7	18.16006	MQ
MFD05841.bin.2.70	17.15964	MQ
MFD05841.bin.2.71	16.56656	MQ
MFD05841.bin.2.72	55.03811	MQ
MFD05841.bin.2.73	34.75761	MQ
MFD05841.bin.2.8	15.6183	MQ
MFD05841.bin.2.96	19.53736	MQ
MFD05841.bin.3.119	25.98635	MQ
MFD05841.bin.3.121	25.59452	MQ
MFD05841.bin.3.160	49.27091	MQ
MFD05841.bin.3.161	62.07605	MQ
MFD05841.bin.3.176	109.8625	MQ
MFD05841.bin.3.184	23.91918	MQ
MFD05841.bin.3.233	18.69319	MQ
MFD05841.bin.3.236	21.80553	MQ
MFD05841.bin.3.261	19.53228	MQ
MFD05841.bin.3.277	19.16323	MQ
MFD05841.bin.3.284	28.73999	MQ
MFD05841.bin.3.285	19.45335	MQ
MFD05841.bin.3.297	24.78622	MQ
MFD05841.bin.3.299	22.95876	MQ
MFD05841.bin.3.37	18.17434	MQ
MFD05841.bin.3.38	16.34415	MQ
MFD05841.bin.3.387	23.72953	MQ
MFD05841.bin.3.431	16.08306	MQ
MFD05841.bin.3.435	19.1669	MQ
MFD05841.bin.3.44	17.16447	MQ
MFD05841.bin.3.60	35.27841	MQ
MFD05841.bin.3.68	20.69431	MQ
MFD05841.bin.4.342	16.05878	MQ
MFD05841.bin.4.455	17.22134	MQ
MFD05942.bin.1.100	16.1264	MQ
MFD05942.bin.1.129	33.05951	MQ
MFD05942.bin.1.211	13.44286	MQ
MFD05942.bin.1.304	27.18315	MQ
MFD05942.bin.1.391	44.66226	MQ
MFD05942.bin.1.431	47.09362	MQ
MFD05942.bin.1.468	21.93294	MQ
MFD05942.bin.1.63	29.64498	MQ
MFD05942.bin.2.101	17.20432	MQ
MFD05942.bin.2.102	14.46442	MQ
MFD05942.bin.2.103	47.96579	MQ
MFD05942.bin.2.106	18.12134	MQ
MFD05942.bin.2.108	32.0056	MQ
MFD05942.bin.2.109	16.98481	MQ
MFD05942.bin.2.111	13.10144	MQ
MFD05942.bin.2.112	17.11562	MQ
MFD05942.bin.2.113	15.64976	MQ
MFD05942.bin.2.114	23.67394	MQ
MFD05942.bin.2.115	20.10483	MQ
MFD05942.bin.2.117	28.96835	MQ
MFD05942.bin.2.118	10.61229	MQ
MFD05942.bin.2.119	20.17297	MQ
MFD05942.bin.2.12	23.66989	MQ
MFD05942.bin.2.120	16.26621	MQ
MFD05942.bin.2.121	19.41184	MQ
MFD05942.bin.2.122	21.54789	MQ
MFD05942.bin.2.123	25.15366	MQ
MFD05942.bin.2.125	12.36711	MQ
MFD05942.bin.2.127	51.3804	MQ
MFD05942.bin.2.130	22.11899	MQ
MFD05942.bin.2.131	22.56065	MQ
MFD05942.bin.2.132	18.10367	MQ
MFD05942.bin.2.133	21.13761	MQ
MFD05942.bin.2.135	23.89166	MQ
MFD05942.bin.2.136	19.18368	MQ
MFD05942.bin.2.137	12.15065	MQ
MFD05942.bin.2.150	19.31035	MQ
MFD05942.bin.2.155	17.43583	MQ
MFD05942.bin.2.163	15.55753	MQ
MFD05942.bin.2.166	16.70983	MQ
MFD05942.bin.2.169	20.11186	MQ
MFD05942.bin.2.176	27.84474	MQ
MFD05942.bin.2.177	29.22903	MQ
MFD05942.bin.2.197	26.14398	MQ
MFD05942.bin.2.198	20.30797	MQ
MFD05942.bin.2.20	20.38847	MQ
MFD05942.bin.2.206	19.44054	MQ
MFD05942.bin.2.207	15.48795	MQ
MFD05942.bin.2.209	46.20236	MQ
MFD05942.bin.2.211	31.89238	MQ
MFD05942.bin.2.212	13.88335	MQ
MFD05942.bin.2.216	28.41139	MQ
MFD05942.bin.2.221	18.085	MQ
MFD05942.bin.2.225	16.78042	MQ
MFD05942.bin.2.234	22.62403	MQ
MFD05942.bin.2.238	35.61181	MQ
MFD05942.bin.2.242	29.62227	MQ
MFD05942.bin.2.244	32.99213	MQ
MFD05942.bin.2.246	16.31192	MQ
MFD05942.bin.2.248	17.4686	MQ
MFD05942.bin.2.249	36.02736	MQ
MFD05942.bin.2.252	36.12072	MQ
MFD05942.bin.2.254	32.99827	MQ
MFD05942.bin.2.255	22.73969	MQ
MFD05942.bin.2.258	28.95067	MQ
MFD05942.bin.2.261	23.52949	MQ
MFD05942.bin.2.262	25.90777	MQ
MFD05942.bin.2.266	47.50249	MQ
MFD05942.bin.2.269	24.97639	MQ
MFD05942.bin.2.270	57.51915	MQ
MFD05942.bin.2.272	16.46412	MQ
MFD05942.bin.2.28	27.75931	MQ
MFD05942.bin.2.281	34.21483	MQ
MFD05942.bin.2.285	21.36113	MQ
MFD05942.bin.2.29	37.24717	MQ
MFD05942.bin.2.290	21.5571	MQ
MFD05942.bin.2.296	82.80962	MQ
MFD05942.bin.2.299	23.68444	MQ
MFD05942.bin.2.30	16.60465	MQ
MFD05942.bin.2.302	36.09594	MQ
MFD05942.bin.2.303	15.30961	MQ
MFD05942.bin.2.306	20.69026	MQ
MFD05942.bin.2.307	17.26142	MQ
MFD05942.bin.2.31	26.34031	MQ
MFD05942.bin.2.313	41.33641	MQ
MFD05942.bin.2.318	43.65007	MQ
MFD05942.bin.2.32	18.21432	MQ
MFD05942.bin.2.320	14.36899	MQ
MFD05942.bin.2.325	35.34152	MQ
MFD05942.bin.2.329	21.92872	MQ
MFD05942.bin.2.33	37.66696	MQ
MFD05942.bin.2.330	24.50774	MQ
MFD05942.bin.2.336	16.46812	MQ
MFD05942.bin.2.338	26.15833	MQ
MFD05942.bin.2.339	21.33798	MQ
MFD05942.bin.2.34	19.45295	MQ
MFD05942.bin.2.344	12.94339	MQ
MFD05942.bin.2.345	26.07344	MQ
MFD05942.bin.2.346	27.82023	MQ
MFD05942.bin.2.347	37.24828	MQ
MFD05942.bin.2.348	25.78077	MQ
MFD05942.bin.2.349	27.9992	MQ
MFD05942.bin.2.353	19.7153	MQ
MFD05942.bin.2.354	27.58047	MQ
MFD05942.bin.2.36	30.99121	MQ
MFD05942.bin.2.361	32.56875	MQ
MFD05942.bin.2.38	14.66948	MQ
MFD05942.bin.2.39	20.03834	MQ
MFD05942.bin.2.40	13.68458	MQ
MFD05942.bin.2.44	16.66402	MQ
MFD05942.bin.2.45	21.90199	MQ
MFD05942.bin.2.46	26.15359	MQ
MFD05942.bin.2.47	19.89246	MQ
MFD05942.bin.2.49	32.46957	MQ
MFD05942.bin.2.55	25.21204	MQ
MFD05942.bin.2.56	58.18713	MQ
MFD05942.bin.2.60	11.92927	MQ
MFD05942.bin.2.61	24.66979	MQ
MFD05942.bin.2.64	28.36375	MQ
MFD05942.bin.2.66	37.45662	MQ
MFD05942.bin.2.67	23.06273	MQ
MFD05942.bin.2.68	22.98676	MQ
MFD05942.bin.2.69	34.23455	MQ
MFD05942.bin.2.7	27.86371	MQ
MFD05942.bin.2.78	23.31517	MQ
MFD05942.bin.2.79	38.62877	MQ
MFD05942.bin.2.8	20.51463	MQ
MFD05942.bin.2.81	68.99412	MQ
MFD05942.bin.2.82	29.23291	MQ
MFD05942.bin.2.84	42.7208	MQ
MFD05942.bin.2.85	34.42954	MQ
MFD05942.bin.2.86	60.30196	MQ
MFD05942.bin.2.87	27.77565	MQ
MFD05942.bin.2.89	21.84721	MQ
MFD05942.bin.2.9	18.86492	MQ
MFD05942.bin.2.91	16.81598	MQ
MFD05942.bin.2.93	18.75951	MQ
MFD05942.bin.2.95	17.22243	MQ
MFD05942.bin.2.96	19.83191	MQ
MFD05942.bin.2.97	18.49666	MQ
MFD05942.bin.2.99	11.62148	MQ
MFD05942.bin.3.126	25.67971	MQ
MFD05942.bin.3.128	21.68074	MQ
MFD05942.bin.3.131	18.50143	MQ
MFD05942.bin.3.140	15.52335	MQ
MFD05942.bin.3.17	12.97309	MQ
MFD05942.bin.3.192	31.3771	MQ
MFD05942.bin.3.222	27.99872	MQ
MFD05942.bin.3.249	24.44241	MQ
MFD05942.bin.3.254	39.70552	MQ
MFD05942.bin.3.255	143.8274	MQ
MFD05942.bin.3.267	46.01796	MQ
MFD05942.bin.3.275	16.08161	MQ
MFD05942.bin.3.283	68.62652	MQ
MFD05942.bin.3.284	24.68402	MQ
MFD05942.bin.3.300	40.19613	MQ
MFD05942.bin.3.322	51.33662	MQ
MFD05942.bin.3.327	20.832	MQ
MFD05942.bin.3.333	29.67514	MQ
MFD05942.bin.3.344	20.69922	MQ
MFD05942.bin.3.361	13.15029	MQ
MFD05942.bin.3.4	84.89966	MQ
MFD05942.bin.3.408	18.47581	MQ
MFD05942.bin.3.425	142.5976	MQ
MFD05942.bin.3.478	21.37811	MQ
MFD05942.bin.3.50	19.968	MQ
MFD05942.bin.3.550	11.87024	MQ
MFD05942.bin.3.623	13.10919	MQ
MFD05942.bin.3.643	14.29427	MQ
MFD05942.bin.3.656	14.7258	MQ
MFD05942.bin.3.727	21.74517	MQ
MFD05942.bin.3.80	15.42427	MQ
MFD05942.bin.3.94	56.18012	MQ
MFD05942.bin.4.194	14.8591	MQ
MFD05942.bin.4.397	20.5494	MQ
MFD05942.bin.4.459	13.34164	MQ
MFD05942.bin.4.462	30.42304	MQ
MFD05942.bin.4.8	24.15787	MQ
MFD06085.bin.1.183	22.17378	MQ
MFD06085.bin.1.38	31.84593	MQ
MFD06085.bin.1.62	33.25957	MQ
MFD06085.bin.2.1	16.8223	MQ
MFD06085.bin.2.107	33.29918	MQ
MFD06085.bin.2.117	26.29481	MQ
MFD06085.bin.2.120	16.176	MQ
MFD06085.bin.2.125	36.9035	MQ
MFD06085.bin.2.126	29.7977	MQ
MFD06085.bin.2.133	27.41073	MQ
MFD06085.bin.2.142	21.79969	MQ
MFD06085.bin.2.143	26.93829	MQ
MFD06085.bin.2.144	52.98466	MQ
MFD06085.bin.2.155	21.54205	MQ
MFD06085.bin.2.158	20.85532	MQ
MFD06085.bin.2.162	29.34795	MQ
MFD06085.bin.2.163	15.07944	MQ
MFD06085.bin.2.19	23.33975	MQ
MFD06085.bin.2.31	24.70275	MQ
MFD06085.bin.2.33	19.88618	MQ
MFD06085.bin.2.34	14.74836	MQ
MFD06085.bin.2.35	83.33901	MQ
MFD06085.bin.2.4	29.38771	MQ
MFD06085.bin.2.60	42.91349	MQ
MFD06085.bin.2.66	31.11127	MQ
MFD06085.bin.2.74	21.05878	MQ
MFD06085.bin.2.75	12.1557	MQ
MFD06085.bin.2.78	25.91579	MQ
MFD06085.bin.2.89	22.32876	MQ
MFD06085.bin.2.9	22.88358	MQ
MFD06085.bin.2.91	43.49057	MQ
MFD06085.bin.2.93	12.76456	MQ
MFD06085.bin.2.96	63.94603	MQ
MFD06085.bin.2.97	60.20388	MQ
MFD06085.bin.3.113	24.22426	MQ
MFD06085.bin.3.177	20.03562	MQ
MFD06085.bin.3.239	21.62402	MQ
MFD06085.bin.3.256	12.64154	MQ
MFD06085.bin.3.380	64.30846	MQ
MFD06085.bin.3.398	33.40879	MQ
MFD06085.bin.3.51	26.15959	MQ
MFD06085.bin.3.99	17.37818	MQ
MFD06085.bin.4.391	35.96511	MQ
MFD06092.bin.1.170	46.20433	MQ
MFD06092.bin.1.173	24.23956	MQ
MFD06092.bin.1.198	24.8707	MQ
MFD06092.bin.1.210	19.57427	MQ
MFD06092.bin.1.211	28.18029	MQ
MFD06092.bin.1.223	17.44151	MQ
MFD06092.bin.1.77	56.89088	MQ
MFD06092.bin.1.78	70.69015	MQ
MFD06092.bin.2.10	25.07567	MQ
MFD06092.bin.2.113	43.72767	MQ
MFD06092.bin.2.117	28.49233	MQ
MFD06092.bin.2.119	28.58686	MQ
MFD06092.bin.2.122	48.31971	MQ
MFD06092.bin.2.129	21.44067	MQ
MFD06092.bin.2.137	18.09173	MQ
MFD06092.bin.2.138	27.03018	MQ
MFD06092.bin.2.139	20.52077	MQ
MFD06092.bin.2.145	25.42608	MQ
MFD06092.bin.2.146	20.18865	MQ
MFD06092.bin.2.148	13.97477	MQ
MFD06092.bin.2.152	14.39784	MQ
MFD06092.bin.2.154	12.86263	MQ
MFD06092.bin.2.155	14.23256	MQ
MFD06092.bin.2.158	37.02245	MQ
MFD06092.bin.2.160	40.20211	MQ
MFD06092.bin.2.163	46.20343	MQ
MFD06092.bin.2.164	13.47384	MQ
MFD06092.bin.2.165	20.40134	MQ
MFD06092.bin.2.171	17.37515	MQ
MFD06092.bin.2.173	42.78054	MQ
MFD06092.bin.2.175	12.94164	MQ
MFD06092.bin.2.176	48.70521	MQ
MFD06092.bin.2.177	20.95234	MQ
MFD06092.bin.2.179	45.86651	MQ
MFD06092.bin.2.180	29.72037	MQ
MFD06092.bin.2.181	42.94396	MQ
MFD06092.bin.2.189	21.24547	MQ
MFD06092.bin.2.198	40.73998	MQ
MFD06092.bin.2.203	66.27584	MQ
MFD06092.bin.2.205	41.91849	MQ
MFD06092.bin.2.3	16.23607	MQ
MFD06092.bin.2.37	16.81172	MQ
MFD06092.bin.2.38	20.67648	MQ
MFD06092.bin.2.39	16.96696	MQ
MFD06092.bin.2.40	20.19715	MQ
MFD06092.bin.2.46	17.05608	MQ
MFD06092.bin.2.47	20.11881	MQ
MFD06092.bin.2.48	81.33209	MQ
MFD06092.bin.2.49	14.352	MQ
MFD06092.bin.2.5	23.68963	MQ
MFD06092.bin.2.51	25.77663	MQ
MFD06092.bin.2.54	12.77799	MQ
MFD06092.bin.2.57	30.24704	MQ
MFD06092.bin.2.58	19.60515	MQ
MFD06092.bin.2.63	16.57412	MQ
MFD06092.bin.2.66	24.21816	MQ
MFD06092.bin.2.68	15.19072	MQ
MFD06092.bin.2.7	21.53901	MQ
MFD06092.bin.2.73	26.20885	MQ
MFD06092.bin.2.74	16.24634	MQ
MFD06092.bin.2.75	28.20005	MQ
MFD06092.bin.2.76	18.86261	MQ
MFD06092.bin.2.78	232.3227	MQ
MFD06092.bin.2.81	24.55233	MQ
MFD06092.bin.2.82	17.09464	MQ
MFD06092.bin.2.85	34.45395	MQ
MFD06092.bin.2.86	31.26886	MQ
MFD06092.bin.2.87	15.53829	MQ
MFD06092.bin.2.89	32.08503	MQ
MFD06092.bin.2.94	28.04358	MQ
MFD06092.bin.2.96	27.88585	MQ
MFD06092.bin.2.99	24.32723	MQ
MFD06092.bin.3.114	21.35597	MQ
MFD06092.bin.3.249	46.41816	MQ
MFD06092.bin.3.285	14.08945	MQ
MFD06092.bin.3.326	27.28783	MQ
MFD06092.bin.4.257	27.13572	MQ
MFD06229.bin.2.115	17.91111	MQ
MFD06229.bin.2.122	38.84153	MQ
MFD06229.bin.2.124	33.2616	MQ
MFD06229.bin.2.134	64.64783	MQ
MFD06229.bin.2.137	39.13296	MQ
MFD06229.bin.2.138	50.45166	MQ
MFD06229.bin.2.140	29.46916	MQ
MFD06229.bin.2.149	24.57507	MQ
MFD06229.bin.2.150	44.73559	MQ
MFD06229.bin.2.154	19.19897	MQ
MFD06229.bin.2.155	10.33531	MQ
MFD06229.bin.2.157	25.24027	MQ
MFD06229.bin.2.159	30.05164	MQ
MFD06229.bin.2.162	25.7131	MQ
MFD06229.bin.2.168	57.1619	MQ
MFD06229.bin.2.17	23.76039	MQ
MFD06229.bin.2.181	19.87769	MQ
MFD06229.bin.2.185	20.36001	MQ
MFD06229.bin.2.186	21.24222	MQ
MFD06229.bin.2.191	19.63136	MQ
MFD06229.bin.2.204	40.09981	MQ
MFD06229.bin.2.210	18.98446	MQ
MFD06229.bin.2.215	23.63676	MQ
MFD06229.bin.2.219	34.00908	MQ
MFD06229.bin.2.225	68.72672	MQ
MFD06229.bin.2.226	34.44221	MQ
MFD06229.bin.2.227	14.03354	MQ
MFD06229.bin.2.230	30.36087	MQ
MFD06229.bin.2.236	20.23167	MQ
MFD06229.bin.2.238	20.67021	MQ
MFD06229.bin.2.24	17.07426	MQ
MFD06229.bin.2.240	17.05241	MQ
MFD06229.bin.2.245	20.21841	MQ
MFD06229.bin.2.246	28.953	MQ
MFD06229.bin.2.252	41.88884	MQ
MFD06229.bin.2.258	26.01395	MQ
MFD06229.bin.2.259	20.14674	MQ
MFD06229.bin.2.262	24.29589	MQ
MFD06229.bin.2.265	24.39541	MQ
MFD06229.bin.2.32	27.14414	MQ
MFD06229.bin.2.38	43.53375	MQ
MFD06229.bin.2.4	25.77263	MQ
MFD06229.bin.2.40	17.72851	MQ
MFD06229.bin.2.41	30.13572	MQ
MFD06229.bin.2.42	20.22016	MQ
MFD06229.bin.2.5	24.7888	MQ
MFD06229.bin.2.51	26.07554	MQ
MFD06229.bin.2.55	21.91492	MQ
MFD06229.bin.2.57	14.00741	MQ
MFD06229.bin.2.61	48.60932	MQ
MFD06229.bin.2.63	33.34594	MQ
MFD06229.bin.2.64	33.9161	MQ
MFD06229.bin.2.69	31.15594	MQ
MFD06229.bin.2.70	17.34063	MQ
MFD06229.bin.2.72	21.39612	MQ
MFD06229.bin.2.77	27.09061	MQ
MFD06229.bin.2.89	35.63279	MQ
MFD06229.bin.3.102	32.76451	MQ
MFD06229.bin.3.208	32.65499	MQ
MFD06229.bin.3.228	41.29978	MQ
MFD06229.bin.3.372	17.46818	MQ
MFD06229.bin.3.42	24.08544	MQ
MFD06229.bin.3.461	66.42732	MQ
MFD06229.bin.3.483	26.52811	MQ
MFD06229.bin.3.491	19.24978	MQ
MFD06229.bin.3.554	17.40242	MQ
MFD06229.bin.3.581	34.61219	MQ
MFD06229.bin.3.98	34.39007	MQ
MFD06229.bin.4.101	23.24075	MQ
MFD06229.bin.4.403	17.82927	MQ
MFD06229.bin.4.496	27.81264	MQ
MFD06298.bin.1.142	25.49513	MQ
MFD06298.bin.2.10	30.25328	MQ
MFD06298.bin.2.114	40.95821	MQ
MFD06298.bin.2.116	16.17928	MQ
MFD06298.bin.2.118	14.79968	MQ
MFD06298.bin.2.127	17.80237	MQ
MFD06298.bin.2.13	19.44695	MQ
MFD06298.bin.2.131	23.50245	MQ
MFD06298.bin.2.132	22.30896	MQ
MFD06298.bin.2.137	70.55241	MQ
MFD06298.bin.2.146	11.18118	MQ
MFD06298.bin.2.154	25.35862	MQ
MFD06298.bin.2.160	36.80413	MQ
MFD06298.bin.2.166	23.16783	MQ
MFD06298.bin.2.175	42.16454	MQ
MFD06298.bin.2.185	20.36142	MQ
MFD06298.bin.2.192	23.51392	MQ
MFD06298.bin.2.195	16.98863	MQ
MFD06298.bin.2.198	23.8108	MQ
MFD06298.bin.2.20	35.25959	MQ
MFD06298.bin.2.202	24.7454	MQ
MFD06298.bin.2.208	21.1598	MQ
MFD06298.bin.2.211	24.07653	MQ
MFD06298.bin.2.213	26.38382	MQ
MFD06298.bin.2.218	36.88224	MQ
MFD06298.bin.2.219	16.71249	MQ
MFD06298.bin.2.22	63.69884	MQ
MFD06298.bin.2.220	39.7546	MQ
MFD06298.bin.2.224	21.79129	MQ
MFD06298.bin.2.225	25.11799	MQ
MFD06298.bin.2.226	35.70895	MQ
MFD06298.bin.2.34	29.84923	MQ
MFD06298.bin.2.59	32.42508	MQ
MFD06298.bin.2.62	19.81376	MQ
MFD06298.bin.2.64	21.42895	MQ
MFD06298.bin.2.66	15.49089	MQ
MFD06298.bin.2.67	20.70159	MQ
MFD06298.bin.2.69	29.66262	MQ
MFD06298.bin.2.71	20.18722	MQ
MFD06298.bin.2.72	21.59352	MQ
MFD06298.bin.2.74	27.68282	MQ
MFD06298.bin.2.77	26.05132	MQ
MFD06298.bin.2.78	35.0169	MQ
MFD06298.bin.3.105	19.37962	MQ
MFD06298.bin.3.125	12.56661	MQ
MFD06298.bin.3.148	31.5341	MQ
MFD06298.bin.3.315	15.92401	MQ
MFD06298.bin.3.339	54.98226	MQ
MFD06298.bin.3.39	19.06662	MQ
MFD06298.bin.3.525	37.95478	MQ
MFD06298.bin.3.54	21.38137	MQ
MFD06298.bin.3.556	17.56906	MQ
MFD06435.bin.1.130	20.18702	MQ
MFD06435.bin.1.72	71.4342	MQ
MFD06435.bin.2.10	12.52179	MQ
MFD06435.bin.2.101	29.8523	MQ
MFD06435.bin.2.11	68.90978	MQ
MFD06435.bin.2.110	20.26646	MQ
MFD06435.bin.2.111	35.72713	MQ
MFD06435.bin.2.113	24.74158	MQ
MFD06435.bin.2.114	12.76406	MQ
MFD06435.bin.2.116	59.63137	MQ
MFD06435.bin.2.117	25.91738	MQ
MFD06435.bin.2.119	19.92721	MQ
MFD06435.bin.2.120	23.63075	MQ
MFD06435.bin.2.125	21.01023	MQ
MFD06435.bin.2.126	17.09039	MQ
MFD06435.bin.2.13	15.7255	MQ
MFD06435.bin.2.132	17.38167	MQ
MFD06435.bin.2.134	25.92718	MQ
MFD06435.bin.2.137	17.62734	MQ
MFD06435.bin.2.138	17.15139	MQ
MFD06435.bin.2.140	22.99687	MQ
MFD06435.bin.2.142	15.40899	MQ
MFD06435.bin.2.143	22.32896	MQ
MFD06435.bin.2.144	48.60581	MQ
MFD06435.bin.2.145	14.23605	MQ
MFD06435.bin.2.146	17.381	MQ
MFD06435.bin.2.147	22.93426	MQ
MFD06435.bin.2.148	22.29227	MQ
MFD06435.bin.2.159	29.26627	MQ
MFD06435.bin.2.160	15.33973	MQ
MFD06435.bin.2.165	22.09189	MQ
MFD06435.bin.2.166	29.93758	MQ
MFD06435.bin.2.170	20.22987	MQ
MFD06435.bin.2.174	13.36388	MQ
MFD06435.bin.2.176	13.28832	MQ
MFD06435.bin.2.178	28.88217	MQ
MFD06435.bin.2.181	16.61554	MQ
MFD06435.bin.2.183	29.3495	MQ
MFD06435.bin.2.192	31.41833	MQ
MFD06435.bin.2.193	20.58306	MQ
MFD06435.bin.2.195	14.15257	MQ
MFD06435.bin.2.21	16.96938	MQ
MFD06435.bin.2.24	12.96959	MQ
MFD06435.bin.2.33	16.46938	MQ
MFD06435.bin.2.44	22.08996	MQ
MFD06435.bin.2.45	31.35384	MQ
MFD06435.bin.2.58	24.32832	MQ
MFD06435.bin.2.59	18.22654	MQ
MFD06435.bin.2.61	22.37203	MQ
MFD06435.bin.2.63	25.75009	MQ
MFD06435.bin.2.65	15.58058	MQ
MFD06435.bin.2.68	28.96795	MQ
MFD06435.bin.2.7	20.91028	MQ
MFD06435.bin.2.8	36.2843	MQ
MFD06435.bin.2.88	21.42342	MQ
MFD06435.bin.2.9	79.69754	MQ
MFD06435.bin.2.90	12.63216	MQ
MFD06435.bin.2.94	26.82688	MQ
MFD06435.bin.3.124	24.57578	MQ
MFD06435.bin.3.22	25.42652	MQ
MFD06435.bin.3.280	69.47681	MQ
MFD06435.bin.3.313	19.46824	MQ
MFD06435.bin.3.317	18.5745	MQ
MFD06435.bin.3.333	23.46599	MQ
MFD06435.bin.3.359	23.47657	MQ
MFD06435.bin.3.419	13.78679	MQ
MFD06435.bin.3.5	12.07387	MQ
MFD06435.bin.3.50	30.65774	MQ
MFD06435.bin.4.572	11.84798	MQ
MFD06526.bin.1.2	48.86375	MQ
MFD06526.bin.2.101	22.20702	MQ
MFD06526.bin.2.110	31.65527	MQ
MFD06526.bin.2.113	29.38664	MQ
MFD06526.bin.2.119	36.78303	MQ
MFD06526.bin.2.13	28.73923	MQ
MFD06526.bin.2.18	26.45134	MQ
MFD06526.bin.2.19	27.23667	MQ
MFD06526.bin.2.21	26.80505	MQ
MFD06526.bin.2.24	29.11101	MQ
MFD06526.bin.2.47	19.83761	MQ
MFD06526.bin.2.56	21.89729	MQ
MFD06526.bin.2.58	14.46701	MQ
MFD06526.bin.2.59	31.14632	MQ
MFD06526.bin.2.60	23.75339	MQ
MFD06526.bin.2.61	27.0715	MQ
MFD06526.bin.2.69	29.64246	MQ
MFD06526.bin.2.73	23.44769	MQ
MFD06526.bin.2.74	18.46343	MQ
MFD06526.bin.2.75	14.73777	MQ
MFD06526.bin.2.76	23.08154	MQ
MFD06526.bin.2.81	21.67532	MQ
MFD06526.bin.2.89	26.575	MQ
MFD06526.bin.2.9	32.50039	MQ
MFD06526.bin.2.99	25.95421	MQ
MFD06526.bin.3.100	40.76785	MQ
MFD06526.bin.3.188	18.91275	MQ
MFD06526.bin.3.235	15.37388	MQ
MFD06526.bin.3.285	19.72691	MQ
MFD06526.bin.3.31	15.13129	MQ
MFD06526.bin.3.329	16.57674	MQ
MFD06526.bin.3.363	24.09854	MQ
MFD06526.bin.3.41	17.07636	MQ
MFD06526.bin.3.427	74.2388	MQ
MFD06526.bin.3.74	20.24643	MQ
MFD06714.bin.1.113	21.18379	MQ
MFD06714.bin.1.121	21.72249	MQ
MFD06714.bin.2.100	18.95999	MQ
MFD06714.bin.2.102	19.99338	MQ
MFD06714.bin.2.104	17.58806	MQ
MFD06714.bin.2.110	12.91122	MQ
MFD06714.bin.2.111	23.9095	MQ
MFD06714.bin.2.115	19.18873	MQ
MFD06714.bin.2.116	15.3471	MQ
MFD06714.bin.2.117	24.73085	MQ
MFD06714.bin.2.118	19.27589	MQ
MFD06714.bin.2.119	26.27404	MQ
MFD06714.bin.2.12	21.24766	MQ
MFD06714.bin.2.120	19.75986	MQ
MFD06714.bin.2.121	18.17989	MQ
MFD06714.bin.2.122	41.64036	MQ
MFD06714.bin.2.127	12.18537	MQ
MFD06714.bin.2.128	33.44945	MQ
MFD06714.bin.2.13	35.88061	MQ
MFD06714.bin.2.130	12.11041	MQ
MFD06714.bin.2.131	20.0063	MQ
MFD06714.bin.2.137	37.41869	MQ
MFD06714.bin.2.139	20.52741	MQ
MFD06714.bin.2.142	14.54594	MQ
MFD06714.bin.2.143	25.63074	MQ
MFD06714.bin.2.146	31.2537	MQ
MFD06714.bin.2.15	21.22905	MQ
MFD06714.bin.2.153	23.15697	MQ
MFD06714.bin.2.159	14.79853	MQ
MFD06714.bin.2.161	28.37159	MQ
MFD06714.bin.2.162	33.39918	MQ
MFD06714.bin.2.165	29.42555	MQ
MFD06714.bin.2.171	17.95928	MQ
MFD06714.bin.2.174	32.10508	MQ
MFD06714.bin.2.177	50.6698	MQ
MFD06714.bin.2.179	34.16016	MQ
MFD06714.bin.2.182	11.99417	MQ
MFD06714.bin.2.184	39.08216	MQ
MFD06714.bin.2.186	17.6586	MQ
MFD06714.bin.2.190	14.30447	MQ
MFD06714.bin.2.2	37.86221	MQ
MFD06714.bin.2.20	24.5961	MQ
MFD06714.bin.2.22	16.57488	MQ
MFD06714.bin.2.25	29.94753	MQ
MFD06714.bin.2.28	22.52867	MQ
MFD06714.bin.2.29	25.8082	MQ
MFD06714.bin.2.31	28.76638	MQ
MFD06714.bin.2.32	36.68908	MQ
MFD06714.bin.2.36	12.79952	MQ
MFD06714.bin.2.37	15.30147	MQ
MFD06714.bin.2.40	35.06741	MQ
MFD06714.bin.2.41	15.36954	MQ
MFD06714.bin.2.42	19.87721	MQ
MFD06714.bin.2.43	25.031	MQ
MFD06714.bin.2.47	19.70006	MQ
MFD06714.bin.2.5	13.85204	MQ
MFD06714.bin.2.50	19.8985	MQ
MFD06714.bin.2.53	18.1641	MQ
MFD06714.bin.2.55	23.62014	MQ
MFD06714.bin.2.56	19.5016	MQ
MFD06714.bin.2.71	41.24869	MQ
MFD06714.bin.2.77	39.45168	MQ
MFD06714.bin.2.78	15.85063	MQ
MFD06714.bin.2.83	47.68041	MQ
MFD06714.bin.2.85	19.71257	MQ
MFD06714.bin.2.86	17.67102	MQ
MFD06714.bin.2.90	25.42396	MQ
MFD06714.bin.2.92	21.05205	MQ
MFD06714.bin.2.93	33.0642	MQ
MFD06714.bin.2.94	21.50999	MQ
MFD06714.bin.2.97	20.37302	MQ
MFD06714.bin.2.98	15.54353	MQ
MFD06714.bin.2.99	23.31612	MQ
MFD06714.bin.3.132	35.9033	MQ
MFD06714.bin.3.179	24.84601	MQ
MFD06714.bin.3.18	20.53865	MQ
MFD06714.bin.3.186	21.16268	MQ
MFD06714.bin.3.228	42.91653	MQ
MFD06714.bin.3.250	24.05739	MQ
MFD06714.bin.3.252	46.2856	MQ
MFD06714.bin.3.256	26.48626	MQ
MFD06714.bin.3.278	12.024	MQ
MFD06714.bin.3.280	28.17289	MQ
MFD06714.bin.3.429	108.4664	MQ
MFD06714.bin.3.442	24.33568	MQ
MFD06714.bin.3.60	14.72833	MQ
MFD06714.bin.3.9	14.70233	MQ
MFD06714.bin.4.187	27.76253	MQ
MFD06714.bin.4.213	16.07589	MQ
MFD06742.bin.2.1	13.80449	MQ
MFD06742.bin.2.100	25.13477	MQ
MFD06742.bin.2.103	28.46247	MQ
MFD06742.bin.2.104	22.89272	MQ
MFD06742.bin.2.106	26.02233	MQ
MFD06742.bin.2.107	25.53325	MQ
MFD06742.bin.2.109	51.40258	MQ
MFD06742.bin.2.110	35.76484	MQ
MFD06742.bin.2.111	16.72977	MQ
MFD06742.bin.2.117	47.62752	MQ
MFD06742.bin.2.125	48.35972	MQ
MFD06742.bin.2.126	37.23513	MQ
MFD06742.bin.2.128	20.82809	MQ
MFD06742.bin.2.133	28.91501	MQ
MFD06742.bin.2.143	54.36662	MQ
MFD06742.bin.2.147	32.5672	MQ
MFD06742.bin.2.154	25.6656	MQ
MFD06742.bin.2.168	20.43853	MQ
MFD06742.bin.2.180	49.70923	MQ
MFD06742.bin.2.182	34.26136	MQ
MFD06742.bin.2.185	35.74814	MQ
MFD06742.bin.2.191	32.83079	MQ
MFD06742.bin.2.193	47.21583	MQ
MFD06742.bin.2.194	27.83079	MQ
MFD06742.bin.2.196	27.46801	MQ
MFD06742.bin.2.198	30.43812	MQ
MFD06742.bin.2.199	31.21129	MQ
MFD06742.bin.2.201	17.37856	MQ
MFD06742.bin.2.204	40.78436	MQ
MFD06742.bin.2.208	36.35187	MQ
MFD06742.bin.2.209	36.2733	MQ
MFD06742.bin.2.211	18.61221	MQ
MFD06742.bin.2.218	25.67307	MQ
MFD06742.bin.2.219	21.22373	MQ
MFD06742.bin.2.229	13.69372	MQ
MFD06742.bin.2.231	22.51568	MQ
MFD06742.bin.2.233	16.35495	MQ
MFD06742.bin.2.24	64.15583	MQ
MFD06742.bin.2.250	21.17048	MQ
MFD06742.bin.2.253	42.65326	MQ
MFD06742.bin.2.263	42.69876	MQ
MFD06742.bin.2.265	33.10896	MQ
MFD06742.bin.2.272	38.53724	MQ
MFD06742.bin.2.274	17.25023	MQ
MFD06742.bin.2.278	40.71684	MQ
MFD06742.bin.2.280	14.48111	MQ
MFD06742.bin.2.29	15.90823	MQ
MFD06742.bin.2.290	21.87163	MQ
MFD06742.bin.2.292	19.44362	MQ
MFD06742.bin.2.297	15.77502	MQ
MFD06742.bin.2.298	29.22991	MQ
MFD06742.bin.2.3	33.20438	MQ
MFD06742.bin.2.302	33.87928	MQ
MFD06742.bin.2.304	39.75431	MQ
MFD06742.bin.2.305	56.77347	MQ
MFD06742.bin.2.308	27.32361	MQ
MFD06742.bin.2.309	25.9006	MQ
MFD06742.bin.2.313	28.45987	MQ
MFD06742.bin.2.315	44.98638	MQ
MFD06742.bin.2.318	66.6366	MQ
MFD06742.bin.2.34	36.93617	MQ
MFD06742.bin.2.37	23.49776	MQ
MFD06742.bin.2.42	42.18201	MQ
MFD06742.bin.2.47	41.71363	MQ
MFD06742.bin.2.52	32.51696	MQ
MFD06742.bin.2.54	31.06024	MQ
MFD06742.bin.2.59	21.53312	MQ
MFD06742.bin.2.61	20.95163	MQ
MFD06742.bin.2.68	25.74456	MQ
MFD06742.bin.2.71	27.55144	MQ
MFD06742.bin.2.74	28.25443	MQ
MFD06742.bin.2.77	25.20309	MQ
MFD06742.bin.2.8	38.69686	MQ
MFD06742.bin.2.80	39.24506	MQ
MFD06742.bin.2.84	18.77091	MQ
MFD06742.bin.2.90	21.04934	MQ
MFD06742.bin.2.93	17.34394	MQ
MFD06742.bin.2.94	38.99346	MQ
MFD06742.bin.2.97	15.05686	MQ
MFD06742.bin.2.99	35.5388	MQ
MFD06742.bin.3.269	25.63966	MQ
MFD06742.bin.3.321	38.47285	MQ
MFD06742.bin.3.344	26.40265	MQ
MFD06742.bin.3.350	75.7308	MQ
MFD06742.bin.3.373	26.3457	MQ
MFD06742.bin.3.374	20.46698	MQ
MFD06742.bin.3.485	58.35545	MQ
MFD06742.bin.3.549	16.23186	MQ
MFD06742.bin.3.587	50.13866	MQ
MFD06742.bin.3.593	28.87675	MQ
MFD06742.bin.3.630	19.22543	MQ
MFD06742.bin.3.716	14.6612	MQ
MFD06742.bin.3.739	59.40975	MQ
MFD06742.bin.3.752	46.868	MQ
MFD06742.bin.3.764	15.91763	MQ
MFD06742.bin.3.826	54.22701	MQ
MFD06742.bin.3.840	33.38068	MQ
MFD06742.bin.4.28	19.45331	MQ
MFD06742.bin.4.49	14.49096	MQ
MFD07386.bin.2.1	28.82501	MQ
MFD07386.bin.2.16	15.46716	MQ
MFD07386.bin.2.19	23.68449	MQ
MFD07386.bin.2.20	48.67729	MQ
MFD07386.bin.2.22	16.63737	MQ
MFD07386.bin.2.23	25.76914	MQ
MFD07386.bin.2.29	39.91551	MQ
MFD07386.bin.2.49	28.61655	MQ
MFD07386.bin.2.54	30.69317	MQ
MFD07386.bin.2.6	16.57755	MQ
MFD07639.bin.1.1	50.88824	MQ
MFD07639.bin.2.1	20.71007	MQ
MFD07639.bin.2.20	41.01278	MQ
MFD07639.bin.2.22	32.76126	MQ
MFD07639.bin.2.26	40.98289	MQ
MFD07639.bin.2.3	26.80393	MQ
MFD07639.bin.2.32	21.37693	MQ
MFD07639.bin.2.34	17.92697	MQ
MFD07639.bin.2.9	62.07654	MQ
MFD07639.bin.3.12	16.95266	MQ
MFD07639.bin.3.37	26.55069	MQ
MFD07639.bin.3.4	19.16945	MQ
MFD07691.bin.2.43	16.05899	MQ
MFD07691.bin.2.58	23.31179	MQ
MFD07737.bin.2.13	12.08293	MQ
MFD07737.bin.2.31	12.02615	MQ
MFD07737.bin.2.34	11.44691	MQ
MFD07737.bin.2.36	15.41144	MQ
MFD07737.bin.2.44	13.64194	MQ
MFD07737.bin.3.13	7.829203	MQ
MFD07737.bin.4.76	9.838707	MQ
MFD07751.bin.2.43	21.48702	MQ
MFD07841.bin.2.19	10.42037	MQ
MFD07841.bin.2.22	21.32155	MQ
MFD07841.bin.2.26	10.99123	MQ
MFD07841.bin.2.41	10.30868	MQ
MFD07841.bin.2.44	12.55535	MQ
MFD07841.bin.2.5	8.458494	MQ
MFD07841.bin.2.61	17.5374	MQ
MFD07841.bin.2.63	13.40138	MQ
MFD07841.bin.2.7	9.563872	MQ
MFD07841.bin.3.176	10.72711	MQ
MFD07841.bin.3.5	5.281156	MQ
MFD07841.bin.3.76	59.42471	MQ
MFD07987.bin.2.12	10.28997	MQ
MFD07987.bin.2.15	15.38878	MQ
MFD07987.bin.2.19	14.46197	MQ
MFD07987.bin.2.3	12.15558	MQ
MFD07987.bin.4.25	13.19551	MQ
MFD08079.bin.2.21	47.42719	MQ
MFD08079.bin.2.23	55.253	MQ
MFD08079.bin.2.54	12.47262	MQ
MFD08079.bin.2.6	21.74355	MQ
MFD08203.bin.2.11	6.250918	MQ
MFD08353.bin.2.2	6.849327	MQ
MFD08353.bin.2.20	13.26051	MQ
MFD08353.bin.2.24	25.88508	MQ
MFD08353.bin.2.25	12.06435	MQ
MFD08353.bin.2.3	12.46734	MQ
MFD08353.bin.3.25	16.93305	MQ
MFD08353.bin.3.26	8.978621	MQ
MFD08416.bin.2.10	8.036303	MQ
MFD08416.bin.2.15	12.94309	MQ
MFD08416.bin.2.21	14.44972	MQ
MFD08416.bin.2.27	25.32044	MQ
MFD08416.bin.2.30	14.25071	MQ
MFD08416.bin.2.34	6.521382	MQ
MFD08416.bin.2.38	12.40614	MQ
MFD08416.bin.2.45	11.60021	MQ
MFD08416.bin.2.48	14.00571	MQ
MFD08416.bin.2.56	11.92005	MQ
MFD08416.bin.2.6	8.048113	MQ
MFD08416.bin.2.62	6.135935	MQ
MFD08416.bin.2.66	11.38428	MQ
MFD08416.bin.2.70	12.76915	MQ
MFD08416.bin.2.72	15.40347	MQ
MFD08416.bin.2.73	11.65581	MQ
MFD08416.bin.2.74	9.248369	MQ
MFD08416.bin.2.75	7.621182	MQ
MFD08416.bin.2.80	17.50952	MQ
MFD08416.bin.2.83	14.43812	MQ
MFD08416.bin.3.150	7.59059	MQ
MFD08416.bin.3.168	11.3816	MQ
MFD08416.bin.3.88	17.82403	MQ
MFD08447.bin.2.1	9.134697	MQ
MFD08447.bin.2.10	20.78506	MQ
MFD08447.bin.2.12	5.583929	MQ
MFD08447.bin.2.13	8.039955	MQ
MFD08447.bin.2.14	6.608774	MQ
MFD08447.bin.2.17	7.031903	MQ
MFD08447.bin.2.2	13.71001	MQ
MFD08447.bin.2.37	7.49389	MQ
MFD08447.bin.2.45	15.4635	MQ
MFD08447.bin.2.46	7.145578	MQ
MFD08447.bin.2.9	13.69739	MQ
MFD08462.bin.2.40	26.63973	MQ
MFD08462.bin.2.50	11.95912	MQ
MFD08462.bin.2.79	14.49885	MQ
MFD08462.bin.2.82	17.69477	MQ
MFD08462.bin.2.88	8.430486	MQ
MFD08462.bin.3.52	7.178578	MQ
MFD08462.bin.3.59	11.48968	MQ
MFD08497.bin.1.157	17.02922	MQ
MFD08497.bin.1.25	63.66579	MQ
MFD08497.bin.2.104	27.86201	MQ
MFD08497.bin.2.106	20.7762	MQ
MFD08497.bin.2.117	16.47407	MQ
MFD08497.bin.2.119	33.61049	MQ
MFD08497.bin.2.122	30.30775	MQ
MFD08497.bin.2.128	22.08968	MQ
MFD08497.bin.2.136	15.32281	MQ
MFD08497.bin.2.144	36.22281	MQ
MFD08497.bin.2.147	27.58168	MQ
MFD08497.bin.2.148	30.07911	MQ
MFD08497.bin.2.149	29.22431	MQ
MFD08497.bin.2.150	44.85131	MQ
MFD08497.bin.2.151	15.57701	MQ
MFD08497.bin.2.23	60.7286	MQ
MFD08497.bin.2.25	34.04163	MQ
MFD08497.bin.2.28	79.04147	MQ
MFD08497.bin.2.33	30.938	MQ
MFD08497.bin.2.46	51.31521	MQ
MFD08497.bin.2.49	17.64295	MQ
MFD08497.bin.2.57	24.422	MQ
MFD08497.bin.2.61	33.27046	MQ
MFD08497.bin.2.63	35.2967	MQ
MFD08497.bin.2.65	37.12885	MQ
MFD08497.bin.2.67	33.212	MQ
MFD08497.bin.2.70	28.61195	MQ
MFD08497.bin.2.71	29.45074	MQ
MFD08497.bin.2.79	22.82979	MQ
MFD08497.bin.2.80	25.30721	MQ
MFD08497.bin.2.86	21.13778	MQ
MFD08497.bin.2.96	19.14375	MQ
MFD08497.bin.3.103	28.46529	MQ
MFD08497.bin.3.29	21.56604	MQ
MFD08497.bin.3.77	15.14452	MQ
MFD08497.bin.3.97	13.89933	MQ
MFD08497.bin.4.268	19.70404	MQ
MFD08669.bin.2.1	7.212532	MQ
MFD08669.bin.2.100	8.943161	MQ
MFD08669.bin.2.102	16.6981	MQ
MFD08669.bin.2.107	10.46658	MQ
MFD08669.bin.2.108	7.28102	MQ
MFD08669.bin.2.17	6.578784	MQ
MFD08669.bin.2.19	6.987868	MQ
MFD08669.bin.2.2	6.862164	MQ
MFD08669.bin.2.21	18.97106	MQ
MFD08669.bin.2.25	20.64085	MQ
MFD08669.bin.2.26	25.15022	MQ
MFD08669.bin.2.27	44.91247	MQ
MFD08669.bin.2.29	11.19652	MQ
MFD08669.bin.2.3	27.65175	MQ
MFD08669.bin.2.31	12.99165	MQ
MFD08669.bin.2.32	11.79479	MQ
MFD08669.bin.2.33	12.01689	MQ
MFD08669.bin.2.35	21.72376	MQ
MFD08669.bin.2.37	5.675953	MQ
MFD08669.bin.2.38	12.92757	MQ
MFD08669.bin.2.39	13.15076	MQ
MFD08669.bin.2.5	7.711002	MQ
MFD08669.bin.2.53	6.335827	MQ
MFD08669.bin.2.6	8.407694	MQ
MFD08669.bin.2.62	11.48624	MQ
MFD08669.bin.2.63	6.92766	MQ
MFD08669.bin.2.65	6.354964	MQ
MFD08669.bin.2.74	21.54741	MQ
MFD08669.bin.2.81	17.19062	MQ
MFD08669.bin.2.82	10.11957	MQ
MFD08669.bin.2.89	7.193222	MQ
MFD08669.bin.2.94	16.87277	MQ
MFD08669.bin.2.95	12.91726	MQ
MFD08669.bin.2.96	12.50413	MQ
MFD08669.bin.3.113	7.421393	MQ
MFD08669.bin.3.115	5.465406	MQ
MFD08669.bin.3.247	14.31863	MQ
MFD08669.bin.3.42	7.288519	MQ
MFD08669.bin.3.52	7.966862	MQ
MFD08669.bin.3.78	7.611569	MQ
MFD08669.bin.3.86	4.548481	MQ
MFD08669.bin.3.91	12.67447	MQ
MFD08669.bin.4.149	8.914882	MQ
MFD08669.bin.4.151	8.457296	MQ
MFD08691.bin.2.26	8.746037	MQ
MFD08691.bin.2.32	7.493751	MQ
MFD08691.bin.2.47	9.233011	MQ
MFD08691.bin.2.75	6.682176	MQ
MFD08691.bin.2.86	9.437678	MQ
MFD08691.bin.4.118	20.73545	MQ
MFD08691.bin.4.59	8.346601	MQ
MFD08700.bin.2.13	9.26691	MQ
MFD08700.bin.2.15	10.47264	MQ
MFD08700.bin.2.17	6.072287	MQ
MFD08700.bin.2.18	27.44247	MQ
MFD08700.bin.2.22	10.67306	MQ
MFD08700.bin.2.26	57.72253	MQ
MFD08700.bin.2.32	30.83533	MQ
MFD08700.bin.2.34	12.25701	MQ
MFD08700.bin.2.39	11.90131	MQ
MFD08700.bin.2.40	8.739688	MQ
MFD08700.bin.2.8	8.490266	MQ
MFD08700.bin.2.86	10.67494	MQ
MFD08700.bin.2.91	11.40138	MQ
MFD08700.bin.2.93	25.81191	MQ
MFD08700.bin.2.94	14.80319	MQ
MFD08700.bin.3.153	16.60216	MQ
MFD08700.bin.3.2	8.247964	MQ
MFD08700.bin.3.300	7.494938	MQ
MFD08700.bin.3.34	12.74921	MQ
MFD08700.bin.3.6	6.716705	MQ
MFD08700.bin.3.67	8.798182	MQ
MFD08700.bin.4.239	10.89408	MQ
MFD08767.bin.2.16	12.66029	MQ
MFD08767.bin.2.29	13.22836	MQ
MFD08767.bin.2.61	13.06578	MQ
MFD08767.bin.4.208	10.98408	MQ
MFD08821.bin.1.21	15.83332	MQ
MFD08821.bin.2.18	10.57796	MQ
MFD08821.bin.2.25	14.21912	MQ
MFD08821.bin.2.28	17.24749	MQ
MFD08821.bin.2.30	17.59523	MQ
MFD08821.bin.2.33	13.97399	MQ
MFD08821.bin.2.47	11.86696	MQ
MFD08821.bin.2.51	27.31351	MQ
MFD08821.bin.2.56	7.988077	MQ
MFD08821.bin.2.74	18.62752	MQ
MFD08821.bin.2.76	13.13078	MQ
MFD08821.bin.2.85	20.0334	MQ
MFD08821.bin.2.93	14.16989	MQ
MFD08821.bin.2.94	10.07257	MQ
MFD08821.bin.2.98	15.99936	MQ
MFD08821.bin.3.40	10.01863	MQ
MFD08821.bin.3.72	6.581664	MQ
MFD08821.bin.4.239	10.49544	MQ
MFD08821.bin.4.32	15.05689	MQ
MFD08988.bin.2.11	23.86136	MQ
MFD08988.bin.2.20	23.53911	MQ
MFD08988.bin.2.29	33.54429	MQ
MFD08988.bin.2.30	14.51247	MQ
MFD08988.bin.2.35	41.72265	MQ
MFD08988.bin.2.58	22.73905	MQ
MFD08988.bin.2.9	36.02153	MQ
MFD08988.bin.3.114	42.72474	MQ
MFD08988.bin.3.3	18.29114	MQ
MFD09018.bin.2.1	22.2612	MQ
MFD09018.bin.2.10	23.85912	MQ
MFD09018.bin.2.101	22.79899	MQ
MFD09018.bin.2.104	30.53737	MQ
MFD09018.bin.2.105	36.33137	MQ
MFD09018.bin.2.112	15.68599	MQ
MFD09018.bin.2.12	33.38007	MQ
MFD09018.bin.2.20	33.36539	MQ
MFD09018.bin.2.34	45.8636	MQ
MFD09018.bin.2.42	20.97996	MQ
MFD09018.bin.2.44	32.85794	MQ
MFD09018.bin.2.62	31.47877	MQ
MFD09018.bin.2.72	141.064	MQ
MFD09018.bin.2.85	32.09805	MQ
MFD09018.bin.3.3	18.78372	MQ
MFD09018.bin.3.73	36.22417	MQ
MFD09018.bin.4.46	17.13581	MQ
MFD09018.bin.4.83	23.50639	MQ
MFD09055.bin.2.15	33.79208	MQ
MFD09055.bin.2.17	17.16481	MQ
MFD09055.bin.2.42	23.0237	MQ
MFD09055.bin.2.52	19.39016	MQ
MFD09055.bin.2.55	26.56776	MQ
MFD09055.bin.2.61	19.48801	MQ
MFD09055.bin.2.99	23.86165	MQ
MFD09055.bin.3.41	36.71191	MQ
MFD09055.bin.3.78	28.94689	MQ
MFD09126.bin.2.1	38.64561	MQ
MFD09126.bin.2.24	33.36476	MQ
MFD09126.bin.2.28	42.64263	MQ
MFD09126.bin.2.34	27.71055	MQ
MFD09126.bin.2.44	20.5692	MQ
MFD09126.bin.2.47	37.9477	MQ
MFD09126.bin.2.61	46.50964	MQ
MFD09126.bin.2.67	29.61851	MQ
MFD09126.bin.2.73	27.27843	MQ
MFD09126.bin.2.77	35.04135	MQ
MFD09126.bin.2.9	26.11586	MQ
MFD09126.bin.3.1	51.23357	MQ
MFD09126.bin.3.124	19.66026	MQ
MFD09126.bin.3.185	24.51279	MQ
MFD09126.bin.3.30	21.27046	MQ
MFD09206.bin.1.106	46.98761	MQ
MFD09206.bin.1.119	29.43264	MQ
MFD09206.bin.1.124	91.87455	MQ
MFD09206.bin.1.36	35.21212	MQ
MFD09206.bin.1.39	26.14093	MQ
MFD09206.bin.2.1	16.17744	MQ
MFD09206.bin.2.100	24.17585	MQ
MFD09206.bin.2.101	12.96553	MQ
MFD09206.bin.2.102	18.22245	MQ
MFD09206.bin.2.103	25.30311	MQ
MFD09206.bin.2.109	29.72145	MQ
MFD09206.bin.2.110	11.59463	MQ
MFD09206.bin.2.122	14.68853	MQ
MFD09206.bin.2.123	27.52372	MQ
MFD09206.bin.2.124	17.56542	MQ
MFD09206.bin.2.125	15.90534	MQ
MFD09206.bin.2.128	21.85607	MQ
MFD09206.bin.2.130	15.67239	MQ
MFD09206.bin.2.138	25.23213	MQ
MFD09206.bin.2.141	24.61892	MQ
MFD09206.bin.2.142	20.55051	MQ
MFD09206.bin.2.144	21.16438	MQ
MFD09206.bin.2.146	14.55823	MQ
MFD09206.bin.2.149	24.87085	MQ
MFD09206.bin.2.157	19.67366	MQ
MFD09206.bin.2.159	33.06127	MQ
MFD09206.bin.2.162	53.92769	MQ
MFD09206.bin.2.167	14.40891	MQ
MFD09206.bin.2.168	32.20348	MQ
MFD09206.bin.2.17	23.53765	MQ
MFD09206.bin.2.175	21.82388	MQ
MFD09206.bin.2.176	17.51672	MQ
MFD09206.bin.2.177	20.01495	MQ
MFD09206.bin.2.181	27.52437	MQ
MFD09206.bin.2.183	32.14937	MQ
MFD09206.bin.2.185	18.59799	MQ
MFD09206.bin.2.188	24.72482	MQ
MFD09206.bin.2.192	26.19502	MQ
MFD09206.bin.2.195	28.53036	MQ
MFD09206.bin.2.196	18.2889	MQ
MFD09206.bin.2.198	17.7889	MQ
MFD09206.bin.2.199	15.95772	MQ
MFD09206.bin.2.2	18.69328	MQ
MFD09206.bin.2.201	25.51591	MQ
MFD09206.bin.2.202	41.87687	MQ
MFD09206.bin.2.203	23.56394	MQ
MFD09206.bin.2.206	30.79382	MQ
MFD09206.bin.2.22	15.2064	MQ
MFD09206.bin.2.23	16.93276	MQ
MFD09206.bin.2.25	14.25467	MQ
MFD09206.bin.2.29	27.49519	MQ
MFD09206.bin.2.30	21.01148	MQ
MFD09206.bin.2.34	18.02676	MQ
MFD09206.bin.2.36	18.33087	MQ
MFD09206.bin.2.37	16.13014	MQ
MFD09206.bin.2.39	26.76377	MQ
MFD09206.bin.2.53	39.72566	MQ
MFD09206.bin.2.54	50.19794	MQ
MFD09206.bin.2.58	23.60024	MQ
MFD09206.bin.2.6	25.6795	MQ
MFD09206.bin.2.60	20.10353	MQ
MFD09206.bin.2.66	36.69356	MQ
MFD09206.bin.2.83	31.49257	MQ
MFD09206.bin.2.84	27.97824	MQ
MFD09206.bin.2.86	17.54271	MQ
MFD09206.bin.2.89	15.04918	MQ
MFD09206.bin.2.9	18.92211	MQ
MFD09206.bin.2.91	16.32273	MQ
MFD09206.bin.2.92	17.21491	MQ
MFD09206.bin.2.96	24.53954	MQ
MFD09206.bin.2.97	15.986	MQ
MFD09206.bin.2.99	22.00254	MQ
MFD09206.bin.3.265	23.97073	MQ
MFD09206.bin.3.266	35.41189	MQ
MFD09206.bin.3.351	20.42519	MQ
MFD09206.bin.3.357	19.6094	MQ
MFD09206.bin.3.364	18.04608	MQ
MFD09206.bin.3.389	20.27944	MQ
MFD09206.bin.3.42	25.9197	MQ
MFD09206.bin.3.447	15.74785	MQ
MFD09206.bin.3.490	24.43212	MQ
MFD09206.bin.3.9	26.53345	MQ
MFD09206.bin.4.184	16.19379	MQ
MFD09206.bin.4.58	27.03986	MQ
MFD09212.bin.2.10	32.47987	MQ
MFD09212.bin.2.103	33.10921	MQ
MFD09212.bin.2.107	50.34248	MQ
MFD09212.bin.2.109	17.40123	MQ
MFD09212.bin.2.11	14.12572	MQ
MFD09212.bin.2.110	19.25125	MQ
MFD09212.bin.2.111	20.02119	MQ
MFD09212.bin.2.112	17.3042	MQ
MFD09212.bin.2.114	25.9012	MQ
MFD09212.bin.2.115	18.99563	MQ
MFD09212.bin.2.119	9.566867	MQ
MFD09212.bin.2.121	18.11055	MQ
MFD09212.bin.2.123	19.95896	MQ
MFD09212.bin.2.125	25.00107	MQ
MFD09212.bin.2.127	31.29106	MQ
MFD09212.bin.2.128	20.0741	MQ
MFD09212.bin.2.129	16.2352	MQ
MFD09212.bin.2.132	22.25616	MQ
MFD09212.bin.2.142	52.12368	MQ
MFD09212.bin.2.143	17.95322	MQ
MFD09212.bin.2.144	21.13758	MQ
MFD09212.bin.2.145	18.09208	MQ
MFD09212.bin.2.146	18.5258	MQ
MFD09212.bin.2.148	26.63832	MQ
MFD09212.bin.2.149	74.66402	MQ
MFD09212.bin.2.151	30.79125	MQ
MFD09212.bin.2.155	52.40521	MQ
MFD09212.bin.2.167	558.1757	MQ
MFD09212.bin.2.172	23.62431	MQ
MFD09212.bin.2.173	23.15142	MQ
MFD09212.bin.2.177	25.07842	MQ
MFD09212.bin.2.179	26.54908	MQ
MFD09212.bin.2.184	23.48996	MQ
MFD09212.bin.2.188	43.39018	MQ
MFD09212.bin.2.192	15.64839	MQ
MFD09212.bin.2.193	24.95384	MQ
MFD09212.bin.2.194	20.67766	MQ
MFD09212.bin.2.195	40.0358	MQ
MFD09212.bin.2.196	40.5418	MQ
MFD09212.bin.2.197	16.80375	MQ
MFD09212.bin.2.201	26.2927	MQ
MFD09212.bin.2.202	17.91568	MQ
MFD09212.bin.2.205	17.86408	MQ
MFD09212.bin.2.209	25.91858	MQ
MFD09212.bin.2.211	26.49231	MQ
MFD09212.bin.2.212	26.6887	MQ
MFD09212.bin.2.23	36.76927	MQ
MFD09212.bin.2.24	44.32782	MQ
MFD09212.bin.2.26	17.02433	MQ
MFD09212.bin.2.27	19.13819	MQ
MFD09212.bin.2.31	14.01715	MQ
MFD09212.bin.2.35	18.17386	MQ
MFD09212.bin.2.37	19.55927	MQ
MFD09212.bin.2.38	18.69309	MQ
MFD09212.bin.2.4	20.89738	MQ
MFD09212.bin.2.40	41.42398	MQ
MFD09212.bin.2.46	22.95756	MQ
MFD09212.bin.2.51	19.1548	MQ
MFD09212.bin.2.52	34.46426	MQ
MFD09212.bin.2.54	19.16815	MQ
MFD09212.bin.2.56	18.81666	MQ
MFD09212.bin.2.59	15.11834	MQ
MFD09212.bin.2.71	22.12384	MQ
MFD09212.bin.2.80	16.43138	MQ
MFD09212.bin.2.90	33.73426	MQ
MFD09212.bin.2.99	24.4907	MQ
MFD09212.bin.3.104	29.75296	MQ
MFD09212.bin.3.159	16.32631	MQ
MFD09212.bin.3.24	17.58185	MQ
MFD09212.bin.3.261	12.20084	MQ
MFD09212.bin.3.282	29.67721	MQ
MFD09212.bin.3.335	40.68392	MQ
MFD09212.bin.3.416	23.70611	MQ
MFD09212.bin.3.427	32.80837	MQ
MFD09212.bin.3.466	19.21523	MQ
MFD09212.bin.3.520	25.22466	MQ
MFD09212.bin.3.554	16.20735	MQ
MFD09212.bin.3.603	33.26274	MQ
MFD09212.bin.3.610	32.67622	MQ
MFD09212.bin.4.167	28.80702	MQ
MFD09212.bin.4.173	43.00263	MQ
MFD09212.bin.4.303	107.7244	MQ
MFD09212.bin.4.413	27.84627	MQ
MFD09212.bin.4.524	37.15394	MQ
MFD09212.bin.4.535	16.89971	MQ
MFD09222.bin.1.119	82.31859	MQ
MFD09222.bin.1.125	56.02567	MQ
MFD09222.bin.1.179	16.65013	MQ
MFD09222.bin.1.241	118.2169	MQ
MFD09222.bin.2.1	35.01887	MQ
MFD09222.bin.2.10	21.44448	MQ
MFD09222.bin.2.103	12.31171	MQ
MFD09222.bin.2.108	20.05807	MQ
MFD09222.bin.2.11	11.33449	MQ
MFD09222.bin.2.110	18.56604	MQ
MFD09222.bin.2.113	17.12111	MQ
MFD09222.bin.2.117	27.70038	MQ
MFD09222.bin.2.119	21.57824	MQ
MFD09222.bin.2.123	13.381	MQ
MFD09222.bin.2.125	16.70152	MQ
MFD09222.bin.2.126	16.74337	MQ
MFD09222.bin.2.131	34.37577	MQ
MFD09222.bin.2.139	22.32605	MQ
MFD09222.bin.2.142	17.85781	MQ
MFD09222.bin.2.145	16.29276	MQ
MFD09222.bin.2.146	16.82521	MQ
MFD09222.bin.2.155	14.03715	MQ
MFD09222.bin.2.16	45.05386	MQ
MFD09222.bin.2.166	23.62654	MQ
MFD09222.bin.2.174	16.78018	MQ
MFD09222.bin.2.18	23.11868	MQ
MFD09222.bin.2.23	13.03537	MQ
MFD09222.bin.2.26	17.42093	MQ
MFD09222.bin.2.29	13.51846	MQ
MFD09222.bin.2.30	16.0854	MQ
MFD09222.bin.2.33	35.86482	MQ
MFD09222.bin.2.34	37.86447	MQ
MFD09222.bin.2.35	14.40602	MQ
MFD09222.bin.2.46	20.36487	MQ
MFD09222.bin.2.51	39.09145	MQ
MFD09222.bin.2.6	14.88583	MQ
MFD09222.bin.2.60	25.99636	MQ
MFD09222.bin.2.68	25.77123	MQ
MFD09222.bin.2.76	24.13606	MQ
MFD09222.bin.2.77	19.67529	MQ
MFD09222.bin.2.82	13.82171	MQ
MFD09222.bin.2.84	22.73728	MQ
MFD09222.bin.2.91	17.68748	MQ
MFD09222.bin.2.93	30.21285	MQ
MFD09222.bin.2.94	22.32903	MQ
MFD09222.bin.2.96	17.0922	MQ
MFD09222.bin.3.117	21.78589	MQ
MFD09222.bin.3.13	17.92801	MQ
MFD09222.bin.3.133	24.91049	MQ
MFD09222.bin.3.186	26.8919	MQ
MFD09222.bin.3.213	9.0711	MQ
MFD09222.bin.3.24	17.65461	MQ
MFD09222.bin.3.28	19.22958	MQ
MFD09222.bin.3.315	16.62297	MQ
MFD09222.bin.3.337	13.78145	MQ
MFD09222.bin.3.34	12.38283	MQ
MFD09222.bin.3.374	15.58935	MQ
MFD09222.bin.3.40	40.73559	MQ
MFD09222.bin.3.414	45.52182	MQ
MFD09222.bin.3.45	89.18068	MQ
MFD09222.bin.3.460	14.32096	MQ
MFD09222.bin.3.67	15.31877	MQ
MFD09222.bin.4.501	31.3052	MQ
MFD09222.bin.4.8	22.96074	MQ
MFD09267.bin.1.185	41.28712	MQ
MFD09267.bin.2.103	116.5018	MQ
MFD09267.bin.2.11	11.89816	MQ
MFD09267.bin.2.111	27.12003	MQ
MFD09267.bin.2.121	74.4699	MQ
MFD09267.bin.2.124	21.61713	MQ
MFD09267.bin.2.127	21.6752	MQ
MFD09267.bin.2.128	110.1705	MQ
MFD09267.bin.2.130	26.27051	MQ
MFD09267.bin.2.131	22.69359	MQ
MFD09267.bin.2.133	26.88283	MQ
MFD09267.bin.2.134	22.83761	MQ
MFD09267.bin.2.135	27.33872	MQ
MFD09267.bin.2.138	22.4126	MQ
MFD09267.bin.2.141	17.98431	MQ
MFD09267.bin.2.142	18.0232	MQ
MFD09267.bin.2.144	28.82786	MQ
MFD09267.bin.2.149	17.43696	MQ
MFD09267.bin.2.152	36.7811	MQ
MFD09267.bin.2.155	40.67387	MQ
MFD09267.bin.2.157	16.42462	MQ
MFD09267.bin.2.159	18.69385	MQ
MFD09267.bin.2.16	12.90519	MQ
MFD09267.bin.2.165	73.88728	MQ
MFD09267.bin.2.170	22.65383	MQ
MFD09267.bin.2.177	28.60949	MQ
MFD09267.bin.2.184	19.0995	MQ
MFD09267.bin.2.200	37.51387	MQ
MFD09267.bin.2.205	21.03284	MQ
MFD09267.bin.2.207	18.07713	MQ
MFD09267.bin.2.21	23.85136	MQ
MFD09267.bin.2.210	34.59551	MQ
MFD09267.bin.2.214	23.57265	MQ
MFD09267.bin.2.216	19.6968	MQ
MFD09267.bin.2.218	32.00567	MQ
MFD09267.bin.2.22	14.26837	MQ
MFD09267.bin.2.223	30.95005	MQ
MFD09267.bin.2.228	24.60154	MQ
MFD09267.bin.2.230	18.9181	MQ
MFD09267.bin.2.231	17.86646	MQ
MFD09267.bin.2.234	35.22916	MQ
MFD09267.bin.2.236	34.78846	MQ
MFD09267.bin.2.240	35.8423	MQ
MFD09267.bin.2.253	27.77754	MQ
MFD09267.bin.2.255	23.08961	MQ
MFD09267.bin.2.256	33.59712	MQ
MFD09267.bin.2.26	24.02025	MQ
MFD09267.bin.2.262	30.39609	MQ
MFD09267.bin.2.264	18.30482	MQ
MFD09267.bin.2.281	45.87096	MQ
MFD09267.bin.2.292	21.6137	MQ
MFD09267.bin.2.297	25.04955	MQ
MFD09267.bin.2.298	90.35472	MQ
MFD09267.bin.2.30	20.29935	MQ
MFD09267.bin.2.303	44.73692	MQ
MFD09267.bin.2.304	22.48805	MQ
MFD09267.bin.2.308	34.65917	MQ
MFD09267.bin.2.309	31.28344	MQ
MFD09267.bin.2.310	16.53872	MQ
MFD09267.bin.2.318	24.05867	MQ
MFD09267.bin.2.322	19.24527	MQ
MFD09267.bin.2.329	17.38008	MQ
MFD09267.bin.2.330	19.62452	MQ
MFD09267.bin.2.331	14.22548	MQ
MFD09267.bin.2.334	19.24308	MQ
MFD09267.bin.2.335	28.13764	MQ
MFD09267.bin.2.346	21.87074	MQ
MFD09267.bin.2.351	27.70697	MQ
MFD09267.bin.2.38	24.61041	MQ
MFD09267.bin.2.42	35.53304	MQ
MFD09267.bin.2.56	26.43536	MQ
MFD09267.bin.2.59	21.76694	MQ
MFD09267.bin.2.64	14.00493	MQ
MFD09267.bin.2.65	16.65479	MQ
MFD09267.bin.2.66	22.83224	MQ
MFD09267.bin.2.72	16.25064	MQ
MFD09267.bin.2.73	97.50181	MQ
MFD09267.bin.2.75	18.8667	MQ
MFD09267.bin.2.77	18.67055	MQ
MFD09267.bin.2.78	12.40824	MQ
MFD09267.bin.2.87	19.49453	MQ
MFD09267.bin.2.90	29.65985	MQ
MFD09267.bin.2.93	19.59786	MQ
MFD09267.bin.2.94	13.6341	MQ
MFD09267.bin.2.97	16.79073	MQ
MFD09267.bin.2.99	23.83469	MQ
MFD09267.bin.3.132	25.40931	MQ
MFD09267.bin.3.158	26.04513	MQ
MFD09267.bin.3.248	31.48907	MQ
MFD09267.bin.3.343	39.85728	MQ
MFD09267.bin.3.399	24.56317	MQ
MFD09267.bin.3.402	16.01828	MQ
MFD09267.bin.3.508	19.31363	MQ
MFD09267.bin.3.65	26.84052	MQ
MFD09267.bin.3.700	23.41513	MQ
MFD09267.bin.3.85	55.72868	MQ
MFD09267.bin.4.169	15.78196	MQ
MFD09267.bin.4.481	24.83414	MQ
MFD09267.bin.4.722	24.18266	MQ
MFD09286.bin.1.126	17.69312	MQ
MFD09286.bin.1.190	20.10146	MQ
MFD09286.bin.1.229	47.42419	MQ
MFD09286.bin.1.244	74.45754	MQ
MFD09286.bin.1.6	23.77306	MQ
MFD09286.bin.2.1	22.1663	MQ
MFD09286.bin.2.100	28.96898	MQ
MFD09286.bin.2.102	21.10261	MQ
MFD09286.bin.2.106	36.37707	MQ
MFD09286.bin.2.109	35.21046	MQ
MFD09286.bin.2.11	12.92718	MQ
MFD09286.bin.2.112	29.454	MQ
MFD09286.bin.2.114	17.70529	MQ
MFD09286.bin.2.117	14.79991	MQ
MFD09286.bin.2.119	35.50145	MQ
MFD09286.bin.2.12	48.31379	MQ
MFD09286.bin.2.120	15.99547	MQ
MFD09286.bin.2.121	23.87036	MQ
MFD09286.bin.2.122	34.3723	MQ
MFD09286.bin.2.123	24.31019	MQ
MFD09286.bin.2.125	33.15778	MQ
MFD09286.bin.2.126	20.00982	MQ
MFD09286.bin.2.127	21.31998	MQ
MFD09286.bin.2.129	21.81021	MQ
MFD09286.bin.2.130	14.13144	MQ
MFD09286.bin.2.134	18.23919	MQ
MFD09286.bin.2.136	23.78445	MQ
MFD09286.bin.2.137	39.52849	MQ
MFD09286.bin.2.138	20.94106	MQ
MFD09286.bin.2.14	32.57634	MQ
MFD09286.bin.2.143	25.9891	MQ
MFD09286.bin.2.146	15.96744	MQ
MFD09286.bin.2.15	13.97905	MQ
MFD09286.bin.2.150	28.09767	MQ
MFD09286.bin.2.151	39.50715	MQ
MFD09286.bin.2.153	24.804	MQ
MFD09286.bin.2.154	190.0148	MQ
MFD09286.bin.2.160	26.68764	MQ
MFD09286.bin.2.163	15.46644	MQ
MFD09286.bin.2.167	27.36006	MQ
MFD09286.bin.2.169	16.01379	MQ
MFD09286.bin.2.170	28.29108	MQ
MFD09286.bin.2.171	30.93005	MQ
MFD09286.bin.2.172	14.13228	MQ
MFD09286.bin.2.173	18.3324	MQ
MFD09286.bin.2.174	20.29765	MQ
MFD09286.bin.2.177	16.16118	MQ
MFD09286.bin.2.181	16.45438	MQ
MFD09286.bin.2.187	51.32451	MQ
MFD09286.bin.2.19	20.62376	MQ
MFD09286.bin.2.24	20.32872	MQ
MFD09286.bin.2.25	30.50489	MQ
MFD09286.bin.2.29	29.67442	MQ
MFD09286.bin.2.3	24.46857	MQ
MFD09286.bin.2.30	37.08786	MQ
MFD09286.bin.2.34	18.81016	MQ
MFD09286.bin.2.37	17.27913	MQ
MFD09286.bin.2.41	24.88143	MQ
MFD09286.bin.2.43	28.72104	MQ
MFD09286.bin.2.47	18.34278	MQ
MFD09286.bin.2.48	11.14084	MQ
MFD09286.bin.2.49	16.29834	MQ
MFD09286.bin.2.50	18.75741	MQ
MFD09286.bin.2.51	23.03344	MQ
MFD09286.bin.2.54	25.80186	MQ
MFD09286.bin.2.68	37.81146	MQ
MFD09286.bin.2.79	25.07612	MQ
MFD09286.bin.2.81	38.43944	MQ
MFD09286.bin.2.82	21.26437	MQ
MFD09286.bin.2.83	24.40416	MQ
MFD09286.bin.2.84	23.5126	MQ
MFD09286.bin.2.87	10.86526	MQ
MFD09286.bin.2.88	30.67984	MQ
MFD09286.bin.2.92	15.04583	MQ
MFD09286.bin.2.93	20.23587	MQ
MFD09286.bin.2.95	17.75634	MQ
MFD09286.bin.2.97	21.62601	MQ
MFD09286.bin.2.99	47.77264	MQ
MFD09286.bin.3.127	23.86141	MQ
MFD09286.bin.3.15	30.5086	MQ
MFD09286.bin.3.221	27.8298	MQ
MFD09286.bin.3.32	18.0175	MQ
MFD09286.bin.3.35	21.46896	MQ
MFD09286.bin.3.352	11.5752	MQ
MFD09286.bin.3.375	13.73826	MQ
MFD09286.bin.3.59	13.15883	MQ
MFD09286.bin.3.60	29.25731	MQ
MFD09286.bin.3.73	16.92826	MQ
MFD09286.bin.4.160	42.52358	MQ
MFD09368.bin.1.213	43.18032	MQ
MFD09368.bin.2.10	20.48043	MQ
MFD09368.bin.2.101	14.83648	MQ
MFD09368.bin.2.11	18.9187	MQ
MFD09368.bin.2.110	16.48885	MQ
MFD09368.bin.2.111	26.58608	MQ
MFD09368.bin.2.119	24.94198	MQ
MFD09368.bin.2.121	25.00211	MQ
MFD09368.bin.2.124	300.6616	MQ
MFD09368.bin.2.126	35.27538	MQ
MFD09368.bin.2.127	16.99285	MQ
MFD09368.bin.2.129	24.02564	MQ
MFD09368.bin.2.13	16.6135	MQ
MFD09368.bin.2.137	71.05334	MQ
MFD09368.bin.2.139	28.56157	MQ
MFD09368.bin.2.142	23.53238	MQ
MFD09368.bin.2.144	25.48078	MQ
MFD09368.bin.2.146	24.9648	MQ
MFD09368.bin.2.148	20.96253	MQ
MFD09368.bin.2.149	27.11838	MQ
MFD09368.bin.2.151	15.85449	MQ
MFD09368.bin.2.153	34.5029	MQ
MFD09368.bin.2.155	42.18434	MQ
MFD09368.bin.2.156	21.14049	MQ
MFD09368.bin.2.157	26.94847	MQ
MFD09368.bin.2.158	15.29901	MQ
MFD09368.bin.2.162	36.54231	MQ
MFD09368.bin.2.163	22.6683	MQ
MFD09368.bin.2.164	23.89899	MQ
MFD09368.bin.2.165	20.20917	MQ
MFD09368.bin.2.167	30.11735	MQ
MFD09368.bin.2.169	28.25335	MQ
MFD09368.bin.2.17	28.60854	MQ
MFD09368.bin.2.175	26.45967	MQ
MFD09368.bin.2.178	19.91219	MQ
MFD09368.bin.2.18	16.27954	MQ
MFD09368.bin.2.184	53.97154	MQ
MFD09368.bin.2.187	11.54459	MQ
MFD09368.bin.2.188	20.95953	MQ
MFD09368.bin.2.19	41.07048	MQ
MFD09368.bin.2.193	22.93789	MQ
MFD09368.bin.2.196	30.21246	MQ
MFD09368.bin.2.199	21.14098	MQ
MFD09368.bin.2.2	15.98957	MQ
MFD09368.bin.2.20	19.07619	MQ
MFD09368.bin.2.204	52.60364	MQ
MFD09368.bin.2.208	21.44861	MQ
MFD09368.bin.2.21	20.87551	MQ
MFD09368.bin.2.211	23.98206	MQ
MFD09368.bin.2.24	39.45656	MQ
MFD09368.bin.2.25	44.19405	MQ
MFD09368.bin.2.27	36.50363	MQ
MFD09368.bin.2.31	16.23114	MQ
MFD09368.bin.2.32	14.80418	MQ
MFD09368.bin.2.33	16.05006	MQ
MFD09368.bin.2.34	17.75071	MQ
MFD09368.bin.2.35	34.69483	MQ
MFD09368.bin.2.38	25.22403	MQ
MFD09368.bin.2.40	22.77455	MQ
MFD09368.bin.2.41	18.60119	MQ
MFD09368.bin.2.45	31.94873	MQ
MFD09368.bin.2.46	11.03537	MQ
MFD09368.bin.2.47	27.87058	MQ
MFD09368.bin.2.48	29.15032	MQ
MFD09368.bin.2.49	29.51715	MQ
MFD09368.bin.2.5	13.48686	MQ
MFD09368.bin.2.50	23.50729	MQ
MFD09368.bin.2.51	15.70587	MQ
MFD09368.bin.2.62	33.69966	MQ
MFD09368.bin.2.65	22.26131	MQ
MFD09368.bin.2.67	21.76259	MQ
MFD09368.bin.2.69	44.17507	MQ
MFD09368.bin.2.7	18.81728	MQ
MFD09368.bin.2.9	28.59035	MQ
MFD09368.bin.2.94	18.80277	MQ
MFD09368.bin.2.99	22.80014	MQ
MFD09368.bin.3.1	13.65588	MQ
MFD09368.bin.3.189	26.57963	MQ
MFD09368.bin.3.206	20.19396	MQ
MFD09368.bin.3.216	22.59094	MQ
MFD09368.bin.3.325	20.98715	MQ
MFD09368.bin.3.343	34.76447	MQ
MFD09368.bin.3.355	15.17873	MQ
MFD09368.bin.3.364	19.03262	MQ
MFD09368.bin.3.381	49.42157	MQ
MFD09368.bin.3.407	18.38316	MQ
MFD09368.bin.3.47	14.48341	MQ
MFD09368.bin.3.68	45.10503	MQ
MFD09368.bin.3.70	29.09121	MQ
MFD09368.bin.4.118	30.77664	MQ
MFD09368.bin.4.357	13.69317	MQ
MFD09400.bin.2.1	13.80347	MQ
MFD09400.bin.3.34	11.48753	MQ
MFD09495.bin.1.137	15.65371	MQ
MFD09495.bin.1.56	24.68034	MQ
MFD09495.bin.1.74	26.87295	MQ
MFD09495.bin.2.10	14.79394	MQ
MFD09495.bin.2.12	29.53896	MQ
MFD09495.bin.2.13	32.49909	MQ
MFD09495.bin.2.14	35.26622	MQ
MFD09495.bin.2.15	23.02094	MQ
MFD09495.bin.2.17	22.65103	MQ
MFD09495.bin.2.2	23.70034	MQ
MFD09495.bin.2.21	27.99705	MQ
MFD09495.bin.2.25	19.01867	MQ
MFD09495.bin.2.3	11.0961	MQ
MFD09495.bin.2.30	11.73935	MQ
MFD09495.bin.2.31	37.95694	MQ
MFD09495.bin.2.33	26.38969	MQ
MFD09495.bin.2.39	18.881	MQ
MFD09495.bin.2.4	19.12414	MQ
MFD09495.bin.2.45	17.45527	MQ
MFD09495.bin.2.46	35.40409	MQ
MFD09495.bin.2.48	22.05615	MQ
MFD09495.bin.2.49	14.40075	MQ
MFD09495.bin.2.5	25.84383	MQ
MFD09495.bin.2.51	30.58759	MQ
MFD09495.bin.2.54	30.81792	MQ
MFD09495.bin.2.55	19.52565	MQ
MFD09495.bin.2.56	21.72518	MQ
MFD09495.bin.2.58	51.13273	MQ
MFD09495.bin.2.59	49.97628	MQ
MFD09495.bin.2.6	19.77616	MQ
MFD09495.bin.2.60	59.77073	MQ
MFD09495.bin.2.64	12.77173	MQ
MFD09495.bin.2.65	15.60624	MQ
MFD09495.bin.2.66	20.2783	MQ
MFD09495.bin.2.75	24.38276	MQ
MFD09495.bin.2.79	23.12802	MQ
MFD09495.bin.2.81	20.30271	MQ
MFD09495.bin.2.82	21.34839	MQ
MFD09495.bin.2.84	33.24209	MQ
MFD09495.bin.2.89	17.08524	MQ
MFD09495.bin.2.92	28.75198	MQ
MFD09495.bin.2.96	18.77545	MQ
MFD09495.bin.3.122	17.84694	MQ
MFD09495.bin.3.197	16.77872	MQ
MFD09495.bin.3.20	27.67115	MQ
MFD09495.bin.3.22	34.89201	MQ
MFD09495.bin.3.53	12.5155	MQ
MFD09495.bin.3.65	16.71878	MQ
MFD09495.bin.3.69	23.52937	MQ
MFD09495.bin.3.99	18.83561	MQ
MFD09567.bin.1.118	18.51451	MQ
MFD09567.bin.1.13	30.54037	MQ
MFD09567.bin.1.40	65.73968	MQ
MFD09567.bin.2.100	13.15062	MQ
MFD09567.bin.2.12	21.29929	MQ
MFD09567.bin.2.15	10.28866	MQ
MFD09567.bin.2.16	11.41502	MQ
MFD09567.bin.2.2	26.6917	MQ
MFD09567.bin.2.23	281.9228	MQ
MFD09567.bin.2.39	30.38794	MQ
MFD09567.bin.2.46	57.21455	MQ
MFD09567.bin.2.51	45.90686	MQ
MFD09567.bin.2.56	16.00909	MQ
MFD09567.bin.2.58	21.46071	MQ
MFD09567.bin.2.6	32.20303	MQ
MFD09567.bin.2.64	22.62982	MQ
MFD09567.bin.2.77	26.20375	MQ
MFD09567.bin.2.79	13.56341	MQ
MFD09567.bin.2.8	27.95152	MQ
MFD09567.bin.2.88	14.69866	MQ
MFD09567.bin.2.92	15.16624	MQ
MFD09567.bin.2.94	14.44697	MQ
MFD09567.bin.3.118	159.9451	MQ
MFD09567.bin.3.28	22.77374	MQ
MFD09567.bin.4.252	172.8744	MQ
MFD09567.bin.4.322	16.13236	MQ
MFD09567.bin.4.38	18.58138	MQ
MFD09603.bin.1.108	57.47217	MQ
MFD09603.bin.1.14	116.8796	MQ
MFD09603.bin.1.250	72.72347	MQ
MFD09603.bin.1.254	131.7096	MQ
MFD09603.bin.1.257	24.09479	MQ
MFD09603.bin.1.259	34.06737	MQ
MFD09603.bin.1.289	15.21534	MQ
MFD09603.bin.1.339	365.8065	MQ
MFD09603.bin.1.44	29.26451	MQ
MFD09603.bin.1.55	17.07241	MQ
MFD09603.bin.1.72	27.55262	MQ
MFD09603.bin.2.1	22.81028	MQ
MFD09603.bin.2.10	35.82018	MQ
MFD09603.bin.2.101	16.56511	MQ
MFD09603.bin.2.102	16.36027	MQ
MFD09603.bin.2.103	19.47438	MQ
MFD09603.bin.2.104	19.13773	MQ
MFD09603.bin.2.105	27.64743	MQ
MFD09603.bin.2.108	13.12303	MQ
MFD09603.bin.2.109	15.32595	MQ
MFD09603.bin.2.11	17.67694	MQ
MFD09603.bin.2.110	14.86894	MQ
MFD09603.bin.2.111	25.19099	MQ
MFD09603.bin.2.112	19.99327	MQ
MFD09603.bin.2.113	11.67488	MQ
MFD09603.bin.2.115	15.66093	MQ
MFD09603.bin.2.117	18.55875	MQ
MFD09603.bin.2.118	20.13381	MQ
MFD09603.bin.2.12	24.79985	MQ
MFD09603.bin.2.120	15.76565	MQ
MFD09603.bin.2.124	14.4423	MQ
MFD09603.bin.2.126	22.06335	MQ
MFD09603.bin.2.127	41.0153	MQ
MFD09603.bin.2.129	14.41964	MQ
MFD09603.bin.2.130	19.2352	MQ
MFD09603.bin.2.132	19.67602	MQ
MFD09603.bin.2.134	18.63352	MQ
MFD09603.bin.2.14	20.56622	MQ
MFD09603.bin.2.158	14.63903	MQ
MFD09603.bin.2.16	36.00762	MQ
MFD09603.bin.2.164	26.03317	MQ
MFD09603.bin.2.165	22.82787	MQ
MFD09603.bin.2.168	15.81407	MQ
MFD09603.bin.2.17	32.11218	MQ
MFD09603.bin.2.172	36.67248	MQ
MFD09603.bin.2.173	68.07388	MQ
MFD09603.bin.2.175	13.934	MQ
MFD09603.bin.2.176	16.84979	MQ
MFD09603.bin.2.177	39.83261	MQ
MFD09603.bin.2.178	25.11742	MQ
MFD09603.bin.2.179	15.31592	MQ
MFD09603.bin.2.180	14.07758	MQ
MFD09603.bin.2.181	12.41172	MQ
MFD09603.bin.2.182	15.25291	MQ
MFD09603.bin.2.183	30.5978	MQ
MFD09603.bin.2.184	325.1411	MQ
MFD09603.bin.2.185	18.50609	MQ
MFD09603.bin.2.186	17.32024	MQ
MFD09603.bin.2.187	52.63941	MQ
MFD09603.bin.2.19	30.56291	MQ
MFD09603.bin.2.190	19.45056	MQ
MFD09603.bin.2.192	52.90957	MQ
MFD09603.bin.2.193	18.3261	MQ
MFD09603.bin.2.196	22.43393	MQ
MFD09603.bin.2.197	563.2721	MQ
MFD09603.bin.2.199	13.38895	MQ
MFD09603.bin.2.20	12.50173	MQ
MFD09603.bin.2.200	17.58522	MQ
MFD09603.bin.2.201	16.58959	MQ
MFD09603.bin.2.202	15.97091	MQ
MFD09603.bin.2.204	12.16892	MQ
MFD09603.bin.2.206	15.84675	MQ
MFD09603.bin.2.207	24.88619	MQ
MFD09603.bin.2.208	26.06067	MQ
MFD09603.bin.2.21	92.615	MQ
MFD09603.bin.2.210	19.1868	MQ
MFD09603.bin.2.211	13.12066	MQ
MFD09603.bin.2.213	27.59004	MQ
MFD09603.bin.2.215	16.8115	MQ
MFD09603.bin.2.216	50.86614	MQ
MFD09603.bin.2.218	22.0902	MQ
MFD09603.bin.2.22	30.87286	MQ
MFD09603.bin.2.221	15.01951	MQ
MFD09603.bin.2.222	25.04641	MQ
MFD09603.bin.2.223	24.77628	MQ
MFD09603.bin.2.226	16.92819	MQ
MFD09603.bin.2.227	19.22263	MQ
MFD09603.bin.2.228	23.09093	MQ
MFD09603.bin.2.229	13.95094	MQ
MFD09603.bin.2.231	17.35104	MQ
MFD09603.bin.2.232	125.0851	MQ
MFD09603.bin.2.233	19.67673	MQ
MFD09603.bin.2.234	13.22466	MQ
MFD09603.bin.2.237	19.98626	MQ
MFD09603.bin.2.24	20.12325	MQ
MFD09603.bin.2.242	127.1783	MQ
MFD09603.bin.2.243	14.6368	MQ
MFD09603.bin.2.246	19.48019	MQ
MFD09603.bin.2.247	31.5156	MQ
MFD09603.bin.2.248	23.34292	MQ
MFD09603.bin.2.249	16.38518	MQ
MFD09603.bin.2.250	15.88416	MQ
MFD09603.bin.2.251	17.60291	MQ
MFD09603.bin.2.254	34.45286	MQ
MFD09603.bin.2.255	27.7728	MQ
MFD09603.bin.2.256	14.23697	MQ
MFD09603.bin.2.258	106.5655	MQ
MFD09603.bin.2.26	24.62142	MQ
MFD09603.bin.2.261	20.8526	MQ
MFD09603.bin.2.264	23.36187	MQ
MFD09603.bin.2.265	39.0608	MQ
MFD09603.bin.2.268	27.93874	MQ
MFD09603.bin.2.27	24.86042	MQ
MFD09603.bin.2.270	28.16723	MQ
MFD09603.bin.2.272	39.68451	MQ
MFD09603.bin.2.275	65.00037	MQ
MFD09603.bin.2.276	30.20765	MQ
MFD09603.bin.2.277	20.99786	MQ
MFD09603.bin.2.278	18.13488	MQ
MFD09603.bin.2.28	21.15385	MQ
MFD09603.bin.2.280	24.43347	MQ
MFD09603.bin.2.281	24.19596	MQ
MFD09603.bin.2.282	37.2861	MQ
MFD09603.bin.2.283	26.10507	MQ
MFD09603.bin.2.284	16.34774	MQ
MFD09603.bin.2.285	15.23089	MQ
MFD09603.bin.2.287	19.56454	MQ
MFD09603.bin.2.288	15.03857	MQ
MFD09603.bin.2.292	30.7204	MQ
MFD09603.bin.2.293	170.2107	MQ
MFD09603.bin.2.294	19.86923	MQ
MFD09603.bin.2.295	28.69444	MQ
MFD09603.bin.2.3	14.8151	MQ
MFD09603.bin.2.302	65.09235	MQ
MFD09603.bin.2.303	14.62148	MQ
MFD09603.bin.2.305	17.3506	MQ
MFD09603.bin.2.306	13.93735	MQ
MFD09603.bin.2.34	23.38199	MQ
MFD09603.bin.2.4	22.44349	MQ
MFD09603.bin.2.40	62.22076	MQ
MFD09603.bin.2.42	16.42922	MQ
MFD09603.bin.2.47	18.36828	MQ
MFD09603.bin.2.48	463.6622	MQ
MFD09603.bin.2.49	67.32886	MQ
MFD09603.bin.2.50	27.15898	MQ
MFD09603.bin.2.51	41.51565	MQ
MFD09603.bin.2.52	17.20298	MQ
MFD09603.bin.2.53	27.14191	MQ
MFD09603.bin.2.55	19.50744	MQ
MFD09603.bin.2.56	14.71025	MQ
MFD09603.bin.2.58	29.56816	MQ
MFD09603.bin.2.59	18.4724	MQ
MFD09603.bin.2.60	16.84316	MQ
MFD09603.bin.2.61	14.09018	MQ
MFD09603.bin.2.62	16.71646	MQ
MFD09603.bin.2.63	22.0651	MQ
MFD09603.bin.2.64	23.19244	MQ
MFD09603.bin.2.66	23.00873	MQ
MFD09603.bin.2.68	14.01644	MQ
MFD09603.bin.2.70	18.98397	MQ
MFD09603.bin.2.71	30.95323	MQ
MFD09603.bin.2.73	39.24828	MQ
MFD09603.bin.2.74	37.62163	MQ
MFD09603.bin.2.75	20.15461	MQ
MFD09603.bin.2.76	14.46843	MQ
MFD09603.bin.2.77	15.34469	MQ
MFD09603.bin.2.78	13.40673	MQ
MFD09603.bin.2.79	50.33649	MQ
MFD09603.bin.2.8	23.05419	MQ
MFD09603.bin.2.80	64.5472	MQ
MFD09603.bin.2.82	18.60653	MQ
MFD09603.bin.2.83	19.42279	MQ
MFD09603.bin.2.84	19.62864	MQ
MFD09603.bin.2.85	15.33765	MQ
MFD09603.bin.2.86	16.75228	MQ
MFD09603.bin.2.87	14.56226	MQ
MFD09603.bin.2.88	14.50757	MQ
MFD09603.bin.2.9	29.43249	MQ
MFD09603.bin.2.90	23.83896	MQ
MFD09603.bin.2.91	22.03409	MQ
MFD09603.bin.2.92	12.50602	MQ
MFD09603.bin.2.93	24.45347	MQ
MFD09603.bin.2.95	22.12536	MQ
MFD09603.bin.2.96	13.81135	MQ
MFD09603.bin.2.97	11.55704	MQ
MFD09603.bin.2.98	12.18881	MQ
MFD09603.bin.2.99	17.27401	MQ
MFD09603.bin.3.129	86.15207	MQ
MFD09603.bin.3.130	22.11984	MQ
MFD09603.bin.3.139	15.14635	MQ
MFD09603.bin.3.152	21.97047	MQ
MFD09603.bin.3.171	36.48966	MQ
MFD09603.bin.3.205	19.37896	MQ
MFD09603.bin.3.217	86.3445	MQ
MFD09603.bin.3.218	35.10928	MQ
MFD09603.bin.3.229	19.53001	MQ
MFD09603.bin.3.241	40.59733	MQ
MFD09603.bin.3.249	100.6714	MQ
MFD09603.bin.3.250	42.81565	MQ
MFD09603.bin.3.268	16.10737	MQ
MFD09603.bin.3.288	14.08223	MQ
MFD09603.bin.3.290	115.2034	MQ
MFD09603.bin.3.31	21.96627	MQ
MFD09603.bin.3.358	15.05924	MQ
MFD09603.bin.3.408	14.15377	MQ
MFD09603.bin.3.415	27.7927	MQ
MFD09603.bin.3.428	17.07783	MQ
MFD09603.bin.3.442	13.99627	MQ
MFD09603.bin.3.46	10.8983	MQ
MFD09603.bin.3.486	18.68676	MQ
MFD09603.bin.3.494	27.75083	MQ
MFD09603.bin.3.517	47.12396	MQ
MFD09603.bin.3.522	91.27396	MQ
MFD09603.bin.3.536	16.4013	MQ
MFD09603.bin.3.55	238.5542	MQ
MFD09603.bin.3.558	16.9844	MQ
MFD09603.bin.3.579	14.547	MQ
MFD09603.bin.3.631	19.60098	MQ
MFD09603.bin.3.79	12.61638	MQ
MFD09603.bin.3.91	27.43955	MQ
MFD09603.bin.4.106	17.73043	MQ
MFD09603.bin.4.259	81.71732	MQ
MFD09603.bin.4.285	12.57828	MQ
MFD09603.bin.4.330	104.6136	MQ
MFD09603.bin.4.564	34.74297	MQ
MFD09603.bin.4.654	24.02204	MQ
MFD09603.bin.4.668	18.50435	MQ
MFD09603.bin.4.860	22.47259	MQ
MFD09671.bin.1.104	25.38377	MQ
MFD09671.bin.1.176	19.69694	MQ
MFD09671.bin.1.185	20.54693	MQ
MFD09671.bin.1.202	28.14014	MQ
MFD09671.bin.1.37	27.348	MQ
MFD09671.bin.1.61	20.3773	MQ
MFD09671.bin.2.1	28.54072	MQ
MFD09671.bin.2.10	15.55457	MQ
MFD09671.bin.2.102	21.75022	MQ
MFD09671.bin.2.103	20.98469	MQ
MFD09671.bin.2.104	21.66584	MQ
MFD09671.bin.2.105	246.0902	MQ
MFD09671.bin.2.108	16.98472	MQ
MFD09671.bin.2.109	23.74937	MQ
MFD09671.bin.2.11	19.76807	MQ
MFD09671.bin.2.110	24.287	MQ
MFD09671.bin.2.111	25.45523	MQ
MFD09671.bin.2.113	15.9118	MQ
MFD09671.bin.2.114	37.21892	MQ
MFD09671.bin.2.115	26.16544	MQ
MFD09671.bin.2.116	22.58775	MQ
MFD09671.bin.2.119	35.13329	MQ
MFD09671.bin.2.120	17.34708	MQ
MFD09671.bin.2.121	21.91091	MQ
MFD09671.bin.2.123	20.08966	MQ
MFD09671.bin.2.125	20.55585	MQ
MFD09671.bin.2.127	18.39807	MQ
MFD09671.bin.2.128	21.67278	MQ
MFD09671.bin.2.130	42.41726	MQ
MFD09671.bin.2.132	23.53128	MQ
MFD09671.bin.2.133	18.51843	MQ
MFD09671.bin.2.136	32.45659	MQ
MFD09671.bin.2.137	25.52553	MQ
MFD09671.bin.2.138	21.68054	MQ
MFD09671.bin.2.139	28.58668	MQ
MFD09671.bin.2.14	20.53342	MQ
MFD09671.bin.2.141	18.65854	MQ
MFD09671.bin.2.144	17.14598	MQ
MFD09671.bin.2.145	19.07	MQ
MFD09671.bin.2.148	29.27411	MQ
MFD09671.bin.2.150	26.74409	MQ
MFD09671.bin.2.152	23.69662	MQ
MFD09671.bin.2.153	45.70642	MQ
MFD09671.bin.2.154	18.15831	MQ
MFD09671.bin.2.16	27.44883	MQ
MFD09671.bin.2.2	20.04452	MQ
MFD09671.bin.2.20	14.46121	MQ
MFD09671.bin.2.21	27.18337	MQ
MFD09671.bin.2.23	16.16521	MQ
MFD09671.bin.2.25	57.09573	MQ
MFD09671.bin.2.28	18.92078	MQ
MFD09671.bin.2.3	14.66815	MQ
MFD09671.bin.2.31	26.71808	MQ
MFD09671.bin.2.33	31.18014	MQ
MFD09671.bin.2.35	23.77662	MQ
MFD09671.bin.2.39	20.39781	MQ
MFD09671.bin.2.4	13.42505	MQ
MFD09671.bin.2.41	24.72317	MQ
MFD09671.bin.2.42	21.01689	MQ
MFD09671.bin.2.46	22.4145	MQ
MFD09671.bin.2.55	13.67595	MQ
MFD09671.bin.2.6	44.24034	MQ
MFD09671.bin.2.63	26.18512	MQ
MFD09671.bin.2.66	20.19955	MQ
MFD09671.bin.2.67	22.48142	MQ
MFD09671.bin.2.69	19.85417	MQ
MFD09671.bin.2.72	34.65739	MQ
MFD09671.bin.2.76	29.16381	MQ
MFD09671.bin.2.77	46.42051	MQ
MFD09671.bin.2.78	17.19098	MQ
MFD09671.bin.2.79	30.64501	MQ
MFD09671.bin.2.8	32.85384	MQ
MFD09671.bin.2.80	46.79677	MQ
MFD09671.bin.2.81	15.60031	MQ
MFD09671.bin.2.82	25.89937	MQ
MFD09671.bin.2.83	14.67675	MQ
MFD09671.bin.2.84	15.89185	MQ
MFD09671.bin.2.85	28.60235	MQ
MFD09671.bin.2.87	17.27104	MQ
MFD09671.bin.2.88	18.30458	MQ
MFD09671.bin.2.90	21.3422	MQ
MFD09671.bin.2.91	14.27116	MQ
MFD09671.bin.2.92	30.44575	MQ
MFD09671.bin.2.94	25.52375	MQ
MFD09671.bin.2.96	22.27799	MQ
MFD09671.bin.2.98	28.03127	MQ
MFD09671.bin.2.99	48.0512	MQ
MFD09671.bin.3.108	12.18463	MQ
MFD09671.bin.3.137	9.400732	MQ
MFD09671.bin.3.142	21.20587	MQ
MFD09671.bin.3.178	23.90923	MQ
MFD09671.bin.3.189	55.48598	MQ
MFD09671.bin.3.199	20.00034	MQ
MFD09671.bin.3.206	20.97748	MQ
MFD09671.bin.3.22	27.52429	MQ
MFD09671.bin.3.245	28.09317	MQ
MFD09671.bin.3.246	24.92112	MQ
MFD09671.bin.3.249	28.10123	MQ
MFD09671.bin.3.290	24.03586	MQ
MFD09671.bin.3.297	44.24397	MQ
MFD09671.bin.3.303	14.80693	MQ
MFD09671.bin.3.309	14.68169	MQ
MFD09671.bin.3.315	15.87647	MQ
MFD09671.bin.3.4	10.70185	MQ
MFD09671.bin.3.41	26.53184	MQ
MFD09671.bin.3.58	18.03369	MQ
MFD09671.bin.3.6	10.12439	MQ
MFD09671.bin.3.64	17.46581	MQ
MFD09671.bin.3.67	61.20188	MQ
MFD09671.bin.4.10	33.145	MQ
MFD09671.bin.4.222	42.30387	MQ
MFD09730.bin.2.10	25.23148	MQ
MFD09730.bin.2.102	22.06741	MQ
MFD09730.bin.2.106	27.82962	MQ
MFD09730.bin.2.107	16.83966	MQ
MFD09730.bin.2.108	18.70973	MQ
MFD09730.bin.2.109	30.23556	MQ
MFD09730.bin.2.11	18.10406	MQ
MFD09730.bin.2.110	19.42568	MQ
MFD09730.bin.2.111	19.67567	MQ
MFD09730.bin.2.112	25.45739	MQ
MFD09730.bin.2.116	16.4067	MQ
MFD09730.bin.2.123	20.71195	MQ
MFD09730.bin.2.125	13.66369	MQ
MFD09730.bin.2.126	27.31669	MQ
MFD09730.bin.2.127	29.02452	MQ
MFD09730.bin.2.128	16.88344	MQ
MFD09730.bin.2.131	24.44917	MQ
MFD09730.bin.2.132	18.17872	MQ
MFD09730.bin.2.133	19.1641	MQ
MFD09730.bin.2.138	23.58773	MQ
MFD09730.bin.2.14	15.39948	MQ
MFD09730.bin.2.140	36.92445	MQ
MFD09730.bin.2.141	25.49737	MQ
MFD09730.bin.2.143	35.12321	MQ
MFD09730.bin.2.144	36.41582	MQ
MFD09730.bin.2.145	40.34719	MQ
MFD09730.bin.2.147	16.79771	MQ
MFD09730.bin.2.148	25.8129	MQ
MFD09730.bin.2.15	36.06955	MQ
MFD09730.bin.2.153	36.4806	MQ
MFD09730.bin.2.158	21.6182	MQ
MFD09730.bin.2.16	36.55714	MQ
MFD09730.bin.2.161	14.24204	MQ
MFD09730.bin.2.164	18.54029	MQ
MFD09730.bin.2.167	18.52161	MQ
MFD09730.bin.2.168	24.61932	MQ
MFD09730.bin.2.17	32.09024	MQ
MFD09730.bin.2.170	36.42934	MQ
MFD09730.bin.2.171	37.22319	MQ
MFD09730.bin.2.172	39.81605	MQ
MFD09730.bin.2.18	17.44249	MQ
MFD09730.bin.2.180	17.83591	MQ
MFD09730.bin.2.181	22.32099	MQ
MFD09730.bin.2.187	21.72403	MQ
MFD09730.bin.2.19	21.80014	MQ
MFD09730.bin.2.192	31.34232	MQ
MFD09730.bin.2.194	23.32314	MQ
MFD09730.bin.2.20	92.43268	MQ
MFD09730.bin.2.23	22.10299	MQ
MFD09730.bin.2.24	37.80301	MQ
MFD09730.bin.2.29	19.47645	MQ
MFD09730.bin.2.32	26.61213	MQ
MFD09730.bin.2.34	39.22182	MQ
MFD09730.bin.2.35	28.50066	MQ
MFD09730.bin.2.36	23.79156	MQ
MFD09730.bin.2.39	52.7038	MQ
MFD09730.bin.2.41	17.56181	MQ
MFD09730.bin.2.43	61.02594	MQ
MFD09730.bin.2.45	24.60597	MQ
MFD09730.bin.2.47	41.00823	MQ
MFD09730.bin.2.49	19.77825	MQ
MFD09730.bin.2.50	15.16102	MQ
MFD09730.bin.2.52	19.29085	MQ
MFD09730.bin.2.53	37.05401	MQ
MFD09730.bin.2.54	165.679	MQ
MFD09730.bin.2.57	30.4928	MQ
MFD09730.bin.2.61	35.41116	MQ
MFD09730.bin.2.64	43.92358	MQ
MFD09730.bin.2.67	33.48622	MQ
MFD09730.bin.2.68	53.79664	MQ
MFD09730.bin.2.70	15.29243	MQ
MFD09730.bin.2.77	27.3688	MQ
MFD09730.bin.2.80	45.35905	MQ
MFD09730.bin.2.84	22.39263	MQ
MFD09730.bin.2.86	45.59398	MQ
MFD09730.bin.2.88	24.07698	MQ
MFD09730.bin.2.97	24.87595	MQ
MFD09730.bin.2.99	23.10523	MQ
MFD09730.bin.3.100	27.76629	MQ
MFD09730.bin.3.121	33.64376	MQ
MFD09730.bin.3.152	15.17544	MQ
MFD09730.bin.3.172	34.72759	MQ
MFD09730.bin.3.219	35.34035	MQ
MFD09730.bin.3.244	24.4151	MQ
MFD09730.bin.3.255	17.02827	MQ
MFD09730.bin.3.281	40.1532	MQ
MFD09730.bin.3.316	20.98023	MQ
MFD09730.bin.3.337	32.52864	MQ
MFD09730.bin.3.34	15.14932	MQ
MFD09730.bin.3.37	28.10671	MQ
MFD09730.bin.3.75	18.25705	MQ
MFD09730.bin.3.85	19.69596	MQ
MFD09730.bin.4.145	19.33127	MQ
MFD09730.bin.4.339	24.00772	MQ
MFD09730.bin.4.67	36.58662	MQ
MFD09779.bin.1.206	46.80425	MQ
MFD09779.bin.1.214	37.00895	MQ
MFD09779.bin.1.217	19.52463	MQ
MFD09779.bin.1.236	24.89234	MQ
MFD09779.bin.1.290	17.83182	MQ
MFD09779.bin.1.333	36.1151	MQ
MFD09779.bin.1.334	35.05902	MQ
MFD09779.bin.1.35	38.99461	MQ
MFD09779.bin.2.10	14.21351	MQ
MFD09779.bin.2.107	17.79089	MQ
MFD09779.bin.2.118	22.45556	MQ
MFD09779.bin.2.122	393.8111	MQ
MFD09779.bin.2.128	19.11893	MQ
MFD09779.bin.2.131	23.62268	MQ
MFD09779.bin.2.135	19.70858	MQ
MFD09779.bin.2.137	143.1606	MQ
MFD09779.bin.2.14	13.43282	MQ
MFD09779.bin.2.140	18.47066	MQ
MFD09779.bin.2.141	14.72487	MQ
MFD09779.bin.2.144	16.08433	MQ
MFD09779.bin.2.146	20.26913	MQ
MFD09779.bin.2.149	64.86814	MQ
MFD09779.bin.2.150	19.53446	MQ
MFD09779.bin.2.151	16.29372	MQ
MFD09779.bin.2.16	13.15531	MQ
MFD09779.bin.2.162	24.78687	MQ
MFD09779.bin.2.163	75.82686	MQ
MFD09779.bin.2.165	25.29141	MQ
MFD09779.bin.2.167	14.33825	MQ
MFD09779.bin.2.168	13.69054	MQ
MFD09779.bin.2.169	12.75018	MQ
MFD09779.bin.2.170	24.31986	MQ
MFD09779.bin.2.171	33.45981	MQ
MFD09779.bin.2.172	16.02032	MQ
MFD09779.bin.2.173	15.30072	MQ
MFD09779.bin.2.174	10.52178	MQ
MFD09779.bin.2.175	30.54636	MQ
MFD09779.bin.2.176	15.48411	MQ
MFD09779.bin.2.177	16.81576	MQ
MFD09779.bin.2.179	18.66054	MQ
MFD09779.bin.2.18	15.88697	MQ
MFD09779.bin.2.180	72.51084	MQ
MFD09779.bin.2.182	78.68681	MQ
MFD09779.bin.2.185	21.90505	MQ
MFD09779.bin.2.186	14.65454	MQ
MFD09779.bin.2.188	39.23178	MQ
MFD09779.bin.2.190	24.30489	MQ
MFD09779.bin.2.191	36.09059	MQ
MFD09779.bin.2.192	30.06637	MQ
MFD09779.bin.2.194	10.72983	MQ
MFD09779.bin.2.195	38.12461	MQ
MFD09779.bin.2.196	31.04499	MQ
MFD09779.bin.2.197	21.34342	MQ
MFD09779.bin.2.198	30.35017	MQ
MFD09779.bin.2.199	12.76165	MQ
MFD09779.bin.2.2	19.15662	MQ
MFD09779.bin.2.20	18.35268	MQ
MFD09779.bin.2.200	19.01701	MQ
MFD09779.bin.2.201	19.0674	MQ
MFD09779.bin.2.202	77.97155	MQ
MFD09779.bin.2.203	26.22632	MQ
MFD09779.bin.2.206	22.93875	MQ
MFD09779.bin.2.207	140.4379	MQ
MFD09779.bin.2.210	29.02279	MQ
MFD09779.bin.2.211	15.66265	MQ
MFD09779.bin.2.214	25.45708	MQ
MFD09779.bin.2.216	17.65892	MQ
MFD09779.bin.2.217	35.80589	MQ
MFD09779.bin.2.218	20.3567	MQ
MFD09779.bin.2.219	11.76675	MQ
MFD09779.bin.2.222	39.97983	MQ
MFD09779.bin.2.225	21.41803	MQ
MFD09779.bin.2.226	20.64901	MQ
MFD09779.bin.2.228	139.8032	MQ
MFD09779.bin.2.231	26.67636	MQ
MFD09779.bin.2.233	58.87391	MQ
MFD09779.bin.2.234	19.53458	MQ
MFD09779.bin.2.236	16.21324	MQ
MFD09779.bin.2.237	42.17787	MQ
MFD09779.bin.2.240	16.83659	MQ
MFD09779.bin.2.242	27.76526	MQ
MFD09779.bin.2.244	11.5992	MQ
MFD09779.bin.2.246	24.67897	MQ
MFD09779.bin.2.248	17.03821	MQ
MFD09779.bin.2.249	15.73174	MQ
MFD09779.bin.2.253	43.01403	MQ
MFD09779.bin.2.254	28.64001	MQ
MFD09779.bin.2.255	21.6138	MQ
MFD09779.bin.2.256	20.71108	MQ
MFD09779.bin.2.257	18.66897	MQ
MFD09779.bin.2.259	24.3317	MQ
MFD09779.bin.2.26	38.76527	MQ
MFD09779.bin.2.260	16.15671	MQ
MFD09779.bin.2.28	30.75521	MQ
MFD09779.bin.2.29	12.11405	MQ
MFD09779.bin.2.3	18.92008	MQ
MFD09779.bin.2.30	12.23826	MQ
MFD09779.bin.2.31	22.02604	MQ
MFD09779.bin.2.32	27.43002	MQ
MFD09779.bin.2.33	46.82065	MQ
MFD09779.bin.2.34	17.72938	MQ
MFD09779.bin.2.36	16.96022	MQ
MFD09779.bin.2.38	15.27189	MQ
MFD09779.bin.2.39	28.83399	MQ
MFD09779.bin.2.4	22.35497	MQ
MFD09779.bin.2.42	16.29932	MQ
MFD09779.bin.2.43	30.39187	MQ
MFD09779.bin.2.46	15.33408	MQ
MFD09779.bin.2.47	13.22227	MQ
MFD09779.bin.2.50	15.03663	MQ
MFD09779.bin.2.51	48.72607	MQ
MFD09779.bin.2.52	56.88415	MQ
MFD09779.bin.2.53	26.06239	MQ
MFD09779.bin.2.54	14.53826	MQ
MFD09779.bin.2.55	14.93768	MQ
MFD09779.bin.2.56	15.4013	MQ
MFD09779.bin.2.57	12.58604	MQ
MFD09779.bin.2.58	23.65207	MQ
MFD09779.bin.2.61	20.716	MQ
MFD09779.bin.2.64	11.22651	MQ
MFD09779.bin.2.66	68.81181	MQ
MFD09779.bin.2.67	16.8267	MQ
MFD09779.bin.2.71	17.99462	MQ
MFD09779.bin.2.73	28.02985	MQ
MFD09779.bin.2.77	21.51566	MQ
MFD09779.bin.2.78	14.89546	MQ
MFD09779.bin.2.8	16.21435	MQ
MFD09779.bin.2.80	16.28922	MQ
MFD09779.bin.2.82	20.36535	MQ
MFD09779.bin.2.83	22.13613	MQ
MFD09779.bin.2.87	13.62174	MQ
MFD09779.bin.2.89	19.42611	MQ
MFD09779.bin.2.9	33.73535	MQ
MFD09779.bin.2.91	41.5052	MQ
MFD09779.bin.2.93	21.16016	MQ
MFD09779.bin.2.94	24.84271	MQ
MFD09779.bin.2.97	29.83241	MQ
MFD09779.bin.3.106	16.28974	MQ
MFD09779.bin.3.137	14.30291	MQ
MFD09779.bin.3.15	27.18139	MQ
MFD09779.bin.3.159	17.27952	MQ
MFD09779.bin.3.162	14.06063	MQ
MFD09779.bin.3.176	58.19729	MQ
MFD09779.bin.3.209	54.05299	MQ
MFD09779.bin.3.231	41.32352	MQ
MFD09779.bin.3.232	28.14151	MQ
MFD09779.bin.3.236	13.21537	MQ
MFD09779.bin.3.245	21.58345	MQ
MFD09779.bin.3.249	17.92587	MQ
MFD09779.bin.3.295	20.45756	MQ
MFD09779.bin.3.296	30.02054	MQ
MFD09779.bin.3.299	32.5016	MQ
MFD09779.bin.3.305	31.86328	MQ
MFD09779.bin.3.322	31.45538	MQ
MFD09779.bin.3.343	26.78086	MQ
MFD09779.bin.3.373	23.40667	MQ
MFD09779.bin.3.381	16.07593	MQ
MFD09779.bin.3.39	11.51146	MQ
MFD09779.bin.3.409	28.6782	MQ
MFD09779.bin.3.41	10.91459	MQ
MFD09779.bin.3.410	28.07689	MQ
MFD09779.bin.3.420	13.45902	MQ
MFD09779.bin.3.436	14.13682	MQ
MFD09779.bin.3.441	13.69172	MQ
MFD09779.bin.3.464	18.79174	MQ
MFD09779.bin.3.474	16.01026	MQ
MFD09779.bin.3.497	14.9948	MQ
MFD09779.bin.3.68	21.69218	MQ
MFD09779.bin.4.73	19.65739	MQ
MFD09848.bin.2.101	23.06519	MQ
MFD09848.bin.2.104	16.91635	MQ
MFD09848.bin.2.105	24.95422	MQ
MFD09848.bin.2.106	22.88249	MQ
MFD09848.bin.2.108	27.10204	MQ
MFD09848.bin.2.112	32.46688	MQ
MFD09848.bin.2.114	29.83988	MQ
MFD09848.bin.2.119	21.58017	MQ
MFD09848.bin.2.12	47.08969	MQ
MFD09848.bin.2.17	28.48074	MQ
MFD09848.bin.2.19	38.52212	MQ
MFD09848.bin.2.23	24.82565	MQ
MFD09848.bin.2.28	39.28079	MQ
MFD09848.bin.2.30	26.4695	MQ
MFD09848.bin.2.4	19.51885	MQ
MFD09848.bin.2.42	30.01171	MQ
MFD09848.bin.2.44	17.17032	MQ
MFD09848.bin.2.47	31.29105	MQ
MFD09848.bin.2.53	37.98502	MQ
MFD09848.bin.2.54	28.06503	MQ
MFD09848.bin.2.59	25.05892	MQ
MFD09848.bin.2.6	56.57962	MQ
MFD09848.bin.2.68	31.32076	MQ
MFD09848.bin.2.72	22.90239	MQ
MFD09848.bin.2.80	21.85699	MQ
MFD09848.bin.2.88	49.1332	MQ
MFD09848.bin.2.89	24.73409	MQ
MFD09848.bin.2.92	20.29448	MQ
MFD09848.bin.2.94	25.73538	MQ
MFD09848.bin.2.96	55.60329	MQ
MFD09848.bin.2.99	33.67419	MQ
MFD09848.bin.3.153	32.36196	MQ
MFD09848.bin.3.17	24.84195	MQ
MFD09848.bin.3.172	46.05319	MQ
MFD09848.bin.3.263	31.48524	MQ
MFD09848.bin.3.304	24.30585	MQ
MFD09848.bin.3.44	23.12317	MQ
MFD09848.bin.3.93	32.18689	MQ
MFD09848.bin.3.94	188.021	MQ
MFD09848.bin.4.36	22.96572	MQ
MFD09964.bin.1.137	22.50526	MQ
MFD09964.bin.1.219	17.16431	MQ
MFD09964.bin.1.237	105.9796	MQ
MFD09964.bin.1.338	22.63991	MQ
MFD09964.bin.1.372	21.26379	MQ
MFD09964.bin.1.38	38.67862	MQ
MFD09964.bin.1.39	22.74225	MQ
MFD09964.bin.1.75	27.40625	MQ
MFD09964.bin.2.1	22.69648	MQ
MFD09964.bin.2.102	31.61526	MQ
MFD09964.bin.2.103	26.7259	MQ
MFD09964.bin.2.105	16.85001	MQ
MFD09964.bin.2.108	41.99931	MQ
MFD09964.bin.2.110	25.81098	MQ
MFD09964.bin.2.116	97.44006	MQ
MFD09964.bin.2.119	22.95362	MQ
MFD09964.bin.2.12	31.98975	MQ
MFD09964.bin.2.124	113.5343	MQ
MFD09964.bin.2.127	23.55688	MQ
MFD09964.bin.2.131	137.7013	MQ
MFD09964.bin.2.132	35.82106	MQ
MFD09964.bin.2.136	35.78011	MQ
MFD09964.bin.2.137	19.30715	MQ
MFD09964.bin.2.14	18.20945	MQ
MFD09964.bin.2.140	16.55249	MQ
MFD09964.bin.2.142	38.89516	MQ
MFD09964.bin.2.145	19.42743	MQ
MFD09964.bin.2.149	34.99746	MQ
MFD09964.bin.2.15	29.71799	MQ
MFD09964.bin.2.150	27.16297	MQ
MFD09964.bin.2.151	26.77232	MQ
MFD09964.bin.2.153	24.4092	MQ
MFD09964.bin.2.154	21.25905	MQ
MFD09964.bin.2.155	23.16582	MQ
MFD09964.bin.2.156	18.2453	MQ
MFD09964.bin.2.157	28.58862	MQ
MFD09964.bin.2.159	29.15446	MQ
MFD09964.bin.2.160	17.01294	MQ
MFD09964.bin.2.161	24.04809	MQ
MFD09964.bin.2.163	29.37391	MQ
MFD09964.bin.2.167	14.32419	MQ
MFD09964.bin.2.168	27.75961	MQ
MFD09964.bin.2.17	17.03658	MQ
MFD09964.bin.2.170	17.88448	MQ
MFD09964.bin.2.171	30.86447	MQ
MFD09964.bin.2.176	20.65894	MQ
MFD09964.bin.2.179	20.42573	MQ
MFD09964.bin.2.180	22.09193	MQ
MFD09964.bin.2.182	14.31156	MQ
MFD09964.bin.2.183	18.69684	MQ
MFD09964.bin.2.189	16.49057	MQ
MFD09964.bin.2.192	11.17685	MQ
MFD09964.bin.2.193	26.50923	MQ
MFD09964.bin.2.197	26.50581	MQ
MFD09964.bin.2.198	31.20262	MQ
MFD09964.bin.2.199	20.51023	MQ
MFD09964.bin.2.20	23.74655	MQ
MFD09964.bin.2.200	10.75379	MQ
MFD09964.bin.2.201	41.55135	MQ
MFD09964.bin.2.204	12.76765	MQ
MFD09964.bin.2.205	20.20493	MQ
MFD09964.bin.2.208	27.4354	MQ
MFD09964.bin.2.209	20.44015	MQ
MFD09964.bin.2.211	37.71459	MQ
MFD09964.bin.2.212	55.24958	MQ
MFD09964.bin.2.214	12.75651	MQ
MFD09964.bin.2.216	13.87512	MQ
MFD09964.bin.2.219	26.77395	MQ
MFD09964.bin.2.220	21.25004	MQ
MFD09964.bin.2.221	13.02288	MQ
MFD09964.bin.2.222	18.26456	MQ
MFD09964.bin.2.223	18.77736	MQ
MFD09964.bin.2.226	79.09753	MQ
MFD09964.bin.2.227	11.35766	MQ
MFD09964.bin.2.228	32.6923	MQ
MFD09964.bin.2.229	12.95485	MQ
MFD09964.bin.2.23	14.47804	MQ
MFD09964.bin.2.230	20.74918	MQ
MFD09964.bin.2.231	21.47165	MQ
MFD09964.bin.2.232	27.47223	MQ
MFD09964.bin.2.233	20.56072	MQ
MFD09964.bin.2.234	14.83229	MQ
MFD09964.bin.2.238	45.44971	MQ
MFD09964.bin.2.239	19.99634	MQ
MFD09964.bin.2.24	21.44796	MQ
MFD09964.bin.2.240	12.91267	MQ
MFD09964.bin.2.241	22.49623	MQ
MFD09964.bin.2.242	15.7001	MQ
MFD09964.bin.2.243	28.56644	MQ
MFD09964.bin.2.244	23.53814	MQ
MFD09964.bin.2.246	22.18893	MQ
MFD09964.bin.2.248	19.44035	MQ
MFD09964.bin.2.249	62.23077	MQ
MFD09964.bin.2.251	17.04227	MQ
MFD09964.bin.2.252	19.07573	MQ
MFD09964.bin.2.256	21.00623	MQ
MFD09964.bin.2.259	47.5517	MQ
MFD09964.bin.2.26	39.37441	MQ
MFD09964.bin.2.262	17.41922	MQ
MFD09964.bin.2.263	31.04907	MQ
MFD09964.bin.2.264	11.7954	MQ
MFD09964.bin.2.265	47.38824	MQ
MFD09964.bin.2.266	16.41809	MQ
MFD09964.bin.2.268	43.72823	MQ
MFD09964.bin.2.27	20.31922	MQ
MFD09964.bin.2.270	9.93422	MQ
MFD09964.bin.2.274	17.25584	MQ
MFD09964.bin.2.275	33.61605	MQ
MFD09964.bin.2.277	32.74886	MQ
MFD09964.bin.2.29	18.00351	MQ
MFD09964.bin.2.31	17.45555	MQ
MFD09964.bin.2.35	20.98377	MQ
MFD09964.bin.2.36	24.53146	MQ
MFD09964.bin.2.39	18.04385	MQ
MFD09964.bin.2.4	17.94243	MQ
MFD09964.bin.2.42	29.80346	MQ
MFD09964.bin.2.44	23.08843	MQ
MFD09964.bin.2.45	27.24529	MQ
MFD09964.bin.2.46	23.40908	MQ
MFD09964.bin.2.47	13.62452	MQ
MFD09964.bin.2.5	21.33334	MQ
MFD09964.bin.2.52	15.59303	MQ
MFD09964.bin.2.53	30.47008	MQ
MFD09964.bin.2.54	28.58907	MQ
MFD09964.bin.2.55	18.89105	MQ
MFD09964.bin.2.57	33.99023	MQ
MFD09964.bin.2.58	13.97958	MQ
MFD09964.bin.2.59	14.708	MQ
MFD09964.bin.2.6	16.72425	MQ
MFD09964.bin.2.60	17.24802	MQ
MFD09964.bin.2.61	28.23896	MQ
MFD09964.bin.2.62	21.6044	MQ
MFD09964.bin.2.63	20.79374	MQ
MFD09964.bin.2.65	21.03183	MQ
MFD09964.bin.2.67	20.62665	MQ
MFD09964.bin.2.68	9.950447	MQ
MFD09964.bin.2.69	22.25761	MQ
MFD09964.bin.2.7	19.21157	MQ
MFD09964.bin.2.70	14.33071	MQ
MFD09964.bin.2.71	42.27964	MQ
MFD09964.bin.2.74	25.13138	MQ
MFD09964.bin.2.75	16.18514	MQ
MFD09964.bin.2.76	75.36887	MQ
MFD09964.bin.2.77	21.2239	MQ
MFD09964.bin.2.79	18.02765	MQ
MFD09964.bin.2.81	16.23102	MQ
MFD09964.bin.2.82	18.58967	MQ
MFD09964.bin.2.83	20.41774	MQ
MFD09964.bin.2.84	17.0602	MQ
MFD09964.bin.2.86	12.1582	MQ
MFD09964.bin.2.87	23.26905	MQ
MFD09964.bin.2.88	16.51589	MQ
MFD09964.bin.2.89	16.65632	MQ
MFD09964.bin.2.9	38.61834	MQ
MFD09964.bin.2.92	29.1023	MQ
MFD09964.bin.2.95	27.62852	MQ
MFD09964.bin.2.97	19.82278	MQ
MFD09964.bin.2.98	18.68604	MQ
MFD09964.bin.2.99	30.3872	MQ
MFD09964.bin.3.150	14.31214	MQ
MFD09964.bin.3.171	37.80748	MQ
MFD09964.bin.3.18	24.33694	MQ
MFD09964.bin.3.206	26.29876	MQ
MFD09964.bin.3.223	147.0319	MQ
MFD09964.bin.3.264	25.85446	MQ
MFD09964.bin.3.265	27.31599	MQ
MFD09964.bin.3.267	42.45655	MQ
MFD09964.bin.3.278	11.67224	MQ
MFD09964.bin.3.281	75.27026	MQ
MFD09964.bin.3.283	20.96845	MQ
MFD09964.bin.3.287	17.16169	MQ
MFD09964.bin.3.354	35.94435	MQ
MFD09964.bin.3.365	17.37613	MQ
MFD09964.bin.3.386	11.58374	MQ
MFD09964.bin.3.395	34.59633	MQ
MFD09964.bin.3.400	23.27856	MQ
MFD09964.bin.3.441	14.0307	MQ
MFD09964.bin.3.499	16.3638	MQ
MFD09964.bin.3.503	21.82506	MQ
MFD09964.bin.3.87	13.20885	MQ
MFD09964.bin.3.9	10.05517	MQ
MFD09964.bin.4.240	13.76335	MQ
MFD09964.bin.4.255	21.7112	MQ
MFD09964.bin.4.319	35.18557	MQ
MFD09964.bin.4.370	24.28578	MQ
MFD09964.bin.4.455	17.79655	MQ
MFD09964.bin.4.484	13.36161	MQ
MFD09964.bin.4.609	36.7427	MQ
MFD10007.bin.2.1	40.21735	MQ
MFD10007.bin.2.10	14.16477	MQ
MFD10007.bin.2.102	22.60566	MQ
MFD10007.bin.2.11	20.61261	MQ
MFD10007.bin.2.113	24.83104	MQ
MFD10007.bin.2.114	37.78113	MQ
MFD10007.bin.2.117	29.5175	MQ
MFD10007.bin.2.118	18.68705	MQ
MFD10007.bin.2.119	23.67329	MQ
MFD10007.bin.2.125	26.10682	MQ
MFD10007.bin.2.126	23.63973	MQ
MFD10007.bin.2.127	23.44883	MQ
MFD10007.bin.2.128	10.68459	MQ
MFD10007.bin.2.129	46.75166	MQ
MFD10007.bin.2.133	29.74719	MQ
MFD10007.bin.2.135	19.71998	MQ
MFD10007.bin.2.136	22.20067	MQ
MFD10007.bin.2.137	17.83251	MQ
MFD10007.bin.2.138	49.82471	MQ
MFD10007.bin.2.139	20.4941	MQ
MFD10007.bin.2.140	17.86106	MQ
MFD10007.bin.2.143	47.04318	MQ
MFD10007.bin.2.144	14.93421	MQ
MFD10007.bin.2.149	73.06381	MQ
MFD10007.bin.2.150	21.01319	MQ
MFD10007.bin.2.152	32.63044	MQ
MFD10007.bin.2.153	21.68528	MQ
MFD10007.bin.2.158	41.91644	MQ
MFD10007.bin.2.159	18.18055	MQ
MFD10007.bin.2.16	22.59579	MQ
MFD10007.bin.2.164	29.16122	MQ
MFD10007.bin.2.165	18.56668	MQ
MFD10007.bin.2.167	19.71835	MQ
MFD10007.bin.2.168	30.69883	MQ
MFD10007.bin.2.175	24.04832	MQ
MFD10007.bin.2.180	50.70596	MQ
MFD10007.bin.2.182	49.8252	MQ
MFD10007.bin.2.183	15.48509	MQ
MFD10007.bin.2.186	35.71968	MQ
MFD10007.bin.2.187	26.76083	MQ
MFD10007.bin.2.188	18.05488	MQ
MFD10007.bin.2.189	46.84867	MQ
MFD10007.bin.2.19	39.71511	MQ
MFD10007.bin.2.190	20.75088	MQ
MFD10007.bin.2.196	20.47106	MQ
MFD10007.bin.2.199	21.96169	MQ
MFD10007.bin.2.20	21.92868	MQ
MFD10007.bin.2.203	17.89793	MQ
MFD10007.bin.2.204	25.54902	MQ
MFD10007.bin.2.206	59.13355	MQ
MFD10007.bin.2.207	16.5668	MQ
MFD10007.bin.2.208	27.96489	MQ
MFD10007.bin.2.212	52.89354	MQ
MFD10007.bin.2.215	30.66871	MQ
MFD10007.bin.2.27	35.96111	MQ
MFD10007.bin.2.30	16.49223	MQ
MFD10007.bin.2.31	22.26564	MQ
MFD10007.bin.2.34	22.56953	MQ
MFD10007.bin.2.35	36.01683	MQ
MFD10007.bin.2.36	18.52143	MQ
MFD10007.bin.2.4	29.42861	MQ
MFD10007.bin.2.43	32.61208	MQ
MFD10007.bin.2.46	28.67753	MQ
MFD10007.bin.2.47	26.95262	MQ
MFD10007.bin.2.52	24.36904	MQ
MFD10007.bin.2.56	26.51726	MQ
MFD10007.bin.2.58	30.03643	MQ
MFD10007.bin.2.59	46.59125	MQ
MFD10007.bin.2.66	28.03051	MQ
MFD10007.bin.2.71	38.10142	MQ
MFD10007.bin.2.82	25.97334	MQ
MFD10007.bin.2.9	26.07281	MQ
MFD10007.bin.2.94	19.84677	MQ
MFD10007.bin.2.97	18.39579	MQ
MFD10007.bin.3.11	20.05251	MQ
MFD10007.bin.3.145	29.33467	MQ
MFD10007.bin.3.214	16.00942	MQ
MFD10007.bin.3.259	22.682	MQ
MFD10007.bin.3.293	15.4991	MQ
MFD10007.bin.3.323	14.10591	MQ
MFD10007.bin.3.336	28.71661	MQ
MFD10007.bin.3.341	50.93335	MQ
MFD10007.bin.3.355	49.27799	MQ
MFD10007.bin.3.387	28.74697	MQ
MFD10007.bin.3.423	35.71208	MQ
MFD10007.bin.3.59	25.20254	MQ
MFD10007.bin.3.87	17.85241	MQ
MFD10007.bin.3.88	125.3714	MQ
MFD10007.bin.3.89	81.88467	MQ
MFD10043.bin.2.10	28.35261	MQ
MFD10043.bin.2.11	21.69898	MQ
MFD10043.bin.2.21	19.96127	MQ
MFD10043.bin.2.27	23.00338	MQ
MFD10043.bin.2.3	16.23094	MQ
MFD10043.bin.2.33	24.88042	MQ
MFD10043.bin.2.35	47.04203	MQ
MFD10043.bin.2.39	22.16961	MQ
MFD10043.bin.2.4	28.11186	MQ
MFD10043.bin.2.45	12.20314	MQ
MFD10043.bin.2.48	26.05046	MQ
MFD10043.bin.2.49	16.13082	MQ
MFD10043.bin.2.50	16.38984	MQ
MFD10043.bin.2.76	16.93331	MQ
MFD10043.bin.2.85	40.01404	MQ
MFD10043.bin.3.25	13.51182	MQ
MFD10043.bin.3.87	20.32657	MQ
MFD10043.bin.3.99	16.4301	MQ
MFD10064.bin.1.138	21.04615	MQ
MFD10064.bin.1.22	16.91149	MQ
MFD10064.bin.1.5	7.88725	MQ
MFD10064.bin.2.102	9.383476	MQ
MFD10064.bin.2.104	8.20504	MQ
MFD10064.bin.2.107	12.70264	MQ
MFD10064.bin.2.108	5.025053	MQ
MFD10064.bin.2.110	8.303502	MQ
MFD10064.bin.2.112	8.510595	MQ
MFD10064.bin.2.113	8.522796	MQ
MFD10064.bin.2.115	5.799226	MQ
MFD10064.bin.2.116	48.80526	MQ
MFD10064.bin.2.118	16.37932	MQ
MFD10064.bin.2.119	7.534314	MQ
MFD10064.bin.2.12	6.768476	MQ
MFD10064.bin.2.120	5.806165	MQ
MFD10064.bin.2.13	12.41296	MQ
MFD10064.bin.2.14	7.892618	MQ
MFD10064.bin.2.15	10.54315	MQ
MFD10064.bin.2.16	7.083562	MQ
MFD10064.bin.2.18	15.75422	MQ
MFD10064.bin.2.2	17.75098	MQ
MFD10064.bin.2.20	54.90217	MQ
MFD10064.bin.2.21	10.10241	MQ
MFD10064.bin.2.22	10.67407	MQ
MFD10064.bin.2.23	8.323009	MQ
MFD10064.bin.2.25	10.84029	MQ
MFD10064.bin.2.28	14.47947	MQ
MFD10064.bin.2.30	7.046781	MQ
MFD10064.bin.2.32	9.884952	MQ
MFD10064.bin.2.33	7.122569	MQ
MFD10064.bin.2.41	50.23822	MQ
MFD10064.bin.2.45	17.48465	MQ
MFD10064.bin.2.48	8.191399	MQ
MFD10064.bin.2.53	11.49518	MQ
MFD10064.bin.2.54	12.72472	MQ
MFD10064.bin.2.56	10.00424	MQ
MFD10064.bin.2.57	11.33105	MQ
MFD10064.bin.2.61	13.08745	MQ
MFD10064.bin.2.62	11.45067	MQ
MFD10064.bin.2.63	10.65884	MQ
MFD10064.bin.2.65	10.72712	MQ
MFD10064.bin.2.66	8.118663	MQ
MFD10064.bin.2.68	20.25258	MQ
MFD10064.bin.2.71	5.309201	MQ
MFD10064.bin.2.72	6.625779	MQ
MFD10064.bin.2.73	7.564943	MQ
MFD10064.bin.2.75	7.388819	MQ
MFD10064.bin.2.77	5.890344	MQ
MFD10064.bin.2.79	7.442487	MQ
MFD10064.bin.2.8	6.529841	MQ
MFD10064.bin.2.80	15.35429	MQ
MFD10064.bin.2.84	35.94967	MQ
MFD10064.bin.2.86	8.950564	MQ
MFD10064.bin.2.87	9.086705	MQ
MFD10064.bin.2.89	7.349565	MQ
MFD10064.bin.2.91	7.682748	MQ
MFD10064.bin.2.92	11.56912	MQ
MFD10064.bin.2.93	9.039233	MQ
MFD10064.bin.2.94	9.742567	MQ
MFD10064.bin.2.95	8.486305	MQ
MFD10064.bin.2.98	9.399785	MQ
MFD10064.bin.3.130	7.212849	MQ
MFD10064.bin.3.15	9.757206	MQ
MFD10064.bin.3.163	9.112694	MQ
MFD10064.bin.3.50	7.846442	MQ
MFD10064.bin.3.58	6.160398	MQ
MFD10064.bin.3.75	9.815618	MQ
MFD10064.bin.4.34	9.527573	MQ
MFD10064.bin.4.41	6.331421	MQ
MFD10064.bin.4.64	10.54391	MQ
MFD10071.bin.1.63	62.95642	MQ
MFD10071.bin.2.106	14.39978	MQ
MFD10071.bin.2.108	28.79496	MQ
MFD10071.bin.2.117	23.1572	MQ
MFD10071.bin.2.18	25.48993	MQ
MFD10071.bin.2.24	31.53885	MQ
MFD10071.bin.2.32	141.8373	MQ
MFD10071.bin.2.44	16.6197	MQ
MFD10071.bin.2.47	20.89962	MQ
MFD10071.bin.2.51	34.42917	MQ
MFD10071.bin.2.53	242.2237	MQ
MFD10071.bin.2.55	22.26771	MQ
MFD10071.bin.2.60	18.1422	MQ
MFD10071.bin.2.66	15.37552	MQ
MFD10071.bin.2.74	17.40754	MQ
MFD10071.bin.2.78	24.29658	MQ
MFD10071.bin.2.8	22.25755	MQ
MFD10071.bin.2.80	26.05148	MQ
MFD10071.bin.2.84	19.39476	MQ
MFD10071.bin.2.96	19.1954	MQ
MFD10071.bin.3.205	20.13737	MQ
MFD10071.bin.3.36	43.22286	MQ
MFD10071.bin.4.152	19.22935	MQ
MFD10071.bin.4.177	11.33095	MQ
MFD10071.bin.4.224	31.20208	MQ
MFD10097.bin.1.1	69.06457	MQ
MFD10097.bin.1.2	34.61266	MQ
MFD10097.bin.1.20	53.01105	MQ
MFD10097.bin.1.22	141.0433	MQ
MFD10097.bin.1.30	32.8507	MQ
MFD10097.bin.1.33	94.00481	MQ
MFD10097.bin.1.9	226.883	MQ
MFD10097.bin.2.1	82.68003	MQ
MFD10097.bin.2.10	59.63493	MQ
MFD10097.bin.2.12	47.97419	MQ
MFD10097.bin.2.13	176.3862	MQ
MFD10097.bin.2.14	103.4852	MQ
MFD10097.bin.2.15	39.62365	MQ
MFD10097.bin.2.18	36.20797	MQ
MFD10097.bin.2.19	50.05648	MQ
MFD10097.bin.2.2	98.77042	MQ
MFD10097.bin.2.21	125.9926	MQ
MFD10097.bin.2.22	128.9777	MQ
MFD10097.bin.2.25	94.17116	MQ
MFD10097.bin.2.26	99.08738	MQ
MFD10097.bin.2.4	63.16998	MQ
MFD10097.bin.2.7	128.0516	MQ
MFD10097.bin.2.8	35.20797	MQ
MFD10097.bin.2.9	45.78012	MQ
MFD10097.bin.3.10	39.04758	MQ
MFD10097.bin.3.13	66.61426	MQ
MFD10097.bin.3.18	59.21943	MQ
MFD10097.bin.3.34	156.1769	MQ
MFD10097.bin.3.44	139.569	MQ
MFD10097.bin.3.8	53.28996	MQ
MFD10097.bin.3.9	57.3501	MQ
MFD10113.bin.2.104	19.69306	MQ
MFD10113.bin.2.105	20.71056	MQ
MFD10113.bin.2.107	51.23766	MQ
MFD10113.bin.2.113	15.04067	MQ
MFD10113.bin.2.114	22.22169	MQ
MFD10113.bin.2.119	33.22404	MQ
MFD10113.bin.2.12	52.8623	MQ
MFD10113.bin.2.120	18.19423	MQ
MFD10113.bin.2.121	26.12503	MQ
MFD10113.bin.2.122	19.06377	MQ
MFD10113.bin.2.123	34.13217	MQ
MFD10113.bin.2.125	16.3763	MQ
MFD10113.bin.2.13	30.27796	MQ
MFD10113.bin.2.131	25.32011	MQ
MFD10113.bin.2.132	35.76294	MQ
MFD10113.bin.2.138	28.79523	MQ
MFD10113.bin.2.144	56.2654	MQ
MFD10113.bin.2.145	31.75747	MQ
MFD10113.bin.2.15	36.08501	MQ
MFD10113.bin.2.151	31.72422	MQ
MFD10113.bin.2.158	28.0427	MQ
MFD10113.bin.2.159	24.36016	MQ
MFD10113.bin.2.16	20.2231	MQ
MFD10113.bin.2.160	43.52023	MQ
MFD10113.bin.2.163	28.13028	MQ
MFD10113.bin.2.17	25.50284	MQ
MFD10113.bin.2.172	16.60418	MQ
MFD10113.bin.2.174	40.82803	MQ
MFD10113.bin.2.175	27.57478	MQ
MFD10113.bin.2.178	27.29631	MQ
MFD10113.bin.2.179	24.14445	MQ
MFD10113.bin.2.18	19.04468	MQ
MFD10113.bin.2.184	24.08715	MQ
MFD10113.bin.2.189	42.5945	MQ
MFD10113.bin.2.191	26.17212	MQ
MFD10113.bin.2.197	33.85942	MQ
MFD10113.bin.2.198	31.70638	MQ
MFD10113.bin.2.199	39.76107	MQ
MFD10113.bin.2.200	21.66068	MQ
MFD10113.bin.2.201	28.55013	MQ
MFD10113.bin.2.202	22.74333	MQ
MFD10113.bin.2.204	18.35345	MQ
MFD10113.bin.2.205	25.34945	MQ
MFD10113.bin.2.21	28.8488	MQ
MFD10113.bin.2.24	11.55055	MQ
MFD10113.bin.2.25	64.34061	MQ
MFD10113.bin.2.28	25.61504	MQ
MFD10113.bin.2.3	16.59794	MQ
MFD10113.bin.2.30	22.61946	MQ
MFD10113.bin.2.31	56.81729	MQ
MFD10113.bin.2.32	26.3261	MQ
MFD10113.bin.2.33	40.22736	MQ
MFD10113.bin.2.34	16.92857	MQ
MFD10113.bin.2.37	26.73669	MQ
MFD10113.bin.2.39	28.58058	MQ
MFD10113.bin.2.41	26.17758	MQ
MFD10113.bin.2.42	20.14578	MQ
MFD10113.bin.2.45	36.11435	MQ
MFD10113.bin.2.47	40.82413	MQ
MFD10113.bin.2.49	32.98124	MQ
MFD10113.bin.2.52	28.83803	MQ
MFD10113.bin.2.53	39.38069	MQ
MFD10113.bin.2.55	47.33743	MQ
MFD10113.bin.2.56	40.82664	MQ
MFD10113.bin.2.58	29.42876	MQ
MFD10113.bin.2.60	18.08721	MQ
MFD10113.bin.2.61	19.04232	MQ
MFD10113.bin.2.70	31.54145	MQ
MFD10113.bin.2.75	45.89473	MQ
MFD10113.bin.2.86	26.08552	MQ
MFD10113.bin.2.98	23.84738	MQ
MFD10113.bin.3.119	26.78089	MQ
MFD10113.bin.3.134	24.17572	MQ
MFD10113.bin.3.139	37.81976	MQ
MFD10113.bin.3.154	21.98471	MQ
MFD10113.bin.3.240	31.7485	MQ
MFD10113.bin.3.264	28.82709	MQ
MFD10113.bin.3.285	19.69883	MQ
MFD10113.bin.3.397	38.68799	MQ
MFD10113.bin.3.423	15.75728	MQ
MFD10113.bin.3.468	27.40406	MQ
MFD10113.bin.3.495	26.0258	MQ
MFD10113.bin.3.514	23.8168	MQ
MFD10113.bin.3.520	28.35635	MQ
MFD10113.bin.3.547	23.92553	MQ
MFD10113.bin.3.55	19.84563	MQ
MFD10113.bin.3.65	21.01535	MQ
MFD10113.bin.4.205	139.9491	MQ
MFD10113.bin.4.266	32.96173	MQ
MFD00008.bin.2.14	22.022106	MQ
MFD00008.bin.2.157	29.673174	MQ
MFD00008.bin.2.88	63.113827	MQ
MFD00008.bin.2.90	36.01411	MQ
MFD00008.bin.3.129	16.644976	MQ
MFD00031.bin.2.179	55.742363	MQ
MFD00031.bin.2.47	12.569727	MQ
MFD00032.bin.2.113	21.29321	MQ
MFD00032.bin.2.117	18.700958	MQ
MFD00032.bin.2.120	21.321371	MQ
MFD00032.bin.2.124	16.766258	MQ
MFD00032.bin.2.169	17.747269	MQ
MFD00032.bin.2.30	18.727564	MQ
MFD00032.bin.2.53	20.393944	MQ
MFD00032.bin.3.14	19.265308	MQ
MFD00072.bin.2.138	19.340405	MQ
MFD00392.bin.2.257	38.425167	MQ
MFD00392.bin.2.382	11.769977	MQ
MFD00709.bin.2.100	33.7959	MQ
MFD00709.bin.2.105	39.11694	MQ
MFD00709.bin.2.106	16.11363	MQ
MFD00709.bin.2.110	28.311617	MQ
MFD00709.bin.2.119	21.132044	MQ
MFD00709.bin.2.126	18.879602	MQ
MFD00709.bin.2.183	20.362726	MQ
MFD00709.bin.2.210	19.471924	MQ
MFD00709.bin.2.214	15.353077	MQ
MFD00709.bin.2.218	40.9931	MQ
MFD00709.bin.2.23	29.522676	MQ
MFD00709.bin.3.190	28.36126	MQ
MFD00709.bin.3.51	18.594643	MQ
MFD00905.bin.2.112	24.95416	MQ
MFD00905.bin.2.113	33.17158	MQ
MFD00905.bin.2.116	27.640621	MQ
MFD00905.bin.2.119	20.284178	MQ
MFD00905.bin.2.124	27.003742	MQ
MFD00905.bin.2.197	62.454807	MQ
MFD00905.bin.2.207	33.63567	MQ
MFD00905.bin.2.46	15.222968	MQ
MFD00905.bin.3.332	16.664507	MQ
MFD00905.bin.3.440	10.405471	MQ
MFD00991.bin.2.123	10.357065	MQ
MFD00991.bin.2.13	20.586079	MQ
MFD00991.bin.2.14	26.396593	MQ
MFD00991.bin.2.19	14.838404	MQ
MFD00991.bin.2.53	24.078928	MQ
MFD00991.bin.4.171	26.61235	MQ
MFD01112.bin.2.53	21.834843	MQ
MFD01112.bin.2.61	36.027874	MQ
MFD01188.bin.2.105	57.297874	MQ
MFD01188.bin.2.21	7.3240385	MQ
MFD01223.bin.2.83	7.475378	MQ
MFD01231.bin.2.71	19.756676	MQ
MFD01231.bin.3.50	12.020823	MQ
MFD01231.bin.3.58	20.640318	MQ
MFD01299.bin.2.10	27.902575	MQ
MFD01299.bin.2.100	28.934	MQ
MFD01299.bin.2.101	19.608292	MQ
MFD01299.bin.2.103	16.172283	MQ
MFD01299.bin.2.105	39.89889	MQ
MFD01299.bin.2.167	19.205204	MQ
MFD01299.bin.2.173	25.974379	MQ
MFD01299.bin.2.19	27.699898	MQ
MFD01299.bin.2.199	41.403492	MQ
MFD01299.bin.2.21	40.33472	MQ
MFD01299.bin.2.33	48.17589	MQ
MFD01299.bin.2.37	17.547318	MQ
MFD01299.bin.2.43	24.168133	MQ
MFD01299.bin.2.50	23.065493	MQ
MFD01299.bin.2.82	17.934221	MQ
MFD01299.bin.2.83	37.11254	MQ
MFD01299.bin.2.89	15.140986	MQ
MFD01299.bin.2.98	12.420433	MQ
MFD01299.bin.2.99	16.312555	MQ
MFD01299.bin.3.215	21.419655	MQ
MFD01299.bin.3.370	15.194256	MQ
MFD01299.bin.3.410	41.57956	MQ
MFD01299.bin.4.239	24.38516	MQ
MFD01476.bin.2.11	12.24406	MQ
MFD01476.bin.2.165	21.001226	MQ
MFD01476.bin.2.176	16.004076	MQ
MFD01476.bin.2.20	14.286588	MQ
MFD01476.bin.2.27	17.682991	MQ
MFD01476.bin.2.3	24.547932	MQ
MFD01476.bin.2.32	17.18364	MQ
MFD01476.bin.2.40	117.42074	MQ
MFD01476.bin.2.7	17.619312	MQ
MFD01476.bin.2.74	20.681757	MQ
MFD01476.bin.2.78	38.78252	MQ
MFD01476.bin.2.82	15.966734	MQ
MFD01476.bin.2.83	24.50174	MQ
MFD01476.bin.2.84	10.342517	MQ
MFD01476.bin.2.86	21.19503	MQ
MFD01476.bin.2.93	9.6226225	MQ
MFD01476.bin.2.96	14.990892	MQ
MFD01476.bin.3.211	18.198751	MQ
MFD01476.bin.3.39	18.50139	MQ
MFD01476.bin.4.277	26.603537	MQ
MFD01689.bin.2.62	14.4675255	MQ
MFD01689.bin.2.81	12.0407505	MQ
MFD01721.bin.2.213	29.463425	MQ
MFD01721.bin.2.48	13.43346	MQ
MFD01828.bin.2.33	39.376625	MQ
MFD01872.bin.1.202	34.381542	MQ
MFD01872.bin.2.143	28.705627	MQ
MFD01872.bin.2.149	26.468552	MQ
MFD01872.bin.2.150	19.243866	MQ
MFD01872.bin.2.152	20.976246	MQ
MFD01872.bin.2.277	32.18876	MQ
MFD01872.bin.2.58	22.462719	MQ
MFD01872.bin.2.69	15.356451	MQ
MFD01916.bin.2.26	10.011717	MQ
MFD01916.bin.2.53	37.841507	MQ
MFD01916.bin.2.60	13.810636	MQ
MFD02138.bin.1.27	10.732362	MQ
MFD02138.bin.2.10	16.271795	MQ
MFD02138.bin.2.15	8.658674	MQ
MFD02138.bin.2.5	10.001135	MQ
MFD02248.bin.2.124	14.312135	MQ
MFD02248.bin.2.56	30.066612	MQ
MFD02360.bin.2.223	30.405804	MQ
MFD02360.bin.3.762	29.626385	MQ
MFD02416.bin.1.399	100.35707	MQ
MFD02416.bin.2.146	110.95057	MQ
MFD02416.bin.2.151	17.180212	MQ
MFD02416.bin.2.21	12.655925	MQ
MFD02416.bin.2.236	122.51002	MQ
MFD02416.bin.2.245	17.50085	MQ
MFD02416.bin.2.266	44.749916	MQ
MFD02416.bin.2.52	21.311632	MQ
MFD02416.bin.3.38	121.05735	MQ
MFD02809.bin.2.11	15.93008	MQ
MFD02809.bin.2.176	30.78344	MQ
MFD02809.bin.2.177	40.08998	MQ
MFD02809.bin.2.186	17.12442	MQ
MFD02809.bin.2.187	17.23552	MQ
MFD02809.bin.2.217	15.22588	MQ
MFD02809.bin.2.58	12.53581	MQ
MFD02809.bin.2.74	27.06431	MQ
MFD02809.bin.3.50	13.71944	MQ
MFD02809.bin.4.549	41.52846	MQ
MFD02809.bin.4.709	11.34952	MQ
MFD02832.bin.2.135	31.7118	MQ
MFD02832.bin.4.205	36.98579	MQ
MFD02923.bin.1.72	23.07655	MQ
MFD02923.bin.2.77	86.20964	MQ
MFD02979.bin.2.102	77.60673	MQ
MFD02979.bin.2.20	214.2358	MQ
MFD02979.bin.2.28	18.08729	MQ
MFD02979.bin.2.96	11.13949	MQ
MFD02979.bin.2.97	25.6515	MQ
MFD02979.bin.2.99	17.12159	MQ
MFD03044.bin.2.8	14.65432	MQ
MFD03323.bin.2.126	24.57475	MQ
MFD03323.bin.2.40	18.51069	MQ
MFD03323.bin.3.269	8.624508	MQ
MFD03399.bin.2.1	29.22185	MQ
MFD03399.bin.2.114	21.3281	MQ
MFD03399.bin.2.20	48.86045	MQ
MFD03399.bin.2.22	54.9206	MQ
MFD03726.bin.1.103	70.77205	MQ
MFD03726.bin.1.104	31.47401	MQ
MFD03726.bin.1.202	16.87009	MQ
MFD03726.bin.2.128	21.26025	MQ
MFD03726.bin.2.13	149.7302	MQ
MFD03726.bin.2.137	9.576082	MQ
MFD03726.bin.2.157	49.62546	MQ
MFD03726.bin.2.16	11.8434	MQ
MFD03726.bin.2.165	27.48486	MQ
MFD03726.bin.2.171	45.8845	MQ
MFD03726.bin.2.21	15.98444	MQ
MFD03726.bin.2.37	12.04213	MQ
MFD03726.bin.2.66	12.49095	MQ
MFD03726.bin.2.69	14.37989	MQ
MFD03726.bin.2.70	16.65646	MQ
MFD03726.bin.2.72	34.17867	MQ
MFD03726.bin.2.73	26.18247	MQ
MFD03726.bin.2.74	20.03753	MQ
MFD03726.bin.2.75	13.3184	MQ
MFD03726.bin.2.76	527.5906	MQ
MFD03726.bin.2.79	36.40375	MQ
MFD03726.bin.2.83	18.53326	MQ
MFD03726.bin.2.95	18.01765	MQ
MFD03726.bin.3.148	230.8239	MQ
MFD03726.bin.3.151	33.88782	MQ
MFD03726.bin.3.157	180.7116	MQ
MFD03726.bin.3.184	14.21907	MQ
MFD03804.bin.2.25	22.09793	MQ
MFD03804.bin.2.26	12.28272	MQ
MFD03804.bin.2.28	14.04242	MQ
MFD03804.bin.2.29	12.23202	MQ
MFD03899.bin.2.167	19.75743	MQ
MFD03899.bin.2.175	17.55445	MQ
MFD03899.bin.2.188	13.24806	MQ
MFD03899.bin.2.81	27.3146	MQ
MFD03899.bin.2.83	12.78492	MQ
MFD03899.bin.2.88	71.32773	MQ
MFD03899.bin.2.91	18.20499	MQ
MFD03899.bin.3.124	21.97863	MQ
MFD04212.bin.2.239	43.38432	MQ
MFD04408.bin.1.57	23.67378	MQ
MFD04408.bin.1.92	23.52352	MQ
MFD04408.bin.1.95	24.26307	MQ
MFD04408.bin.1.98	16.47008	MQ
MFD04408.bin.2.1	19.85824	MQ
MFD04408.bin.2.141	14.55	MQ
MFD04408.bin.2.152	18.11207	MQ
MFD04408.bin.2.156	11.14253	MQ
MFD04408.bin.2.157	68.82252	MQ
MFD04408.bin.2.158	13.58074	MQ
MFD04408.bin.2.167	21.35433	MQ
MFD04408.bin.2.179	507.0614	MQ
MFD04408.bin.2.183	11.2698	MQ
MFD04408.bin.2.185	60.09284	MQ
MFD04408.bin.2.191	24.35711	MQ
MFD04408.bin.2.24	510.9964	MQ
MFD04408.bin.2.30	14.14742	MQ
MFD04408.bin.2.4	16.70282	MQ
MFD04408.bin.2.41	12.02631	MQ
MFD04408.bin.2.45	57.98387	MQ
MFD04408.bin.2.62	33.9816	MQ
MFD04408.bin.2.64	20.21792	MQ
MFD04408.bin.2.68	122.4763	MQ
MFD04408.bin.2.7	44.1128	MQ
MFD04408.bin.2.70	34.71937	MQ
MFD04408.bin.2.74	48.89799	MQ
MFD04408.bin.2.75	25.25523	MQ
MFD04408.bin.2.76	32.39458	MQ
MFD04408.bin.2.78	19.24414	MQ
MFD04408.bin.2.81	11.98348	MQ
MFD04408.bin.3.313	31.73784	MQ
MFD04408.bin.4.231	23.00764	MQ
MFD04428.bin.2.124	23.85376	MQ
MFD04492.bin.2.126	32.51886	MQ
MFD04492.bin.2.141	16.79603	MQ
MFD04492.bin.2.160	169.2922	MQ
MFD04492.bin.2.19	16.23133	MQ
MFD04492.bin.2.23	12.10926	MQ
MFD04492.bin.2.24	21.345	MQ
MFD04492.bin.2.30	22.37223	MQ
MFD04492.bin.2.48	198.9242	MQ
MFD04492.bin.2.72	27.87596	MQ
MFD04492.bin.2.77	21.28955	MQ
MFD04492.bin.4.157	33.88825	MQ
MFD04492.bin.4.65	18.3492	MQ
MFD04716.bin.2.147	47.37026	MQ
MFD04716.bin.2.156	36.69237	MQ
MFD04716.bin.2.158	28.38382	MQ
MFD04716.bin.2.164	24.21754	MQ
MFD04716.bin.2.169	24.10775	MQ
MFD04716.bin.2.227	32.90892	MQ
MFD04716.bin.2.283	17.88931	MQ
MFD04716.bin.2.55	40.38488	MQ
MFD04716.bin.3.303	59.86718	MQ
MFD04716.bin.3.572	77.06527	MQ
MFD04752.bin.1.72	43.46431	MQ
MFD04752.bin.2.124	13.24052	MQ
MFD04780.bin.2.14	12.43754	MQ
MFD04780.bin.2.174	7.55551	MQ
MFD04780.bin.2.2	25.6436	MQ
MFD04780.bin.2.43	79.58288	MQ
MFD04780.bin.2.92	16.24118	MQ
MFD04780.bin.2.98	5.042309	MQ
MFD04850.bin.2.231	72.22727	MQ
MFD04926.bin.2.4	21.60055	MQ
MFD04935.bin.2.64	31.03825	MQ
MFD05088.bin.2.12	13.22156	MQ
MFD05176.bin.2.146	26.48511	MQ
MFD05176.bin.3.288	233.3833	MQ
MFD05377.bin.2.136	22.89134	MQ
MFD05377.bin.2.16	18.43573	MQ
MFD05377.bin.2.168	24.84884	MQ
MFD05377.bin.2.74	15.30668	MQ
MFD05502.bin.2.123	26.14315	MQ
MFD05512.bin.2.17	22.85624	MQ
MFD05512.bin.2.3	23.73324	MQ
MFD05512.bin.2.38	43.70731	MQ
MFD05512.bin.2.41	19.21657	MQ
MFD05512.bin.2.90	21.26097	MQ
MFD05580.bin.1.37	21.51031	MQ
MFD05580.bin.2.18	117.3778	MQ
MFD05674.bin.2.10	13.81942	MQ
MFD05674.bin.2.11	13.11883	MQ
MFD05674.bin.2.15	16.89212	MQ
MFD05674.bin.2.158	12.3094	MQ
MFD05674.bin.2.161	23.98778	MQ
MFD05674.bin.2.193	23.08058	MQ
MFD05674.bin.2.42	32.93108	MQ
MFD05674.bin.2.44	19.4497	MQ
MFD05674.bin.2.77	41.99902	MQ
MFD05674.bin.2.79	34.87519	MQ
MFD05674.bin.2.86	23.2995	MQ
MFD05684.bin.2.278	12.79578	MQ
MFD05942.bin.1.294	35.12898	MQ
MFD05942.bin.1.303	32.46533	MQ
MFD05942.bin.2.186	25.97154	MQ
MFD05942.bin.2.190	19.61052	MQ
MFD05942.bin.2.191	27.12014	MQ
MFD05942.bin.2.192	15.47757	MQ
MFD05942.bin.2.194	13.21158	MQ
MFD05942.bin.2.195	19.06283	MQ
MFD05942.bin.2.196	19.28325	MQ
MFD05942.bin.2.200	26.07936	MQ
MFD05942.bin.2.205	18.27818	MQ
MFD05942.bin.2.208	18.60577	MQ
MFD05942.bin.2.268	15.33104	MQ
MFD05942.bin.2.335	27.37762	MQ
MFD05942.bin.2.357	19.24158	MQ
MFD05942.bin.2.360	13.98476	MQ
MFD05942.bin.2.57	20.82401	MQ
MFD05942.bin.3.28	20.11823	MQ
MFD05942.bin.3.281	20.7671	MQ
MFD06085.bin.2.65	32.3186	MQ
MFD06435.bin.2.17	21.68624	MQ
MFD06435.bin.2.182	24.27651	MQ
MFD06435.bin.2.96	15.17512	MQ
MFD06435.bin.4.368	16.42318	MQ
MFD07386.bin.2.15	12.74215	MQ
MFD07691.bin.2.1	11.09856	MQ
MFD08203.bin.3.40	5.338737	MQ
MFD08416.bin.2.20	15.45239	MQ
MFD08497.bin.2.116	25.06459	MQ
MFD08497.bin.2.47	36.25548	MQ
MFD08497.bin.2.50	17.16276	MQ
MFD08497.bin.2.97	79.15125	MQ
MFD08669.bin.2.10	7.847759	MQ
MFD08669.bin.2.99	20.89761	MQ
MFD08691.bin.2.6	8.445719	MQ
MFD08700.bin.2.2	5.829886	MQ
MFD08700.bin.2.37	6.447527	MQ
MFD09055.bin.2.18	20.93988	MQ
MFD09126.bin.2.22	25.98418	MQ
MFD09126.bin.2.23	12.58945	MQ
MFD09206.bin.2.90	70.80508	MQ
MFD09222.bin.2.129	13.58753	MQ
MFD09222.bin.2.134	16.9828	MQ
MFD09222.bin.2.15	31.23445	MQ
MFD09222.bin.2.157	69.01765	MQ
MFD09222.bin.2.158	63.20572	MQ
MFD09222.bin.2.161	12.06644	MQ
MFD09222.bin.2.162	94.0547	MQ
MFD09222.bin.2.165	14.6546	MQ
MFD09222.bin.2.168	37.66551	MQ
MFD09222.bin.2.172	13.8537	MQ
MFD09222.bin.2.173	100.1314	MQ
MFD09222.bin.2.175	19.97769	MQ
MFD09222.bin.2.20	26.45722	MQ
MFD09222.bin.2.31	16.73931	MQ
MFD09222.bin.2.58	115.5875	MQ
MFD09222.bin.2.62	25.67795	MQ
MFD09222.bin.2.65	12.49536	MQ
MFD09222.bin.2.66	13.09006	MQ
MFD09222.bin.2.67	46.97405	MQ
MFD09222.bin.2.69	32.61936	MQ
MFD09222.bin.2.70	17.1565	MQ
MFD09267.bin.2.280	150.6778	MQ
MFD09267.bin.2.29	15.58692	MQ
MFD09267.bin.2.320	42.23109	MQ
MFD09267.bin.3.622	206.0146	MQ
MFD09286.bin.2.135	23.09252	MQ
MFD09286.bin.2.140	32.74798	MQ
MFD09286.bin.2.142	12.25471	MQ
MFD09286.bin.2.178	16.71415	MQ
MFD09495.bin.2.8	35.62305	MQ
MFD09567.bin.2.29	20.84168	MQ
MFD09779.bin.1.203	22.06666	MQ
MFD09779.bin.2.125	22.15564	MQ
MFD09779.bin.2.126	19.10051	MQ
MFD09779.bin.2.127	12.97041	MQ
MFD09779.bin.2.44	18.948	MQ
MFD09848.bin.2.39	37.69607	MQ
MFD09964.bin.2.143	12.62425	MQ
MFD10007.bin.2.103	31.01858	MQ
MFD10007.bin.2.108	45.17227	MQ
MFD00008.bin.1.10	36.512287	HQ
MFD00008.bin.1.116	20.58971	HQ
MFD00008.bin.1.117	278.90207	HQ
MFD00008.bin.1.121	50.410248	HQ
MFD00008.bin.1.123	27.641184	HQ
MFD00008.bin.1.128	83.09954	HQ
MFD00008.bin.1.129	34.79659	HQ
MFD00008.bin.1.132	34.235054	HQ
MFD00008.bin.1.139	28.418285	HQ
MFD00008.bin.1.15	31.919521	HQ
MFD00008.bin.1.150	49.54159	HQ
MFD00008.bin.1.161	45.824596	HQ
MFD00008.bin.1.168	52.0526	HQ
MFD00008.bin.1.197	52.2293	HQ
MFD00008.bin.1.21	52.1084	HQ
MFD00008.bin.1.221	58.251408	HQ
MFD00008.bin.1.228	22.69954	HQ
MFD00008.bin.1.30	35.187263	HQ
MFD00008.bin.1.45	53.907146	HQ
MFD00008.bin.1.47	13.793891	HQ
MFD00008.bin.1.5	32.69344	HQ
MFD00008.bin.1.51	16.149357	HQ
MFD00008.bin.1.63	23.608507	HQ
MFD00008.bin.1.84	112.47518	HQ
MFD00008.bin.1.87	48.78089	HQ
MFD00008.bin.1.9	44.208485	HQ
MFD00008.bin.2.10	34.517986	HQ
MFD00008.bin.2.100	36.49084	HQ
MFD00008.bin.2.180	27.547125	HQ
MFD00008.bin.2.87	56.732693	HQ
MFD00008.bin.3.241	21.932066	HQ
MFD00031.bin.1.1	48.460934	HQ
MFD00031.bin.1.107	39.400066	HQ
MFD00031.bin.1.108	21.976786	HQ
MFD00031.bin.1.111	42.615032	HQ
MFD00031.bin.1.117	94.75735	HQ
MFD00031.bin.1.165	32.134407	HQ
MFD00031.bin.1.167	23.462362	HQ
MFD00031.bin.1.169	35.899296	HQ
MFD00031.bin.1.177	27.778563	HQ
MFD00031.bin.1.178	48.199207	HQ
MFD00031.bin.1.180	22.316048	HQ
MFD00031.bin.1.196	157.81773	HQ
MFD00031.bin.1.201	17.038805	HQ
MFD00031.bin.1.208	32.56416	HQ
MFD00031.bin.1.29	41.368946	HQ
MFD00031.bin.1.47	25.33685	HQ
MFD00031.bin.1.56	63.893463	HQ
MFD00031.bin.1.58	33.29027	HQ
MFD00031.bin.1.66	38.406265	HQ
MFD00031.bin.1.8	29.884676	HQ
MFD00031.bin.1.92	44.946648	HQ
MFD00031.bin.2.81	25.060318	HQ
MFD00032.bin.1.110	31.09652	HQ
MFD00032.bin.1.124	281.88815	HQ
MFD00032.bin.1.138	25.678349	HQ
MFD00032.bin.1.140	33.70306	HQ
MFD00032.bin.1.149	47.585888	HQ
MFD00032.bin.1.150	21.806316	HQ
MFD00032.bin.1.156	27.766665	HQ
MFD00032.bin.1.157	88.71372	HQ
MFD00032.bin.1.166	15.295979	HQ
MFD00032.bin.1.190	27.692602	HQ
MFD00032.bin.1.201	25.613384	HQ
MFD00032.bin.1.211	31.186777	HQ
MFD00032.bin.1.221	45.14242	HQ
MFD00032.bin.1.232	26.850239	HQ
MFD00032.bin.1.235	34.239998	HQ
MFD00032.bin.1.256	215.41873	HQ
MFD00032.bin.1.257	53.438393	HQ
MFD00032.bin.1.264	15.627103	HQ
MFD00032.bin.1.267	20.963678	HQ
MFD00032.bin.1.44	22.469772	HQ
MFD00032.bin.1.47	22.101389	HQ
MFD00032.bin.1.60	49.328728	HQ
MFD00032.bin.1.63	13.087147	HQ
MFD00032.bin.1.65	27.315468	HQ
MFD00032.bin.1.71	25.377083	HQ
MFD00032.bin.1.77	15.905932	HQ
MFD00032.bin.1.80	103.99459	HQ
MFD00032.bin.1.90	24.314789	HQ
MFD00032.bin.2.184	31.94143	HQ
MFD00032.bin.2.79	93.35149	HQ
MFD00032.bin.2.89	33.403843	HQ
MFD00032.bin.3.528	27.969587	HQ
MFD00072.bin.1.109	23.65432	HQ
MFD00072.bin.1.11	22.46002	HQ
MFD00072.bin.1.52	36.93652	HQ
MFD00082.bin.1.10	16.433638	HQ
MFD00082.bin.1.12	85.717316	HQ
MFD00082.bin.1.126	31.014742	HQ
MFD00082.bin.1.127	56.533493	HQ
MFD00082.bin.1.133	18.910376	HQ
MFD00082.bin.1.138	36.282726	HQ
MFD00082.bin.1.143	106.41473	HQ
MFD00082.bin.1.144	32.24602	HQ
MFD00082.bin.1.148	39.72658	HQ
MFD00082.bin.1.149	20.552727	HQ
MFD00082.bin.1.153	198.60416	HQ
MFD00082.bin.1.156	54.546574	HQ
MFD00082.bin.1.161	42.013622	HQ
MFD00082.bin.1.163	43.418068	HQ
MFD00082.bin.1.166	59.76996	HQ
MFD00082.bin.1.17	47.47466	HQ
MFD00082.bin.1.18	19.598936	HQ
MFD00082.bin.1.2	27.551405	HQ
MFD00082.bin.1.20	19.913189	HQ
MFD00082.bin.1.22	34.69685	HQ
MFD00082.bin.1.23	20.79582	HQ
MFD00082.bin.1.24	30.787153	HQ
MFD00082.bin.1.38	33.456882	HQ
MFD00082.bin.1.40	35.942314	HQ
MFD00082.bin.1.80	32.5915	HQ
MFD00082.bin.1.82	28.189192	HQ
MFD00082.bin.1.92	31.22173	HQ
MFD00082.bin.2.118	38.032932	HQ
MFD00082.bin.3.91	15.758154	HQ
MFD00125.bin.1.38	50.420723	HQ
MFD00125.bin.1.39	27.054756	HQ
MFD00125.bin.1.5	22.441145	HQ
MFD00125.bin.1.99	372.46756	HQ
MFD00125.bin.2.11	29.871529	HQ
MFD00125.bin.2.26	37.21051	HQ
MFD00392.bin.1.1	29.540257	HQ
MFD00392.bin.1.14	27.296831	HQ
MFD00392.bin.1.141	28.004517	HQ
MFD00392.bin.1.17	34.025578	HQ
MFD00392.bin.1.247	39.989143	HQ
MFD00392.bin.1.285	25.361443	HQ
MFD00392.bin.1.297	23.364166	HQ
MFD00392.bin.1.3	32.880093	HQ
MFD00392.bin.1.301	17.897852	HQ
MFD00392.bin.1.305	29.202438	HQ
MFD00392.bin.1.317	58.442913	HQ
MFD00392.bin.1.331	78.46448	HQ
MFD00392.bin.1.337	38.22401	HQ
MFD00392.bin.1.345	25.980614	HQ
MFD00392.bin.1.354	27.21925	HQ
MFD00392.bin.1.367	117.89459	HQ
MFD00392.bin.1.375	18.985666	HQ
MFD00392.bin.1.411	17.59196	HQ
MFD00392.bin.1.415	32.52317	HQ
MFD00392.bin.1.422	22.777224	HQ
MFD00392.bin.1.427	66.2067	HQ
MFD00392.bin.1.69	31.037548	HQ
MFD00392.bin.1.82	23.076382	HQ
MFD00392.bin.1.91	21.784697	HQ
MFD00392.bin.2.172	59.557476	HQ
MFD00392.bin.2.54	42.376247	HQ
MFD00392.bin.2.84	94.63282	HQ
MFD00392.bin.3.201	91.36435	HQ
MFD00392.bin.3.577	30.449484	HQ
MFD00709.bin.1.19	19.740547	HQ
MFD00709.bin.1.205	15.458992	HQ
MFD00709.bin.1.229	20.14402	HQ
MFD00709.bin.1.50	21.934502	HQ
MFD00709.bin.1.57	36.0027	HQ
MFD00709.bin.1.68	28.877918	HQ
MFD00709.bin.2.76	26.543217	HQ
MFD00731.bin.1.11	33.38424	HQ
MFD00731.bin.1.113	34.506367	HQ
MFD00731.bin.1.138	108.474556	HQ
MFD00731.bin.1.142	25.713547	HQ
MFD00731.bin.1.159	23.92216	HQ
MFD00731.bin.1.162	40.17876	HQ
MFD00731.bin.1.164	31.743225	HQ
MFD00731.bin.1.165	24.681622	HQ
MFD00731.bin.1.166	47.13405	HQ
MFD00731.bin.1.167	38.741993	HQ
MFD00731.bin.1.188	352.4988	HQ
MFD00731.bin.1.195	17.723297	HQ
MFD00731.bin.1.198	31.190203	HQ
MFD00731.bin.1.199	58.049374	HQ
MFD00731.bin.1.2	33.439713	HQ
MFD00731.bin.1.201	377.12888	HQ
MFD00731.bin.1.202	147.6858	HQ
MFD00731.bin.1.206	12.712962	HQ
MFD00731.bin.1.211	28.106016	HQ
MFD00731.bin.1.212	74.7999	HQ
MFD00731.bin.1.214	15.615988	HQ
MFD00731.bin.1.217	12.277615	HQ
MFD00731.bin.1.218	79.635185	HQ
MFD00731.bin.1.220	26.34074	HQ
MFD00731.bin.1.223	43.926716	HQ
MFD00731.bin.1.225	22.125416	HQ
MFD00731.bin.1.228	262.98145	HQ
MFD00731.bin.1.235	41.823986	HQ
MFD00731.bin.1.245	25.1794	HQ
MFD00731.bin.1.248	32.52597	HQ
MFD00731.bin.1.258	14.514609	HQ
MFD00731.bin.1.270	28.15719	HQ
MFD00731.bin.1.272	21.266417	HQ
MFD00731.bin.1.279	38.69736	HQ
MFD00731.bin.1.28	56.6547	HQ
MFD00731.bin.1.32	49.39672	HQ
MFD00731.bin.1.33	40.619724	HQ
MFD00731.bin.1.5	17.097582	HQ
MFD00731.bin.1.64	43.191685	HQ
MFD00731.bin.1.74	95.095375	HQ
MFD00731.bin.2.106	16.402311	HQ
MFD00731.bin.2.122	102.044815	HQ
MFD00731.bin.2.189	26.576694	HQ
MFD00731.bin.2.52	45.355408	HQ
MFD00731.bin.2.71	70.18828	HQ
MFD00731.bin.3.104	42.77721	HQ
MFD00731.bin.3.147	368.91446	HQ
MFD00731.bin.3.26	23.281126	HQ
MFD00731.bin.3.48	23.262384	HQ
MFD00731.bin.3.65	73.51359	HQ
MFD00731.bin.3.67	21.678318	HQ
MFD00822.bin.1.1	36.25107	HQ
MFD00822.bin.1.10	40.516003	HQ
MFD00822.bin.1.116	21.462027	HQ
MFD00822.bin.1.131	39.658875	HQ
MFD00822.bin.1.141	43.016624	HQ
MFD00822.bin.1.145	80.06925	HQ
MFD00822.bin.1.151	23.723461	HQ
MFD00822.bin.1.152	39.432903	HQ
MFD00822.bin.1.156	20.9948	HQ
MFD00822.bin.1.167	29.084349	HQ
MFD00822.bin.1.182	25.672909	HQ
MFD00822.bin.1.183	26.564651	HQ
MFD00822.bin.1.185	46.11364	HQ
MFD00822.bin.1.197	53.59562	HQ
MFD00822.bin.1.199	17.728447	HQ
MFD00822.bin.1.206	36.090187	HQ
MFD00822.bin.1.211	33.904976	HQ
MFD00822.bin.1.215	38.25037	HQ
MFD00822.bin.1.216	25.286951	HQ
MFD00822.bin.1.227	61.226284	HQ
MFD00822.bin.1.230	36.732494	HQ
MFD00822.bin.1.231	138.57384	HQ
MFD00822.bin.1.232	40.953762	HQ
MFD00822.bin.1.237	26.671492	HQ
MFD00822.bin.1.245	18.153748	HQ
MFD00822.bin.1.250	27.157808	HQ
MFD00822.bin.1.253	54.907127	HQ
MFD00822.bin.1.254	95.52196	HQ
MFD00822.bin.1.257	25.634846	HQ
MFD00822.bin.1.29	38.60811	HQ
MFD00822.bin.1.39	24.48744	HQ
MFD00822.bin.1.4	26.736973	HQ
MFD00822.bin.1.42	110.52828	HQ
MFD00822.bin.1.61	23.704206	HQ
MFD00822.bin.1.63	66.03636	HQ
MFD00822.bin.1.66	37.818672	HQ
MFD00822.bin.1.72	21.81226	HQ
MFD00822.bin.1.74	17.569988	HQ
MFD00822.bin.1.75	18.311638	HQ
MFD00822.bin.1.76	25.842327	HQ
MFD00822.bin.1.79	29.834229	HQ
MFD00822.bin.1.85	25.500336	HQ
MFD00822.bin.1.89	24.698284	HQ
MFD00822.bin.1.91	28.398914	HQ
MFD00822.bin.2.133	97.637695	HQ
MFD00822.bin.2.80	15.550897	HQ
MFD00822.bin.2.98	44.62231	HQ
MFD00822.bin.3.161	35.627052	HQ
MFD00905.bin.1.120	18.192532	HQ
MFD00905.bin.1.128	18.543781	HQ
MFD00905.bin.1.144	20.333357	HQ
MFD00905.bin.1.160	20.29153	HQ
MFD00905.bin.1.196	32.49291	HQ
MFD00905.bin.1.20	22.15424	HQ
MFD00905.bin.1.203	20.993422	HQ
MFD00905.bin.1.230	15.599435	HQ
MFD00905.bin.1.232	57.1911	HQ
MFD00905.bin.1.253	19.839035	HQ
MFD00905.bin.1.257	27.563467	HQ
MFD00905.bin.1.260	59.334236	HQ
MFD00905.bin.1.267	88.03302	HQ
MFD00905.bin.1.35	18.928537	HQ
MFD00905.bin.1.36	56.307816	HQ
MFD00905.bin.1.42	21.73306	HQ
MFD00905.bin.1.44	22.170258	HQ
MFD00905.bin.1.53	26.72279	HQ
MFD00905.bin.1.54	26.418304	HQ
MFD00905.bin.1.6	29.993624	HQ
MFD00905.bin.1.61	55.153316	HQ
MFD00905.bin.1.63	18.058754	HQ
MFD00905.bin.1.69	36.995365	HQ
MFD00905.bin.1.72	91.15487	HQ
MFD00905.bin.1.76	75.37046	HQ
MFD00905.bin.1.81	53.652744	HQ
MFD00905.bin.1.96	21.863035	HQ
MFD00905.bin.2.117	84.75688	HQ
MFD00905.bin.2.211	93.58343	HQ
MFD00905.bin.2.66	48.744682	HQ
MFD00905.bin.3.301	32.483833	HQ
MFD00962.bin.1.10	18.60927	HQ
MFD00962.bin.1.108	32.753742	HQ
MFD00962.bin.1.127	54.92192	HQ
MFD00962.bin.1.147	30.043537	HQ
MFD00962.bin.1.162	41.83326	HQ
MFD00962.bin.1.19	37.270046	HQ
MFD00962.bin.1.200	43.963245	HQ
MFD00962.bin.1.206	21.282421	HQ
MFD00962.bin.1.253	22.264273	HQ
MFD00962.bin.1.284	16.020582	HQ
MFD00962.bin.1.289	23.305967	HQ
MFD00962.bin.1.295	20.32489	HQ
MFD00962.bin.1.31	29.812561	HQ
MFD00962.bin.1.317	78.15258	HQ
MFD00962.bin.1.324	16.860924	HQ
MFD00962.bin.1.329	26.752096	HQ
MFD00962.bin.1.43	30.427732	HQ
MFD00962.bin.1.54	34.584824	HQ
MFD00962.bin.1.65	123.79887	HQ
MFD00962.bin.1.69	65.36154	HQ
MFD00962.bin.1.7	23.915974	HQ
MFD00962.bin.1.9	38.064278	HQ
MFD00962.bin.1.94	58.211308	HQ
MFD00962.bin.2.1	25.376356	HQ
MFD00962.bin.2.139	47.79973	HQ
MFD00962.bin.2.146	16.202208	HQ
MFD00962.bin.2.180	25.495155	HQ
MFD00962.bin.2.24	29.63773	HQ
MFD00962.bin.2.37	19.796051	HQ
MFD00962.bin.2.52	24.857378	HQ
MFD00962.bin.2.81	67.47474	HQ
MFD00964.bin.1.103	31.600016	HQ
MFD00964.bin.1.13	28.344511	HQ
MFD00964.bin.1.131	71.60361	HQ
MFD00964.bin.1.138	21.826294	HQ
MFD00964.bin.1.159	28.932297	HQ
MFD00964.bin.1.16	31.898088	HQ
MFD00964.bin.1.163	16.94011	HQ
MFD00964.bin.1.185	21.856627	HQ
MFD00964.bin.1.196	20.92627	HQ
MFD00964.bin.1.198	67.59121	HQ
MFD00964.bin.1.217	17.665459	HQ
MFD00964.bin.1.235	18.708836	HQ
MFD00964.bin.1.243	132.51907	HQ
MFD00964.bin.1.245	69.19983	HQ
MFD00964.bin.1.252	44.711376	HQ
MFD00964.bin.1.254	24.20364	HQ
MFD00964.bin.1.257	21.480398	HQ
MFD00964.bin.1.268	15.135843	HQ
MFD00964.bin.1.271	18.744465	HQ
MFD00964.bin.1.274	16.06601	HQ
MFD00964.bin.1.275	45.014038	HQ
MFD00964.bin.1.287	36.654636	HQ
MFD00964.bin.1.294	29.540726	HQ
MFD00964.bin.1.303	16.732996	HQ
MFD00964.bin.1.307	40.23531	HQ
MFD00964.bin.1.317	46.086422	HQ
MFD00964.bin.1.323	27.291004	HQ
MFD00964.bin.1.43	19.54242	HQ
MFD00964.bin.1.44	39.180534	HQ
MFD00964.bin.1.50	19.62254	HQ
MFD00964.bin.1.57	138.12578	HQ
MFD00964.bin.1.67	29.483013	HQ
MFD00964.bin.1.68	15.353667	HQ
MFD00964.bin.1.7	18.874819	HQ
MFD00964.bin.1.74	22.827482	HQ
MFD00964.bin.2.116	25.719358	HQ
MFD00964.bin.2.215	24.927979	HQ
MFD00964.bin.2.52	27.95322	HQ
MFD00964.bin.2.61	47.035763	HQ
MFD00991.bin.1.132	27.871689	HQ
MFD00991.bin.1.137	18.225943	HQ
MFD00991.bin.1.150	60.544792	HQ
MFD00991.bin.1.2	31.137714	HQ
MFD00991.bin.1.29	33.999374	HQ
MFD00991.bin.1.80	70.92428	HQ
MFD00991.bin.1.91	39.981934	HQ
MFD00991.bin.2.63	19.790619	HQ
MFD01112.bin.1.17	114.40521	HQ
MFD01112.bin.1.26	46.28786	HQ
MFD01112.bin.1.38	126.63013	HQ
MFD01112.bin.1.68	87.20381	HQ
MFD01112.bin.1.69	157.06485	HQ
MFD01138.bin.1.135	49.037342	HQ
MFD01138.bin.1.144	41.538773	HQ
MFD01138.bin.1.15	21.9551	HQ
MFD01138.bin.1.150	21.106945	HQ
MFD01138.bin.1.16	25.419844	HQ
MFD01138.bin.1.18	28.62392	HQ
MFD01138.bin.1.24	29.30858	HQ
MFD01138.bin.1.30	147.1833	HQ
MFD01138.bin.1.34	37.600792	HQ
MFD01138.bin.1.37	28.581366	HQ
MFD01138.bin.1.4	23.260708	HQ
MFD01138.bin.1.47	58.580185	HQ
MFD01138.bin.1.5	34.441948	HQ
MFD01138.bin.1.51	59.694687	HQ
MFD01138.bin.1.8	70.10221	HQ
MFD01138.bin.1.83	45.785164	HQ
MFD01138.bin.1.84	23.665916	HQ
MFD01138.bin.1.9	12.939641	HQ
MFD01138.bin.1.98	27.05007	HQ
MFD01138.bin.3.178	20.810665	HQ
MFD01138.bin.3.205	17.458885	HQ
MFD01188.bin.1.141	72.861305	HQ
MFD01188.bin.1.19	22.788557	HQ
MFD01188.bin.1.39	58.47912	HQ
MFD01188.bin.1.43	47.95945	HQ
MFD01188.bin.1.44	21.772404	HQ
MFD01188.bin.1.46	41.843037	HQ
MFD01188.bin.1.50	111.318405	HQ
MFD01188.bin.1.51	40.358284	HQ
MFD01188.bin.1.69	20.513733	HQ
MFD01188.bin.1.7	29.39683	HQ
MFD01188.bin.2.63	11.293791	HQ
MFD01213.bin.1.109	37.189888	HQ
MFD01213.bin.1.111	17.870201	HQ
MFD01213.bin.1.132	44.13192	HQ
MFD01213.bin.1.136	32.383347	HQ
MFD01213.bin.1.143	22.12877	HQ
MFD01213.bin.1.162	21.698143	HQ
MFD01213.bin.1.169	34.774708	HQ
MFD01213.bin.1.173	15.234119	HQ
MFD01213.bin.1.175	19.791552	HQ
MFD01213.bin.1.178	26.039669	HQ
MFD01213.bin.1.187	55.253315	HQ
MFD01213.bin.1.189	70.63372	HQ
MFD01213.bin.1.190	52.901978	HQ
MFD01213.bin.1.21	35.26036	HQ
MFD01213.bin.1.210	17.946747	HQ
MFD01213.bin.1.215	44.896423	HQ
MFD01213.bin.1.234	28.75175	HQ
MFD01213.bin.1.238	23.155529	HQ
MFD01213.bin.1.239	22.039272	HQ
MFD01213.bin.1.241	59.27962	HQ
MFD01213.bin.1.36	38.35873	HQ
MFD01213.bin.1.41	17.535591	HQ
MFD01213.bin.1.42	33.772793	HQ
MFD01213.bin.1.46	15.551471	HQ
MFD01213.bin.1.50	32.1813	HQ
MFD01213.bin.1.53	40.941605	HQ
MFD01213.bin.1.65	108.03618	HQ
MFD01213.bin.1.88	28.796432	HQ
MFD01213.bin.1.9	22.858845	HQ
MFD01213.bin.1.93	22.97108	HQ
MFD01213.bin.2.184	19.87527	HQ
MFD01213.bin.3.418	46.19851	HQ
MFD01223.bin.1.112	36.25011	HQ
MFD01223.bin.1.113	48.189106	HQ
MFD01223.bin.1.12	7.4157763	HQ
MFD01223.bin.1.133	84.82369	HQ
MFD01223.bin.1.14	38.849022	HQ
MFD01223.bin.1.23	262.0467	HQ
MFD01223.bin.1.26	8.930374	HQ
MFD01223.bin.1.30	55.72335	HQ
MFD01223.bin.1.34	12.365909	HQ
MFD01223.bin.1.4	36.140984	HQ
MFD01223.bin.1.54	841.2449	HQ
MFD01223.bin.1.57	9.666013	HQ
MFD01223.bin.1.59	75.80565	HQ
MFD01223.bin.1.73	24.845438	HQ
MFD01223.bin.1.8	47.88917	HQ
MFD01223.bin.1.83	29.461931	HQ
MFD01223.bin.1.97	14.064534	HQ
MFD01223.bin.2.34	24.515047	HQ
MFD01223.bin.2.73	34.409	HQ
MFD01231.bin.1.10	33.26661	HQ
MFD01231.bin.1.102	23.947823	HQ
MFD01231.bin.1.11	31.515303	HQ
MFD01231.bin.1.14	17.679094	HQ
MFD01231.bin.1.21	50.667725	HQ
MFD01231.bin.1.29	65.74033	HQ
MFD01231.bin.1.32	510.46622	HQ
MFD01231.bin.1.33	29.28821	HQ
MFD01231.bin.1.34	52.63803	HQ
MFD01231.bin.1.36	177.03044	HQ
MFD01231.bin.1.4	249.37943	HQ
MFD01231.bin.1.41	45.07577	HQ
MFD01231.bin.1.45	153.50371	HQ
MFD01231.bin.1.48	36.58774	HQ
MFD01231.bin.1.54	533.5428	HQ
MFD01231.bin.1.59	155.7407	HQ
MFD01231.bin.1.77	161.95752	HQ
MFD01231.bin.1.87	32.009293	HQ
MFD01231.bin.1.95	81.85379	HQ
MFD01231.bin.1.98	190.58717	HQ
MFD01231.bin.1.99	31.425972	HQ
MFD01248.bin.1.104	97.10216	HQ
MFD01248.bin.1.11	45.949608	HQ
MFD01248.bin.1.15	138.8598	HQ
MFD01248.bin.1.16	106.85226	HQ
MFD01248.bin.1.17	49.483814	HQ
MFD01248.bin.1.21	30.18287	HQ
MFD01248.bin.1.23	17.711433	HQ
MFD01248.bin.1.25	61.45714	HQ
MFD01248.bin.1.34	44.49229	HQ
MFD01248.bin.1.36	35.19812	HQ
MFD01248.bin.1.4	62.396606	HQ
MFD01248.bin.1.41	17.279427	HQ
MFD01248.bin.1.5	23.60781	HQ
MFD01248.bin.1.68	20.586563	HQ
MFD01248.bin.1.77	19.181435	HQ
MFD01248.bin.1.83	17.470694	HQ
MFD01248.bin.1.85	26.420223	HQ
MFD01248.bin.1.88	37.00113	HQ
MFD01248.bin.1.9	200.44864	HQ
MFD01248.bin.1.94	45.41556	HQ
MFD01275.bin.1.1	14.765977	HQ
MFD01275.bin.1.11	13.173867	HQ
MFD01275.bin.1.111	19.49304	HQ
MFD01275.bin.1.121	24.707533	HQ
MFD01275.bin.1.124	19.7393	HQ
MFD01275.bin.1.13	26.02482	HQ
MFD01275.bin.1.139	278.10037	HQ
MFD01275.bin.1.162	27.382544	HQ
MFD01275.bin.1.17	17.09718	HQ
MFD01275.bin.1.171	52.968628	HQ
MFD01275.bin.1.173	36.184193	HQ
MFD01275.bin.1.178	20.900774	HQ
MFD01275.bin.1.180	12.854023	HQ
MFD01275.bin.1.183	18.276104	HQ
MFD01275.bin.1.187	25.96216	HQ
MFD01275.bin.1.188	20.952631	HQ
MFD01275.bin.1.189	34.2769	HQ
MFD01275.bin.1.196	42.614872	HQ
MFD01275.bin.1.198	22.81235	HQ
MFD01275.bin.1.204	66.73432	HQ
MFD01275.bin.1.206	19.774189	HQ
MFD01275.bin.1.213	28.579159	HQ
MFD01275.bin.1.224	13.510614	HQ
MFD01275.bin.1.228	31.578289	HQ
MFD01275.bin.1.240	28.304466	HQ
MFD01275.bin.1.242	20.386724	HQ
MFD01275.bin.1.243	28.45931	HQ
MFD01275.bin.1.247	17.561726	HQ
MFD01275.bin.1.248	21.586975	HQ
MFD01275.bin.1.25	47.964386	HQ
MFD01275.bin.1.251	78.807945	HQ
MFD01275.bin.1.254	26.524141	HQ
MFD01275.bin.1.257	205.69669	HQ
MFD01275.bin.1.258	44.24347	HQ
MFD01275.bin.1.259	37.28398	HQ
MFD01275.bin.1.26	23.011148	HQ
MFD01275.bin.1.263	57.018944	HQ
MFD01275.bin.1.267	57.237038	HQ
MFD01275.bin.1.271	48.400707	HQ
MFD01275.bin.1.272	21.763378	HQ
MFD01275.bin.1.276	25.844618	HQ
MFD01275.bin.1.277	16.46704	HQ
MFD01275.bin.1.283	48.725132	HQ
MFD01275.bin.1.285	19.528057	HQ
MFD01275.bin.1.41	26.603252	HQ
MFD01275.bin.1.42	16.48701	HQ
MFD01275.bin.1.44	35.002598	HQ
MFD01275.bin.1.45	53.764534	HQ
MFD01275.bin.1.46	18.831482	HQ
MFD01275.bin.1.48	33.28234	HQ
MFD01275.bin.1.5	19.94874	HQ
MFD01275.bin.1.55	36.834187	HQ
MFD01275.bin.1.56	30.550928	HQ
MFD01275.bin.1.63	20.438627	HQ
MFD01275.bin.1.67	30.720966	HQ
MFD01275.bin.1.7	24.257961	HQ
MFD01275.bin.1.70	28.348686	HQ
MFD01275.bin.1.71	24.346956	HQ
MFD01275.bin.1.74	44.96079	HQ
MFD01275.bin.1.75	49.37252	HQ
MFD01275.bin.1.76	63.059727	HQ
MFD01275.bin.1.77	13.007308	HQ
MFD01275.bin.1.78	31.595543	HQ
MFD01275.bin.1.85	36.938087	HQ
MFD01275.bin.1.87	31.195269	HQ
MFD01275.bin.1.89	20.8143	HQ
MFD01275.bin.1.9	18.534626	HQ
MFD01275.bin.1.92	11.855539	HQ
MFD01275.bin.1.95	18.147665	HQ
MFD01275.bin.2.172	20.275118	HQ
MFD01275.bin.2.29	179.85477	HQ
MFD01275.bin.3.10	164.36143	HQ
MFD01275.bin.3.366	45.759056	HQ
MFD01275.bin.3.42	82.91727	HQ
MFD01299.bin.1.116	15.878245	HQ
MFD01299.bin.1.126	24.22536	HQ
MFD01299.bin.1.127	38.924076	HQ
MFD01299.bin.1.132	24.430841	HQ
MFD01299.bin.1.141	35.471973	HQ
MFD01299.bin.1.15	64.42593	HQ
MFD01299.bin.1.174	31.919025	HQ
MFD01299.bin.1.182	50.713017	HQ
MFD01299.bin.1.187	22.221722	HQ
MFD01299.bin.1.190	29.84267	HQ
MFD01299.bin.1.197	88.127335	HQ
MFD01299.bin.1.204	39.35932	HQ
MFD01299.bin.1.229	34.012337	HQ
MFD01299.bin.1.23	44.097347	HQ
MFD01299.bin.1.237	24.292149	HQ
MFD01299.bin.1.238	118.567795	HQ
MFD01299.bin.1.239	35.781208	HQ
MFD01299.bin.1.245	31.519266	HQ
MFD01299.bin.1.246	35.25775	HQ
MFD01299.bin.1.39	28.271236	HQ
MFD01299.bin.1.47	42.008427	HQ
MFD01299.bin.1.55	29.153849	HQ
MFD01299.bin.1.58	92.44172	HQ
MFD01299.bin.1.7	12.547288	HQ
MFD01299.bin.1.79	60.459473	HQ
MFD01299.bin.1.98	63.172676	HQ
MFD01299.bin.2.17	35.63602	HQ
MFD01299.bin.2.24	28.114077	HQ
MFD01299.bin.2.91	19.83659	HQ
MFD01476.bin.1.124	20.281101	HQ
MFD01476.bin.1.131	39.956875	HQ
MFD01476.bin.1.135	21.26576	HQ
MFD01476.bin.1.136	24.765635	HQ
MFD01476.bin.1.137	38.766045	HQ
MFD01476.bin.1.140	45.543037	HQ
MFD01476.bin.1.143	17.706488	HQ
MFD01476.bin.1.148	91.67575	HQ
MFD01476.bin.1.149	15.029156	HQ
MFD01476.bin.1.15	52.965267	HQ
MFD01476.bin.1.150	35.32642	HQ
MFD01476.bin.1.151	58.13445	HQ
MFD01476.bin.1.152	20.295004	HQ
MFD01476.bin.1.154	15.748345	HQ
MFD01476.bin.1.163	11.906518	HQ
MFD01476.bin.1.164	31.318825	HQ
MFD01476.bin.1.169	29.93914	HQ
MFD01476.bin.1.182	17.863415	HQ
MFD01476.bin.1.183	23.629944	HQ
MFD01476.bin.1.191	38.628437	HQ
MFD01476.bin.1.197	21.846167	HQ
MFD01476.bin.1.209	20.408684	HQ
MFD01476.bin.1.210	46.18496	HQ
MFD01476.bin.1.214	20.035637	HQ
MFD01476.bin.1.216	39.16648	HQ
MFD01476.bin.1.22	50.00389	HQ
MFD01476.bin.1.224	35.280087	HQ
MFD01476.bin.1.226	19.522497	HQ
MFD01476.bin.1.234	41.2281	HQ
MFD01476.bin.1.246	18.181416	HQ
MFD01476.bin.1.25	11.869485	HQ
MFD01476.bin.1.32	30.316881	HQ
MFD01476.bin.1.33	20.1874	HQ
MFD01476.bin.1.4	15.157944	HQ
MFD01476.bin.1.56	33.16712	HQ
MFD01476.bin.1.65	72.68907	HQ
MFD01476.bin.1.72	14.479431	HQ
MFD01476.bin.1.74	48.98773	HQ
MFD01476.bin.1.81	86.09381	HQ
MFD01476.bin.1.82	95.43032	HQ
MFD01476.bin.1.83	30.931812	HQ
MFD01476.bin.1.95	32.55071	HQ
MFD01476.bin.1.98	10.313088	HQ
MFD01476.bin.2.37	36.097813	HQ
MFD01561.bin.1.13	76.44692	HQ
MFD01561.bin.1.20	14.247602	HQ
MFD01561.bin.1.3	22.198011	HQ
MFD01561.bin.1.78	35.628613	HQ
MFD01561.bin.2.89	18.062662	HQ
MFD01561.bin.3.249	36.76064	HQ
MFD01633.bin.1.119	16.264458	HQ
MFD01633.bin.1.131	29.180004	HQ
MFD01633.bin.1.170	17.24063	HQ
MFD01633.bin.1.176	21.191929	HQ
MFD01633.bin.1.196	39.950275	HQ
MFD01633.bin.1.201	14.796564	HQ
MFD01633.bin.1.206	16.333395	HQ
MFD01633.bin.1.212	15.577819	HQ
MFD01633.bin.1.213	12.823748	HQ
MFD01633.bin.1.223	11.458697	HQ
MFD01633.bin.1.224	16.386383	HQ
MFD01633.bin.1.225	13.4628725	HQ
MFD01633.bin.1.226	16.19084	HQ
MFD01633.bin.1.230	17.894476	HQ
MFD01633.bin.1.241	14.353866	HQ
MFD01633.bin.1.28	11.755137	HQ
MFD01633.bin.1.32	34.4897	HQ
MFD01633.bin.1.33	39.29351	HQ
MFD01633.bin.1.46	12.651671	HQ
MFD01689.bin.1.1	23.802843	HQ
MFD01689.bin.1.101	37.23221	HQ
MFD01689.bin.1.102	44.926266	HQ
MFD01689.bin.1.106	47.885555	HQ
MFD01689.bin.1.110	161.04776	HQ
MFD01689.bin.1.114	32.717587	HQ
MFD01689.bin.1.12	237.62274	HQ
MFD01689.bin.1.120	17.909595	HQ
MFD01689.bin.1.19	43.172985	HQ
MFD01689.bin.1.23	24.813011	HQ
MFD01689.bin.1.32	104.84595	HQ
MFD01689.bin.1.35	54.320927	HQ
MFD01689.bin.1.40	18.94786	HQ
MFD01689.bin.1.48	61.322063	HQ
MFD01689.bin.1.5	28.505997	HQ
MFD01689.bin.1.50	102.79304	HQ
MFD01689.bin.1.51	73.451004	HQ
MFD01689.bin.1.60	14.666631	HQ
MFD01689.bin.1.61	31.291918	HQ
MFD01689.bin.1.7	39.144108	HQ
MFD01689.bin.1.72	60.7209	HQ
MFD01689.bin.1.76	87.15182	HQ
MFD01689.bin.1.89	39.68232	HQ
MFD01689.bin.2.84	14.19675	HQ
MFD01716.bin.1.10	58.13611	HQ
MFD01716.bin.1.112	112.41548	HQ
MFD01716.bin.1.115	360.9031	HQ
MFD01716.bin.1.117	35.13445	HQ
MFD01716.bin.1.118	123.06756	HQ
MFD01716.bin.1.125	101.287674	HQ
MFD01716.bin.1.126	21.483694	HQ
MFD01716.bin.1.127	151.85776	HQ
MFD01716.bin.1.129	38.27018	HQ
MFD01716.bin.1.135	80.28286	HQ
MFD01716.bin.1.139	42.359028	HQ
MFD01716.bin.1.142	16.064226	HQ
MFD01716.bin.1.15	33.682938	HQ
MFD01716.bin.1.159	18.562162	HQ
MFD01716.bin.1.166	24.389061	HQ
MFD01716.bin.1.17	142.7884	HQ
MFD01716.bin.1.171	16.141714	HQ
MFD01716.bin.1.173	78.35853	HQ
MFD01716.bin.1.177	15.689518	HQ
MFD01716.bin.1.181	45.682785	HQ
MFD01716.bin.1.185	60.699623	HQ
MFD01716.bin.1.190	100.14924	HQ
MFD01716.bin.1.191	11.172914	HQ
MFD01716.bin.1.195	23.06033	HQ
MFD01716.bin.1.196	24.27329	HQ
MFD01716.bin.1.202	20.654346	HQ
MFD01716.bin.1.21	21.095802	HQ
MFD01716.bin.1.225	25.924953	HQ
MFD01716.bin.1.226	26.119373	HQ
MFD01716.bin.1.229	47.916782	HQ
MFD01716.bin.1.23	118.89625	HQ
MFD01716.bin.1.232	30.199203	HQ
MFD01716.bin.1.24	57.62095	HQ
MFD01716.bin.1.31	21.357582	HQ
MFD01716.bin.1.35	27.864893	HQ
MFD01716.bin.1.49	21.823145	HQ
MFD01716.bin.1.5	61.051514	HQ
MFD01716.bin.1.50	16.855932	HQ
MFD01716.bin.1.59	57.51761	HQ
MFD01716.bin.1.60	58.200584	HQ
MFD01716.bin.1.7	25.675335	HQ
MFD01716.bin.1.8	21.684391	HQ
MFD01716.bin.1.86	26.237377	HQ
MFD01716.bin.1.99	19.866985	HQ
MFD01716.bin.3.239	18.285404	HQ
MFD01716.bin.3.307	25.01344	HQ
MFD01716.bin.3.4	37.68545	HQ
MFD01721.bin.1.10	77.098045	HQ
MFD01721.bin.1.101	40.412624	HQ
MFD01721.bin.1.102	45.318188	HQ
MFD01721.bin.1.104	30.11412	HQ
MFD01721.bin.1.106	50.458416	HQ
MFD01721.bin.1.108	20.78789	HQ
MFD01721.bin.1.11	57.17952	HQ
MFD01721.bin.1.113	38.924297	HQ
MFD01721.bin.1.114	23.978664	HQ
MFD01721.bin.1.117	44.987926	HQ
MFD01721.bin.1.119	38.448837	HQ
MFD01721.bin.1.120	83.27849	HQ
MFD01721.bin.1.121	28.123056	HQ
MFD01721.bin.1.123	14.308235	HQ
MFD01721.bin.1.124	36.488712	HQ
MFD01721.bin.1.126	43.22041	HQ
MFD01721.bin.1.127	44.282463	HQ
MFD01721.bin.1.128	15.472681	HQ
MFD01721.bin.1.13	20.02058	HQ
MFD01721.bin.1.130	48.112267	HQ
MFD01721.bin.1.134	94.13466	HQ
MFD01721.bin.1.137	15.840856	HQ
MFD01721.bin.1.139	19.010414	HQ
MFD01721.bin.1.141	21.35009	HQ
MFD01721.bin.1.156	30.726995	HQ
MFD01721.bin.1.158	35.23817	HQ
MFD01721.bin.1.168	81.24236	HQ
MFD01721.bin.1.169	162.53915	HQ
MFD01721.bin.1.17	38.562725	HQ
MFD01721.bin.1.18	13.537813	HQ
MFD01721.bin.1.192	60.41804	HQ
MFD01721.bin.1.199	120.8792	HQ
MFD01721.bin.1.2	47.57976	HQ
MFD01721.bin.1.20	16.65352	HQ
MFD01721.bin.1.203	90.915115	HQ
MFD01721.bin.1.211	64.76981	HQ
MFD01721.bin.1.213	48.812744	HQ
MFD01721.bin.1.215	36.631424	HQ
MFD01721.bin.1.219	873.3426	HQ
MFD01721.bin.1.220	87.675316	HQ
MFD01721.bin.1.223	41.130745	HQ
MFD01721.bin.1.226	107.36876	HQ
MFD01721.bin.1.227	79.125244	HQ
MFD01721.bin.1.228	119.19144	HQ
MFD01721.bin.1.229	176.87517	HQ
MFD01721.bin.1.23	32.803852	HQ
MFD01721.bin.1.231	25.650572	HQ
MFD01721.bin.1.239	120.41488	HQ
MFD01721.bin.1.240	122.24177	HQ
MFD01721.bin.1.242	17.851988	HQ
MFD01721.bin.1.244	27.10401	HQ
MFD01721.bin.1.246	21.597376	HQ
MFD01721.bin.1.247	25.631863	HQ
MFD01721.bin.1.248	16.08381	HQ
MFD01721.bin.1.25	80.09341	HQ
MFD01721.bin.1.252	48.996563	HQ
MFD01721.bin.1.253	54.996	HQ
MFD01721.bin.1.254	60.595806	HQ
MFD01721.bin.1.258	40.914177	HQ
MFD01721.bin.1.259	91.44006	HQ
MFD01721.bin.1.26	157.62152	HQ
MFD01721.bin.1.262	28.136667	HQ
MFD01721.bin.1.268	20.773264	HQ
MFD01721.bin.1.271	30.480284	HQ
MFD01721.bin.1.273	18.960394	HQ
MFD01721.bin.1.274	116.496796	HQ
MFD01721.bin.1.277	66.82763	HQ
MFD01721.bin.1.283	34.753407	HQ
MFD01721.bin.1.284	135.25076	HQ
MFD01721.bin.1.29	25.7566	HQ
MFD01721.bin.1.290	20.27098	HQ
MFD01721.bin.1.295	17.665787	HQ
MFD01721.bin.1.305	27.618355	HQ
MFD01721.bin.1.308	26.634773	HQ
MFD01721.bin.1.309	24.516956	HQ
MFD01721.bin.1.310	205.88342	HQ
MFD01721.bin.1.313	32.84688	HQ
MFD01721.bin.1.315	36.42039	HQ
MFD01721.bin.1.317	137.57814	HQ
MFD01721.bin.1.322	181.21129	HQ
MFD01721.bin.1.324	25.885645	HQ
MFD01721.bin.1.326	48.622902	HQ
MFD01721.bin.1.328	123.14838	HQ
MFD01721.bin.1.331	34.590034	HQ
MFD01721.bin.1.333	103.859406	HQ
MFD01721.bin.1.336	24.128193	HQ
MFD01721.bin.1.338	98.45234	HQ
MFD01721.bin.1.343	68.164764	HQ
MFD01721.bin.1.346	196.50233	HQ
MFD01721.bin.1.348	27.680431	HQ
MFD01721.bin.1.355	38.31397	HQ
MFD01721.bin.1.359	39.370365	HQ
MFD01721.bin.1.363	126.699646	HQ
MFD01721.bin.1.365	25.443346	HQ
MFD01721.bin.1.367	27.222088	HQ
MFD01721.bin.1.368	22.542583	HQ
MFD01721.bin.1.37	22.910656	HQ
MFD01721.bin.1.374	80.43913	HQ
MFD01721.bin.1.375	43.313347	HQ
MFD01721.bin.1.379	242.23813	HQ
MFD01721.bin.1.38	22.191221	HQ
MFD01721.bin.1.380	19.937801	HQ
MFD01721.bin.1.384	38.921307	HQ
MFD01721.bin.1.4	66.03936	HQ
MFD01721.bin.1.43	41.797195	HQ
MFD01721.bin.1.46	35.310364	HQ
MFD01721.bin.1.47	90.24414	HQ
MFD01721.bin.1.50	14.72322	HQ
MFD01721.bin.1.53	33.012325	HQ
MFD01721.bin.1.56	51.850452	HQ
MFD01721.bin.1.59	19.918509	HQ
MFD01721.bin.1.62	29.61424	HQ
MFD01721.bin.1.65	25.973387	HQ
MFD01721.bin.1.66	120.73086	HQ
MFD01721.bin.1.67	84.5711	HQ
MFD01721.bin.1.68	41.753105	HQ
MFD01721.bin.1.71	14.763096	HQ
MFD01721.bin.1.72	241.47731	HQ
MFD01721.bin.1.74	25.438572	HQ
MFD01721.bin.1.77	31.772982	HQ
MFD01721.bin.1.79	89.00611	HQ
MFD01721.bin.1.80	32.82426	HQ
MFD01721.bin.1.82	28.009153	HQ
MFD01721.bin.1.83	37.699142	HQ
MFD01721.bin.1.86	17.498095	HQ
MFD01721.bin.1.87	46.95155	HQ
MFD01721.bin.1.88	55.51887	HQ
MFD01721.bin.1.94	22.855213	HQ
MFD01721.bin.1.97	41.377544	HQ
MFD01721.bin.1.99	33.41342	HQ
MFD01721.bin.2.122	55.54422	HQ
MFD01721.bin.2.183	48.454258	HQ
MFD01721.bin.2.71	401.2823	HQ
MFD01721.bin.2.72	47.621605	HQ
MFD01721.bin.2.92	85.68588	HQ
MFD01721.bin.3.318	118.49769	HQ
MFD01828.bin.1.100	25.775614	HQ
MFD01828.bin.1.115	74.801506	HQ
MFD01828.bin.1.12	165.2667	HQ
MFD01828.bin.1.14	80.40887	HQ
MFD01828.bin.1.38	34.72461	HQ
MFD01828.bin.1.43	18.243946	HQ
MFD01828.bin.1.47	21.625368	HQ
MFD01828.bin.1.64	32.242447	HQ
MFD01828.bin.1.70	73.82938	HQ
MFD01828.bin.1.81	59.979504	HQ
MFD01828.bin.1.96	58.644245	HQ
MFD01872.bin.1.10	18.868004	HQ
MFD01872.bin.1.103	29.29489	HQ
MFD01872.bin.1.105	13.610295	HQ
MFD01872.bin.1.109	20.023655	HQ
MFD01872.bin.1.11	28.234005	HQ
MFD01872.bin.1.111	39.623173	HQ
MFD01872.bin.1.112	94.55594	HQ
MFD01872.bin.1.12	21.660616	HQ
MFD01872.bin.1.132	23.795689	HQ
MFD01872.bin.1.174	36.130928	HQ
MFD01872.bin.1.18	40.92183	HQ
MFD01872.bin.1.196	37.840195	HQ
MFD01872.bin.1.198	51.530956	HQ
MFD01872.bin.1.2	35.16883	HQ
MFD01872.bin.1.203	16.717245	HQ
MFD01872.bin.1.207	24.424385	HQ
MFD01872.bin.1.210	20.722532	HQ
MFD01872.bin.1.212	30.974049	HQ
MFD01872.bin.1.215	31.746546	HQ
MFD01872.bin.1.220	19.565012	HQ
MFD01872.bin.1.223	19.428837	HQ
MFD01872.bin.1.224	22.533579	HQ
MFD01872.bin.1.230	19.52419	HQ
MFD01872.bin.1.24	163.37236	HQ
MFD01872.bin.1.255	88.65168	HQ
MFD01872.bin.1.260	101.75228	HQ
MFD01872.bin.1.270	33.967648	HQ
MFD01872.bin.1.273	26.913435	HQ
MFD01872.bin.1.276	51.79738	HQ
MFD01872.bin.1.283	34.792637	HQ
MFD01872.bin.1.291	13.535556	HQ
MFD01872.bin.1.293	31.06904	HQ
MFD01872.bin.1.311	143.26093	HQ
MFD01872.bin.1.312	139.95172	HQ
MFD01872.bin.1.315	37.062687	HQ
MFD01872.bin.1.321	32.152023	HQ
MFD01872.bin.1.327	50.820053	HQ
MFD01872.bin.1.329	47.249622	HQ
MFD01872.bin.1.352	25.090902	HQ
MFD01872.bin.1.36	23.78389	HQ
MFD01872.bin.1.361	58.22841	HQ
MFD01872.bin.1.37	31.540138	HQ
MFD01872.bin.1.40	83.50543	HQ
MFD01872.bin.1.6	35.287666	HQ
MFD01872.bin.1.63	52.641834	HQ
MFD01872.bin.1.66	24.250525	HQ
MFD01872.bin.1.72	26.720102	HQ
MFD01872.bin.1.75	63.320053	HQ
MFD01872.bin.1.83	21.293297	HQ
MFD01872.bin.1.85	43.77985	HQ
MFD01872.bin.1.96	33.049377	HQ
MFD01872.bin.2.115	27.605392	HQ
MFD01872.bin.2.12	43.833866	HQ
MFD01872.bin.2.120	19.882444	HQ
MFD01872.bin.2.154	24.969793	HQ
MFD01872.bin.2.219	20.1992	HQ
MFD01872.bin.3.168	26.843443	HQ
MFD01916.bin.1.1	83.822685	HQ
MFD01916.bin.1.10	30.640974	HQ
MFD01916.bin.1.104	44.16128	HQ
MFD01916.bin.1.142	16.667854	HQ
MFD01916.bin.1.143	24.744295	HQ
MFD01916.bin.1.150	31.719858	HQ
MFD01916.bin.1.16	27.418453	HQ
MFD01916.bin.1.17	92.70725	HQ
MFD01916.bin.1.18	14.172521	HQ
MFD01916.bin.1.28	28.426401	HQ
MFD01916.bin.1.31	48.258453	HQ
MFD01916.bin.1.57	82.719055	HQ
MFD01916.bin.1.7	22.111261	HQ
MFD01916.bin.1.71	99.73912	HQ
MFD01916.bin.1.77	61.25689	HQ
MFD01916.bin.1.82	29.829233	HQ
MFD01916.bin.2.2	50.749565	HQ
MFD01916.bin.3.179	22.091274	HQ
MFD02134.bin.1.103	20.990295	HQ
MFD02134.bin.1.117	14.300216	HQ
MFD02134.bin.1.143	62.719585	HQ
MFD02134.bin.1.147	76.58886	HQ
MFD02134.bin.1.149	53.962605	HQ
MFD02134.bin.1.156	50.23642	HQ
MFD02134.bin.1.158	34.016342	HQ
MFD02134.bin.1.160	34.23615	HQ
MFD02134.bin.1.165	29.974257	HQ
MFD02134.bin.1.166	26.613728	HQ
MFD02134.bin.1.179	32.94976	HQ
MFD02134.bin.1.198	66.09382	HQ
MFD02134.bin.1.199	50.757824	HQ
MFD02134.bin.1.209	55.338055	HQ
MFD02134.bin.1.210	34.710884	HQ
MFD02134.bin.1.216	16.755014	HQ
MFD02134.bin.1.217	17.376493	HQ
MFD02134.bin.1.225	25.006662	HQ
MFD02134.bin.1.228	30.784687	HQ
MFD02134.bin.1.239	17.750494	HQ
MFD02134.bin.1.245	28.089758	HQ
MFD02134.bin.1.261	34.816288	HQ
MFD02134.bin.1.263	61.230785	HQ
MFD02134.bin.1.264	32.201614	HQ
MFD02134.bin.1.272	85.55458	HQ
MFD02134.bin.1.280	43.04286	HQ
MFD02134.bin.1.286	23.401148	HQ
MFD02134.bin.1.37	36.994316	HQ
MFD02134.bin.1.56	16.997543	HQ
MFD02134.bin.1.61	37.88028	HQ
MFD02134.bin.1.63	51.444496	HQ
MFD02134.bin.1.91	34.547447	HQ
MFD02134.bin.2.167	15.174741	HQ
MFD02134.bin.2.242	30.487953	HQ
MFD02134.bin.2.38	72.90212	HQ
MFD02134.bin.2.43	64.58781	HQ
MFD02134.bin.3.166	31.834927	HQ
MFD02138.bin.1.15	36.809143	HQ
MFD02138.bin.1.23	166.6456	HQ
MFD02138.bin.1.26	89.66774	HQ
MFD02138.bin.1.64	28.423819	HQ
MFD02138.bin.1.87	86.47604	HQ
MFD02138.bin.2.36	19.895107	HQ
MFD02138.bin.2.6	212.48285	HQ
MFD02159.bin.1.126	28.030142	HQ
MFD02159.bin.1.2	25.668575	HQ
MFD02159.bin.1.20	31.702293	HQ
MFD02159.bin.1.34	27.144312	HQ
MFD02159.bin.1.72	32.30604	HQ
MFD02159.bin.1.78	25.341595	HQ
MFD02159.bin.1.80	30.12429	HQ
MFD02159.bin.1.81	37.13196	HQ
MFD02159.bin.1.87	21.516415	HQ
MFD02159.bin.1.95	20.512915	HQ
MFD02159.bin.2.116	67.78113	HQ
MFD02199.bin.1.123	25.120094	HQ
MFD02199.bin.1.134	33.208813	HQ
MFD02199.bin.1.2	16.701818	HQ
MFD02199.bin.1.209	36.84563	HQ
MFD02199.bin.1.40	32.374306	HQ
MFD02199.bin.1.52	29.44311	HQ
MFD02199.bin.1.54	45.429394	HQ
MFD02199.bin.1.56	100.38064	HQ
MFD02199.bin.1.6	19.911621	HQ
MFD02199.bin.1.8	16.31799	HQ
MFD02199.bin.2.51	47.39423	HQ
MFD02199.bin.2.61	18.642382	HQ
MFD02242.bin.1.1	66.74888	HQ
MFD02242.bin.1.123	41.058258	HQ
MFD02242.bin.1.124	21.803164	HQ
MFD02242.bin.1.156	17.028307	HQ
MFD02242.bin.1.17	32.291702	HQ
MFD02242.bin.1.183	17.57506	HQ
MFD02242.bin.1.209	26.298283	HQ
MFD02242.bin.1.226	28.779478	HQ
MFD02242.bin.1.229	19.471947	HQ
MFD02242.bin.1.231	121.06058	HQ
MFD02242.bin.1.235	22.507572	HQ
MFD02242.bin.1.245	251.05394	HQ
MFD02242.bin.1.262	21.788332	HQ
MFD02242.bin.1.279	20.360401	HQ
MFD02242.bin.1.295	39.339397	HQ
MFD02242.bin.1.297	23.832731	HQ
MFD02242.bin.1.310	20.963905	HQ
MFD02242.bin.1.317	35.904263	HQ
MFD02242.bin.1.318	23.314901	HQ
MFD02242.bin.1.319	41.32556	HQ
MFD02242.bin.1.32	23.68061	HQ
MFD02242.bin.1.322	25.684097	HQ
MFD02242.bin.1.331	35.484833	HQ
MFD02242.bin.1.340	28.980307	HQ
MFD02242.bin.1.342	20.192814	HQ
MFD02242.bin.1.36	25.709507	HQ
MFD02242.bin.1.362	33.68665	HQ
MFD02242.bin.1.368	40.20327	HQ
MFD02242.bin.1.57	18.751871	HQ
MFD02242.bin.1.77	70.526436	HQ
MFD02242.bin.1.84	43.588722	HQ
MFD02242.bin.1.86	20.022385	HQ
MFD02242.bin.2.101	51.54122	HQ
MFD02242.bin.2.200	36.096104	HQ
MFD02242.bin.3.224	173.60335	HQ
MFD02248.bin.1.108	59.499325	HQ
MFD02248.bin.1.112	51.19066	HQ
MFD02248.bin.1.115	58.068058	HQ
MFD02248.bin.1.117	33.597027	HQ
MFD02248.bin.1.118	39.97668	HQ
MFD02248.bin.1.12	24.549301	HQ
MFD02248.bin.1.120	111.38677	HQ
MFD02248.bin.1.121	25.49794	HQ
MFD02248.bin.1.122	61.5493	HQ
MFD02248.bin.1.125	37.802433	HQ
MFD02248.bin.1.126	18.121752	HQ
MFD02248.bin.1.134	107.323845	HQ
MFD02248.bin.1.137	45.865242	HQ
MFD02248.bin.1.138	124.026184	HQ
MFD02248.bin.1.139	44.305298	HQ
MFD02248.bin.1.141	48.4432	HQ
MFD02248.bin.1.145	25.403416	HQ
MFD02248.bin.1.147	22.879553	HQ
MFD02248.bin.1.15	39.507885	HQ
MFD02248.bin.1.150	284.90094	HQ
MFD02248.bin.1.166	22.021067	HQ
MFD02248.bin.1.176	87.08854	HQ
MFD02248.bin.1.183	73.633484	HQ
MFD02248.bin.1.185	39.88366	HQ
MFD02248.bin.1.187	118.96301	HQ
MFD02248.bin.1.193	169.51115	HQ
MFD02248.bin.1.194	54.470734	HQ
MFD02248.bin.1.195	19.30572	HQ
MFD02248.bin.1.208	20.486555	HQ
MFD02248.bin.1.211	24.255672	HQ
MFD02248.bin.1.22	37.205257	HQ
MFD02248.bin.1.24	137.06578	HQ
MFD02248.bin.1.32	47.20111	HQ
MFD02248.bin.1.37	19.118702	HQ
MFD02248.bin.1.4	26.541773	HQ
MFD02248.bin.1.43	36.722607	HQ
MFD02248.bin.1.46	35.963108	HQ
MFD02248.bin.1.47	54.781563	HQ
MFD02248.bin.1.51	26.062366	HQ
MFD02248.bin.1.53	14.485209	HQ
MFD02248.bin.1.55	30.89687	HQ
MFD02248.bin.1.56	13.451486	HQ
MFD02248.bin.1.58	19.439247	HQ
MFD02248.bin.1.59	103.79116	HQ
MFD02248.bin.1.6	74.01377	HQ
MFD02248.bin.1.60	25.50042	HQ
MFD02248.bin.1.65	50.458847	HQ
MFD02248.bin.1.69	29.935637	HQ
MFD02248.bin.1.96	105.95416	HQ
MFD02248.bin.2.132	32.490784	HQ
MFD02248.bin.2.70	45.563522	HQ
MFD02360.bin.1.121	43.819267	HQ
MFD02360.bin.1.161	92.30306	HQ
MFD02360.bin.1.179	15.319894	HQ
MFD02360.bin.1.180	25.713034	HQ
MFD02360.bin.1.202	76.8237	HQ
MFD02360.bin.1.206	37.745384	HQ
MFD02360.bin.1.21	31.594006	HQ
MFD02360.bin.1.235	42.01453	HQ
MFD02360.bin.1.259	40.132072	HQ
MFD02360.bin.1.271	36.653736	HQ
MFD02360.bin.1.3	37.111637	HQ
MFD02360.bin.1.316	27.204126	HQ
MFD02360.bin.1.334	200.86072	HQ
MFD02360.bin.1.34	102.61228	HQ
MFD02360.bin.1.39	22.861351	HQ
MFD02360.bin.1.49	22.915731	HQ
MFD02360.bin.1.60	22.890272	HQ
MFD02360.bin.1.63	69.71927	HQ
MFD02360.bin.1.92	30.019777	HQ
MFD02360.bin.2.216	32.23749	HQ
MFD02360.bin.2.91	27.97527	HQ
MFD02360.bin.3.300	48.171566	HQ
MFD02416.bin.1.10	29.902084	HQ
MFD02416.bin.1.105	22.085941	HQ
MFD02416.bin.1.108	45.230988	HQ
MFD02416.bin.1.110	87.6981	HQ
MFD02416.bin.1.114	19.072336	HQ
MFD02416.bin.1.115	23.546253	HQ
MFD02416.bin.1.116	86.26254	HQ
MFD02416.bin.1.121	13.268958	HQ
MFD02416.bin.1.123	14.161673	HQ
MFD02416.bin.1.124	24.107864	HQ
MFD02416.bin.1.126	23.976883	HQ
MFD02416.bin.1.127	112.29875	HQ
MFD02416.bin.1.129	180.8125	HQ
MFD02416.bin.1.130	25.73388	HQ
MFD02416.bin.1.132	269.77966	HQ
MFD02416.bin.1.133	62.841614	HQ
MFD02416.bin.1.135	48.82561	HQ
MFD02416.bin.1.136	24.010998	HQ
MFD02416.bin.1.138	35.767284	HQ
MFD02416.bin.1.14	132.396	HQ
MFD02416.bin.1.144	21.596582	HQ
MFD02416.bin.1.147	17.544691	HQ
MFD02416.bin.1.149	112.567604	HQ
MFD02416.bin.1.157	30.809473	HQ
MFD02416.bin.1.163	36.661617	HQ
MFD02416.bin.1.164	111.91567	HQ
MFD02416.bin.1.17	39.537548	HQ
MFD02416.bin.1.176	21.810757	HQ
MFD02416.bin.1.18	31.13162	HQ
MFD02416.bin.1.194	32.951756	HQ
MFD02416.bin.1.208	185.54247	HQ
MFD02416.bin.1.219	30.316423	HQ
MFD02416.bin.1.241	35.53913	HQ
MFD02416.bin.1.244	111.443054	HQ
MFD02416.bin.1.258	58.695538	HQ
MFD02416.bin.1.262	28.992281	HQ
MFD02416.bin.1.267	21.335629	HQ
MFD02416.bin.1.269	97.61364	HQ
MFD02416.bin.1.270	50.512016	HQ
MFD02416.bin.1.272	93.36479	HQ
MFD02416.bin.1.274	84.472	HQ
MFD02416.bin.1.275	52.69674	HQ
MFD02416.bin.1.276	132.08484	HQ
MFD02416.bin.1.279	29.123774	HQ
MFD02416.bin.1.28	20.930483	HQ
MFD02416.bin.1.280	37.909733	HQ
MFD02416.bin.1.281	33.34424	HQ
MFD02416.bin.1.282	145.83807	HQ
MFD02416.bin.1.284	66.16185	HQ
MFD02416.bin.1.290	37.80786	HQ
MFD02416.bin.1.291	51.840878	HQ
MFD02416.bin.1.293	14.758665	HQ
MFD02416.bin.1.295	212.6162	HQ
MFD02416.bin.1.3	26.89247	HQ
MFD02416.bin.1.30	18.020132	HQ
MFD02416.bin.1.311	199.99849	HQ
MFD02416.bin.1.313	143.92233	HQ
MFD02416.bin.1.315	34.04805	HQ
MFD02416.bin.1.317	40.234283	HQ
MFD02416.bin.1.319	36.238754	HQ
MFD02416.bin.1.321	25.987087	HQ
MFD02416.bin.1.322	363.56488	HQ
MFD02416.bin.1.324	22.116098	HQ
MFD02416.bin.1.328	21.050957	HQ
MFD02416.bin.1.329	18.39176	HQ
MFD02416.bin.1.333	552.46063	HQ
MFD02416.bin.1.334	157.00386	HQ
MFD02416.bin.1.337	30.127333	HQ
MFD02416.bin.1.343	15.168557	HQ
MFD02416.bin.1.345	38.190685	HQ
MFD02416.bin.1.346	95.83895	HQ
MFD02416.bin.1.350	37.829063	HQ
MFD02416.bin.1.351	17.702608	HQ
MFD02416.bin.1.36	51.31943	HQ
MFD02416.bin.1.360	118.16598	HQ
MFD02416.bin.1.362	244.25273	HQ
MFD02416.bin.1.365	16.253471	HQ
MFD02416.bin.1.37	41.386692	HQ
MFD02416.bin.1.373	147.15968	HQ
MFD02416.bin.1.374	65.368996	HQ
MFD02416.bin.1.379	16.498497	HQ
MFD02416.bin.1.382	24.329224	HQ
MFD02416.bin.1.390	35.348694	HQ
MFD02416.bin.1.391	75.05919	HQ
MFD02416.bin.1.395	23.98316	HQ
MFD02416.bin.1.397	20.964865	HQ
MFD02416.bin.1.398	142.13396	HQ
MFD02416.bin.1.4	36.382862	HQ
MFD02416.bin.1.403	19.592781	HQ
MFD02416.bin.1.409	24.79277	HQ
MFD02416.bin.1.410	157.62936	HQ
MFD02416.bin.1.411	89.98795	HQ
MFD02416.bin.1.414	57.314373	HQ
MFD02416.bin.1.415	74.043945	HQ
MFD02416.bin.1.417	30.945656	HQ
MFD02416.bin.1.418	55.840233	HQ
MFD02416.bin.1.42	41.148365	HQ
MFD02416.bin.1.43	20.814728	HQ
MFD02416.bin.1.44	20.72076	HQ
MFD02416.bin.1.48	39.894215	HQ
MFD02416.bin.1.50	188.39436	HQ
MFD02416.bin.1.53	147.23686	HQ
MFD02416.bin.1.57	20.22449	HQ
MFD02416.bin.1.58	143.09483	HQ
MFD02416.bin.1.61	17.60572	HQ
MFD02416.bin.1.65	56.65456	HQ
MFD02416.bin.1.66	23.531155	HQ
MFD02416.bin.1.7	18.73647	HQ
MFD02416.bin.1.74	15.051572	HQ
MFD02416.bin.1.76	47.504364	HQ
MFD02416.bin.1.77	20.846529	HQ
MFD02416.bin.1.78	160.86629	HQ
MFD02416.bin.1.81	26.498495	HQ
MFD02416.bin.1.82	74.66313	HQ
MFD02416.bin.1.83	16.959412	HQ
MFD02416.bin.1.84	51.28214	HQ
MFD02416.bin.1.89	59.684044	HQ
MFD02416.bin.1.9	121.2146	HQ
MFD02416.bin.1.93	15.81366	HQ
MFD02416.bin.1.94	19.85257	HQ
MFD02416.bin.1.95	19.640253	HQ
MFD02416.bin.1.98	82.45647	HQ
MFD02416.bin.2.141	64.6238	HQ
MFD02416.bin.2.150	14.984754	HQ
MFD02416.bin.2.172	76.32198	HQ
MFD02416.bin.2.189	117.573944	HQ
MFD02416.bin.2.190	56.642273	HQ
MFD02416.bin.2.73	11.93386	HQ
MFD02416.bin.3.134	39.35089	HQ
MFD02416.bin.3.238	175.24901	HQ
MFD02416.bin.3.269	42.911755	HQ
MFD02472.bin.1.12	60.470886	HQ
MFD02472.bin.1.18	123.98211	HQ
MFD02472.bin.1.46	22.423697	HQ
MFD02472.bin.1.50	23.95824	HQ
MFD02579.bin.1.106	53.13711	HQ
MFD02579.bin.1.11	58.98497	HQ
MFD02579.bin.1.110	43.07766	HQ
MFD02579.bin.1.114	27.10393	HQ
MFD02579.bin.1.115	20.26582	HQ
MFD02579.bin.1.116	43.11407	HQ
MFD02579.bin.1.12	18.50679	HQ
MFD02579.bin.1.14	67.19808	HQ
MFD02579.bin.1.15	19.97027	HQ
MFD02579.bin.1.16	49.79895	HQ
MFD02579.bin.1.26	13.49051	HQ
MFD02579.bin.1.29	30.24076	HQ
MFD02579.bin.1.31	27.47411	HQ
MFD02579.bin.1.39	57.15776	HQ
MFD02579.bin.1.41	59.0384	HQ
MFD02579.bin.1.50	29.22566	HQ
MFD02579.bin.1.51	24.87179	HQ
MFD02579.bin.1.52	21.38391	HQ
MFD02579.bin.1.54	75.48965	HQ
MFD02579.bin.1.63	110.1327	HQ
MFD02579.bin.1.65	12.86393	HQ
MFD02579.bin.1.71	12.73338	HQ
MFD02579.bin.1.77	56.0531	HQ
MFD02579.bin.2.2	98.5646	HQ
MFD02581.bin.1.1	39.16719	HQ
MFD02581.bin.1.10	31.34142	HQ
MFD02581.bin.1.105	27.45413	HQ
MFD02581.bin.1.106	229.8808	HQ
MFD02581.bin.1.11	15.8067	HQ
MFD02581.bin.1.116	43.41745	HQ
MFD02581.bin.1.122	80.38902	HQ
MFD02581.bin.1.138	49.5521	HQ
MFD02581.bin.1.145	37.64798	HQ
MFD02581.bin.1.149	39.36029	HQ
MFD02581.bin.1.159	17.0598	HQ
MFD02581.bin.1.162	53.76323	HQ
MFD02581.bin.1.167	22.28432	HQ
MFD02581.bin.1.168	18.81838	HQ
MFD02581.bin.1.176	46.78632	HQ
MFD02581.bin.1.182	35.15602	HQ
MFD02581.bin.1.187	15.03497	HQ
MFD02581.bin.1.188	22.96416	HQ
MFD02581.bin.1.193	43.00549	HQ
MFD02581.bin.1.196	16.90626	HQ
MFD02581.bin.1.2	34.90867	HQ
MFD02581.bin.1.20	16.27447	HQ
MFD02581.bin.1.200	15.5011	HQ
MFD02581.bin.1.203	32.88289	HQ
MFD02581.bin.1.209	73.83551	HQ
MFD02581.bin.1.211	55.79085	HQ
MFD02581.bin.1.216	25.57642	HQ
MFD02581.bin.1.222	48.93987	HQ
MFD02581.bin.1.225	14.01144	HQ
MFD02581.bin.1.230	113.8742	HQ
MFD02581.bin.1.234	24.83951	HQ
MFD02581.bin.1.237	33.72165	HQ
MFD02581.bin.1.244	42.07956	HQ
MFD02581.bin.1.259	23.82413	HQ
MFD02581.bin.1.268	26.62686	HQ
MFD02581.bin.1.270	29.36006	HQ
MFD02581.bin.1.271	50.4986	HQ
MFD02581.bin.1.277	39.48426	HQ
MFD02581.bin.1.279	66.92731	HQ
MFD02581.bin.1.282	19.44686	HQ
MFD02581.bin.1.289	70.76342	HQ
MFD02581.bin.1.29	46.8653	HQ
MFD02581.bin.1.31	30.62982	HQ
MFD02581.bin.1.32	20.58099	HQ
MFD02581.bin.1.4	50.03526	HQ
MFD02581.bin.1.41	14.27256	HQ
MFD02581.bin.1.52	32.08169	HQ
MFD02581.bin.1.56	31.82035	HQ
MFD02581.bin.1.61	32.97163	HQ
MFD02581.bin.1.63	22.30307	HQ
MFD02581.bin.1.67	22.77728	HQ
MFD02581.bin.1.69	28.63155	HQ
MFD02581.bin.1.72	22.75009	HQ
MFD02581.bin.1.75	59.92552	HQ
MFD02581.bin.1.86	33.12207	HQ
MFD02581.bin.2.150	37.70633	HQ
MFD02581.bin.2.210	216.2023	HQ
MFD02581.bin.2.25	58.18935	HQ
MFD02581.bin.2.30	39.41116	HQ
MFD02581.bin.2.47	144.1041	HQ
MFD02581.bin.3.121	31.45996	HQ
MFD02581.bin.3.38	23.13946	HQ
MFD02581.bin.3.437	27.23388	HQ
MFD02581.bin.3.448	54.95665	HQ
MFD02581.bin.3.460	35.87974	HQ
MFD02671.bin.1.117	50.37988	HQ
MFD02671.bin.1.13	37.9396	HQ
MFD02671.bin.1.139	74.63928	HQ
MFD02671.bin.1.140	31.39524	HQ
MFD02671.bin.1.18	49.21238	HQ
MFD02671.bin.1.25	41.37944	HQ
MFD02671.bin.1.30	62.69449	HQ
MFD02671.bin.1.46	96.14574	HQ
MFD02671.bin.1.56	30.26378	HQ
MFD02671.bin.1.57	33.44014	HQ
MFD02671.bin.1.59	77.18531	HQ
MFD02671.bin.1.63	62.55107	HQ
MFD02671.bin.1.70	41.52681	HQ
MFD02671.bin.1.9	61.17838	HQ
MFD02671.bin.1.97	35.12528	HQ
MFD02671.bin.1.99	27.88765	HQ
MFD02809.bin.1.101	14.57639	HQ
MFD02809.bin.1.112	41.74492	HQ
MFD02809.bin.1.145	31.84228	HQ
MFD02809.bin.1.206	20.18856	HQ
MFD02809.bin.1.217	31.64623	HQ
MFD02809.bin.1.237	37.44536	HQ
MFD02809.bin.1.263	21.45724	HQ
MFD02809.bin.1.264	46.87653	HQ
MFD02809.bin.1.277	30.13941	HQ
MFD02809.bin.1.312	62.62483	HQ
MFD02809.bin.1.313	22.22326	HQ
MFD02809.bin.1.331	27.37849	HQ
MFD02809.bin.1.359	35.24303	HQ
MFD02809.bin.1.58	23.71583	HQ
MFD02809.bin.1.75	19.83305	HQ
MFD02809.bin.1.83	29.16257	HQ
MFD02809.bin.2.53	18.59714	HQ
MFD02832.bin.1.100	63.24038	HQ
MFD02832.bin.1.105	14.25563	HQ
MFD02832.bin.1.108	42.56147	HQ
MFD02832.bin.1.115	124.6228	HQ
MFD02832.bin.1.129	68.61155	HQ
MFD02832.bin.1.134	175.021	HQ
MFD02832.bin.1.135	63.49187	HQ
MFD02832.bin.1.142	74.13472	HQ
MFD02832.bin.1.145	21.96136	HQ
MFD02832.bin.1.149	28.55064	HQ
MFD02832.bin.1.152	86.03492	HQ
MFD02832.bin.1.154	59.94223	HQ
MFD02832.bin.1.158	39.91699	HQ
MFD02832.bin.1.159	37.30537	HQ
MFD02832.bin.1.170	18.7698	HQ
MFD02832.bin.1.173	23.42312	HQ
MFD02832.bin.1.176	29.54408	HQ
MFD02832.bin.1.177	44.7939	HQ
MFD02832.bin.1.178	63.89198	HQ
MFD02832.bin.1.179	29.22126	HQ
MFD02832.bin.1.183	18.02555	HQ
MFD02832.bin.1.184	121.0456	HQ
MFD02832.bin.1.185	19.29693	HQ
MFD02832.bin.1.191	72.89586	HQ
MFD02832.bin.1.21	471.0949	HQ
MFD02832.bin.1.22	28.93505	HQ
MFD02832.bin.1.25	69.33636	HQ
MFD02832.bin.1.27	68.90572	HQ
MFD02832.bin.1.28	31.4104	HQ
MFD02832.bin.1.3	55.45528	HQ
MFD02832.bin.1.30	29.61215	HQ
MFD02832.bin.1.31	19.38656	HQ
MFD02832.bin.1.36	90.04768	HQ
MFD02832.bin.1.37	48.04925	HQ
MFD02832.bin.1.4	35.02634	HQ
MFD02832.bin.1.42	51.33651	HQ
MFD02832.bin.1.55	65.12593	HQ
MFD02832.bin.1.63	20.75269	HQ
MFD02832.bin.1.64	63.47722	HQ
MFD02832.bin.1.68	42.98248	HQ
MFD02832.bin.1.72	92.25493	HQ
MFD02832.bin.1.77	56.01131	HQ
MFD02832.bin.1.79	18.28548	HQ
MFD02832.bin.1.88	66.03387	HQ
MFD02832.bin.1.89	51.15909	HQ
MFD02832.bin.1.9	52.80791	HQ
MFD02832.bin.1.93	38.44358	HQ
MFD02832.bin.1.96	32.56692	HQ
MFD02832.bin.1.97	50.29166	HQ
MFD02832.bin.2.132	25.28854	HQ
MFD02832.bin.2.48	32.92593	HQ
MFD02832.bin.3.66	504.4059	HQ
MFD02840.bin.1.11	15.10602	HQ
MFD02840.bin.1.123	30.11579	HQ
MFD02840.bin.1.13	35.45664	HQ
MFD02840.bin.1.134	36.44871	HQ
MFD02840.bin.1.155	91.77103	HQ
MFD02840.bin.1.159	42.93286	HQ
MFD02840.bin.1.166	26.97876	HQ
MFD02840.bin.1.179	51.12221	HQ
MFD02840.bin.1.19	17.663	HQ
MFD02840.bin.1.192	16.01491	HQ
MFD02840.bin.1.199	80.7227	HQ
MFD02840.bin.1.2	27.57033	HQ
MFD02840.bin.1.22	35.14434	HQ
MFD02840.bin.1.220	47.63775	HQ
MFD02840.bin.1.226	19.24367	HQ
MFD02840.bin.1.228	86.34255	HQ
MFD02840.bin.1.229	21.19855	HQ
MFD02840.bin.1.230	19.6918	HQ
MFD02840.bin.1.231	37.98179	HQ
MFD02840.bin.1.233	50.15751	HQ
MFD02840.bin.1.236	30.35866	HQ
MFD02840.bin.1.238	121.0233	HQ
MFD02840.bin.1.240	23.44327	HQ
MFD02840.bin.1.241	29.70295	HQ
MFD02840.bin.1.248	57.32431	HQ
MFD02840.bin.1.249	14.4235	HQ
MFD02840.bin.1.255	39.98463	HQ
MFD02840.bin.1.258	36.47209	HQ
MFD02840.bin.1.259	24.55269	HQ
MFD02840.bin.1.26	37.69968	HQ
MFD02840.bin.1.264	18.39753	HQ
MFD02840.bin.1.267	29.79838	HQ
MFD02840.bin.1.268	26.99318	HQ
MFD02840.bin.1.278	37.9184	HQ
MFD02840.bin.1.279	36.79023	HQ
MFD02840.bin.1.283	19.30935	HQ
MFD02840.bin.1.289	32.71806	HQ
MFD02840.bin.1.295	19.16677	HQ
MFD02840.bin.1.296	31.848	HQ
MFD02840.bin.1.3	46.91411	HQ
MFD02840.bin.1.300	24.27645	HQ
MFD02840.bin.1.302	32.02919	HQ
MFD02840.bin.1.303	45.44934	HQ
MFD02840.bin.1.307	34.66642	HQ
MFD02840.bin.1.311	25.53974	HQ
MFD02840.bin.1.317	32.92423	HQ
MFD02840.bin.1.319	28.69765	HQ
MFD02840.bin.1.32	25.6879	HQ
MFD02840.bin.1.327	33.79688	HQ
MFD02840.bin.1.33	54.84041	HQ
MFD02840.bin.1.354	67.07909	HQ
MFD02840.bin.1.357	40.14572	HQ
MFD02840.bin.1.372	34.49932	HQ
MFD02840.bin.1.376	73.71488	HQ
MFD02840.bin.1.380	48.80106	HQ
MFD02840.bin.1.387	84.85118	HQ
MFD02840.bin.1.397	36.91418	HQ
MFD02840.bin.1.400	75.4891	HQ
MFD02840.bin.1.405	19.48277	HQ
MFD02840.bin.1.406	15.71196	HQ
MFD02840.bin.1.414	71.76241	HQ
MFD02840.bin.1.418	59.02854	HQ
MFD02840.bin.1.419	42.21574	HQ
MFD02840.bin.1.420	15.00913	HQ
MFD02840.bin.1.423	24.89416	HQ
MFD02840.bin.1.46	39.48352	HQ
MFD02840.bin.1.5	14.52992	HQ
MFD02840.bin.1.57	28.52049	HQ
MFD02840.bin.1.69	90.80399	HQ
MFD02840.bin.1.7	25.0226	HQ
MFD02840.bin.1.73	15.169	HQ
MFD02840.bin.1.77	37.77505	HQ
MFD02840.bin.1.91	17.93586	HQ
MFD02840.bin.1.97	20.5125	HQ
MFD02840.bin.2.129	30.86227	HQ
MFD02840.bin.2.141	42.63045	HQ
MFD02840.bin.2.252	34.38076	HQ
MFD02840.bin.2.274	32.19846	HQ
MFD02840.bin.3.332	76.03962	HQ
MFD02840.bin.3.481	43.05262	HQ
MFD02840.bin.3.587	15.39447	HQ
MFD02840.bin.3.7	33.1761	HQ
MFD02923.bin.1.10	33.98452	HQ
MFD02923.bin.1.116	52.89218	HQ
MFD02923.bin.1.118	43.04705	HQ
MFD02923.bin.1.123	33.41535	HQ
MFD02923.bin.1.129	21.24717	HQ
MFD02923.bin.1.131	32.28242	HQ
MFD02923.bin.1.132	29.05632	HQ
MFD02923.bin.1.133	27.30024	HQ
MFD02923.bin.1.139	84.56325	HQ
MFD02923.bin.1.142	31.91736	HQ
MFD02923.bin.1.143	17.73832	HQ
MFD02923.bin.1.144	72.22433	HQ
MFD02923.bin.1.145	13.47482	HQ
MFD02923.bin.1.148	59.984	HQ
MFD02923.bin.1.150	84.79939	HQ
MFD02923.bin.1.151	19.1428	HQ
MFD02923.bin.1.160	16.61613	HQ
MFD02923.bin.1.166	20.41689	HQ
MFD02923.bin.1.168	45.15723	HQ
MFD02923.bin.1.27	22.98275	HQ
MFD02923.bin.1.29	19.62067	HQ
MFD02923.bin.1.35	24.62355	HQ
MFD02923.bin.1.36	154.6556	HQ
MFD02923.bin.1.41	42.13164	HQ
MFD02923.bin.1.43	13.71224	HQ
MFD02923.bin.1.44	64.71775	HQ
MFD02923.bin.1.45	14.33257	HQ
MFD02923.bin.1.48	162.025	HQ
MFD02923.bin.1.49	17.01333	HQ
MFD02923.bin.1.74	84.43917	HQ
MFD02923.bin.1.75	87.8252	HQ
MFD02923.bin.1.83	17.06112	HQ
MFD02923.bin.1.85	81.82445	HQ
MFD02923.bin.1.9	27.40926	HQ
MFD02923.bin.1.90	14.41804	HQ
MFD02923.bin.1.91	34.28295	HQ
MFD02923.bin.1.92	23.61825	HQ
MFD02923.bin.1.97	19.35442	HQ
MFD02923.bin.1.99	14.10834	HQ
MFD02923.bin.2.9	56.83312	HQ
MFD02979.bin.1.10	18.05127	HQ
MFD02979.bin.1.11	21.28118	HQ
MFD02979.bin.1.123	18.63822	HQ
MFD02979.bin.1.133	55.80846	HQ
MFD02979.bin.1.139	21.72534	HQ
MFD02979.bin.1.14	25.01768	HQ
MFD02979.bin.1.141	21.33755	HQ
MFD02979.bin.1.144	47.45647	HQ
MFD02979.bin.1.145	32.28764	HQ
MFD02979.bin.1.148	15.28908	HQ
MFD02979.bin.1.149	55.38782	HQ
MFD02979.bin.1.152	27.75869	HQ
MFD02979.bin.1.154	23.93159	HQ
MFD02979.bin.1.169	36.03345	HQ
MFD02979.bin.1.171	31.84326	HQ
MFD02979.bin.1.195	32.9774	HQ
MFD02979.bin.1.202	16.63548	HQ
MFD02979.bin.1.204	40.25436	HQ
MFD02979.bin.1.207	78.7255	HQ
MFD02979.bin.1.211	45.66673	HQ
MFD02979.bin.1.23	24.19866	HQ
MFD02979.bin.1.237	25.52706	HQ
MFD02979.bin.1.243	40.18178	HQ
MFD02979.bin.1.39	25.26916	HQ
MFD02979.bin.1.4	41.56291	HQ
MFD02979.bin.1.41	19.14723	HQ
MFD02979.bin.1.60	70.54162	HQ
MFD02979.bin.1.62	46.40955	HQ
MFD02979.bin.1.65	23.0323	HQ
MFD02979.bin.1.67	16.28914	HQ
MFD02979.bin.1.73	50.04172	HQ
MFD02979.bin.1.76	68.2356	HQ
MFD02979.bin.1.79	24.51625	HQ
MFD02979.bin.1.8	20.4939	HQ
MFD02979.bin.1.81	21.26957	HQ
MFD02979.bin.1.82	43.99696	HQ
MFD02979.bin.1.88	30.34855	HQ
MFD02979.bin.1.94	68.3243	HQ
MFD02979.bin.2.126	15.35732	HQ
MFD02979.bin.2.51	16.0894	HQ
MFD02979.bin.2.74	16.32999	HQ
MFD02979.bin.2.87	28.13625	HQ
MFD02979.bin.2.89	27.42548	HQ
MFD02979.bin.2.93	26.69733	HQ
MFD03044.bin.1.1	23.9319	HQ
MFD03044.bin.1.101	24.10702	HQ
MFD03044.bin.1.103	236.7106	HQ
MFD03044.bin.1.106	21.08245	HQ
MFD03044.bin.1.108	49.45438	HQ
MFD03044.bin.1.109	37.97514	HQ
MFD03044.bin.1.111	20.88518	HQ
MFD03044.bin.1.118	32.44707	HQ
MFD03044.bin.1.135	32.74163	HQ
MFD03044.bin.1.139	30.73457	HQ
MFD03044.bin.1.148	29.97968	HQ
MFD03044.bin.1.149	40.71236	HQ
MFD03044.bin.1.150	79.44846	HQ
MFD03044.bin.1.155	43.7933	HQ
MFD03044.bin.1.157	340.0228	HQ
MFD03044.bin.1.163	30.03319	HQ
MFD03044.bin.1.165	106.4558	HQ
MFD03044.bin.1.2	25.9746	HQ
MFD03044.bin.1.20	107.9449	HQ
MFD03044.bin.1.21	31.78365	HQ
MFD03044.bin.1.24	455.6653	HQ
MFD03044.bin.1.30	25.59149	HQ
MFD03044.bin.1.43	40.44075	HQ
MFD03044.bin.1.45	41.98281	HQ
MFD03044.bin.1.46	26.56729	HQ
MFD03044.bin.1.47	23.20257	HQ
MFD03044.bin.1.49	25.40542	HQ
MFD03044.bin.1.55	468.2178	HQ
MFD03044.bin.1.56	19.95851	HQ
MFD03044.bin.1.57	249.1973	HQ
MFD03044.bin.1.7	44.08313	HQ
MFD03044.bin.1.95	27.96332	HQ
MFD03044.bin.2.104	17.32934	HQ
MFD03044.bin.2.51	131.5266	HQ
MFD03044.bin.2.66	82.99275	HQ
MFD03044.bin.2.89	96.94619	HQ
MFD03066.bin.1.130	18.1479	HQ
MFD03066.bin.1.176	40.76942	HQ
MFD03066.bin.1.18	91.95228	HQ
MFD03066.bin.1.201	28.22029	HQ
MFD03066.bin.1.215	50.46133	HQ
MFD03066.bin.1.230	26.72936	HQ
MFD03066.bin.1.24	17.96847	HQ
MFD03066.bin.1.255	25.67352	HQ
MFD03066.bin.1.35	28.0509	HQ
MFD03066.bin.1.45	23.20032	HQ
MFD03066.bin.1.51	18.24915	HQ
MFD03066.bin.1.56	20.64966	HQ
MFD03066.bin.1.8	29.8559	HQ
MFD03066.bin.1.83	27.12049	HQ
MFD03066.bin.3.192	22.60236	HQ
MFD03250.bin.1.1	32.139	HQ
MFD03250.bin.1.10	86.13567	HQ
MFD03250.bin.1.107	65.48697	HQ
MFD03250.bin.1.109	23.63188	HQ
MFD03250.bin.1.112	21.30073	HQ
MFD03250.bin.1.113	53.13563	HQ
MFD03250.bin.1.114	194.7941	HQ
MFD03250.bin.1.115	629.5211	HQ
MFD03250.bin.1.116	99.48174	HQ
MFD03250.bin.1.117	48.67424	HQ
MFD03250.bin.1.118	192.211	HQ
MFD03250.bin.1.119	43.75243	HQ
MFD03250.bin.1.121	17.76317	HQ
MFD03250.bin.1.122	33.97852	HQ
MFD03250.bin.1.123	13.20424	HQ
MFD03250.bin.1.125	43.86158	HQ
MFD03250.bin.1.126	28.14777	HQ
MFD03250.bin.1.129	68.61917	HQ
MFD03250.bin.1.13	35.58289	HQ
MFD03250.bin.1.130	137.488	HQ
MFD03250.bin.1.131	58.21033	HQ
MFD03250.bin.1.133	49.58887	HQ
MFD03250.bin.1.134	279.21	HQ
MFD03250.bin.1.135	87.91105	HQ
MFD03250.bin.1.141	13.83375	HQ
MFD03250.bin.1.142	11.05851	HQ
MFD03250.bin.1.143	107.0955	HQ
MFD03250.bin.1.144	25.52851	HQ
MFD03250.bin.1.145	697.4435	HQ
MFD03250.bin.1.149	32.36894	HQ
MFD03250.bin.1.151	27.77909	HQ
MFD03250.bin.1.152	88.69707	HQ
MFD03250.bin.1.16	13.20408	HQ
MFD03250.bin.1.160	45.16688	HQ
MFD03250.bin.1.161	263.5329	HQ
MFD03250.bin.1.162	306.3493	HQ
MFD03250.bin.1.163	199.0105	HQ
MFD03250.bin.1.164	36.07133	HQ
MFD03250.bin.1.165	19.1572	HQ
MFD03250.bin.1.167	409.0608	HQ
MFD03250.bin.1.168	61.15944	HQ
MFD03250.bin.1.169	42.98575	HQ
MFD03250.bin.1.17	40.30936	HQ
MFD03250.bin.1.170	47.27178	HQ
MFD03250.bin.1.175	68.69074	HQ
MFD03250.bin.1.178	398.9019	HQ
MFD03250.bin.1.182	163.1533	HQ
MFD03250.bin.1.183	14.56449	HQ
MFD03250.bin.1.184	43.07612	HQ
MFD03250.bin.1.187	85.42326	HQ
MFD03250.bin.1.188	25.61429	HQ
MFD03250.bin.1.19	16.4832	HQ
MFD03250.bin.1.191	40.05142	HQ
MFD03250.bin.1.193	14.78381	HQ
MFD03250.bin.1.194	53.83266	HQ
MFD03250.bin.1.197	31.16846	HQ
MFD03250.bin.1.200	125.6334	HQ
MFD03250.bin.1.23	90.84306	HQ
MFD03250.bin.1.24	31.22431	HQ
MFD03250.bin.1.25	14.53115	HQ
MFD03250.bin.1.26	68.27413	HQ
MFD03250.bin.1.32	21.60202	HQ
MFD03250.bin.1.36	47.31049	HQ
MFD03250.bin.1.38	30.1765	HQ
MFD03250.bin.1.39	28.46843	HQ
MFD03250.bin.1.42	20.04503	HQ
MFD03250.bin.1.43	257.2844	HQ
MFD03250.bin.1.45	19.93371	HQ
MFD03250.bin.1.46	14.6538	HQ
MFD03250.bin.1.47	15.26276	HQ
MFD03250.bin.1.48	12.20385	HQ
MFD03250.bin.1.51	21.26352	HQ
MFD03250.bin.1.52	15.90243	HQ
MFD03250.bin.1.53	36.13748	HQ
MFD03250.bin.1.55	38.8083	HQ
MFD03250.bin.1.57	11.03467	HQ
MFD03250.bin.1.59	15.23859	HQ
MFD03250.bin.1.6	35.23275	HQ
MFD03250.bin.1.61	12.7267	HQ
MFD03250.bin.1.64	17.00242	HQ
MFD03250.bin.1.66	37.54194	HQ
MFD03250.bin.1.67	223.951	HQ
MFD03250.bin.1.69	23.36647	HQ
MFD03250.bin.1.70	61.70483	HQ
MFD03250.bin.1.74	12.82923	HQ
MFD03250.bin.1.86	35.2397	HQ
MFD03250.bin.1.9	13.71703	HQ
MFD03250.bin.1.95	75.66737	HQ
MFD03250.bin.2.77	1323.754	HQ
MFD03250.bin.2.95	171.1856	HQ
MFD03250.bin.3.145	32.75207	HQ
MFD03323.bin.1.10	8.855244	HQ
MFD03323.bin.1.108	59.30403	HQ
MFD03323.bin.1.124	10.41792	HQ
MFD03323.bin.1.136	221.7726	HQ
MFD03323.bin.1.140	345.8505	HQ
MFD03323.bin.1.143	133.2393	HQ
MFD03323.bin.1.18	71.77246	HQ
MFD03323.bin.1.56	13.31286	HQ
MFD03323.bin.1.82	39.71648	HQ
MFD03323.bin.1.98	69.51443	HQ
MFD03323.bin.2.33	12.69383	HQ
MFD03323.bin.2.59	19.39875	HQ
MFD03346.bin.1.1	25.73803	HQ
MFD03346.bin.1.10	21.39296	HQ
MFD03346.bin.1.121	69.55231	HQ
MFD03346.bin.1.125	80.32504	HQ
MFD03346.bin.1.129	23.99475	HQ
MFD03346.bin.1.13	21.2623	HQ
MFD03346.bin.1.134	60.72315	HQ
MFD03346.bin.1.136	22.32373	HQ
MFD03346.bin.1.139	41.12542	HQ
MFD03346.bin.1.142	22.42005	HQ
MFD03346.bin.1.144	83.57806	HQ
MFD03346.bin.1.148	21.94025	HQ
MFD03346.bin.1.149	41.55153	HQ
MFD03346.bin.1.30	53.04218	HQ
MFD03346.bin.1.39	178.4379	HQ
MFD03346.bin.1.44	21.08483	HQ
MFD03346.bin.1.46	18.95575	HQ
MFD03346.bin.1.51	21.71822	HQ
MFD03346.bin.1.6	57.25218	HQ
MFD03346.bin.1.66	57.19029	HQ
MFD03346.bin.1.71	33.614	HQ
MFD03346.bin.1.72	33.74005	HQ
MFD03346.bin.1.73	98.03213	HQ
MFD03346.bin.1.74	24.69409	HQ
MFD03346.bin.1.77	11.65745	HQ
MFD03346.bin.1.85	215.6672	HQ
MFD03346.bin.1.9	23.58233	HQ
MFD03346.bin.1.90	17.47449	HQ
MFD03346.bin.1.92	18.29298	HQ
MFD03346.bin.1.96	23.43924	HQ
MFD03346.bin.2.106	28.12994	HQ
MFD03346.bin.2.46	29.72544	HQ
MFD03346.bin.2.88	22.36257	HQ
MFD03346.bin.2.99	16.74787	HQ
MFD03399.bin.1.108	306.7369	HQ
MFD03399.bin.1.110	21.44727	HQ
MFD03399.bin.1.12	34.45142	HQ
MFD03399.bin.1.125	43.21926	HQ
MFD03399.bin.1.129	67.81686	HQ
MFD03399.bin.1.130	113.5562	HQ
MFD03399.bin.1.132	21.21526	HQ
MFD03399.bin.1.133	67.61977	HQ
MFD03399.bin.1.134	16.59934	HQ
MFD03399.bin.1.137	20.64344	HQ
MFD03399.bin.1.157	237.5354	HQ
MFD03399.bin.1.164	15.45464	HQ
MFD03399.bin.1.170	31.64675	HQ
MFD03399.bin.1.177	63.41959	HQ
MFD03399.bin.1.20	100.9916	HQ
MFD03399.bin.1.21	33.69091	HQ
MFD03399.bin.1.26	18.01086	HQ
MFD03399.bin.1.28	85.95339	HQ
MFD03399.bin.1.3	16.44869	HQ
MFD03399.bin.1.31	26.58098	HQ
MFD03399.bin.1.33	49.4729	HQ
MFD03399.bin.1.35	34.88759	HQ
MFD03399.bin.1.4	150.0075	HQ
MFD03399.bin.1.45	36.80627	HQ
MFD03399.bin.1.51	18.70558	HQ
MFD03399.bin.1.53	117.3522	HQ
MFD03399.bin.1.54	124.9042	HQ
MFD03399.bin.1.55	25.30719	HQ
MFD03399.bin.1.6	106.3809	HQ
MFD03399.bin.1.67	19.17433	HQ
MFD03399.bin.1.71	82.20969	HQ
MFD03399.bin.1.73	50.81233	HQ
MFD03399.bin.1.83	57.11929	HQ
MFD03399.bin.1.9	16.18098	HQ
MFD03399.bin.1.95	58.67435	HQ
MFD03399.bin.1.96	97.96101	HQ
MFD03399.bin.2.118	117.8527	HQ
MFD03399.bin.2.54	233.9949	HQ
MFD03551.bin.1.10	23.31566	HQ
MFD03551.bin.1.105	15.11785	HQ
MFD03551.bin.1.110	17.28941	HQ
MFD03551.bin.1.13	33.65321	HQ
MFD03551.bin.1.130	34.57482	HQ
MFD03551.bin.1.131	36.3665	HQ
MFD03551.bin.1.137	38.34349	HQ
MFD03551.bin.1.140	43.27248	HQ
MFD03551.bin.1.144	55.98842	HQ
MFD03551.bin.1.145	62.94413	HQ
MFD03551.bin.1.147	21.75984	HQ
MFD03551.bin.1.153	15.61919	HQ
MFD03551.bin.1.155	21.56869	HQ
MFD03551.bin.1.156	39.83749	HQ
MFD03551.bin.1.158	17.27922	HQ
MFD03551.bin.1.18	102.6634	HQ
MFD03551.bin.1.37	26.13099	HQ
MFD03551.bin.1.48	15.96431	HQ
MFD03551.bin.1.5	30.03328	HQ
MFD03551.bin.1.73	35.56092	HQ
MFD03551.bin.1.74	26.34375	HQ
MFD03551.bin.1.83	17.61926	HQ
MFD03551.bin.2.20	42.1282	HQ
MFD03551.bin.2.28	25.4047	HQ
MFD03551.bin.2.49	49.03137	HQ
MFD03551.bin.2.61	21.62652	HQ
MFD03551.bin.2.90	71.03604	HQ
MFD03602.bin.1.61	25.45155	HQ
MFD03602.bin.1.67	27.1201	HQ
MFD03602.bin.1.72	37.09103	HQ
MFD03726.bin.1.10	39.23355	HQ
MFD03726.bin.1.113	50.24811	HQ
MFD03726.bin.1.123	46.85619	HQ
MFD03726.bin.1.124	190.3102	HQ
MFD03726.bin.1.125	19.2812	HQ
MFD03726.bin.1.127	19.11822	HQ
MFD03726.bin.1.13	63.59285	HQ
MFD03726.bin.1.133	60.83603	HQ
MFD03726.bin.1.138	29.89224	HQ
MFD03726.bin.1.14	23.28017	HQ
MFD03726.bin.1.148	62.91763	HQ
MFD03726.bin.1.149	20.37803	HQ
MFD03726.bin.1.150	14.35845	HQ
MFD03726.bin.1.151	19.50092	HQ
MFD03726.bin.1.17	83.10343	HQ
MFD03726.bin.1.170	17.58712	HQ
MFD03726.bin.1.177	31.86116	HQ
MFD03726.bin.1.19	53.01004	HQ
MFD03726.bin.1.194	26.70682	HQ
MFD03726.bin.1.195	99.67753	HQ
MFD03726.bin.1.201	59.97697	HQ
MFD03726.bin.1.203	8.943513	HQ
MFD03726.bin.1.208	15.0692	HQ
MFD03726.bin.1.212	43.17997	HQ
MFD03726.bin.1.218	103.9189	HQ
MFD03726.bin.1.222	39.35419	HQ
MFD03726.bin.1.226	17.10984	HQ
MFD03726.bin.1.229	30.90839	HQ
MFD03726.bin.1.230	29.89894	HQ
MFD03726.bin.1.241	14.4259	HQ
MFD03726.bin.1.243	14.73048	HQ
MFD03726.bin.1.27	73.05871	HQ
MFD03726.bin.1.29	29.64474	HQ
MFD03726.bin.1.3	48.14	HQ
MFD03726.bin.1.47	10.94655	HQ
MFD03726.bin.1.49	121.6854	HQ
MFD03726.bin.1.50	45.61753	HQ
MFD03726.bin.1.54	48.97319	HQ
MFD03726.bin.1.57	42.9456	HQ
MFD03726.bin.1.6	26.79015	HQ
MFD03726.bin.1.60	26.17508	HQ
MFD03726.bin.1.62	20.93253	HQ
MFD03726.bin.1.63	57.18845	HQ
MFD03726.bin.1.65	24.77179	HQ
MFD03726.bin.1.68	14.89613	HQ
MFD03726.bin.1.73	24.75871	HQ
MFD03726.bin.1.74	35.63678	HQ
MFD03726.bin.1.76	25.97138	HQ
MFD03726.bin.1.80	13.34948	HQ
MFD03726.bin.2.26	12.885	HQ
MFD03726.bin.2.46	67.24397	HQ
MFD03726.bin.2.9	47.0037	HQ
MFD03804.bin.1.100	31.00906	HQ
MFD03804.bin.1.101	16.67201	HQ
MFD03804.bin.1.111	32.95777	HQ
MFD03804.bin.1.12	20.12221	HQ
MFD03804.bin.1.13	87.4322	HQ
MFD03804.bin.1.132	24.80102	HQ
MFD03804.bin.1.151	98.28883	HQ
MFD03804.bin.1.157	18.2504	HQ
MFD03804.bin.1.160	25.40833	HQ
MFD03804.bin.1.162	53.80221	HQ
MFD03804.bin.1.164	181.2046	HQ
MFD03804.bin.1.166	76.55013	HQ
MFD03804.bin.1.167	33.74257	HQ
MFD03804.bin.1.168	70.93966	HQ
MFD03804.bin.1.169	26.91656	HQ
MFD03804.bin.1.170	34.24645	HQ
MFD03804.bin.1.183	24.07053	HQ
MFD03804.bin.1.185	15.66025	HQ
MFD03804.bin.1.187	17.80357	HQ
MFD03804.bin.1.189	16.23719	HQ
MFD03804.bin.1.194	17.56642	HQ
MFD03804.bin.1.198	30.8396	HQ
MFD03804.bin.1.2	14.46528	HQ
MFD03804.bin.1.203	23.6397	HQ
MFD03804.bin.1.207	20.6278	HQ
MFD03804.bin.1.209	28.32233	HQ
MFD03804.bin.1.21	23.44335	HQ
MFD03804.bin.1.213	11.71318	HQ
MFD03804.bin.1.224	22.41919	HQ
MFD03804.bin.1.229	84.01745	HQ
MFD03804.bin.1.231	17.91605	HQ
MFD03804.bin.1.232	23.30665	HQ
MFD03804.bin.1.235	24.9143	HQ
MFD03804.bin.1.238	19.13256	HQ
MFD03804.bin.1.24	145.8662	HQ
MFD03804.bin.1.241	89.2141	HQ
MFD03804.bin.1.249	24.29788	HQ
MFD03804.bin.1.251	39.43774	HQ
MFD03804.bin.1.257	19.1677	HQ
MFD03804.bin.1.262	18.79728	HQ
MFD03804.bin.1.265	29.15922	HQ
MFD03804.bin.1.269	22.57207	HQ
MFD03804.bin.1.273	50.15041	HQ
MFD03804.bin.1.279	18.27392	HQ
MFD03804.bin.1.32	16.88402	HQ
MFD03804.bin.1.34	29.12818	HQ
MFD03804.bin.1.36	14.32872	HQ
MFD03804.bin.1.37	16.23274	HQ
MFD03804.bin.1.39	22.10907	HQ
MFD03804.bin.1.4	38.17482	HQ
MFD03804.bin.1.42	16.37736	HQ
MFD03804.bin.1.44	55.9899	HQ
MFD03804.bin.1.47	26.38903	HQ
MFD03804.bin.1.5	30.38448	HQ
MFD03804.bin.1.53	27.6999	HQ
MFD03804.bin.1.56	54.32944	HQ
MFD03804.bin.1.6	33.93228	HQ
MFD03804.bin.1.60	36.7897	HQ
MFD03804.bin.1.66	28.21141	HQ
MFD03804.bin.1.67	31.36123	HQ
MFD03804.bin.1.68	26.53299	HQ
MFD03804.bin.1.74	24.19606	HQ
MFD03804.bin.1.76	20.41644	HQ
MFD03804.bin.1.79	27.47076	HQ
MFD03804.bin.1.8	20.84118	HQ
MFD03804.bin.1.81	28.25206	HQ
MFD03804.bin.1.84	18.30626	HQ
MFD03804.bin.1.88	17.64725	HQ
MFD03804.bin.1.93	19.64844	HQ
MFD03804.bin.1.96	35.73582	HQ
MFD03804.bin.2.106	55.72608	HQ
MFD03804.bin.2.135	21.18656	HQ
MFD03804.bin.2.142	25.33931	HQ
MFD03804.bin.2.57	172.3872	HQ
MFD03804.bin.3.132	23.57604	HQ
MFD03899.bin.1.111	16.70713	HQ
MFD03899.bin.1.130	27.02569	HQ
MFD03899.bin.1.137	25.76707	HQ
MFD03899.bin.1.178	76.62655	HQ
MFD03899.bin.1.184	25.33587	HQ
MFD03899.bin.1.187	20.70207	HQ
MFD03899.bin.1.231	23.64581	HQ
MFD03899.bin.1.233	16.14239	HQ
MFD03899.bin.1.28	18.39558	HQ
MFD03899.bin.1.41	90.59832	HQ
MFD03899.bin.1.52	19.12777	HQ
MFD03899.bin.3.121	38.2938	HQ
MFD03899.bin.3.229	38.2625	HQ
MFD03975.bin.1.103	29.82823	HQ
MFD03975.bin.1.150	38.38599	HQ
MFD03975.bin.1.151	23.45242	HQ
MFD03975.bin.1.166	133.6336	HQ
MFD03975.bin.1.169	48.71737	HQ
MFD03975.bin.1.215	54.47311	HQ
MFD03975.bin.1.217	44.55953	HQ
MFD03975.bin.1.240	21.51968	HQ
MFD03975.bin.1.244	32.33357	HQ
MFD03975.bin.1.276	52.86934	HQ
MFD03975.bin.1.282	35.083	HQ
MFD03975.bin.1.3	25.10362	HQ
MFD03975.bin.1.33	19.21802	HQ
MFD03975.bin.1.47	30.26999	HQ
MFD03975.bin.1.62	26.46291	HQ
MFD03975.bin.1.9	26.97415	HQ
MFD03975.bin.2.71	25.33903	HQ
MFD04212.bin.1.1	30.32526	HQ
MFD04212.bin.1.10	47.40367	HQ
MFD04212.bin.1.11	30.32239	HQ
MFD04212.bin.1.130	56.64926	HQ
MFD04212.bin.1.138	19.8319	HQ
MFD04212.bin.1.152	56.95818	HQ
MFD04212.bin.1.158	172.8022	HQ
MFD04212.bin.1.16	61.70657	HQ
MFD04212.bin.1.161	34.50582	HQ
MFD04212.bin.1.165	30.72777	HQ
MFD04212.bin.1.169	23.93768	HQ
MFD04212.bin.1.17	19.50274	HQ
MFD04212.bin.1.177	21.82587	HQ
MFD04212.bin.1.179	24.23582	HQ
MFD04212.bin.1.180	194.9958	HQ
MFD04212.bin.1.184	22.55653	HQ
MFD04212.bin.1.186	107.7893	HQ
MFD04212.bin.1.19	28.85891	HQ
MFD04212.bin.1.190	26.92282	HQ
MFD04212.bin.1.193	31.72069	HQ
MFD04212.bin.1.198	28.80507	HQ
MFD04212.bin.1.200	19.93085	HQ
MFD04212.bin.1.205	17.97619	HQ
MFD04212.bin.1.206	30.42831	HQ
MFD04212.bin.1.208	31.01602	HQ
MFD04212.bin.1.21	58.75607	HQ
MFD04212.bin.1.211	24.22923	HQ
MFD04212.bin.1.214	31.42537	HQ
MFD04212.bin.1.232	25.02516	HQ
MFD04212.bin.1.234	56.33071	HQ
MFD04212.bin.1.237	36.08297	HQ
MFD04212.bin.1.24	206.3044	HQ
MFD04212.bin.1.25	66.44558	HQ
MFD04212.bin.1.269	29.62692	HQ
MFD04212.bin.1.289	36.53577	HQ
MFD04212.bin.1.291	32.06764	HQ
MFD04212.bin.1.292	27.61946	HQ
MFD04212.bin.1.294	27.85327	HQ
MFD04212.bin.1.298	30.65654	HQ
MFD04212.bin.1.3	27.94312	HQ
MFD04212.bin.1.303	40.63571	HQ
MFD04212.bin.1.309	17.30997	HQ
MFD04212.bin.1.315	150.2998	HQ
MFD04212.bin.1.32	54.28261	HQ
MFD04212.bin.1.320	34.29038	HQ
MFD04212.bin.1.326	40.86626	HQ
MFD04212.bin.1.40	17.71032	HQ
MFD04212.bin.1.42	15.7915	HQ
MFD04212.bin.1.43	25.86619	HQ
MFD04212.bin.1.44	22.76679	HQ
MFD04212.bin.1.45	32.24797	HQ
MFD04212.bin.1.56	24.20943	HQ
MFD04212.bin.1.59	54.33281	HQ
MFD04212.bin.1.65	109.3429	HQ
MFD04212.bin.1.66	40.13199	HQ
MFD04212.bin.1.67	26.332	HQ
MFD04212.bin.1.71	19.08566	HQ
MFD04212.bin.1.72	34.42329	HQ
MFD04212.bin.1.81	20.48176	HQ
MFD04212.bin.1.86	23.48089	HQ
MFD04212.bin.1.89	21.2202	HQ
MFD04212.bin.1.9	16.92598	HQ
MFD04212.bin.1.94	19.30842	HQ
MFD04212.bin.2.100	79.73648	HQ
MFD04212.bin.2.233	43.29353	HQ
MFD04212.bin.3.167	44.73337	HQ
MFD04408.bin.1.1	44.62345	HQ
MFD04408.bin.1.100	62.12797	HQ
MFD04408.bin.1.126	14.88306	HQ
MFD04408.bin.1.13	44.22734	HQ
MFD04408.bin.1.133	148.4566	HQ
MFD04408.bin.1.134	31.01413	HQ
MFD04408.bin.1.14	32.34853	HQ
MFD04408.bin.1.141	21.77069	HQ
MFD04408.bin.1.159	38.12795	HQ
MFD04408.bin.1.165	56.01203	HQ
MFD04408.bin.1.172	76.9996	HQ
MFD04408.bin.1.174	43.40369	HQ
MFD04408.bin.1.18	79.24232	HQ
MFD04408.bin.1.182	42.51294	HQ
MFD04408.bin.1.221	14.6666	HQ
MFD04408.bin.1.29	60.38433	HQ
MFD04408.bin.1.36	20.23054	HQ
MFD04408.bin.1.44	33.58225	HQ
MFD04408.bin.1.52	47.25429	HQ
MFD04408.bin.1.55	41.39563	HQ
MFD04408.bin.1.58	82.72657	HQ
MFD04408.bin.1.61	16.89047	HQ
MFD04408.bin.1.9	213.4649	HQ
MFD04408.bin.1.96	54.18394	HQ
MFD04428.bin.1.10	24.2557	HQ
MFD04428.bin.1.101	61.869	HQ
MFD04428.bin.1.112	75.5025	HQ
MFD04428.bin.1.147	16.54415	HQ
MFD04428.bin.1.152	22.03978	HQ
MFD04428.bin.1.167	35.55784	HQ
MFD04428.bin.1.17	95.76276	HQ
MFD04428.bin.1.177	45.20001	HQ
MFD04428.bin.1.181	47.43185	HQ
MFD04428.bin.1.20	26.15029	HQ
MFD04428.bin.1.4	59.82706	HQ
MFD04428.bin.1.55	52.34352	HQ
MFD04428.bin.1.58	19.47356	HQ
MFD04428.bin.1.66	58.62544	HQ
MFD04428.bin.1.71	15.72636	HQ
MFD04428.bin.1.72	30.48402	HQ
MFD04428.bin.1.96	38.01834	HQ
MFD04428.bin.2.2	30.00549	HQ
MFD04428.bin.2.43	50.17177	HQ
MFD04434.bin.1.109	28.75412	HQ
MFD04434.bin.1.11	26.14216	HQ
MFD04434.bin.1.116	31.74942	HQ
MFD04434.bin.1.117	72.61996	HQ
MFD04434.bin.1.119	40.56778	HQ
MFD04434.bin.1.123	37.20116	HQ
MFD04434.bin.1.124	17.89838	HQ
MFD04434.bin.1.125	196.9833	HQ
MFD04434.bin.1.131	59.73771	HQ
MFD04434.bin.1.136	38.38162	HQ
MFD04434.bin.1.140	27.43127	HQ
MFD04434.bin.1.145	56.5476	HQ
MFD04434.bin.1.151	27.87536	HQ
MFD04434.bin.1.159	323.3626	HQ
MFD04434.bin.1.16	24.31616	HQ
MFD04434.bin.1.169	63.09431	HQ
MFD04434.bin.1.17	21.72359	HQ
MFD04434.bin.1.171	36.11343	HQ
MFD04434.bin.1.18	49.50016	HQ
MFD04434.bin.1.184	23.83867	HQ
MFD04434.bin.1.190	14.79995	HQ
MFD04434.bin.1.31	35.9992	HQ
MFD04434.bin.1.33	55.42614	HQ
MFD04434.bin.1.35	62.21237	HQ
MFD04434.bin.1.36	20.37002	HQ
MFD04434.bin.1.37	36.58915	HQ
MFD04434.bin.1.39	18.17169	HQ
MFD04434.bin.1.41	24.9829	HQ
MFD04434.bin.1.44	31.07219	HQ
MFD04434.bin.1.46	124.302	HQ
MFD04434.bin.1.49	29.12617	HQ
MFD04434.bin.1.50	37.68754	HQ
MFD04434.bin.1.60	38.1144	HQ
MFD04434.bin.1.61	35.53933	HQ
MFD04434.bin.1.78	27.13183	HQ
MFD04434.bin.1.80	16.87842	HQ
MFD04434.bin.2.133	31.23145	HQ
MFD04434.bin.3.232	18.44976	HQ
MFD04463.bin.1.10	20.10079	HQ
MFD04463.bin.1.103	23.50032	HQ
MFD04463.bin.1.106	22.66631	HQ
MFD04463.bin.1.108	13.88467	HQ
MFD04463.bin.1.121	42.58631	HQ
MFD04463.bin.1.126	38.04205	HQ
MFD04463.bin.1.133	21.50262	HQ
MFD04463.bin.1.137	18.56428	HQ
MFD04463.bin.1.138	151.3054	HQ
MFD04463.bin.1.14	15.82234	HQ
MFD04463.bin.1.146	24.87108	HQ
MFD04463.bin.1.148	56.72234	HQ
MFD04463.bin.1.15	19.51212	HQ
MFD04463.bin.1.172	67.11664	HQ
MFD04463.bin.1.19	38.78215	HQ
MFD04463.bin.1.193	30.28833	HQ
MFD04463.bin.1.197	15.89063	HQ
MFD04463.bin.1.204	35.67657	HQ
MFD04463.bin.1.206	31.53475	HQ
MFD04463.bin.1.207	96.49486	HQ
MFD04463.bin.1.211	34.94029	HQ
MFD04463.bin.1.212	61.37978	HQ
MFD04463.bin.1.216	79.09106	HQ
MFD04463.bin.1.219	21.31371	HQ
MFD04463.bin.1.221	40.8031	HQ
MFD04463.bin.1.222	25.5015	HQ
MFD04463.bin.1.226	30.64905	HQ
MFD04463.bin.1.241	40.72327	HQ
MFD04463.bin.1.248	44.59381	HQ
MFD04463.bin.1.253	27.61824	HQ
MFD04463.bin.1.255	36.31024	HQ
MFD04463.bin.1.256	23.70771	HQ
MFD04463.bin.1.273	111.1884	HQ
MFD04463.bin.1.282	71.15689	HQ
MFD04463.bin.1.284	21.75507	HQ
MFD04463.bin.1.288	162.3182	HQ
MFD04463.bin.1.295	18.81211	HQ
MFD04463.bin.1.296	25.86566	HQ
MFD04463.bin.1.298	61.50412	HQ
MFD04463.bin.1.306	26.94798	HQ
MFD04463.bin.1.321	60.70197	HQ
MFD04463.bin.1.35	25.18396	HQ
MFD04463.bin.1.41	31.2152	HQ
MFD04463.bin.1.43	52.10484	HQ
MFD04463.bin.1.45	18.61773	HQ
MFD04463.bin.1.49	36.28641	HQ
MFD04463.bin.1.56	99.87877	HQ
MFD04463.bin.1.58	18.76377	HQ
MFD04463.bin.1.59	39.73921	HQ
MFD04463.bin.1.65	19.81076	HQ
MFD04463.bin.1.72	19.44364	HQ
MFD04463.bin.1.82	35.83013	HQ
MFD04463.bin.1.91	54.10037	HQ
MFD04463.bin.1.93	17.87751	HQ
MFD04463.bin.2.22	64.35807	HQ
MFD04463.bin.2.77	52.55071	HQ
MFD04463.bin.2.78	80.01405	HQ
MFD04463.bin.3.24	31.93415	HQ
MFD04463.bin.3.58	36.47246	HQ
MFD04492.bin.1.1	26.05199	HQ
MFD04492.bin.1.102	22.49556	HQ
MFD04492.bin.1.108	51.1969	HQ
MFD04492.bin.1.120	16.23064	HQ
MFD04492.bin.1.127	44.29549	HQ
MFD04492.bin.1.129	16.72247	HQ
MFD04492.bin.1.138	40.9492	HQ
MFD04492.bin.1.14	28.05825	HQ
MFD04492.bin.1.142	16.85174	HQ
MFD04492.bin.1.143	20.1173	HQ
MFD04492.bin.1.15	40.99967	HQ
MFD04492.bin.1.18	31.62996	HQ
MFD04492.bin.1.183	184.7596	HQ
MFD04492.bin.1.190	20.3793	HQ
MFD04492.bin.1.203	56.21842	HQ
MFD04492.bin.1.27	76.20513	HQ
MFD04492.bin.1.43	42.74513	HQ
MFD04492.bin.1.56	32.14811	HQ
MFD04492.bin.1.74	29.79812	HQ
MFD04492.bin.2.88	197.4996	HQ
MFD04540.bin.1.1	78.73709	HQ
MFD04540.bin.1.106	27.29456	HQ
MFD04540.bin.1.109	22.7465	HQ
MFD04540.bin.1.115	36.38668	HQ
MFD04540.bin.1.122	85.34559	HQ
MFD04540.bin.1.126	14.69378	HQ
MFD04540.bin.1.129	21.04822	HQ
MFD04540.bin.1.13	58.36495	HQ
MFD04540.bin.1.132	18.94847	HQ
MFD04540.bin.1.137	109.8031	HQ
MFD04540.bin.1.138	81.8344	HQ
MFD04540.bin.1.139	49.98066	HQ
MFD04540.bin.1.14	22.4507	HQ
MFD04540.bin.1.142	47.06289	HQ
MFD04540.bin.1.144	27.20659	HQ
MFD04540.bin.1.145	54.94818	HQ
MFD04540.bin.1.147	23.49651	HQ
MFD04540.bin.1.150	19.51113	HQ
MFD04540.bin.1.152	30.40181	HQ
MFD04540.bin.1.154	39.04672	HQ
MFD04540.bin.1.17	16.09018	HQ
MFD04540.bin.1.19	38.21332	HQ
MFD04540.bin.1.21	50.57789	HQ
MFD04540.bin.1.23	63.84818	HQ
MFD04540.bin.1.24	175.3815	HQ
MFD04540.bin.1.26	29.11498	HQ
MFD04540.bin.1.28	12.84383	HQ
MFD04540.bin.1.29	18.86778	HQ
MFD04540.bin.1.3	13.75767	HQ
MFD04540.bin.1.34	38.80082	HQ
MFD04540.bin.1.38	29.15809	HQ
MFD04540.bin.1.39	45.70169	HQ
MFD04540.bin.1.4	42.78286	HQ
MFD04540.bin.1.40	68.86017	HQ
MFD04540.bin.1.59	39.73791	HQ
MFD04540.bin.1.6	39.15792	HQ
MFD04540.bin.1.68	28.73756	HQ
MFD04540.bin.1.70	69.62903	HQ
MFD04540.bin.1.71	90.60481	HQ
MFD04540.bin.1.72	49.00719	HQ
MFD04540.bin.1.73	42.9451	HQ
MFD04540.bin.1.74	57.02565	HQ
MFD04540.bin.1.76	54.26688	HQ
MFD04540.bin.1.79	47.53086	HQ
MFD04540.bin.1.82	27.34624	HQ
MFD04540.bin.1.84	41.84026	HQ
MFD04540.bin.1.88	28.68268	HQ
MFD04540.bin.2.100	23.9046	HQ
MFD04570.bin.1.1	62.60186	HQ
MFD04570.bin.1.109	32.38412	HQ
MFD04570.bin.1.112	35.71529	HQ
MFD04570.bin.1.113	30.77067	HQ
MFD04570.bin.1.153	20.8494	HQ
MFD04570.bin.1.19	16.61956	HQ
MFD04570.bin.1.28	59.78022	HQ
MFD04570.bin.1.3	22.69933	HQ
MFD04570.bin.1.38	71.97587	HQ
MFD04580.bin.1.117	38.91613	HQ
MFD04580.bin.1.119	47.35689	HQ
MFD04580.bin.1.121	15.88698	HQ
MFD04580.bin.1.124	17.95083	HQ
MFD04580.bin.1.135	22.40383	HQ
MFD04580.bin.1.136	47.86285	HQ
MFD04580.bin.1.141	32.61589	HQ
MFD04580.bin.1.150	23.04891	HQ
MFD04580.bin.1.152	33.11346	HQ
MFD04580.bin.1.159	49.61339	HQ
MFD04580.bin.1.163	42.89341	HQ
MFD04580.bin.1.164	43.52448	HQ
MFD04580.bin.1.17	35.12904	HQ
MFD04580.bin.1.170	30.37628	HQ
MFD04580.bin.1.172	38.67642	HQ
MFD04580.bin.1.178	37.85846	HQ
MFD04580.bin.1.18	38.74806	HQ
MFD04580.bin.1.19	48.14841	HQ
MFD04580.bin.1.28	34.74397	HQ
MFD04580.bin.1.32	32.16823	HQ
MFD04580.bin.1.34	45.67117	HQ
MFD04580.bin.1.35	39.079	HQ
MFD04580.bin.1.37	21.15147	HQ
MFD04580.bin.1.38	22.43206	HQ
MFD04580.bin.1.40	17.64585	HQ
MFD04580.bin.1.42	30.37875	HQ
MFD04580.bin.1.45	23.74087	HQ
MFD04580.bin.1.47	36.34242	HQ
MFD04580.bin.1.48	22.49276	HQ
MFD04580.bin.1.6	54.8889	HQ
MFD04580.bin.1.68	17.87456	HQ
MFD04580.bin.1.79	30.40412	HQ
MFD04580.bin.1.80	37.88762	HQ
MFD04580.bin.1.82	22.76271	HQ
MFD04580.bin.1.85	18.8226	HQ
MFD04580.bin.1.87	24.08478	HQ
MFD04580.bin.1.88	51.75016	HQ
MFD04580.bin.1.89	17.02793	HQ
MFD04580.bin.1.9	21.10411	HQ
MFD04580.bin.1.91	34.06527	HQ
MFD04580.bin.2.108	23.51969	HQ
MFD04580.bin.3.330	24.36602	HQ
MFD04651.bin.1.106	17.97562	HQ
MFD04651.bin.1.122	41.91813	HQ
MFD04651.bin.1.124	21.23067	HQ
MFD04651.bin.1.127	16.08532	HQ
MFD04651.bin.1.131	76.12688	HQ
MFD04651.bin.1.135	46.82735	HQ
MFD04651.bin.1.136	27.54181	HQ
MFD04651.bin.1.138	26.01259	HQ
MFD04651.bin.1.139	46.03118	HQ
MFD04651.bin.1.140	25.66296	HQ
MFD04651.bin.1.141	33.4457	HQ
MFD04651.bin.1.148	21.30884	HQ
MFD04651.bin.1.149	135.7345	HQ
MFD04651.bin.1.151	43.93386	HQ
MFD04651.bin.1.164	23.18105	HQ
MFD04651.bin.1.166	32.61132	HQ
MFD04651.bin.1.168	16.09288	HQ
MFD04651.bin.1.17	76.77505	HQ
MFD04651.bin.1.172	38.71705	HQ
MFD04651.bin.1.173	21.31685	HQ
MFD04651.bin.1.175	45.70531	HQ
MFD04651.bin.1.176	37.31018	HQ
MFD04651.bin.1.18	56.63841	HQ
MFD04651.bin.1.182	33.31064	HQ
MFD04651.bin.1.196	33.82146	HQ
MFD04651.bin.1.201	16.24865	HQ
MFD04651.bin.1.211	27.09553	HQ
MFD04651.bin.1.215	107.3033	HQ
MFD04651.bin.1.216	45.6709	HQ
MFD04651.bin.1.217	123.1859	HQ
MFD04651.bin.1.22	25.7131	HQ
MFD04651.bin.1.221	57.1689	HQ
MFD04651.bin.1.223	30.25707	HQ
MFD04651.bin.1.226	29.09787	HQ
MFD04651.bin.1.228	34.08213	HQ
MFD04651.bin.1.23	20.63404	HQ
MFD04651.bin.1.230	144.9305	HQ
MFD04651.bin.1.233	50.42483	HQ
MFD04651.bin.1.234	116.5598	HQ
MFD04651.bin.1.237	38.72778	HQ
MFD04651.bin.1.238	37.91861	HQ
MFD04651.bin.1.239	28.61112	HQ
MFD04651.bin.1.240	24.86557	HQ
MFD04651.bin.1.26	22.9401	HQ
MFD04651.bin.1.29	38.37468	HQ
MFD04651.bin.1.44	32.2178	HQ
MFD04651.bin.1.47	14.74852	HQ
MFD04651.bin.1.48	33.83521	HQ
MFD04651.bin.1.50	23.09789	HQ
MFD04651.bin.1.52	29.71731	HQ
MFD04651.bin.1.55	18.32875	HQ
MFD04651.bin.1.60	80.88672	HQ
MFD04651.bin.1.61	25.68793	HQ
MFD04651.bin.1.78	36.49924	HQ
MFD04651.bin.1.92	37.3894	HQ
MFD04651.bin.2.135	17.51205	HQ
MFD04651.bin.2.179	43.28027	HQ
MFD04651.bin.2.4	34.65367	HQ
MFD04716.bin.1.102	17.74438	HQ
MFD04716.bin.1.11	15.51901	HQ
MFD04716.bin.1.114	40.07884	HQ
MFD04716.bin.1.116	28.23753	HQ
MFD04716.bin.1.117	25.47914	HQ
MFD04716.bin.1.125	22.23076	HQ
MFD04716.bin.1.136	65.27158	HQ
MFD04716.bin.1.139	46.98615	HQ
MFD04716.bin.1.149	67.37279	HQ
MFD04716.bin.1.159	18.75138	HQ
MFD04716.bin.1.179	36.20806	HQ
MFD04716.bin.1.185	20.00758	HQ
MFD04716.bin.1.213	13.63666	HQ
MFD04716.bin.1.227	38.15571	HQ
MFD04716.bin.1.235	22.78661	HQ
MFD04716.bin.1.243	40.40385	HQ
MFD04716.bin.1.245	50.91119	HQ
MFD04716.bin.1.249	31.08784	HQ
MFD04716.bin.1.251	64.51081	HQ
MFD04716.bin.1.258	23.95529	HQ
MFD04716.bin.1.266	16.57991	HQ
MFD04716.bin.1.269	17.48871	HQ
MFD04716.bin.1.273	32.12839	HQ
MFD04716.bin.1.274	32.54956	HQ
MFD04716.bin.1.276	43.19057	HQ
MFD04716.bin.1.277	15.51212	HQ
MFD04716.bin.1.280	28.50203	HQ
MFD04716.bin.1.291	57.79076	HQ
MFD04716.bin.1.293	40.58134	HQ
MFD04716.bin.1.297	72.15279	HQ
MFD04716.bin.1.3	14.49212	HQ
MFD04716.bin.1.302	37.79017	HQ
MFD04716.bin.1.308	29.985	HQ
MFD04716.bin.1.309	34.37174	HQ
MFD04716.bin.1.311	32.37908	HQ
MFD04716.bin.1.312	46.73747	HQ
MFD04716.bin.1.315	13.94938	HQ
MFD04716.bin.1.327	27.32437	HQ
MFD04716.bin.1.353	30.06803	HQ
MFD04716.bin.1.355	30.75844	HQ
MFD04716.bin.1.360	26.99909	HQ
MFD04716.bin.1.37	44.48576	HQ
MFD04716.bin.1.370	33.04331	HQ
MFD04716.bin.1.373	29.69276	HQ
MFD04716.bin.1.381	79.67302	HQ
MFD04716.bin.1.388	155.3283	HQ
MFD04716.bin.1.394	27.33224	HQ
MFD04716.bin.1.395	44.04311	HQ
MFD04716.bin.1.396	33.55606	HQ
MFD04716.bin.1.399	29.2454	HQ
MFD04716.bin.1.4	25.65067	HQ
MFD04716.bin.1.40	19.3194	HQ
MFD04716.bin.1.405	35.45113	HQ
MFD04716.bin.1.406	32.41127	HQ
MFD04716.bin.1.408	443.9714	HQ
MFD04716.bin.1.412	78.84291	HQ
MFD04716.bin.1.416	27.82332	HQ
MFD04716.bin.1.418	28.85523	HQ
MFD04716.bin.1.419	60.00252	HQ
MFD04716.bin.1.420	32.49438	HQ
MFD04716.bin.1.45	25.74641	HQ
MFD04716.bin.1.53	34.91472	HQ
MFD04716.bin.1.58	52.69049	HQ
MFD04716.bin.1.59	22.24643	HQ
MFD04716.bin.1.66	27.31519	HQ
MFD04716.bin.1.71	37.49764	HQ
MFD04716.bin.1.74	42.96054	HQ
MFD04716.bin.1.76	32.42583	HQ
MFD04716.bin.1.82	18.93112	HQ
MFD04716.bin.1.84	17.09848	HQ
MFD04716.bin.1.85	15.28144	HQ
MFD04716.bin.1.88	26.80021	HQ
MFD04716.bin.1.95	30.03129	HQ
MFD04716.bin.1.98	21.50599	HQ
MFD04716.bin.2.107	94.08073	HQ
MFD04716.bin.2.163	16.76773	HQ
MFD04716.bin.2.165	24.47051	HQ
MFD04716.bin.2.270	62.60113	HQ
MFD04716.bin.2.288	28.72821	HQ
MFD04716.bin.2.290	21.61346	HQ
MFD04716.bin.2.301	23.57756	HQ
MFD04716.bin.2.40	26.45821	HQ
MFD04716.bin.2.71	78.51624	HQ
MFD04716.bin.3.317	102.0799	HQ
MFD04716.bin.3.528	328.1363	HQ
MFD04716.bin.3.834	15.83479	HQ
MFD04752.bin.1.121	105.946	HQ
MFD04752.bin.1.127	60.58306	HQ
MFD04752.bin.1.131	95.56994	HQ
MFD04752.bin.1.137	28.40351	HQ
MFD04752.bin.1.152	28.27724	HQ
MFD04752.bin.1.164	18.76853	HQ
MFD04752.bin.1.17	22.87101	HQ
MFD04752.bin.1.29	19.22003	HQ
MFD04752.bin.1.3	27.2861	HQ
MFD04752.bin.1.33	53.14268	HQ
MFD04752.bin.1.37	20.9518	HQ
MFD04752.bin.1.7	29.73466	HQ
MFD04752.bin.1.81	15.91404	HQ
MFD04752.bin.1.84	25.32722	HQ
MFD04752.bin.1.91	29.94277	HQ
MFD04752.bin.1.93	11.87552	HQ
MFD04752.bin.3.293	24.41488	HQ
MFD04780.bin.1.106	13.53291	HQ
MFD04780.bin.1.108	11.90316	HQ
MFD04780.bin.1.109	11.1879	HQ
MFD04780.bin.1.111	11.87146	HQ
MFD04780.bin.1.112	19.82929	HQ
MFD04780.bin.1.113	15.36517	HQ
MFD04780.bin.1.147	16.26538	HQ
MFD04780.bin.1.16	26.79045	HQ
MFD04780.bin.1.172	37.7767	HQ
MFD04780.bin.1.177	21.62314	HQ
MFD04780.bin.1.195	16.42883	HQ
MFD04780.bin.1.197	15.88019	HQ
MFD04780.bin.1.202	37.53039	HQ
MFD04780.bin.1.207	13.69878	HQ
MFD04780.bin.1.216	15.41849	HQ
MFD04780.bin.1.217	26.91005	HQ
MFD04780.bin.1.218	33.01449	HQ
MFD04780.bin.1.32	17.62372	HQ
MFD04780.bin.1.33	36.27163	HQ
MFD04780.bin.1.84	10.27166	HQ
MFD04780.bin.2.113	13.82973	HQ
MFD04780.bin.2.74	14.37256	HQ
MFD04780.bin.3.483	17.14009	HQ
MFD04850.bin.1.1	27.96827	HQ
MFD04850.bin.1.100	66.3385	HQ
MFD04850.bin.1.102	31.46586	HQ
MFD04850.bin.1.105	28.29838	HQ
MFD04850.bin.1.21	52.56667	HQ
MFD04850.bin.1.214	19.01251	HQ
MFD04850.bin.1.220	34.90237	HQ
MFD04850.bin.1.225	29.03917	HQ
MFD04850.bin.1.232	34.00353	HQ
MFD04850.bin.1.243	23.49518	HQ
MFD04850.bin.1.250	42.21707	HQ
MFD04850.bin.1.280	17.58442	HQ
MFD04850.bin.1.304	89.68366	HQ
MFD04850.bin.1.353	21.47344	HQ
MFD04850.bin.1.410	27.01695	HQ
MFD04850.bin.1.411	24.76948	HQ
MFD04850.bin.1.43	25.59243	HQ
MFD04850.bin.1.52	65.52037	HQ
MFD04850.bin.1.53	36.01694	HQ
MFD04850.bin.1.63	18.99837	HQ
MFD04850.bin.1.72	16.92476	HQ
MFD04850.bin.1.9	18.86659	HQ
MFD04850.bin.2.111	49.21795	HQ
MFD04850.bin.2.129	16.77704	HQ
MFD04850.bin.2.48	30.63793	HQ
MFD04935.bin.1.10	28.81707	HQ
MFD04935.bin.1.119	33.64668	HQ
MFD04935.bin.1.13	259.6847	HQ
MFD04935.bin.1.141	47.43143	HQ
MFD04935.bin.1.142	25.52061	HQ
MFD04935.bin.1.144	71.78133	HQ
MFD04935.bin.1.146	30.39756	HQ
MFD04935.bin.1.153	25.14479	HQ
MFD04935.bin.1.162	41.80631	HQ
MFD04935.bin.1.171	49.81647	HQ
MFD04935.bin.1.176	31.72524	HQ
MFD04935.bin.1.19	49.5293	HQ
MFD04935.bin.1.24	15.81663	HQ
MFD04935.bin.1.25	27.66953	HQ
MFD04935.bin.1.3	33.00548	HQ
MFD04935.bin.1.4	25.01454	HQ
MFD04935.bin.1.50	390.4961	HQ
MFD04935.bin.1.56	24.84017	HQ
MFD04935.bin.1.62	33.31896	HQ
MFD04935.bin.1.7	34.27289	HQ
MFD04935.bin.1.79	42.49316	HQ
MFD04935.bin.1.80	20.20181	HQ
MFD04935.bin.1.81	34.66995	HQ
MFD04935.bin.1.83	33.89627	HQ
MFD04935.bin.1.89	32.03492	HQ
MFD04935.bin.1.95	39.34227	HQ
MFD04935.bin.2.124	89.672	HQ
MFD04935.bin.3.187	39.51823	HQ
MFD04935.bin.3.316	38.42803	HQ
MFD04935.bin.3.46	22.39681	HQ
MFD04935.bin.3.85	60.85747	HQ
MFD04944.bin.1.1	165.1139	HQ
MFD04944.bin.1.10	49.25343	HQ
MFD04944.bin.1.103	50.09462	HQ
MFD04944.bin.1.104	37.2322	HQ
MFD04944.bin.1.105	61.48675	HQ
MFD04944.bin.1.106	18.95361	HQ
MFD04944.bin.1.11	111.8643	HQ
MFD04944.bin.1.111	51.88911	HQ
MFD04944.bin.1.114	52.29259	HQ
MFD04944.bin.1.137	35.03741	HQ
MFD04944.bin.1.147	26.64159	HQ
MFD04944.bin.1.15	21.2338	HQ
MFD04944.bin.1.16	31.28788	HQ
MFD04944.bin.1.167	51.98249	HQ
MFD04944.bin.1.178	955.3489	HQ
MFD04944.bin.1.18	15.14215	HQ
MFD04944.bin.1.187	249.9455	HQ
MFD04944.bin.1.190	40.94758	HQ
MFD04944.bin.1.191	49.21542	HQ
MFD04944.bin.1.194	32.8818	HQ
MFD04944.bin.1.206	22.69531	HQ
MFD04944.bin.1.208	21.85794	HQ
MFD04944.bin.1.209	16.3946	HQ
MFD04944.bin.1.213	40.20841	HQ
MFD04944.bin.1.216	34.42037	HQ
MFD04944.bin.1.217	58.10893	HQ
MFD04944.bin.1.225	41.4949	HQ
MFD04944.bin.1.226	14.13909	HQ
MFD04944.bin.1.227	30.36026	HQ
MFD04944.bin.1.23	42.29828	HQ
MFD04944.bin.1.237	49.55344	HQ
MFD04944.bin.1.246	45.13508	HQ
MFD04944.bin.1.250	32.55584	HQ
MFD04944.bin.1.263	34.46322	HQ
MFD04944.bin.1.265	19.39091	HQ
MFD04944.bin.1.267	16.65737	HQ
MFD04944.bin.1.27	22.42273	HQ
MFD04944.bin.1.270	43.56459	HQ
MFD04944.bin.1.277	82.39202	HQ
MFD04944.bin.1.279	15.36754	HQ
MFD04944.bin.1.282	21.32875	HQ
MFD04944.bin.1.29	23.89349	HQ
MFD04944.bin.1.290	17.62287	HQ
MFD04944.bin.1.291	51.41053	HQ
MFD04944.bin.1.300	426.6724	HQ
MFD04944.bin.1.302	40.46858	HQ
MFD04944.bin.1.304	34.44605	HQ
MFD04944.bin.1.305	50.36953	HQ
MFD04944.bin.1.307	50.22741	HQ
MFD04944.bin.1.309	15.51626	HQ
MFD04944.bin.1.31	41.13955	HQ
MFD04944.bin.1.310	34.09152	HQ
MFD04944.bin.1.316	14.96557	HQ
MFD04944.bin.1.317	35.34807	HQ
MFD04944.bin.1.318	66.37588	HQ
MFD04944.bin.1.320	30.82727	HQ
MFD04944.bin.1.323	149.2851	HQ
MFD04944.bin.1.326	116.5924	HQ
MFD04944.bin.1.328	44.04535	HQ
MFD04944.bin.1.332	79.72976	HQ
MFD04944.bin.1.334	47.14402	HQ
MFD04944.bin.1.336	43.43769	HQ
MFD04944.bin.1.337	15.18295	HQ
MFD04944.bin.1.34	129.4024	HQ
MFD04944.bin.1.36	24.76721	HQ
MFD04944.bin.1.39	21.30131	HQ
MFD04944.bin.1.4	47.29502	HQ
MFD04944.bin.1.40	36.71329	HQ
MFD04944.bin.1.41	41.91404	HQ
MFD04944.bin.1.43	66.55669	HQ
MFD04944.bin.1.51	18.97036	HQ
MFD04944.bin.1.53	25.3476	HQ
MFD04944.bin.1.54	43.13784	HQ
MFD04944.bin.1.57	43.86663	HQ
MFD04944.bin.1.58	60.75386	HQ
MFD04944.bin.1.60	125.827	HQ
MFD04944.bin.1.66	90.84475	HQ
MFD04944.bin.1.68	56.53131	HQ
MFD04944.bin.1.7	16.28232	HQ
MFD04944.bin.1.71	64.6393	HQ
MFD04944.bin.1.72	70.88633	HQ
MFD04944.bin.1.73	43.578	HQ
MFD04944.bin.1.75	34.84995	HQ
MFD04944.bin.1.79	26.50383	HQ
MFD04944.bin.1.85	14.11529	HQ
MFD04944.bin.1.87	20.45402	HQ
MFD04944.bin.1.9	26.13382	HQ
MFD04944.bin.1.90	28.1025	HQ
MFD04944.bin.1.92	27.88653	HQ
MFD04944.bin.1.93	27.56833	HQ
MFD04944.bin.1.97	20.16741	HQ
MFD04944.bin.2.102	38.55472	HQ
MFD04944.bin.2.140	16.32924	HQ
MFD04944.bin.2.141	26.90436	HQ
MFD04944.bin.2.148	62.37963	HQ
MFD04944.bin.2.196	59.44114	HQ
MFD04944.bin.2.208	177.7086	HQ
MFD04944.bin.2.216	45.00605	HQ
MFD04944.bin.2.220	25.33105	HQ
MFD04944.bin.2.36	18.51154	HQ
MFD04944.bin.2.37	29.32091	HQ
MFD04944.bin.2.54	17.80446	HQ
MFD04944.bin.2.63	28.4166	HQ
MFD04944.bin.3.75	13.34727	HQ
MFD04967.bin.1.10	31.61673	HQ
MFD04967.bin.1.106	18.00628	HQ
MFD04967.bin.1.114	27.51407	HQ
MFD04967.bin.1.127	121.894	HQ
MFD04967.bin.1.135	18.5433	HQ
MFD04967.bin.1.138	16.56881	HQ
MFD04967.bin.1.141	23.58021	HQ
MFD04967.bin.1.142	35.14111	HQ
MFD04967.bin.1.146	41.89026	HQ
MFD04967.bin.1.154	26.79196	HQ
MFD04967.bin.1.157	27.45992	HQ
MFD04967.bin.1.168	24.00639	HQ
MFD04967.bin.1.171	42.63908	HQ
MFD04967.bin.1.175	79.46093	HQ
MFD04967.bin.1.177	26.22901	HQ
MFD04967.bin.1.181	28.67316	HQ
MFD04967.bin.1.193	27.17351	HQ
MFD04967.bin.1.194	15.87685	HQ
MFD04967.bin.1.195	18.31116	HQ
MFD04967.bin.1.197	43.72931	HQ
MFD04967.bin.1.206	222.1489	HQ
MFD04967.bin.1.212	25.03178	HQ
MFD04967.bin.1.213	71.71938	HQ
MFD04967.bin.1.219	29.66068	HQ
MFD04967.bin.1.220	28.40708	HQ
MFD04967.bin.1.221	28.11644	HQ
MFD04967.bin.1.226	30.81821	HQ
MFD04967.bin.1.230	18.62191	HQ
MFD04967.bin.1.231	23.73466	HQ
MFD04967.bin.1.28	23.20981	HQ
MFD04967.bin.1.30	95.61562	HQ
MFD04967.bin.1.31	20.0428	HQ
MFD04967.bin.1.34	22.36584	HQ
MFD04967.bin.1.35	78.03507	HQ
MFD04967.bin.1.42	55.38952	HQ
MFD04967.bin.1.50	15.00149	HQ
MFD04967.bin.1.52	20.55785	HQ
MFD04967.bin.1.53	44.96584	HQ
MFD04967.bin.1.54	19.22027	HQ
MFD04967.bin.1.57	21.74551	HQ
MFD04967.bin.1.58	44.75044	HQ
MFD04967.bin.1.59	97.35073	HQ
MFD04967.bin.1.6	31.25894	HQ
MFD04967.bin.1.60	22.88899	HQ
MFD04967.bin.1.64	20.98074	HQ
MFD04967.bin.1.78	16.87077	HQ
MFD04967.bin.2.159	23.93553	HQ
MFD04967.bin.2.87	247.9437	HQ
MFD05088.bin.1.104	39.87645	HQ
MFD05088.bin.1.118	37.00101	HQ
MFD05088.bin.1.150	22.34953	HQ
MFD05088.bin.1.169	24.4144	HQ
MFD05088.bin.1.176	41.33561	HQ
MFD05088.bin.1.31	28.45008	HQ
MFD05088.bin.2.40	23.19236	HQ
MFD05176.bin.1.125	63.57201	HQ
MFD05176.bin.1.171	23.78044	HQ
MFD05176.bin.1.177	16.50262	HQ
MFD05176.bin.1.208	59.03941	HQ
MFD05176.bin.1.230	42.63256	HQ
MFD05176.bin.1.238	23.38409	HQ
MFD05176.bin.1.278	42.08127	HQ
MFD05176.bin.1.306	22.18037	HQ
MFD05176.bin.1.47	23.37879	HQ
MFD05176.bin.1.61	33.94591	HQ
MFD05176.bin.1.65	46.72516	HQ
MFD05176.bin.2.32	34.59235	HQ
MFD05377.bin.1.102	128.7635	HQ
MFD05377.bin.1.113	45.75444	HQ
MFD05377.bin.1.115	25.99203	HQ
MFD05377.bin.1.117	45.90615	HQ
MFD05377.bin.1.119	18.91282	HQ
MFD05377.bin.1.126	21.13915	HQ
MFD05377.bin.1.127	48.52651	HQ
MFD05377.bin.1.141	46.29323	HQ
MFD05377.bin.1.15	18.57888	HQ
MFD05377.bin.1.164	39.82489	HQ
MFD05377.bin.1.171	21.50112	HQ
MFD05377.bin.1.176	38.37	HQ
MFD05377.bin.1.182	40.4873	HQ
MFD05377.bin.1.184	21.33718	HQ
MFD05377.bin.1.191	74.59152	HQ
MFD05377.bin.1.204	88.59824	HQ
MFD05377.bin.1.214	13.08109	HQ
MFD05377.bin.1.218	126.355	HQ
MFD05377.bin.1.220	24.46573	HQ
MFD05377.bin.1.24	28.35513	HQ
MFD05377.bin.1.45	27.77624	HQ
MFD05377.bin.1.47	44.11777	HQ
MFD05377.bin.1.52	18.31438	HQ
MFD05377.bin.1.56	24.49279	HQ
MFD05377.bin.1.58	66.60591	HQ
MFD05377.bin.1.61	20.81355	HQ
MFD05377.bin.1.62	22.45132	HQ
MFD05377.bin.1.65	54.52217	HQ
MFD05377.bin.1.66	54.96593	HQ
MFD05377.bin.1.8	41.98479	HQ
MFD05377.bin.1.97	63.62677	HQ
MFD05377.bin.2.13	95.58017	HQ
MFD05377.bin.2.149	20.02685	HQ
MFD05377.bin.2.20	116.6611	HQ
MFD05377.bin.2.34	31.19264	HQ
MFD05377.bin.2.85	31.60722	HQ
MFD05377.bin.3.143	73.456	HQ
MFD05377.bin.3.80	20.53641	HQ
MFD05442.bin.1.1	32.97768	HQ
MFD05442.bin.1.101	14.92055	HQ
MFD05442.bin.1.105	20.22792	HQ
MFD05442.bin.1.11	76.88683	HQ
MFD05442.bin.1.110	27.0731	HQ
MFD05442.bin.1.117	27.99051	HQ
MFD05442.bin.1.124	25.92976	HQ
MFD05442.bin.1.13	147.9795	HQ
MFD05442.bin.1.130	23.30772	HQ
MFD05442.bin.1.134	55.81164	HQ
MFD05442.bin.1.135	53.43962	HQ
MFD05442.bin.1.140	40.11567	HQ
MFD05442.bin.1.152	74.15263	HQ
MFD05442.bin.1.16	142.0779	HQ
MFD05442.bin.1.17	46.53164	HQ
MFD05442.bin.1.18	36.80081	HQ
MFD05442.bin.1.204	234.0045	HQ
MFD05442.bin.1.21	45.85372	HQ
MFD05442.bin.1.213	23.10732	HQ
MFD05442.bin.1.25	38.15911	HQ
MFD05442.bin.1.261	135.1605	HQ
MFD05442.bin.1.269	128.8236	HQ
MFD05442.bin.1.277	75.48628	HQ
MFD05442.bin.1.279	39.53799	HQ
MFD05442.bin.1.28	48.94104	HQ
MFD05442.bin.1.280	31.92745	HQ
MFD05442.bin.1.283	28.03574	HQ
MFD05442.bin.1.287	51.33616	HQ
MFD05442.bin.1.288	42.68129	HQ
MFD05442.bin.1.290	38.96507	HQ
MFD05442.bin.1.291	26.47483	HQ
MFD05442.bin.1.293	43.92806	HQ
MFD05442.bin.1.296	38.21815	HQ
MFD05442.bin.1.298	23.47627	HQ
MFD05442.bin.1.300	109.3822	HQ
MFD05442.bin.1.302	37.11527	HQ
MFD05442.bin.1.303	56.02801	HQ
MFD05442.bin.1.308	78.64852	HQ
MFD05442.bin.1.31	76.29555	HQ
MFD05442.bin.1.311	60.47855	HQ
MFD05442.bin.1.315	25.56343	HQ
MFD05442.bin.1.317	29.52773	HQ
MFD05442.bin.1.323	71.31825	HQ
MFD05442.bin.1.324	54.3113	HQ
MFD05442.bin.1.327	28.79687	HQ
MFD05442.bin.1.330	208.0096	HQ
MFD05442.bin.1.334	66.08854	HQ
MFD05442.bin.1.34	33.42469	HQ
MFD05442.bin.1.340	84.23676	HQ
MFD05442.bin.1.346	80.69396	HQ
MFD05442.bin.1.349	46.80521	HQ
MFD05442.bin.1.350	46.99872	HQ
MFD05442.bin.1.359	96.1296	HQ
MFD05442.bin.1.36	15.92217	HQ
MFD05442.bin.1.360	42.58018	HQ
MFD05442.bin.1.363	75.26481	HQ
MFD05442.bin.1.365	34.62302	HQ
MFD05442.bin.1.371	22.82454	HQ
MFD05442.bin.1.377	32.88499	HQ
MFD05442.bin.1.379	24.55731	HQ
MFD05442.bin.1.381	43.19568	HQ
MFD05442.bin.1.385	24.6402	HQ
MFD05442.bin.1.39	117.3519	HQ
MFD05442.bin.1.394	111.3837	HQ
MFD05442.bin.1.398	42.08393	HQ
MFD05442.bin.1.410	37.81883	HQ
MFD05442.bin.1.415	23.58609	HQ
MFD05442.bin.1.417	119.2485	HQ
MFD05442.bin.1.419	62.11653	HQ
MFD05442.bin.1.421	34.72138	HQ
MFD05442.bin.1.422	45.47304	HQ
MFD05442.bin.1.427	27.70923	HQ
MFD05442.bin.1.433	27.6604	HQ
MFD05442.bin.1.436	45.89707	HQ
MFD05442.bin.1.45	20.62805	HQ
MFD05442.bin.1.55	40.43985	HQ
MFD05442.bin.1.6	85.55103	HQ
MFD05442.bin.1.63	21.71312	HQ
MFD05442.bin.1.69	23.10838	HQ
MFD05442.bin.1.76	36.72919	HQ
MFD05442.bin.1.77	81.47148	HQ
MFD05442.bin.1.80	65.89064	HQ
MFD05442.bin.1.81	23.04519	HQ
MFD05442.bin.1.86	24.43616	HQ
MFD05442.bin.1.92	78.43465	HQ
MFD05442.bin.1.93	22.22917	HQ
MFD05442.bin.1.94	30.01619	HQ
MFD05442.bin.1.98	74.38163	HQ
MFD05442.bin.2.192	27.17144	HQ
MFD05442.bin.2.235	96.97826	HQ
MFD05442.bin.2.256	28.68186	HQ
MFD05442.bin.2.26	18.55289	HQ
MFD05442.bin.2.267	16.44694	HQ
MFD05442.bin.2.69	115.1371	HQ
MFD05442.bin.3.550	78.64854	HQ
MFD05454.bin.1.18	22.94622	HQ
MFD05454.bin.1.192	19.01188	HQ
MFD05454.bin.1.194	23.39129	HQ
MFD05454.bin.1.2	27.8549	HQ
MFD05454.bin.1.246	22.08768	HQ
MFD05454.bin.1.254	30.43998	HQ
MFD05454.bin.1.262	17.71878	HQ
MFD05454.bin.1.266	39.09994	HQ
MFD05454.bin.1.273	32.2248	HQ
MFD05454.bin.1.313	36.82093	HQ
MFD05454.bin.1.63	19.22605	HQ
MFD05502.bin.1.1	33.61671	HQ
MFD05502.bin.1.113	25.64799	HQ
MFD05502.bin.1.117	25.22153	HQ
MFD05502.bin.1.12	97.34817	HQ
MFD05502.bin.1.121	20.70663	HQ
MFD05502.bin.1.125	30.44431	HQ
MFD05502.bin.1.129	78.89523	HQ
MFD05502.bin.1.13	38.05337	HQ
MFD05502.bin.1.132	47.77358	HQ
MFD05502.bin.1.136	27.93648	HQ
MFD05502.bin.1.138	119.3634	HQ
MFD05502.bin.1.139	18.64513	HQ
MFD05502.bin.1.14	63.8968	HQ
MFD05502.bin.1.141	62.80171	HQ
MFD05502.bin.1.142	56.43377	HQ
MFD05502.bin.1.143	319.4917	HQ
MFD05502.bin.1.145	31.85267	HQ
MFD05502.bin.1.146	51.30664	HQ
MFD05502.bin.1.147	78.42379	HQ
MFD05502.bin.1.148	37.70854	HQ
MFD05502.bin.1.150	24.20239	HQ
MFD05502.bin.1.151	56.2952	HQ
MFD05502.bin.1.152	193.8592	HQ
MFD05502.bin.1.154	25.93813	HQ
MFD05502.bin.1.157	51.58355	HQ
MFD05502.bin.1.159	67.59439	HQ
MFD05502.bin.1.161	147.8017	HQ
MFD05502.bin.1.162	23.09701	HQ
MFD05502.bin.1.165	81.20525	HQ
MFD05502.bin.1.166	22.87977	HQ
MFD05502.bin.1.167	21.43187	HQ
MFD05502.bin.1.172	186.8321	HQ
MFD05502.bin.1.175	39.32362	HQ
MFD05502.bin.1.177	35.66891	HQ
MFD05502.bin.1.178	22.7562	HQ
MFD05502.bin.1.179	39.16125	HQ
MFD05502.bin.1.183	63.43983	HQ
MFD05502.bin.1.185	27.06944	HQ
MFD05502.bin.1.186	40.58952	HQ
MFD05502.bin.1.187	48.45287	HQ
MFD05502.bin.1.19	17.96729	HQ
MFD05502.bin.1.194	77.82658	HQ
MFD05502.bin.1.195	44.15139	HQ
MFD05502.bin.1.196	53.16793	HQ
MFD05502.bin.1.197	52.92725	HQ
MFD05502.bin.1.198	29.42898	HQ
MFD05502.bin.1.2	25.18734	HQ
MFD05502.bin.1.202	31.58133	HQ
MFD05502.bin.1.211	44.85319	HQ
MFD05502.bin.1.220	22.44947	HQ
MFD05502.bin.1.225	50.30996	HQ
MFD05502.bin.1.232	36.49256	HQ
MFD05502.bin.1.233	49.55986	HQ
MFD05502.bin.1.234	16.54131	HQ
MFD05502.bin.1.24	119.4007	HQ
MFD05502.bin.1.240	34.62042	HQ
MFD05502.bin.1.241	36.64515	HQ
MFD05502.bin.1.243	14.68571	HQ
MFD05502.bin.1.25	77.67347	HQ
MFD05502.bin.1.27	23.20148	HQ
MFD05502.bin.1.29	28.56138	HQ
MFD05502.bin.1.3	21.57842	HQ
MFD05502.bin.1.31	29.46954	HQ
MFD05502.bin.1.34	28.49187	HQ
MFD05502.bin.1.35	26.06223	HQ
MFD05502.bin.1.36	33.87619	HQ
MFD05502.bin.1.37	65.35842	HQ
MFD05502.bin.1.39	30.55025	HQ
MFD05502.bin.1.41	68.14549	HQ
MFD05502.bin.1.47	34.03727	HQ
MFD05502.bin.1.50	31.98827	HQ
MFD05502.bin.1.55	60.13522	HQ
MFD05502.bin.1.61	50.34721	HQ
MFD05502.bin.1.63	22.07745	HQ
MFD05502.bin.1.65	78.84132	HQ
MFD05502.bin.1.7	56.30235	HQ
MFD05502.bin.1.70	27.91904	HQ
MFD05502.bin.1.72	47.98175	HQ
MFD05502.bin.1.78	33.97392	HQ
MFD05502.bin.2.63	25.10965	HQ
MFD05502.bin.4.212	20.16466	HQ
MFD05512.bin.1.10	37.67651	HQ
MFD05512.bin.1.122	87.37278	HQ
MFD05512.bin.1.126	32.69339	HQ
MFD05512.bin.1.139	22.93306	HQ
MFD05512.bin.1.14	80.79752	HQ
MFD05512.bin.1.144	26.53645	HQ
MFD05512.bin.1.147	77.34666	HQ
MFD05512.bin.1.15	48.48167	HQ
MFD05512.bin.1.150	19.94823	HQ
MFD05512.bin.1.151	35.1468	HQ
MFD05512.bin.1.16	75.71407	HQ
MFD05512.bin.1.161	342.2038	HQ
MFD05512.bin.1.162	81.68891	HQ
MFD05512.bin.1.164	97.15409	HQ
MFD05512.bin.1.165	25.85679	HQ
MFD05512.bin.1.167	34.61095	HQ
MFD05512.bin.1.169	36.33487	HQ
MFD05512.bin.1.17	15.78876	HQ
MFD05512.bin.1.170	19.99111	HQ
MFD05512.bin.1.172	27.17259	HQ
MFD05512.bin.1.178	48.46531	HQ
MFD05512.bin.1.184	21.94871	HQ
MFD05512.bin.1.187	41.65303	HQ
MFD05512.bin.1.188	20.7255	HQ
MFD05512.bin.1.20	113.7767	HQ
MFD05512.bin.1.212	37.30769	HQ
MFD05512.bin.1.214	567.4331	HQ
MFD05512.bin.1.215	33.58594	HQ
MFD05512.bin.1.221	101.6122	HQ
MFD05512.bin.1.230	32.71097	HQ
MFD05512.bin.1.231	42.18462	HQ
MFD05512.bin.1.248	24.79711	HQ
MFD05512.bin.1.251	22.11686	HQ
MFD05512.bin.1.252	33.08186	HQ
MFD05512.bin.1.254	77.57763	HQ
MFD05512.bin.1.260	28.33515	HQ
MFD05512.bin.1.261	22.25403	HQ
MFD05512.bin.1.274	16.02622	HQ
MFD05512.bin.1.275	30.01294	HQ
MFD05512.bin.1.276	31.41857	HQ
MFD05512.bin.1.277	41.62541	HQ
MFD05512.bin.1.28	127.5602	HQ
MFD05512.bin.1.30	25.1358	HQ
MFD05512.bin.1.36	20.00099	HQ
MFD05512.bin.1.38	15.79334	HQ
MFD05512.bin.1.40	25.53108	HQ
MFD05512.bin.1.44	15.28209	HQ
MFD05512.bin.1.45	46.62199	HQ
MFD05512.bin.1.61	70.59431	HQ
MFD05512.bin.1.62	45.46216	HQ
MFD05512.bin.1.63	38.97353	HQ
MFD05512.bin.1.68	39.02285	HQ
MFD05512.bin.1.7	25.63542	HQ
MFD05512.bin.1.74	22.74965	HQ
MFD05512.bin.1.77	163.3775	HQ
MFD05512.bin.1.82	24.65942	HQ
MFD05512.bin.1.92	31.01178	HQ
MFD05512.bin.2.101	34.7137	HQ
MFD05513.bin.1.110	64.27145	HQ
MFD05513.bin.1.120	31.26759	HQ
MFD05513.bin.1.141	47.54034	HQ
MFD05513.bin.1.159	89.12326	HQ
MFD05513.bin.1.16	24.8732	HQ
MFD05513.bin.1.166	28.88151	HQ
MFD05513.bin.1.175	42.46027	HQ
MFD05513.bin.1.180	40.31607	HQ
MFD05513.bin.1.189	14.52641	HQ
MFD05513.bin.1.190	42.19541	HQ
MFD05513.bin.1.192	44.3107	HQ
MFD05513.bin.1.196	37.53806	HQ
MFD05513.bin.1.198	60.372	HQ
MFD05513.bin.1.199	16.39825	HQ
MFD05513.bin.1.2	29.26105	HQ
MFD05513.bin.1.20	21.69451	HQ
MFD05513.bin.1.202	55.41911	HQ
MFD05513.bin.1.224	24.59164	HQ
MFD05513.bin.1.23	34.43259	HQ
MFD05513.bin.1.255	22.04053	HQ
MFD05513.bin.1.260	93.796	HQ
MFD05513.bin.1.261	43.62997	HQ
MFD05513.bin.1.263	15.68485	HQ
MFD05513.bin.1.269	23.13788	HQ
MFD05513.bin.1.273	46.21871	HQ
MFD05513.bin.1.274	51.94064	HQ
MFD05513.bin.1.278	27.22426	HQ
MFD05513.bin.1.279	29.83457	HQ
MFD05513.bin.1.283	30.55133	HQ
MFD05513.bin.1.3	26.26691	HQ
MFD05513.bin.1.32	35.30978	HQ
MFD05513.bin.1.41	24.69295	HQ
MFD05513.bin.1.42	28.68403	HQ
MFD05513.bin.1.5	23.4454	HQ
MFD05513.bin.1.55	35.0708	HQ
MFD05513.bin.1.6	18.05061	HQ
MFD05513.bin.1.68	15.81871	HQ
MFD05513.bin.1.7	39.51163	HQ
MFD05513.bin.1.78	29.33855	HQ
MFD05513.bin.1.81	73.93468	HQ
MFD05513.bin.2.150	30.01282	HQ
MFD05513.bin.2.164	22.44836	HQ
MFD05513.bin.2.193	30.0902	HQ
MFD05513.bin.2.44	72.84926	HQ
MFD05513.bin.2.61	142.9225	HQ
MFD05513.bin.3.117	25.34576	HQ
MFD05521.bin.1.1	14.16446	HQ
MFD05521.bin.1.111	18.1073	HQ
MFD05521.bin.1.148	25.88554	HQ
MFD05521.bin.1.156	43.56977	HQ
MFD05521.bin.1.158	21.70558	HQ
MFD05521.bin.1.164	20.41537	HQ
MFD05521.bin.1.165	20.31656	HQ
MFD05521.bin.1.182	21.25665	HQ
MFD05521.bin.1.185	22.825	HQ
MFD05521.bin.1.187	26.71095	HQ
MFD05521.bin.1.19	21.70689	HQ
MFD05521.bin.1.193	30.37014	HQ
MFD05521.bin.1.2	67.42133	HQ
MFD05521.bin.1.213	34.54858	HQ
MFD05521.bin.1.214	23.83375	HQ
MFD05521.bin.1.216	20.52356	HQ
MFD05521.bin.1.219	31.11545	HQ
MFD05521.bin.1.220	43.23642	HQ
MFD05521.bin.1.222	19.95442	HQ
MFD05521.bin.1.223	59.32354	HQ
MFD05521.bin.1.238	28.69478	HQ
MFD05521.bin.1.25	16.89111	HQ
MFD05521.bin.1.250	55.24167	HQ
MFD05521.bin.1.264	21.31293	HQ
MFD05521.bin.1.267	23.27612	HQ
MFD05521.bin.1.278	25.00932	HQ
MFD05521.bin.1.284	66.27142	HQ
MFD05521.bin.1.286	51.28622	HQ
MFD05521.bin.1.288	27.63354	HQ
MFD05521.bin.1.29	14.29599	HQ
MFD05521.bin.1.30	27.20786	HQ
MFD05521.bin.1.38	29.36474	HQ
MFD05521.bin.1.4	35.50571	HQ
MFD05521.bin.1.44	22.68513	HQ
MFD05521.bin.1.48	20.45173	HQ
MFD05521.bin.1.51	33.24712	HQ
MFD05521.bin.1.59	39.00192	HQ
MFD05521.bin.1.66	21.3696	HQ
MFD05521.bin.1.70	15.87462	HQ
MFD05521.bin.1.74	82.1841	HQ
MFD05521.bin.1.8	36.5601	HQ
MFD05521.bin.1.80	25.43021	HQ
MFD05521.bin.2.132	16.76391	HQ
MFD05521.bin.2.65	83.93552	HQ
MFD05537.bin.1.20	53.2223	HQ
MFD05537.bin.1.28	26.98028	HQ
MFD05537.bin.1.31	50.92312	HQ
MFD05537.bin.1.91	31.67777	HQ
MFD05537.bin.2.59	23.83345	HQ
MFD05567.bin.1.1	34.71938	HQ
MFD05567.bin.1.13	22.19718	HQ
MFD05567.bin.1.159	43.26994	HQ
MFD05567.bin.1.164	19.75355	HQ
MFD05567.bin.1.191	33.29317	HQ
MFD05567.bin.1.192	34.73854	HQ
MFD05567.bin.1.200	25.38002	HQ
MFD05567.bin.1.201	23.64391	HQ
MFD05567.bin.1.208	21.62685	HQ
MFD05567.bin.1.209	19.59682	HQ
MFD05567.bin.1.210	36.41914	HQ
MFD05567.bin.1.23	16.5458	HQ
MFD05567.bin.1.238	35.94541	HQ
MFD05567.bin.1.253	18.2296	HQ
MFD05567.bin.1.264	22.22387	HQ
MFD05567.bin.1.272	46.09719	HQ
MFD05567.bin.1.281	61.30883	HQ
MFD05567.bin.1.54	16.29719	HQ
MFD05567.bin.1.68	70.12734	HQ
MFD05567.bin.1.91	44.19542	HQ
MFD05567.bin.2.192	22.10196	HQ
MFD05567.bin.2.20	69.90788	HQ
MFD05567.bin.3.520	22.63949	HQ
MFD05580.bin.1.113	28.65532	HQ
MFD05580.bin.1.114	36.89444	HQ
MFD05580.bin.1.115	68.3851	HQ
MFD05580.bin.1.123	24.36216	HQ
MFD05580.bin.1.127	52.39879	HQ
MFD05580.bin.1.128	22.23901	HQ
MFD05580.bin.1.134	174.9035	HQ
MFD05580.bin.1.136	69.117	HQ
MFD05580.bin.1.148	34.34119	HQ
MFD05580.bin.1.149	30.92379	HQ
MFD05580.bin.1.2	22.36041	HQ
MFD05580.bin.1.24	27.07827	HQ
MFD05580.bin.1.26	44.95838	HQ
MFD05580.bin.1.34	17.1649	HQ
MFD05580.bin.1.43	53.54617	HQ
MFD05580.bin.1.47	44.50246	HQ
MFD05580.bin.1.5	24.01767	HQ
MFD05580.bin.1.50	34.72046	HQ
MFD05580.bin.1.53	19.48589	HQ
MFD05580.bin.1.54	88.68308	HQ
MFD05580.bin.1.58	1000.778	HQ
MFD05580.bin.1.59	13.02627	HQ
MFD05580.bin.1.6	277.4177	HQ
MFD05580.bin.1.8	28.55417	HQ
MFD05580.bin.1.81	77.12817	HQ
MFD05580.bin.1.84	108.2332	HQ
MFD05580.bin.1.88	93.27171	HQ
MFD05580.bin.1.89	16.59076	HQ
MFD05580.bin.1.91	25.73372	HQ
MFD05580.bin.1.93	38.94079	HQ
MFD05580.bin.1.96	30.89164	HQ
MFD05580.bin.1.97	21.7383	HQ
MFD05580.bin.1.99	26.62316	HQ
MFD05580.bin.2.4	26.40824	HQ
MFD05580.bin.2.5	36.33268	HQ
MFD05580.bin.2.6	66.93266	HQ
MFD05580.bin.2.80	53.47733	HQ
MFD05674.bin.1.102	45.89032	HQ
MFD05674.bin.1.108	30.25202	HQ
MFD05674.bin.1.115	26.06583	HQ
MFD05674.bin.1.135	31.85406	HQ
MFD05674.bin.1.155	23.06693	HQ
MFD05674.bin.1.159	25.30383	HQ
MFD05674.bin.1.183	108.4221	HQ
MFD05674.bin.1.188	32.79512	HQ
MFD05674.bin.1.215	79.36153	HQ
MFD05674.bin.1.229	39.3081	HQ
MFD05674.bin.1.232	21.13978	HQ
MFD05674.bin.1.236	64.5437	HQ
MFD05674.bin.1.26	22.79136	HQ
MFD05674.bin.1.49	13.71658	HQ
MFD05674.bin.1.60	23.39643	HQ
MFD05674.bin.1.62	82.04308	HQ
MFD05674.bin.1.96	25.85153	HQ
MFD05674.bin.2.111	34.11296	HQ
MFD05674.bin.2.90	25.93476	HQ
MFD05684.bin.1.104	66.69729	HQ
MFD05684.bin.1.105	57.17406	HQ
MFD05684.bin.1.110	16.34344	HQ
MFD05684.bin.1.112	42.2522	HQ
MFD05684.bin.1.113	46.70628	HQ
MFD05684.bin.1.120	13.5887	HQ
MFD05684.bin.1.123	25.75171	HQ
MFD05684.bin.1.125	16.14866	HQ
MFD05684.bin.1.130	28.74593	HQ
MFD05684.bin.1.131	115.1963	HQ
MFD05684.bin.1.137	38.75752	HQ
MFD05684.bin.1.14	26.69883	HQ
MFD05684.bin.1.141	85.55949	HQ
MFD05684.bin.1.143	71.88329	HQ
MFD05684.bin.1.145	35.62376	HQ
MFD05684.bin.1.15	18.92438	HQ
MFD05684.bin.1.151	118.1519	HQ
MFD05684.bin.1.154	18.36652	HQ
MFD05684.bin.1.155	23.7386	HQ
MFD05684.bin.1.156	46.63336	HQ
MFD05684.bin.1.163	20.83283	HQ
MFD05684.bin.1.164	13.35763	HQ
MFD05684.bin.1.168	55.63081	HQ
MFD05684.bin.1.171	22.97499	HQ
MFD05684.bin.1.174	19.2309	HQ
MFD05684.bin.1.178	28.03566	HQ
MFD05684.bin.1.182	51.77345	HQ
MFD05684.bin.1.19	24.14314	HQ
MFD05684.bin.1.2	34.895	HQ
MFD05684.bin.1.219	52.23885	HQ
MFD05684.bin.1.22	23.27274	HQ
MFD05684.bin.1.223	82.06308	HQ
MFD05684.bin.1.228	17.23731	HQ
MFD05684.bin.1.245	26.95958	HQ
MFD05684.bin.1.257	45.26218	HQ
MFD05684.bin.1.259	214.135	HQ
MFD05684.bin.1.26	24.20886	HQ
MFD05684.bin.1.262	55.43771	HQ
MFD05684.bin.1.263	20.84339	HQ
MFD05684.bin.1.267	92.67168	HQ
MFD05684.bin.1.277	14.55684	HQ
MFD05684.bin.1.282	55.93084	HQ
MFD05684.bin.1.283	19.70879	HQ
MFD05684.bin.1.284	17.21207	HQ
MFD05684.bin.1.285	54.52268	HQ
MFD05684.bin.1.290	37.36712	HQ
MFD05684.bin.1.294	77.79908	HQ
MFD05684.bin.1.295	19.23343	HQ
MFD05684.bin.1.297	59.26675	HQ
MFD05684.bin.1.299	120.4157	HQ
MFD05684.bin.1.301	88.35634	HQ
MFD05684.bin.1.307	50.30581	HQ
MFD05684.bin.1.309	218.6266	HQ
MFD05684.bin.1.310	16.93596	HQ
MFD05684.bin.1.321	21.0389	HQ
MFD05684.bin.1.323	76.71521	HQ
MFD05684.bin.1.327	12.70394	HQ
MFD05684.bin.1.331	52.78713	HQ
MFD05684.bin.1.338	45.76631	HQ
MFD05684.bin.1.340	32.7932	HQ
MFD05684.bin.1.343	35.12832	HQ
MFD05684.bin.1.344	202.0829	HQ
MFD05684.bin.1.347	25.35926	HQ
MFD05684.bin.1.348	182.1168	HQ
MFD05684.bin.1.350	40.47719	HQ
MFD05684.bin.1.351	26.70925	HQ
MFD05684.bin.1.352	40.72944	HQ
MFD05684.bin.1.356	107.1271	HQ
MFD05684.bin.1.360	30.3237	HQ
MFD05684.bin.1.363	86.5947	HQ
MFD05684.bin.1.364	67.2193	HQ
MFD05684.bin.1.373	95.05294	HQ
MFD05684.bin.1.374	18.67922	HQ
MFD05684.bin.1.376	15.43251	HQ
MFD05684.bin.1.38	33.86149	HQ
MFD05684.bin.1.381	27.86297	HQ
MFD05684.bin.1.382	28.88794	HQ
MFD05684.bin.1.387	13.82189	HQ
MFD05684.bin.1.388	18.02342	HQ
MFD05684.bin.1.398	41.47185	HQ
MFD05684.bin.1.40	79.43256	HQ
MFD05684.bin.1.401	51.36916	HQ
MFD05684.bin.1.402	32.47262	HQ
MFD05684.bin.1.403	49.00133	HQ
MFD05684.bin.1.407	62.19455	HQ
MFD05684.bin.1.416	107.331	HQ
MFD05684.bin.1.417	28.81017	HQ
MFD05684.bin.1.418	34.73775	HQ
MFD05684.bin.1.422	21.92443	HQ
MFD05684.bin.1.427	34.32038	HQ
MFD05684.bin.1.428	27.36928	HQ
MFD05684.bin.1.429	35.81001	HQ
MFD05684.bin.1.45	16.17439	HQ
MFD05684.bin.1.46	34.51137	HQ
MFD05684.bin.1.47	18.72602	HQ
MFD05684.bin.1.48	22.01192	HQ
MFD05684.bin.1.49	25.41617	HQ
MFD05684.bin.1.50	24.94608	HQ
MFD05684.bin.1.58	21.04249	HQ
MFD05684.bin.1.65	30.94228	HQ
MFD05684.bin.1.68	32.22774	HQ
MFD05684.bin.1.74	19.7328	HQ
MFD05684.bin.1.75	23.44656	HQ
MFD05684.bin.1.80	70.83188	HQ
MFD05684.bin.1.84	45.86555	HQ
MFD05684.bin.1.85	20.42475	HQ
MFD05684.bin.1.87	27.11787	HQ
MFD05684.bin.1.89	32.45374	HQ
MFD05684.bin.1.9	23.33512	HQ
MFD05684.bin.1.93	48.58743	HQ
MFD05684.bin.1.96	58.94396	HQ
MFD05684.bin.2.106	45.0079	HQ
MFD05684.bin.2.114	50.27784	HQ
MFD05684.bin.2.118	14.96303	HQ
MFD05684.bin.2.166	104.4558	HQ
MFD05684.bin.2.188	286.3203	HQ
MFD05684.bin.2.19	12.00884	HQ
MFD05684.bin.2.217	19.76677	HQ
MFD05684.bin.2.254	23.06195	HQ
MFD05684.bin.2.262	22.93447	HQ
MFD05684.bin.2.286	36.13609	HQ
MFD05684.bin.2.86	80.63991	HQ
MFD05684.bin.3.152	19.78099	HQ
MFD05684.bin.3.200	30.38248	HQ
MFD05684.bin.3.35	40.97679	HQ
MFD05684.bin.3.432	30.85881	HQ
MFD05705.bin.1.100	62.25792	HQ
MFD05705.bin.1.131	57.17544	HQ
MFD05705.bin.1.139	57.69727	HQ
MFD05705.bin.1.141	27.04947	HQ
MFD05705.bin.1.149	20.03537	HQ
MFD05705.bin.1.150	128.5472	HQ
MFD05705.bin.1.152	25.08402	HQ
MFD05705.bin.1.153	15.76576	HQ
MFD05705.bin.1.154	32.65433	HQ
MFD05705.bin.1.155	45.16415	HQ
MFD05705.bin.1.156	33.08031	HQ
MFD05705.bin.1.158	66.68851	HQ
MFD05705.bin.1.159	45.08969	HQ
MFD05705.bin.1.16	31.36987	HQ
MFD05705.bin.1.160	571.5002	HQ
MFD05705.bin.1.162	21.22	HQ
MFD05705.bin.1.164	61.2171	HQ
MFD05705.bin.1.166	24.82153	HQ
MFD05705.bin.1.174	20.10591	HQ
MFD05705.bin.1.184	167.0069	HQ
MFD05705.bin.1.186	25.10373	HQ
MFD05705.bin.1.187	90.77224	HQ
MFD05705.bin.1.189	37.55374	HQ
MFD05705.bin.1.193	25.44297	HQ
MFD05705.bin.1.194	27.94911	HQ
MFD05705.bin.1.195	18.23337	HQ
MFD05705.bin.1.20	93.29481	HQ
MFD05705.bin.1.204	43.19163	HQ
MFD05705.bin.1.205	108.734	HQ
MFD05705.bin.1.209	54.23808	HQ
MFD05705.bin.1.211	22.26629	HQ
MFD05705.bin.1.215	23.85649	HQ
MFD05705.bin.1.22	80.51654	HQ
MFD05705.bin.1.221	30.98116	HQ
MFD05705.bin.1.224	31.48004	HQ
MFD05705.bin.1.23	49.36744	HQ
MFD05705.bin.1.231	51.36352	HQ
MFD05705.bin.1.234	39.21493	HQ
MFD05705.bin.1.239	28.60808	HQ
MFD05705.bin.1.25	19.42575	HQ
MFD05705.bin.1.27	47.62269	HQ
MFD05705.bin.1.3	43.65754	HQ
MFD05705.bin.1.30	52.96521	HQ
MFD05705.bin.1.31	43.14429	HQ
MFD05705.bin.1.32	23.687	HQ
MFD05705.bin.1.33	27.27102	HQ
MFD05705.bin.1.35	21.29061	HQ
MFD05705.bin.1.43	123.4447	HQ
MFD05705.bin.1.45	24.98091	HQ
MFD05705.bin.1.51	121.4526	HQ
MFD05705.bin.1.56	20.18404	HQ
MFD05705.bin.1.57	22.05701	HQ
MFD05705.bin.1.61	33.57702	HQ
MFD05705.bin.1.72	47.29828	HQ
MFD05705.bin.1.73	27.9506	HQ
MFD05705.bin.1.75	35.53222	HQ
MFD05705.bin.1.76	72.93089	HQ
MFD05705.bin.1.79	22.71394	HQ
MFD05705.bin.1.81	15.94357	HQ
MFD05705.bin.1.83	16.21363	HQ
MFD05705.bin.1.84	20.23447	HQ
MFD05705.bin.2.153	22.04323	HQ
MFD05705.bin.2.69	19.16608	HQ
MFD05705.bin.3.155	16.5952	HQ
MFD05705.bin.3.69	31.4662	HQ
MFD05747.bin.1.108	17.62181	HQ
MFD05747.bin.1.115	83.69642	HQ
MFD05747.bin.1.116	23.02621	HQ
MFD05747.bin.1.131	154.8141	HQ
MFD05747.bin.1.146	28.33512	HQ
MFD05747.bin.1.151	57.54429	HQ
MFD05747.bin.1.159	62.87448	HQ
MFD05747.bin.1.166	105.5351	HQ
MFD05747.bin.1.28	49.01292	HQ
MFD05747.bin.1.35	28.53317	HQ
MFD05747.bin.1.75	24.58326	HQ
MFD05747.bin.1.85	40.65314	HQ
MFD05747.bin.3.202	13.46088	HQ
MFD05841.bin.1.1	25.8067	HQ
MFD05841.bin.1.101	92.08591	HQ
MFD05841.bin.1.109	17.35829	HQ
MFD05841.bin.1.111	45.48617	HQ
MFD05841.bin.1.117	32.50215	HQ
MFD05841.bin.1.133	88.38891	HQ
MFD05841.bin.1.138	47.30239	HQ
MFD05841.bin.1.14	34.29198	HQ
MFD05841.bin.1.147	33.66762	HQ
MFD05841.bin.1.15	38.14131	HQ
MFD05841.bin.1.157	23.15767	HQ
MFD05841.bin.1.158	92.70007	HQ
MFD05841.bin.1.161	77.34325	HQ
MFD05841.bin.1.162	29.3957	HQ
MFD05841.bin.1.191	21.46336	HQ
MFD05841.bin.1.192	38.41924	HQ
MFD05841.bin.1.21	68.11181	HQ
MFD05841.bin.1.227	62.69286	HQ
MFD05841.bin.1.229	23.15654	HQ
MFD05841.bin.1.230	83.24715	HQ
MFD05841.bin.1.238	28.04081	HQ
MFD05841.bin.1.269	34.15126	HQ
MFD05841.bin.1.270	27.10929	HQ
MFD05841.bin.1.273	77.32957	HQ
MFD05841.bin.1.33	52.08301	HQ
MFD05841.bin.1.39	31.83748	HQ
MFD05841.bin.1.46	46.83169	HQ
MFD05841.bin.1.51	30.55305	HQ
MFD05841.bin.1.64	50.39549	HQ
MFD05841.bin.1.71	16.74052	HQ
MFD05841.bin.1.8	28.59529	HQ
MFD05841.bin.2.125	67.64832	HQ
MFD05841.bin.2.62	24.07444	HQ
MFD05942.bin.1.102	23.99996	HQ
MFD05942.bin.1.105	40.74926	HQ
MFD05942.bin.1.108	35.644	HQ
MFD05942.bin.1.109	27.86848	HQ
MFD05942.bin.1.115	23.96974	HQ
MFD05942.bin.1.117	33.17542	HQ
MFD05942.bin.1.119	28.79332	HQ
MFD05942.bin.1.131	51.32417	HQ
MFD05942.bin.1.132	21.72269	HQ
MFD05942.bin.1.135	36.13344	HQ
MFD05942.bin.1.141	18.80915	HQ
MFD05942.bin.1.145	27.61503	HQ
MFD05942.bin.1.149	19.30651	HQ
MFD05942.bin.1.16	41.82506	HQ
MFD05942.bin.1.169	29.67946	HQ
MFD05942.bin.1.17	51.35804	HQ
MFD05942.bin.1.195	14.57053	HQ
MFD05942.bin.1.2	31.88897	HQ
MFD05942.bin.1.20	23.93929	HQ
MFD05942.bin.1.21	36.42112	HQ
MFD05942.bin.1.218	142.0983	HQ
MFD05942.bin.1.227	61.59394	HQ
MFD05942.bin.1.240	20.64863	HQ
MFD05942.bin.1.268	51.58897	HQ
MFD05942.bin.1.295	36.51106	HQ
MFD05942.bin.1.3	16.87172	HQ
MFD05942.bin.1.306	24.75581	HQ
MFD05942.bin.1.310	20.41308	HQ
MFD05942.bin.1.314	23.98835	HQ
MFD05942.bin.1.318	20.63996	HQ
MFD05942.bin.1.319	29.69774	HQ
MFD05942.bin.1.32	44.21735	HQ
MFD05942.bin.1.323	172.5109	HQ
MFD05942.bin.1.327	30.90551	HQ
MFD05942.bin.1.33	108.5694	HQ
MFD05942.bin.1.336	21.28334	HQ
MFD05942.bin.1.345	82.27401	HQ
MFD05942.bin.1.35	83.08204	HQ
MFD05942.bin.1.356	72.17181	HQ
MFD05942.bin.1.358	20.14839	HQ
MFD05942.bin.1.36	75.69268	HQ
MFD05942.bin.1.360	27.96344	HQ
MFD05942.bin.1.364	17.75398	HQ
MFD05942.bin.1.375	38.78982	HQ
MFD05942.bin.1.38	27.32567	HQ
MFD05942.bin.1.380	71.59161	HQ
MFD05942.bin.1.384	51.11213	HQ
MFD05942.bin.1.387	15.28167	HQ
MFD05942.bin.1.404	21.86406	HQ
MFD05942.bin.1.417	23.85474	HQ
MFD05942.bin.1.428	30.67033	HQ
MFD05942.bin.1.432	47.38074	HQ
MFD05942.bin.1.436	53.78689	HQ
MFD05942.bin.1.444	147.091	HQ
MFD05942.bin.1.451	30.68105	HQ
MFD05942.bin.1.462	96.91312	HQ
MFD05942.bin.1.463	37.19591	HQ
MFD05942.bin.1.466	48.06734	HQ
MFD05942.bin.1.467	34.46781	HQ
MFD05942.bin.1.56	19.27046	HQ
MFD05942.bin.1.64	30.28017	HQ
MFD05942.bin.1.7	41.10735	HQ
MFD05942.bin.1.73	20.50192	HQ
MFD05942.bin.1.74	51.87723	HQ
MFD05942.bin.1.84	24.09115	HQ
MFD05942.bin.1.91	28.52032	HQ
MFD05942.bin.1.94	19.87772	HQ
MFD05942.bin.1.95	54.29139	HQ
MFD05942.bin.1.97	83.57787	HQ
MFD05942.bin.2.148	19.20784	HQ
MFD05942.bin.2.42	61.01381	HQ
MFD05942.bin.3.282	72.20952	HQ
MFD06085.bin.1.10	36.57686	HQ
MFD06085.bin.1.132	48.11684	HQ
MFD06085.bin.1.160	30.16372	HQ
MFD06085.bin.1.163	23.04957	HQ
MFD06085.bin.1.165	23.06623	HQ
MFD06085.bin.1.170	70.80336	HQ
MFD06085.bin.1.175	16.46345	HQ
MFD06085.bin.1.176	18.34647	HQ
MFD06085.bin.1.22	29.14512	HQ
MFD06085.bin.1.35	17.23415	HQ
MFD06085.bin.1.42	34.80794	HQ
MFD06085.bin.1.47	52.85616	HQ
MFD06085.bin.1.51	18.35447	HQ
MFD06085.bin.1.67	28.57596	HQ
MFD06085.bin.1.7	30.24419	HQ
MFD06085.bin.1.86	78.22058	HQ
MFD06085.bin.1.89	28.72145	HQ
MFD06085.bin.1.94	35.38751	HQ
MFD06085.bin.2.69	67.1181	HQ
MFD06085.bin.2.87	18.41424	HQ
MFD06092.bin.1.119	19.92085	HQ
MFD06092.bin.1.125	27.05681	HQ
MFD06092.bin.1.131	84.50912	HQ
MFD06092.bin.1.148	31.55753	HQ
MFD06092.bin.1.15	65.29189	HQ
MFD06092.bin.1.171	30.30718	HQ
MFD06092.bin.1.174	16.42516	HQ
MFD06092.bin.1.175	24.17497	HQ
MFD06092.bin.1.176	41.84685	HQ
MFD06092.bin.1.177	26.51948	HQ
MFD06092.bin.1.18	14.44659	HQ
MFD06092.bin.1.181	32.01886	HQ
MFD06092.bin.1.203	20.01156	HQ
MFD06092.bin.1.220	19.03198	HQ
MFD06092.bin.1.224	48.76812	HQ
MFD06092.bin.1.228	23.46436	HQ
MFD06092.bin.1.230	17.57068	HQ
MFD06092.bin.1.235	25.41681	HQ
MFD06092.bin.1.246	48.57614	HQ
MFD06092.bin.1.248	33.90484	HQ
MFD06092.bin.1.253	27.21847	HQ
MFD06092.bin.1.260	21.70019	HQ
MFD06092.bin.1.266	113.2143	HQ
MFD06092.bin.1.269	25.2455	HQ
MFD06092.bin.1.270	73.10318	HQ
MFD06092.bin.1.32	29.8574	HQ
MFD06092.bin.1.40	42.24441	HQ
MFD06092.bin.1.41	22.35378	HQ
MFD06092.bin.1.45	32.65253	HQ
MFD06092.bin.1.47	20.4132	HQ
MFD06092.bin.1.49	30.40018	HQ
MFD06092.bin.1.58	50.98186	HQ
MFD06092.bin.1.70	24.7721	HQ
MFD06092.bin.1.94	22.72728	HQ
MFD06092.bin.2.149	46.10075	HQ
MFD06092.bin.2.193	19.13793	HQ
MFD06092.bin.3.112	43.39658	HQ
MFD06092.bin.3.244	31.07495	HQ
MFD06092.bin.3.266	21.52949	HQ
MFD06229.bin.1.1	22.95885	HQ
MFD06229.bin.1.101	37.22545	HQ
MFD06229.bin.1.13	21.08389	HQ
MFD06229.bin.1.145	18.64037	HQ
MFD06229.bin.1.171	31.01284	HQ
MFD06229.bin.1.185	13.69129	HQ
MFD06229.bin.1.199	18.43851	HQ
MFD06229.bin.1.238	21.97838	HQ
MFD06229.bin.1.242	30.47223	HQ
MFD06229.bin.1.246	48.52656	HQ
MFD06229.bin.1.26	18.11304	HQ
MFD06229.bin.1.266	17.45606	HQ
MFD06229.bin.1.275	57.21743	HQ
MFD06229.bin.1.279	26.28224	HQ
MFD06229.bin.1.283	17.70932	HQ
MFD06229.bin.1.289	34.51689	HQ
MFD06229.bin.1.44	45.13898	HQ
MFD06229.bin.1.58	28.38444	HQ
MFD06229.bin.1.60	89.73895	HQ
MFD06229.bin.1.61	81.55055	HQ
MFD06229.bin.2.170	28.95383	HQ
MFD06229.bin.2.49	15.24785	HQ
MFD06298.bin.1.10	25.89389	HQ
MFD06298.bin.1.103	21.00077	HQ
MFD06298.bin.1.108	45.53563	HQ
MFD06298.bin.1.123	16.92611	HQ
MFD06298.bin.1.126	12.6082	HQ
MFD06298.bin.1.135	89.95602	HQ
MFD06298.bin.1.144	23.17231	HQ
MFD06298.bin.1.191	19.01468	HQ
MFD06298.bin.1.193	30.94049	HQ
MFD06298.bin.1.197	33.29425	HQ
MFD06298.bin.1.21	31.58078	HQ
MFD06298.bin.1.211	50.59871	HQ
MFD06298.bin.1.216	24.35558	HQ
MFD06298.bin.1.233	34.72342	HQ
MFD06298.bin.1.242	45.65653	HQ
MFD06298.bin.1.3	26.72529	HQ
MFD06298.bin.1.5	50.40331	HQ
MFD06298.bin.1.62	85.88594	HQ
MFD06298.bin.1.70	26.87422	HQ
MFD06298.bin.3.255	39.73995	HQ
MFD06298.bin.3.355	21.54781	HQ
MFD06435.bin.1.100	63.08786	HQ
MFD06435.bin.1.116	84.34072	HQ
MFD06435.bin.1.124	18.25584	HQ
MFD06435.bin.1.129	28.3671	HQ
MFD06435.bin.1.139	14.01137	HQ
MFD06435.bin.1.175	12.75932	HQ
MFD06435.bin.1.188	18.24622	HQ
MFD06435.bin.1.192	66.02212	HQ
MFD06435.bin.1.194	20.59154	HQ
MFD06435.bin.1.198	32.82349	HQ
MFD06435.bin.1.213	25.5237	HQ
MFD06435.bin.1.230	42.3523	HQ
MFD06435.bin.1.27	40.39161	HQ
MFD06435.bin.1.31	57.43308	HQ
MFD06435.bin.1.39	19.82469	HQ
MFD06435.bin.1.47	19.39945	HQ
MFD06435.bin.1.50	23.87061	HQ
MFD06435.bin.1.8	15.6266	HQ
MFD06435.bin.1.80	15.17843	HQ
MFD06435.bin.2.53	136.9535	HQ
MFD06526.bin.1.107	25.04672	HQ
MFD06526.bin.1.139	34.71271	HQ
MFD06526.bin.1.142	31.02939	HQ
MFD06526.bin.1.22	41.38501	HQ
MFD06526.bin.1.51	143.5537	HQ
MFD06526.bin.1.61	27.09935	HQ
MFD06526.bin.1.90	35.56881	HQ
MFD06714.bin.1.101	15.92714	HQ
MFD06714.bin.1.11	49.46487	HQ
MFD06714.bin.1.120	24.23589	HQ
MFD06714.bin.1.126	36.24248	HQ
MFD06714.bin.1.129	36.97293	HQ
MFD06714.bin.1.140	30.06853	HQ
MFD06714.bin.1.149	22.97086	HQ
MFD06714.bin.1.152	30.03756	HQ
MFD06714.bin.1.155	20.56762	HQ
MFD06714.bin.1.160	89.22401	HQ
MFD06714.bin.1.176	16.74436	HQ
MFD06714.bin.1.18	24.44221	HQ
MFD06714.bin.1.19	19.77307	HQ
MFD06714.bin.1.192	30.29621	HQ
MFD06714.bin.1.217	36.00885	HQ
MFD06714.bin.1.224	23.41115	HQ
MFD06714.bin.1.225	31.99838	HQ
MFD06714.bin.1.226	90.17899	HQ
MFD06714.bin.1.228	16.74698	HQ
MFD06714.bin.1.229	33.61317	HQ
MFD06714.bin.1.234	71.9959	HQ
MFD06714.bin.1.236	35.1386	HQ
MFD06714.bin.1.31	13.51452	HQ
MFD06714.bin.1.34	29.95652	HQ
MFD06714.bin.1.36	36.08645	HQ
MFD06714.bin.1.37	44.50931	HQ
MFD06714.bin.1.47	20.78223	HQ
MFD06714.bin.1.49	22.97947	HQ
MFD06714.bin.1.6	23.24865	HQ
MFD06714.bin.1.68	47.14016	HQ
MFD06714.bin.1.74	42.64923	HQ
MFD06714.bin.1.81	27.27518	HQ
MFD06714.bin.1.9	38.23104	HQ
MFD06714.bin.2.140	18.22766	HQ
MFD06714.bin.3.19	28.09336	HQ
MFD06714.bin.3.94	74.44424	HQ
MFD06742.bin.1.1	51.61041	HQ
MFD06742.bin.1.113	34.4786	HQ
MFD06742.bin.1.131	32.79229	HQ
MFD06742.bin.1.139	35.39224	HQ
MFD06742.bin.1.142	40.56354	HQ
MFD06742.bin.1.165	47.81275	HQ
MFD06742.bin.1.182	27.63643	HQ
MFD06742.bin.1.206	23.41887	HQ
MFD06742.bin.1.259	41.57181	HQ
MFD06742.bin.1.261	34.22286	HQ
MFD06742.bin.1.32	20.08744	HQ
MFD06742.bin.1.336	34.05522	HQ
MFD06742.bin.1.53	31.71635	HQ
MFD06742.bin.1.58	16.18033	HQ
MFD06742.bin.2.122	23.08147	HQ
MFD06742.bin.2.158	22.23515	HQ
MFD06742.bin.2.202	40.83394	HQ
MFD06742.bin.2.23	53.4731	HQ
MFD07386.bin.1.14	39.64962	HQ
MFD07639.bin.1.10	29.73629	HQ
MFD07639.bin.1.13	21.75362	HQ
MFD07639.bin.1.66	28.55806	HQ
MFD07639.bin.1.71	35.45383	HQ
MFD07737.bin.1.21	12.4535	HQ
MFD07737.bin.1.43	15.95206	HQ
MFD07737.bin.1.47	15.09619	HQ
MFD07987.bin.1.10	20.48409	HQ
MFD08203.bin.1.4	14.01134	HQ
MFD08353.bin.1.29	14.23465	HQ
MFD08416.bin.1.19	20.69718	HQ
MFD08416.bin.1.3	20.37717	HQ
MFD08416.bin.1.79	28.94374	HQ
MFD08416.bin.1.86	19.67005	HQ
MFD08497.bin.1.115	24.72166	HQ
MFD08497.bin.1.135	23.86547	HQ
MFD08497.bin.1.32	65.35512	HQ
MFD08497.bin.2.53	107.4712	HQ
MFD08669.bin.1.116	12.55869	HQ
MFD08669.bin.1.13	16.56687	HQ
MFD08669.bin.1.20	25.86612	HQ
MFD08669.bin.1.39	37.25741	HQ
MFD08669.bin.1.44	21.51052	HQ
MFD08669.bin.1.45	15.08631	HQ
MFD08669.bin.1.5	16.40196	HQ
MFD08669.bin.1.88	67.01258	HQ
MFD08669.bin.2.15	16.93478	HQ
MFD08691.bin.1.114	11.28809	HQ
MFD08691.bin.1.35	12.36701	HQ
MFD08691.bin.1.5	20.46187	HQ
MFD08700.bin.1.19	28.65832	HQ
MFD08700.bin.1.2	30.72769	HQ
MFD08700.bin.1.4	64.23119	HQ
MFD08700.bin.1.44	29.02903	HQ
MFD08700.bin.1.66	24.04198	HQ
MFD08700.bin.1.74	62.95467	HQ
MFD08700.bin.1.95	89.09848	HQ
MFD08700.bin.2.48	30.37272	HQ
MFD08821.bin.1.112	14.1283	HQ
MFD08821.bin.1.29	12.52794	HQ
MFD08821.bin.1.92	22.55562	HQ
MFD09018.bin.1.114	27.28018	HQ
MFD09018.bin.1.23	73.44886	HQ
MFD09018.bin.1.47	42.8616	HQ
MFD09018.bin.1.6	32.71411	HQ
MFD09018.bin.1.68	27.03655	HQ
MFD09018.bin.2.22	42.35807	HQ
MFD09126.bin.1.47	56.82074	HQ
MFD09126.bin.1.74	39.58873	HQ
MFD09126.bin.1.77	14.89327	HQ
MFD09206.bin.1.100	43.73222	HQ
MFD09206.bin.1.107	36.88302	HQ
MFD09206.bin.1.115	38.61903	HQ
MFD09206.bin.1.132	54.46782	HQ
MFD09206.bin.1.14	15.48278	HQ
MFD09206.bin.1.160	34.55265	HQ
MFD09206.bin.1.167	32.62734	HQ
MFD09206.bin.1.191	30.77543	HQ
MFD09206.bin.1.2	67.18413	HQ
MFD09206.bin.1.206	40.54818	HQ
MFD09206.bin.1.208	28.02717	HQ
MFD09206.bin.1.210	86.84933	HQ
MFD09206.bin.1.212	41.5741	HQ
MFD09206.bin.1.218	98.78188	HQ
MFD09206.bin.1.221	35.3001	HQ
MFD09206.bin.1.225	19.96881	HQ
MFD09206.bin.1.227	28.98178	HQ
MFD09206.bin.1.230	19.41092	HQ
MFD09206.bin.1.237	16.21805	HQ
MFD09206.bin.1.40	26.8065	HQ
MFD09206.bin.1.42	47.56353	HQ
MFD09206.bin.1.5	78.0937	HQ
MFD09206.bin.1.6	25.89447	HQ
MFD09206.bin.1.69	36.01303	HQ
MFD09206.bin.1.75	93.43992	HQ
MFD09206.bin.1.90	59.0006	HQ
MFD09206.bin.1.94	43.2552	HQ
MFD09206.bin.2.153	36.48657	HQ
MFD09206.bin.2.20	17.03118	HQ
MFD09206.bin.3.348	22.43799	HQ
MFD09212.bin.1.104	16.12004	HQ
MFD09212.bin.1.122	60.37344	HQ
MFD09212.bin.1.129	54.05504	HQ
MFD09212.bin.1.13	252.3352	HQ
MFD09212.bin.1.130	53.64617	HQ
MFD09212.bin.1.133	19.86609	HQ
MFD09212.bin.1.134	24.69064	HQ
MFD09212.bin.1.136	42.01595	HQ
MFD09212.bin.1.137	25.44348	HQ
MFD09212.bin.1.138	30.76783	HQ
MFD09212.bin.1.139	23.55482	HQ
MFD09212.bin.1.140	27.18345	HQ
MFD09212.bin.1.141	97.70829	HQ
MFD09212.bin.1.142	20.64659	HQ
MFD09212.bin.1.144	19.56533	HQ
MFD09212.bin.1.147	27.68555	HQ
MFD09212.bin.1.165	199.1879	HQ
MFD09212.bin.1.18	30.71855	HQ
MFD09212.bin.1.19	25.38346	HQ
MFD09212.bin.1.196	39.32262	HQ
MFD09212.bin.1.210	82.93834	HQ
MFD09212.bin.1.217	62.49234	HQ
MFD09212.bin.1.219	20.24258	HQ
MFD09212.bin.1.232	16.04727	HQ
MFD09212.bin.1.234	38.21448	HQ
MFD09212.bin.1.240	44.38795	HQ
MFD09212.bin.1.244	20.60518	HQ
MFD09212.bin.1.252	21.89264	HQ
MFD09212.bin.1.28	20.40784	HQ
MFD09212.bin.1.3	23.03238	HQ
MFD09212.bin.1.30	23.81015	HQ
MFD09212.bin.1.36	34.9276	HQ
MFD09212.bin.1.4	103.0206	HQ
MFD09212.bin.1.43	64.9431	HQ
MFD09212.bin.1.47	53.07578	HQ
MFD09212.bin.1.66	28.58529	HQ
MFD09212.bin.1.85	19.34953	HQ
MFD09222.bin.1.102	12.51796	HQ
MFD09222.bin.1.109	37.09001	HQ
MFD09222.bin.1.118	25.84935	HQ
MFD09222.bin.1.124	32.15436	HQ
MFD09222.bin.1.128	42.82193	HQ
MFD09222.bin.1.129	91.95837	HQ
MFD09222.bin.1.130	33.85704	HQ
MFD09222.bin.1.131	20.31742	HQ
MFD09222.bin.1.14	42.98434	HQ
MFD09222.bin.1.147	38.31819	HQ
MFD09222.bin.1.150	64.47549	HQ
MFD09222.bin.1.161	26.48062	HQ
MFD09222.bin.1.171	49.91924	HQ
MFD09222.bin.1.174	48.7254	HQ
MFD09222.bin.1.18	11.97044	HQ
MFD09222.bin.1.180	22.87528	HQ
MFD09222.bin.1.182	63.34963	HQ
MFD09222.bin.1.185	68.30431	HQ
MFD09222.bin.1.196	17.29533	HQ
MFD09222.bin.1.2	34.26955	HQ
MFD09222.bin.1.200	49.00884	HQ
MFD09222.bin.1.212	18.59351	HQ
MFD09222.bin.1.214	32.72194	HQ
MFD09222.bin.1.216	72.5658	HQ
MFD09222.bin.1.22	100.0084	HQ
MFD09222.bin.1.222	112.4695	HQ
MFD09222.bin.1.225	34.70515	HQ
MFD09222.bin.1.227	34.5164	HQ
MFD09222.bin.1.228	79.80701	HQ
MFD09222.bin.1.238	34.61311	HQ
MFD09222.bin.1.32	24.87399	HQ
MFD09222.bin.1.41	31.22938	HQ
MFD09222.bin.1.46	19.95902	HQ
MFD09222.bin.1.50	35.71294	HQ
MFD09222.bin.1.52	71.6027	HQ
MFD09222.bin.1.53	40.17342	HQ
MFD09222.bin.1.59	21.44088	HQ
MFD09222.bin.1.65	36.41056	HQ
MFD09222.bin.1.71	44.62257	HQ
MFD09222.bin.1.8	25.96207	HQ
MFD09222.bin.1.96	106.2036	HQ
MFD09222.bin.2.120	24.92181	HQ
MFD09222.bin.2.148	304.5438	HQ
MFD09267.bin.1.107	52.70989	HQ
MFD09267.bin.1.130	27.39417	HQ
MFD09267.bin.1.140	99.9514	HQ
MFD09267.bin.1.152	74.7938	HQ
MFD09267.bin.1.158	35.88367	HQ
MFD09267.bin.1.163	16.07805	HQ
MFD09267.bin.1.194	40.3855	HQ
MFD09267.bin.1.216	44.10356	HQ
MFD09267.bin.1.221	28.54104	HQ
MFD09267.bin.1.232	53.69506	HQ
MFD09267.bin.1.238	18.34748	HQ
MFD09267.bin.1.253	25.01717	HQ
MFD09267.bin.1.261	51.84045	HQ
MFD09267.bin.1.264	35.17864	HQ
MFD09267.bin.1.271	24.33465	HQ
MFD09267.bin.1.277	45.73585	HQ
MFD09267.bin.1.290	30.77545	HQ
MFD09267.bin.1.321	17.6362	HQ
MFD09267.bin.1.346	21.09211	HQ
MFD09267.bin.1.350	35.6066	HQ
MFD09267.bin.1.353	27.55672	HQ
MFD09267.bin.1.386	20.31985	HQ
MFD09267.bin.1.5	39.85856	HQ
MFD09267.bin.1.83	59.36196	HQ
MFD09267.bin.1.89	55.80438	HQ
MFD09267.bin.1.92	36.68903	HQ
MFD09267.bin.1.95	38.15703	HQ
MFD09267.bin.2.120	137.6619	HQ
MFD09267.bin.2.222	71.84026	HQ
MFD09267.bin.3.238	203.1607	HQ
MFD09267.bin.3.5	33.1435	HQ
MFD09267.bin.3.51	82.53902	HQ
MFD09286.bin.1.1	51.0071	HQ
MFD09286.bin.1.102	42.04175	HQ
MFD09286.bin.1.109	68.26168	HQ
MFD09286.bin.1.124	28.64848	HQ
MFD09286.bin.1.132	22.56729	HQ
MFD09286.bin.1.138	53.44568	HQ
MFD09286.bin.1.139	35.51468	HQ
MFD09286.bin.1.140	66.63557	HQ
MFD09286.bin.1.141	71.35214	HQ
MFD09286.bin.1.148	26.62457	HQ
MFD09286.bin.1.150	73.66306	HQ
MFD09286.bin.1.157	36.62101	HQ
MFD09286.bin.1.158	21.55113	HQ
MFD09286.bin.1.160	22.31758	HQ
MFD09286.bin.1.167	26.28265	HQ
MFD09286.bin.1.170	19.37148	HQ
MFD09286.bin.1.172	16.78505	HQ
MFD09286.bin.1.180	22.48019	HQ
MFD09286.bin.1.183	60.3477	HQ
MFD09286.bin.1.185	47.36339	HQ
MFD09286.bin.1.186	54.14088	HQ
MFD09286.bin.1.187	31.25686	HQ
MFD09286.bin.1.194	29.06495	HQ
MFD09286.bin.1.20	21.77247	HQ
MFD09286.bin.1.203	32.03442	HQ
MFD09286.bin.1.210	64.45325	HQ
MFD09286.bin.1.212	57.02299	HQ
MFD09286.bin.1.235	26.86533	HQ
MFD09286.bin.1.248	48.15116	HQ
MFD09286.bin.1.251	40.9225	HQ
MFD09286.bin.1.254	70.92045	HQ
MFD09286.bin.1.255	43.52525	HQ
MFD09286.bin.1.36	34.37402	HQ
MFD09286.bin.1.44	196.2485	HQ
MFD09286.bin.1.46	80.56329	HQ
MFD09286.bin.1.47	26.98366	HQ
MFD09286.bin.1.55	25.63337	HQ
MFD09286.bin.1.60	104.143	HQ
MFD09286.bin.1.62	35.66619	HQ
MFD09286.bin.1.8	35.14613	HQ
MFD09286.bin.1.87	47.31234	HQ
MFD09286.bin.2.44	36.73967	HQ
MFD09286.bin.4.273	33.24998	HQ
MFD09368.bin.1.121	19.5724	HQ
MFD09368.bin.1.136	14.24453	HQ
MFD09368.bin.1.142	29.00212	HQ
MFD09368.bin.1.157	76.77321	HQ
MFD09368.bin.1.176	37.70355	HQ
MFD09368.bin.1.178	167.373	HQ
MFD09368.bin.1.179	136.263	HQ
MFD09368.bin.1.186	26.48743	HQ
MFD09368.bin.1.187	15.76956	HQ
MFD09368.bin.1.188	18.71079	HQ
MFD09368.bin.1.2	35.26452	HQ
MFD09368.bin.1.203	67.47272	HQ
MFD09368.bin.1.210	39.66446	HQ
MFD09368.bin.1.217	70.98619	HQ
MFD09368.bin.1.220	24.66722	HQ
MFD09368.bin.1.227	23.93911	HQ
MFD09368.bin.1.228	43.17537	HQ
MFD09368.bin.1.229	52.96942	HQ
MFD09368.bin.1.23	25.48176	HQ
MFD09368.bin.1.27	23.2296	HQ
MFD09368.bin.1.28	21.01794	HQ
MFD09368.bin.1.34	45.02491	HQ
MFD09368.bin.1.39	27.85059	HQ
MFD09368.bin.1.55	28.82765	HQ
MFD09368.bin.1.57	17.23013	HQ
MFD09368.bin.1.59	29.18108	HQ
MFD09368.bin.1.64	26.98458	HQ
MFD09368.bin.1.7	20.12449	HQ
MFD09368.bin.1.80	31.67677	HQ
MFD09368.bin.1.84	31.9877	HQ
MFD09368.bin.1.87	50.84326	HQ
MFD09368.bin.1.91	27.5605	HQ
MFD09368.bin.2.160	23.84113	HQ
MFD09368.bin.2.205	27.70301	HQ
MFD09368.bin.3.158	23.75705	HQ
MFD09368.bin.3.159	76.70736	HQ
MFD09495.bin.1.102	30.14427	HQ
MFD09495.bin.1.108	21.31487	HQ
MFD09495.bin.1.110	30.78934	HQ
MFD09495.bin.1.112	66.69585	HQ
MFD09495.bin.1.125	15.58258	HQ
MFD09495.bin.1.126	40.2869	HQ
MFD09495.bin.1.128	19.9942	HQ
MFD09495.bin.1.131	25.12959	HQ
MFD09495.bin.1.132	32.06774	HQ
MFD09495.bin.1.134	16.90813	HQ
MFD09495.bin.1.135	27.97338	HQ
MFD09495.bin.1.136	20.09098	HQ
MFD09495.bin.1.139	43.99894	HQ
MFD09495.bin.1.14	40.78055	HQ
MFD09495.bin.1.18	41.1589	HQ
MFD09495.bin.1.19	24.66741	HQ
MFD09495.bin.1.2	119.4305	HQ
MFD09495.bin.1.27	34.69433	HQ
MFD09495.bin.1.3	16.60805	HQ
MFD09495.bin.1.30	78.82436	HQ
MFD09495.bin.1.31	45.86157	HQ
MFD09495.bin.1.45	44.42611	HQ
MFD09495.bin.1.5	37.8076	HQ
MFD09495.bin.1.50	50.01996	HQ
MFD09495.bin.1.52	20.03072	HQ
MFD09495.bin.1.53	71.02366	HQ
MFD09495.bin.1.55	14.53239	HQ
MFD09495.bin.1.59	73.30244	HQ
MFD09495.bin.1.6	14.33771	HQ
MFD09495.bin.1.66	50.5477	HQ
MFD09495.bin.1.69	17.64311	HQ
MFD09495.bin.1.73	57.44315	HQ
MFD09495.bin.1.76	53.11947	HQ
MFD09495.bin.1.81	119.0086	HQ
MFD09495.bin.2.19	19.45726	HQ
MFD09495.bin.2.27	159.9964	HQ
MFD09567.bin.1.113	315.7772	HQ
MFD09567.bin.1.136	46.22954	HQ
MFD09567.bin.1.139	66.86555	HQ
MFD09567.bin.1.143	16.24343	HQ
MFD09567.bin.1.28	29.90289	HQ
MFD09567.bin.1.5	145.0064	HQ
MFD09567.bin.1.55	51.21218	HQ
MFD09567.bin.1.66	37.8307	HQ
MFD09567.bin.1.70	19.81294	HQ
MFD09567.bin.1.71	229.6896	HQ
MFD09567.bin.1.80	36.13164	HQ
MFD09567.bin.2.17	17.01702	HQ
MFD09603.bin.1.1	46.21129	HQ
MFD09603.bin.1.101	16.22836	HQ
MFD09603.bin.1.103	29.81059	HQ
MFD09603.bin.1.104	22.85016	HQ
MFD09603.bin.1.106	15.6798	HQ
MFD09603.bin.1.11	29.06689	HQ
MFD09603.bin.1.110	147.3308	HQ
MFD09603.bin.1.112	23.05769	HQ
MFD09603.bin.1.114	20.30091	HQ
MFD09603.bin.1.115	16.74671	HQ
MFD09603.bin.1.116	168.3245	HQ
MFD09603.bin.1.119	19.00467	HQ
MFD09603.bin.1.123	20.37414	HQ
MFD09603.bin.1.124	28.0203	HQ
MFD09603.bin.1.127	15.76126	HQ
MFD09603.bin.1.131	25.63736	HQ
MFD09603.bin.1.137	18.14969	HQ
MFD09603.bin.1.144	41.09237	HQ
MFD09603.bin.1.156	35.81363	HQ
MFD09603.bin.1.169	27.99368	HQ
MFD09603.bin.1.193	37.71756	HQ
MFD09603.bin.1.2	20.75176	HQ
MFD09603.bin.1.21	23.27	HQ
MFD09603.bin.1.211	33.31973	HQ
MFD09603.bin.1.217	32.09704	HQ
MFD09603.bin.1.231	43.18602	HQ
MFD09603.bin.1.24	34.1714	HQ
MFD09603.bin.1.252	34.63129	HQ
MFD09603.bin.1.255	35.08483	HQ
MFD09603.bin.1.256	18.30212	HQ
MFD09603.bin.1.265	74.12305	HQ
MFD09603.bin.1.268	17.0294	HQ
MFD09603.bin.1.269	28.48612	HQ
MFD09603.bin.1.270	26.65065	HQ
MFD09603.bin.1.271	22.09146	HQ
MFD09603.bin.1.272	21.48105	HQ
MFD09603.bin.1.273	27.68063	HQ
MFD09603.bin.1.275	32.14104	HQ
MFD09603.bin.1.278	20.06182	HQ
MFD09603.bin.1.279	103.8983	HQ
MFD09603.bin.1.281	30.78236	HQ
MFD09603.bin.1.283	37.72295	HQ
MFD09603.bin.1.284	25.53318	HQ
MFD09603.bin.1.285	49.69467	HQ
MFD09603.bin.1.286	83.66882	HQ
MFD09603.bin.1.288	45.3484	HQ
MFD09603.bin.1.298	60.15367	HQ
MFD09603.bin.1.304	59.61957	HQ
MFD09603.bin.1.312	63.88945	HQ
MFD09603.bin.1.313	15.98274	HQ
MFD09603.bin.1.315	85.78314	HQ
MFD09603.bin.1.316	25.90247	HQ
MFD09603.bin.1.317	19.20984	HQ
MFD09603.bin.1.32	329.7131	HQ
MFD09603.bin.1.324	21.37968	HQ
MFD09603.bin.1.325	36.73035	HQ
MFD09603.bin.1.33	46.34705	HQ
MFD09603.bin.1.340	428.0001	HQ
MFD09603.bin.1.341	17.08547	HQ
MFD09603.bin.1.350	15.05374	HQ
MFD09603.bin.1.351	26.28365	HQ
MFD09603.bin.1.362	33.82236	HQ
MFD09603.bin.1.365	28.94167	HQ
MFD09603.bin.1.367	62.82825	HQ
MFD09603.bin.1.369	49.70262	HQ
MFD09603.bin.1.37	15.05076	HQ
MFD09603.bin.1.371	57.28533	HQ
MFD09603.bin.1.377	65.63823	HQ
MFD09603.bin.1.382	39.10055	HQ
MFD09603.bin.1.392	24.93012	HQ
MFD09603.bin.1.394	27.87168	HQ
MFD09603.bin.1.396	29.48024	HQ
MFD09603.bin.1.397	42.74369	HQ
MFD09603.bin.1.4	43.81359	HQ
MFD09603.bin.1.401	37.98484	HQ
MFD09603.bin.1.402	112.6005	HQ
MFD09603.bin.1.409	30.2091	HQ
MFD09603.bin.1.413	399.4597	HQ
MFD09603.bin.1.43	19.93248	HQ
MFD09603.bin.1.46	29.77626	HQ
MFD09603.bin.1.48	23.51634	HQ
MFD09603.bin.1.49	135.9371	HQ
MFD09603.bin.1.5	26.01692	HQ
MFD09603.bin.1.51	97.37875	HQ
MFD09603.bin.1.64	24.3216	HQ
MFD09603.bin.1.68	55.67674	HQ
MFD09603.bin.1.77	31.96311	HQ
MFD09603.bin.1.8	27.89894	HQ
MFD09603.bin.1.80	36.5043	HQ
MFD09603.bin.1.83	48.55609	HQ
MFD09603.bin.1.86	17.89646	HQ
MFD09603.bin.1.87	29.30121	HQ
MFD09603.bin.1.95	102.2978	HQ
MFD09603.bin.1.97	19.46372	HQ
MFD09603.bin.1.99	16.34855	HQ
MFD09603.bin.2.107	29.56808	HQ
MFD09603.bin.2.159	245.699	HQ
MFD09603.bin.2.160	27.76964	HQ
MFD09603.bin.2.166	22.53636	HQ
MFD09603.bin.2.169	21.03937	HQ
MFD09603.bin.2.203	760.2198	HQ
MFD09603.bin.2.224	56.44406	HQ
MFD09603.bin.2.235	15.57891	HQ
MFD09603.bin.2.240	23.55233	HQ
MFD09603.bin.2.72	67.46487	HQ
MFD09671.bin.1.108	76.17585	HQ
MFD09671.bin.1.113	37.33043	HQ
MFD09671.bin.1.114	18.93124	HQ
MFD09671.bin.1.115	27.82012	HQ
MFD09671.bin.1.12	16.53156	HQ
MFD09671.bin.1.120	12.4641	HQ
MFD09671.bin.1.121	19.84607	HQ
MFD09671.bin.1.122	15.42262	HQ
MFD09671.bin.1.125	49.32108	HQ
MFD09671.bin.1.132	26.11826	HQ
MFD09671.bin.1.136	29.50495	HQ
MFD09671.bin.1.140	28.50307	HQ
MFD09671.bin.1.150	18.23725	HQ
MFD09671.bin.1.153	56.56706	HQ
MFD09671.bin.1.154	26.3568	HQ
MFD09671.bin.1.159	18.65222	HQ
MFD09671.bin.1.161	50.51228	HQ
MFD09671.bin.1.162	26.59918	HQ
MFD09671.bin.1.182	17.87924	HQ
MFD09671.bin.1.184	51.42328	HQ
MFD09671.bin.1.186	34.73099	HQ
MFD09671.bin.1.189	15.67435	HQ
MFD09671.bin.1.19	39.92278	HQ
MFD09671.bin.1.193	39.5437	HQ
MFD09671.bin.1.194	138.4102	HQ
MFD09671.bin.1.197	36.96722	HQ
MFD09671.bin.1.200	52.69505	HQ
MFD09671.bin.1.201	31.50226	HQ
MFD09671.bin.1.203	82.62914	HQ
MFD09671.bin.1.206	25.78886	HQ
MFD09671.bin.1.22	43.76677	HQ
MFD09671.bin.1.3	54.13288	HQ
MFD09671.bin.1.34	82.36905	HQ
MFD09671.bin.1.35	88.8062	HQ
MFD09671.bin.1.4	35.64758	HQ
MFD09671.bin.1.41	26.17178	HQ
MFD09671.bin.1.42	42.80415	HQ
MFD09671.bin.1.43	62.50461	HQ
MFD09671.bin.1.44	34.19835	HQ
MFD09671.bin.1.46	54.76519	HQ
MFD09671.bin.1.48	32.33615	HQ
MFD09671.bin.1.5	17.48817	HQ
MFD09671.bin.1.50	27.76124	HQ
MFD09671.bin.1.53	38.39808	HQ
MFD09671.bin.1.54	23.51618	HQ
MFD09671.bin.1.56	24.90456	HQ
MFD09671.bin.1.63	26.76112	HQ
MFD09671.bin.1.74	54.09549	HQ
MFD09671.bin.1.78	37.64222	HQ
MFD09671.bin.1.97	103.1207	HQ
MFD09671.bin.4.117	16.68912	HQ
MFD09730.bin.1.101	22.57016	HQ
MFD09730.bin.1.114	18.40318	HQ
MFD09730.bin.1.117	37.32988	HQ
MFD09730.bin.1.134	99.8624	HQ
MFD09730.bin.1.146	83.07587	HQ
MFD09730.bin.1.148	32.68496	HQ
MFD09730.bin.1.164	18.31224	HQ
MFD09730.bin.1.17	13.40121	HQ
MFD09730.bin.1.170	31.27935	HQ
MFD09730.bin.1.55	16.69133	HQ
MFD09730.bin.1.56	20.60726	HQ
MFD09730.bin.1.57	87.15351	HQ
MFD09730.bin.1.8	17.37215	HQ
MFD09730.bin.1.81	30.28766	HQ
MFD09730.bin.1.93	26.14305	HQ
MFD09730.bin.1.97	62.18982	HQ
MFD09779.bin.1.101	29.28285	HQ
MFD09779.bin.1.102	24.34166	HQ
MFD09779.bin.1.108	98.99677	HQ
MFD09779.bin.1.114	64.0753	HQ
MFD09779.bin.1.115	15.95562	HQ
MFD09779.bin.1.123	20.48434	HQ
MFD09779.bin.1.125	18.25631	HQ
MFD09779.bin.1.13	29.56188	HQ
MFD09779.bin.1.133	61.49601	HQ
MFD09779.bin.1.15	24.49464	HQ
MFD09779.bin.1.20	16.85395	HQ
MFD09779.bin.1.200	17.10436	HQ
MFD09779.bin.1.202	11.32272	HQ
MFD09779.bin.1.204	41.99229	HQ
MFD09779.bin.1.205	36.83527	HQ
MFD09779.bin.1.207	61.54178	HQ
MFD09779.bin.1.209	21.34547	HQ
MFD09779.bin.1.212	56.60519	HQ
MFD09779.bin.1.213	23.42798	HQ
MFD09779.bin.1.215	17.71655	HQ
MFD09779.bin.1.219	37.80389	HQ
MFD09779.bin.1.220	25.02182	HQ
MFD09779.bin.1.221	59.07115	HQ
MFD09779.bin.1.222	28.08761	HQ
MFD09779.bin.1.231	19.51037	HQ
MFD09779.bin.1.234	97.86742	HQ
MFD09779.bin.1.235	36.31695	HQ
MFD09779.bin.1.237	128.4568	HQ
MFD09779.bin.1.238	28.4704	HQ
MFD09779.bin.1.239	28.7829	HQ
MFD09779.bin.1.24	27.14957	HQ
MFD09779.bin.1.242	13.96095	HQ
MFD09779.bin.1.243	74.28148	HQ
MFD09779.bin.1.244	91.61987	HQ
MFD09779.bin.1.245	20.67134	HQ
MFD09779.bin.1.250	19.73278	HQ
MFD09779.bin.1.252	81.87916	HQ
MFD09779.bin.1.256	17.88809	HQ
MFD09779.bin.1.259	39.73504	HQ
MFD09779.bin.1.263	41.07531	HQ
MFD09779.bin.1.273	40.28612	HQ
MFD09779.bin.1.277	57.49009	HQ
MFD09779.bin.1.280	29.73167	HQ
MFD09779.bin.1.281	14.18764	HQ
MFD09779.bin.1.284	66.59068	HQ
MFD09779.bin.1.286	36.27178	HQ
MFD09779.bin.1.292	31.94927	HQ
MFD09779.bin.1.294	21.31752	HQ
MFD09779.bin.1.300	22.93532	HQ
MFD09779.bin.1.308	23.18557	HQ
MFD09779.bin.1.311	93.29288	HQ
MFD09779.bin.1.312	25.85991	HQ
MFD09779.bin.1.317	19.67571	HQ
MFD09779.bin.1.323	28.80729	HQ
MFD09779.bin.1.324	85.7651	HQ
MFD09779.bin.1.325	34.10345	HQ
MFD09779.bin.1.328	35.60122	HQ
MFD09779.bin.1.329	40.5328	HQ
MFD09779.bin.1.338	21.02478	HQ
MFD09779.bin.1.340	28.08196	HQ
MFD09779.bin.1.345	63.81926	HQ
MFD09779.bin.1.346	16.87117	HQ
MFD09779.bin.1.351	24.34709	HQ
MFD09779.bin.1.356	50.6097	HQ
MFD09779.bin.1.358	26.58638	HQ
MFD09779.bin.1.359	65.67215	HQ
MFD09779.bin.1.362	19.03432	HQ
MFD09779.bin.1.363	77.62067	HQ
MFD09779.bin.1.366	20.28662	HQ
MFD09779.bin.1.373	23.14826	HQ
MFD09779.bin.1.375	112.0279	HQ
MFD09779.bin.1.378	20.65247	HQ
MFD09779.bin.1.4	20.19452	HQ
MFD09779.bin.1.42	188.6407	HQ
MFD09779.bin.1.45	28.48469	HQ
MFD09779.bin.1.47	17.0012	HQ
MFD09779.bin.1.48	20.02674	HQ
MFD09779.bin.1.49	28.64228	HQ
MFD09779.bin.1.51	37.01343	HQ
MFD09779.bin.1.57	27.5137	HQ
MFD09779.bin.1.6	21.24595	HQ
MFD09779.bin.1.63	17.61262	HQ
MFD09779.bin.1.64	41.11	HQ
MFD09779.bin.1.65	29.36382	HQ
MFD09779.bin.1.66	33.32558	HQ
MFD09779.bin.1.69	25.66481	HQ
MFD09779.bin.1.7	40.61161	HQ
MFD09779.bin.1.71	17.75136	HQ
MFD09779.bin.1.73	21.45771	HQ
MFD09779.bin.1.77	20.0964	HQ
MFD09779.bin.1.78	13.56471	HQ
MFD09779.bin.1.81	21.7728	HQ
MFD09779.bin.1.82	117.4181	HQ
MFD09779.bin.1.83	39.70485	HQ
MFD09779.bin.1.84	32.51371	HQ
MFD09779.bin.1.86	150.2678	HQ
MFD09779.bin.1.87	21.26696	HQ
MFD09779.bin.1.88	18.16615	HQ
MFD09779.bin.1.9	40.42453	HQ
MFD09779.bin.1.91	17.25005	HQ
MFD09779.bin.1.96	11.7595	HQ
MFD09779.bin.1.97	53.40534	HQ
MFD09779.bin.1.99	29.71211	HQ
MFD09779.bin.2.245	153.2709	HQ
MFD09779.bin.2.74	14.5041	HQ
MFD09779.bin.3.448	18.43952	HQ
MFD09848.bin.1.108	36.59672	HQ
MFD09848.bin.1.114	51.26911	HQ
MFD09848.bin.1.116	62.62865	HQ
MFD09848.bin.1.119	71.02103	HQ
MFD09848.bin.1.27	75.29393	HQ
MFD09848.bin.1.29	255.365	HQ
MFD09848.bin.1.64	53.0163	HQ
MFD09848.bin.1.96	32.09856	HQ
MFD09848.bin.3.70	45.217	HQ
MFD09964.bin.1.10	55.71141	HQ
MFD09964.bin.1.100	36.53863	HQ
MFD09964.bin.1.108	145.3634	HQ
MFD09964.bin.1.111	14.6721	HQ
MFD09964.bin.1.113	19.51237	HQ
MFD09964.bin.1.117	46.57119	HQ
MFD09964.bin.1.132	52.24493	HQ
MFD09964.bin.1.142	37.31824	HQ
MFD09964.bin.1.155	33.66931	HQ
MFD09964.bin.1.169	64.81052	HQ
MFD09964.bin.1.174	35.89527	HQ
MFD09964.bin.1.182	28.87884	HQ
MFD09964.bin.1.189	37.09826	HQ
MFD09964.bin.1.191	59.09921	HQ
MFD09964.bin.1.195	35.913	HQ
MFD09964.bin.1.198	67.24621	HQ
MFD09964.bin.1.200	38.64963	HQ
MFD09964.bin.1.201	106.8162	HQ
MFD09964.bin.1.206	31.42709	HQ
MFD09964.bin.1.207	37.68946	HQ
MFD09964.bin.1.209	59.10923	HQ
MFD09964.bin.1.214	60.94627	HQ
MFD09964.bin.1.215	44.26866	HQ
MFD09964.bin.1.222	41.1008	HQ
MFD09964.bin.1.228	27.48903	HQ
MFD09964.bin.1.233	38.79756	HQ
MFD09964.bin.1.234	99.26376	HQ
MFD09964.bin.1.235	28.19954	HQ
MFD09964.bin.1.236	20.95158	HQ
MFD09964.bin.1.24	38.92424	HQ
MFD09964.bin.1.240	41.02455	HQ
MFD09964.bin.1.247	18.94415	HQ
MFD09964.bin.1.258	35.08175	HQ
MFD09964.bin.1.27	15.05712	HQ
MFD09964.bin.1.272	36.80682	HQ
MFD09964.bin.1.275	30.84822	HQ
MFD09964.bin.1.28	42.8431	HQ
MFD09964.bin.1.280	18.68254	HQ
MFD09964.bin.1.283	24.69506	HQ
MFD09964.bin.1.284	15.68337	HQ
MFD09964.bin.1.29	50.85141	HQ
MFD09964.bin.1.290	18.14203	HQ
MFD09964.bin.1.292	81.31101	HQ
MFD09964.bin.1.297	65.45602	HQ
MFD09964.bin.1.3	20.18949	HQ
MFD09964.bin.1.301	15.49385	HQ
MFD09964.bin.1.307	72.39978	HQ
MFD09964.bin.1.308	13.50742	HQ
MFD09964.bin.1.31	21.47082	HQ
MFD09964.bin.1.311	73.69677	HQ
MFD09964.bin.1.312	24.27011	HQ
MFD09964.bin.1.317	90.58129	HQ
MFD09964.bin.1.32	33.2554	HQ
MFD09964.bin.1.333	17.43979	HQ
MFD09964.bin.1.336	63.21147	HQ
MFD09964.bin.1.34	22.79552	HQ
MFD09964.bin.1.340	116.5357	HQ
MFD09964.bin.1.345	45.95375	HQ
MFD09964.bin.1.347	42.42599	HQ
MFD09964.bin.1.35	26.37148	HQ
MFD09964.bin.1.357	27.65098	HQ
MFD09964.bin.1.36	16.32109	HQ
MFD09964.bin.1.362	32.54882	HQ
MFD09964.bin.1.363	30.04851	HQ
MFD09964.bin.1.364	35.90873	HQ
MFD09964.bin.1.366	20.43893	HQ
MFD09964.bin.1.373	20.96746	HQ
MFD09964.bin.1.374	23.15134	HQ
MFD09964.bin.1.383	31.2863	HQ
MFD09964.bin.1.42	67.33436	HQ
MFD09964.bin.1.44	86.17744	HQ
MFD09964.bin.1.5	28.23191	HQ
MFD09964.bin.1.53	27.65865	HQ
MFD09964.bin.1.59	19.34107	HQ
MFD09964.bin.1.60	15.51269	HQ
MFD09964.bin.1.62	25.18919	HQ
MFD09964.bin.1.66	29.65899	HQ
MFD09964.bin.1.67	61.90101	HQ
MFD09964.bin.1.68	24.10584	HQ
MFD09964.bin.1.69	27.59224	HQ
MFD09964.bin.1.7	29.12613	HQ
MFD09964.bin.1.70	36.96993	HQ
MFD09964.bin.1.74	30.58185	HQ
MFD09964.bin.1.76	22.41053	HQ
MFD09964.bin.1.77	26.96722	HQ
MFD09964.bin.1.78	16.2768	HQ
MFD09964.bin.1.79	76.2652	HQ
MFD09964.bin.1.80	18.69892	HQ
MFD09964.bin.1.83	45.60245	HQ
MFD09964.bin.1.87	14.67521	HQ
MFD09964.bin.1.93	31.92055	HQ
MFD09964.bin.1.96	29.39389	HQ
MFD09964.bin.1.97	54.35709	HQ
MFD09964.bin.1.98	34.05838	HQ
MFD09964.bin.2.104	168.8486	HQ
MFD09964.bin.2.144	29.56158	HQ
MFD09964.bin.2.169	16.16005	HQ
MFD09964.bin.2.177	16.27438	HQ
MFD09964.bin.2.187	24.32805	HQ
MFD09964.bin.2.250	37.35216	HQ
MFD09964.bin.2.260	23.02678	HQ
MFD09964.bin.2.30	13.91772	HQ
MFD09964.bin.2.64	15.73481	HQ
MFD09964.bin.2.72	74.50752	HQ
MFD09964.bin.3.183	11.55004	HQ
MFD09964.bin.3.367	26.93947	HQ
MFD10007.bin.1.1	17.8816	HQ
MFD10007.bin.1.10	21.94208	HQ
MFD10007.bin.1.118	45.50736	HQ
MFD10007.bin.1.119	34.83219	HQ
MFD10007.bin.1.123	62.09732	HQ
MFD10007.bin.1.132	68.12252	HQ
MFD10007.bin.1.148	57.05296	HQ
MFD10007.bin.1.169	33.81504	HQ
MFD10007.bin.1.171	30.56407	HQ
MFD10007.bin.1.176	33.14887	HQ
MFD10007.bin.1.19	43.76041	HQ
MFD10007.bin.1.200	35.24808	HQ
MFD10007.bin.1.21	40.97838	HQ
MFD10007.bin.1.210	55.12439	HQ
MFD10007.bin.1.230	21.32066	HQ
MFD10007.bin.1.237	31.39853	HQ
MFD10007.bin.1.241	40.13179	HQ
MFD10007.bin.1.245	41.12146	HQ
MFD10007.bin.1.248	76.92323	HQ
MFD10007.bin.1.27	50.66807	HQ
MFD10007.bin.1.28	22.97765	HQ
MFD10007.bin.1.33	42.52602	HQ
MFD10007.bin.1.37	21.70571	HQ
MFD10007.bin.1.45	42.68389	HQ
MFD10007.bin.1.48	21.32193	HQ
MFD10007.bin.1.59	21.87724	HQ
MFD10007.bin.1.62	35.2477	HQ
MFD10007.bin.1.78	84.13171	HQ
MFD10007.bin.2.2	72.55262	HQ
MFD10043.bin.1.17	31.89834	HQ
MFD10043.bin.1.19	45.98017	HQ
MFD10064.bin.1.1	39.90972	HQ
MFD10064.bin.1.109	8.111153	HQ
MFD10064.bin.1.114	28.91535	HQ
MFD10064.bin.1.12	30.88163	HQ
MFD10064.bin.1.125	8.664165	HQ
MFD10064.bin.1.144	35.68253	HQ
MFD10064.bin.1.147	19.71855	HQ
MFD10064.bin.1.149	20.90315	HQ
MFD10064.bin.1.15	31.24656	HQ
MFD10064.bin.1.151	69.3618	HQ
MFD10064.bin.1.16	85.7495	HQ
MFD10064.bin.1.18	27.16326	HQ
MFD10064.bin.1.2	12.35742	HQ
MFD10064.bin.1.20	23.23674	HQ
MFD10064.bin.1.24	18.45474	HQ
MFD10064.bin.1.26	21.41538	HQ
MFD10064.bin.1.32	8.184311	HQ
MFD10064.bin.1.39	9.870655	HQ
MFD10064.bin.1.43	25.60452	HQ
MFD10064.bin.1.46	28.74372	HQ
MFD10064.bin.1.47	15.90774	HQ
MFD10064.bin.1.59	20.68575	HQ
MFD10064.bin.1.74	16.0272	HQ
MFD10064.bin.1.75	13.79599	HQ
MFD10064.bin.1.78	17.16582	HQ
MFD10064.bin.1.81	44.86619	HQ
MFD10064.bin.1.84	11.74298	HQ
MFD10064.bin.1.97	14.54584	HQ
MFD10064.bin.2.52	31.53261	HQ
MFD10064.bin.3.223	41.97286	HQ
MFD10071.bin.1.10	35.07663	HQ
MFD10071.bin.1.120	43.02841	HQ
MFD10071.bin.1.134	42.08865	HQ
MFD10071.bin.1.136	66.33888	HQ
MFD10071.bin.1.140	16.89891	HQ
MFD10071.bin.1.144	27.03551	HQ
MFD10071.bin.1.145	73.79845	HQ
MFD10071.bin.1.35	17.16831	HQ
MFD10071.bin.1.44	24.11705	HQ
MFD10071.bin.1.48	35.77214	HQ
MFD10071.bin.1.71	26.28125	HQ
MFD10071.bin.1.72	43.34591	HQ
MFD10071.bin.1.76	22.60554	HQ
MFD10071.bin.1.91	30.04738	HQ
MFD10071.bin.2.26	63.18679	HQ
MFD10071.bin.3.21	40.61273	HQ
MFD10097.bin.1.10	143.3733	HQ
MFD10097.bin.1.12	42.67422	HQ
MFD10097.bin.1.23	47.24364	HQ
MFD10097.bin.1.24	102.5495	HQ
MFD10097.bin.1.3	160.6908	HQ
MFD10097.bin.1.32	53.63798	HQ
MFD10097.bin.1.35	274.892	HQ
MFD10097.bin.1.37	109.0653	HQ
MFD10097.bin.1.39	1052.081	HQ
MFD10097.bin.1.40	859.9688	HQ
MFD10097.bin.1.8	65.47232	HQ
MFD10097.bin.2.3	662.6769	HQ
MFD10113.bin.1.111	21.17453	HQ
MFD10113.bin.1.126	21.4113	HQ
MFD10113.bin.1.130	100.3543	HQ
MFD10113.bin.1.138	113.2412	HQ
MFD10113.bin.1.14	35.24268	HQ
MFD10113.bin.1.142	12.6196	HQ
MFD10113.bin.1.15	32.01043	HQ
MFD10113.bin.1.151	38.29545	HQ
MFD10113.bin.1.179	11.45846	HQ
MFD10113.bin.1.188	40.15462	HQ
MFD10113.bin.1.191	32.71088	HQ
MFD10113.bin.1.199	55.756	HQ
MFD10113.bin.1.20	60.42934	HQ
MFD10113.bin.1.207	47.89197	HQ
MFD10113.bin.1.227	29.52067	HQ
MFD10113.bin.1.27	47.05646	HQ
MFD10113.bin.1.28	32.0363	HQ
MFD10113.bin.1.29	22.71512	HQ
MFD10113.bin.1.38	24.40069	HQ
MFD10113.bin.1.44	42.01443	HQ
MFD10113.bin.1.46	23.6383	HQ
MFD10113.bin.1.57	19.52972	HQ
MFD10113.bin.1.77	29.05892	HQ
MFD10113.bin.1.80	14.98355	HQ
MFD10113.bin.2.190	20.85377	HQ
MFD10113.bin.2.63	18.22113	HQ
MFD10113.bin.3.538	24.85547	HQ
MFD00008.bin.1.167	73.748505	HQ
MFD00031.bin.1.112	85.65082	HQ
MFD00032.bin.1.135	72.92995	HQ
MFD00032.bin.1.220	12.987676	HQ
MFD00032.bin.1.38	20.543703	HQ
MFD00032.bin.1.50	30.955181	HQ
MFD00032.bin.1.54	32.85353	HQ
MFD00082.bin.1.130	21.598764	HQ
MFD00822.bin.1.234	45.89561	HQ
MFD00905.bin.1.137	55.391747	HQ
MFD01112.bin.1.15	37.01812	HQ
MFD01112.bin.2.5	39.12539	HQ
MFD01188.bin.1.48	59.08704	HQ
MFD01188.bin.2.15	13.142715	HQ
MFD01231.bin.1.25	11.238028	HQ
MFD01299.bin.1.1	26.235495	HQ
MFD01299.bin.1.8	30.806074	HQ
MFD01476.bin.1.122	28.422087	HQ
MFD01476.bin.1.202	233.52419	HQ
MFD01476.bin.1.217	70.98584	HQ
MFD01476.bin.1.243	16.143131	HQ
MFD01689.bin.1.29	85.11024	HQ
MFD01689.bin.1.3	32.52901	HQ
MFD01689.bin.1.58	16.190908	HQ
MFD01689.bin.1.59	28.019016	HQ
MFD01716.bin.1.165	35.655266	HQ
MFD01716.bin.1.47	13.950909	HQ
MFD01872.bin.1.205	23.57953	HQ
MFD01872.bin.1.306	62.762997	HQ
MFD01872.bin.1.337	22.485416	HQ
MFD01872.bin.2.229	36.460506	HQ
MFD01916.bin.1.74	26.447409	HQ
MFD02134.bin.1.155	19.640799	HQ
MFD02138.bin.1.8	34.005688	HQ
MFD02138.bin.1.89	44.616787	HQ
MFD02138.bin.1.95	48.231056	HQ
MFD02360.bin.2.160	41.70689	HQ
MFD02360.bin.3.578	89.03741	HQ
MFD02416.bin.1.122	11.455624	HQ
MFD02416.bin.1.248	27.108383	HQ
MFD02416.bin.1.250	30.421318	HQ
MFD02416.bin.1.252	38.096294	HQ
MFD02416.bin.1.253	116.66571	HQ
MFD02416.bin.1.259	24.98955	HQ
MFD02416.bin.1.260	28.980661	HQ
MFD02416.bin.1.261	32.674076	HQ
MFD02416.bin.1.263	14.691399	HQ
MFD02416.bin.1.292	99.27068	HQ
MFD02416.bin.1.348	22.443747	HQ
MFD02416.bin.2.149	12.600434	HQ
MFD02809.bin.1.192	22.3444	HQ
MFD02809.bin.1.329	23.21208	HQ
MFD02809.bin.1.56	18.07019	HQ
MFD02923.bin.1.1	17.59131	HQ
MFD02979.bin.1.52	12.12359	HQ
MFD03323.bin.1.25	17.0415	HQ
MFD03726.bin.1.102	40.84517	HQ
MFD03726.bin.1.105	16.8921	HQ
MFD03726.bin.1.205	12.61341	HQ
MFD03726.bin.1.224	16.24172	HQ
MFD03726.bin.1.7	28.58213	HQ
MFD03899.bin.1.101	19.87735	HQ
MFD03899.bin.1.103	35.43966	HQ
MFD03899.bin.1.38	22.81125	HQ
MFD03899.bin.2.194	118.5696	HQ
MFD04408.bin.1.101	17.32647	HQ
MFD04408.bin.1.228	15.10227	HQ
MFD04408.bin.1.32	25.90822	HQ
MFD04408.bin.1.91	34.83774	HQ
MFD04492.bin.1.118	30.34458	HQ
MFD04492.bin.1.23	104.4678	HQ
MFD04492.bin.2.70	44.05551	HQ
MFD04716.bin.1.234	53.99081	HQ
MFD04716.bin.1.240	47.10822	HQ
MFD04716.bin.1.246	38.6269	HQ
MFD04716.bin.1.417	40.25841	HQ
MFD04716.bin.1.87	44.8058	HQ
MFD04716.bin.3.283	82.95104	HQ
MFD04850.bin.1.355	51.17145	HQ
MFD04935.bin.2.128	30.55663	HQ
MFD05088.bin.1.88	56.97847	HQ
MFD05176.bin.1.11	91.89111	HQ
MFD05442.bin.1.295	23.2684	HQ
MFD05512.bin.1.236	31.6351	HQ
MFD05580.bin.1.33	17.90154	HQ
MFD05580.bin.1.78	57.84722	HQ
MFD05674.bin.1.100	35.72918	HQ
MFD05674.bin.1.171	12.20354	HQ
MFD05674.bin.3.274	213.6011	HQ
MFD05747.bin.1.218	19.9165	HQ
MFD05942.bin.1.278	15.9262	HQ
MFD05942.bin.1.284	54.27282	HQ
MFD05942.bin.1.286	22.71213	HQ
MFD05942.bin.2.52	33.09901	HQ
MFD07691.bin.2.42	47.16809	HQ
MFD07830.bin.1.11	14.84854	HQ
MFD07830.bin.2.9	12.10934	HQ
MFD09055.bin.1.28	56.84285	HQ
MFD09126.bin.1.22	96.76523	HQ
MFD09212.bin.1.10	43.8451	HQ
MFD09212.bin.1.231	122.4933	HQ
MFD09222.bin.1.10	92.24267	HQ
MFD09222.bin.1.112	21.49698	HQ
MFD09222.bin.1.113	24.5095	HQ
MFD09222.bin.1.114	37.12055	HQ
MFD09222.bin.1.12	83.52445	HQ
MFD09222.bin.1.49	89.12775	HQ
MFD09567.bin.1.8	27.95564	HQ
MFD09603.bin.1.314	31.25353	HQ
MFD09603.bin.1.404	26.51008	HQ
MFD10007.bin.1.192	45.17567	HQ
MFD10007.bin.1.217	15.7952	HQ
MFD10007.bin.4.328	56.73943	HQ
MFD00008.bin.c.1	34.275684	HQ
MFD00008.bin.c.2	29.764587	HQ
MFD00008.bin.c.3	36.464943	HQ
MFD00031.bin.c.1	31.546583	MQ
MFD00031.bin.c.2	27.386654	MQ
MFD00031.bin.c.3	21.489367	HQ
MFD00032.bin.c.1	24.177952	HQ
MFD00082.bin.c.1	22.197977	HQ
MFD00082.bin.c.3	22.227411	MQ
MFD00082.bin.c.5	16.994366	HQ
MFD00082.bin.c.6	17.74367	MQ
MFD00082.bin.c.7	47.720768	MQ
MFD00082.bin.c.8	27.166714	HQ
MFD00125.bin.c.1	57.595806	HQ
MFD00731.bin.c.1	47.43357	MQ
MFD00731.bin.c.2	68.23762	HQ
MFD00731.bin.c.3	111.04443	HQ
MFD00731.bin.c.4	32.658195	HQ
MFD00731.bin.c.6	19.331099	MQ
MFD00822.bin.c.1	37.573357	HQ
MFD00822.bin.c.2	36.178978	HQ
MFD00905.bin.c.1	54.990463	HQ
MFD00905.bin.c.3	27.182253	HQ
MFD00964.bin.c.1	36.41612	MQ
MFD00991.bin.c.1	28.699997	HQ
MFD01112.bin.c.2	31.344833	HQ
MFD01188.bin.c.1	91.83795	HQ
MFD01213.bin.c.1	42.313694	HQ
MFD01213.bin.c.2	44.23517	HQ
MFD01213.bin.c.3	33.691586	MQ
MFD01213.bin.c.4	19.957922	HQ
MFD01231.bin.c.1	35.268353	MQ
MFD01231.bin.c.2	247.3174	HQ
MFD01231.bin.c.3	284.06323	HQ
MFD01231.bin.c.4	132.09883	HQ
MFD01248.bin.c.1	33.505146	HQ
MFD01248.bin.c.2	23.706713	HQ
MFD01275.bin.c.1	47.772614	MQ
MFD01275.bin.c.12	186.08904	HQ
MFD01275.bin.c.18	32.738514	HQ
MFD01275.bin.c.19	18.080563	HQ
MFD01275.bin.c.2	32.9944	HQ
MFD01275.bin.c.20	39.204113	MQ
MFD01275.bin.c.21	35.336742	MQ
MFD01275.bin.c.22	38.442318	HQ
MFD01275.bin.c.23	48.084675	MQ
MFD01275.bin.c.24	16.300142	HQ
MFD01275.bin.c.3	25.472387	HQ
MFD01275.bin.c.4	25.379158	HQ
MFD01275.bin.c.5	30.381285	MQ
MFD01275.bin.c.6	19.234585	HQ
MFD01275.bin.c.7	41.561527	HQ
MFD01275.bin.c.8	14.5519	HQ
MFD01299.bin.c.1	27.862331	MQ
MFD01299.bin.c.2	19.93352	MQ
MFD01299.bin.c.3	103.52829	HQ
MFD01299.bin.c.4	27.359848	HQ
MFD01299.bin.c.5	29.618176	HQ
MFD01476.bin.c.1	25.387108	HQ
MFD01476.bin.c.5	29.434029	HQ
MFD01476.bin.c.8	16.400217	HQ
MFD01561.bin.c.1	33.17754	MQ
MFD01633.bin.c.1	22.272469	HQ
MFD01633.bin.c.2	22.67318	HQ
MFD01633.bin.c.3	13.369274	HQ
MFD01689.bin.c.1	49.171528	MQ
MFD01689.bin.c.2	296.15726	HQ
MFD01689.bin.c.3	18.040024	HQ
MFD01716.bin.c.1	15.519899	HQ
MFD01721.bin.c.1	27.263718	MQ
MFD01721.bin.c.4	29.780016	HQ
MFD01721.bin.c.5	78.76299	HQ
MFD01721.bin.c.7	128.08374	HQ
MFD01828.bin.c.1	100.62391	HQ
MFD01872.bin.c.1	31.068367	MQ
MFD01872.bin.c.2	22.391981	MQ
MFD01916.bin.c.1	39.778534	HQ
MFD01916.bin.c.3	367.63855	HQ
MFD01916.bin.c.4	102.9619	HQ
MFD01916.bin.c.5	67.50624	HQ
MFD01916.bin.c.6	45.52397	HQ
MFD01916.bin.c.7	65.27942	HQ
MFD01916.bin.c.8	21.109459	HQ
MFD02134.bin.c.1	43.323536	MQ
MFD02134.bin.c.2	35.553795	MQ
MFD02134.bin.c.3	65.92026	MQ
MFD02242.bin.c.1	49.993927	MQ
MFD02242.bin.c.2	120.72245	HQ
MFD02248.bin.c.1	23.505365	HQ
MFD02416.bin.c.1	29.383993	MQ
MFD02416.bin.c.12	23.018522	MQ
MFD02416.bin.c.14	86.72175	HQ
MFD02416.bin.c.16	257.97687	HQ
MFD02416.bin.c.17	90.89684	HQ
MFD02416.bin.c.2	39.917027	HQ
MFD02416.bin.c.20	64.52669	HQ
MFD02416.bin.c.3	32.340973	HQ
MFD02416.bin.c.4	23.498003	HQ
MFD02579.bin.c.1	217.5101	HQ
MFD02581.bin.c.1	41.26491	HQ
MFD02832.bin.c.1	431.1568	HQ
MFD02832.bin.c.2	132.4647	HQ
MFD02832.bin.c.3	40.93334	MQ
MFD02840.bin.c.1	39.05653	HQ
MFD02840.bin.c.2	87.36443	HQ
MFD02840.bin.c.3	83.55064	HQ
MFD02923.bin.c.1	43.53222	HQ
MFD02979.bin.c.1	22.77722	MQ
MFD02979.bin.c.2	14.26588	MQ
MFD02979.bin.c.4	39.74342	HQ
MFD02979.bin.c.5	26.50644	HQ
MFD03066.bin.c.1	37.86223	HQ
MFD03066.bin.c.2	30.42459	HQ
MFD03066.bin.c.3	24.74361	HQ
MFD03250.bin.c.1	21.04755	HQ
MFD03250.bin.c.2	587.7278	HQ
MFD03250.bin.c.3	19.84323	HQ
MFD03250.bin.c.4	24.80198	HQ
MFD03250.bin.c.5	19.03373	HQ
MFD03250.bin.c.6	13.20008	HQ
MFD03250.bin.c.7	14.82689	HQ
MFD03399.bin.c.2	270.6535	HQ
MFD03399.bin.c.3	57.41924	HQ
MFD03399.bin.c.4	26.93514	HQ
MFD03602.bin.c.1	21.07938	MQ
MFD03726.bin.c.1	260.4929	HQ
MFD03726.bin.c.10	26.41332	HQ
MFD03726.bin.c.11	65.96458	HQ
MFD03726.bin.c.12	45.3904	HQ
MFD03726.bin.c.14	19.30859	HQ
MFD03726.bin.c.2	26.46747	MQ
MFD03726.bin.c.3	35.39035	HQ
MFD03726.bin.c.4	53.7221	HQ
MFD03726.bin.c.5	43.57932	HQ
MFD03726.bin.c.7	78.14285	HQ
MFD03726.bin.c.8	27.03999	HQ
MFD03726.bin.c.9	86.09962	HQ
MFD03899.bin.c.1	27.01932	HQ
MFD03975.bin.c.1	55.33358	HQ
MFD03975.bin.c.2	76.32163	HQ
MFD04212.bin.c.1	36.67786	HQ
MFD04212.bin.c.10	44.14273	HQ
MFD04212.bin.c.11	39.47056	HQ
MFD04212.bin.c.12	37.91816	HQ
MFD04212.bin.c.13	30.96894	HQ
MFD04212.bin.c.6	31.66557	HQ
MFD04212.bin.c.7	32.83679	HQ
MFD04212.bin.c.8	37.66345	HQ
MFD04212.bin.c.9	21.66639	HQ
MFD04408.bin.c.1	17.94159	HQ
MFD04408.bin.c.6	20.72632	HQ
MFD04434.bin.c.1	66.21729	HQ
MFD04434.bin.c.2	34.53201	HQ
MFD04463.bin.c.1	40.50939	HQ
MFD04463.bin.c.10	23.4717	HQ
MFD04463.bin.c.11	29.34043	HQ
MFD04463.bin.c.12	34.73958	HQ
MFD04463.bin.c.13	21.50648	HQ
MFD04463.bin.c.14	21.54342	HQ
MFD04463.bin.c.15	35.48785	HQ
MFD04463.bin.c.16	38.02419	HQ
MFD04463.bin.c.9	18.43947	HQ
MFD04492.bin.c.2	67.10753	HQ
MFD04492.bin.c.3	105.3916	HQ
MFD04540.bin.c.1	50.66971	HQ
MFD04540.bin.c.2	82.21419	HQ
MFD04540.bin.c.3	23.93654	HQ
MFD04580.bin.c.1	42.94419	MQ
MFD04580.bin.c.2	20.35112	HQ
MFD04580.bin.c.3	34.38633	HQ
MFD04580.bin.c.4	34.99256	MQ
MFD04716.bin.c.2	191.2409	HQ
MFD04716.bin.c.3	21.94403	HQ
MFD04780.bin.c.1	35.49076	HQ
MFD04850.bin.c.1	27.68235	HQ
MFD04850.bin.c.2	44.19231	HQ
MFD04850.bin.c.3	24.26304	MQ
MFD04944.bin.c.1	42.62748	HQ
MFD04944.bin.c.2	31.1631	HQ
MFD04944.bin.c.3	30.04532	HQ
MFD04967.bin.c.1	31.90354	HQ
MFD04967.bin.c.2	19.49479	MQ
MFD04967.bin.c.3	24.48592	MQ
MFD04967.bin.c.4	32.50403	HQ
MFD04967.bin.c.5	26.57245	MQ
MFD04967.bin.c.6	105.2429	HQ
MFD04967.bin.c.7	279.1394	MQ
MFD05377.bin.c.1	27.81747	MQ
MFD05442.bin.c.1	50.21418	HQ
MFD05442.bin.c.2	36.98651	HQ
MFD05502.bin.c.1	23.50368	HQ
MFD05502.bin.c.2	36.28576	HQ
MFD05502.bin.c.3	38.45411	HQ
MFD05512.bin.c.1	79.81421	HQ
MFD05512.bin.c.11	24.30046	MQ
MFD05512.bin.c.13	57.35466	HQ
MFD05512.bin.c.14	24.88916	HQ
MFD05512.bin.c.16	18.14756	HQ
MFD05512.bin.c.17	32.4349	HQ
MFD05512.bin.c.2	30.24609	HQ
MFD05512.bin.c.3	39.48274	HQ
MFD05513.bin.c.1	40.61573	HQ
MFD05513.bin.c.2	30.88304	HQ
MFD05513.bin.c.3	38.33367	HQ
MFD05521.bin.c.1	25.79351	HQ
MFD05537.bin.c.1	36.07314	HQ
MFD05537.bin.c.2	31.78419	HQ
MFD05537.bin.c.3	36.23179	MQ
MFD05567.bin.c.1	57.28814	HQ
MFD05580.bin.c.4	56.85228	HQ
MFD05674.bin.c.1	28.77688	HQ
MFD05674.bin.c.2	70.11855	HQ
MFD05684.bin.c.1	24.4866	HQ
MFD05684.bin.c.4	63.20379	HQ
MFD05705.bin.c.1	27.92285	MQ
MFD05705.bin.c.2	31.27105	HQ
MFD05705.bin.c.3	31.38847	MQ
MFD05705.bin.c.4	55.63158	HQ
MFD05705.bin.c.5	20.92296	HQ
MFD05747.bin.c.1	112.7816	MQ
MFD05747.bin.c.2	53.74085	MQ
MFD05747.bin.c.3	26.66824	MQ
MFD05747.bin.c.4	142.9354	HQ
MFD05841.bin.c.1	61.20067	HQ
MFD05942.bin.c.1	44.82789	HQ
MFD05942.bin.c.2	31.00284	HQ
MFD06092.bin.c.1	104.5747	HQ
MFD06092.bin.c.3	137.0954	HQ
MFD06092.bin.c.4	36.70371	MQ
MFD06229.bin.c.1	23.77633	MQ
MFD06298.bin.c.1	36.14032	HQ
MFD06435.bin.c.1	42.13741	MQ
MFD06435.bin.c.2	55.57896	HQ
MFD06435.bin.c.3	30.32188	HQ
MFD06526.bin.c.1	35.25584	HQ
MFD06742.bin.c.1	50.41833	HQ
MFD06742.bin.c.2	60.69717	HQ
MFD09206.bin.c.1	148.5721	HQ
MFD09206.bin.c.2	207.9038	HQ
MFD09212.bin.c.1	71.27132	HQ
MFD09212.bin.c.2	73.78377	HQ
MFD09212.bin.c.3	38.52944	HQ
MFD09212.bin.c.4	82.04978	HQ
MFD09222.bin.c.1	149.2295	HQ
MFD09222.bin.c.2	29.2967	HQ
MFD09267.bin.c.1	23.18182	MQ
MFD09286.bin.c.1	45.3469	HQ
MFD09286.bin.c.2	61.02686	HQ
MFD09286.bin.c.3	224.8951	HQ
MFD09286.bin.c.4	25.17963	HQ
MFD09286.bin.c.6	19.91596	HQ
MFD09286.bin.c.7	29.9909	MQ
MFD09286.bin.c.8	27.26078	HQ
MFD09368.bin.c.1	91.43982	HQ
MFD09368.bin.c.2	35.11159	HQ
MFD09368.bin.c.3	29.06261	MQ
MFD09368.bin.c.4	233.4458	HQ
MFD09368.bin.c.5	367.939	HQ
MFD09368.bin.c.6	195.881	HQ
MFD09495.bin.c.1	53.99788	HQ
MFD09495.bin.c.10	31.6474	HQ
MFD09495.bin.c.5	58.57549	MQ
MFD09495.bin.c.6	169.6345	HQ
MFD09495.bin.c.7	52.63385	MQ
MFD09495.bin.c.8	282.7759	HQ
MFD09567.bin.c.1	39.96144	HQ
MFD09603.bin.c.1	82.01593	HQ
MFD09603.bin.c.4	57.69761	HQ
MFD09603.bin.c.5	28.43805	MQ
MFD09603.bin.c.6	35.26317	MQ
MFD09603.bin.c.7	22.6097	MQ
MFD09671.bin.c.1	45.46972	HQ
MFD09671.bin.c.2	19.04873	HQ
MFD09671.bin.c.3	18.86831	HQ
MFD09671.bin.c.4	68.13784	HQ
MFD09671.bin.c.5	18.65735	HQ
MFD09730.bin.c.1	23.49538	MQ
MFD09779.bin.c.1	26.94356	HQ
MFD09964.bin.c.1	31.97807	HQ
MFD10007.bin.c.1	52.94644	MQ
MFD10007.bin.c.2	19.24953	HQ
MFD10007.bin.c.3	28.94489	HQ
MFD10007.bin.c.4	47.22345	HQ
MFD10007.bin.c.5	37.95555	HQ
MFD10043.bin.c.1	28.60979	HQ
MFD10064.bin.c.1	78.59045	MQ
MFD10064.bin.c.2	82.11897	HQ
MFD10064.bin.c.3	27.31237	HQ
MFD10113.bin.c.1	23.87328	HQ
MFD10113.bin.c.2	54.00961	HQ
MFD10113.bin.c.3	37.36566	HQ
MFD10113.bin.c.4	36.25316	HQ
MFD10113.bin.c.5	29.82009	MQ
MFD00082.bin.c.4	41.937256	MQ
MFD01231.bin.c.5	85.60778	MQ
MFD01231.bin.c.6	470.87943	HQ
MFD01231.bin.c.7	31.684526	HQ
MFD01476.bin.c.10	48.92862	HQ
MFD01476.bin.c.6	156.84303	MQ
MFD01476.bin.c.9	20.668339	HQ
MFD01721.bin.c.6	60.198757	HQ
MFD02138.bin.c.1	190.52455	MQ
MFD02416.bin.c.15	21.474518	HQ
MFD02416.bin.c.18	27.10789	MQ
MFD03726.bin.c.13	1603.26	MQ
MFD04408.bin.c.2	72.04311	MQ
MFD04408.bin.c.3	236.8738	MQ
MFD04408.bin.c.4	119.9378	HQ
MFD04408.bin.c.5	188.4558	HQ
MFD04492.bin.c.5	23.78699	MQ
MFD04716.bin.c.1	31.52077	HQ
MFD05512.bin.c.15	83.01951	HQ
MFD05580.bin.c.3	653.6752	MQ
MFD05684.bin.c.2	31.51866	HQ
MFD09286.bin.c.5	25.7332	HQ
MFD10007.bin.c.6	47.01088	HQ
