bin	Genome_Size	MAG_status
MFD00008.bin.1.215	5839762	MQ
MFD00008.bin.1.91	5173286	MQ
MFD00008.bin.2.1	4819025	MQ
MFD00008.bin.2.102	3146098	MQ
MFD00008.bin.2.103	7104513	MQ
MFD00008.bin.2.104	5299522	MQ
MFD00008.bin.2.115	5083659	MQ
MFD00008.bin.2.116	3915552	MQ
MFD00008.bin.2.117	4929930	MQ
MFD00008.bin.2.118	4185316	MQ
MFD00008.bin.2.120	5836492	MQ
MFD00008.bin.2.123	4606424	MQ
MFD00008.bin.2.127	6461369	MQ
MFD00008.bin.2.129	4443136	MQ
MFD00008.bin.2.132	4212340	MQ
MFD00008.bin.2.133	7787853	MQ
MFD00008.bin.2.135	6720352	MQ
MFD00008.bin.2.138	6804739	MQ
MFD00008.bin.2.149	4048735	MQ
MFD00008.bin.2.151	6956229	MQ
MFD00008.bin.2.152	7250690	MQ
MFD00008.bin.2.153	6711043	MQ
MFD00008.bin.2.164	5634222	MQ
MFD00008.bin.2.165	3455436	MQ
MFD00008.bin.2.17	4421030	MQ
MFD00008.bin.2.170	6430008	MQ
MFD00008.bin.2.171	3772558	MQ
MFD00008.bin.2.178	5544449	MQ
MFD00008.bin.2.19	2043972	MQ
MFD00008.bin.2.2	5585022	MQ
MFD00008.bin.2.20	3062633	MQ
MFD00008.bin.2.22	3604929	MQ
MFD00008.bin.2.26	2922308	MQ
MFD00008.bin.2.28	5170327	MQ
MFD00008.bin.2.29	3247481	MQ
MFD00008.bin.2.30	6945543	MQ
MFD00008.bin.2.35	5156034	MQ
MFD00008.bin.2.40	3419861	MQ
MFD00008.bin.2.41	4115010	MQ
MFD00008.bin.2.45	2849277	MQ
MFD00008.bin.2.49	2176714	MQ
MFD00008.bin.2.5	3272312	MQ
MFD00008.bin.2.54	835300	MQ
MFD00008.bin.2.56	2970533	MQ
MFD00008.bin.2.63	4550060	MQ
MFD00008.bin.2.65	5294240	MQ
MFD00008.bin.2.66	3191939	MQ
MFD00008.bin.2.70	4437410	MQ
MFD00008.bin.2.72	2367749	MQ
MFD00008.bin.2.74	5352391	MQ
MFD00008.bin.2.80	3008811	MQ
MFD00008.bin.2.98	3354393	MQ
MFD00008.bin.3.132	10486013	MQ
MFD00008.bin.3.143	2781501	MQ
MFD00008.bin.3.171	3212689	MQ
MFD00008.bin.3.313	4540116	MQ
MFD00008.bin.3.39	6381483	MQ
MFD00008.bin.3.78	7040207	MQ
MFD00008.bin.4.505	3697673	MQ
MFD00031.bin.1.203	5857606	MQ
MFD00031.bin.2.10	4055498	MQ
MFD00031.bin.2.102	4674688	MQ
MFD00031.bin.2.104	4055775	MQ
MFD00031.bin.2.107	4692648	MQ
MFD00031.bin.2.11	3790241	MQ
MFD00031.bin.2.110	5289229	MQ
MFD00031.bin.2.112	4639513	MQ
MFD00031.bin.2.114	4670821	MQ
MFD00031.bin.2.116	4900878	MQ
MFD00031.bin.2.117	3833313	MQ
MFD00031.bin.2.119	6214060	MQ
MFD00031.bin.2.123	3551103	MQ
MFD00031.bin.2.126	3595842	MQ
MFD00031.bin.2.135	4401056	MQ
MFD00031.bin.2.139	2662296	MQ
MFD00031.bin.2.14	4199098	MQ
MFD00031.bin.2.140	3172667	MQ
MFD00031.bin.2.144	3712435	MQ
MFD00031.bin.2.145	3257939	MQ
MFD00031.bin.2.146	4466064	MQ
MFD00031.bin.2.147	2363757	MQ
MFD00031.bin.2.149	4141720	MQ
MFD00031.bin.2.153	3211838	MQ
MFD00031.bin.2.154	4485483	MQ
MFD00031.bin.2.16	3852039	MQ
MFD00031.bin.2.164	5694541	MQ
MFD00031.bin.2.166	4650143	MQ
MFD00031.bin.2.172	3555716	MQ
MFD00031.bin.2.173	3619647	MQ
MFD00031.bin.2.175	3062276	MQ
MFD00031.bin.2.176	5061740	MQ
MFD00031.bin.2.178	5819829	MQ
MFD00031.bin.2.181	8483258	MQ
MFD00031.bin.2.19	2963557	MQ
MFD00031.bin.2.23	4511661	MQ
MFD00031.bin.2.24	2082353	MQ
MFD00031.bin.2.3	3200746	MQ
MFD00031.bin.2.32	3833568	MQ
MFD00031.bin.2.36	3426513	MQ
MFD00031.bin.2.48	4147423	MQ
MFD00031.bin.2.49	3804449	MQ
MFD00031.bin.2.5	7651980	MQ
MFD00031.bin.2.50	3394407	MQ
MFD00031.bin.2.51	4517478	MQ
MFD00031.bin.2.52	2371713	MQ
MFD00031.bin.2.58	2867455	MQ
MFD00031.bin.2.59	1918334	MQ
MFD00031.bin.2.6	6180209	MQ
MFD00031.bin.2.61	4261874	MQ
MFD00031.bin.2.65	4031285	MQ
MFD00031.bin.2.66	3482400	MQ
MFD00031.bin.2.7	5500602	MQ
MFD00031.bin.2.73	4460606	MQ
MFD00031.bin.2.74	5109499	MQ
MFD00031.bin.2.75	2192296	MQ
MFD00031.bin.2.84	3085690	MQ
MFD00031.bin.2.90	4236675	MQ
MFD00031.bin.2.92	3229025	MQ
MFD00031.bin.2.93	4838838	MQ
MFD00031.bin.3.170	3810997	MQ
MFD00031.bin.3.182	4671701	MQ
MFD00031.bin.3.285	4646323	MQ
MFD00031.bin.3.307	3059450	MQ
MFD00031.bin.3.59	3021202	MQ
MFD00031.bin.3.60	2891621	MQ
MFD00031.bin.3.69	3989623	MQ
MFD00031.bin.3.7	4453886	MQ
MFD00031.bin.3.83	4903616	MQ
MFD00031.bin.3.84	3766185	MQ
MFD00032.bin.1.209	2721142	MQ
MFD00032.bin.1.36	3664998	MQ
MFD00032.bin.2.1	2955842	MQ
MFD00032.bin.2.104	3952858	MQ
MFD00032.bin.2.105	5139966	MQ
MFD00032.bin.2.110	5422518	MQ
MFD00032.bin.2.121	4878543	MQ
MFD00032.bin.2.128	3748152	MQ
MFD00032.bin.2.129	2897906	MQ
MFD00032.bin.2.131	4212054	MQ
MFD00032.bin.2.132	2713512	MQ
MFD00032.bin.2.135	3621577	MQ
MFD00032.bin.2.137	2287258	MQ
MFD00032.bin.2.138	4291543	MQ
MFD00032.bin.2.146	3991171	MQ
MFD00032.bin.2.147	5266058	MQ
MFD00032.bin.2.149	3855774	MQ
MFD00032.bin.2.15	5178276	MQ
MFD00032.bin.2.155	2685036	MQ
MFD00032.bin.2.158	4063834	MQ
MFD00032.bin.2.160	3603258	MQ
MFD00032.bin.2.161	3595608	MQ
MFD00032.bin.2.163	5082616	MQ
MFD00032.bin.2.164	2610875	MQ
MFD00032.bin.2.165	4464035	MQ
MFD00032.bin.2.166	4280792	MQ
MFD00032.bin.2.168	3552562	MQ
MFD00032.bin.2.174	6673439	MQ
MFD00032.bin.2.178	4007477	MQ
MFD00032.bin.2.18	5139081	MQ
MFD00032.bin.2.189	3172580	MQ
MFD00032.bin.2.19	3534809	MQ
MFD00032.bin.2.190	2536897	MQ
MFD00032.bin.2.192	4350992	MQ
MFD00032.bin.2.194	1812060	MQ
MFD00032.bin.2.196	4430954	MQ
MFD00032.bin.2.2	3145449	MQ
MFD00032.bin.2.201	3194480	MQ
MFD00032.bin.2.202	4099990	MQ
MFD00032.bin.2.207	4950479	MQ
MFD00032.bin.2.209	4434188	MQ
MFD00032.bin.2.210	2839552	MQ
MFD00032.bin.2.218	2265910	MQ
MFD00032.bin.2.219	4278518	MQ
MFD00032.bin.2.221	3600978	MQ
MFD00032.bin.2.224	3247062	MQ
MFD00032.bin.2.225	2180233	MQ
MFD00032.bin.2.227	2659303	MQ
MFD00032.bin.2.231	3431711	MQ
MFD00032.bin.2.233	3548909	MQ
MFD00032.bin.2.234	4709030	MQ
MFD00032.bin.2.24	4399185	MQ
MFD00032.bin.2.25	5150134	MQ
MFD00032.bin.2.26	2865873	MQ
MFD00032.bin.2.3	3809125	MQ
MFD00032.bin.2.31	2912645	MQ
MFD00032.bin.2.33	2333790	MQ
MFD00032.bin.2.34	4256190	MQ
MFD00032.bin.2.35	4781809	MQ
MFD00032.bin.2.39	3661609	MQ
MFD00032.bin.2.41	4983318	MQ
MFD00032.bin.2.42	4936490	MQ
MFD00032.bin.2.43	6014870	MQ
MFD00032.bin.2.44	3560747	MQ
MFD00032.bin.2.47	4134506	MQ
MFD00032.bin.2.48	5152207	MQ
MFD00032.bin.2.51	2108976	MQ
MFD00032.bin.2.52	3480338	MQ
MFD00032.bin.2.54	4969789	MQ
MFD00032.bin.2.55	4738854	MQ
MFD00032.bin.2.56	4285419	MQ
MFD00032.bin.2.57	2968507	MQ
MFD00032.bin.2.58	2529805	MQ
MFD00032.bin.2.59	4306772	MQ
MFD00032.bin.2.60	2653267	MQ
MFD00032.bin.2.63	3859878	MQ
MFD00032.bin.2.65	3544815	MQ
MFD00032.bin.2.67	3308013	MQ
MFD00032.bin.2.68	1494337	MQ
MFD00032.bin.2.69	3846107	MQ
MFD00032.bin.2.70	1881734	MQ
MFD00032.bin.2.71	2140282	MQ
MFD00032.bin.2.77	2194939	MQ
MFD00032.bin.2.78	4783899	MQ
MFD00032.bin.2.8	5345915	MQ
MFD00032.bin.2.80	2580606	MQ
MFD00032.bin.2.81	8287513	MQ
MFD00032.bin.2.86	4106123	MQ
MFD00032.bin.2.88	4259536	MQ
MFD00032.bin.2.91	5384284	MQ
MFD00032.bin.2.92	2758511	MQ
MFD00032.bin.2.94	3199476	MQ
MFD00032.bin.2.97	3533093	MQ
MFD00032.bin.3.102	5143306	MQ
MFD00032.bin.3.136	3192834	MQ
MFD00032.bin.3.158	3438881	MQ
MFD00032.bin.3.166	3954176	MQ
MFD00032.bin.3.177	4212806	MQ
MFD00032.bin.3.204	5010451	MQ
MFD00032.bin.3.205	5882572	MQ
MFD00032.bin.3.232	5098827	MQ
MFD00032.bin.3.236	2583855	MQ
MFD00032.bin.3.254	2645729	MQ
MFD00032.bin.3.31	3743480	MQ
MFD00032.bin.3.322	2638160	MQ
MFD00032.bin.3.335	3646528	MQ
MFD00032.bin.3.338	3015709	MQ
MFD00032.bin.3.351	2173486	MQ
MFD00032.bin.3.371	2529808	MQ
MFD00032.bin.3.403	5474386	MQ
MFD00032.bin.3.405	2014833	MQ
MFD00032.bin.3.452	3380823	MQ
MFD00032.bin.3.53	4567721	MQ
MFD00032.bin.3.532	2650336	MQ
MFD00032.bin.3.64	5820200	MQ
MFD00032.bin.3.74	3661713	MQ
MFD00032.bin.3.85	2365241	MQ
MFD00032.bin.3.97	5544295	MQ
MFD00032.bin.4.54	3152242	MQ
MFD00072.bin.2.110	6067458	MQ
MFD00072.bin.2.112	5119573	MQ
MFD00072.bin.2.114	2401909	MQ
MFD00072.bin.2.131	5170226	MQ
MFD00072.bin.2.166	2584314	MQ
MFD00072.bin.2.169	4296179	MQ
MFD00072.bin.2.25	3204608	MQ
MFD00072.bin.2.49	2796427	MQ
MFD00072.bin.2.63	2845209	MQ
MFD00072.bin.2.96	6635977	MQ
MFD00072.bin.2.98	2995996	MQ
MFD00072.bin.3.234	5259704	MQ
MFD00082.bin.1.43	949819	MQ
MFD00082.bin.2.1	4608262	MQ
MFD00082.bin.2.100	7061183	MQ
MFD00082.bin.2.102	5479564	MQ
MFD00082.bin.2.104	6498132	MQ
MFD00082.bin.2.107	6285701	MQ
MFD00082.bin.2.108	4738946	MQ
MFD00082.bin.2.109	7519847	MQ
MFD00082.bin.2.11	2448527	MQ
MFD00082.bin.2.111	4360234	MQ
MFD00082.bin.2.115	3428053	MQ
MFD00082.bin.2.117	5640768	MQ
MFD00082.bin.2.122	5597744	MQ
MFD00082.bin.2.13	5911879	MQ
MFD00082.bin.2.14	2565261	MQ
MFD00082.bin.2.15	7087353	MQ
MFD00082.bin.2.16	5447693	MQ
MFD00082.bin.2.17	4354901	MQ
MFD00082.bin.2.19	4401451	MQ
MFD00082.bin.2.20	12411696	MQ
MFD00082.bin.2.21	4275237	MQ
MFD00082.bin.2.22	9059267	MQ
MFD00082.bin.2.23	4218834	MQ
MFD00082.bin.2.24	6142186	MQ
MFD00082.bin.2.3	3213490	MQ
MFD00082.bin.2.31	7354082	MQ
MFD00082.bin.2.33	6363319	MQ
MFD00082.bin.2.34	4267798	MQ
MFD00082.bin.2.35	6547769	MQ
MFD00082.bin.2.38	11775969	MQ
MFD00082.bin.2.4	7623046	MQ
MFD00082.bin.2.49	9504007	MQ
MFD00082.bin.2.52	4400726	MQ
MFD00082.bin.2.55	4139006	MQ
MFD00082.bin.2.56	6635579	MQ
MFD00082.bin.2.57	10416188	MQ
MFD00082.bin.2.6	7258505	MQ
MFD00082.bin.2.60	5743612	MQ
MFD00082.bin.2.61	3394400	MQ
MFD00082.bin.2.63	4354738	MQ
MFD00082.bin.2.65	778864	MQ
MFD00082.bin.2.67	7912951	MQ
MFD00082.bin.2.75	5228432	MQ
MFD00082.bin.2.79	3322042	MQ
MFD00082.bin.2.81	3114573	MQ
MFD00082.bin.2.82	6168082	MQ
MFD00082.bin.2.84	3782047	MQ
MFD00082.bin.2.86	4686841	MQ
MFD00082.bin.2.88	7358526	MQ
MFD00082.bin.2.9	4834056	MQ
MFD00082.bin.2.91	4402001	MQ
MFD00082.bin.2.93	5711534	MQ
MFD00082.bin.2.96	2924181	MQ
MFD00082.bin.3.110	3469485	MQ
MFD00082.bin.3.17	3948503	MQ
MFD00082.bin.3.65	2952465	MQ
MFD00082.bin.3.95	4016114	MQ
MFD00123.bin.2.2	3210072	MQ
MFD00123.bin.2.6	5653106	MQ
MFD00123.bin.3.2	3650646	MQ
MFD00125.bin.1.50	5872663	MQ
MFD00125.bin.2.15	6676743	MQ
MFD00125.bin.2.36	4836763	MQ
MFD00125.bin.2.43	6867363	MQ
MFD00125.bin.2.44	5642870	MQ
MFD00125.bin.2.47	6953251	MQ
MFD00125.bin.2.52	6532603	MQ
MFD00125.bin.2.56	5498360	MQ
MFD00125.bin.2.61	5460838	MQ
MFD00125.bin.2.62	6220886	MQ
MFD00125.bin.2.65	4011076	MQ
MFD00125.bin.2.70	6071540	MQ
MFD00125.bin.2.73	3303053	MQ
MFD00125.bin.2.82	6386981	MQ
MFD00125.bin.2.84	4151357	MQ
MFD00125.bin.2.87	5796730	MQ
MFD00125.bin.2.93	3266144	MQ
MFD00125.bin.2.97	4899300	MQ
MFD00125.bin.2.98	3234910	MQ
MFD00125.bin.3.20	3839452	MQ
MFD00125.bin.3.45	3553581	MQ
MFD00125.bin.3.95	5095312	MQ
MFD00392.bin.1.420	6530445	MQ
MFD00392.bin.2.10	5532499	MQ
MFD00392.bin.2.103	3504350	MQ
MFD00392.bin.2.108	4972431	MQ
MFD00392.bin.2.11	3545532	MQ
MFD00392.bin.2.110	2680138	MQ
MFD00392.bin.2.112	3356901	MQ
MFD00392.bin.2.113	2946978	MQ
MFD00392.bin.2.114	4298215	MQ
MFD00392.bin.2.115	2757035	MQ
MFD00392.bin.2.118	3289762	MQ
MFD00392.bin.2.119	3024474	MQ
MFD00392.bin.2.12	4429422	MQ
MFD00392.bin.2.120	3308274	MQ
MFD00392.bin.2.122	4165033	MQ
MFD00392.bin.2.124	2535391	MQ
MFD00392.bin.2.125	2841211	MQ
MFD00392.bin.2.126	3419487	MQ
MFD00392.bin.2.127	3131001	MQ
MFD00392.bin.2.129	5709926	MQ
MFD00392.bin.2.13	3847949	MQ
MFD00392.bin.2.132	5398217	MQ
MFD00392.bin.2.134	5459606	MQ
MFD00392.bin.2.135	2824117	MQ
MFD00392.bin.2.136	2968379	MQ
MFD00392.bin.2.137	3497880	MQ
MFD00392.bin.2.138	4270376	MQ
MFD00392.bin.2.140	4050249	MQ
MFD00392.bin.2.141	2625100	MQ
MFD00392.bin.2.143	3615212	MQ
MFD00392.bin.2.144	3591390	MQ
MFD00392.bin.2.145	4100863	MQ
MFD00392.bin.2.146	3314867	MQ
MFD00392.bin.2.149	5442621	MQ
MFD00392.bin.2.15	3284614	MQ
MFD00392.bin.2.152	2793782	MQ
MFD00392.bin.2.156	3169011	MQ
MFD00392.bin.2.160	3072482	MQ
MFD00392.bin.2.170	4931649	MQ
MFD00392.bin.2.171	3303589	MQ
MFD00392.bin.2.174	3319978	MQ
MFD00392.bin.2.175	4008404	MQ
MFD00392.bin.2.186	4244386	MQ
MFD00392.bin.2.193	4411533	MQ
MFD00392.bin.2.194	2834928	MQ
MFD00392.bin.2.2	3727772	MQ
MFD00392.bin.2.206	2844426	MQ
MFD00392.bin.2.213	2697738	MQ
MFD00392.bin.2.216	6314374	MQ
MFD00392.bin.2.23	4023104	MQ
MFD00392.bin.2.235	7784024	MQ
MFD00392.bin.2.237	3933634	MQ
MFD00392.bin.2.241	3435712	MQ
MFD00392.bin.2.245	5171851	MQ
MFD00392.bin.2.250	4386941	MQ
MFD00392.bin.2.252	5247151	MQ
MFD00392.bin.2.254	6218340	MQ
MFD00392.bin.2.260	2740676	MQ
MFD00392.bin.2.271	4422036	MQ
MFD00392.bin.2.275	5045330	MQ
MFD00392.bin.2.276	7097985	MQ
MFD00392.bin.2.277	5138520	MQ
MFD00392.bin.2.278	3060877	MQ
MFD00392.bin.2.279	3286576	MQ
MFD00392.bin.2.280	3661588	MQ
MFD00392.bin.2.284	3701814	MQ
MFD00392.bin.2.285	4081064	MQ
MFD00392.bin.2.289	3917561	MQ
MFD00392.bin.2.291	5905113	MQ
MFD00392.bin.2.292	3792523	MQ
MFD00392.bin.2.294	6400547	MQ
MFD00392.bin.2.295	5003979	MQ
MFD00392.bin.2.297	4275375	MQ
MFD00392.bin.2.300	5782160	MQ
MFD00392.bin.2.302	3024162	MQ
MFD00392.bin.2.307	5481830	MQ
MFD00392.bin.2.313	3812852	MQ
MFD00392.bin.2.316	3652192	MQ
MFD00392.bin.2.318	3891585	MQ
MFD00392.bin.2.319	2743958	MQ
MFD00392.bin.2.324	3245311	MQ
MFD00392.bin.2.326	4876315	MQ
MFD00392.bin.2.330	4391844	MQ
MFD00392.bin.2.333	2914773	MQ
MFD00392.bin.2.336	2241017	MQ
MFD00392.bin.2.340	3135413	MQ
MFD00392.bin.2.342	6871180	MQ
MFD00392.bin.2.345	6592283	MQ
MFD00392.bin.2.348	3870302	MQ
MFD00392.bin.2.353	2295338	MQ
MFD00392.bin.2.355	3762214	MQ
MFD00392.bin.2.36	3873769	MQ
MFD00392.bin.2.360	3035568	MQ
MFD00392.bin.2.363	3622713	MQ
MFD00392.bin.2.365	2223649	MQ
MFD00392.bin.2.371	5007580	MQ
MFD00392.bin.2.372	5108400	MQ
MFD00392.bin.2.374	3784334	MQ
MFD00392.bin.2.375	2332132	MQ
MFD00392.bin.2.381	4435312	MQ
MFD00392.bin.2.384	4260599	MQ
MFD00392.bin.2.387	5372009	MQ
MFD00392.bin.2.39	4337968	MQ
MFD00392.bin.2.40	5407167	MQ
MFD00392.bin.2.401	6244236	MQ
MFD00392.bin.2.402	4834231	MQ
MFD00392.bin.2.404	3156057	MQ
MFD00392.bin.2.405	3008649	MQ
MFD00392.bin.2.43	3805029	MQ
MFD00392.bin.2.44	3560714	MQ
MFD00392.bin.2.46	1695383	MQ
MFD00392.bin.2.48	2977779	MQ
MFD00392.bin.2.49	7212457	MQ
MFD00392.bin.2.52	2530262	MQ
MFD00392.bin.2.55	2187446	MQ
MFD00392.bin.2.59	6961088	MQ
MFD00392.bin.2.6	4735255	MQ
MFD00392.bin.2.63	3278299	MQ
MFD00392.bin.2.64	2752542	MQ
MFD00392.bin.2.65	5601851	MQ
MFD00392.bin.2.68	4780855	MQ
MFD00392.bin.2.69	3270485	MQ
MFD00392.bin.2.7	3264175	MQ
MFD00392.bin.2.71	5230903	MQ
MFD00392.bin.2.78	5893840	MQ
MFD00392.bin.2.80	3785866	MQ
MFD00392.bin.2.81	5538031	MQ
MFD00392.bin.2.85	3980009	MQ
MFD00392.bin.2.86	3455162	MQ
MFD00392.bin.2.99	3321618	MQ
MFD00392.bin.3.141	4101095	MQ
MFD00392.bin.3.147	5369657	MQ
MFD00392.bin.3.167	6036501	MQ
MFD00392.bin.3.170	5078530	MQ
MFD00392.bin.3.203	2835111	MQ
MFD00392.bin.3.204	2464174	MQ
MFD00392.bin.3.213	3389299	MQ
MFD00392.bin.3.302	3795396	MQ
MFD00392.bin.3.308	3573269	MQ
MFD00392.bin.3.431	4053039	MQ
MFD00392.bin.3.433	3933998	MQ
MFD00392.bin.3.529	4605808	MQ
MFD00392.bin.3.547	2371373	MQ
MFD00392.bin.3.555	3078242	MQ
MFD00392.bin.3.570	4636683	MQ
MFD00392.bin.3.594	3820661	MQ
MFD00392.bin.3.628	3398108	MQ
MFD00392.bin.3.648	4083875	MQ
MFD00392.bin.3.658	1414623	MQ
MFD00392.bin.3.673	6614725	MQ
MFD00392.bin.3.715	2829206	MQ
MFD00392.bin.3.720	2532259	MQ
MFD00392.bin.3.723	5677663	MQ
MFD00392.bin.3.744	3709136	MQ
MFD00392.bin.3.845	3533505	MQ
MFD00392.bin.3.88	2167305	MQ
MFD00392.bin.3.929	3515014	MQ
MFD00392.bin.3.937	5106702	MQ
MFD00392.bin.4.109	2808478	MQ
MFD00392.bin.4.475	5762447	MQ
MFD00392.bin.4.653	2790343	MQ
MFD00392.bin.4.807	3273634	MQ
MFD00392.bin.4.906	2513233	MQ
MFD00709.bin.1.4	2334289	MQ
MFD00709.bin.2.102	2168061	MQ
MFD00709.bin.2.104	5432304	MQ
MFD00709.bin.2.114	3819835	MQ
MFD00709.bin.2.117	3477470	MQ
MFD00709.bin.2.118	3919720	MQ
MFD00709.bin.2.122	3932839	MQ
MFD00709.bin.2.131	3200393	MQ
MFD00709.bin.2.137	2304292	MQ
MFD00709.bin.2.142	4073589	MQ
MFD00709.bin.2.144	2961295	MQ
MFD00709.bin.2.146	4310082	MQ
MFD00709.bin.2.147	5383578	MQ
MFD00709.bin.2.150	3430509	MQ
MFD00709.bin.2.153	3883845	MQ
MFD00709.bin.2.155	2706699	MQ
MFD00709.bin.2.156	5181152	MQ
MFD00709.bin.2.157	1702454	MQ
MFD00709.bin.2.159	2565501	MQ
MFD00709.bin.2.162	4677167	MQ
MFD00709.bin.2.166	3127089	MQ
MFD00709.bin.2.17	2700659	MQ
MFD00709.bin.2.174	2988999	MQ
MFD00709.bin.2.175	4732082	MQ
MFD00709.bin.2.182	2213860	MQ
MFD00709.bin.2.187	4292866	MQ
MFD00709.bin.2.20	2670402	MQ
MFD00709.bin.2.201	2373595	MQ
MFD00709.bin.2.207	2074842	MQ
MFD00709.bin.2.211	1873835	MQ
MFD00709.bin.2.216	4099862	MQ
MFD00709.bin.2.28	3283056	MQ
MFD00709.bin.2.3	4635637	MQ
MFD00709.bin.2.32	4394491	MQ
MFD00709.bin.2.34	3620059	MQ
MFD00709.bin.2.4	1633473	MQ
MFD00709.bin.2.40	3118096	MQ
MFD00709.bin.2.41	3991947	MQ
MFD00709.bin.2.42	2671306	MQ
MFD00709.bin.2.44	1948777	MQ
MFD00709.bin.2.45	2898733	MQ
MFD00709.bin.2.48	2805773	MQ
MFD00709.bin.2.5	2515484	MQ
MFD00709.bin.2.50	3190706	MQ
MFD00709.bin.2.54	3532874	MQ
MFD00709.bin.2.55	4730140	MQ
MFD00709.bin.2.62	3133615	MQ
MFD00709.bin.2.64	4867864	MQ
MFD00709.bin.2.65	1229618	MQ
MFD00709.bin.2.7	5030766	MQ
MFD00709.bin.2.72	2654454	MQ
MFD00709.bin.2.75	2190254	MQ
MFD00709.bin.2.8	3306720	MQ
MFD00709.bin.2.91	2689700	MQ
MFD00709.bin.3.102	2691350	MQ
MFD00709.bin.3.105	2801572	MQ
MFD00709.bin.3.125	4784036	MQ
MFD00709.bin.3.130	835929	MQ
MFD00709.bin.3.153	3448602	MQ
MFD00709.bin.3.160	3971205	MQ
MFD00709.bin.3.183	2701590	MQ
MFD00709.bin.3.2	3616520	MQ
MFD00709.bin.3.294	2435973	MQ
MFD00709.bin.3.31	2820342	MQ
MFD00709.bin.3.321	2790138	MQ
MFD00709.bin.3.343	6080863	MQ
MFD00709.bin.3.465	2913722	MQ
MFD00709.bin.3.484	2876514	MQ
MFD00709.bin.3.77	3452833	MQ
MFD00731.bin.1.153	8581730	MQ
MFD00731.bin.1.234	4681975	MQ
MFD00731.bin.2.1	6800052	MQ
MFD00731.bin.2.11	1454018	MQ
MFD00731.bin.2.111	7093206	MQ
MFD00731.bin.2.112	7291840	MQ
MFD00731.bin.2.114	7350297	MQ
MFD00731.bin.2.120	8427805	MQ
MFD00731.bin.2.127	4067575	MQ
MFD00731.bin.2.129	4027727	MQ
MFD00731.bin.2.132	3094733	MQ
MFD00731.bin.2.133	5459894	MQ
MFD00731.bin.2.137	5795997	MQ
MFD00731.bin.2.14	9117051	MQ
MFD00731.bin.2.142	5674559	MQ
MFD00731.bin.2.145	4495018	MQ
MFD00731.bin.2.149	4449122	MQ
MFD00731.bin.2.150	4643983	MQ
MFD00731.bin.2.157	4037834	MQ
MFD00731.bin.2.159	5760568	MQ
MFD00731.bin.2.164	3983826	MQ
MFD00731.bin.2.166	2613193	MQ
MFD00731.bin.2.167	6729203	MQ
MFD00731.bin.2.169	7277692	MQ
MFD00731.bin.2.17	5801156	MQ
MFD00731.bin.2.170	5734098	MQ
MFD00731.bin.2.173	6261475	MQ
MFD00731.bin.2.174	4487321	MQ
MFD00731.bin.2.180	4437785	MQ
MFD00731.bin.2.183	3639181	MQ
MFD00731.bin.2.187	4634065	MQ
MFD00731.bin.2.193	4532258	MQ
MFD00731.bin.2.198	8945738	MQ
MFD00731.bin.2.2	5197764	MQ
MFD00731.bin.2.20	3297528	MQ
MFD00731.bin.2.201	10357470	MQ
MFD00731.bin.2.202	6602882	MQ
MFD00731.bin.2.203	4382753	MQ
MFD00731.bin.2.205	6354299	MQ
MFD00731.bin.2.212	2753002	MQ
MFD00731.bin.2.216	10830705	MQ
MFD00731.bin.2.220	4687526	MQ
MFD00731.bin.2.26	10170430	MQ
MFD00731.bin.2.35	4150818	MQ
MFD00731.bin.2.4	5338719	MQ
MFD00731.bin.2.47	8696451	MQ
MFD00731.bin.2.48	2938893	MQ
MFD00731.bin.2.49	3850085	MQ
MFD00731.bin.2.57	4560179	MQ
MFD00731.bin.2.58	1469486	MQ
MFD00731.bin.2.6	4814270	MQ
MFD00731.bin.2.60	7129211	MQ
MFD00731.bin.2.62	3936073	MQ
MFD00731.bin.2.63	9198888	MQ
MFD00731.bin.2.65	4347000	MQ
MFD00731.bin.2.67	6717615	MQ
MFD00731.bin.2.72	6636587	MQ
MFD00731.bin.2.73	6075338	MQ
MFD00731.bin.2.74	2934130	MQ
MFD00731.bin.2.8	3774411	MQ
MFD00731.bin.2.81	5581565	MQ
MFD00731.bin.2.91	4885734	MQ
MFD00731.bin.2.93	7413469	MQ
MFD00731.bin.3.121	4618852	MQ
MFD00731.bin.3.122	2493263	MQ
MFD00731.bin.3.174	2035007	MQ
MFD00731.bin.3.176	4786595	MQ
MFD00731.bin.3.201	4446391	MQ
MFD00731.bin.3.247	4534610	MQ
MFD00731.bin.3.259	4255021	MQ
MFD00731.bin.3.307	2746592	MQ
MFD00731.bin.3.357	7175842	MQ
MFD00731.bin.3.385	4992330	MQ
MFD00731.bin.3.415	3592374	MQ
MFD00731.bin.3.428	4104027	MQ
MFD00731.bin.3.52	6110800	MQ
MFD00731.bin.3.66	5406233	MQ
MFD00731.bin.3.75	7440950	MQ
MFD00731.bin.4.171	5278629	MQ
MFD00731.bin.4.227	3328772	MQ
MFD00731.bin.4.272	2707596	MQ
MFD00731.bin.4.712	2916875	MQ
MFD00822.bin.1.150	6127912	MQ
MFD00822.bin.1.51	5235530	MQ
MFD00822.bin.1.7	6460190	MQ
MFD00822.bin.2.104	3069516	MQ
MFD00822.bin.2.108	3831757	MQ
MFD00822.bin.2.11	4584343	MQ
MFD00822.bin.2.110	2609736	MQ
MFD00822.bin.2.115	5844657	MQ
MFD00822.bin.2.117	7259654	MQ
MFD00822.bin.2.119	8592212	MQ
MFD00822.bin.2.12	4115641	MQ
MFD00822.bin.2.120	3218606	MQ
MFD00822.bin.2.121	4609883	MQ
MFD00822.bin.2.122	3186051	MQ
MFD00822.bin.2.123	3896542	MQ
MFD00822.bin.2.124	3813958	MQ
MFD00822.bin.2.126	7439794	MQ
MFD00822.bin.2.127	3722942	MQ
MFD00822.bin.2.129	9263937	MQ
MFD00822.bin.2.130	2730649	MQ
MFD00822.bin.2.131	5842675	MQ
MFD00822.bin.2.134	5335505	MQ
MFD00822.bin.2.135	1601153	MQ
MFD00822.bin.2.136	4218117	MQ
MFD00822.bin.2.138	5100945	MQ
MFD00822.bin.2.143	5129847	MQ
MFD00822.bin.2.149	3244886	MQ
MFD00822.bin.2.15	3297449	MQ
MFD00822.bin.2.150	6124539	MQ
MFD00822.bin.2.151	3173255	MQ
MFD00822.bin.2.156	3053273	MQ
MFD00822.bin.2.162	7080624	MQ
MFD00822.bin.2.163	8710107	MQ
MFD00822.bin.2.168	5929543	MQ
MFD00822.bin.2.172	6986265	MQ
MFD00822.bin.2.173	6373553	MQ
MFD00822.bin.2.174	4675830	MQ
MFD00822.bin.2.176	5993272	MQ
MFD00822.bin.2.179	7083686	MQ
MFD00822.bin.2.18	4917300	MQ
MFD00822.bin.2.181	3679332	MQ
MFD00822.bin.2.182	6508041	MQ
MFD00822.bin.2.186	5330025	MQ
MFD00822.bin.2.2	6391502	MQ
MFD00822.bin.2.24	2170608	MQ
MFD00822.bin.2.25	4262703	MQ
MFD00822.bin.2.30	4819939	MQ
MFD00822.bin.2.33	4241369	MQ
MFD00822.bin.2.36	3453252	MQ
MFD00822.bin.2.37	3793660	MQ
MFD00822.bin.2.42	6162555	MQ
MFD00822.bin.2.45	1809023	MQ
MFD00822.bin.2.48	4187477	MQ
MFD00822.bin.2.53	8629004	MQ
MFD00822.bin.2.55	5249526	MQ
MFD00822.bin.2.56	3816077	MQ
MFD00822.bin.2.57	5906537	MQ
MFD00822.bin.2.59	2936397	MQ
MFD00822.bin.2.60	3717813	MQ
MFD00822.bin.2.62	2886374	MQ
MFD00822.bin.2.7	5460598	MQ
MFD00822.bin.2.84	4782261	MQ
MFD00822.bin.2.9	4305374	MQ
MFD00822.bin.2.91	5704640	MQ
MFD00822.bin.2.93	3124182	MQ
MFD00822.bin.2.97	5445239	MQ
MFD00822.bin.3.117	6138643	MQ
MFD00822.bin.3.118	4568887	MQ
MFD00822.bin.3.124	3097168	MQ
MFD00822.bin.3.16	4866665	MQ
MFD00822.bin.3.221	12363221	MQ
MFD00822.bin.3.272	2879728	MQ
MFD00822.bin.3.292	9732500	MQ
MFD00822.bin.3.377	3371850	MQ
MFD00822.bin.3.61	2519666	MQ
MFD00822.bin.3.64	3536185	MQ
MFD00822.bin.3.94	2380999	MQ
MFD00822.bin.4.14	8805126	MQ
MFD00905.bin.1.58	3282283	MQ
MFD00905.bin.2.1	5344115	MQ
MFD00905.bin.2.105	3600754	MQ
MFD00905.bin.2.108	6210265	MQ
MFD00905.bin.2.121	3420982	MQ
MFD00905.bin.2.125	5915049	MQ
MFD00905.bin.2.126	3316443	MQ
MFD00905.bin.2.13	4646739	MQ
MFD00905.bin.2.131	4120298	MQ
MFD00905.bin.2.133	2306945	MQ
MFD00905.bin.2.134	4140274	MQ
MFD00905.bin.2.145	4434902	MQ
MFD00905.bin.2.151	4381911	MQ
MFD00905.bin.2.152	2508509	MQ
MFD00905.bin.2.153	6700254	MQ
MFD00905.bin.2.154	2994401	MQ
MFD00905.bin.2.155	3302932	MQ
MFD00905.bin.2.158	2718611	MQ
MFD00905.bin.2.159	5226280	MQ
MFD00905.bin.2.16	5287971	MQ
MFD00905.bin.2.162	3552731	MQ
MFD00905.bin.2.170	4816782	MQ
MFD00905.bin.2.172	5476321	MQ
MFD00905.bin.2.174	3431811	MQ
MFD00905.bin.2.180	4453476	MQ
MFD00905.bin.2.184	4847334	MQ
MFD00905.bin.2.185	2962857	MQ
MFD00905.bin.2.186	3793641	MQ
MFD00905.bin.2.187	3804979	MQ
MFD00905.bin.2.19	4657420	MQ
MFD00905.bin.2.190	7502101	MQ
MFD00905.bin.2.193	3229261	MQ
MFD00905.bin.2.194	5077569	MQ
MFD00905.bin.2.198	5609175	MQ
MFD00905.bin.2.2	3178085	MQ
MFD00905.bin.2.20	2898171	MQ
MFD00905.bin.2.202	3870248	MQ
MFD00905.bin.2.208	1961116	MQ
MFD00905.bin.2.21	2004136	MQ
MFD00905.bin.2.212	3680565	MQ
MFD00905.bin.2.215	3511907	MQ
MFD00905.bin.2.216	4662339	MQ
MFD00905.bin.2.220	3462662	MQ
MFD00905.bin.2.222	3346978	MQ
MFD00905.bin.2.223	3533418	MQ
MFD00905.bin.2.225	2818701	MQ
MFD00905.bin.2.226	2609799	MQ
MFD00905.bin.2.232	4211725	MQ
MFD00905.bin.2.233	6085870	MQ
MFD00905.bin.2.30	2557975	MQ
MFD00905.bin.2.32	5308555	MQ
MFD00905.bin.2.34	4078096	MQ
MFD00905.bin.2.35	3849612	MQ
MFD00905.bin.2.38	3324119	MQ
MFD00905.bin.2.43	4534645	MQ
MFD00905.bin.2.44	1336788	MQ
MFD00905.bin.2.47	3322675	MQ
MFD00905.bin.2.49	4744610	MQ
MFD00905.bin.2.5	3278200	MQ
MFD00905.bin.2.50	5381096	MQ
MFD00905.bin.2.51	2864436	MQ
MFD00905.bin.2.53	3199934	MQ
MFD00905.bin.2.55	3693326	MQ
MFD00905.bin.2.59	5364654	MQ
MFD00905.bin.2.60	3685551	MQ
MFD00905.bin.2.62	4938483	MQ
MFD00905.bin.2.63	2541481	MQ
MFD00905.bin.2.65	3078033	MQ
MFD00905.bin.2.68	3400212	MQ
MFD00905.bin.2.7	3548750	MQ
MFD00905.bin.2.71	2676277	MQ
MFD00905.bin.2.72	4006026	MQ
MFD00905.bin.2.73	3711613	MQ
MFD00905.bin.2.74	4314085	MQ
MFD00905.bin.2.75	4038851	MQ
MFD00905.bin.2.8	3572054	MQ
MFD00905.bin.2.82	6030039	MQ
MFD00905.bin.2.87	2907017	MQ
MFD00905.bin.2.93	2989895	MQ
MFD00905.bin.3.122	2981582	MQ
MFD00905.bin.3.13	3174681	MQ
MFD00905.bin.3.155	3203125	MQ
MFD00905.bin.3.183	4720315	MQ
MFD00905.bin.3.204	2313920	MQ
MFD00905.bin.3.260	4874968	MQ
MFD00905.bin.3.287	3698996	MQ
MFD00905.bin.3.32	4568859	MQ
MFD00905.bin.3.330	2582053	MQ
MFD00905.bin.3.435	2753704	MQ
MFD00905.bin.3.493	3028453	MQ
MFD00905.bin.3.507	8365109	MQ
MFD00905.bin.3.577	3610650	MQ
MFD00905.bin.3.591	4127765	MQ
MFD00905.bin.4.163	4968418	MQ
MFD00962.bin.1.263	1924502	MQ
MFD00962.bin.2.100	4933659	MQ
MFD00962.bin.2.101	5421295	MQ
MFD00962.bin.2.102	4588165	MQ
MFD00962.bin.2.103	2863016	MQ
MFD00962.bin.2.105	2038772	MQ
MFD00962.bin.2.106	2422993	MQ
MFD00962.bin.2.107	6320102	MQ
MFD00962.bin.2.108	3260798	MQ
MFD00962.bin.2.109	4960279	MQ
MFD00962.bin.2.111	2925336	MQ
MFD00962.bin.2.113	2208696	MQ
MFD00962.bin.2.114	2303168	MQ
MFD00962.bin.2.115	3485861	MQ
MFD00962.bin.2.116	4558724	MQ
MFD00962.bin.2.117	2484021	MQ
MFD00962.bin.2.118	3872739	MQ
MFD00962.bin.2.119	2946531	MQ
MFD00962.bin.2.12	6582574	MQ
MFD00962.bin.2.120	2468825	MQ
MFD00962.bin.2.121	4455930	MQ
MFD00962.bin.2.122	4009506	MQ
MFD00962.bin.2.125	4586944	MQ
MFD00962.bin.2.127	2590104	MQ
MFD00962.bin.2.128	2895055	MQ
MFD00962.bin.2.135	3570009	MQ
MFD00962.bin.2.140	4317432	MQ
MFD00962.bin.2.143	3084059	MQ
MFD00962.bin.2.159	3314595	MQ
MFD00962.bin.2.16	3446368	MQ
MFD00962.bin.2.166	4550455	MQ
MFD00962.bin.2.17	2981997	MQ
MFD00962.bin.2.176	2977443	MQ
MFD00962.bin.2.181	4735025	MQ
MFD00962.bin.2.182	5775714	MQ
MFD00962.bin.2.184	4829737	MQ
MFD00962.bin.2.188	5905098	MQ
MFD00962.bin.2.19	2856197	MQ
MFD00962.bin.2.190	4743656	MQ
MFD00962.bin.2.191	2576974	MQ
MFD00962.bin.2.198	3198454	MQ
MFD00962.bin.2.2	5050259	MQ
MFD00962.bin.2.20	2541600	MQ
MFD00962.bin.2.200	8142835	MQ
MFD00962.bin.2.203	5196897	MQ
MFD00962.bin.2.204	5189593	MQ
MFD00962.bin.2.205	6165851	MQ
MFD00962.bin.2.206	4140867	MQ
MFD00962.bin.2.208	2947574	MQ
MFD00962.bin.2.211	6202213	MQ
MFD00962.bin.2.218	6170820	MQ
MFD00962.bin.2.219	2824460	MQ
MFD00962.bin.2.221	4358694	MQ
MFD00962.bin.2.224	7093394	MQ
MFD00962.bin.2.226	3866556	MQ
MFD00962.bin.2.228	6095186	MQ
MFD00962.bin.2.231	5147028	MQ
MFD00962.bin.2.232	3560174	MQ
MFD00962.bin.2.238	6322825	MQ
MFD00962.bin.2.241	3004297	MQ
MFD00962.bin.2.244	3320672	MQ
MFD00962.bin.2.254	3012609	MQ
MFD00962.bin.2.262	4624666	MQ
MFD00962.bin.2.266	2735688	MQ
MFD00962.bin.2.269	7055730	MQ
MFD00962.bin.2.270	3693742	MQ
MFD00962.bin.2.274	4199447	MQ
MFD00962.bin.2.277	3056546	MQ
MFD00962.bin.2.283	5335825	MQ
MFD00962.bin.2.29	6128376	MQ
MFD00962.bin.2.291	2432801	MQ
MFD00962.bin.2.292	4604355	MQ
MFD00962.bin.2.293	2952137	MQ
MFD00962.bin.2.294	5737082	MQ
MFD00962.bin.2.297	2751929	MQ
MFD00962.bin.2.32	3123814	MQ
MFD00962.bin.2.35	3057456	MQ
MFD00962.bin.2.40	3446080	MQ
MFD00962.bin.2.53	3376031	MQ
MFD00962.bin.2.55	4810963	MQ
MFD00962.bin.2.59	3511397	MQ
MFD00962.bin.2.64	3841158	MQ
MFD00962.bin.2.65	6682934	MQ
MFD00962.bin.2.69	5282985	MQ
MFD00962.bin.2.7	4526989	MQ
MFD00962.bin.2.72	4484076	MQ
MFD00962.bin.2.73	2731571	MQ
MFD00962.bin.2.76	4948803	MQ
MFD00962.bin.2.77	2399073	MQ
MFD00962.bin.2.83	5573896	MQ
MFD00962.bin.2.84	2381741	MQ
MFD00962.bin.2.86	3126363	MQ
MFD00962.bin.2.87	7744523	MQ
MFD00962.bin.2.90	1825268	MQ
MFD00962.bin.2.91	2704422	MQ
MFD00962.bin.2.92	4061893	MQ
MFD00962.bin.2.93	2717391	MQ
MFD00962.bin.2.94	4983059	MQ
MFD00962.bin.2.96	3548023	MQ
MFD00962.bin.2.98	3452182	MQ
MFD00962.bin.3.102	6788288	MQ
MFD00962.bin.3.138	3341060	MQ
MFD00962.bin.3.153	3512223	MQ
MFD00962.bin.3.166	2422613	MQ
MFD00962.bin.3.285	4453162	MQ
MFD00962.bin.3.339	3047072	MQ
MFD00962.bin.3.421	1933287	MQ
MFD00962.bin.3.436	6598981	MQ
MFD00962.bin.3.492	3117687	MQ
MFD00962.bin.3.533	6343962	MQ
MFD00962.bin.3.541	3467723	MQ
MFD00962.bin.3.584	2552800	MQ
MFD00962.bin.3.604	4341859	MQ
MFD00962.bin.3.615	4265435	MQ
MFD00962.bin.3.622	5289680	MQ
MFD00962.bin.3.89	3312720	MQ
MFD00962.bin.3.90	5446124	MQ
MFD00962.bin.4.197	6558366	MQ
MFD00964.bin.2.105	9441833	MQ
MFD00964.bin.2.126	3828100	MQ
MFD00964.bin.2.133	6413071	MQ
MFD00964.bin.2.146	2963170	MQ
MFD00964.bin.2.152	5069479	MQ
MFD00964.bin.2.160	5847701	MQ
MFD00964.bin.2.162	6346864	MQ
MFD00964.bin.2.169	6021996	MQ
MFD00964.bin.2.170	4441863	MQ
MFD00964.bin.2.171	2850397	MQ
MFD00964.bin.2.173	4178647	MQ
MFD00964.bin.2.177	7488327	MQ
MFD00964.bin.2.180	3367546	MQ
MFD00964.bin.2.181	5288464	MQ
MFD00964.bin.2.183	6228738	MQ
MFD00964.bin.2.188	6856576	MQ
MFD00964.bin.2.193	4920259	MQ
MFD00964.bin.2.194	5030426	MQ
MFD00964.bin.2.196	8352938	MQ
MFD00964.bin.2.201	3593507	MQ
MFD00964.bin.2.204	4501410	MQ
MFD00964.bin.2.207	3015323	MQ
MFD00964.bin.2.209	3382935	MQ
MFD00964.bin.2.210	6826032	MQ
MFD00964.bin.2.214	5948393	MQ
MFD00964.bin.2.219	4444707	MQ
MFD00964.bin.2.22	7459549	MQ
MFD00964.bin.2.220	4337675	MQ
MFD00964.bin.2.24	2489428	MQ
MFD00964.bin.2.241	5601155	MQ
MFD00964.bin.2.248	7811102	MQ
MFD00964.bin.2.25	3951979	MQ
MFD00964.bin.2.251	4291376	MQ
MFD00964.bin.2.254	3732945	MQ
MFD00964.bin.2.255	5732313	MQ
MFD00964.bin.2.256	5336293	MQ
MFD00964.bin.2.258	5175063	MQ
MFD00964.bin.2.259	3800279	MQ
MFD00964.bin.2.26	6104286	MQ
MFD00964.bin.2.264	3112886	MQ
MFD00964.bin.2.265	5274543	MQ
MFD00964.bin.2.270	5582465	MQ
MFD00964.bin.2.271	3798529	MQ
MFD00964.bin.2.272	2819233	MQ
MFD00964.bin.2.3	4689281	MQ
MFD00964.bin.2.34	5200608	MQ
MFD00964.bin.2.36	5384243	MQ
MFD00964.bin.2.4	7091401	MQ
MFD00964.bin.2.40	5887259	MQ
MFD00964.bin.2.46	3904788	MQ
MFD00964.bin.2.48	3537467	MQ
MFD00964.bin.2.53	4176076	MQ
MFD00964.bin.2.63	4347319	MQ
MFD00964.bin.2.65	3015082	MQ
MFD00964.bin.2.66	3891636	MQ
MFD00964.bin.2.67	3510080	MQ
MFD00964.bin.2.69	5553406	MQ
MFD00964.bin.2.7	4344497	MQ
MFD00964.bin.2.75	5304069	MQ
MFD00964.bin.2.76	985160	MQ
MFD00964.bin.2.78	6370850	MQ
MFD00964.bin.2.79	3974868	MQ
MFD00964.bin.2.8	4994773	MQ
MFD00964.bin.2.80	3071067	MQ
MFD00964.bin.2.83	3032722	MQ
MFD00964.bin.2.86	6665838	MQ
MFD00964.bin.2.88	3075503	MQ
MFD00964.bin.2.89	3980581	MQ
MFD00964.bin.3.104	2675261	MQ
MFD00964.bin.3.147	5126994	MQ
MFD00964.bin.3.150	5330038	MQ
MFD00964.bin.3.173	5086064	MQ
MFD00964.bin.3.184	4660275	MQ
MFD00964.bin.3.23	4788936	MQ
MFD00964.bin.3.252	4467998	MQ
MFD00964.bin.3.253	7732490	MQ
MFD00964.bin.3.405	6376082	MQ
MFD00964.bin.3.426	6245443	MQ
MFD00964.bin.3.45	4360198	MQ
MFD00964.bin.3.473	6525096	MQ
MFD00964.bin.3.510	8337543	MQ
MFD00964.bin.3.532	4407906	MQ
MFD00964.bin.3.553	4806852	MQ
MFD00964.bin.3.580	3989826	MQ
MFD00964.bin.3.598	4514947	MQ
MFD00964.bin.3.619	5200957	MQ
MFD00964.bin.4.433	3098825	MQ
MFD00964.bin.4.630	4763543	MQ
MFD00964.bin.4.962	2777403	MQ
MFD00991.bin.1.10	6769489	MQ
MFD00991.bin.1.136	3579201	MQ
MFD00991.bin.1.39	6678148	MQ
MFD00991.bin.2.103	3983104	MQ
MFD00991.bin.2.104	3228203	MQ
MFD00991.bin.2.105	2394442	MQ
MFD00991.bin.2.112	4080748	MQ
MFD00991.bin.2.118	4168986	MQ
MFD00991.bin.2.121	2468336	MQ
MFD00991.bin.2.126	3955941	MQ
MFD00991.bin.2.130	4799376	MQ
MFD00991.bin.2.133	6128857	MQ
MFD00991.bin.2.15	4409047	MQ
MFD00991.bin.2.17	2712903	MQ
MFD00991.bin.2.2	5052262	MQ
MFD00991.bin.2.21	6705475	MQ
MFD00991.bin.2.24	3195248	MQ
MFD00991.bin.2.28	3569420	MQ
MFD00991.bin.2.29	7000911	MQ
MFD00991.bin.2.32	3186946	MQ
MFD00991.bin.2.34	5649012	MQ
MFD00991.bin.2.37	11246695	MQ
MFD00991.bin.2.4	2289833	MQ
MFD00991.bin.2.41	4148278	MQ
MFD00991.bin.2.51	7711141	MQ
MFD00991.bin.2.67	5721759	MQ
MFD00991.bin.2.70	3040825	MQ
MFD00991.bin.2.73	4219312	MQ
MFD00991.bin.2.75	5334028	MQ
MFD00991.bin.2.78	3967403	MQ
MFD00991.bin.2.79	3233458	MQ
MFD00991.bin.2.80	3382564	MQ
MFD00991.bin.2.81	1969828	MQ
MFD00991.bin.2.82	3456724	MQ
MFD00991.bin.2.86	4123532	MQ
MFD00991.bin.2.87	4310901	MQ
MFD00991.bin.2.88	3472708	MQ
MFD00991.bin.2.9	4377458	MQ
MFD00991.bin.2.96	2659339	MQ
MFD00991.bin.3.14	6096128	MQ
MFD00991.bin.3.206	2854022	MQ
MFD00991.bin.3.207	4156656	MQ
MFD00991.bin.3.222	4255410	MQ
MFD00991.bin.3.233	4408085	MQ
MFD00991.bin.3.29	6641230	MQ
MFD00991.bin.3.73	3641157	MQ
MFD01112.bin.1.4	2632925	MQ
MFD01112.bin.1.8	688970	MQ
MFD01112.bin.2.1	2782935	MQ
MFD01112.bin.2.11	5373887	MQ
MFD01112.bin.2.12	3785000	MQ
MFD01112.bin.2.16	753020	MQ
MFD01112.bin.2.18	1940302	MQ
MFD01112.bin.2.19	4889343	MQ
MFD01112.bin.2.2	6168254	MQ
MFD01112.bin.2.20	3041507	MQ
MFD01112.bin.2.36	5048347	MQ
MFD01112.bin.2.37	4575487	MQ
MFD01112.bin.2.4	4822255	MQ
MFD01112.bin.2.43	3321685	MQ
MFD01112.bin.2.55	7018909	MQ
MFD01112.bin.2.56	1541952	MQ
MFD01112.bin.2.58	5115802	MQ
MFD01112.bin.2.59	5597356	MQ
MFD01112.bin.2.68	5344893	MQ
MFD01112.bin.3.14	2675061	MQ
MFD01112.bin.3.37	2089452	MQ
MFD01138.bin.1.27	6308350	MQ
MFD01138.bin.2.1	4220240	MQ
MFD01138.bin.2.121	5649601	MQ
MFD01138.bin.2.123	4362025	MQ
MFD01138.bin.2.15	5155773	MQ
MFD01138.bin.2.2	4220778	MQ
MFD01138.bin.2.28	2156762	MQ
MFD01138.bin.2.29	8065612	MQ
MFD01138.bin.2.30	5161858	MQ
MFD01138.bin.2.43	5296036	MQ
MFD01138.bin.2.60	4478982	MQ
MFD01138.bin.2.62	6641727	MQ
MFD01138.bin.2.63	2813822	MQ
MFD01138.bin.2.64	3689433	MQ
MFD01138.bin.2.7	7213492	MQ
MFD01138.bin.2.70	2922544	MQ
MFD01138.bin.2.71	5632500	MQ
MFD01138.bin.2.73	5763708	MQ
MFD01138.bin.2.75	4138685	MQ
MFD01138.bin.2.8	4518339	MQ
MFD01138.bin.2.80	3938801	MQ
MFD01138.bin.2.81	5070054	MQ
MFD01138.bin.2.82	4542354	MQ
MFD01138.bin.2.83	6149183	MQ
MFD01138.bin.2.88	4387973	MQ
MFD01138.bin.2.90	2827290	MQ
MFD01138.bin.2.94	5200841	MQ
MFD01138.bin.2.95	4685271	MQ
MFD01138.bin.2.97	2923749	MQ
MFD01138.bin.3.14	5521954	MQ
MFD01138.bin.3.248	3473733	MQ
MFD01138.bin.3.259	5503933	MQ
MFD01138.bin.3.34	4294196	MQ
MFD01138.bin.3.50	3411183	MQ
MFD01138.bin.3.6	5515580	MQ
MFD01138.bin.3.73	5829194	MQ
MFD01138.bin.3.74	7081799	MQ
MFD01188.bin.2.11	7014922	MQ
MFD01188.bin.2.114	4121757	MQ
MFD01188.bin.2.119	7355905	MQ
MFD01188.bin.2.12	4074860	MQ
MFD01188.bin.2.120	3496261	MQ
MFD01188.bin.2.122	1262384	MQ
MFD01188.bin.2.123	2353544	MQ
MFD01188.bin.2.127	4813905	MQ
MFD01188.bin.2.18	2018656	MQ
MFD01188.bin.2.2	2509963	MQ
MFD01188.bin.2.25	3521819	MQ
MFD01188.bin.2.32	5332513	MQ
MFD01188.bin.2.38	4103790	MQ
MFD01188.bin.2.44	4873221	MQ
MFD01188.bin.2.45	2832816	MQ
MFD01188.bin.2.55	7756720	MQ
MFD01188.bin.2.56	2494747	MQ
MFD01188.bin.2.57	4056757	MQ
MFD01188.bin.2.72	3145002	MQ
MFD01188.bin.2.73	4603875	MQ
MFD01188.bin.2.74	2758725	MQ
MFD01188.bin.2.75	4110155	MQ
MFD01188.bin.2.79	2040144	MQ
MFD01188.bin.2.97	5104732	MQ
MFD01188.bin.3.109	3119823	MQ
MFD01188.bin.3.138	3482651	MQ
MFD01188.bin.3.182	3795155	MQ
MFD01188.bin.3.31	4033361	MQ
MFD01188.bin.3.372	3183743	MQ
MFD01188.bin.4.248	2866615	MQ
MFD01188.bin.4.386	5330075	MQ
MFD01188.bin.4.86	3218752	MQ
MFD01213.bin.1.135	5313774	MQ
MFD01213.bin.1.138	5430006	MQ
MFD01213.bin.1.206	4858733	MQ
MFD01213.bin.2.10	7424673	MQ
MFD01213.bin.2.104	2651175	MQ
MFD01213.bin.2.105	5998809	MQ
MFD01213.bin.2.106	5118771	MQ
MFD01213.bin.2.107	3699246	MQ
MFD01213.bin.2.108	3516100	MQ
MFD01213.bin.2.11	5459847	MQ
MFD01213.bin.2.110	3247337	MQ
MFD01213.bin.2.111	3724763	MQ
MFD01213.bin.2.112	3747667	MQ
MFD01213.bin.2.113	3058149	MQ
MFD01213.bin.2.116	4503185	MQ
MFD01213.bin.2.117	5441578	MQ
MFD01213.bin.2.119	3016525	MQ
MFD01213.bin.2.121	2539140	MQ
MFD01213.bin.2.122	5567041	MQ
MFD01213.bin.2.125	4096828	MQ
MFD01213.bin.2.128	6215723	MQ
MFD01213.bin.2.129	3487982	MQ
MFD01213.bin.2.13	3139926	MQ
MFD01213.bin.2.130	2785452	MQ
MFD01213.bin.2.131	2643503	MQ
MFD01213.bin.2.132	4734831	MQ
MFD01213.bin.2.133	3891554	MQ
MFD01213.bin.2.134	5441966	MQ
MFD01213.bin.2.135	4644664	MQ
MFD01213.bin.2.137	4439062	MQ
MFD01213.bin.2.138	2354828	MQ
MFD01213.bin.2.143	3330693	MQ
MFD01213.bin.2.144	6605677	MQ
MFD01213.bin.2.146	5006264	MQ
MFD01213.bin.2.149	4052461	MQ
MFD01213.bin.2.150	2815774	MQ
MFD01213.bin.2.152	4660250	MQ
MFD01213.bin.2.155	4903573	MQ
MFD01213.bin.2.156	7846105	MQ
MFD01213.bin.2.157	5015587	MQ
MFD01213.bin.2.159	3418350	MQ
MFD01213.bin.2.162	4644750	MQ
MFD01213.bin.2.163	4496154	MQ
MFD01213.bin.2.165	6435270	MQ
MFD01213.bin.2.166	4424202	MQ
MFD01213.bin.2.168	5509332	MQ
MFD01213.bin.2.17	7316004	MQ
MFD01213.bin.2.170	3791724	MQ
MFD01213.bin.2.171	6158056	MQ
MFD01213.bin.2.174	6368926	MQ
MFD01213.bin.2.175	6753325	MQ
MFD01213.bin.2.176	3834987	MQ
MFD01213.bin.2.18	7611236	MQ
MFD01213.bin.2.180	6344272	MQ
MFD01213.bin.2.185	2865699	MQ
MFD01213.bin.2.189	4442501	MQ
MFD01213.bin.2.19	5503471	MQ
MFD01213.bin.2.191	4680029	MQ
MFD01213.bin.2.193	2580455	MQ
MFD01213.bin.2.194	4190511	MQ
MFD01213.bin.2.196	6673998	MQ
MFD01213.bin.2.197	4658455	MQ
MFD01213.bin.2.20	3844945	MQ
MFD01213.bin.2.21	6751115	MQ
MFD01213.bin.2.22	7798551	MQ
MFD01213.bin.2.23	2932666	MQ
MFD01213.bin.2.27	3692797	MQ
MFD01213.bin.2.29	2786815	MQ
MFD01213.bin.2.30	5370692	MQ
MFD01213.bin.2.31	6222236	MQ
MFD01213.bin.2.32	5037557	MQ
MFD01213.bin.2.33	6922948	MQ
MFD01213.bin.2.34	3700399	MQ
MFD01213.bin.2.36	4867977	MQ
MFD01213.bin.2.38	3746538	MQ
MFD01213.bin.2.39	3405864	MQ
MFD01213.bin.2.4	3531852	MQ
MFD01213.bin.2.40	5909072	MQ
MFD01213.bin.2.41	3902885	MQ
MFD01213.bin.2.42	4028060	MQ
MFD01213.bin.2.44	3729204	MQ
MFD01213.bin.2.49	3348099	MQ
MFD01213.bin.2.5	4947970	MQ
MFD01213.bin.2.51	5864769	MQ
MFD01213.bin.2.53	5643060	MQ
MFD01213.bin.2.54	2428521	MQ
MFD01213.bin.2.55	3238502	MQ
MFD01213.bin.2.58	3901794	MQ
MFD01213.bin.2.61	2068208	MQ
MFD01213.bin.2.71	4825847	MQ
MFD01213.bin.2.74	4292700	MQ
MFD01213.bin.2.81	5033993	MQ
MFD01213.bin.2.92	5125134	MQ
MFD01213.bin.2.94	3050700	MQ
MFD01213.bin.2.95	3623005	MQ
MFD01213.bin.2.97	8593415	MQ
MFD01213.bin.2.98	4155053	MQ
MFD01213.bin.3.118	4657503	MQ
MFD01213.bin.3.154	2102619	MQ
MFD01213.bin.3.157	3507431	MQ
MFD01213.bin.3.214	2730063	MQ
MFD01213.bin.3.243	2279011	MQ
MFD01213.bin.3.251	5621576	MQ
MFD01213.bin.3.295	4013758	MQ
MFD01213.bin.3.342	3846308	MQ
MFD01213.bin.3.363	2638508	MQ
MFD01213.bin.3.367	4009731	MQ
MFD01213.bin.3.396	5345586	MQ
MFD01213.bin.3.422	6017581	MQ
MFD01213.bin.3.448	2775731	MQ
MFD01213.bin.3.530	4179151	MQ
MFD01213.bin.3.552	3050186	MQ
MFD01213.bin.3.560	4965335	MQ
MFD01213.bin.3.581	3595347	MQ
MFD01213.bin.3.8	3707160	MQ
MFD01213.bin.3.93	6895824	MQ
MFD01213.bin.4.384	4456541	MQ
MFD01213.bin.4.502	3604358	MQ
MFD01223.bin.1.101	7100343	MQ
MFD01223.bin.1.107	5942648	MQ
MFD01223.bin.1.110	4359192	MQ
MFD01223.bin.1.111	4006174	MQ
MFD01223.bin.1.127	5154101	MQ
MFD01223.bin.1.27	816667	MQ
MFD01223.bin.1.35	5145225	MQ
MFD01223.bin.1.40	4679846	MQ
MFD01223.bin.1.55	4411667	MQ
MFD01223.bin.1.58	3288455	MQ
MFD01223.bin.1.7	7243831	MQ
MFD01223.bin.1.99	4932792	MQ
MFD01223.bin.2.14	7264622	MQ
MFD01223.bin.2.21	3982546	MQ
MFD01223.bin.2.25	5421523	MQ
MFD01223.bin.2.30	4536130	MQ
MFD01223.bin.2.31	4119474	MQ
MFD01223.bin.2.32	4662320	MQ
MFD01223.bin.2.33	3489945	MQ
MFD01223.bin.2.37	4047704	MQ
MFD01223.bin.2.4	602118	MQ
MFD01223.bin.2.40	1680120	MQ
MFD01223.bin.2.42	3995864	MQ
MFD01223.bin.2.44	531853	MQ
MFD01223.bin.2.47	571038	MQ
MFD01223.bin.2.48	2724085	MQ
MFD01223.bin.2.5	9379928	MQ
MFD01223.bin.2.50	3269629	MQ
MFD01223.bin.2.69	797167	MQ
MFD01223.bin.2.71	1410135	MQ
MFD01223.bin.2.76	1332326	MQ
MFD01223.bin.2.77	5174977	MQ
MFD01223.bin.2.87	778660	MQ
MFD01223.bin.2.9	921032	MQ
MFD01223.bin.2.90	4150348	MQ
MFD01223.bin.3.14	2309249	MQ
MFD01223.bin.3.150	4890005	MQ
MFD01223.bin.3.47	3317651	MQ
MFD01223.bin.3.50	3209705	MQ
MFD01223.bin.4.19	6251476	MQ
MFD01223.bin.4.238	5259400	MQ
MFD01231.bin.1.3	3496740	MQ
MFD01231.bin.1.64	3766318	MQ
MFD01231.bin.2.10	5194140	MQ
MFD01231.bin.2.11	1497131	MQ
MFD01231.bin.2.2	4365569	MQ
MFD01231.bin.2.20	11438470	MQ
MFD01231.bin.2.26	2569972	MQ
MFD01231.bin.2.28	13352337	MQ
MFD01231.bin.2.30	11452388	MQ
MFD01231.bin.2.31	5344830	MQ
MFD01231.bin.2.32	3398428	MQ
MFD01231.bin.2.34	2467585	MQ
MFD01231.bin.2.35	3611561	MQ
MFD01231.bin.2.36	2192499	MQ
MFD01231.bin.2.4	6511088	MQ
MFD01231.bin.2.48	3477075	MQ
MFD01231.bin.2.49	4248916	MQ
MFD01231.bin.2.51	4549163	MQ
MFD01231.bin.2.53	4511295	MQ
MFD01231.bin.2.57	3409930	MQ
MFD01231.bin.2.65	3861859	MQ
MFD01231.bin.2.69	5087365	MQ
MFD01231.bin.2.72	5743620	MQ
MFD01231.bin.2.73	3663792	MQ
MFD01231.bin.2.76	5499857	MQ
MFD01231.bin.2.77	6723419	MQ
MFD01231.bin.3.30	2964309	MQ
MFD01231.bin.3.74	2904364	MQ
MFD01231.bin.4.123	2143922	MQ
MFD01248.bin.1.14	7516870	MQ
MFD01248.bin.1.32	7741487	MQ
MFD01248.bin.2.14	1845905	MQ
MFD01248.bin.2.15	2353289	MQ
MFD01248.bin.2.16	4360127	MQ
MFD01248.bin.2.17	3129788	MQ
MFD01248.bin.2.19	8791989	MQ
MFD01248.bin.2.23	7992725	MQ
MFD01248.bin.2.29	7627796	MQ
MFD01248.bin.2.30	3804208	MQ
MFD01248.bin.2.31	3182135	MQ
MFD01248.bin.2.33	3672218	MQ
MFD01248.bin.2.4	3628312	MQ
MFD01248.bin.2.46	8905332	MQ
MFD01248.bin.2.49	4349013	MQ
MFD01248.bin.2.52	8611755	MQ
MFD01248.bin.2.56	2836940	MQ
MFD01248.bin.2.60	7375925	MQ
MFD01248.bin.2.66	4824791	MQ
MFD01248.bin.2.67	2746705	MQ
MFD01248.bin.2.68	4328174	MQ
MFD01248.bin.2.7	6829935	MQ
MFD01248.bin.2.71	3474370	MQ
MFD01248.bin.2.72	12226302	MQ
MFD01248.bin.2.76	3691703	MQ
MFD01248.bin.2.77	4925426	MQ
MFD01248.bin.2.78	3676549	MQ
MFD01248.bin.2.8	15716483	MQ
MFD01248.bin.3.122	4396060	MQ
MFD01248.bin.3.30	7998507	MQ
MFD01248.bin.3.64	5003220	MQ
MFD01248.bin.3.81	4873574	MQ
MFD01275.bin.1.253	4230781	MQ
MFD01275.bin.1.261	4146359	MQ
MFD01275.bin.2.1	3547622	MQ
MFD01275.bin.2.10	9336993	MQ
MFD01275.bin.2.11	1644441	MQ
MFD01275.bin.2.116	3710444	MQ
MFD01275.bin.2.119	6082470	MQ
MFD01275.bin.2.120	3372338	MQ
MFD01275.bin.2.121	3693710	MQ
MFD01275.bin.2.122	2268841	MQ
MFD01275.bin.2.123	5163914	MQ
MFD01275.bin.2.126	3689649	MQ
MFD01275.bin.2.129	3036435	MQ
MFD01275.bin.2.131	8941098	MQ
MFD01275.bin.2.132	5336811	MQ
MFD01275.bin.2.134	3068609	MQ
MFD01275.bin.2.135	5796858	MQ
MFD01275.bin.2.136	2264737	MQ
MFD01275.bin.2.138	3078373	MQ
MFD01275.bin.2.140	3311371	MQ
MFD01275.bin.2.141	2525642	MQ
MFD01275.bin.2.142	3680923	MQ
MFD01275.bin.2.143	3264944	MQ
MFD01275.bin.2.144	3537570	MQ
MFD01275.bin.2.145	2980324	MQ
MFD01275.bin.2.147	3428710	MQ
MFD01275.bin.2.148	3448439	MQ
MFD01275.bin.2.15	3800917	MQ
MFD01275.bin.2.152	2761510	MQ
MFD01275.bin.2.154	4073287	MQ
MFD01275.bin.2.156	3231650	MQ
MFD01275.bin.2.158	3487333	MQ
MFD01275.bin.2.164	2725749	MQ
MFD01275.bin.2.166	3153451	MQ
MFD01275.bin.2.168	5305605	MQ
MFD01275.bin.2.170	2302492	MQ
MFD01275.bin.2.173	3571598	MQ
MFD01275.bin.2.175	2692270	MQ
MFD01275.bin.2.178	4880271	MQ
MFD01275.bin.2.18	5159709	MQ
MFD01275.bin.2.180	3168634	MQ
MFD01275.bin.2.181	3603141	MQ
MFD01275.bin.2.182	2761729	MQ
MFD01275.bin.2.185	7683095	MQ
MFD01275.bin.2.188	4533991	MQ
MFD01275.bin.2.189	3651150	MQ
MFD01275.bin.2.19	2212845	MQ
MFD01275.bin.2.190	3162398	MQ
MFD01275.bin.2.192	5122290	MQ
MFD01275.bin.2.194	2913408	MQ
MFD01275.bin.2.196	4820923	MQ
MFD01275.bin.2.197	3817372	MQ
MFD01275.bin.2.198	2401665	MQ
MFD01275.bin.2.199	5125265	MQ
MFD01275.bin.2.2	3796593	MQ
MFD01275.bin.2.200	3282266	MQ
MFD01275.bin.2.201	4597923	MQ
MFD01275.bin.2.203	2604044	MQ
MFD01275.bin.2.204	3589958	MQ
MFD01275.bin.2.205	2239623	MQ
MFD01275.bin.2.206	4184621	MQ
MFD01275.bin.2.207	2943855	MQ
MFD01275.bin.2.21	6511703	MQ
MFD01275.bin.2.210	3753915	MQ
MFD01275.bin.2.211	5380930	MQ
MFD01275.bin.2.212	4532844	MQ
MFD01275.bin.2.22	2911506	MQ
MFD01275.bin.2.23	3500302	MQ
MFD01275.bin.2.24	4392169	MQ
MFD01275.bin.2.26	2729448	MQ
MFD01275.bin.2.3	3045610	MQ
MFD01275.bin.2.31	4835224	MQ
MFD01275.bin.2.32	5003110	MQ
MFD01275.bin.2.33	1135432	MQ
MFD01275.bin.2.34	6875596	MQ
MFD01275.bin.2.37	3435230	MQ
MFD01275.bin.2.38	3128662	MQ
MFD01275.bin.2.4	3198429	MQ
MFD01275.bin.2.41	2809952	MQ
MFD01275.bin.2.46	2745259	MQ
MFD01275.bin.2.47	2957769	MQ
MFD01275.bin.2.48	2850364	MQ
MFD01275.bin.2.5	5446118	MQ
MFD01275.bin.2.50	4299833	MQ
MFD01275.bin.2.52	4088949	MQ
MFD01275.bin.2.53	4816384	MQ
MFD01275.bin.2.56	2889578	MQ
MFD01275.bin.2.57	3829362	MQ
MFD01275.bin.2.59	2919674	MQ
MFD01275.bin.2.60	3251397	MQ
MFD01275.bin.2.62	2515937	MQ
MFD01275.bin.2.63	3190833	MQ
MFD01275.bin.2.65	3402244	MQ
MFD01275.bin.2.67	4249882	MQ
MFD01275.bin.2.68	2865641	MQ
MFD01275.bin.2.69	5490595	MQ
MFD01275.bin.2.7	2394304	MQ
MFD01275.bin.2.70	2782244	MQ
MFD01275.bin.2.72	6162835	MQ
MFD01275.bin.2.73	3622896	MQ
MFD01275.bin.2.76	2517714	MQ
MFD01275.bin.2.79	2933362	MQ
MFD01275.bin.2.8	2733108	MQ
MFD01275.bin.2.81	4853654	MQ
MFD01275.bin.2.84	5680471	MQ
MFD01275.bin.2.89	3302824	MQ
MFD01275.bin.2.9	2157440	MQ
MFD01275.bin.2.96	4687317	MQ
MFD01275.bin.3.1	4064765	MQ
MFD01275.bin.3.107	3544313	MQ
MFD01275.bin.3.128	3248045	MQ
MFD01275.bin.3.162	3257726	MQ
MFD01275.bin.3.2	3833378	MQ
MFD01275.bin.3.241	3571089	MQ
MFD01275.bin.3.249	6285162	MQ
MFD01275.bin.3.271	3307993	MQ
MFD01275.bin.3.280	3634329	MQ
MFD01275.bin.3.287	4119504	MQ
MFD01275.bin.3.320	3307762	MQ
MFD01275.bin.3.354	3556620	MQ
MFD01275.bin.3.362	4114650	MQ
MFD01275.bin.3.391	3365478	MQ
MFD01275.bin.3.41	2442995	MQ
MFD01275.bin.3.48	3890423	MQ
MFD01275.bin.3.83	7301741	MQ
MFD01275.bin.4.324	2879210	MQ
MFD01299.bin.1.111	3821157	MQ
MFD01299.bin.1.122	3188550	MQ
MFD01299.bin.1.129	4305532	MQ
MFD01299.bin.1.168	6052816	MQ
MFD01299.bin.1.188	4723903	MQ
MFD01299.bin.1.71	3295790	MQ
MFD01299.bin.1.92	2883600	MQ
MFD01299.bin.1.95	2429453	MQ
MFD01299.bin.2.1	1071428	MQ
MFD01299.bin.2.104	6055543	MQ
MFD01299.bin.2.106	4516766	MQ
MFD01299.bin.2.108	4094596	MQ
MFD01299.bin.2.115	2441227	MQ
MFD01299.bin.2.117	2819017	MQ
MFD01299.bin.2.118	2878801	MQ
MFD01299.bin.2.119	4341343	MQ
MFD01299.bin.2.120	6433956	MQ
MFD01299.bin.2.127	5479724	MQ
MFD01299.bin.2.13	4071571	MQ
MFD01299.bin.2.132	4620174	MQ
MFD01299.bin.2.133	4755380	MQ
MFD01299.bin.2.136	5165664	MQ
MFD01299.bin.2.138	2932890	MQ
MFD01299.bin.2.142	4793411	MQ
MFD01299.bin.2.143	2705407	MQ
MFD01299.bin.2.145	3963678	MQ
MFD01299.bin.2.146	5065889	MQ
MFD01299.bin.2.147	4189434	MQ
MFD01299.bin.2.148	2541748	MQ
MFD01299.bin.2.149	4810290	MQ
MFD01299.bin.2.150	2505825	MQ
MFD01299.bin.2.151	2474481	MQ
MFD01299.bin.2.154	3780367	MQ
MFD01299.bin.2.156	2331239	MQ
MFD01299.bin.2.159	3365642	MQ
MFD01299.bin.2.160	4585868	MQ
MFD01299.bin.2.163	3697781	MQ
MFD01299.bin.2.165	3898689	MQ
MFD01299.bin.2.166	2887705	MQ
MFD01299.bin.2.171	3556335	MQ
MFD01299.bin.2.175	3601601	MQ
MFD01299.bin.2.18	3570127	MQ
MFD01299.bin.2.183	2843331	MQ
MFD01299.bin.2.187	2172635	MQ
MFD01299.bin.2.189	2844662	MQ
MFD01299.bin.2.200	5966644	MQ
MFD01299.bin.2.207	4120058	MQ
MFD01299.bin.2.208	2673866	MQ
MFD01299.bin.2.209	6168121	MQ
MFD01299.bin.2.210	3217548	MQ
MFD01299.bin.2.211	5140517	MQ
MFD01299.bin.2.212	7061552	MQ
MFD01299.bin.2.213	2727269	MQ
MFD01299.bin.2.214	5764169	MQ
MFD01299.bin.2.216	3434814	MQ
MFD01299.bin.2.218	4096450	MQ
MFD01299.bin.2.22	2866635	MQ
MFD01299.bin.2.23	3425623	MQ
MFD01299.bin.2.25	3064880	MQ
MFD01299.bin.2.28	4083856	MQ
MFD01299.bin.2.3	4023984	MQ
MFD01299.bin.2.34	4449992	MQ
MFD01299.bin.2.36	3668992	MQ
MFD01299.bin.2.38	3118210	MQ
MFD01299.bin.2.4	5577081	MQ
MFD01299.bin.2.41	4549893	MQ
MFD01299.bin.2.44	3529523	MQ
MFD01299.bin.2.45	3358774	MQ
MFD01299.bin.2.46	4098642	MQ
MFD01299.bin.2.48	1405743	MQ
MFD01299.bin.2.49	3223592	MQ
MFD01299.bin.2.51	2925562	MQ
MFD01299.bin.2.57	2493167	MQ
MFD01299.bin.2.59	1672736	MQ
MFD01299.bin.2.76	4626336	MQ
MFD01299.bin.2.79	5834602	MQ
MFD01299.bin.2.84	3447482	MQ
MFD01299.bin.2.92	3493271	MQ
MFD01299.bin.2.97	1913845	MQ
MFD01299.bin.3.1	3831661	MQ
MFD01299.bin.3.111	6340213	MQ
MFD01299.bin.3.120	3970651	MQ
MFD01299.bin.3.139	2611543	MQ
MFD01299.bin.3.141	2431897	MQ
MFD01299.bin.3.148	2864345	MQ
MFD01299.bin.3.165	5154692	MQ
MFD01299.bin.3.198	2327505	MQ
MFD01299.bin.3.210	2541218	MQ
MFD01299.bin.3.257	1918958	MQ
MFD01299.bin.3.31	3178451	MQ
MFD01299.bin.3.325	3488275	MQ
MFD01299.bin.3.347	3737496	MQ
MFD01299.bin.3.353	6612626	MQ
MFD01299.bin.3.455	3810736	MQ
MFD01299.bin.3.5	4909300	MQ
MFD01299.bin.3.96	3496529	MQ
MFD01299.bin.4.382	470768	MQ
MFD01476.bin.1.1	3052503	MQ
MFD01476.bin.1.165	3007482	MQ
MFD01476.bin.1.230	3393834	MQ
MFD01476.bin.2.1	3472217	MQ
MFD01476.bin.2.10	2716652	MQ
MFD01476.bin.2.101	3818433	MQ
MFD01476.bin.2.102	5552041	MQ
MFD01476.bin.2.103	4821331	MQ
MFD01476.bin.2.104	3505657	MQ
MFD01476.bin.2.105	3582195	MQ
MFD01476.bin.2.106	3896186	MQ
MFD01476.bin.2.107	4176518	MQ
MFD01476.bin.2.108	769348	MQ
MFD01476.bin.2.114	2151924	MQ
MFD01476.bin.2.118	3610305	MQ
MFD01476.bin.2.120	2460931	MQ
MFD01476.bin.2.122	4228260	MQ
MFD01476.bin.2.125	4944884	MQ
MFD01476.bin.2.126	5318522	MQ
MFD01476.bin.2.127	4785421	MQ
MFD01476.bin.2.13	5245395	MQ
MFD01476.bin.2.130	3567105	MQ
MFD01476.bin.2.132	2920102	MQ
MFD01476.bin.2.135	1254851	MQ
MFD01476.bin.2.136	4232561	MQ
MFD01476.bin.2.137	3021355	MQ
MFD01476.bin.2.138	1739491	MQ
MFD01476.bin.2.139	3637567	MQ
MFD01476.bin.2.140	5437586	MQ
MFD01476.bin.2.15	4273654	MQ
MFD01476.bin.2.150	2800220	MQ
MFD01476.bin.2.152	743943	MQ
MFD01476.bin.2.154	4940844	MQ
MFD01476.bin.2.155	4580009	MQ
MFD01476.bin.2.157	4385607	MQ
MFD01476.bin.2.159	3938166	MQ
MFD01476.bin.2.167	3757204	MQ
MFD01476.bin.2.169	748930	MQ
MFD01476.bin.2.170	3476802	MQ
MFD01476.bin.2.175	1651328	MQ
MFD01476.bin.2.179	3847490	MQ
MFD01476.bin.2.180	7984468	MQ
MFD01476.bin.2.182	3857853	MQ
MFD01476.bin.2.185	2588036	MQ
MFD01476.bin.2.187	3785123	MQ
MFD01476.bin.2.188	751884	MQ
MFD01476.bin.2.189	3383601	MQ
MFD01476.bin.2.190	3731673	MQ
MFD01476.bin.2.191	3368982	MQ
MFD01476.bin.2.2	2768650	MQ
MFD01476.bin.2.21	5286559	MQ
MFD01476.bin.2.23	5416868	MQ
MFD01476.bin.2.25	4712401	MQ
MFD01476.bin.2.26	2351299	MQ
MFD01476.bin.2.28	11377903	MQ
MFD01476.bin.2.29	2952413	MQ
MFD01476.bin.2.33	5411702	MQ
MFD01476.bin.2.34	5115515	MQ
MFD01476.bin.2.38	6079272	MQ
MFD01476.bin.2.4	3290115	MQ
MFD01476.bin.2.41	3956659	MQ
MFD01476.bin.2.43	3729945	MQ
MFD01476.bin.2.44	1682457	MQ
MFD01476.bin.2.45	2893445	MQ
MFD01476.bin.2.49	3048110	MQ
MFD01476.bin.2.50	2455705	MQ
MFD01476.bin.2.52	3126259	MQ
MFD01476.bin.2.53	4008504	MQ
MFD01476.bin.2.54	2201455	MQ
MFD01476.bin.2.55	4220586	MQ
MFD01476.bin.2.56	1667758	MQ
MFD01476.bin.2.58	6219505	MQ
MFD01476.bin.2.59	3459281	MQ
MFD01476.bin.2.68	3124747	MQ
MFD01476.bin.2.71	4340927	MQ
MFD01476.bin.2.76	4288634	MQ
MFD01476.bin.2.8	4302938	MQ
MFD01476.bin.2.85	3536783	MQ
MFD01476.bin.2.87	1551162	MQ
MFD01476.bin.2.94	4619190	MQ
MFD01476.bin.2.97	7176062	MQ
MFD01476.bin.3.120	2371873	MQ
MFD01476.bin.3.18	4033415	MQ
MFD01476.bin.3.212	2221605	MQ
MFD01476.bin.3.283	5048227	MQ
MFD01476.bin.3.3	5850932	MQ
MFD01476.bin.3.321	3222586	MQ
MFD01476.bin.3.353	4912248	MQ
MFD01476.bin.3.64	3779129	MQ
MFD01476.bin.3.65	2888649	MQ
MFD01476.bin.3.68	3009475	MQ
MFD01476.bin.3.89	1678649	MQ
MFD01476.bin.3.99	7959392	MQ
MFD01476.bin.4.90	2164739	MQ
MFD01561.bin.1.30	2987893	MQ
MFD01561.bin.2.108	4656579	MQ
MFD01561.bin.2.11	3087504	MQ
MFD01561.bin.2.114	2810618	MQ
MFD01561.bin.2.12	5412008	MQ
MFD01561.bin.2.120	3850555	MQ
MFD01561.bin.2.13	2107110	MQ
MFD01561.bin.2.25	3532235	MQ
MFD01561.bin.2.29	3326375	MQ
MFD01561.bin.2.31	3345024	MQ
MFD01561.bin.2.37	6052523	MQ
MFD01561.bin.2.42	3709372	MQ
MFD01561.bin.2.52	3091370	MQ
MFD01561.bin.2.53	4552816	MQ
MFD01561.bin.2.59	5558662	MQ
MFD01561.bin.2.67	3032897	MQ
MFD01561.bin.2.69	4448373	MQ
MFD01561.bin.2.74	2884291	MQ
MFD01561.bin.2.78	3562153	MQ
MFD01561.bin.2.82	2641406	MQ
MFD01561.bin.2.87	3760276	MQ
MFD01561.bin.3.236	2852664	MQ
MFD01561.bin.3.265	2996940	MQ
MFD01561.bin.3.308	3311634	MQ
MFD01561.bin.4.120	2788605	MQ
MFD01633.bin.2.1	4029462	MQ
MFD01633.bin.2.10	1729800	MQ
MFD01633.bin.2.111	3140792	MQ
MFD01633.bin.2.113	7870847	MQ
MFD01633.bin.2.121	4318012	MQ
MFD01633.bin.2.122	3435690	MQ
MFD01633.bin.2.129	4300823	MQ
MFD01633.bin.2.130	2334560	MQ
MFD01633.bin.2.133	3594224	MQ
MFD01633.bin.2.137	4270104	MQ
MFD01633.bin.2.141	3942568	MQ
MFD01633.bin.2.142	6392691	MQ
MFD01633.bin.2.143	3490645	MQ
MFD01633.bin.2.150	3702647	MQ
MFD01633.bin.2.154	1480752	MQ
MFD01633.bin.2.161	4128970	MQ
MFD01633.bin.2.163	4505415	MQ
MFD01633.bin.2.172	3187092	MQ
MFD01633.bin.2.174	2163934	MQ
MFD01633.bin.2.175	3301952	MQ
MFD01633.bin.2.177	3613703	MQ
MFD01633.bin.2.179	3642503	MQ
MFD01633.bin.2.18	6505675	MQ
MFD01633.bin.2.186	3929934	MQ
MFD01633.bin.2.187	4281752	MQ
MFD01633.bin.2.2	3076235	MQ
MFD01633.bin.2.23	3232070	MQ
MFD01633.bin.2.3	4703548	MQ
MFD01633.bin.2.32	3358537	MQ
MFD01633.bin.2.33	2937149	MQ
MFD01633.bin.2.38	3547011	MQ
MFD01633.bin.2.42	3601873	MQ
MFD01633.bin.2.43	1593485	MQ
MFD01633.bin.2.48	1895629	MQ
MFD01633.bin.2.50	8183373	MQ
MFD01633.bin.2.53	4892079	MQ
MFD01633.bin.2.54	8215899	MQ
MFD01633.bin.2.60	7588701	MQ
MFD01633.bin.2.71	4454744	MQ
MFD01633.bin.2.96	1584543	MQ
MFD01633.bin.3.150	4829913	MQ
MFD01633.bin.3.245	8785150	MQ
MFD01633.bin.3.416	3435649	MQ
MFD01633.bin.3.44	3651081	MQ
MFD01633.bin.3.52	3192447	MQ
MFD01633.bin.4.498	4180034	MQ
MFD01689.bin.1.112	3717663	MQ
MFD01689.bin.1.6	5173399	MQ
MFD01689.bin.2.10	2547757	MQ
MFD01689.bin.2.11	7131295	MQ
MFD01689.bin.2.12	4402303	MQ
MFD01689.bin.2.13	3420919	MQ
MFD01689.bin.2.14	4639043	MQ
MFD01689.bin.2.18	3556674	MQ
MFD01689.bin.2.19	6192400	MQ
MFD01689.bin.2.21	1110077	MQ
MFD01689.bin.2.23	4764839	MQ
MFD01689.bin.2.24	4588447	MQ
MFD01689.bin.2.26	5785697	MQ
MFD01689.bin.2.27	4278828	MQ
MFD01689.bin.2.28	5414419	MQ
MFD01689.bin.2.31	3244584	MQ
MFD01689.bin.2.35	5411736	MQ
MFD01689.bin.2.36	4572334	MQ
MFD01689.bin.2.37	3398735	MQ
MFD01689.bin.2.38	2554174	MQ
MFD01689.bin.2.4	3443029	MQ
MFD01689.bin.2.41	5041791	MQ
MFD01689.bin.2.42	5200145	MQ
MFD01689.bin.2.43	2823951	MQ
MFD01689.bin.2.45	5828319	MQ
MFD01689.bin.2.5	6887854	MQ
MFD01689.bin.2.50	4117173	MQ
MFD01689.bin.2.63	3895322	MQ
MFD01689.bin.2.66	3724382	MQ
MFD01689.bin.2.67	6848397	MQ
MFD01689.bin.2.68	4953352	MQ
MFD01689.bin.2.69	5235933	MQ
MFD01689.bin.2.70	5399175	MQ
MFD01689.bin.2.71	3814768	MQ
MFD01689.bin.2.72	7227930	MQ
MFD01689.bin.2.73	3986464	MQ
MFD01689.bin.2.74	3128141	MQ
MFD01689.bin.2.76	4137678	MQ
MFD01689.bin.2.77	7843439	MQ
MFD01689.bin.2.78	3634645	MQ
MFD01689.bin.2.82	8335475	MQ
MFD01689.bin.3.10	4016095	MQ
MFD01689.bin.3.105	3227434	MQ
MFD01689.bin.3.127	4963311	MQ
MFD01689.bin.3.32	5009714	MQ
MFD01689.bin.3.63	3964792	MQ
MFD01689.bin.3.64	1837837	MQ
MFD01689.bin.3.83	3550684	MQ
MFD01689.bin.3.88	3019225	MQ
MFD01716.bin.1.180	5763313	MQ
MFD01716.bin.1.82	4516511	MQ
MFD01716.bin.2.1	10982092	MQ
MFD01716.bin.2.10	6199144	MQ
MFD01716.bin.2.100	3845267	MQ
MFD01716.bin.2.102	5302255	MQ
MFD01716.bin.2.105	4406416	MQ
MFD01716.bin.2.110	3168999	MQ
MFD01716.bin.2.111	4998071	MQ
MFD01716.bin.2.112	6800815	MQ
MFD01716.bin.2.114	1936940	MQ
MFD01716.bin.2.115	4967077	MQ
MFD01716.bin.2.116	5521269	MQ
MFD01716.bin.2.117	6115219	MQ
MFD01716.bin.2.119	6019912	MQ
MFD01716.bin.2.12	3431009	MQ
MFD01716.bin.2.120	4425337	MQ
MFD01716.bin.2.123	2409641	MQ
MFD01716.bin.2.126	13639304	MQ
MFD01716.bin.2.127	5997837	MQ
MFD01716.bin.2.129	5470591	MQ
MFD01716.bin.2.140	3558262	MQ
MFD01716.bin.2.143	4696246	MQ
MFD01716.bin.2.147	5498239	MQ
MFD01716.bin.2.148	8873343	MQ
MFD01716.bin.2.149	4461421	MQ
MFD01716.bin.2.15	4426523	MQ
MFD01716.bin.2.152	9229045	MQ
MFD01716.bin.2.16	5962706	MQ
MFD01716.bin.2.17	3143395	MQ
MFD01716.bin.2.19	4077302	MQ
MFD01716.bin.2.24	4054483	MQ
MFD01716.bin.2.26	4448614	MQ
MFD01716.bin.2.30	4283879	MQ
MFD01716.bin.2.32	4427131	MQ
MFD01716.bin.2.33	4787281	MQ
MFD01716.bin.2.37	3861161	MQ
MFD01716.bin.2.38	5354299	MQ
MFD01716.bin.2.40	5547789	MQ
MFD01716.bin.2.43	10750481	MQ
MFD01716.bin.2.45	3001613	MQ
MFD01716.bin.2.47	3240186	MQ
MFD01716.bin.2.50	3862694	MQ
MFD01716.bin.2.64	7509683	MQ
MFD01716.bin.2.70	5013318	MQ
MFD01716.bin.2.74	5069126	MQ
MFD01716.bin.2.75	5108348	MQ
MFD01716.bin.2.82	7528025	MQ
MFD01716.bin.2.83	5408824	MQ
MFD01716.bin.2.87	3894897	MQ
MFD01716.bin.2.88	6353835	MQ
MFD01716.bin.2.9	4618414	MQ
MFD01716.bin.2.90	4570319	MQ
MFD01716.bin.2.92	4983616	MQ
MFD01716.bin.2.94	4901700	MQ
MFD01716.bin.2.96	7258594	MQ
MFD01716.bin.2.97	4206160	MQ
MFD01716.bin.3.101	9567157	MQ
MFD01716.bin.3.117	3399149	MQ
MFD01716.bin.3.121	3433696	MQ
MFD01716.bin.3.19	4141060	MQ
MFD01716.bin.3.259	5774694	MQ
MFD01716.bin.3.54	3429374	MQ
MFD01716.bin.3.59	4561359	MQ
MFD01716.bin.3.63	3059004	MQ
MFD01716.bin.3.98	4131994	MQ
MFD01716.bin.4.265	4979792	MQ
MFD01721.bin.1.111	4058961	MQ
MFD01721.bin.1.125	3544853	MQ
MFD01721.bin.1.133	5438161	MQ
MFD01721.bin.1.178	4247699	MQ
MFD01721.bin.1.282	5562563	MQ
MFD01721.bin.1.301	5015612	MQ
MFD01721.bin.1.306	5271674	MQ
MFD01721.bin.1.321	3364790	MQ
MFD01721.bin.1.362	3683808	MQ
MFD01721.bin.1.54	2926708	MQ
MFD01721.bin.1.55	3584898	MQ
MFD01721.bin.1.60	4449850	MQ
MFD01721.bin.1.89	5264159	MQ
MFD01721.bin.2.10	3413994	MQ
MFD01721.bin.2.107	3771092	MQ
MFD01721.bin.2.112	5694590	MQ
MFD01721.bin.2.113	4146453	MQ
MFD01721.bin.2.116	3146351	MQ
MFD01721.bin.2.117	5291063	MQ
MFD01721.bin.2.118	3772246	MQ
MFD01721.bin.2.120	4427239	MQ
MFD01721.bin.2.121	3130727	MQ
MFD01721.bin.2.123	6400198	MQ
MFD01721.bin.2.129	2958358	MQ
MFD01721.bin.2.131	3272393	MQ
MFD01721.bin.2.133	7120915	MQ
MFD01721.bin.2.134	4463685	MQ
MFD01721.bin.2.135	4668722	MQ
MFD01721.bin.2.137	3128750	MQ
MFD01721.bin.2.138	2785631	MQ
MFD01721.bin.2.139	3574265	MQ
MFD01721.bin.2.14	3661566	MQ
MFD01721.bin.2.141	5438721	MQ
MFD01721.bin.2.142	3148213	MQ
MFD01721.bin.2.143	3300918	MQ
MFD01721.bin.2.145	3480207	MQ
MFD01721.bin.2.147	4859963	MQ
MFD01721.bin.2.149	3306633	MQ
MFD01721.bin.2.15	4668188	MQ
MFD01721.bin.2.150	3539616	MQ
MFD01721.bin.2.153	4123044	MQ
MFD01721.bin.2.154	3926214	MQ
MFD01721.bin.2.155	4125032	MQ
MFD01721.bin.2.156	3722013	MQ
MFD01721.bin.2.157	3874941	MQ
MFD01721.bin.2.158	2727778	MQ
MFD01721.bin.2.16	4010801	MQ
MFD01721.bin.2.160	3130703	MQ
MFD01721.bin.2.161	3725971	MQ
MFD01721.bin.2.163	4014684	MQ
MFD01721.bin.2.164	3396070	MQ
MFD01721.bin.2.166	3804711	MQ
MFD01721.bin.2.167	3649518	MQ
MFD01721.bin.2.168	5534483	MQ
MFD01721.bin.2.17	5018759	MQ
MFD01721.bin.2.170	3995770	MQ
MFD01721.bin.2.172	4213075	MQ
MFD01721.bin.2.175	2606081	MQ
MFD01721.bin.2.179	5258397	MQ
MFD01721.bin.2.18	4457819	MQ
MFD01721.bin.2.180	2681058	MQ
MFD01721.bin.2.181	5573100	MQ
MFD01721.bin.2.184	3753231	MQ
MFD01721.bin.2.186	4682246	MQ
MFD01721.bin.2.189	4419177	MQ
MFD01721.bin.2.19	3710846	MQ
MFD01721.bin.2.190	3283796	MQ
MFD01721.bin.2.191	5027211	MQ
MFD01721.bin.2.195	3133918	MQ
MFD01721.bin.2.197	917787	MQ
MFD01721.bin.2.199	4538604	MQ
MFD01721.bin.2.2	3985361	MQ
MFD01721.bin.2.20	3054721	MQ
MFD01721.bin.2.200	5040139	MQ
MFD01721.bin.2.201	3236486	MQ
MFD01721.bin.2.202	4785676	MQ
MFD01721.bin.2.204	7684003	MQ
MFD01721.bin.2.205	6066170	MQ
MFD01721.bin.2.207	3314366	MQ
MFD01721.bin.2.208	4442860	MQ
MFD01721.bin.2.209	3857307	MQ
MFD01721.bin.2.21	5127459	MQ
MFD01721.bin.2.210	2912785	MQ
MFD01721.bin.2.211	3754463	MQ
MFD01721.bin.2.212	3703358	MQ
MFD01721.bin.2.215	7171215	MQ
MFD01721.bin.2.216	4337093	MQ
MFD01721.bin.2.217	9220458	MQ
MFD01721.bin.2.218	4473631	MQ
MFD01721.bin.2.219	4057420	MQ
MFD01721.bin.2.22	2691775	MQ
MFD01721.bin.2.221	6885550	MQ
MFD01721.bin.2.222	4019134	MQ
MFD01721.bin.2.224	2820266	MQ
MFD01721.bin.2.225	2395361	MQ
MFD01721.bin.2.226	2875435	MQ
MFD01721.bin.2.228	3428324	MQ
MFD01721.bin.2.23	5053440	MQ
MFD01721.bin.2.25	5790230	MQ
MFD01721.bin.2.27	3379414	MQ
MFD01721.bin.2.28	3258980	MQ
MFD01721.bin.2.31	5192344	MQ
MFD01721.bin.2.32	4269067	MQ
MFD01721.bin.2.33	5352734	MQ
MFD01721.bin.2.34	3730018	MQ
MFD01721.bin.2.37	1959124	MQ
MFD01721.bin.2.39	3861263	MQ
MFD01721.bin.2.42	3858975	MQ
MFD01721.bin.2.43	3426678	MQ
MFD01721.bin.2.50	4439004	MQ
MFD01721.bin.2.51	3302221	MQ
MFD01721.bin.2.52	4762750	MQ
MFD01721.bin.2.55	4441273	MQ
MFD01721.bin.2.6	4483663	MQ
MFD01721.bin.2.61	3510024	MQ
MFD01721.bin.2.62	4117285	MQ
MFD01721.bin.2.63	3757619	MQ
MFD01721.bin.2.66	3537432	MQ
MFD01721.bin.2.68	2580663	MQ
MFD01721.bin.2.7	7134535	MQ
MFD01721.bin.2.73	7203103	MQ
MFD01721.bin.2.75	4421238	MQ
MFD01721.bin.2.76	4139730	MQ
MFD01721.bin.2.77	2277515	MQ
MFD01721.bin.2.78	3393095	MQ
MFD01721.bin.2.80	2000063	MQ
MFD01721.bin.2.82	4773881	MQ
MFD01721.bin.2.83	2442552	MQ
MFD01721.bin.2.84	2493022	MQ
MFD01721.bin.2.85	2010131	MQ
MFD01721.bin.2.86	4115833	MQ
MFD01721.bin.2.89	3892020	MQ
MFD01721.bin.2.9	6049092	MQ
MFD01721.bin.2.93	4057770	MQ
MFD01721.bin.2.94	2483588	MQ
MFD01721.bin.2.96	3460415	MQ
MFD01721.bin.3.116	2942801	MQ
MFD01721.bin.3.130	3086499	MQ
MFD01721.bin.3.137	2766174	MQ
MFD01721.bin.3.143	2582916	MQ
MFD01721.bin.3.164	3394471	MQ
MFD01721.bin.3.167	2723773	MQ
MFD01721.bin.3.168	5484421	MQ
MFD01721.bin.3.215	3725478	MQ
MFD01721.bin.3.216	4520511	MQ
MFD01721.bin.3.224	5047297	MQ
MFD01721.bin.3.232	2716630	MQ
MFD01721.bin.3.237	5537960	MQ
MFD01721.bin.3.252	3083659	MQ
MFD01721.bin.3.271	3723457	MQ
MFD01721.bin.3.296	3299162	MQ
MFD01721.bin.3.30	2716392	MQ
MFD01721.bin.3.303	3059968	MQ
MFD01721.bin.3.326	3500558	MQ
MFD01721.bin.3.50	3659083	MQ
MFD01721.bin.3.53	6717932	MQ
MFD01721.bin.3.59	2531116	MQ
MFD01721.bin.3.65	2683161	MQ
MFD01721.bin.4.300	3536685	MQ
MFD01721.bin.4.345	2537396	MQ
MFD01721.bin.4.8	2836992	MQ
MFD01828.bin.2.1	4864834	MQ
MFD01828.bin.2.14	4614008	MQ
MFD01828.bin.2.17	4242076	MQ
MFD01828.bin.2.18	4161846	MQ
MFD01828.bin.2.19	4498050	MQ
MFD01828.bin.2.2	6743396	MQ
MFD01828.bin.2.21	4478451	MQ
MFD01828.bin.2.27	4507655	MQ
MFD01828.bin.2.44	5802661	MQ
MFD01828.bin.2.47	4482431	MQ
MFD01828.bin.2.49	2550911	MQ
MFD01828.bin.2.50	2816723	MQ
MFD01828.bin.2.56	1406890	MQ
MFD01828.bin.2.58	5868930	MQ
MFD01828.bin.2.59	2294255	MQ
MFD01828.bin.2.72	6537848	MQ
MFD01828.bin.2.74	3331795	MQ
MFD01828.bin.2.85	4280655	MQ
MFD01828.bin.2.9	4026669	MQ
MFD01828.bin.2.90	6469712	MQ
MFD01828.bin.2.91	5989829	MQ
MFD01872.bin.1.328	7710587	MQ
MFD01872.bin.2.1	7139538	MQ
MFD01872.bin.2.100	2907464	MQ
MFD01872.bin.2.101	3099147	MQ
MFD01872.bin.2.103	4802218	MQ
MFD01872.bin.2.106	2677897	MQ
MFD01872.bin.2.107	4192800	MQ
MFD01872.bin.2.111	5798633	MQ
MFD01872.bin.2.119	3639602	MQ
MFD01872.bin.2.122	3779225	MQ
MFD01872.bin.2.126	2007360	MQ
MFD01872.bin.2.128	6386815	MQ
MFD01872.bin.2.138	6070713	MQ
MFD01872.bin.2.146	2953554	MQ
MFD01872.bin.2.148	4454375	MQ
MFD01872.bin.2.157	4050591	MQ
MFD01872.bin.2.160	5249329	MQ
MFD01872.bin.2.161	4107646	MQ
MFD01872.bin.2.162	5155164	MQ
MFD01872.bin.2.163	5390193	MQ
MFD01872.bin.2.165	5006475	MQ
MFD01872.bin.2.167	6101222	MQ
MFD01872.bin.2.168	5435825	MQ
MFD01872.bin.2.169	3763303	MQ
MFD01872.bin.2.17	4692419	MQ
MFD01872.bin.2.170	5609734	MQ
MFD01872.bin.2.171	4117087	MQ
MFD01872.bin.2.172	3700692	MQ
MFD01872.bin.2.177	6094644	MQ
MFD01872.bin.2.178	7132867	MQ
MFD01872.bin.2.18	5132608	MQ
MFD01872.bin.2.180	5281903	MQ
MFD01872.bin.2.183	5201050	MQ
MFD01872.bin.2.187	3989788	MQ
MFD01872.bin.2.193	6360438	MQ
MFD01872.bin.2.196	2780531	MQ
MFD01872.bin.2.197	3875012	MQ
MFD01872.bin.2.2	5232915	MQ
MFD01872.bin.2.20	6478434	MQ
MFD01872.bin.2.200	3399819	MQ
MFD01872.bin.2.203	3498198	MQ
MFD01872.bin.2.204	5627596	MQ
MFD01872.bin.2.207	3392339	MQ
MFD01872.bin.2.209	3257824	MQ
MFD01872.bin.2.21	6388775	MQ
MFD01872.bin.2.210	5272710	MQ
MFD01872.bin.2.211	7452883	MQ
MFD01872.bin.2.213	3614714	MQ
MFD01872.bin.2.214	6522932	MQ
MFD01872.bin.2.216	2650048	MQ
MFD01872.bin.2.217	6527539	MQ
MFD01872.bin.2.218	2804920	MQ
MFD01872.bin.2.220	6560991	MQ
MFD01872.bin.2.224	3991857	MQ
MFD01872.bin.2.225	4579849	MQ
MFD01872.bin.2.226	4813874	MQ
MFD01872.bin.2.228	2838193	MQ
MFD01872.bin.2.230	7658159	MQ
MFD01872.bin.2.231	3579874	MQ
MFD01872.bin.2.235	4205059	MQ
MFD01872.bin.2.236	4865258	MQ
MFD01872.bin.2.240	3044693	MQ
MFD01872.bin.2.241	3408849	MQ
MFD01872.bin.2.243	6698205	MQ
MFD01872.bin.2.244	4821127	MQ
MFD01872.bin.2.252	4750552	MQ
MFD01872.bin.2.253	2902519	MQ
MFD01872.bin.2.254	3994024	MQ
MFD01872.bin.2.257	2152565	MQ
MFD01872.bin.2.259	3860500	MQ
MFD01872.bin.2.260	3988702	MQ
MFD01872.bin.2.262	4442936	MQ
MFD01872.bin.2.265	2711732	MQ
MFD01872.bin.2.268	5698583	MQ
MFD01872.bin.2.273	4010725	MQ
MFD01872.bin.2.274	2946704	MQ
MFD01872.bin.2.278	4405708	MQ
MFD01872.bin.2.279	3517765	MQ
MFD01872.bin.2.28	3928753	MQ
MFD01872.bin.2.281	6936826	MQ
MFD01872.bin.2.282	5955377	MQ
MFD01872.bin.2.284	5016727	MQ
MFD01872.bin.2.285	6757135	MQ
MFD01872.bin.2.288	3532693	MQ
MFD01872.bin.2.29	4104769	MQ
MFD01872.bin.2.291	4252340	MQ
MFD01872.bin.2.30	4808220	MQ
MFD01872.bin.2.31	7203515	MQ
MFD01872.bin.2.36	4385849	MQ
MFD01872.bin.2.38	5595710	MQ
MFD01872.bin.2.39	3720810	MQ
MFD01872.bin.2.41	3456370	MQ
MFD01872.bin.2.46	2586219	MQ
MFD01872.bin.2.49	4461247	MQ
MFD01872.bin.2.50	5468857	MQ
MFD01872.bin.2.54	3962516	MQ
MFD01872.bin.2.56	5371664	MQ
MFD01872.bin.2.57	4238089	MQ
MFD01872.bin.2.59	4235209	MQ
MFD01872.bin.2.60	5513776	MQ
MFD01872.bin.2.64	5303004	MQ
MFD01872.bin.2.65	4085008	MQ
MFD01872.bin.2.71	5119284	MQ
MFD01872.bin.2.78	3824943	MQ
MFD01872.bin.2.79	4051454	MQ
MFD01872.bin.2.80	5028919	MQ
MFD01872.bin.2.82	3087493	MQ
MFD01872.bin.2.83	5302873	MQ
MFD01872.bin.2.84	3592347	MQ
MFD01872.bin.2.86	6093712	MQ
MFD01872.bin.2.87	6310612	MQ
MFD01872.bin.2.88	3031852	MQ
MFD01872.bin.2.89	4497236	MQ
MFD01872.bin.2.90	9762114	MQ
MFD01872.bin.2.91	6140859	MQ
MFD01872.bin.2.93	4091832	MQ
MFD01872.bin.2.95	2698829	MQ
MFD01872.bin.2.96	2288617	MQ
MFD01872.bin.2.99	2925120	MQ
MFD01872.bin.3.105	3189674	MQ
MFD01872.bin.3.107	2828526	MQ
MFD01872.bin.3.137	4876661	MQ
MFD01872.bin.3.152	4880054	MQ
MFD01872.bin.3.159	3871170	MQ
MFD01872.bin.3.161	4737006	MQ
MFD01872.bin.3.174	5302311	MQ
MFD01872.bin.3.201	3256972	MQ
MFD01872.bin.3.361	6506763	MQ
MFD01872.bin.3.367	3594315	MQ
MFD01872.bin.3.371	3021898	MQ
MFD01872.bin.3.390	6465035	MQ
MFD01872.bin.3.400	3937777	MQ
MFD01872.bin.3.403	2858327	MQ
MFD01872.bin.3.509	4103328	MQ
MFD01872.bin.3.534	5278340	MQ
MFD01872.bin.3.55	6632356	MQ
MFD01872.bin.3.56	3873113	MQ
MFD01872.bin.4.195	2720566	MQ
MFD01872.bin.4.464	3602612	MQ
MFD01916.bin.1.134	4536519	MQ
MFD01916.bin.1.29	5432436	MQ
MFD01916.bin.2.105	8169065	MQ
MFD01916.bin.2.108	4719890	MQ
MFD01916.bin.2.112	5430801	MQ
MFD01916.bin.2.116	4180449	MQ
MFD01916.bin.2.121	4264415	MQ
MFD01916.bin.2.123	3729713	MQ
MFD01916.bin.2.127	2815079	MQ
MFD01916.bin.2.128	4482687	MQ
MFD01916.bin.2.139	3377886	MQ
MFD01916.bin.2.14	3720000	MQ
MFD01916.bin.2.140	3113789	MQ
MFD01916.bin.2.143	3951139	MQ
MFD01916.bin.2.20	4582874	MQ
MFD01916.bin.2.21	3197783	MQ
MFD01916.bin.2.23	5861826	MQ
MFD01916.bin.2.24	3760515	MQ
MFD01916.bin.2.25	6432730	MQ
MFD01916.bin.2.34	4846214	MQ
MFD01916.bin.2.40	2946829	MQ
MFD01916.bin.2.45	4109378	MQ
MFD01916.bin.2.56	4450353	MQ
MFD01916.bin.2.57	4021055	MQ
MFD01916.bin.2.61	4188900	MQ
MFD01916.bin.2.63	4730890	MQ
MFD01916.bin.2.64	6230876	MQ
MFD01916.bin.2.65	4823742	MQ
MFD01916.bin.2.7	4910460	MQ
MFD01916.bin.2.71	4557373	MQ
MFD01916.bin.2.72	4705489	MQ
MFD01916.bin.2.77	2262229	MQ
MFD01916.bin.2.84	5230343	MQ
MFD01916.bin.2.85	2670696	MQ
MFD01916.bin.2.86	4134950	MQ
MFD01916.bin.2.96	6875778	MQ
MFD01916.bin.3.1	5217447	MQ
MFD01916.bin.3.111	3180608	MQ
MFD01916.bin.3.112	8930269	MQ
MFD01916.bin.3.131	4364461	MQ
MFD01916.bin.3.183	3636786	MQ
MFD01916.bin.3.242	4160460	MQ
MFD01916.bin.3.285	2415940	MQ
MFD01916.bin.3.39	11260833	MQ
MFD01916.bin.3.63	7602535	MQ
MFD01916.bin.3.73	3986167	MQ
MFD01916.bin.3.84	7064430	MQ
MFD01916.bin.4.248	6114297	MQ
MFD01916.bin.4.283	4606520	MQ
MFD02134.bin.1.167	5393025	MQ
MFD02134.bin.1.189	6562455	MQ
MFD02134.bin.1.196	4142545	MQ
MFD02134.bin.1.290	5378701	MQ
MFD02134.bin.1.43	3345081	MQ
MFD02134.bin.1.51	3876156	MQ
MFD02134.bin.1.66	6174440	MQ
MFD02134.bin.1.73	5241885	MQ
MFD02134.bin.1.8	5883697	MQ
MFD02134.bin.1.97	4220421	MQ
MFD02134.bin.2.1	4357418	MQ
MFD02134.bin.2.10	3292461	MQ
MFD02134.bin.2.101	3010830	MQ
MFD02134.bin.2.105	3957144	MQ
MFD02134.bin.2.107	2812405	MQ
MFD02134.bin.2.11	3126289	MQ
MFD02134.bin.2.121	2993866	MQ
MFD02134.bin.2.124	3523296	MQ
MFD02134.bin.2.129	2537969	MQ
MFD02134.bin.2.130	3915986	MQ
MFD02134.bin.2.133	2729311	MQ
MFD02134.bin.2.135	6160567	MQ
MFD02134.bin.2.136	2855443	MQ
MFD02134.bin.2.137	3257577	MQ
MFD02134.bin.2.139	4192959	MQ
MFD02134.bin.2.140	5655038	MQ
MFD02134.bin.2.142	2881499	MQ
MFD02134.bin.2.143	3781483	MQ
MFD02134.bin.2.146	6856785	MQ
MFD02134.bin.2.148	4312850	MQ
MFD02134.bin.2.15	4205002	MQ
MFD02134.bin.2.154	4945906	MQ
MFD02134.bin.2.158	3313310	MQ
MFD02134.bin.2.16	3285538	MQ
MFD02134.bin.2.160	3520094	MQ
MFD02134.bin.2.163	5856875	MQ
MFD02134.bin.2.164	3302954	MQ
MFD02134.bin.2.165	3861093	MQ
MFD02134.bin.2.166	2644415	MQ
MFD02134.bin.2.168	3967501	MQ
MFD02134.bin.2.169	4411183	MQ
MFD02134.bin.2.170	4248488	MQ
MFD02134.bin.2.171	7838957	MQ
MFD02134.bin.2.172	4573524	MQ
MFD02134.bin.2.173	4722745	MQ
MFD02134.bin.2.174	3526859	MQ
MFD02134.bin.2.175	4208904	MQ
MFD02134.bin.2.176	5135619	MQ
MFD02134.bin.2.177	4246620	MQ
MFD02134.bin.2.180	3658234	MQ
MFD02134.bin.2.181	2838296	MQ
MFD02134.bin.2.182	2703857	MQ
MFD02134.bin.2.183	5156421	MQ
MFD02134.bin.2.192	7597171	MQ
MFD02134.bin.2.198	3881625	MQ
MFD02134.bin.2.2	3301890	MQ
MFD02134.bin.2.20	3556678	MQ
MFD02134.bin.2.200	3522716	MQ
MFD02134.bin.2.203	7784197	MQ
MFD02134.bin.2.204	4244886	MQ
MFD02134.bin.2.205	4502003	MQ
MFD02134.bin.2.208	3288167	MQ
MFD02134.bin.2.21	4243325	MQ
MFD02134.bin.2.211	2798919	MQ
MFD02134.bin.2.215	3708606	MQ
MFD02134.bin.2.218	3967387	MQ
MFD02134.bin.2.219	8529785	MQ
MFD02134.bin.2.226	3057600	MQ
MFD02134.bin.2.228	4454646	MQ
MFD02134.bin.2.23	2960411	MQ
MFD02134.bin.2.230	3603637	MQ
MFD02134.bin.2.234	3876107	MQ
MFD02134.bin.2.236	5185507	MQ
MFD02134.bin.2.237	3908209	MQ
MFD02134.bin.2.238	3140941	MQ
MFD02134.bin.2.239	3338071	MQ
MFD02134.bin.2.240	3679852	MQ
MFD02134.bin.2.244	6383328	MQ
MFD02134.bin.2.245	3980276	MQ
MFD02134.bin.2.247	3322747	MQ
MFD02134.bin.2.249	5893884	MQ
MFD02134.bin.2.27	4081049	MQ
MFD02134.bin.2.3	3314651	MQ
MFD02134.bin.2.31	2139434	MQ
MFD02134.bin.2.36	3909265	MQ
MFD02134.bin.2.41	3992531	MQ
MFD02134.bin.2.46	1523019	MQ
MFD02134.bin.2.47	1958615	MQ
MFD02134.bin.2.48	5835111	MQ
MFD02134.bin.2.49	4252697	MQ
MFD02134.bin.2.51	6855525	MQ
MFD02134.bin.2.52	2516880	MQ
MFD02134.bin.2.55	4312239	MQ
MFD02134.bin.2.56	4381455	MQ
MFD02134.bin.2.57	2312797	MQ
MFD02134.bin.2.59	4042012	MQ
MFD02134.bin.2.61	3969186	MQ
MFD02134.bin.2.62	2497879	MQ
MFD02134.bin.2.64	5213497	MQ
MFD02134.bin.2.65	6795104	MQ
MFD02134.bin.2.66	2276512	MQ
MFD02134.bin.2.7	2495111	MQ
MFD02134.bin.2.72	7461156	MQ
MFD02134.bin.2.74	3819947	MQ
MFD02134.bin.2.75	5364214	MQ
MFD02134.bin.2.78	2602057	MQ
MFD02134.bin.2.8	3432548	MQ
MFD02134.bin.2.85	3651318	MQ
MFD02134.bin.2.86	3140961	MQ
MFD02134.bin.2.91	3876148	MQ
MFD02134.bin.3.124	2477875	MQ
MFD02134.bin.3.167	3053846	MQ
MFD02134.bin.3.220	3984823	MQ
MFD02134.bin.3.227	2466131	MQ
MFD02134.bin.3.237	3998259	MQ
MFD02134.bin.3.246	5537087	MQ
MFD02134.bin.3.290	5973888	MQ
MFD02134.bin.3.344	2890641	MQ
MFD02134.bin.3.392	7107930	MQ
MFD02134.bin.3.395	2510068	MQ
MFD02134.bin.3.423	7034792	MQ
MFD02134.bin.3.444	3503836	MQ
MFD02134.bin.3.455	3492234	MQ
MFD02134.bin.3.466	3611270	MQ
MFD02134.bin.3.468	7298863	MQ
MFD02134.bin.3.506	2830872	MQ
MFD02134.bin.3.61	3594677	MQ
MFD02134.bin.3.67	2360695	MQ
MFD02134.bin.4.390	4185733	MQ
MFD02134.bin.4.466	4875418	MQ
MFD02138.bin.1.79	741103	MQ
MFD02138.bin.2.11	4057801	MQ
MFD02138.bin.2.13	4160286	MQ
MFD02138.bin.2.17	4921305	MQ
MFD02138.bin.2.26	4669245	MQ
MFD02138.bin.2.27	6013939	MQ
MFD02138.bin.2.32	3368624	MQ
MFD02138.bin.2.35	2646813	MQ
MFD02138.bin.2.38	3499042	MQ
MFD02138.bin.2.39	4764218	MQ
MFD02138.bin.2.41	7069355	MQ
MFD02138.bin.2.43	2615732	MQ
MFD02138.bin.2.47	2741384	MQ
MFD02138.bin.2.50	3529795	MQ
MFD02138.bin.2.53	2890146	MQ
MFD02138.bin.2.64	4085612	MQ
MFD02138.bin.2.69	6652909	MQ
MFD02138.bin.2.7	5422723	MQ
MFD02138.bin.2.76	6190823	MQ
MFD02138.bin.2.79	4729155	MQ
MFD02138.bin.2.9	6949975	MQ
MFD02138.bin.3.156	4500945	MQ
MFD02138.bin.3.161	2747854	MQ
MFD02138.bin.3.21	859657	MQ
MFD02138.bin.3.55	2685116	MQ
MFD02138.bin.3.60	922454	MQ
MFD02138.bin.3.96	3354373	MQ
MFD02138.bin.4.65	3529467	MQ
MFD02159.bin.2.100	4414801	MQ
MFD02159.bin.2.108	3195474	MQ
MFD02159.bin.2.114	2723825	MQ
MFD02159.bin.2.120	2596320	MQ
MFD02159.bin.2.123	9880869	MQ
MFD02159.bin.2.13	3265079	MQ
MFD02159.bin.2.14	2503563	MQ
MFD02159.bin.2.15	3268208	MQ
MFD02159.bin.2.18	3850225	MQ
MFD02159.bin.2.19	3989814	MQ
MFD02159.bin.2.21	2374701	MQ
MFD02159.bin.2.26	7082338	MQ
MFD02159.bin.2.38	3514456	MQ
MFD02159.bin.2.51	4839170	MQ
MFD02159.bin.2.53	5508856	MQ
MFD02159.bin.2.55	6885698	MQ
MFD02159.bin.2.56	4229179	MQ
MFD02159.bin.2.65	3303743	MQ
MFD02159.bin.2.67	3847181	MQ
MFD02159.bin.2.70	3328365	MQ
MFD02159.bin.2.77	3984620	MQ
MFD02159.bin.2.82	4777152	MQ
MFD02159.bin.2.83	2385682	MQ
MFD02159.bin.2.84	4082761	MQ
MFD02159.bin.2.86	2691263	MQ
MFD02159.bin.2.87	5773870	MQ
MFD02159.bin.2.88	1916748	MQ
MFD02159.bin.2.9	3034558	MQ
MFD02159.bin.2.90	4865145	MQ
MFD02159.bin.2.92	4317511	MQ
MFD02159.bin.3.105	3184741	MQ
MFD02159.bin.3.13	2167476	MQ
MFD02159.bin.3.28	5587705	MQ
MFD02159.bin.3.30	2571813	MQ
MFD02159.bin.3.67	5718865	MQ
MFD02159.bin.3.7	6499600	MQ
MFD02159.bin.3.86	2876764	MQ
MFD02199.bin.1.5	6588777	MQ
MFD02199.bin.1.90	4665059	MQ
MFD02199.bin.2.108	4989442	MQ
MFD02199.bin.2.111	4983730	MQ
MFD02199.bin.2.112	3841562	MQ
MFD02199.bin.2.118	3277530	MQ
MFD02199.bin.2.12	2669713	MQ
MFD02199.bin.2.120	3984116	MQ
MFD02199.bin.2.125	7589250	MQ
MFD02199.bin.2.126	4265302	MQ
MFD02199.bin.2.130	3942834	MQ
MFD02199.bin.2.138	2957294	MQ
MFD02199.bin.2.143	6388312	MQ
MFD02199.bin.2.144	3351129	MQ
MFD02199.bin.2.145	4391928	MQ
MFD02199.bin.2.148	3542099	MQ
MFD02199.bin.2.15	4636188	MQ
MFD02199.bin.2.150	4836081	MQ
MFD02199.bin.2.156	4442008	MQ
MFD02199.bin.2.159	4213640	MQ
MFD02199.bin.2.160	3831046	MQ
MFD02199.bin.2.161	3699294	MQ
MFD02199.bin.2.162	3192642	MQ
MFD02199.bin.2.168	3689467	MQ
MFD02199.bin.2.170	3676462	MQ
MFD02199.bin.2.179	2955866	MQ
MFD02199.bin.2.180	4332923	MQ
MFD02199.bin.2.181	4452364	MQ
MFD02199.bin.2.182	3630290	MQ
MFD02199.bin.2.184	6842755	MQ
MFD02199.bin.2.186	3307434	MQ
MFD02199.bin.2.187	3923700	MQ
MFD02199.bin.2.193	2897424	MQ
MFD02199.bin.2.199	3378512	MQ
MFD02199.bin.2.201	4380836	MQ
MFD02199.bin.2.202	6272305	MQ
MFD02199.bin.2.23	6254503	MQ
MFD02199.bin.2.35	7303999	MQ
MFD02199.bin.2.44	2106582	MQ
MFD02199.bin.2.45	2826435	MQ
MFD02199.bin.2.47	6259810	MQ
MFD02199.bin.2.48	7006075	MQ
MFD02199.bin.2.49	3492075	MQ
MFD02199.bin.2.5	3840919	MQ
MFD02199.bin.2.50	4064496	MQ
MFD02199.bin.2.54	3340256	MQ
MFD02199.bin.2.63	3855436	MQ
MFD02199.bin.2.64	4352670	MQ
MFD02199.bin.2.7	4322314	MQ
MFD02199.bin.2.70	8065720	MQ
MFD02199.bin.2.72	3171873	MQ
MFD02199.bin.2.74	3840373	MQ
MFD02199.bin.2.75	2819881	MQ
MFD02199.bin.2.77	4589298	MQ
MFD02199.bin.2.8	4517220	MQ
MFD02199.bin.2.82	4470384	MQ
MFD02199.bin.2.91	2701007	MQ
MFD02199.bin.2.95	2516418	MQ
MFD02199.bin.3.10	5310823	MQ
MFD02199.bin.3.183	2524370	MQ
MFD02199.bin.3.261	5180953	MQ
MFD02199.bin.3.29	3510478	MQ
MFD02199.bin.3.43	2502700	MQ
MFD02199.bin.3.44	4690100	MQ
MFD02199.bin.3.67	3521135	MQ
MFD02199.bin.4.22	7172289	MQ
MFD02242.bin.1.228	6543751	MQ
MFD02242.bin.1.73	3426958	MQ
MFD02242.bin.2.1	3242811	MQ
MFD02242.bin.2.100	4164422	MQ
MFD02242.bin.2.102	2922891	MQ
MFD02242.bin.2.104	5289410	MQ
MFD02242.bin.2.105	3883914	MQ
MFD02242.bin.2.106	5581741	MQ
MFD02242.bin.2.108	3736429	MQ
MFD02242.bin.2.109	4811287	MQ
MFD02242.bin.2.110	5814066	MQ
MFD02242.bin.2.111	6517751	MQ
MFD02242.bin.2.113	3436149	MQ
MFD02242.bin.2.115	4515816	MQ
MFD02242.bin.2.116	2138731	MQ
MFD02242.bin.2.119	2375675	MQ
MFD02242.bin.2.120	2811530	MQ
MFD02242.bin.2.124	2954092	MQ
MFD02242.bin.2.125	3609460	MQ
MFD02242.bin.2.132	2093555	MQ
MFD02242.bin.2.142	4469428	MQ
MFD02242.bin.2.15	4323478	MQ
MFD02242.bin.2.152	4083342	MQ
MFD02242.bin.2.157	2139929	MQ
MFD02242.bin.2.16	7256909	MQ
MFD02242.bin.2.167	3760062	MQ
MFD02242.bin.2.184	3411545	MQ
MFD02242.bin.2.192	3417190	MQ
MFD02242.bin.2.195	3518552	MQ
MFD02242.bin.2.2	3404274	MQ
MFD02242.bin.2.21	2524857	MQ
MFD02242.bin.2.210	3455793	MQ
MFD02242.bin.2.212	2742700	MQ
MFD02242.bin.2.214	2551297	MQ
MFD02242.bin.2.217	3161544	MQ
MFD02242.bin.2.219	4421914	MQ
MFD02242.bin.2.222	3008272	MQ
MFD02242.bin.2.223	3275334	MQ
MFD02242.bin.2.224	3774740	MQ
MFD02242.bin.2.225	3190082	MQ
MFD02242.bin.2.227	3254261	MQ
MFD02242.bin.2.228	2230636	MQ
MFD02242.bin.2.229	4694110	MQ
MFD02242.bin.2.233	2544595	MQ
MFD02242.bin.2.239	3265942	MQ
MFD02242.bin.2.242	5073832	MQ
MFD02242.bin.2.244	1997561	MQ
MFD02242.bin.2.245	4539523	MQ
MFD02242.bin.2.247	3216664	MQ
MFD02242.bin.2.248	4530117	MQ
MFD02242.bin.2.250	2428420	MQ
MFD02242.bin.2.251	5144564	MQ
MFD02242.bin.2.255	2818323	MQ
MFD02242.bin.2.257	6791586	MQ
MFD02242.bin.2.259	4805348	MQ
MFD02242.bin.2.262	3359954	MQ
MFD02242.bin.2.265	2264144	MQ
MFD02242.bin.2.266	6590228	MQ
MFD02242.bin.2.27	4206591	MQ
MFD02242.bin.2.271	3751707	MQ
MFD02242.bin.2.272	7942143	MQ
MFD02242.bin.2.277	2553800	MQ
MFD02242.bin.2.279	5569708	MQ
MFD02242.bin.2.28	6656868	MQ
MFD02242.bin.2.280	3411745	MQ
MFD02242.bin.2.293	3404755	MQ
MFD02242.bin.2.294	2962665	MQ
MFD02242.bin.2.295	7128857	MQ
MFD02242.bin.2.296	3443614	MQ
MFD02242.bin.2.3	5943060	MQ
MFD02242.bin.2.300	2911282	MQ
MFD02242.bin.2.301	5899279	MQ
MFD02242.bin.2.304	3811700	MQ
MFD02242.bin.2.305	4398518	MQ
MFD02242.bin.2.306	1804887	MQ
MFD02242.bin.2.31	5666471	MQ
MFD02242.bin.2.310	2191444	MQ
MFD02242.bin.2.312	3226643	MQ
MFD02242.bin.2.314	4187317	MQ
MFD02242.bin.2.315	4104690	MQ
MFD02242.bin.2.316	2723784	MQ
MFD02242.bin.2.318	2730959	MQ
MFD02242.bin.2.32	3944760	MQ
MFD02242.bin.2.321	2708503	MQ
MFD02242.bin.2.325	2997740	MQ
MFD02242.bin.2.34	6773251	MQ
MFD02242.bin.2.35	2633890	MQ
MFD02242.bin.2.37	3882546	MQ
MFD02242.bin.2.39	6329642	MQ
MFD02242.bin.2.43	4759465	MQ
MFD02242.bin.2.45	3038609	MQ
MFD02242.bin.2.52	3789572	MQ
MFD02242.bin.2.56	3020563	MQ
MFD02242.bin.2.58	3863829	MQ
MFD02242.bin.2.61	2103760	MQ
MFD02242.bin.2.62	2638422	MQ
MFD02242.bin.2.64	7820696	MQ
MFD02242.bin.2.66	3786266	MQ
MFD02242.bin.2.68	5952481	MQ
MFD02242.bin.2.7	7197692	MQ
MFD02242.bin.2.73	6244856	MQ
MFD02242.bin.2.74	3354807	MQ
MFD02242.bin.2.75	3738649	MQ
MFD02242.bin.2.77	3192912	MQ
MFD02242.bin.2.78	3213724	MQ
MFD02242.bin.2.79	5207276	MQ
MFD02242.bin.2.8	2355740	MQ
MFD02242.bin.2.81	3218465	MQ
MFD02242.bin.2.82	2913710	MQ
MFD02242.bin.2.83	4802889	MQ
MFD02242.bin.2.84	8771733	MQ
MFD02242.bin.2.87	6363060	MQ
MFD02242.bin.2.88	1958897	MQ
MFD02242.bin.2.89	2816595	MQ
MFD02242.bin.2.9	5834845	MQ
MFD02242.bin.2.90	3348803	MQ
MFD02242.bin.2.91	2290863	MQ
MFD02242.bin.2.92	2742983	MQ
MFD02242.bin.2.95	2479628	MQ
MFD02242.bin.2.97	2664743	MQ
MFD02242.bin.2.98	2935275	MQ
MFD02242.bin.2.99	5499436	MQ
MFD02242.bin.3.1	6868097	MQ
MFD02242.bin.3.107	2688185	MQ
MFD02242.bin.3.158	5133144	MQ
MFD02242.bin.3.162	3818893	MQ
MFD02242.bin.3.262	4422798	MQ
MFD02242.bin.3.280	2787200	MQ
MFD02242.bin.3.326	7872472	MQ
MFD02242.bin.3.346	2152389	MQ
MFD02242.bin.3.433	4222773	MQ
MFD02242.bin.3.575	3654052	MQ
MFD02242.bin.3.634	5648091	MQ
MFD02242.bin.3.645	1918430	MQ
MFD02242.bin.3.77	3934510	MQ
MFD02242.bin.4.372	5113719	MQ
MFD02248.bin.1.173	6184444	MQ
MFD02248.bin.1.206	2887780	MQ
MFD02248.bin.1.29	4766987	MQ
MFD02248.bin.2.1	3687937	MQ
MFD02248.bin.2.100	6914149	MQ
MFD02248.bin.2.101	6106815	MQ
MFD02248.bin.2.102	5361451	MQ
MFD02248.bin.2.105	2374560	MQ
MFD02248.bin.2.106	3872571	MQ
MFD02248.bin.2.108	2994788	MQ
MFD02248.bin.2.114	3851186	MQ
MFD02248.bin.2.115	6051074	MQ
MFD02248.bin.2.116	9339022	MQ
MFD02248.bin.2.119	4876643	MQ
MFD02248.bin.2.12	7928808	MQ
MFD02248.bin.2.120	3598202	MQ
MFD02248.bin.2.123	5895068	MQ
MFD02248.bin.2.125	3166271	MQ
MFD02248.bin.2.126	3484399	MQ
MFD02248.bin.2.128	8140554	MQ
MFD02248.bin.2.130	5380542	MQ
MFD02248.bin.2.133	4647436	MQ
MFD02248.bin.2.136	13695339	MQ
MFD02248.bin.2.138	1866193	MQ
MFD02248.bin.2.139	2844058	MQ
MFD02248.bin.2.141	4347329	MQ
MFD02248.bin.2.19	4738453	MQ
MFD02248.bin.2.20	5213140	MQ
MFD02248.bin.2.22	7969101	MQ
MFD02248.bin.2.23	3169072	MQ
MFD02248.bin.2.24	6252477	MQ
MFD02248.bin.2.31	2890489	MQ
MFD02248.bin.2.4	5710001	MQ
MFD02248.bin.2.43	11151258	MQ
MFD02248.bin.2.5	6403877	MQ
MFD02248.bin.2.6	845775	MQ
MFD02248.bin.2.61	5421201	MQ
MFD02248.bin.2.62	4350186	MQ
MFD02248.bin.2.64	13719380	MQ
MFD02248.bin.2.8	7816872	MQ
MFD02248.bin.2.83	4952062	MQ
MFD02248.bin.2.85	4330406	MQ
MFD02248.bin.2.87	9510550	MQ
MFD02248.bin.2.88	6548960	MQ
MFD02248.bin.2.89	8464776	MQ
MFD02248.bin.2.90	3513357	MQ
MFD02248.bin.2.91	5332920	MQ
MFD02248.bin.2.92	1417897	MQ
MFD02248.bin.2.94	4190646	MQ
MFD02248.bin.3.127	7672122	MQ
MFD02248.bin.3.14	3569066	MQ
MFD02248.bin.3.162	4641840	MQ
MFD02248.bin.3.260	10833627	MQ
MFD02248.bin.3.276	2812477	MQ
MFD02248.bin.3.31	10490493	MQ
MFD02248.bin.3.34	4934699	MQ
MFD02248.bin.3.63	2916830	MQ
MFD02248.bin.4.147	6390581	MQ
MFD02360.bin.1.245	3152941	MQ
MFD02360.bin.2.1	2568485	MQ
MFD02360.bin.2.102	3180306	MQ
MFD02360.bin.2.135	7503162	MQ
MFD02360.bin.2.139	3148844	MQ
MFD02360.bin.2.141	3293613	MQ
MFD02360.bin.2.145	4452232	MQ
MFD02360.bin.2.146	6581560	MQ
MFD02360.bin.2.148	2717930	MQ
MFD02360.bin.2.153	2660162	MQ
MFD02360.bin.2.166	3527749	MQ
MFD02360.bin.2.170	3427678	MQ
MFD02360.bin.2.177	3175750	MQ
MFD02360.bin.2.180	2150753	MQ
MFD02360.bin.2.183	6056629	MQ
MFD02360.bin.2.184	6395169	MQ
MFD02360.bin.2.187	3018786	MQ
MFD02360.bin.2.189	3704258	MQ
MFD02360.bin.2.192	5767669	MQ
MFD02360.bin.2.2	7054434	MQ
MFD02360.bin.2.202	5704295	MQ
MFD02360.bin.2.207	3611345	MQ
MFD02360.bin.2.208	2588976	MQ
MFD02360.bin.2.213	3378972	MQ
MFD02360.bin.2.22	2858830	MQ
MFD02360.bin.2.234	2858297	MQ
MFD02360.bin.2.240	5733486	MQ
MFD02360.bin.2.265	4726609	MQ
MFD02360.bin.2.266	4958407	MQ
MFD02360.bin.2.267	2517584	MQ
MFD02360.bin.2.279	3880876	MQ
MFD02360.bin.2.280	3696488	MQ
MFD02360.bin.2.285	3255916	MQ
MFD02360.bin.2.291	3521973	MQ
MFD02360.bin.2.295	3242907	MQ
MFD02360.bin.2.30	5356647	MQ
MFD02360.bin.2.33	3995153	MQ
MFD02360.bin.2.34	5491823	MQ
MFD02360.bin.2.39	2496176	MQ
MFD02360.bin.2.44	2566600	MQ
MFD02360.bin.2.47	2571933	MQ
MFD02360.bin.2.54	3162742	MQ
MFD02360.bin.2.56	2204455	MQ
MFD02360.bin.2.57	3890700	MQ
MFD02360.bin.2.58	3992868	MQ
MFD02360.bin.2.59	2272146	MQ
MFD02360.bin.2.6	4081837	MQ
MFD02360.bin.2.66	2597987	MQ
MFD02360.bin.2.68	2365368	MQ
MFD02360.bin.2.70	2664291	MQ
MFD02360.bin.2.71	1238479	MQ
MFD02360.bin.2.75	2948494	MQ
MFD02360.bin.2.76	3857938	MQ
MFD02360.bin.2.82	2711870	MQ
MFD02360.bin.2.83	3725755	MQ
MFD02360.bin.2.86	1654341	MQ
MFD02360.bin.2.87	2483173	MQ
MFD02360.bin.2.88	3286492	MQ
MFD02360.bin.2.89	3216329	MQ
MFD02360.bin.2.9	3972414	MQ
MFD02360.bin.2.90	2736625	MQ
MFD02360.bin.2.92	2514898	MQ
MFD02360.bin.3.157	2793894	MQ
MFD02360.bin.3.191	5243942	MQ
MFD02360.bin.3.220	3581071	MQ
MFD02360.bin.3.230	3163715	MQ
MFD02360.bin.3.289	1431506	MQ
MFD02360.bin.3.315	5101340	MQ
MFD02360.bin.3.318	2847894	MQ
MFD02360.bin.3.349	2792344	MQ
MFD02360.bin.3.432	3565074	MQ
MFD02360.bin.3.51	3370969	MQ
MFD02360.bin.3.536	2482535	MQ
MFD02360.bin.3.583	3300915	MQ
MFD02360.bin.4.232	4687197	MQ
MFD02360.bin.4.563	3645924	MQ
MFD02416.bin.1.146	3347534	MQ
MFD02416.bin.1.171	3577658	MQ
MFD02416.bin.1.237	4126161	MQ
MFD02416.bin.1.273	5061975	MQ
MFD02416.bin.1.304	3893087	MQ
MFD02416.bin.1.320	4799013	MQ
MFD02416.bin.1.330	5364596	MQ
MFD02416.bin.1.340	4493106	MQ
MFD02416.bin.1.385	4424152	MQ
MFD02416.bin.1.75	3562944	MQ
MFD02416.bin.2.10	4417872	MQ
MFD02416.bin.2.101	4184680	MQ
MFD02416.bin.2.102	3945513	MQ
MFD02416.bin.2.103	4049287	MQ
MFD02416.bin.2.106	3854782	MQ
MFD02416.bin.2.107	5398445	MQ
MFD02416.bin.2.109	5568924	MQ
MFD02416.bin.2.110	4106051	MQ
MFD02416.bin.2.111	6025652	MQ
MFD02416.bin.2.113	3867712	MQ
MFD02416.bin.2.117	3764508	MQ
MFD02416.bin.2.12	6332961	MQ
MFD02416.bin.2.120	2292055	MQ
MFD02416.bin.2.121	3719166	MQ
MFD02416.bin.2.122	5095484	MQ
MFD02416.bin.2.123	2603580	MQ
MFD02416.bin.2.124	3015353	MQ
MFD02416.bin.2.126	2329032	MQ
MFD02416.bin.2.127	3037082	MQ
MFD02416.bin.2.129	3559706	MQ
MFD02416.bin.2.130	3128990	MQ
MFD02416.bin.2.131	7761333	MQ
MFD02416.bin.2.133	4702471	MQ
MFD02416.bin.2.138	3143626	MQ
MFD02416.bin.2.144	4222005	MQ
MFD02416.bin.2.152	4155037	MQ
MFD02416.bin.2.153	3890542	MQ
MFD02416.bin.2.156	4355221	MQ
MFD02416.bin.2.159	3669645	MQ
MFD02416.bin.2.160	5413828	MQ
MFD02416.bin.2.164	3983501	MQ
MFD02416.bin.2.165	3034235	MQ
MFD02416.bin.2.167	2648741	MQ
MFD02416.bin.2.168	3487505	MQ
MFD02416.bin.2.169	4278695	MQ
MFD02416.bin.2.17	2382203	MQ
MFD02416.bin.2.171	5493861	MQ
MFD02416.bin.2.174	4676025	MQ
MFD02416.bin.2.175	3884790	MQ
MFD02416.bin.2.176	6112957	MQ
MFD02416.bin.2.177	3665488	MQ
MFD02416.bin.2.178	4635951	MQ
MFD02416.bin.2.180	3172713	MQ
MFD02416.bin.2.181	3355132	MQ
MFD02416.bin.2.183	2496542	MQ
MFD02416.bin.2.186	2974237	MQ
MFD02416.bin.2.187	7450015	MQ
MFD02416.bin.2.188	5763066	MQ
MFD02416.bin.2.19	5586381	MQ
MFD02416.bin.2.191	7641066	MQ
MFD02416.bin.2.193	5539582	MQ
MFD02416.bin.2.194	6028009	MQ
MFD02416.bin.2.197	7527693	MQ
MFD02416.bin.2.198	4834169	MQ
MFD02416.bin.2.199	3423984	MQ
MFD02416.bin.2.200	1444213	MQ
MFD02416.bin.2.203	6866019	MQ
MFD02416.bin.2.204	2731819	MQ
MFD02416.bin.2.207	4055327	MQ
MFD02416.bin.2.208	2616814	MQ
MFD02416.bin.2.210	2609308	MQ
MFD02416.bin.2.211	9628235	MQ
MFD02416.bin.2.212	4538213	MQ
MFD02416.bin.2.216	4906445	MQ
MFD02416.bin.2.218	5190960	MQ
MFD02416.bin.2.219	5239025	MQ
MFD02416.bin.2.220	4661814	MQ
MFD02416.bin.2.222	5485322	MQ
MFD02416.bin.2.223	3234796	MQ
MFD02416.bin.2.227	4246589	MQ
MFD02416.bin.2.228	5347463	MQ
MFD02416.bin.2.229	3946047	MQ
MFD02416.bin.2.231	4357173	MQ
MFD02416.bin.2.232	5280314	MQ
MFD02416.bin.2.233	3964600	MQ
MFD02416.bin.2.238	5069518	MQ
MFD02416.bin.2.241	3206386	MQ
MFD02416.bin.2.242	7204348	MQ
MFD02416.bin.2.244	3981993	MQ
MFD02416.bin.2.246	5099674	MQ
MFD02416.bin.2.247	3148423	MQ
MFD02416.bin.2.248	3525385	MQ
MFD02416.bin.2.249	2429525	MQ
MFD02416.bin.2.25	5939580	MQ
MFD02416.bin.2.250	3901875	MQ
MFD02416.bin.2.251	4685550	MQ
MFD02416.bin.2.253	1989124	MQ
MFD02416.bin.2.254	6195968	MQ
MFD02416.bin.2.256	5464239	MQ
MFD02416.bin.2.258	3953545	MQ
MFD02416.bin.2.259	4341178	MQ
MFD02416.bin.2.26	3326502	MQ
MFD02416.bin.2.262	4510558	MQ
MFD02416.bin.2.265	3622970	MQ
MFD02416.bin.2.267	3543219	MQ
MFD02416.bin.2.27	5533044	MQ
MFD02416.bin.2.29	4200340	MQ
MFD02416.bin.2.31	3252988	MQ
MFD02416.bin.2.32	4907366	MQ
MFD02416.bin.2.38	6112122	MQ
MFD02416.bin.2.39	3293756	MQ
MFD02416.bin.2.4	4927675	MQ
MFD02416.bin.2.40	5858973	MQ
MFD02416.bin.2.42	5367027	MQ
MFD02416.bin.2.43	4543522	MQ
MFD02416.bin.2.48	3982570	MQ
MFD02416.bin.2.50	3371183	MQ
MFD02416.bin.2.53	3966712	MQ
MFD02416.bin.2.54	5690735	MQ
MFD02416.bin.2.55	2668228	MQ
MFD02416.bin.2.58	4536767	MQ
MFD02416.bin.2.59	3473564	MQ
MFD02416.bin.2.6	5559872	MQ
MFD02416.bin.2.60	2169743	MQ
MFD02416.bin.2.61	5521142	MQ
MFD02416.bin.2.62	3876304	MQ
MFD02416.bin.2.63	2730673	MQ
MFD02416.bin.2.64	6637855	MQ
MFD02416.bin.2.65	3938660	MQ
MFD02416.bin.2.66	3325126	MQ
MFD02416.bin.2.67	2858963	MQ
MFD02416.bin.2.68	5841846	MQ
MFD02416.bin.2.71	3905525	MQ
MFD02416.bin.2.75	3913299	MQ
MFD02416.bin.2.77	3602734	MQ
MFD02416.bin.2.78	2572537	MQ
MFD02416.bin.2.80	4967298	MQ
MFD02416.bin.2.81	4971575	MQ
MFD02416.bin.2.82	4315618	MQ
MFD02416.bin.2.84	3974136	MQ
MFD02416.bin.2.86	3194525	MQ
MFD02416.bin.2.87	5080757	MQ
MFD02416.bin.2.88	4830243	MQ
MFD02416.bin.2.89	5034430	MQ
MFD02416.bin.2.9	3709017	MQ
MFD02416.bin.2.90	4850835	MQ
MFD02416.bin.2.91	4184207	MQ
MFD02416.bin.2.92	5926959	MQ
MFD02416.bin.2.93	2081137	MQ
MFD02416.bin.2.95	3261812	MQ
MFD02416.bin.2.96	3986906	MQ
MFD02416.bin.3.135	3247611	MQ
MFD02416.bin.3.166	4076965	MQ
MFD02416.bin.3.171	4821928	MQ
MFD02416.bin.3.208	3701203	MQ
MFD02416.bin.3.229	2723219	MQ
MFD02416.bin.3.235	3182296	MQ
MFD02416.bin.3.32	2746649	MQ
MFD02416.bin.3.337	4846893	MQ
MFD02416.bin.3.343	7050392	MQ
MFD02416.bin.3.344	5643830	MQ
MFD02416.bin.3.349	6233218	MQ
MFD02416.bin.3.361	3663925	MQ
MFD02416.bin.3.381	1896163	MQ
MFD02416.bin.3.64	3853859	MQ
MFD02416.bin.3.66	3474883	MQ
MFD02416.bin.3.87	4652874	MQ
MFD02416.bin.4.153	3821300	MQ
MFD02416.bin.4.367	3596917	MQ
MFD02416.bin.4.497	2106431	MQ
MFD02416.bin.4.66	3689311	MQ
MFD02472.bin.2.10	4347527	MQ
MFD02472.bin.2.20	3969698	MQ
MFD02472.bin.2.25	4485486	MQ
MFD02472.bin.2.26	3477594	MQ
MFD02472.bin.2.29	3255152	MQ
MFD02472.bin.2.33	3338033	MQ
MFD02472.bin.2.57	2789048	MQ
MFD02472.bin.2.58	4223924	MQ
MFD02472.bin.2.73	5398215	MQ
MFD02472.bin.2.9	5821469	MQ
MFD02472.bin.3.114	3694523	MQ
MFD02472.bin.3.206	1980157	MQ
MFD02472.bin.3.240	3083132	MQ
MFD02472.bin.3.252	4412864	MQ
MFD02472.bin.3.256	3769638	MQ
MFD02472.bin.3.75	982004	MQ
MFD02579.bin.1.4	6562645	MQ
MFD02579.bin.2.11	4509682	MQ
MFD02579.bin.2.12	4405567	MQ
MFD02579.bin.2.15	6264967	MQ
MFD02579.bin.2.17	1630518	MQ
MFD02579.bin.2.18	5146246	MQ
MFD02579.bin.2.20	4019663	MQ
MFD02579.bin.2.25	5875609	MQ
MFD02579.bin.2.28	7731792	MQ
MFD02579.bin.2.29	9254895	MQ
MFD02579.bin.2.30	3765845	MQ
MFD02579.bin.2.32	5669325	MQ
MFD02579.bin.2.34	2354991	MQ
MFD02579.bin.2.36	12522034	MQ
MFD02579.bin.2.4	6038039	MQ
MFD02579.bin.2.40	9277105	MQ
MFD02579.bin.2.41	4852175	MQ
MFD02579.bin.2.42	5123094	MQ
MFD02579.bin.2.46	8410822	MQ
MFD02579.bin.2.49	4310321	MQ
MFD02579.bin.2.5	3567848	MQ
MFD02579.bin.2.51	4480717	MQ
MFD02579.bin.2.52	6155433	MQ
MFD02579.bin.2.54	6401204	MQ
MFD02579.bin.2.56	6338379	MQ
MFD02579.bin.2.64	3666234	MQ
MFD02579.bin.2.68	7014258	MQ
MFD02579.bin.2.7	6575975	MQ
MFD02579.bin.2.70	3808912	MQ
MFD02579.bin.2.73	15992524	MQ
MFD02579.bin.2.78	3218100	MQ
MFD02579.bin.2.79	3601487	MQ
MFD02579.bin.2.83	15295240	MQ
MFD02579.bin.3.105	4790734	MQ
MFD02579.bin.3.2	6920752	MQ
MFD02579.bin.3.20	5855648	MQ
MFD02579.bin.4.12	3678061	MQ
MFD02581.bin.1.108	4049362	MQ
MFD02581.bin.1.121	4020579	MQ
MFD02581.bin.1.161	4255949	MQ
MFD02581.bin.1.164	3396355	MQ
MFD02581.bin.1.171	3613919	MQ
MFD02581.bin.1.174	3907212	MQ
MFD02581.bin.1.19	2138855	MQ
MFD02581.bin.1.212	4810117	MQ
MFD02581.bin.1.242	3801774	MQ
MFD02581.bin.1.27	2548895	MQ
MFD02581.bin.1.281	3867245	MQ
MFD02581.bin.1.3	2651509	MQ
MFD02581.bin.1.73	2516918	MQ
MFD02581.bin.1.85	3881147	MQ
MFD02581.bin.1.89	3853433	MQ
MFD02581.bin.1.91	4189367	MQ
MFD02581.bin.1.98	4003486	MQ
MFD02581.bin.2.1	4313426	MQ
MFD02581.bin.2.107	5550560	MQ
MFD02581.bin.2.12	4930324	MQ
MFD02581.bin.2.120	3737947	MQ
MFD02581.bin.2.121	4001956	MQ
MFD02581.bin.2.122	4174529	MQ
MFD02581.bin.2.124	3292506	MQ
MFD02581.bin.2.125	3756508	MQ
MFD02581.bin.2.127	3770417	MQ
MFD02581.bin.2.128	5535683	MQ
MFD02581.bin.2.13	1138885	MQ
MFD02581.bin.2.130	4269263	MQ
MFD02581.bin.2.132	4272874	MQ
MFD02581.bin.2.133	4569953	MQ
MFD02581.bin.2.134	3342712	MQ
MFD02581.bin.2.137	4522471	MQ
MFD02581.bin.2.138	2866439	MQ
MFD02581.bin.2.14	3906887	MQ
MFD02581.bin.2.140	8549439	MQ
MFD02581.bin.2.143	3760352	MQ
MFD02581.bin.2.144	3544967	MQ
MFD02581.bin.2.145	2906657	MQ
MFD02581.bin.2.146	3601675	MQ
MFD02581.bin.2.147	6142861	MQ
MFD02581.bin.2.148	3694289	MQ
MFD02581.bin.2.149	4021533	MQ
MFD02581.bin.2.15	2299884	MQ
MFD02581.bin.2.151	3268933	MQ
MFD02581.bin.2.152	4470105	MQ
MFD02581.bin.2.153	3359460	MQ
MFD02581.bin.2.154	4624617	MQ
MFD02581.bin.2.156	4338277	MQ
MFD02581.bin.2.159	3348790	MQ
MFD02581.bin.2.160	4641146	MQ
MFD02581.bin.2.161	3414431	MQ
MFD02581.bin.2.164	4096209	MQ
MFD02581.bin.2.166	3449546	MQ
MFD02581.bin.2.167	3535381	MQ
MFD02581.bin.2.169	4519109	MQ
MFD02581.bin.2.17	2256653	MQ
MFD02581.bin.2.172	5035800	MQ
MFD02581.bin.2.178	3734461	MQ
MFD02581.bin.2.179	5039772	MQ
MFD02581.bin.2.180	2288160	MQ
MFD02581.bin.2.182	4380890	MQ
MFD02581.bin.2.183	3333390	MQ
MFD02581.bin.2.193	3460587	MQ
MFD02581.bin.2.195	5175285	MQ
MFD02581.bin.2.196	2462178	MQ
MFD02581.bin.2.198	3461911	MQ
MFD02581.bin.2.199	2992728	MQ
MFD02581.bin.2.2	4372796	MQ
MFD02581.bin.2.20	5459599	MQ
MFD02581.bin.2.200	3428547	MQ
MFD02581.bin.2.202	4553725	MQ
MFD02581.bin.2.203	2826947	MQ
MFD02581.bin.2.204	4166400	MQ
MFD02581.bin.2.205	3780936	MQ
MFD02581.bin.2.206	2424664	MQ
MFD02581.bin.2.207	3446677	MQ
MFD02581.bin.2.209	3578519	MQ
MFD02581.bin.2.211	3814298	MQ
MFD02581.bin.2.213	4097191	MQ
MFD02581.bin.2.214	4714086	MQ
MFD02581.bin.2.22	4154780	MQ
MFD02581.bin.2.29	4863486	MQ
MFD02581.bin.2.31	2652894	MQ
MFD02581.bin.2.36	4463796	MQ
MFD02581.bin.2.39	2592372	MQ
MFD02581.bin.2.4	4754321	MQ
MFD02581.bin.2.40	3714311	MQ
MFD02581.bin.2.41	3712264	MQ
MFD02581.bin.2.42	2675440	MQ
MFD02581.bin.2.43	3075044	MQ
MFD02581.bin.2.44	2378678	MQ
MFD02581.bin.2.45	3883955	MQ
MFD02581.bin.2.46	4040764	MQ
MFD02581.bin.2.48	5070573	MQ
MFD02581.bin.2.49	6374987	MQ
MFD02581.bin.2.50	4336140	MQ
MFD02581.bin.2.51	3417621	MQ
MFD02581.bin.2.54	3152051	MQ
MFD02581.bin.2.55	4394394	MQ
MFD02581.bin.2.57	4127229	MQ
MFD02581.bin.2.58	3088731	MQ
MFD02581.bin.2.59	3256966	MQ
MFD02581.bin.2.60	3458886	MQ
MFD02581.bin.2.62	4681587	MQ
MFD02581.bin.2.64	5236140	MQ
MFD02581.bin.2.65	3545427	MQ
MFD02581.bin.2.66	3708346	MQ
MFD02581.bin.2.68	4043627	MQ
MFD02581.bin.2.69	4153741	MQ
MFD02581.bin.2.7	3431441	MQ
MFD02581.bin.2.70	3115610	MQ
MFD02581.bin.2.72	3736948	MQ
MFD02581.bin.2.73	4179805	MQ
MFD02581.bin.2.75	3449170	MQ
MFD02581.bin.2.76	3636663	MQ
MFD02581.bin.2.79	3208656	MQ
MFD02581.bin.2.82	3687291	MQ
MFD02581.bin.2.85	2905526	MQ
MFD02581.bin.2.86	3520594	MQ
MFD02581.bin.2.87	3732453	MQ
MFD02581.bin.2.90	2040788	MQ
MFD02581.bin.2.93	3451750	MQ
MFD02581.bin.2.95	2952919	MQ
MFD02581.bin.2.97	2982570	MQ
MFD02581.bin.3.113	2768762	MQ
MFD02581.bin.3.13	3176884	MQ
MFD02581.bin.3.133	8537013	MQ
MFD02581.bin.3.14	4441212	MQ
MFD02581.bin.3.146	3661398	MQ
MFD02581.bin.3.147	3854645	MQ
MFD02581.bin.3.151	3484347	MQ
MFD02581.bin.3.159	3411358	MQ
MFD02581.bin.3.173	4938783	MQ
MFD02581.bin.3.268	3423986	MQ
MFD02581.bin.3.271	2908837	MQ
MFD02581.bin.3.276	3497860	MQ
MFD02581.bin.3.312	4480021	MQ
MFD02581.bin.3.326	3217040	MQ
MFD02581.bin.3.33	3626530	MQ
MFD02581.bin.3.389	3135945	MQ
MFD02581.bin.3.391	4708119	MQ
MFD02581.bin.3.41	3341002	MQ
MFD02581.bin.3.435	4403621	MQ
MFD02581.bin.3.467	3581526	MQ
MFD02581.bin.3.53	2699652	MQ
MFD02581.bin.3.61	3528837	MQ
MFD02581.bin.3.92	3526518	MQ
MFD02581.bin.3.93	2635253	MQ
MFD02671.bin.2.100	3155458	MQ
MFD02671.bin.2.104	5233292	MQ
MFD02671.bin.2.13	6620376	MQ
MFD02671.bin.2.19	6313314	MQ
MFD02671.bin.2.22	3832262	MQ
MFD02671.bin.2.32	6510174	MQ
MFD02671.bin.2.36	6575214	MQ
MFD02671.bin.2.38	6583810	MQ
MFD02671.bin.2.45	9621031	MQ
MFD02671.bin.2.46	4208176	MQ
MFD02671.bin.2.50	3958471	MQ
MFD02671.bin.2.58	9020429	MQ
MFD02671.bin.2.59	3661097	MQ
MFD02671.bin.2.62	3418541	MQ
MFD02671.bin.2.63	4370705	MQ
MFD02671.bin.2.76	8306205	MQ
MFD02671.bin.2.82	7665878	MQ
MFD02671.bin.2.83	3479637	MQ
MFD02671.bin.2.9	5553556	MQ
MFD02671.bin.2.90	4395497	MQ
MFD02671.bin.2.98	11394550	MQ
MFD02671.bin.2.99	3806701	MQ
MFD02671.bin.3.111	4822770	MQ
MFD02671.bin.3.178	3800721	MQ
MFD02671.bin.3.195	3370763	MQ
MFD02671.bin.3.216	2532038	MQ
MFD02671.bin.3.52	9053972	MQ
MFD02671.bin.3.6	4938422	MQ
MFD02809.bin.1.200	4265972	MQ
MFD02809.bin.1.41	3376650	MQ
MFD02809.bin.1.68	3740529	MQ
MFD02809.bin.1.70	3370110	MQ
MFD02809.bin.2.1	3725087	MQ
MFD02809.bin.2.10	3287963	MQ
MFD02809.bin.2.101	2321752	MQ
MFD02809.bin.2.102	3112147	MQ
MFD02809.bin.2.107	3428506	MQ
MFD02809.bin.2.111	2114694	MQ
MFD02809.bin.2.119	3268561	MQ
MFD02809.bin.2.124	2924090	MQ
MFD02809.bin.2.128	3684175	MQ
MFD02809.bin.2.139	5508941	MQ
MFD02809.bin.2.15	3995979	MQ
MFD02809.bin.2.16	3236419	MQ
MFD02809.bin.2.174	3644123	MQ
MFD02809.bin.2.179	3733286	MQ
MFD02809.bin.2.180	4046792	MQ
MFD02809.bin.2.181	2963091	MQ
MFD02809.bin.2.188	2114978	MQ
MFD02809.bin.2.194	3600102	MQ
MFD02809.bin.2.197	3097338	MQ
MFD02809.bin.2.204	3284755	MQ
MFD02809.bin.2.206	3990968	MQ
MFD02809.bin.2.209	3997151	MQ
MFD02809.bin.2.210	2670063	MQ
MFD02809.bin.2.211	1809263	MQ
MFD02809.bin.2.213	2967453	MQ
MFD02809.bin.2.224	2565674	MQ
MFD02809.bin.2.225	2979403	MQ
MFD02809.bin.2.228	2308211	MQ
MFD02809.bin.2.230	2976238	MQ
MFD02809.bin.2.232	1858025	MQ
MFD02809.bin.2.233	3471995	MQ
MFD02809.bin.2.237	2926337	MQ
MFD02809.bin.2.238	6831225	MQ
MFD02809.bin.2.24	2968554	MQ
MFD02809.bin.2.240	2999739	MQ
MFD02809.bin.2.243	3493338	MQ
MFD02809.bin.2.247	2705701	MQ
MFD02809.bin.2.249	4110534	MQ
MFD02809.bin.2.25	4211695	MQ
MFD02809.bin.2.265	6506620	MQ
MFD02809.bin.2.267	4329455	MQ
MFD02809.bin.2.268	5400391	MQ
MFD02809.bin.2.271	2820300	MQ
MFD02809.bin.2.278	1355618	MQ
MFD02809.bin.2.279	5594168	MQ
MFD02809.bin.2.285	2624449	MQ
MFD02809.bin.2.299	3847870	MQ
MFD02809.bin.2.302	3090612	MQ
MFD02809.bin.2.305	4942190	MQ
MFD02809.bin.2.313	4127125	MQ
MFD02809.bin.2.314	4712545	MQ
MFD02809.bin.2.319	4535798	MQ
MFD02809.bin.2.332	5805524	MQ
MFD02809.bin.2.335	3671341	MQ
MFD02809.bin.2.39	2710864	MQ
MFD02809.bin.2.4	3281357	MQ
MFD02809.bin.2.45	4335502	MQ
MFD02809.bin.2.5	3697515	MQ
MFD02809.bin.2.57	3425512	MQ
MFD02809.bin.2.60	4444622	MQ
MFD02809.bin.2.7	3555130	MQ
MFD02809.bin.2.71	3003180	MQ
MFD02809.bin.2.75	3061234	MQ
MFD02809.bin.2.78	2091595	MQ
MFD02809.bin.2.80	2527447	MQ
MFD02809.bin.2.82	3489763	MQ
MFD02809.bin.2.83	4450384	MQ
MFD02809.bin.2.84	5058007	MQ
MFD02809.bin.2.86	2672241	MQ
MFD02809.bin.2.89	3962629	MQ
MFD02809.bin.2.90	1524943	MQ
MFD02809.bin.2.91	4761712	MQ
MFD02809.bin.2.92	4631758	MQ
MFD02809.bin.2.93	5343577	MQ
MFD02809.bin.2.94	4185648	MQ
MFD02809.bin.2.98	1945701	MQ
MFD02809.bin.3.105	3171042	MQ
MFD02809.bin.3.107	3004223	MQ
MFD02809.bin.3.108	2224699	MQ
MFD02809.bin.3.167	2095302	MQ
MFD02809.bin.3.174	2428506	MQ
MFD02809.bin.3.248	1884454	MQ
MFD02809.bin.3.360	2287765	MQ
MFD02809.bin.3.45	2535713	MQ
MFD02809.bin.3.52	2440987	MQ
MFD02809.bin.3.578	5439606	MQ
MFD02809.bin.3.7	2715668	MQ
MFD02809.bin.3.94	2314027	MQ
MFD02809.bin.4.106	3678048	MQ
MFD02809.bin.4.199	5052897	MQ
MFD02832.bin.1.133	3713193	MQ
MFD02832.bin.1.153	930452	MQ
MFD02832.bin.1.23	3744198	MQ
MFD02832.bin.1.76	3251179	MQ
MFD02832.bin.2.101	4494612	MQ
MFD02832.bin.2.104	6957971	MQ
MFD02832.bin.2.106	3060463	MQ
MFD02832.bin.2.108	9157660	MQ
MFD02832.bin.2.109	2515026	MQ
MFD02832.bin.2.11	2299113	MQ
MFD02832.bin.2.110	2953692	MQ
MFD02832.bin.2.114	5039216	MQ
MFD02832.bin.2.118	1952746	MQ
MFD02832.bin.2.119	3668996	MQ
MFD02832.bin.2.12	3181195	MQ
MFD02832.bin.2.121	1120799	MQ
MFD02832.bin.2.122	2962914	MQ
MFD02832.bin.2.125	4138255	MQ
MFD02832.bin.2.126	3105506	MQ
MFD02832.bin.2.127	942896	MQ
MFD02832.bin.2.128	4521051	MQ
MFD02832.bin.2.129	1740909	MQ
MFD02832.bin.2.13	3066355	MQ
MFD02832.bin.2.134	3405684	MQ
MFD02832.bin.2.16	1272640	MQ
MFD02832.bin.2.17	2748574	MQ
MFD02832.bin.2.19	5420990	MQ
MFD02832.bin.2.2	4446669	MQ
MFD02832.bin.2.24	3590586	MQ
MFD02832.bin.2.31	3219230	MQ
MFD02832.bin.2.33	2527287	MQ
MFD02832.bin.2.35	4122622	MQ
MFD02832.bin.2.38	3315163	MQ
MFD02832.bin.2.39	2849072	MQ
MFD02832.bin.2.40	2478493	MQ
MFD02832.bin.2.42	3784615	MQ
MFD02832.bin.2.44	3020956	MQ
MFD02832.bin.2.45	4481888	MQ
MFD02832.bin.2.46	2316470	MQ
MFD02832.bin.2.5	1830679	MQ
MFD02832.bin.2.6	2706446	MQ
MFD02832.bin.2.60	4181723	MQ
MFD02832.bin.2.61	3801783	MQ
MFD02832.bin.2.62	3629833	MQ
MFD02832.bin.2.63	3033575	MQ
MFD02832.bin.2.64	4566468	MQ
MFD02832.bin.2.65	3085651	MQ
MFD02832.bin.2.68	2808765	MQ
MFD02832.bin.2.69	6919534	MQ
MFD02832.bin.2.70	3299038	MQ
MFD02832.bin.2.71	2784500	MQ
MFD02832.bin.2.72	2410796	MQ
MFD02832.bin.2.73	2998267	MQ
MFD02832.bin.2.75	1787467	MQ
MFD02832.bin.2.77	3409240	MQ
MFD02832.bin.2.78	2569754	MQ
MFD02832.bin.2.8	4691351	MQ
MFD02832.bin.2.83	2406077	MQ
MFD02832.bin.2.84	2438654	MQ
MFD02832.bin.2.85	2814720	MQ
MFD02832.bin.2.87	4085024	MQ
MFD02832.bin.2.91	2645312	MQ
MFD02832.bin.2.94	3936365	MQ
MFD02832.bin.2.96	3367218	MQ
MFD02832.bin.2.99	3078952	MQ
MFD02832.bin.3.10	1726749	MQ
MFD02832.bin.3.105	2518480	MQ
MFD02832.bin.3.117	1819940	MQ
MFD02832.bin.3.130	2879274	MQ
MFD02832.bin.3.132	4303360	MQ
MFD02832.bin.3.194	1077694	MQ
MFD02832.bin.3.201	2730097	MQ
MFD02832.bin.3.209	3289035	MQ
MFD02832.bin.3.230	3786675	MQ
MFD02832.bin.3.234	2348474	MQ
MFD02832.bin.3.239	1820468	MQ
MFD02832.bin.3.242	2336003	MQ
MFD02832.bin.3.246	2680012	MQ
MFD02832.bin.3.255	3758728	MQ
MFD02832.bin.3.45	1856923	MQ
MFD02832.bin.3.64	4028916	MQ
MFD02832.bin.3.67	2065733	MQ
MFD02832.bin.3.68	2866155	MQ
MFD02832.bin.3.86	2234047	MQ
MFD02832.bin.3.92	2475951	MQ
MFD02832.bin.4.16	5237322	MQ
MFD02840.bin.1.275	4108202	MQ
MFD02840.bin.1.427	5437099	MQ
MFD02840.bin.2.1	5679408	MQ
MFD02840.bin.2.100	3376560	MQ
MFD02840.bin.2.101	4523741	MQ
MFD02840.bin.2.102	2601619	MQ
MFD02840.bin.2.105	3574510	MQ
MFD02840.bin.2.106	4447326	MQ
MFD02840.bin.2.108	5427251	MQ
MFD02840.bin.2.11	3819722	MQ
MFD02840.bin.2.110	6413168	MQ
MFD02840.bin.2.111	3973233	MQ
MFD02840.bin.2.112	5534013	MQ
MFD02840.bin.2.115	2778878	MQ
MFD02840.bin.2.12	9294274	MQ
MFD02840.bin.2.120	3823182	MQ
MFD02840.bin.2.122	4707971	MQ
MFD02840.bin.2.126	2502152	MQ
MFD02840.bin.2.14	4010108	MQ
MFD02840.bin.2.144	2666457	MQ
MFD02840.bin.2.15	2940708	MQ
MFD02840.bin.2.151	4597826	MQ
MFD02840.bin.2.158	5938164	MQ
MFD02840.bin.2.161	5707033	MQ
MFD02840.bin.2.166	2413749	MQ
MFD02840.bin.2.168	2699763	MQ
MFD02840.bin.2.17	5287382	MQ
MFD02840.bin.2.170	8947060	MQ
MFD02840.bin.2.171	4524597	MQ
MFD02840.bin.2.172	6510835	MQ
MFD02840.bin.2.173	3037041	MQ
MFD02840.bin.2.176	4649455	MQ
MFD02840.bin.2.178	5917812	MQ
MFD02840.bin.2.180	5038831	MQ
MFD02840.bin.2.181	5674727	MQ
MFD02840.bin.2.183	1481290	MQ
MFD02840.bin.2.184	4501713	MQ
MFD02840.bin.2.185	5500511	MQ
MFD02840.bin.2.188	4015336	MQ
MFD02840.bin.2.189	3222996	MQ
MFD02840.bin.2.191	6479504	MQ
MFD02840.bin.2.192	4585014	MQ
MFD02840.bin.2.193	6737505	MQ
MFD02840.bin.2.2	3497493	MQ
MFD02840.bin.2.203	2106819	MQ
MFD02840.bin.2.205	2929399	MQ
MFD02840.bin.2.207	6646755	MQ
MFD02840.bin.2.208	2901597	MQ
MFD02840.bin.2.212	2831497	MQ
MFD02840.bin.2.217	4680354	MQ
MFD02840.bin.2.220	2057354	MQ
MFD02840.bin.2.222	3247323	MQ
MFD02840.bin.2.225	5082625	MQ
MFD02840.bin.2.226	3897355	MQ
MFD02840.bin.2.227	4411085	MQ
MFD02840.bin.2.230	2283717	MQ
MFD02840.bin.2.238	6340248	MQ
MFD02840.bin.2.242	2717692	MQ
MFD02840.bin.2.243	5069111	MQ
MFD02840.bin.2.246	5099568	MQ
MFD02840.bin.2.247	6290757	MQ
MFD02840.bin.2.248	3347686	MQ
MFD02840.bin.2.249	7861484	MQ
MFD02840.bin.2.253	4284009	MQ
MFD02840.bin.2.254	2917965	MQ
MFD02840.bin.2.259	6854021	MQ
MFD02840.bin.2.261	1614075	MQ
MFD02840.bin.2.263	4103423	MQ
MFD02840.bin.2.265	2661865	MQ
MFD02840.bin.2.267	2362168	MQ
MFD02840.bin.2.271	8963040	MQ
MFD02840.bin.2.275	2399939	MQ
MFD02840.bin.2.276	5634981	MQ
MFD02840.bin.2.278	3438941	MQ
MFD02840.bin.2.282	5773436	MQ
MFD02840.bin.2.284	6464350	MQ
MFD02840.bin.2.285	4673676	MQ
MFD02840.bin.2.286	3936131	MQ
MFD02840.bin.2.287	6323781	MQ
MFD02840.bin.2.288	3010701	MQ
MFD02840.bin.2.290	4263889	MQ
MFD02840.bin.2.292	4224056	MQ
MFD02840.bin.2.299	5219674	MQ
MFD02840.bin.2.30	2582060	MQ
MFD02840.bin.2.300	4254506	MQ
MFD02840.bin.2.303	3466009	MQ
MFD02840.bin.2.307	8054890	MQ
MFD02840.bin.2.308	3827289	MQ
MFD02840.bin.2.309	4609298	MQ
MFD02840.bin.2.31	5124373	MQ
MFD02840.bin.2.310	4660610	MQ
MFD02840.bin.2.311	2548063	MQ
MFD02840.bin.2.312	3379669	MQ
MFD02840.bin.2.317	3715416	MQ
MFD02840.bin.2.32	6422902	MQ
MFD02840.bin.2.321	2492474	MQ
MFD02840.bin.2.323	6493169	MQ
MFD02840.bin.2.325	6867118	MQ
MFD02840.bin.2.327	6972229	MQ
MFD02840.bin.2.33	2763641	MQ
MFD02840.bin.2.330	4237539	MQ
MFD02840.bin.2.331	4562358	MQ
MFD02840.bin.2.333	5427436	MQ
MFD02840.bin.2.336	2584340	MQ
MFD02840.bin.2.34	4195664	MQ
MFD02840.bin.2.36	3064662	MQ
MFD02840.bin.2.37	2875655	MQ
MFD02840.bin.2.38	3541913	MQ
MFD02840.bin.2.39	5536443	MQ
MFD02840.bin.2.41	2937688	MQ
MFD02840.bin.2.47	3406575	MQ
MFD02840.bin.2.48	2465185	MQ
MFD02840.bin.2.49	4672818	MQ
MFD02840.bin.2.5	6114018	MQ
MFD02840.bin.2.52	4586522	MQ
MFD02840.bin.2.57	3263519	MQ
MFD02840.bin.2.6	2695271	MQ
MFD02840.bin.2.60	5711942	MQ
MFD02840.bin.2.62	5080670	MQ
MFD02840.bin.2.63	4214350	MQ
MFD02840.bin.2.65	3343790	MQ
MFD02840.bin.2.66	3081981	MQ
MFD02840.bin.2.71	3791570	MQ
MFD02840.bin.2.73	5381624	MQ
MFD02840.bin.2.78	5622217	MQ
MFD02840.bin.2.79	4963598	MQ
MFD02840.bin.2.80	3248513	MQ
MFD02840.bin.2.82	3224440	MQ
MFD02840.bin.2.84	3039379	MQ
MFD02840.bin.2.87	2960650	MQ
MFD02840.bin.2.88	6937899	MQ
MFD02840.bin.2.89	3954516	MQ
MFD02840.bin.2.90	4397245	MQ
MFD02840.bin.2.93	4346308	MQ
MFD02840.bin.2.94	4291627	MQ
MFD02840.bin.2.95	3946248	MQ
MFD02840.bin.2.96	5191328	MQ
MFD02840.bin.2.98	5486631	MQ
MFD02840.bin.3.103	3258136	MQ
MFD02840.bin.3.118	9455991	MQ
MFD02840.bin.3.148	2769058	MQ
MFD02840.bin.3.206	4900038	MQ
MFD02840.bin.3.23	3211669	MQ
MFD02840.bin.3.282	5077015	MQ
MFD02840.bin.3.285	3016919	MQ
MFD02840.bin.3.301	4859344	MQ
MFD02840.bin.3.302	2793218	MQ
MFD02840.bin.3.305	2005543	MQ
MFD02840.bin.3.353	3038531	MQ
MFD02840.bin.3.362	2637595	MQ
MFD02840.bin.3.365	4752025	MQ
MFD02840.bin.3.400	3796719	MQ
MFD02840.bin.3.408	3370941	MQ
MFD02840.bin.3.421	2267168	MQ
MFD02840.bin.3.471	5824656	MQ
MFD02840.bin.3.489	2748862	MQ
MFD02840.bin.3.512	4960543	MQ
MFD02840.bin.3.531	1821871	MQ
MFD02840.bin.3.55	6999590	MQ
MFD02840.bin.3.554	3587357	MQ
MFD02840.bin.3.560	2937219	MQ
MFD02840.bin.3.58	3246755	MQ
MFD02840.bin.3.603	5790256	MQ
MFD02840.bin.3.608	3665477	MQ
MFD02840.bin.3.622	5049297	MQ
MFD02840.bin.3.631	3507660	MQ
MFD02840.bin.3.640	11814314	MQ
MFD02840.bin.3.655	3938304	MQ
MFD02840.bin.3.67	3522594	MQ
MFD02840.bin.3.693	5155673	MQ
MFD02840.bin.3.718	5242535	MQ
MFD02840.bin.3.746	5441407	MQ
MFD02840.bin.3.747	2401981	MQ
MFD02840.bin.3.80	4292184	MQ
MFD02840.bin.3.815	3219599	MQ
MFD02840.bin.3.827	4942310	MQ
MFD02840.bin.3.831	2913041	MQ
MFD02840.bin.3.9	3538924	MQ
MFD02840.bin.4.456	1318946	MQ
MFD02840.bin.4.46	4499095	MQ
MFD02840.bin.4.807	2762499	MQ
MFD02923.bin.1.102	3432265	MQ
MFD02923.bin.1.113	4816814	MQ
MFD02923.bin.1.89	4337915	MQ
MFD02923.bin.2.10	773977	MQ
MFD02923.bin.2.100	3331528	MQ
MFD02923.bin.2.102	4029636	MQ
MFD02923.bin.2.105	4534285	MQ
MFD02923.bin.2.107	3754185	MQ
MFD02923.bin.2.108	3310938	MQ
MFD02923.bin.2.109	3059615	MQ
MFD02923.bin.2.11	3107166	MQ
MFD02923.bin.2.12	4460015	MQ
MFD02923.bin.2.13	3904108	MQ
MFD02923.bin.2.16	5225191	MQ
MFD02923.bin.2.2	2827974	MQ
MFD02923.bin.2.21	3733186	MQ
MFD02923.bin.2.22	2342440	MQ
MFD02923.bin.2.25	4697943	MQ
MFD02923.bin.2.3	7339513	MQ
MFD02923.bin.2.34	4713928	MQ
MFD02923.bin.2.37	2163190	MQ
MFD02923.bin.2.38	4041197	MQ
MFD02923.bin.2.39	3216009	MQ
MFD02923.bin.2.43	2342742	MQ
MFD02923.bin.2.45	3896484	MQ
MFD02923.bin.2.48	4023883	MQ
MFD02923.bin.2.49	5404855	MQ
MFD02923.bin.2.5	1541528	MQ
MFD02923.bin.2.51	2846338	MQ
MFD02923.bin.2.53	1962460	MQ
MFD02923.bin.2.54	3114102	MQ
MFD02923.bin.2.55	3299472	MQ
MFD02923.bin.2.57	5125514	MQ
MFD02923.bin.2.58	5488575	MQ
MFD02923.bin.2.59	2299210	MQ
MFD02923.bin.2.60	4807734	MQ
MFD02923.bin.2.62	6316372	MQ
MFD02923.bin.2.64	2872389	MQ
MFD02923.bin.2.67	5971797	MQ
MFD02923.bin.2.72	4333657	MQ
MFD02923.bin.2.73	2439968	MQ
MFD02923.bin.2.75	3814330	MQ
MFD02923.bin.2.8	2293328	MQ
MFD02923.bin.2.83	3681082	MQ
MFD02923.bin.2.87	4842244	MQ
MFD02923.bin.2.88	2408939	MQ
MFD02923.bin.2.89	4721887	MQ
MFD02923.bin.2.90	3264886	MQ
MFD02923.bin.2.91	3752358	MQ
MFD02923.bin.2.92	3038362	MQ
MFD02923.bin.3.121	3144094	MQ
MFD02923.bin.3.134	3450214	MQ
MFD02923.bin.3.137	3584660	MQ
MFD02923.bin.3.140	2205950	MQ
MFD02923.bin.3.159	2619540	MQ
MFD02923.bin.3.37	4176002	MQ
MFD02923.bin.3.6	3451918	MQ
MFD02923.bin.3.70	3093214	MQ
MFD02923.bin.3.71	3180772	MQ
MFD02923.bin.3.76	2629407	MQ
MFD02923.bin.3.85	1957447	MQ
MFD02923.bin.3.99	5617406	MQ
MFD02923.bin.4.129	3963662	MQ
MFD02923.bin.4.76	1992319	MQ
MFD02979.bin.1.129	2522760	MQ
MFD02979.bin.1.175	5998142	MQ
MFD02979.bin.2.100	2379763	MQ
MFD02979.bin.2.106	4196528	MQ
MFD02979.bin.2.107	4178803	MQ
MFD02979.bin.2.11	4162949	MQ
MFD02979.bin.2.110	2816778	MQ
MFD02979.bin.2.112	4096197	MQ
MFD02979.bin.2.113	3979693	MQ
MFD02979.bin.2.114	3909297	MQ
MFD02979.bin.2.115	3235823	MQ
MFD02979.bin.2.116	3750133	MQ
MFD02979.bin.2.117	1498394	MQ
MFD02979.bin.2.118	2762244	MQ
MFD02979.bin.2.12	5578682	MQ
MFD02979.bin.2.121	5450400	MQ
MFD02979.bin.2.124	2698608	MQ
MFD02979.bin.2.127	3154108	MQ
MFD02979.bin.2.128	4154739	MQ
MFD02979.bin.2.133	6087657	MQ
MFD02979.bin.2.134	2496652	MQ
MFD02979.bin.2.135	6987275	MQ
MFD02979.bin.2.136	3037461	MQ
MFD02979.bin.2.137	4220163	MQ
MFD02979.bin.2.138	4805929	MQ
MFD02979.bin.2.142	1909341	MQ
MFD02979.bin.2.143	4174407	MQ
MFD02979.bin.2.144	6000321	MQ
MFD02979.bin.2.149	1278399	MQ
MFD02979.bin.2.150	4212484	MQ
MFD02979.bin.2.151	4879160	MQ
MFD02979.bin.2.152	3529551	MQ
MFD02979.bin.2.153	3876782	MQ
MFD02979.bin.2.155	6131393	MQ
MFD02979.bin.2.161	3025641	MQ
MFD02979.bin.2.162	5642327	MQ
MFD02979.bin.2.168	3955127	MQ
MFD02979.bin.2.169	3884204	MQ
MFD02979.bin.2.17	6406215	MQ
MFD02979.bin.2.170	2321696	MQ
MFD02979.bin.2.172	3462948	MQ
MFD02979.bin.2.173	5557722	MQ
MFD02979.bin.2.175	5059559	MQ
MFD02979.bin.2.177	2495832	MQ
MFD02979.bin.2.178	6286381	MQ
MFD02979.bin.2.181	3968207	MQ
MFD02979.bin.2.183	4444508	MQ
MFD02979.bin.2.189	10630532	MQ
MFD02979.bin.2.191	7081311	MQ
MFD02979.bin.2.195	4064586	MQ
MFD02979.bin.2.196	4217616	MQ
MFD02979.bin.2.199	4344257	MQ
MFD02979.bin.2.2	2835719	MQ
MFD02979.bin.2.24	4254986	MQ
MFD02979.bin.2.25	3819979	MQ
MFD02979.bin.2.26	3468858	MQ
MFD02979.bin.2.30	1584925	MQ
MFD02979.bin.2.32	4358027	MQ
MFD02979.bin.2.36	5175253	MQ
MFD02979.bin.2.37	3471184	MQ
MFD02979.bin.2.38	4458348	MQ
MFD02979.bin.2.4	2841868	MQ
MFD02979.bin.2.46	7620739	MQ
MFD02979.bin.2.54	2957987	MQ
MFD02979.bin.2.55	4148837	MQ
MFD02979.bin.2.56	3394946	MQ
MFD02979.bin.2.57	5925739	MQ
MFD02979.bin.2.58	6150435	MQ
MFD02979.bin.2.6	3206151	MQ
MFD02979.bin.2.61	3076935	MQ
MFD02979.bin.2.62	4674220	MQ
MFD02979.bin.2.63	4996691	MQ
MFD02979.bin.2.66	3156622	MQ
MFD02979.bin.2.67	3231457	MQ
MFD02979.bin.2.68	3624356	MQ
MFD02979.bin.2.7	3947103	MQ
MFD02979.bin.2.70	4764378	MQ
MFD02979.bin.2.72	4481136	MQ
MFD02979.bin.2.75	5480143	MQ
MFD02979.bin.2.8	5227716	MQ
MFD02979.bin.2.9	3010556	MQ
MFD02979.bin.2.91	2951766	MQ
MFD02979.bin.2.94	5736956	MQ
MFD02979.bin.3.1	5173166	MQ
MFD02979.bin.3.102	2919003	MQ
MFD02979.bin.3.125	4185898	MQ
MFD02979.bin.3.149	5041724	MQ
MFD02979.bin.3.154	1428519	MQ
MFD02979.bin.3.16	2814210	MQ
MFD02979.bin.3.21	7779488	MQ
MFD02979.bin.3.217	4872581	MQ
MFD02979.bin.3.261	3274565	MQ
MFD02979.bin.3.269	4631208	MQ
MFD02979.bin.3.28	1987051	MQ
MFD02979.bin.3.320	4976075	MQ
MFD02979.bin.3.323	5467035	MQ
MFD02979.bin.3.36	4544587	MQ
MFD02979.bin.3.366	2403015	MQ
MFD02979.bin.3.436	3492991	MQ
MFD02979.bin.3.437	7943451	MQ
MFD02979.bin.3.462	4359941	MQ
MFD02979.bin.3.503	3874810	MQ
MFD02979.bin.3.66	4057570	MQ
MFD02979.bin.3.71	3059852	MQ
MFD02979.bin.3.8	4243949	MQ
MFD02979.bin.3.86	2938331	MQ
MFD02979.bin.3.90	2744290	MQ
MFD02979.bin.4.14	2641511	MQ
MFD02979.bin.4.344	7961514	MQ
MFD02979.bin.4.37	2675518	MQ
MFD02979.bin.4.532	2962471	MQ
MFD03044.bin.1.102	4993198	MQ
MFD03044.bin.1.110	3432332	MQ
MFD03044.bin.1.112	5993593	MQ
MFD03044.bin.1.137	5316556	MQ
MFD03044.bin.1.146	6112878	MQ
MFD03044.bin.1.58	4411174	MQ
MFD03044.bin.2.101	916214	MQ
MFD03044.bin.2.105	995705	MQ
MFD03044.bin.2.17	5653327	MQ
MFD03044.bin.2.2	5046083	MQ
MFD03044.bin.2.22	6454920	MQ
MFD03044.bin.2.26	7016108	MQ
MFD03044.bin.2.29	7205751	MQ
MFD03044.bin.2.42	4429355	MQ
MFD03044.bin.2.44	2352330	MQ
MFD03044.bin.2.49	8304412	MQ
MFD03044.bin.2.50	6122979	MQ
MFD03044.bin.2.53	1945083	MQ
MFD03044.bin.2.54	3395308	MQ
MFD03044.bin.2.56	4862595	MQ
MFD03044.bin.2.57	4787683	MQ
MFD03044.bin.2.58	5763850	MQ
MFD03044.bin.2.59	6853309	MQ
MFD03044.bin.2.6	5251914	MQ
MFD03044.bin.2.60	6301894	MQ
MFD03044.bin.2.61	5249536	MQ
MFD03044.bin.2.64	4671663	MQ
MFD03044.bin.2.69	3073159	MQ
MFD03044.bin.2.70	7448405	MQ
MFD03044.bin.2.74	6657727	MQ
MFD03044.bin.2.75	5375887	MQ
MFD03044.bin.2.80	3146551	MQ
MFD03044.bin.2.81	6148053	MQ
MFD03044.bin.2.82	4797450	MQ
MFD03044.bin.2.84	4159209	MQ
MFD03044.bin.2.93	4425671	MQ
MFD03044.bin.2.96	6188278	MQ
MFD03044.bin.2.99	4809394	MQ
MFD03044.bin.3.103	7315825	MQ
MFD03044.bin.3.130	6895757	MQ
MFD03044.bin.4.204	2016134	MQ
MFD03044.bin.4.335	3099621	MQ
MFD03044.bin.4.34	9158442	MQ
MFD03066.bin.1.57	5895283	MQ
MFD03066.bin.2.101	6800316	MQ
MFD03066.bin.2.107	3183283	MQ
MFD03066.bin.2.108	4212835	MQ
MFD03066.bin.2.131	3198654	MQ
MFD03066.bin.2.138	5301907	MQ
MFD03066.bin.2.139	3214627	MQ
MFD03066.bin.2.14	3109011	MQ
MFD03066.bin.2.140	2867483	MQ
MFD03066.bin.2.142	3163949	MQ
MFD03066.bin.2.147	7848707	MQ
MFD03066.bin.2.149	5118190	MQ
MFD03066.bin.2.151	2976400	MQ
MFD03066.bin.2.152	4866623	MQ
MFD03066.bin.2.155	3924604	MQ
MFD03066.bin.2.157	7318265	MQ
MFD03066.bin.2.161	6100345	MQ
MFD03066.bin.2.162	5757230	MQ
MFD03066.bin.2.167	3046147	MQ
MFD03066.bin.2.168	3048197	MQ
MFD03066.bin.2.169	3225223	MQ
MFD03066.bin.2.17	3438221	MQ
MFD03066.bin.2.173	6019286	MQ
MFD03066.bin.2.174	5112745	MQ
MFD03066.bin.2.176	3135156	MQ
MFD03066.bin.2.177	2077658	MQ
MFD03066.bin.2.178	2584083	MQ
MFD03066.bin.2.180	4408662	MQ
MFD03066.bin.2.184	6226654	MQ
MFD03066.bin.2.187	2842917	MQ
MFD03066.bin.2.188	2593398	MQ
MFD03066.bin.2.19	6762752	MQ
MFD03066.bin.2.191	3988886	MQ
MFD03066.bin.2.192	3786847	MQ
MFD03066.bin.2.196	6065607	MQ
MFD03066.bin.2.197	7463427	MQ
MFD03066.bin.2.2	3491541	MQ
MFD03066.bin.2.202	5272736	MQ
MFD03066.bin.2.207	4146678	MQ
MFD03066.bin.2.215	2406712	MQ
MFD03066.bin.2.217	6285573	MQ
MFD03066.bin.2.218	4669666	MQ
MFD03066.bin.2.22	5719114	MQ
MFD03066.bin.2.221	4084017	MQ
MFD03066.bin.2.222	4445891	MQ
MFD03066.bin.2.225	3013308	MQ
MFD03066.bin.2.227	4197414	MQ
MFD03066.bin.2.235	3613586	MQ
MFD03066.bin.2.236	2029518	MQ
MFD03066.bin.2.238	8055108	MQ
MFD03066.bin.2.242	2628153	MQ
MFD03066.bin.2.245	4485377	MQ
MFD03066.bin.2.248	2812137	MQ
MFD03066.bin.2.25	5474671	MQ
MFD03066.bin.2.26	4014208	MQ
MFD03066.bin.2.28	3723983	MQ
MFD03066.bin.2.29	5199175	MQ
MFD03066.bin.2.34	4665031	MQ
MFD03066.bin.2.36	2791751	MQ
MFD03066.bin.2.44	3084773	MQ
MFD03066.bin.2.46	3110074	MQ
MFD03066.bin.2.48	4625090	MQ
MFD03066.bin.2.49	4514720	MQ
MFD03066.bin.2.5	3606898	MQ
MFD03066.bin.2.50	3887855	MQ
MFD03066.bin.2.51	2876633	MQ
MFD03066.bin.2.54	3313799	MQ
MFD03066.bin.2.55	2453864	MQ
MFD03066.bin.2.60	2235891	MQ
MFD03066.bin.2.67	3215496	MQ
MFD03066.bin.2.68	4421899	MQ
MFD03066.bin.2.7	4631506	MQ
MFD03066.bin.2.72	3005311	MQ
MFD03066.bin.2.74	2645797	MQ
MFD03066.bin.2.89	4485588	MQ
MFD03066.bin.2.9	3951623	MQ
MFD03066.bin.3.106	3989847	MQ
MFD03066.bin.3.140	2829633	MQ
MFD03066.bin.3.157	3015427	MQ
MFD03066.bin.3.21	3672608	MQ
MFD03066.bin.3.22	2805124	MQ
MFD03066.bin.3.270	2649437	MQ
MFD03066.bin.3.35	5821310	MQ
MFD03066.bin.3.356	3173782	MQ
MFD03066.bin.3.412	4042059	MQ
MFD03066.bin.3.43	5798366	MQ
MFD03066.bin.3.481	2479423	MQ
MFD03066.bin.3.542	2413105	MQ
MFD03066.bin.3.569	3697363	MQ
MFD03066.bin.3.571	4269529	MQ
MFD03066.bin.3.58	5284645	MQ
MFD03066.bin.3.669	4694268	MQ
MFD03066.bin.4.194	2351450	MQ
MFD03066.bin.4.89	5349376	MQ
MFD03250.bin.1.140	1611684	MQ
MFD03250.bin.1.159	5280051	MQ
MFD03250.bin.1.44	2922841	MQ
MFD03250.bin.2.10	3176666	MQ
MFD03250.bin.2.101	4145091	MQ
MFD03250.bin.2.102	3315334	MQ
MFD03250.bin.2.104	2537527	MQ
MFD03250.bin.2.105	5939946	MQ
MFD03250.bin.2.11	2414877	MQ
MFD03250.bin.2.12	2607327	MQ
MFD03250.bin.2.13	2760597	MQ
MFD03250.bin.2.15	3390099	MQ
MFD03250.bin.2.16	5568656	MQ
MFD03250.bin.2.18	5208880	MQ
MFD03250.bin.2.20	4492629	MQ
MFD03250.bin.2.21	2377255	MQ
MFD03250.bin.2.22	2438529	MQ
MFD03250.bin.2.23	3694142	MQ
MFD03250.bin.2.27	4774526	MQ
MFD03250.bin.2.29	3741398	MQ
MFD03250.bin.2.30	3396495	MQ
MFD03250.bin.2.34	4991258	MQ
MFD03250.bin.2.36	5540368	MQ
MFD03250.bin.2.4	5980200	MQ
MFD03250.bin.2.43	3130286	MQ
MFD03250.bin.2.44	3374202	MQ
MFD03250.bin.2.45	4706582	MQ
MFD03250.bin.2.46	3372755	MQ
MFD03250.bin.2.47	3584139	MQ
MFD03250.bin.2.52	3860468	MQ
MFD03250.bin.2.54	3562202	MQ
MFD03250.bin.2.55	2523677	MQ
MFD03250.bin.2.56	3275718	MQ
MFD03250.bin.2.58	3265533	MQ
MFD03250.bin.2.59	3477857	MQ
MFD03250.bin.2.6	2800316	MQ
MFD03250.bin.2.60	5494837	MQ
MFD03250.bin.2.61	4504972	MQ
MFD03250.bin.2.62	2183680	MQ
MFD03250.bin.2.63	2384264	MQ
MFD03250.bin.2.64	4092743	MQ
MFD03250.bin.2.65	1934318	MQ
MFD03250.bin.2.66	3932855	MQ
MFD03250.bin.2.67	2447791	MQ
MFD03250.bin.2.69	5076069	MQ
MFD03250.bin.2.71	2287638	MQ
MFD03250.bin.2.72	4129318	MQ
MFD03250.bin.2.74	2654707	MQ
MFD03250.bin.2.75	2492277	MQ
MFD03250.bin.2.8	7006468	MQ
MFD03250.bin.2.83	3930250	MQ
MFD03250.bin.2.84	4571401	MQ
MFD03250.bin.2.86	2870192	MQ
MFD03250.bin.2.87	4723736	MQ
MFD03250.bin.2.88	3292310	MQ
MFD03250.bin.2.89	5918141	MQ
MFD03250.bin.2.9	4257144	MQ
MFD03250.bin.2.91	4023307	MQ
MFD03250.bin.2.93	2286987	MQ
MFD03250.bin.2.98	5291525	MQ
MFD03250.bin.2.99	4138849	MQ
MFD03250.bin.3.105	4275864	MQ
MFD03250.bin.3.11	5643265	MQ
MFD03250.bin.3.110	5226239	MQ
MFD03250.bin.3.124	3242880	MQ
MFD03250.bin.3.125	5166238	MQ
MFD03250.bin.3.131	3686483	MQ
MFD03250.bin.3.146	3230194	MQ
MFD03250.bin.3.149	3188030	MQ
MFD03250.bin.3.20	2780656	MQ
MFD03250.bin.3.3	1077580	MQ
MFD03250.bin.3.33	2427868	MQ
MFD03250.bin.3.55	3937527	MQ
MFD03250.bin.3.63	2565651	MQ
MFD03250.bin.3.66	5159111	MQ
MFD03250.bin.3.99	4230719	MQ
MFD03250.bin.4.105	6347666	MQ
MFD03250.bin.4.157	3815181	MQ
MFD03323.bin.1.128	4618395	MQ
MFD03323.bin.2.1	3902204	MQ
MFD03323.bin.2.103	6061876	MQ
MFD03323.bin.2.104	4549099	MQ
MFD03323.bin.2.105	2350009	MQ
MFD03323.bin.2.111	1875255	MQ
MFD03323.bin.2.116	7225050	MQ
MFD03323.bin.2.123	4616600	MQ
MFD03323.bin.2.129	2094306	MQ
MFD03323.bin.2.13	3839871	MQ
MFD03323.bin.2.17	1790704	MQ
MFD03323.bin.2.18	6625392	MQ
MFD03323.bin.2.41	6104427	MQ
MFD03323.bin.2.46	3048611	MQ
MFD03323.bin.2.48	3528198	MQ
MFD03323.bin.2.49	6510755	MQ
MFD03323.bin.2.63	4420184	MQ
MFD03323.bin.2.67	2748772	MQ
MFD03323.bin.2.70	10545377	MQ
MFD03323.bin.2.72	2327787	MQ
MFD03323.bin.2.74	5023248	MQ
MFD03323.bin.2.78	4054776	MQ
MFD03323.bin.2.84	10050594	MQ
MFD03323.bin.2.88	6415784	MQ
MFD03323.bin.2.95	5181812	MQ
MFD03323.bin.2.99	4297318	MQ
MFD03323.bin.3.102	9352921	MQ
MFD03323.bin.3.130	8122466	MQ
MFD03323.bin.3.142	3740672	MQ
MFD03323.bin.3.214	3722751	MQ
MFD03323.bin.3.226	2275176	MQ
MFD03323.bin.3.253	6594745	MQ
MFD03323.bin.3.266	3579125	MQ
MFD03323.bin.3.41	3343983	MQ
MFD03346.bin.1.68	5757308	MQ
MFD03346.bin.1.82	4835711	MQ
MFD03346.bin.2.1	4178357	MQ
MFD03346.bin.2.100	5144220	MQ
MFD03346.bin.2.105	7211664	MQ
MFD03346.bin.2.107	5527038	MQ
MFD03346.bin.2.14	4183173	MQ
MFD03346.bin.2.17	4297348	MQ
MFD03346.bin.2.19	4840700	MQ
MFD03346.bin.2.22	2872471	MQ
MFD03346.bin.2.24	7755753	MQ
MFD03346.bin.2.25	5487532	MQ
MFD03346.bin.2.29	6336571	MQ
MFD03346.bin.2.31	10149254	MQ
MFD03346.bin.2.36	5073277	MQ
MFD03346.bin.2.39	11203034	MQ
MFD03346.bin.2.45	5222599	MQ
MFD03346.bin.2.5	7149349	MQ
MFD03346.bin.2.54	8073392	MQ
MFD03346.bin.2.59	2680351	MQ
MFD03346.bin.2.6	8931813	MQ
MFD03346.bin.2.62	4495111	MQ
MFD03346.bin.2.63	6330911	MQ
MFD03346.bin.2.69	7426939	MQ
MFD03346.bin.2.71	4784475	MQ
MFD03346.bin.2.72	5824321	MQ
MFD03346.bin.2.73	6899837	MQ
MFD03346.bin.2.74	5850346	MQ
MFD03346.bin.2.75	7129730	MQ
MFD03346.bin.2.80	6033137	MQ
MFD03346.bin.2.9	4508435	MQ
MFD03346.bin.2.90	4057325	MQ
MFD03346.bin.2.94	5426937	MQ
MFD03346.bin.2.98	3725334	MQ
MFD03346.bin.3.102	3376672	MQ
MFD03346.bin.3.103	6638553	MQ
MFD03346.bin.3.109	4889748	MQ
MFD03346.bin.3.111	3427880	MQ
MFD03346.bin.3.119	3678143	MQ
MFD03346.bin.3.208	2906679	MQ
MFD03346.bin.3.25	7513528	MQ
MFD03346.bin.3.35	6253849	MQ
MFD03346.bin.3.38	3134604	MQ
MFD03346.bin.3.59	4558232	MQ
MFD03346.bin.3.6	5710609	MQ
MFD03399.bin.1.15	7232705	MQ
MFD03399.bin.2.10	4199822	MQ
MFD03399.bin.2.101	3120464	MQ
MFD03399.bin.2.103	8404583	MQ
MFD03399.bin.2.105	5775830	MQ
MFD03399.bin.2.106	4381165	MQ
MFD03399.bin.2.108	6711480	MQ
MFD03399.bin.2.109	3318341	MQ
MFD03399.bin.2.113	3882002	MQ
MFD03399.bin.2.119	6611112	MQ
MFD03399.bin.2.12	4909701	MQ
MFD03399.bin.2.120	4286482	MQ
MFD03399.bin.2.122	3716755	MQ
MFD03399.bin.2.123	4256453	MQ
MFD03399.bin.2.125	7971465	MQ
MFD03399.bin.2.13	4243394	MQ
MFD03399.bin.2.21	2427265	MQ
MFD03399.bin.2.23	2546398	MQ
MFD03399.bin.2.24	4392704	MQ
MFD03399.bin.2.26	4054947	MQ
MFD03399.bin.2.27	2625608	MQ
MFD03399.bin.2.28	4622354	MQ
MFD03399.bin.2.35	4486473	MQ
MFD03399.bin.2.38	4947839	MQ
MFD03399.bin.2.4	5828287	MQ
MFD03399.bin.2.41	2786203	MQ
MFD03399.bin.2.42	5631823	MQ
MFD03399.bin.2.46	5991303	MQ
MFD03399.bin.2.5	4557674	MQ
MFD03399.bin.2.55	3284003	MQ
MFD03399.bin.2.59	6750404	MQ
MFD03399.bin.2.63	2157749	MQ
MFD03399.bin.2.64	4482196	MQ
MFD03399.bin.2.65	6993898	MQ
MFD03399.bin.2.69	4514610	MQ
MFD03399.bin.2.70	4449113	MQ
MFD03399.bin.2.72	6425349	MQ
MFD03399.bin.2.73	7107210	MQ
MFD03399.bin.2.8	7461522	MQ
MFD03399.bin.2.82	3688954	MQ
MFD03399.bin.2.84	6935070	MQ
MFD03399.bin.2.88	3929508	MQ
MFD03399.bin.2.90	4295027	MQ
MFD03399.bin.2.91	4169972	MQ
MFD03399.bin.2.92	4701041	MQ
MFD03399.bin.2.95	2850943	MQ
MFD03399.bin.2.96	3566051	MQ
MFD03399.bin.2.97	6726557	MQ
MFD03399.bin.2.98	6022380	MQ
MFD03399.bin.3.157	3848201	MQ
MFD03399.bin.3.72	5867087	MQ
MFD03551.bin.1.35	3167345	MQ
MFD03551.bin.1.67	3572316	MQ
MFD03551.bin.1.69	3743556	MQ
MFD03551.bin.1.75	3430987	MQ
MFD03551.bin.1.99	2777415	MQ
MFD03551.bin.2.10	2828727	MQ
MFD03551.bin.2.100	3410397	MQ
MFD03551.bin.2.101	3536801	MQ
MFD03551.bin.2.103	2974544	MQ
MFD03551.bin.2.105	5462238	MQ
MFD03551.bin.2.107	4135675	MQ
MFD03551.bin.2.108	4814421	MQ
MFD03551.bin.2.109	3177264	MQ
MFD03551.bin.2.110	3258296	MQ
MFD03551.bin.2.114	3018000	MQ
MFD03551.bin.2.116	3272962	MQ
MFD03551.bin.2.117	3990582	MQ
MFD03551.bin.2.119	3235459	MQ
MFD03551.bin.2.12	4186075	MQ
MFD03551.bin.2.120	5039251	MQ
MFD03551.bin.2.121	3116099	MQ
MFD03551.bin.2.127	5032885	MQ
MFD03551.bin.2.128	3898905	MQ
MFD03551.bin.2.131	3442281	MQ
MFD03551.bin.2.132	2739359	MQ
MFD03551.bin.2.133	2692460	MQ
MFD03551.bin.2.14	3302543	MQ
MFD03551.bin.2.15	2972758	MQ
MFD03551.bin.2.18	3477885	MQ
MFD03551.bin.2.19	2338433	MQ
MFD03551.bin.2.2	3742212	MQ
MFD03551.bin.2.21	2779164	MQ
MFD03551.bin.2.23	4013887	MQ
MFD03551.bin.2.24	2635576	MQ
MFD03551.bin.2.26	3532148	MQ
MFD03551.bin.2.3	2386203	MQ
MFD03551.bin.2.30	3491343	MQ
MFD03551.bin.2.31	3412387	MQ
MFD03551.bin.2.35	2039017	MQ
MFD03551.bin.2.4	4790094	MQ
MFD03551.bin.2.44	6890141	MQ
MFD03551.bin.2.46	6852390	MQ
MFD03551.bin.2.47	2240626	MQ
MFD03551.bin.2.48	3073120	MQ
MFD03551.bin.2.50	2865538	MQ
MFD03551.bin.2.51	2947045	MQ
MFD03551.bin.2.54	2703476	MQ
MFD03551.bin.2.55	3233608	MQ
MFD03551.bin.2.56	4900720	MQ
MFD03551.bin.2.57	2541729	MQ
MFD03551.bin.2.58	4445258	MQ
MFD03551.bin.2.59	2853627	MQ
MFD03551.bin.2.6	4296748	MQ
MFD03551.bin.2.60	3222451	MQ
MFD03551.bin.2.65	3512886	MQ
MFD03551.bin.2.70	4849127	MQ
MFD03551.bin.2.71	2784709	MQ
MFD03551.bin.2.72	2270772	MQ
MFD03551.bin.2.73	2945082	MQ
MFD03551.bin.2.74	2629057	MQ
MFD03551.bin.2.75	2671737	MQ
MFD03551.bin.2.76	2979888	MQ
MFD03551.bin.2.79	3148294	MQ
MFD03551.bin.2.8	2966057	MQ
MFD03551.bin.2.80	1931812	MQ
MFD03551.bin.2.82	3727188	MQ
MFD03551.bin.2.83	3727860	MQ
MFD03551.bin.2.86	2421545	MQ
MFD03551.bin.2.87	3150688	MQ
MFD03551.bin.2.88	3256273	MQ
MFD03551.bin.2.9	3777800	MQ
MFD03551.bin.2.91	3573360	MQ
MFD03551.bin.2.92	1854373	MQ
MFD03551.bin.2.93	3670100	MQ
MFD03551.bin.2.97	5446744	MQ
MFD03551.bin.2.99	4709240	MQ
MFD03551.bin.3.102	3054805	MQ
MFD03551.bin.3.13	2024334	MQ
MFD03551.bin.3.136	3315727	MQ
MFD03551.bin.3.138	2960330	MQ
MFD03551.bin.3.149	3992062	MQ
MFD03551.bin.3.17	2944478	MQ
MFD03551.bin.3.181	2704974	MQ
MFD03551.bin.3.215	3482012	MQ
MFD03551.bin.3.232	3025315	MQ
MFD03551.bin.3.27	4390989	MQ
MFD03551.bin.3.4	3477977	MQ
MFD03551.bin.3.50	2828657	MQ
MFD03551.bin.3.55	3834517	MQ
MFD03551.bin.3.65	3802991	MQ
MFD03551.bin.3.68	2024373	MQ
MFD03551.bin.3.91	5282510	MQ
MFD03551.bin.3.92	3010525	MQ
MFD03602.bin.2.11	6895996	MQ
MFD03602.bin.2.12	3166807	MQ
MFD03602.bin.2.14	3459053	MQ
MFD03602.bin.2.22	2978714	MQ
MFD03602.bin.2.23	5975944	MQ
MFD03602.bin.2.3	10031532	MQ
MFD03602.bin.2.30	2143793	MQ
MFD03602.bin.2.33	2632992	MQ
MFD03602.bin.2.40	9456497	MQ
MFD03602.bin.2.6	5160857	MQ
MFD03602.bin.2.63	6089898	MQ
MFD03602.bin.2.71	4293680	MQ
MFD03602.bin.2.74	3172163	MQ
MFD03602.bin.2.9	6074729	MQ
MFD03602.bin.3.201	2950087	MQ
MFD03602.bin.3.245	1681089	MQ
MFD03638.bin.2.1	2595271	MQ
MFD03638.bin.2.4	3908771	MQ
MFD03638.bin.2.5	2732316	MQ
MFD03726.bin.1.141	3264748	MQ
MFD03726.bin.1.191	3352590	MQ
MFD03726.bin.1.231	2341568	MQ
MFD03726.bin.1.238	3868988	MQ
MFD03726.bin.1.31	3928747	MQ
MFD03726.bin.1.58	986739	MQ
MFD03726.bin.2.100	2911307	MQ
MFD03726.bin.2.102	2192309	MQ
MFD03726.bin.2.104	2565347	MQ
MFD03726.bin.2.106	4612315	MQ
MFD03726.bin.2.108	3189256	MQ
MFD03726.bin.2.110	2896246	MQ
MFD03726.bin.2.115	2169477	MQ
MFD03726.bin.2.118	5076435	MQ
MFD03726.bin.2.119	3596805	MQ
MFD03726.bin.2.12	656623	MQ
MFD03726.bin.2.120	759482	MQ
MFD03726.bin.2.121	6155270	MQ
MFD03726.bin.2.125	2764944	MQ
MFD03726.bin.2.126	5380110	MQ
MFD03726.bin.2.132	4693885	MQ
MFD03726.bin.2.134	4064377	MQ
MFD03726.bin.2.136	1779678	MQ
MFD03726.bin.2.138	5666872	MQ
MFD03726.bin.2.139	1919929	MQ
MFD03726.bin.2.143	5416886	MQ
MFD03726.bin.2.145	7693702	MQ
MFD03726.bin.2.146	3013794	MQ
MFD03726.bin.2.148	5448375	MQ
MFD03726.bin.2.15	508602	MQ
MFD03726.bin.2.151	4733041	MQ
MFD03726.bin.2.155	5228624	MQ
MFD03726.bin.2.159	4048798	MQ
MFD03726.bin.2.160	5221188	MQ
MFD03726.bin.2.162	4171134	MQ
MFD03726.bin.2.164	1532202	MQ
MFD03726.bin.2.166	2886539	MQ
MFD03726.bin.2.167	5227237	MQ
MFD03726.bin.2.168	2024973	MQ
MFD03726.bin.2.17	2527275	MQ
MFD03726.bin.2.170	11371911	MQ
MFD03726.bin.2.19	7142699	MQ
MFD03726.bin.2.22	3620253	MQ
MFD03726.bin.2.23	3846638	MQ
MFD03726.bin.2.24	3096159	MQ
MFD03726.bin.2.27	3239484	MQ
MFD03726.bin.2.30	6007693	MQ
MFD03726.bin.2.31	2006702	MQ
MFD03726.bin.2.35	8574393	MQ
MFD03726.bin.2.4	9869519	MQ
MFD03726.bin.2.40	4549253	MQ
MFD03726.bin.2.44	5240656	MQ
MFD03726.bin.2.45	3880376	MQ
MFD03726.bin.2.57	6633362	MQ
MFD03726.bin.2.7	8012707	MQ
MFD03726.bin.2.71	2890509	MQ
MFD03726.bin.2.78	2753204	MQ
MFD03726.bin.2.8	3847206	MQ
MFD03726.bin.2.91	7371668	MQ
MFD03726.bin.2.96	6635471	MQ
MFD03726.bin.2.99	2883702	MQ
MFD03726.bin.3.144	8344565	MQ
MFD03726.bin.3.214	4658112	MQ
MFD03726.bin.3.50	2877257	MQ
MFD03726.bin.3.53	4107515	MQ
MFD03726.bin.3.56	2481032	MQ
MFD03726.bin.3.71	1798656	MQ
MFD03726.bin.3.73	3066597	MQ
MFD03726.bin.3.8	3337156	MQ
MFD03726.bin.3.89	5576117	MQ
MFD03726.bin.4.172	3041870	MQ
MFD03726.bin.4.276	3643739	MQ
MFD03726.bin.4.336	2925262	MQ
MFD03804.bin.1.193	5540625	MQ
MFD03804.bin.1.259	4114475	MQ
MFD03804.bin.1.260	3844161	MQ
MFD03804.bin.1.278	4944499	MQ
MFD03804.bin.1.90	2873346	MQ
MFD03804.bin.2.1	4456245	MQ
MFD03804.bin.2.10	4395493	MQ
MFD03804.bin.2.101	5294125	MQ
MFD03804.bin.2.107	2519704	MQ
MFD03804.bin.2.108	4124404	MQ
MFD03804.bin.2.109	7760910	MQ
MFD03804.bin.2.110	6315064	MQ
MFD03804.bin.2.112	2187354	MQ
MFD03804.bin.2.113	2789706	MQ
MFD03804.bin.2.114	5210910	MQ
MFD03804.bin.2.115	3498912	MQ
MFD03804.bin.2.116	7005344	MQ
MFD03804.bin.2.117	3636273	MQ
MFD03804.bin.2.119	7474274	MQ
MFD03804.bin.2.126	5209756	MQ
MFD03804.bin.2.127	2796108	MQ
MFD03804.bin.2.128	7933344	MQ
MFD03804.bin.2.129	5495195	MQ
MFD03804.bin.2.13	6422586	MQ
MFD03804.bin.2.130	2478362	MQ
MFD03804.bin.2.131	2303085	MQ
MFD03804.bin.2.132	3330221	MQ
MFD03804.bin.2.134	4787380	MQ
MFD03804.bin.2.136	2081747	MQ
MFD03804.bin.2.139	2394723	MQ
MFD03804.bin.2.14	3173808	MQ
MFD03804.bin.2.140	4520963	MQ
MFD03804.bin.2.141	6353825	MQ
MFD03804.bin.2.143	3472955	MQ
MFD03804.bin.2.145	7352531	MQ
MFD03804.bin.2.147	4886323	MQ
MFD03804.bin.2.148	3583739	MQ
MFD03804.bin.2.150	6516954	MQ
MFD03804.bin.2.151	4390260	MQ
MFD03804.bin.2.152	3656870	MQ
MFD03804.bin.2.153	4364397	MQ
MFD03804.bin.2.157	3826506	MQ
MFD03804.bin.2.158	3386266	MQ
MFD03804.bin.2.16	4982731	MQ
MFD03804.bin.2.160	2436025	MQ
MFD03804.bin.2.161	6313139	MQ
MFD03804.bin.2.165	5691517	MQ
MFD03804.bin.2.168	3709698	MQ
MFD03804.bin.2.17	5109546	MQ
MFD03804.bin.2.172	2206235	MQ
MFD03804.bin.2.178	4888868	MQ
MFD03804.bin.2.181	6211250	MQ
MFD03804.bin.2.182	4559397	MQ
MFD03804.bin.2.183	3162992	MQ
MFD03804.bin.2.184	5249939	MQ
MFD03804.bin.2.185	3509508	MQ
MFD03804.bin.2.187	2039553	MQ
MFD03804.bin.2.188	8952605	MQ
MFD03804.bin.2.190	8349655	MQ
MFD03804.bin.2.191	5031304	MQ
MFD03804.bin.2.195	4113555	MQ
MFD03804.bin.2.198	2536272	MQ
MFD03804.bin.2.2	4186844	MQ
MFD03804.bin.2.20	4046427	MQ
MFD03804.bin.2.200	2905397	MQ
MFD03804.bin.2.201	3229430	MQ
MFD03804.bin.2.202	5543777	MQ
MFD03804.bin.2.22	4728648	MQ
MFD03804.bin.2.27	4751596	MQ
MFD03804.bin.2.3	5220864	MQ
MFD03804.bin.2.4	9867014	MQ
MFD03804.bin.2.42	5198482	MQ
MFD03804.bin.2.45	2723372	MQ
MFD03804.bin.2.46	3494832	MQ
MFD03804.bin.2.47	5070875	MQ
MFD03804.bin.2.5	3821993	MQ
MFD03804.bin.2.50	4246097	MQ
MFD03804.bin.2.51	4856586	MQ
MFD03804.bin.2.52	3492883	MQ
MFD03804.bin.2.56	4773285	MQ
MFD03804.bin.2.58	2312550	MQ
MFD03804.bin.2.63	5969051	MQ
MFD03804.bin.2.64	4601815	MQ
MFD03804.bin.2.65	6757162	MQ
MFD03804.bin.2.67	4256194	MQ
MFD03804.bin.2.68	2052707	MQ
MFD03804.bin.2.69	6539373	MQ
MFD03804.bin.2.7	4199510	MQ
MFD03804.bin.2.70	3345876	MQ
MFD03804.bin.2.71	9691024	MQ
MFD03804.bin.2.72	4128374	MQ
MFD03804.bin.2.74	1993007	MQ
MFD03804.bin.2.77	3282904	MQ
MFD03804.bin.2.8	5090473	MQ
MFD03804.bin.2.81	2685804	MQ
MFD03804.bin.2.83	2386558	MQ
MFD03804.bin.2.94	5102946	MQ
MFD03804.bin.2.98	4753283	MQ
MFD03804.bin.3.104	7964439	MQ
MFD03804.bin.3.128	1852457	MQ
MFD03804.bin.3.138	4766422	MQ
MFD03804.bin.3.143	2356344	MQ
MFD03804.bin.3.144	3237374	MQ
MFD03804.bin.3.153	2156585	MQ
MFD03804.bin.3.160	3427156	MQ
MFD03804.bin.3.221	6580515	MQ
MFD03804.bin.3.239	2310285	MQ
MFD03804.bin.3.24	2295663	MQ
MFD03804.bin.3.257	4914644	MQ
MFD03804.bin.3.291	4708692	MQ
MFD03804.bin.3.292	2341615	MQ
MFD03804.bin.3.296	3321136	MQ
MFD03804.bin.3.310	1862459	MQ
MFD03804.bin.3.322	3113107	MQ
MFD03804.bin.3.35	1759270	MQ
MFD03804.bin.3.367	3030571	MQ
MFD03804.bin.3.42	4707326	MQ
MFD03804.bin.3.6	2799814	MQ
MFD03804.bin.3.68	2801325	MQ
MFD03804.bin.3.76	2317647	MQ
MFD03804.bin.3.90	3199589	MQ
MFD03804.bin.3.97	2657913	MQ
MFD03804.bin.3.99	1988145	MQ
MFD03804.bin.4.125	2623099	MQ
MFD03804.bin.4.185	7549935	MQ
MFD03804.bin.4.483	1306178	MQ
MFD03899.bin.2.100	2749255	MQ
MFD03899.bin.2.103	5617913	MQ
MFD03899.bin.2.116	3405881	MQ
MFD03899.bin.2.122	7545684	MQ
MFD03899.bin.2.124	2891852	MQ
MFD03899.bin.2.126	4795422	MQ
MFD03899.bin.2.127	3809298	MQ
MFD03899.bin.2.128	4483595	MQ
MFD03899.bin.2.129	3027886	MQ
MFD03899.bin.2.132	3200106	MQ
MFD03899.bin.2.133	3609523	MQ
MFD03899.bin.2.134	2494199	MQ
MFD03899.bin.2.135	2142104	MQ
MFD03899.bin.2.136	3904777	MQ
MFD03899.bin.2.137	4470355	MQ
MFD03899.bin.2.138	4339113	MQ
MFD03899.bin.2.141	11771132	MQ
MFD03899.bin.2.142	3630913	MQ
MFD03899.bin.2.143	8013949	MQ
MFD03899.bin.2.147	3881865	MQ
MFD03899.bin.2.149	3796816	MQ
MFD03899.bin.2.164	6380329	MQ
MFD03899.bin.2.17	4696441	MQ
MFD03899.bin.2.171	3579337	MQ
MFD03899.bin.2.173	3590159	MQ
MFD03899.bin.2.174	2901472	MQ
MFD03899.bin.2.178	3867920	MQ
MFD03899.bin.2.182	5719640	MQ
MFD03899.bin.2.183	2490970	MQ
MFD03899.bin.2.186	6510250	MQ
MFD03899.bin.2.190	3143300	MQ
MFD03899.bin.2.192	4601379	MQ
MFD03899.bin.2.199	3846898	MQ
MFD03899.bin.2.22	4122560	MQ
MFD03899.bin.2.23	7071819	MQ
MFD03899.bin.2.25	2913918	MQ
MFD03899.bin.2.26	3477019	MQ
MFD03899.bin.2.29	3240684	MQ
MFD03899.bin.2.31	2454828	MQ
MFD03899.bin.2.34	3544410	MQ
MFD03899.bin.2.35	2599990	MQ
MFD03899.bin.2.37	2542336	MQ
MFD03899.bin.2.39	4455378	MQ
MFD03899.bin.2.42	4122289	MQ
MFD03899.bin.2.43	3749029	MQ
MFD03899.bin.2.47	3601853	MQ
MFD03899.bin.2.49	4620621	MQ
MFD03899.bin.2.50	3190519	MQ
MFD03899.bin.2.51	4594980	MQ
MFD03899.bin.2.58	5528449	MQ
MFD03899.bin.2.60	2477191	MQ
MFD03899.bin.2.89	2988799	MQ
MFD03899.bin.2.95	4111607	MQ
MFD03899.bin.3.133	2176501	MQ
MFD03899.bin.3.143	2884039	MQ
MFD03899.bin.3.172	2606578	MQ
MFD03899.bin.3.19	3356764	MQ
MFD03899.bin.3.299	5688543	MQ
MFD03899.bin.3.377	2742287	MQ
MFD03899.bin.4.53	2175157	MQ
MFD03899.bin.4.72	4541405	MQ
MFD03975.bin.2.1	6860651	MQ
MFD03975.bin.2.100	2556709	MQ
MFD03975.bin.2.101	6334898	MQ
MFD03975.bin.2.103	3322336	MQ
MFD03975.bin.2.108	2192364	MQ
MFD03975.bin.2.109	1991857	MQ
MFD03975.bin.2.110	7048081	MQ
MFD03975.bin.2.115	3266782	MQ
MFD03975.bin.2.133	4111330	MQ
MFD03975.bin.2.135	5065519	MQ
MFD03975.bin.2.138	3247971	MQ
MFD03975.bin.2.139	3995207	MQ
MFD03975.bin.2.148	3064114	MQ
MFD03975.bin.2.149	5858093	MQ
MFD03975.bin.2.154	2992523	MQ
MFD03975.bin.2.155	3041464	MQ
MFD03975.bin.2.158	4182946	MQ
MFD03975.bin.2.161	7207006	MQ
MFD03975.bin.2.162	2923751	MQ
MFD03975.bin.2.168	3762084	MQ
MFD03975.bin.2.17	6759969	MQ
MFD03975.bin.2.170	3602107	MQ
MFD03975.bin.2.171	6304886	MQ
MFD03975.bin.2.172	5463309	MQ
MFD03975.bin.2.173	6840424	MQ
MFD03975.bin.2.179	5812546	MQ
MFD03975.bin.2.184	3288128	MQ
MFD03975.bin.2.189	4838293	MQ
MFD03975.bin.2.193	5736304	MQ
MFD03975.bin.2.194	4780552	MQ
MFD03975.bin.2.195	6225083	MQ
MFD03975.bin.2.2	3824625	MQ
MFD03975.bin.2.20	2855712	MQ
MFD03975.bin.2.205	4256146	MQ
MFD03975.bin.2.213	4466298	MQ
MFD03975.bin.2.214	3622451	MQ
MFD03975.bin.2.220	3366634	MQ
MFD03975.bin.2.224	3641286	MQ
MFD03975.bin.2.228	3379348	MQ
MFD03975.bin.2.234	6217197	MQ
MFD03975.bin.2.239	6223243	MQ
MFD03975.bin.2.240	3543333	MQ
MFD03975.bin.2.245	2928968	MQ
MFD03975.bin.2.246	4118465	MQ
MFD03975.bin.2.247	6617005	MQ
MFD03975.bin.2.249	3787978	MQ
MFD03975.bin.2.257	3868249	MQ
MFD03975.bin.2.26	6300714	MQ
MFD03975.bin.2.3	3545962	MQ
MFD03975.bin.2.33	4029402	MQ
MFD03975.bin.2.34	6128969	MQ
MFD03975.bin.2.35	2249460	MQ
MFD03975.bin.2.42	2585162	MQ
MFD03975.bin.2.49	4970426	MQ
MFD03975.bin.2.54	4575270	MQ
MFD03975.bin.2.58	7039754	MQ
MFD03975.bin.2.6	3648972	MQ
MFD03975.bin.2.65	3364510	MQ
MFD03975.bin.2.67	3474455	MQ
MFD03975.bin.2.68	3584254	MQ
MFD03975.bin.2.72	3971460	MQ
MFD03975.bin.2.73	4816625	MQ
MFD03975.bin.2.76	5511418	MQ
MFD03975.bin.2.78	2750124	MQ
MFD03975.bin.2.79	5106373	MQ
MFD03975.bin.2.8	7656628	MQ
MFD03975.bin.2.83	3979394	MQ
MFD03975.bin.2.87	3359296	MQ
MFD03975.bin.2.88	6838634	MQ
MFD03975.bin.2.91	3467687	MQ
MFD03975.bin.2.93	5323301	MQ
MFD03975.bin.2.94	4608285	MQ
MFD03975.bin.3.102	4623310	MQ
MFD03975.bin.3.191	2504796	MQ
MFD03975.bin.3.203	3977965	MQ
MFD03975.bin.3.247	2747489	MQ
MFD03975.bin.3.290	2394566	MQ
MFD03975.bin.3.325	1844804	MQ
MFD03975.bin.3.344	3618654	MQ
MFD03975.bin.3.416	4525988	MQ
MFD03975.bin.3.478	6811302	MQ
MFD03975.bin.3.550	5034745	MQ
MFD03975.bin.3.589	3353107	MQ
MFD03975.bin.3.6	2889164	MQ
MFD03975.bin.3.601	3562334	MQ
MFD03975.bin.3.670	2520231	MQ
MFD03975.bin.3.687	2762229	MQ
MFD03975.bin.3.69	5300446	MQ
MFD03975.bin.3.698	2569060	MQ
MFD03975.bin.4.160	3499971	MQ
MFD03975.bin.4.163	6063243	MQ
MFD03975.bin.4.450	5280131	MQ
MFD03975.bin.4.697	5230244	MQ
MFD04212.bin.1.148	4364235	MQ
MFD04212.bin.1.195	4009882	MQ
MFD04212.bin.1.207	4203883	MQ
MFD04212.bin.1.215	3571271	MQ
MFD04212.bin.1.240	3796783	MQ
MFD04212.bin.1.249	3228504	MQ
MFD04212.bin.1.317	2831590	MQ
MFD04212.bin.2.108	3082211	MQ
MFD04212.bin.2.11	3084063	MQ
MFD04212.bin.2.111	6850752	MQ
MFD04212.bin.2.117	8082890	MQ
MFD04212.bin.2.119	5084287	MQ
MFD04212.bin.2.12	2908655	MQ
MFD04212.bin.2.122	3976700	MQ
MFD04212.bin.2.124	7582080	MQ
MFD04212.bin.2.126	5571024	MQ
MFD04212.bin.2.127	2828915	MQ
MFD04212.bin.2.128	5374837	MQ
MFD04212.bin.2.129	3859215	MQ
MFD04212.bin.2.130	5229121	MQ
MFD04212.bin.2.131	4198724	MQ
MFD04212.bin.2.132	4303142	MQ
MFD04212.bin.2.138	4035228	MQ
MFD04212.bin.2.14	7899817	MQ
MFD04212.bin.2.141	3722947	MQ
MFD04212.bin.2.142	7078931	MQ
MFD04212.bin.2.143	3099175	MQ
MFD04212.bin.2.15	5142490	MQ
MFD04212.bin.2.151	3269643	MQ
MFD04212.bin.2.152	3965280	MQ
MFD04212.bin.2.155	5640651	MQ
MFD04212.bin.2.156	6679219	MQ
MFD04212.bin.2.157	3199286	MQ
MFD04212.bin.2.159	4105232	MQ
MFD04212.bin.2.160	4137959	MQ
MFD04212.bin.2.161	3523123	MQ
MFD04212.bin.2.162	3991310	MQ
MFD04212.bin.2.163	7831642	MQ
MFD04212.bin.2.164	4051933	MQ
MFD04212.bin.2.165	4216649	MQ
MFD04212.bin.2.167	3394264	MQ
MFD04212.bin.2.169	4309979	MQ
MFD04212.bin.2.17	4261266	MQ
MFD04212.bin.2.171	3340054	MQ
MFD04212.bin.2.173	4187132	MQ
MFD04212.bin.2.175	3245963	MQ
MFD04212.bin.2.176	4639185	MQ
MFD04212.bin.2.178	3268425	MQ
MFD04212.bin.2.179	3612627	MQ
MFD04212.bin.2.181	5665261	MQ
MFD04212.bin.2.186	10483080	MQ
MFD04212.bin.2.189	6813247	MQ
MFD04212.bin.2.192	3573495	MQ
MFD04212.bin.2.193	8498980	MQ
MFD04212.bin.2.194	3128810	MQ
MFD04212.bin.2.2	5004905	MQ
MFD04212.bin.2.20	4219890	MQ
MFD04212.bin.2.205	3619540	MQ
MFD04212.bin.2.207	4457714	MQ
MFD04212.bin.2.21	3680373	MQ
MFD04212.bin.2.210	4225507	MQ
MFD04212.bin.2.216	3776735	MQ
MFD04212.bin.2.218	2788981	MQ
MFD04212.bin.2.22	3311213	MQ
MFD04212.bin.2.221	2805243	MQ
MFD04212.bin.2.222	3217041	MQ
MFD04212.bin.2.223	3359178	MQ
MFD04212.bin.2.224	4992305	MQ
MFD04212.bin.2.225	3826715	MQ
MFD04212.bin.2.227	3708591	MQ
MFD04212.bin.2.228	8197537	MQ
MFD04212.bin.2.229	6052088	MQ
MFD04212.bin.2.23	4920438	MQ
MFD04212.bin.2.232	4522776	MQ
MFD04212.bin.2.234	4965788	MQ
MFD04212.bin.2.237	4098808	MQ
MFD04212.bin.2.240	3997640	MQ
MFD04212.bin.2.241	2616852	MQ
MFD04212.bin.2.25	8541503	MQ
MFD04212.bin.2.26	5325228	MQ
MFD04212.bin.2.27	5467317	MQ
MFD04212.bin.2.28	5881211	MQ
MFD04212.bin.2.29	3044267	MQ
MFD04212.bin.2.3	5412557	MQ
MFD04212.bin.2.30	7444612	MQ
MFD04212.bin.2.33	2675419	MQ
MFD04212.bin.2.37	3578419	MQ
MFD04212.bin.2.38	4205137	MQ
MFD04212.bin.2.39	2226990	MQ
MFD04212.bin.2.42	2490442	MQ
MFD04212.bin.2.45	5215104	MQ
MFD04212.bin.2.46	3856158	MQ
MFD04212.bin.2.47	3531160	MQ
MFD04212.bin.2.48	3269640	MQ
MFD04212.bin.2.49	3532994	MQ
MFD04212.bin.2.5	7972771	MQ
MFD04212.bin.2.51	3965902	MQ
MFD04212.bin.2.52	2828191	MQ
MFD04212.bin.2.53	3278022	MQ
MFD04212.bin.2.54	5844683	MQ
MFD04212.bin.2.6	3553756	MQ
MFD04212.bin.2.60	4625287	MQ
MFD04212.bin.2.62	2269296	MQ
MFD04212.bin.2.63	2437916	MQ
MFD04212.bin.2.7	3524308	MQ
MFD04212.bin.2.71	4365833	MQ
MFD04212.bin.2.72	3074842	MQ
MFD04212.bin.2.73	3045472	MQ
MFD04212.bin.2.8	3017759	MQ
MFD04212.bin.2.81	8576783	MQ
MFD04212.bin.2.89	5299136	MQ
MFD04212.bin.2.9	3565864	MQ
MFD04212.bin.3.151	4279021	MQ
MFD04212.bin.3.240	3373307	MQ
MFD04212.bin.3.309	1840343	MQ
MFD04212.bin.3.37	4725839	MQ
MFD04212.bin.3.408	4435387	MQ
MFD04212.bin.3.468	3961246	MQ
MFD04212.bin.3.470	5381437	MQ
MFD04212.bin.3.502	3293349	MQ
MFD04212.bin.3.575	6877092	MQ
MFD04212.bin.3.614	2032077	MQ
MFD04212.bin.3.74	6959227	MQ
MFD04212.bin.3.82	1944906	MQ
MFD04408.bin.1.124	3958657	MQ
MFD04408.bin.1.190	3865312	MQ
MFD04408.bin.1.215	3967205	MQ
MFD04408.bin.1.46	3415043	MQ
MFD04408.bin.1.50	4044209	MQ
MFD04408.bin.1.59	3166953	MQ
MFD04408.bin.2.101	3038744	MQ
MFD04408.bin.2.105	2788978	MQ
MFD04408.bin.2.106	6350615	MQ
MFD04408.bin.2.108	3134827	MQ
MFD04408.bin.2.111	4527848	MQ
MFD04408.bin.2.112	1382120	MQ
MFD04408.bin.2.113	2765884	MQ
MFD04408.bin.2.114	3219367	MQ
MFD04408.bin.2.116	2827693	MQ
MFD04408.bin.2.119	5801555	MQ
MFD04408.bin.2.12	3586594	MQ
MFD04408.bin.2.120	2124937	MQ
MFD04408.bin.2.121	2063421	MQ
MFD04408.bin.2.123	1866503	MQ
MFD04408.bin.2.124	5330030	MQ
MFD04408.bin.2.125	2155741	MQ
MFD04408.bin.2.126	2127559	MQ
MFD04408.bin.2.128	4909227	MQ
MFD04408.bin.2.130	1153649	MQ
MFD04408.bin.2.132	506876	MQ
MFD04408.bin.2.133	2444718	MQ
MFD04408.bin.2.135	2669753	MQ
MFD04408.bin.2.136	720245	MQ
MFD04408.bin.2.137	1789159	MQ
MFD04408.bin.2.138	4030527	MQ
MFD04408.bin.2.143	2018916	MQ
MFD04408.bin.2.145	3480571	MQ
MFD04408.bin.2.149	1653056	MQ
MFD04408.bin.2.15	1630960	MQ
MFD04408.bin.2.153	5959308	MQ
MFD04408.bin.2.154	1057566	MQ
MFD04408.bin.2.160	570527	MQ
MFD04408.bin.2.163	4344207	MQ
MFD04408.bin.2.164	2676613	MQ
MFD04408.bin.2.166	1060501	MQ
MFD04408.bin.2.169	5663206	MQ
MFD04408.bin.2.178	3429518	MQ
MFD04408.bin.2.180	3698693	MQ
MFD04408.bin.2.182	3259296	MQ
MFD04408.bin.2.184	2482010	MQ
MFD04408.bin.2.186	1851731	MQ
MFD04408.bin.2.187	1739932	MQ
MFD04408.bin.2.189	3678156	MQ
MFD04408.bin.2.19	2726666	MQ
MFD04408.bin.2.190	818022	MQ
MFD04408.bin.2.193	3832763	MQ
MFD04408.bin.2.194	1624139	MQ
MFD04408.bin.2.195	4535891	MQ
MFD04408.bin.2.2	2104941	MQ
MFD04408.bin.2.23	3939001	MQ
MFD04408.bin.2.25	2852005	MQ
MFD04408.bin.2.28	2650049	MQ
MFD04408.bin.2.31	4525685	MQ
MFD04408.bin.2.40	1240190	MQ
MFD04408.bin.2.42	4731760	MQ
MFD04408.bin.2.47	2750606	MQ
MFD04408.bin.2.57	3972675	MQ
MFD04408.bin.2.6	6207031	MQ
MFD04408.bin.2.73	5164911	MQ
MFD04408.bin.2.83	1476508	MQ
MFD04408.bin.2.84	3904899	MQ
MFD04408.bin.2.86	2103556	MQ
MFD04408.bin.2.87	4479516	MQ
MFD04408.bin.2.88	2666053	MQ
MFD04408.bin.2.92	516640	MQ
MFD04408.bin.2.94	5107584	MQ
MFD04408.bin.2.96	1978814	MQ
MFD04408.bin.2.99	3204570	MQ
MFD04408.bin.3.102	2344832	MQ
MFD04408.bin.3.196	456325	MQ
MFD04408.bin.3.200	3608867	MQ
MFD04408.bin.3.226	2431120	MQ
MFD04408.bin.3.285	2503261	MQ
MFD04408.bin.3.3	3726159	MQ
MFD04408.bin.3.32	2264319	MQ
MFD04408.bin.3.343	3284355	MQ
MFD04408.bin.3.357	6855813	MQ
MFD04408.bin.3.38	6511391	MQ
MFD04408.bin.3.55	4275245	MQ
MFD04408.bin.3.73	3151244	MQ
MFD04408.bin.3.77	2038828	MQ
MFD04408.bin.3.80	3211894	MQ
MFD04408.bin.4.246	693483	MQ
MFD04408.bin.4.34	1355892	MQ
MFD04428.bin.1.3	4686823	MQ
MFD04428.bin.2.108	3569867	MQ
MFD04428.bin.2.110	2347903	MQ
MFD04428.bin.2.117	3169816	MQ
MFD04428.bin.2.120	2632599	MQ
MFD04428.bin.2.121	3714582	MQ
MFD04428.bin.2.126	5547440	MQ
MFD04428.bin.2.139	7273565	MQ
MFD04428.bin.2.15	4680063	MQ
MFD04428.bin.2.156	5284726	MQ
MFD04428.bin.2.16	3472588	MQ
MFD04428.bin.2.19	3651702	MQ
MFD04428.bin.2.23	5062416	MQ
MFD04428.bin.2.25	4638918	MQ
MFD04428.bin.2.34	4438705	MQ
MFD04428.bin.2.39	439000	MQ
MFD04428.bin.2.40	3940797	MQ
MFD04428.bin.2.41	3512078	MQ
MFD04428.bin.2.44	3961415	MQ
MFD04428.bin.2.46	2924655	MQ
MFD04428.bin.2.58	4487211	MQ
MFD04428.bin.2.59	2851787	MQ
MFD04428.bin.2.6	4046120	MQ
MFD04428.bin.2.7	4845357	MQ
MFD04428.bin.2.73	5233446	MQ
MFD04428.bin.2.79	4448218	MQ
MFD04428.bin.2.81	5098761	MQ
MFD04428.bin.2.85	4472207	MQ
MFD04428.bin.2.87	3115390	MQ
MFD04428.bin.2.88	3082650	MQ
MFD04428.bin.2.89	3867119	MQ
MFD04428.bin.2.9	3826422	MQ
MFD04428.bin.2.97	3068314	MQ
MFD04428.bin.3.125	3717849	MQ
MFD04428.bin.3.128	3553516	MQ
MFD04428.bin.3.385	4991573	MQ
MFD04428.bin.3.392	3196169	MQ
MFD04428.bin.3.448	4002090	MQ
MFD04428.bin.3.46	4325742	MQ
MFD04428.bin.3.55	4473591	MQ
MFD04428.bin.4.321	4806507	MQ
MFD04428.bin.4.611	3192239	MQ
MFD04434.bin.1.138	7656512	MQ
MFD04434.bin.1.14	5711838	MQ
MFD04434.bin.1.187	3297684	MQ
MFD04434.bin.1.191	4648317	MQ
MFD04434.bin.1.202	5615346	MQ
MFD04434.bin.1.48	6816984	MQ
MFD04434.bin.2.10	12380139	MQ
MFD04434.bin.2.101	3337585	MQ
MFD04434.bin.2.110	4190378	MQ
MFD04434.bin.2.117	3651815	MQ
MFD04434.bin.2.125	8815918	MQ
MFD04434.bin.2.128	4086220	MQ
MFD04434.bin.2.13	6295744	MQ
MFD04434.bin.2.131	3574111	MQ
MFD04434.bin.2.138	5635751	MQ
MFD04434.bin.2.14	8607511	MQ
MFD04434.bin.2.141	6240893	MQ
MFD04434.bin.2.142	3391585	MQ
MFD04434.bin.2.143	4959202	MQ
MFD04434.bin.2.145	3860873	MQ
MFD04434.bin.2.146	4529858	MQ
MFD04434.bin.2.15	4981332	MQ
MFD04434.bin.2.18	3397873	MQ
MFD04434.bin.2.19	2916360	MQ
MFD04434.bin.2.22	4007410	MQ
MFD04434.bin.2.23	2806132	MQ
MFD04434.bin.2.26	4333856	MQ
MFD04434.bin.2.29	3646597	MQ
MFD04434.bin.2.30	2294404	MQ
MFD04434.bin.2.32	7045915	MQ
MFD04434.bin.2.33	4870843	MQ
MFD04434.bin.2.36	7024425	MQ
MFD04434.bin.2.38	3329952	MQ
MFD04434.bin.2.40	4602426	MQ
MFD04434.bin.2.42	1170842	MQ
MFD04434.bin.2.46	2909770	MQ
MFD04434.bin.2.50	14363738	MQ
MFD04434.bin.2.51	3613913	MQ
MFD04434.bin.2.6	6626754	MQ
MFD04434.bin.2.61	5161906	MQ
MFD04434.bin.2.73	5051674	MQ
MFD04434.bin.2.75	3221490	MQ
MFD04434.bin.2.76	3672368	MQ
MFD04434.bin.2.78	8524939	MQ
MFD04434.bin.2.8	7845640	MQ
MFD04434.bin.2.88	4198128	MQ
MFD04434.bin.2.9	5087644	MQ
MFD04434.bin.2.93	7110481	MQ
MFD04434.bin.2.94	3052649	MQ
MFD04434.bin.3.182	6976618	MQ
MFD04434.bin.3.229	4515976	MQ
MFD04434.bin.3.237	3595400	MQ
MFD04434.bin.3.42	8960414	MQ
MFD04434.bin.3.45	4290575	MQ
MFD04434.bin.3.71	5860024	MQ
MFD04434.bin.4.88	4788970	MQ
MFD04463.bin.1.210	7844268	MQ
MFD04463.bin.1.228	5357314	MQ
MFD04463.bin.1.235	7903947	MQ
MFD04463.bin.1.70	5109054	MQ
MFD04463.bin.1.84	3270043	MQ
MFD04463.bin.2.10	4605178	MQ
MFD04463.bin.2.100	10591715	MQ
MFD04463.bin.2.101	4675345	MQ
MFD04463.bin.2.104	6987046	MQ
MFD04463.bin.2.105	4885501	MQ
MFD04463.bin.2.107	9047117	MQ
MFD04463.bin.2.108	13092370	MQ
MFD04463.bin.2.111	4111816	MQ
MFD04463.bin.2.113	8968180	MQ
MFD04463.bin.2.12	6696262	MQ
MFD04463.bin.2.123	8792621	MQ
MFD04463.bin.2.13	5378191	MQ
MFD04463.bin.2.136	4181606	MQ
MFD04463.bin.2.14	7614912	MQ
MFD04463.bin.2.142	4919429	MQ
MFD04463.bin.2.144	6313038	MQ
MFD04463.bin.2.145	4458653	MQ
MFD04463.bin.2.146	7876363	MQ
MFD04463.bin.2.147	3596508	MQ
MFD04463.bin.2.156	7817095	MQ
MFD04463.bin.2.157	2918284	MQ
MFD04463.bin.2.158	4212230	MQ
MFD04463.bin.2.159	7011590	MQ
MFD04463.bin.2.16	3892707	MQ
MFD04463.bin.2.162	8743784	MQ
MFD04463.bin.2.165	5218109	MQ
MFD04463.bin.2.167	14266732	MQ
MFD04463.bin.2.174	5124122	MQ
MFD04463.bin.2.175	5182052	MQ
MFD04463.bin.2.177	7927275	MQ
MFD04463.bin.2.18	3893563	MQ
MFD04463.bin.2.181	3018108	MQ
MFD04463.bin.2.184	2151020	MQ
MFD04463.bin.2.185	4362190	MQ
MFD04463.bin.2.187	3799385	MQ
MFD04463.bin.2.19	5893427	MQ
MFD04463.bin.2.191	8973126	MQ
MFD04463.bin.2.192	4912941	MQ
MFD04463.bin.2.194	5696613	MQ
MFD04463.bin.2.196	2619416	MQ
MFD04463.bin.2.20	4222026	MQ
MFD04463.bin.2.201	4812807	MQ
MFD04463.bin.2.202	5984735	MQ
MFD04463.bin.2.207	3330358	MQ
MFD04463.bin.2.208	3996663	MQ
MFD04463.bin.2.21	3336702	MQ
MFD04463.bin.2.212	5860965	MQ
MFD04463.bin.2.213	5042268	MQ
MFD04463.bin.2.214	8627556	MQ
MFD04463.bin.2.215	4793166	MQ
MFD04463.bin.2.219	2050289	MQ
MFD04463.bin.2.220	3990937	MQ
MFD04463.bin.2.221	4553392	MQ
MFD04463.bin.2.226	7464827	MQ
MFD04463.bin.2.227	9706205	MQ
MFD04463.bin.2.228	16071794	MQ
MFD04463.bin.2.229	3539397	MQ
MFD04463.bin.2.23	2885516	MQ
MFD04463.bin.2.232	6202286	MQ
MFD04463.bin.2.25	6454849	MQ
MFD04463.bin.2.28	4712939	MQ
MFD04463.bin.2.29	3787520	MQ
MFD04463.bin.2.3	4963308	MQ
MFD04463.bin.2.33	3302304	MQ
MFD04463.bin.2.34	8162070	MQ
MFD04463.bin.2.36	12875866	MQ
MFD04463.bin.2.4	3991909	MQ
MFD04463.bin.2.44	7532724	MQ
MFD04463.bin.2.45	6217662	MQ
MFD04463.bin.2.46	11343512	MQ
MFD04463.bin.2.51	4905536	MQ
MFD04463.bin.2.57	9381640	MQ
MFD04463.bin.2.6	5429289	MQ
MFD04463.bin.2.62	3576154	MQ
MFD04463.bin.2.63	4880834	MQ
MFD04463.bin.2.67	3522562	MQ
MFD04463.bin.2.69	3319728	MQ
MFD04463.bin.2.7	2608895	MQ
MFD04463.bin.2.71	3809598	MQ
MFD04463.bin.2.74	4416719	MQ
MFD04463.bin.2.76	5267748	MQ
MFD04463.bin.2.79	8519441	MQ
MFD04463.bin.2.80	6303567	MQ
MFD04463.bin.2.81	13082869	MQ
MFD04463.bin.2.82	7949268	MQ
MFD04463.bin.2.86	5301766	MQ
MFD04463.bin.2.87	7771398	MQ
MFD04463.bin.2.88	4706079	MQ
MFD04463.bin.2.96	2575704	MQ
MFD04463.bin.2.97	12854078	MQ
MFD04463.bin.3.111	6450579	MQ
MFD04463.bin.3.136	8042863	MQ
MFD04463.bin.3.148	3374626	MQ
MFD04463.bin.3.208	3073693	MQ
MFD04463.bin.3.342	5384996	MQ
MFD04463.bin.3.6	7130041	MQ
MFD04463.bin.3.94	2281259	MQ
MFD04463.bin.4.524	5999377	MQ
MFD04492.bin.1.130	7032544	MQ
MFD04492.bin.1.163	2469363	MQ
MFD04492.bin.2.1	6708630	MQ
MFD04492.bin.2.10	6451808	MQ
MFD04492.bin.2.100	2422166	MQ
MFD04492.bin.2.103	4325987	MQ
MFD04492.bin.2.104	2130315	MQ
MFD04492.bin.2.105	6632825	MQ
MFD04492.bin.2.106	7134306	MQ
MFD04492.bin.2.107	5095432	MQ
MFD04492.bin.2.109	3903009	MQ
MFD04492.bin.2.111	2346338	MQ
MFD04492.bin.2.113	4046276	MQ
MFD04492.bin.2.114	1848136	MQ
MFD04492.bin.2.115	4369355	MQ
MFD04492.bin.2.117	3305480	MQ
MFD04492.bin.2.118	2791954	MQ
MFD04492.bin.2.12	3769888	MQ
MFD04492.bin.2.120	4438977	MQ
MFD04492.bin.2.122	2086220	MQ
MFD04492.bin.2.123	2798061	MQ
MFD04492.bin.2.127	6582164	MQ
MFD04492.bin.2.129	5261274	MQ
MFD04492.bin.2.13	3656125	MQ
MFD04492.bin.2.131	3283892	MQ
MFD04492.bin.2.132	4225362	MQ
MFD04492.bin.2.134	5577224	MQ
MFD04492.bin.2.137	4853994	MQ
MFD04492.bin.2.144	4837894	MQ
MFD04492.bin.2.147	5350860	MQ
MFD04492.bin.2.15	2249795	MQ
MFD04492.bin.2.153	2926716	MQ
MFD04492.bin.2.154	2313559	MQ
MFD04492.bin.2.156	3512958	MQ
MFD04492.bin.2.157	3403609	MQ
MFD04492.bin.2.16	723485	MQ
MFD04492.bin.2.162	4852888	MQ
MFD04492.bin.2.164	1941736	MQ
MFD04492.bin.2.165	5174893	MQ
MFD04492.bin.2.17	3861884	MQ
MFD04492.bin.2.18	2475483	MQ
MFD04492.bin.2.2	3232715	MQ
MFD04492.bin.2.22	580274	MQ
MFD04492.bin.2.26	4433184	MQ
MFD04492.bin.2.27	4550509	MQ
MFD04492.bin.2.29	2057182	MQ
MFD04492.bin.2.31	714563	MQ
MFD04492.bin.2.32	6455046	MQ
MFD04492.bin.2.38	3033107	MQ
MFD04492.bin.2.4	8349799	MQ
MFD04492.bin.2.43	2934607	MQ
MFD04492.bin.2.44	1293735	MQ
MFD04492.bin.2.45	1761235	MQ
MFD04492.bin.2.50	2726217	MQ
MFD04492.bin.2.51	5114278	MQ
MFD04492.bin.2.52	7700118	MQ
MFD04492.bin.2.53	3314822	MQ
MFD04492.bin.2.64	5572777	MQ
MFD04492.bin.2.7	5194897	MQ
MFD04492.bin.2.79	2986290	MQ
MFD04492.bin.2.8	4765344	MQ
MFD04492.bin.2.85	3923642	MQ
MFD04492.bin.2.86	5846528	MQ
MFD04492.bin.2.89	4990537	MQ
MFD04492.bin.2.9	3355957	MQ
MFD04492.bin.2.96	2183913	MQ
MFD04492.bin.2.97	4324390	MQ
MFD04492.bin.2.98	4923243	MQ
MFD04492.bin.2.99	2502380	MQ
MFD04492.bin.3.137	3691030	MQ
MFD04492.bin.3.148	5592852	MQ
MFD04492.bin.3.210	6068884	MQ
MFD04492.bin.3.60	2186092	MQ
MFD04492.bin.3.7	3436494	MQ
MFD04492.bin.3.97	4502814	MQ
MFD04492.bin.4.99	4211623	MQ
MFD04540.bin.1.136	4962526	MQ
MFD04540.bin.1.15	4872214	MQ
MFD04540.bin.1.156	6453206	MQ
MFD04540.bin.1.22	2925071	MQ
MFD04540.bin.1.75	3478031	MQ
MFD04540.bin.2.10	865209	MQ
MFD04540.bin.2.101	2995003	MQ
MFD04540.bin.2.104	8894787	MQ
MFD04540.bin.2.11	1026153	MQ
MFD04540.bin.2.12	829201	MQ
MFD04540.bin.2.13	6207208	MQ
MFD04540.bin.2.15	2403671	MQ
MFD04540.bin.2.17	5763356	MQ
MFD04540.bin.2.19	3177384	MQ
MFD04540.bin.2.21	4494033	MQ
MFD04540.bin.2.23	3813497	MQ
MFD04540.bin.2.24	4617952	MQ
MFD04540.bin.2.25	4453529	MQ
MFD04540.bin.2.26	4180278	MQ
MFD04540.bin.2.28	5113990	MQ
MFD04540.bin.2.29	6974373	MQ
MFD04540.bin.2.3	5996777	MQ
MFD04540.bin.2.30	3615288	MQ
MFD04540.bin.2.31	4498672	MQ
MFD04540.bin.2.35	8309217	MQ
MFD04540.bin.2.36	5019162	MQ
MFD04540.bin.2.38	5088261	MQ
MFD04540.bin.2.39	4939548	MQ
MFD04540.bin.2.40	3954767	MQ
MFD04540.bin.2.41	7183360	MQ
MFD04540.bin.2.42	8990240	MQ
MFD04540.bin.2.43	4411705	MQ
MFD04540.bin.2.44	3324665	MQ
MFD04540.bin.2.45	5286070	MQ
MFD04540.bin.2.46	3546929	MQ
MFD04540.bin.2.47	5380645	MQ
MFD04540.bin.2.48	3163511	MQ
MFD04540.bin.2.50	1946189	MQ
MFD04540.bin.2.51	2542505	MQ
MFD04540.bin.2.52	5390134	MQ
MFD04540.bin.2.53	5083117	MQ
MFD04540.bin.2.54	7009697	MQ
MFD04540.bin.2.55	2655807	MQ
MFD04540.bin.2.56	4732326	MQ
MFD04540.bin.2.57	3326643	MQ
MFD04540.bin.2.58	1617282	MQ
MFD04540.bin.2.59	4159198	MQ
MFD04540.bin.2.6	3541020	MQ
MFD04540.bin.2.61	2446749	MQ
MFD04540.bin.2.62	13619799	MQ
MFD04540.bin.2.63	5086171	MQ
MFD04540.bin.2.64	3071593	MQ
MFD04540.bin.2.69	10080962	MQ
MFD04540.bin.2.74	4115194	MQ
MFD04540.bin.2.77	2802188	MQ
MFD04540.bin.2.78	4746906	MQ
MFD04540.bin.2.79	6081302	MQ
MFD04540.bin.2.81	4050986	MQ
MFD04540.bin.2.84	5661610	MQ
MFD04540.bin.2.87	4967256	MQ
MFD04540.bin.2.92	4119740	MQ
MFD04540.bin.2.93	3577400	MQ
MFD04540.bin.2.95	3861334	MQ
MFD04540.bin.2.97	3721508	MQ
MFD04540.bin.2.99	1745236	MQ
MFD04540.bin.3.125	3735787	MQ
MFD04540.bin.3.143	2670589	MQ
MFD04540.bin.3.16	4216134	MQ
MFD04540.bin.3.176	6098249	MQ
MFD04540.bin.3.177	4039017	MQ
MFD04540.bin.3.21	647554	MQ
MFD04540.bin.3.212	3266443	MQ
MFD04540.bin.3.34	3130953	MQ
MFD04540.bin.3.47	2404222	MQ
MFD04540.bin.3.53	3847437	MQ
MFD04540.bin.3.55	609610	MQ
MFD04540.bin.3.9	3415116	MQ
MFD04540.bin.4.124	2514249	MQ
MFD04540.bin.4.14	6185822	MQ
MFD04540.bin.4.150	3398742	MQ
MFD04540.bin.4.56	4260499	MQ
MFD04570.bin.1.2	5370836	MQ
MFD04570.bin.1.50	6482644	MQ
MFD04570.bin.1.60	4866466	MQ
MFD04570.bin.2.106	4876323	MQ
MFD04570.bin.2.107	6075423	MQ
MFD04570.bin.2.112	6475042	MQ
MFD04570.bin.2.116	6809841	MQ
MFD04570.bin.2.12	2974430	MQ
MFD04570.bin.2.4	3869145	MQ
MFD04570.bin.2.48	6245808	MQ
MFD04570.bin.2.58	3304827	MQ
MFD04570.bin.2.66	4437350	MQ
MFD04570.bin.2.67	4781221	MQ
MFD04570.bin.2.80	3412666	MQ
MFD04570.bin.2.95	7156048	MQ
MFD04570.bin.3.119	4616429	MQ
MFD04570.bin.3.144	4359597	MQ
MFD04570.bin.3.19	3159618	MQ
MFD04570.bin.3.20	3517414	MQ
MFD04570.bin.3.376	4151717	MQ
MFD04570.bin.3.404	3246093	MQ
MFD04570.bin.3.94	4587798	MQ
MFD04570.bin.4.28	6844092	MQ
MFD04570.bin.4.556	4447611	MQ
MFD04570.bin.4.596	3436453	MQ
MFD04580.bin.1.142	5252163	MQ
MFD04580.bin.1.169	3322711	MQ
MFD04580.bin.1.24	3576836	MQ
MFD04580.bin.1.41	4626157	MQ
MFD04580.bin.1.75	3698413	MQ
MFD04580.bin.1.77	5305242	MQ
MFD04580.bin.2.1	3306535	MQ
MFD04580.bin.2.10	4093460	MQ
MFD04580.bin.2.104	4267472	MQ
MFD04580.bin.2.109	4017171	MQ
MFD04580.bin.2.11	4465578	MQ
MFD04580.bin.2.110	5108294	MQ
MFD04580.bin.2.111	4495269	MQ
MFD04580.bin.2.112	8007204	MQ
MFD04580.bin.2.113	6103355	MQ
MFD04580.bin.2.116	2744836	MQ
MFD04580.bin.2.117	3141840	MQ
MFD04580.bin.2.119	4203073	MQ
MFD04580.bin.2.12	3944542	MQ
MFD04580.bin.2.121	4615675	MQ
MFD04580.bin.2.122	5392484	MQ
MFD04580.bin.2.123	3186167	MQ
MFD04580.bin.2.124	2725770	MQ
MFD04580.bin.2.125	2946910	MQ
MFD04580.bin.2.129	5177350	MQ
MFD04580.bin.2.13	3861311	MQ
MFD04580.bin.2.131	3403869	MQ
MFD04580.bin.2.132	4163740	MQ
MFD04580.bin.2.14	3199505	MQ
MFD04580.bin.2.15	2782829	MQ
MFD04580.bin.2.2	8192599	MQ
MFD04580.bin.2.20	3195596	MQ
MFD04580.bin.2.21	3055349	MQ
MFD04580.bin.2.23	4324670	MQ
MFD04580.bin.2.24	3745138	MQ
MFD04580.bin.2.25	4184541	MQ
MFD04580.bin.2.26	4752847	MQ
MFD04580.bin.2.28	3585179	MQ
MFD04580.bin.2.3	5090474	MQ
MFD04580.bin.2.30	7536678	MQ
MFD04580.bin.2.47	5130461	MQ
MFD04580.bin.2.49	1675236	MQ
MFD04580.bin.2.5	2817840	MQ
MFD04580.bin.2.50	7479055	MQ
MFD04580.bin.2.53	5187113	MQ
MFD04580.bin.2.54	2590069	MQ
MFD04580.bin.2.56	5159174	MQ
MFD04580.bin.2.57	5836258	MQ
MFD04580.bin.2.58	4582023	MQ
MFD04580.bin.2.6	4319131	MQ
MFD04580.bin.2.60	5708607	MQ
MFD04580.bin.2.61	3208219	MQ
MFD04580.bin.2.66	3813296	MQ
MFD04580.bin.2.67	5618522	MQ
MFD04580.bin.2.7	5204530	MQ
MFD04580.bin.2.71	4733458	MQ
MFD04580.bin.2.72	4257495	MQ
MFD04580.bin.2.74	4761962	MQ
MFD04580.bin.2.75	7859362	MQ
MFD04580.bin.2.77	1829651	MQ
MFD04580.bin.2.78	8145696	MQ
MFD04580.bin.2.79	2948849	MQ
MFD04580.bin.2.82	3137232	MQ
MFD04580.bin.2.85	3591133	MQ
MFD04580.bin.2.86	5742356	MQ
MFD04580.bin.2.87	2492495	MQ
MFD04580.bin.2.88	4882560	MQ
MFD04580.bin.2.9	3799131	MQ
MFD04580.bin.2.91	2602239	MQ
MFD04580.bin.2.93	4215461	MQ
MFD04580.bin.2.95	5258685	MQ
MFD04580.bin.2.97	4671121	MQ
MFD04580.bin.2.99	5419703	MQ
MFD04580.bin.3.102	3435356	MQ
MFD04580.bin.3.103	3195768	MQ
MFD04580.bin.3.11	4968357	MQ
MFD04580.bin.3.130	3770217	MQ
MFD04580.bin.3.141	3391721	MQ
MFD04580.bin.3.145	3807185	MQ
MFD04580.bin.3.179	4209696	MQ
MFD04580.bin.3.181	5138564	MQ
MFD04580.bin.3.183	3617293	MQ
MFD04580.bin.3.31	4115640	MQ
MFD04580.bin.3.361	5152274	MQ
MFD04580.bin.3.64	4160705	MQ
MFD04580.bin.4.256	3199901	MQ
MFD04651.bin.1.130	5908032	MQ
MFD04651.bin.1.142	3794433	MQ
MFD04651.bin.1.20	2484929	MQ
MFD04651.bin.1.38	4048724	MQ
MFD04651.bin.1.45	3604351	MQ
MFD04651.bin.2.10	4420412	MQ
MFD04651.bin.2.101	2293516	MQ
MFD04651.bin.2.102	3180457	MQ
MFD04651.bin.2.103	3833995	MQ
MFD04651.bin.2.105	5387365	MQ
MFD04651.bin.2.106	3867772	MQ
MFD04651.bin.2.108	2790024	MQ
MFD04651.bin.2.114	3136584	MQ
MFD04651.bin.2.115	3535617	MQ
MFD04651.bin.2.116	2876975	MQ
MFD04651.bin.2.118	4427003	MQ
MFD04651.bin.2.119	3097946	MQ
MFD04651.bin.2.12	3696474	MQ
MFD04651.bin.2.120	4511209	MQ
MFD04651.bin.2.121	4091353	MQ
MFD04651.bin.2.122	4378651	MQ
MFD04651.bin.2.123	2828255	MQ
MFD04651.bin.2.124	3646319	MQ
MFD04651.bin.2.126	3364997	MQ
MFD04651.bin.2.127	3472546	MQ
MFD04651.bin.2.128	4309475	MQ
MFD04651.bin.2.129	3040993	MQ
MFD04651.bin.2.131	4670308	MQ
MFD04651.bin.2.132	5261092	MQ
MFD04651.bin.2.133	4421326	MQ
MFD04651.bin.2.136	3212058	MQ
MFD04651.bin.2.137	3418393	MQ
MFD04651.bin.2.139	3212180	MQ
MFD04651.bin.2.142	4430453	MQ
MFD04651.bin.2.145	4320957	MQ
MFD04651.bin.2.146	4534187	MQ
MFD04651.bin.2.149	3544457	MQ
MFD04651.bin.2.15	5956542	MQ
MFD04651.bin.2.152	3562833	MQ
MFD04651.bin.2.153	3882198	MQ
MFD04651.bin.2.154	3609400	MQ
MFD04651.bin.2.155	3936191	MQ
MFD04651.bin.2.156	5360689	MQ
MFD04651.bin.2.158	3716602	MQ
MFD04651.bin.2.161	4946973	MQ
MFD04651.bin.2.164	4554024	MQ
MFD04651.bin.2.165	3562860	MQ
MFD04651.bin.2.167	4455272	MQ
MFD04651.bin.2.168	4055928	MQ
MFD04651.bin.2.170	5053452	MQ
MFD04651.bin.2.171	3460016	MQ
MFD04651.bin.2.173	5233720	MQ
MFD04651.bin.2.174	3693784	MQ
MFD04651.bin.2.180	3423394	MQ
MFD04651.bin.2.182	4876706	MQ
MFD04651.bin.2.2	3854755	MQ
MFD04651.bin.2.20	3525983	MQ
MFD04651.bin.2.22	5106756	MQ
MFD04651.bin.2.23	3499588	MQ
MFD04651.bin.2.28	3143322	MQ
MFD04651.bin.2.29	2546823	MQ
MFD04651.bin.2.30	5952068	MQ
MFD04651.bin.2.31	5188713	MQ
MFD04651.bin.2.32	2892128	MQ
MFD04651.bin.2.34	4582074	MQ
MFD04651.bin.2.36	6942633	MQ
MFD04651.bin.2.38	5031032	MQ
MFD04651.bin.2.39	4630459	MQ
MFD04651.bin.2.40	4553003	MQ
MFD04651.bin.2.41	2878292	MQ
MFD04651.bin.2.42	3167720	MQ
MFD04651.bin.2.43	3629682	MQ
MFD04651.bin.2.44	5250680	MQ
MFD04651.bin.2.46	5222402	MQ
MFD04651.bin.2.48	4884731	MQ
MFD04651.bin.2.49	3744804	MQ
MFD04651.bin.2.52	6088987	MQ
MFD04651.bin.2.53	3403903	MQ
MFD04651.bin.2.55	2543277	MQ
MFD04651.bin.2.57	2827079	MQ
MFD04651.bin.2.58	2964698	MQ
MFD04651.bin.2.6	3368152	MQ
MFD04651.bin.2.61	3827536	MQ
MFD04651.bin.2.62	3688732	MQ
MFD04651.bin.2.7	3233587	MQ
MFD04651.bin.2.72	3611232	MQ
MFD04651.bin.2.75	4421376	MQ
MFD04651.bin.2.77	3664848	MQ
MFD04651.bin.2.8	3098442	MQ
MFD04651.bin.2.81	3379989	MQ
MFD04651.bin.2.84	3504057	MQ
MFD04651.bin.2.88	5047208	MQ
MFD04651.bin.2.9	5057768	MQ
MFD04651.bin.2.90	3507120	MQ
MFD04651.bin.2.91	3763177	MQ
MFD04651.bin.2.94	4807124	MQ
MFD04651.bin.2.95	5585140	MQ
MFD04651.bin.2.97	6749821	MQ
MFD04651.bin.2.98	4635176	MQ
MFD04651.bin.2.99	5104858	MQ
MFD04651.bin.3.107	2572356	MQ
MFD04651.bin.3.129	2198216	MQ
MFD04651.bin.3.130	2697288	MQ
MFD04651.bin.3.154	1496217	MQ
MFD04651.bin.3.182	3336073	MQ
MFD04651.bin.3.237	3794629	MQ
MFD04651.bin.3.366	3131191	MQ
MFD04651.bin.3.44	4646927	MQ
MFD04651.bin.3.7	3228967	MQ
MFD04651.bin.3.78	5176010	MQ
MFD04651.bin.4.368	3204437	MQ
MFD04651.bin.4.75	4803510	MQ
MFD04716.bin.1.121	3673687	MQ
MFD04716.bin.1.126	910183	MQ
MFD04716.bin.1.162	1496761	MQ
MFD04716.bin.1.223	3577828	MQ
MFD04716.bin.1.357	2711594	MQ
MFD04716.bin.1.69	4061798	MQ
MFD04716.bin.1.80	4027913	MQ
MFD04716.bin.2.100	3410409	MQ
MFD04716.bin.2.101	3188606	MQ
MFD04716.bin.2.102	3717526	MQ
MFD04716.bin.2.103	2815839	MQ
MFD04716.bin.2.104	3950090	MQ
MFD04716.bin.2.108	4637778	MQ
MFD04716.bin.2.109	3494461	MQ
MFD04716.bin.2.110	2735577	MQ
MFD04716.bin.2.111	4169865	MQ
MFD04716.bin.2.112	2989743	MQ
MFD04716.bin.2.115	6153621	MQ
MFD04716.bin.2.116	2325333	MQ
MFD04716.bin.2.120	4361379	MQ
MFD04716.bin.2.127	5897036	MQ
MFD04716.bin.2.130	4393886	MQ
MFD04716.bin.2.14	1517628	MQ
MFD04716.bin.2.141	4929975	MQ
MFD04716.bin.2.143	4493429	MQ
MFD04716.bin.2.148	3412252	MQ
MFD04716.bin.2.159	4544405	MQ
MFD04716.bin.2.161	3031360	MQ
MFD04716.bin.2.168	4178013	MQ
MFD04716.bin.2.17	2821636	MQ
MFD04716.bin.2.170	3244388	MQ
MFD04716.bin.2.173	5344739	MQ
MFD04716.bin.2.174	4356210	MQ
MFD04716.bin.2.176	3156669	MQ
MFD04716.bin.2.177	5733810	MQ
MFD04716.bin.2.178	4359546	MQ
MFD04716.bin.2.180	5950607	MQ
MFD04716.bin.2.181	4678877	MQ
MFD04716.bin.2.183	5278942	MQ
MFD04716.bin.2.184	5043592	MQ
MFD04716.bin.2.185	3298553	MQ
MFD04716.bin.2.187	10015028	MQ
MFD04716.bin.2.188	4264429	MQ
MFD04716.bin.2.189	2842220	MQ
MFD04716.bin.2.190	2597617	MQ
MFD04716.bin.2.191	2779753	MQ
MFD04716.bin.2.192	3874566	MQ
MFD04716.bin.2.193	4437621	MQ
MFD04716.bin.2.196	2715412	MQ
MFD04716.bin.2.212	3340516	MQ
MFD04716.bin.2.213	2053895	MQ
MFD04716.bin.2.215	2827096	MQ
MFD04716.bin.2.216	3369777	MQ
MFD04716.bin.2.217	2515952	MQ
MFD04716.bin.2.219	2594198	MQ
MFD04716.bin.2.223	4275656	MQ
MFD04716.bin.2.225	3301462	MQ
MFD04716.bin.2.226	2860902	MQ
MFD04716.bin.2.229	4637739	MQ
MFD04716.bin.2.232	2947538	MQ
MFD04716.bin.2.236	3051248	MQ
MFD04716.bin.2.239	4201691	MQ
MFD04716.bin.2.240	4189163	MQ
MFD04716.bin.2.242	4770110	MQ
MFD04716.bin.2.246	4195908	MQ
MFD04716.bin.2.251	5123290	MQ
MFD04716.bin.2.253	3695295	MQ
MFD04716.bin.2.254	3150323	MQ
MFD04716.bin.2.256	4989649	MQ
MFD04716.bin.2.259	2570482	MQ
MFD04716.bin.2.261	3294292	MQ
MFD04716.bin.2.262	1303246	MQ
MFD04716.bin.2.264	2835686	MQ
MFD04716.bin.2.267	4662686	MQ
MFD04716.bin.2.269	3332554	MQ
MFD04716.bin.2.274	4173255	MQ
MFD04716.bin.2.275	3147346	MQ
MFD04716.bin.2.29	3215439	MQ
MFD04716.bin.2.292	2690864	MQ
MFD04716.bin.2.293	5122503	MQ
MFD04716.bin.2.296	4675322	MQ
MFD04716.bin.2.297	1798034	MQ
MFD04716.bin.2.298	10120852	MQ
MFD04716.bin.2.305	1540366	MQ
MFD04716.bin.2.306	5222422	MQ
MFD04716.bin.2.307	4848643	MQ
MFD04716.bin.2.31	6328194	MQ
MFD04716.bin.2.310	4457105	MQ
MFD04716.bin.2.314	2488681	MQ
MFD04716.bin.2.315	4482972	MQ
MFD04716.bin.2.316	2827924	MQ
MFD04716.bin.2.32	6513297	MQ
MFD04716.bin.2.320	2554044	MQ
MFD04716.bin.2.322	2835578	MQ
MFD04716.bin.2.33	6401297	MQ
MFD04716.bin.2.35	4830277	MQ
MFD04716.bin.2.36	2497698	MQ
MFD04716.bin.2.43	5445863	MQ
MFD04716.bin.2.48	2942919	MQ
MFD04716.bin.2.49	3009492	MQ
MFD04716.bin.2.50	3256169	MQ
MFD04716.bin.2.51	2871567	MQ
MFD04716.bin.2.53	853400	MQ
MFD04716.bin.2.54	4375880	MQ
MFD04716.bin.2.57	2082748	MQ
MFD04716.bin.2.6	2515328	MQ
MFD04716.bin.2.60	2901597	MQ
MFD04716.bin.2.61	3644181	MQ
MFD04716.bin.2.62	3924166	MQ
MFD04716.bin.2.64	2864153	MQ
MFD04716.bin.2.67	2490890	MQ
MFD04716.bin.2.68	2931787	MQ
MFD04716.bin.2.7	2383884	MQ
MFD04716.bin.2.70	4422532	MQ
MFD04716.bin.2.72	3153531	MQ
MFD04716.bin.2.78	3719835	MQ
MFD04716.bin.2.80	3921597	MQ
MFD04716.bin.2.81	3892694	MQ
MFD04716.bin.2.88	2668322	MQ
MFD04716.bin.2.89	5541568	MQ
MFD04716.bin.2.9	3377657	MQ
MFD04716.bin.2.91	4097924	MQ
MFD04716.bin.2.92	3799532	MQ
MFD04716.bin.2.93	3750382	MQ
MFD04716.bin.3.15	2759748	MQ
MFD04716.bin.3.162	3953501	MQ
MFD04716.bin.3.165	2701681	MQ
MFD04716.bin.3.17	2792409	MQ
MFD04716.bin.3.184	5179318	MQ
MFD04716.bin.3.19	1726425	MQ
MFD04716.bin.3.205	2117789	MQ
MFD04716.bin.3.258	7393820	MQ
MFD04716.bin.3.272	1141321	MQ
MFD04716.bin.3.275	3240069	MQ
MFD04716.bin.3.279	2641928	MQ
MFD04716.bin.3.284	3941053	MQ
MFD04716.bin.3.320	3820945	MQ
MFD04716.bin.3.326	2882634	MQ
MFD04716.bin.3.335	5834511	MQ
MFD04716.bin.3.342	4488227	MQ
MFD04716.bin.3.355	5036832	MQ
MFD04716.bin.3.364	3239785	MQ
MFD04716.bin.3.385	2993331	MQ
MFD04716.bin.3.389	3548528	MQ
MFD04716.bin.3.391	2373557	MQ
MFD04716.bin.3.418	1187064	MQ
MFD04716.bin.3.43	2886221	MQ
MFD04716.bin.3.457	3114760	MQ
MFD04716.bin.3.469	4626308	MQ
MFD04716.bin.3.485	3343802	MQ
MFD04716.bin.3.56	3926026	MQ
MFD04716.bin.3.589	6076024	MQ
MFD04716.bin.3.597	4309063	MQ
MFD04716.bin.3.624	3131317	MQ
MFD04716.bin.3.684	5324814	MQ
MFD04716.bin.3.7	3342226	MQ
MFD04716.bin.3.727	3214165	MQ
MFD04716.bin.3.754	2819577	MQ
MFD04716.bin.3.812	5752456	MQ
MFD04716.bin.3.827	3490828	MQ
MFD04716.bin.4.291	2685484	MQ
MFD04716.bin.4.337	4801331	MQ
MFD04716.bin.4.536	4235377	MQ
MFD04752.bin.1.158	3752379	MQ
MFD04752.bin.1.19	5345539	MQ
MFD04752.bin.1.31	8106244	MQ
MFD04752.bin.1.45	5263307	MQ
MFD04752.bin.2.1	4213419	MQ
MFD04752.bin.2.102	4606672	MQ
MFD04752.bin.2.103	3441955	MQ
MFD04752.bin.2.106	3353097	MQ
MFD04752.bin.2.113	4089908	MQ
MFD04752.bin.2.116	2567728	MQ
MFD04752.bin.2.125	3299255	MQ
MFD04752.bin.2.14	7237036	MQ
MFD04752.bin.2.18	6755861	MQ
MFD04752.bin.2.21	3839030	MQ
MFD04752.bin.2.24	4757880	MQ
MFD04752.bin.2.3	5062967	MQ
MFD04752.bin.2.33	2980086	MQ
MFD04752.bin.2.39	3960744	MQ
MFD04752.bin.2.4	6573764	MQ
MFD04752.bin.2.45	3428563	MQ
MFD04752.bin.2.53	2968614	MQ
MFD04752.bin.2.55	4903477	MQ
MFD04752.bin.2.61	8845524	MQ
MFD04752.bin.2.64	3172000	MQ
MFD04752.bin.2.65	3264883	MQ
MFD04752.bin.2.67	2003698	MQ
MFD04752.bin.2.70	2979395	MQ
MFD04752.bin.2.77	2572632	MQ
MFD04752.bin.2.81	5690261	MQ
MFD04752.bin.2.83	2562252	MQ
MFD04752.bin.2.93	4304406	MQ
MFD04752.bin.2.94	6343114	MQ
MFD04752.bin.2.95	4001721	MQ
MFD04752.bin.2.97	5836351	MQ
MFD04752.bin.2.99	2830961	MQ
MFD04752.bin.3.136	2624137	MQ
MFD04752.bin.3.16	5905872	MQ
MFD04752.bin.3.19	3411924	MQ
MFD04752.bin.3.23	9681294	MQ
MFD04752.bin.3.3	5912263	MQ
MFD04752.bin.3.6	6106278	MQ
MFD04752.bin.4.78	1884866	MQ
MFD04780.bin.1.17	4593125	MQ
MFD04780.bin.1.203	7368401	MQ
MFD04780.bin.1.60	2451441	MQ
MFD04780.bin.1.63	6758187	MQ
MFD04780.bin.2.1	6910204	MQ
MFD04780.bin.2.100	6200694	MQ
MFD04780.bin.2.103	3016387	MQ
MFD04780.bin.2.106	6623252	MQ
MFD04780.bin.2.107	3895594	MQ
MFD04780.bin.2.109	2668303	MQ
MFD04780.bin.2.110	4413128	MQ
MFD04780.bin.2.111	3261671	MQ
MFD04780.bin.2.114	4123574	MQ
MFD04780.bin.2.115	4222640	MQ
MFD04780.bin.2.12	7471827	MQ
MFD04780.bin.2.122	6221665	MQ
MFD04780.bin.2.123	624001	MQ
MFD04780.bin.2.124	3277255	MQ
MFD04780.bin.2.127	4182336	MQ
MFD04780.bin.2.128	5684673	MQ
MFD04780.bin.2.130	3524632	MQ
MFD04780.bin.2.132	769304	MQ
MFD04780.bin.2.133	2875989	MQ
MFD04780.bin.2.135	9373280	MQ
MFD04780.bin.2.137	4363395	MQ
MFD04780.bin.2.138	6744285	MQ
MFD04780.bin.2.140	989870	MQ
MFD04780.bin.2.141	4720585	MQ
MFD04780.bin.2.143	3943803	MQ
MFD04780.bin.2.148	1997884	MQ
MFD04780.bin.2.15	2891403	MQ
MFD04780.bin.2.150	3994875	MQ
MFD04780.bin.2.151	3427291	MQ
MFD04780.bin.2.152	1292028	MQ
MFD04780.bin.2.156	3571993	MQ
MFD04780.bin.2.159	3155786	MQ
MFD04780.bin.2.16	5473436	MQ
MFD04780.bin.2.166	4234651	MQ
MFD04780.bin.2.170	5512741	MQ
MFD04780.bin.2.175	1804250	MQ
MFD04780.bin.2.176	2684386	MQ
MFD04780.bin.2.178	3455108	MQ
MFD04780.bin.2.179	2247324	MQ
MFD04780.bin.2.19	3603950	MQ
MFD04780.bin.2.20	4231046	MQ
MFD04780.bin.2.21	3176200	MQ
MFD04780.bin.2.26	2607277	MQ
MFD04780.bin.2.28	5449973	MQ
MFD04780.bin.2.30	693303	MQ
MFD04780.bin.2.31	2545473	MQ
MFD04780.bin.2.32	4209045	MQ
MFD04780.bin.2.33	5174056	MQ
MFD04780.bin.2.37	2500240	MQ
MFD04780.bin.2.39	2839998	MQ
MFD04780.bin.2.4	4768346	MQ
MFD04780.bin.2.40	2812345	MQ
MFD04780.bin.2.41	3170921	MQ
MFD04780.bin.2.44	3215942	MQ
MFD04780.bin.2.51	2744073	MQ
MFD04780.bin.2.52	3424278	MQ
MFD04780.bin.2.54	3541197	MQ
MFD04780.bin.2.55	1834792	MQ
MFD04780.bin.2.56	4223717	MQ
MFD04780.bin.2.59	5133280	MQ
MFD04780.bin.2.60	737850	MQ
MFD04780.bin.2.65	837992	MQ
MFD04780.bin.2.68	2384411	MQ
MFD04780.bin.2.85	4864417	MQ
MFD04780.bin.2.86	2451795	MQ
MFD04780.bin.2.87	4601062	MQ
MFD04780.bin.2.9	5028098	MQ
MFD04780.bin.2.94	2892586	MQ
MFD04780.bin.2.96	3574929	MQ
MFD04780.bin.2.99	3873433	MQ
MFD04780.bin.3.130	2931993	MQ
MFD04780.bin.3.133	2790827	MQ
MFD04780.bin.3.147	5930410	MQ
MFD04780.bin.3.162	3755478	MQ
MFD04780.bin.3.164	2548153	MQ
MFD04780.bin.3.165	3714443	MQ
MFD04780.bin.3.17	2564082	MQ
MFD04780.bin.3.278	3067747	MQ
MFD04780.bin.3.322	3473968	MQ
MFD04780.bin.3.335	3439194	MQ
MFD04780.bin.3.351	5605975	MQ
MFD04780.bin.3.448	1756339	MQ
MFD04780.bin.3.456	2338184	MQ
MFD04780.bin.3.468	3499375	MQ
MFD04780.bin.3.497	4776262	MQ
MFD04780.bin.3.50	403368	MQ
MFD04780.bin.3.515	582842	MQ
MFD04780.bin.3.69	5067682	MQ
MFD04780.bin.4.9	4068259	MQ
MFD04850.bin.1.275	3879198	MQ
MFD04850.bin.2.1	2761304	MQ
MFD04850.bin.2.104	7498433	MQ
MFD04850.bin.2.113	5640846	MQ
MFD04850.bin.2.119	5223790	MQ
MFD04850.bin.2.120	6789220	MQ
MFD04850.bin.2.122	6197726	MQ
MFD04850.bin.2.123	4775784	MQ
MFD04850.bin.2.125	5678972	MQ
MFD04850.bin.2.133	4491106	MQ
MFD04850.bin.2.134	5099728	MQ
MFD04850.bin.2.140	4998845	MQ
MFD04850.bin.2.143	3021749	MQ
MFD04850.bin.2.145	5276559	MQ
MFD04850.bin.2.149	4681749	MQ
MFD04850.bin.2.15	4263038	MQ
MFD04850.bin.2.156	9136765	MQ
MFD04850.bin.2.157	4709461	MQ
MFD04850.bin.2.158	6214642	MQ
MFD04850.bin.2.159	7243941	MQ
MFD04850.bin.2.160	5636842	MQ
MFD04850.bin.2.161	2732226	MQ
MFD04850.bin.2.162	3633664	MQ
MFD04850.bin.2.164	4334691	MQ
MFD04850.bin.2.165	4645943	MQ
MFD04850.bin.2.167	4693609	MQ
MFD04850.bin.2.175	2866502	MQ
MFD04850.bin.2.19	7096277	MQ
MFD04850.bin.2.190	5363562	MQ
MFD04850.bin.2.201	5886381	MQ
MFD04850.bin.2.219	4717190	MQ
MFD04850.bin.2.221	3617728	MQ
MFD04850.bin.2.225	3698251	MQ
MFD04850.bin.2.235	3977799	MQ
MFD04850.bin.2.239	2781840	MQ
MFD04850.bin.2.24	4904839	MQ
MFD04850.bin.2.242	3519017	MQ
MFD04850.bin.2.243	6577401	MQ
MFD04850.bin.2.245	3094875	MQ
MFD04850.bin.2.252	2616023	MQ
MFD04850.bin.2.254	3269656	MQ
MFD04850.bin.2.257	6718362	MQ
MFD04850.bin.2.263	2623779	MQ
MFD04850.bin.2.266	4836179	MQ
MFD04850.bin.2.268	2860133	MQ
MFD04850.bin.2.27	7720560	MQ
MFD04850.bin.2.271	5882446	MQ
MFD04850.bin.2.276	3530170	MQ
MFD04850.bin.2.281	2998347	MQ
MFD04850.bin.2.282	7136877	MQ
MFD04850.bin.2.284	2299574	MQ
MFD04850.bin.2.285	5633414	MQ
MFD04850.bin.2.287	6316257	MQ
MFD04850.bin.2.293	3560246	MQ
MFD04850.bin.2.297	5735477	MQ
MFD04850.bin.2.306	4027289	MQ
MFD04850.bin.2.307	2622530	MQ
MFD04850.bin.2.308	6983006	MQ
MFD04850.bin.2.312	4389626	MQ
MFD04850.bin.2.314	3135843	MQ
MFD04850.bin.2.323	3120256	MQ
MFD04850.bin.2.326	5901776	MQ
MFD04850.bin.2.328	4683597	MQ
MFD04850.bin.2.33	2085046	MQ
MFD04850.bin.2.330	2433596	MQ
MFD04850.bin.2.333	6770989	MQ
MFD04850.bin.2.335	2747890	MQ
MFD04850.bin.2.341	3636627	MQ
MFD04850.bin.2.344	4733309	MQ
MFD04850.bin.2.350	3807665	MQ
MFD04850.bin.2.356	6627719	MQ
MFD04850.bin.2.360	2780855	MQ
MFD04850.bin.2.364	8014020	MQ
MFD04850.bin.2.366	6062165	MQ
MFD04850.bin.2.37	5970704	MQ
MFD04850.bin.2.39	7083906	MQ
MFD04850.bin.2.42	2602995	MQ
MFD04850.bin.2.5	5095124	MQ
MFD04850.bin.2.51	2724931	MQ
MFD04850.bin.2.56	2945731	MQ
MFD04850.bin.2.64	3501343	MQ
MFD04850.bin.2.70	3581248	MQ
MFD04850.bin.2.71	7103993	MQ
MFD04850.bin.2.72	5964351	MQ
MFD04850.bin.2.74	5242431	MQ
MFD04850.bin.2.76	4144084	MQ
MFD04850.bin.2.8	6338287	MQ
MFD04850.bin.2.82	3188875	MQ
MFD04850.bin.2.84	5566797	MQ
MFD04850.bin.2.86	3892173	MQ
MFD04850.bin.2.90	3548538	MQ
MFD04850.bin.2.92	3687066	MQ
MFD04850.bin.2.94	3028187	MQ
MFD04850.bin.2.95	3749235	MQ
MFD04850.bin.3.104	2528414	MQ
MFD04850.bin.3.136	4008152	MQ
MFD04850.bin.3.299	3045885	MQ
MFD04850.bin.3.423	2604315	MQ
MFD04850.bin.3.554	2622651	MQ
MFD04850.bin.3.581	4483817	MQ
MFD04850.bin.3.676	4809573	MQ
MFD04850.bin.3.690	5973733	MQ
MFD04850.bin.4.515	2708315	MQ
MFD04926.bin.2.16	3334330	MQ
MFD04926.bin.2.6	3463448	MQ
MFD04935.bin.2.100	4662547	MQ
MFD04935.bin.2.101	6039053	MQ
MFD04935.bin.2.102	4564378	MQ
MFD04935.bin.2.103	5713274	MQ
MFD04935.bin.2.106	6632357	MQ
MFD04935.bin.2.107	6994533	MQ
MFD04935.bin.2.108	3484137	MQ
MFD04935.bin.2.11	3336020	MQ
MFD04935.bin.2.111	3405761	MQ
MFD04935.bin.2.115	3532715	MQ
MFD04935.bin.2.117	9727578	MQ
MFD04935.bin.2.118	3010796	MQ
MFD04935.bin.2.12	4676716	MQ
MFD04935.bin.2.120	2775046	MQ
MFD04935.bin.2.121	2701362	MQ
MFD04935.bin.2.122	6511119	MQ
MFD04935.bin.2.126	6165745	MQ
MFD04935.bin.2.127	3298890	MQ
MFD04935.bin.2.136	9666207	MQ
MFD04935.bin.2.144	5977934	MQ
MFD04935.bin.2.148	3761775	MQ
MFD04935.bin.2.150	3613894	MQ
MFD04935.bin.2.152	4053310	MQ
MFD04935.bin.2.153	5741241	MQ
MFD04935.bin.2.154	4241667	MQ
MFD04935.bin.2.16	2131806	MQ
MFD04935.bin.2.18	4333028	MQ
MFD04935.bin.2.19	2758946	MQ
MFD04935.bin.2.20	4138164	MQ
MFD04935.bin.2.21	5201853	MQ
MFD04935.bin.2.22	6156716	MQ
MFD04935.bin.2.23	2663653	MQ
MFD04935.bin.2.24	2875606	MQ
MFD04935.bin.2.25	4715535	MQ
MFD04935.bin.2.27	10733308	MQ
MFD04935.bin.2.28	3078798	MQ
MFD04935.bin.2.35	4328000	MQ
MFD04935.bin.2.4	8314894	MQ
MFD04935.bin.2.47	4622966	MQ
MFD04935.bin.2.5	5671249	MQ
MFD04935.bin.2.51	5229185	MQ
MFD04935.bin.2.63	3994629	MQ
MFD04935.bin.2.65	2810311	MQ
MFD04935.bin.2.7	3156995	MQ
MFD04935.bin.2.71	3482464	MQ
MFD04935.bin.2.72	3798881	MQ
MFD04935.bin.2.73	4712008	MQ
MFD04935.bin.2.74	3327208	MQ
MFD04935.bin.2.79	3610396	MQ
MFD04935.bin.2.80	3645144	MQ
MFD04935.bin.2.81	2021214	MQ
MFD04935.bin.2.84	2337009	MQ
MFD04935.bin.2.85	5731497	MQ
MFD04935.bin.2.92	3749037	MQ
MFD04935.bin.2.93	4362720	MQ
MFD04935.bin.2.95	5731671	MQ
MFD04935.bin.2.97	3425209	MQ
MFD04935.bin.2.98	5127365	MQ
MFD04935.bin.2.99	7107245	MQ
MFD04935.bin.3.116	1832018	MQ
MFD04935.bin.3.117	3690194	MQ
MFD04935.bin.3.147	2871474	MQ
MFD04935.bin.3.189	2946819	MQ
MFD04935.bin.3.212	3830711	MQ
MFD04935.bin.3.237	4519243	MQ
MFD04935.bin.3.251	4652574	MQ
MFD04935.bin.3.385	5215629	MQ
MFD04935.bin.3.412	8256238	MQ
MFD04935.bin.3.47	4801463	MQ
MFD04935.bin.3.50	1934084	MQ
MFD04935.bin.3.51	3398169	MQ
MFD04935.bin.3.53	3283914	MQ
MFD04935.bin.3.57	3147953	MQ
MFD04935.bin.3.58	7406972	MQ
MFD04935.bin.3.62	7400301	MQ
MFD04935.bin.3.97	8003603	MQ
MFD04935.bin.4.273	6678188	MQ
MFD04944.bin.1.193	5140011	MQ
MFD04944.bin.1.197	3444126	MQ
MFD04944.bin.1.205	4004127	MQ
MFD04944.bin.1.249	3084171	MQ
MFD04944.bin.1.319	6013185	MQ
MFD04944.bin.2.10	6409469	MQ
MFD04944.bin.2.100	5715271	MQ
MFD04944.bin.2.103	2903624	MQ
MFD04944.bin.2.104	5502957	MQ
MFD04944.bin.2.105	2394977	MQ
MFD04944.bin.2.106	7416090	MQ
MFD04944.bin.2.107	3260524	MQ
MFD04944.bin.2.108	4750048	MQ
MFD04944.bin.2.109	2843086	MQ
MFD04944.bin.2.113	4202421	MQ
MFD04944.bin.2.114	6445112	MQ
MFD04944.bin.2.116	3686205	MQ
MFD04944.bin.2.117	5266121	MQ
MFD04944.bin.2.119	3278797	MQ
MFD04944.bin.2.12	3174250	MQ
MFD04944.bin.2.121	5205978	MQ
MFD04944.bin.2.122	5539584	MQ
MFD04944.bin.2.123	5214457	MQ
MFD04944.bin.2.124	6560269	MQ
MFD04944.bin.2.125	2577717	MQ
MFD04944.bin.2.128	2653515	MQ
MFD04944.bin.2.129	3971401	MQ
MFD04944.bin.2.130	3240280	MQ
MFD04944.bin.2.131	2844175	MQ
MFD04944.bin.2.132	6104446	MQ
MFD04944.bin.2.133	2999581	MQ
MFD04944.bin.2.134	5021519	MQ
MFD04944.bin.2.136	3540425	MQ
MFD04944.bin.2.138	2109262	MQ
MFD04944.bin.2.142	5316958	MQ
MFD04944.bin.2.143	3981496	MQ
MFD04944.bin.2.147	3534906	MQ
MFD04944.bin.2.151	4381037	MQ
MFD04944.bin.2.154	5345739	MQ
MFD04944.bin.2.159	7037953	MQ
MFD04944.bin.2.161	7069250	MQ
MFD04944.bin.2.162	4682509	MQ
MFD04944.bin.2.165	3345789	MQ
MFD04944.bin.2.166	3301144	MQ
MFD04944.bin.2.167	5967177	MQ
MFD04944.bin.2.169	2479607	MQ
MFD04944.bin.2.17	7243941	MQ
MFD04944.bin.2.173	4327906	MQ
MFD04944.bin.2.174	4121975	MQ
MFD04944.bin.2.175	2712027	MQ
MFD04944.bin.2.176	4179168	MQ
MFD04944.bin.2.178	4189120	MQ
MFD04944.bin.2.179	4082514	MQ
MFD04944.bin.2.18	6317662	MQ
MFD04944.bin.2.181	3929590	MQ
MFD04944.bin.2.182	3010201	MQ
MFD04944.bin.2.183	3045476	MQ
MFD04944.bin.2.184	5106329	MQ
MFD04944.bin.2.185	3238605	MQ
MFD04944.bin.2.186	3237804	MQ
MFD04944.bin.2.189	10902773	MQ
MFD04944.bin.2.19	4344057	MQ
MFD04944.bin.2.190	3219621	MQ
MFD04944.bin.2.191	8479891	MQ
MFD04944.bin.2.192	5703117	MQ
MFD04944.bin.2.195	4473074	MQ
MFD04944.bin.2.197	6864964	MQ
MFD04944.bin.2.198	8770046	MQ
MFD04944.bin.2.199	4309724	MQ
MFD04944.bin.2.200	3021398	MQ
MFD04944.bin.2.201	4607517	MQ
MFD04944.bin.2.202	3913046	MQ
MFD04944.bin.2.203	5078938	MQ
MFD04944.bin.2.204	4338671	MQ
MFD04944.bin.2.207	4271826	MQ
MFD04944.bin.2.209	4527686	MQ
MFD04944.bin.2.211	7239222	MQ
MFD04944.bin.2.214	3044892	MQ
MFD04944.bin.2.217	4713122	MQ
MFD04944.bin.2.223	4165548	MQ
MFD04944.bin.2.224	3847824	MQ
MFD04944.bin.2.225	3619036	MQ
MFD04944.bin.2.227	3276568	MQ
MFD04944.bin.2.25	8154452	MQ
MFD04944.bin.2.27	5817037	MQ
MFD04944.bin.2.29	4681800	MQ
MFD04944.bin.2.30	7331206	MQ
MFD04944.bin.2.33	3470937	MQ
MFD04944.bin.2.34	3116465	MQ
MFD04944.bin.2.35	4106371	MQ
MFD04944.bin.2.38	4940402	MQ
MFD04944.bin.2.39	5629126	MQ
MFD04944.bin.2.40	3049808	MQ
MFD04944.bin.2.41	3227202	MQ
MFD04944.bin.2.42	5092877	MQ
MFD04944.bin.2.43	6844893	MQ
MFD04944.bin.2.44	5816631	MQ
MFD04944.bin.2.45	2987921	MQ
MFD04944.bin.2.46	3275205	MQ
MFD04944.bin.2.47	3108895	MQ
MFD04944.bin.2.48	3439464	MQ
MFD04944.bin.2.51	3890969	MQ
MFD04944.bin.2.52	4054547	MQ
MFD04944.bin.2.53	5619943	MQ
MFD04944.bin.2.55	1120757	MQ
MFD04944.bin.2.56	3646364	MQ
MFD04944.bin.2.58	6426714	MQ
MFD04944.bin.2.59	5125114	MQ
MFD04944.bin.2.60	4265646	MQ
MFD04944.bin.2.62	4911328	MQ
MFD04944.bin.2.65	3801672	MQ
MFD04944.bin.2.66	4210985	MQ
MFD04944.bin.2.67	3976107	MQ
MFD04944.bin.2.69	6061696	MQ
MFD04944.bin.2.70	4188009	MQ
MFD04944.bin.2.71	8090675	MQ
MFD04944.bin.2.72	6284556	MQ
MFD04944.bin.2.73	2795953	MQ
MFD04944.bin.2.74	2615553	MQ
MFD04944.bin.2.75	7243521	MQ
MFD04944.bin.2.8	3337370	MQ
MFD04944.bin.2.82	6522825	MQ
MFD04944.bin.2.84	5116982	MQ
MFD04944.bin.2.90	4180929	MQ
MFD04944.bin.2.93	3457578	MQ
MFD04944.bin.2.99	9957083	MQ
MFD04944.bin.3.100	5435781	MQ
MFD04944.bin.3.170	4990026	MQ
MFD04944.bin.3.190	4281339	MQ
MFD04944.bin.3.194	2774332	MQ
MFD04944.bin.3.197	3102761	MQ
MFD04944.bin.3.209	3295829	MQ
MFD04944.bin.3.210	6049737	MQ
MFD04944.bin.3.213	6696803	MQ
MFD04944.bin.3.22	3653882	MQ
MFD04944.bin.3.250	6991440	MQ
MFD04944.bin.3.264	6847686	MQ
MFD04944.bin.3.273	5513922	MQ
MFD04944.bin.3.280	6243826	MQ
MFD04944.bin.3.294	3955394	MQ
MFD04944.bin.3.299	4863417	MQ
MFD04944.bin.3.302	5159961	MQ
MFD04944.bin.3.336	2025192	MQ
MFD04944.bin.3.43	4556003	MQ
MFD04944.bin.3.59	3310044	MQ
MFD04944.bin.3.6	7961999	MQ
MFD04944.bin.3.89	6401666	MQ
MFD04944.bin.3.90	4303070	MQ
MFD04944.bin.4.220	9343312	MQ
MFD04944.bin.4.234	2149110	MQ
MFD04944.bin.4.291	2380607	MQ
MFD04944.bin.4.298	2377235	MQ
MFD04944.bin.4.447	4647088	MQ
MFD04944.bin.4.678	6715063	MQ
MFD04967.bin.1.129	5652024	MQ
MFD04967.bin.1.137	5951017	MQ
MFD04967.bin.1.18	5731049	MQ
MFD04967.bin.1.62	7882191	MQ
MFD04967.bin.2.10	7097782	MQ
MFD04967.bin.2.102	5456551	MQ
MFD04967.bin.2.103	6712599	MQ
MFD04967.bin.2.106	4472760	MQ
MFD04967.bin.2.109	3171738	MQ
MFD04967.bin.2.11	7357118	MQ
MFD04967.bin.2.110	3307167	MQ
MFD04967.bin.2.111	4183199	MQ
MFD04967.bin.2.112	6264269	MQ
MFD04967.bin.2.114	3107452	MQ
MFD04967.bin.2.116	9147675	MQ
MFD04967.bin.2.117	7457433	MQ
MFD04967.bin.2.121	4249843	MQ
MFD04967.bin.2.123	3147947	MQ
MFD04967.bin.2.124	3524943	MQ
MFD04967.bin.2.126	4737222	MQ
MFD04967.bin.2.127	3417343	MQ
MFD04967.bin.2.129	5073871	MQ
MFD04967.bin.2.13	6505941	MQ
MFD04967.bin.2.130	4822598	MQ
MFD04967.bin.2.132	4426729	MQ
MFD04967.bin.2.133	8228582	MQ
MFD04967.bin.2.141	4198364	MQ
MFD04967.bin.2.144	4874867	MQ
MFD04967.bin.2.146	2949717	MQ
MFD04967.bin.2.147	4658932	MQ
MFD04967.bin.2.148	3505013	MQ
MFD04967.bin.2.150	8188500	MQ
MFD04967.bin.2.153	2876837	MQ
MFD04967.bin.2.158	3922191	MQ
MFD04967.bin.2.160	5729838	MQ
MFD04967.bin.2.162	4231562	MQ
MFD04967.bin.2.167	9961748	MQ
MFD04967.bin.2.17	2991747	MQ
MFD04967.bin.2.2	5334374	MQ
MFD04967.bin.2.22	5280521	MQ
MFD04967.bin.2.23	2731603	MQ
MFD04967.bin.2.24	5420729	MQ
MFD04967.bin.2.25	6724566	MQ
MFD04967.bin.2.27	4399847	MQ
MFD04967.bin.2.32	5596191	MQ
MFD04967.bin.2.33	2995547	MQ
MFD04967.bin.2.34	3336164	MQ
MFD04967.bin.2.36	1145816	MQ
MFD04967.bin.2.37	3653209	MQ
MFD04967.bin.2.38	5593450	MQ
MFD04967.bin.2.42	5792186	MQ
MFD04967.bin.2.43	4364019	MQ
MFD04967.bin.2.44	2877849	MQ
MFD04967.bin.2.5	5134140	MQ
MFD04967.bin.2.50	5876143	MQ
MFD04967.bin.2.51	3163562	MQ
MFD04967.bin.2.53	4316095	MQ
MFD04967.bin.2.54	3782675	MQ
MFD04967.bin.2.56	5948649	MQ
MFD04967.bin.2.57	6910629	MQ
MFD04967.bin.2.61	10937204	MQ
MFD04967.bin.2.63	4019347	MQ
MFD04967.bin.2.64	7365073	MQ
MFD04967.bin.2.65	4569843	MQ
MFD04967.bin.2.67	8937228	MQ
MFD04967.bin.2.68	4572274	MQ
MFD04967.bin.2.7	4100143	MQ
MFD04967.bin.2.8	11064981	MQ
MFD04967.bin.2.85	4835176	MQ
MFD04967.bin.2.86	3842042	MQ
MFD04967.bin.2.91	7560092	MQ
MFD04967.bin.2.94	4433057	MQ
MFD04967.bin.2.95	8615217	MQ
MFD04967.bin.2.96	3925078	MQ
MFD04967.bin.2.98	5125422	MQ
MFD04967.bin.2.99	5665114	MQ
MFD04967.bin.3.101	3925890	MQ
MFD04967.bin.3.124	3589188	MQ
MFD04967.bin.3.17	4227828	MQ
MFD04967.bin.3.204	3403476	MQ
MFD04967.bin.3.278	2792126	MQ
MFD04967.bin.3.285	3913927	MQ
MFD04967.bin.3.39	8171076	MQ
MFD04967.bin.3.41	3463315	MQ
MFD04967.bin.3.71	3121299	MQ
MFD04967.bin.4.58	5783729	MQ
MFD05088.bin.2.1	3104256	MQ
MFD05088.bin.2.106	3334593	MQ
MFD05088.bin.2.108	4213744	MQ
MFD05088.bin.2.11	1652871	MQ
MFD05088.bin.2.114	2751695	MQ
MFD05088.bin.2.125	4982529	MQ
MFD05088.bin.2.127	2855812	MQ
MFD05088.bin.2.134	2955587	MQ
MFD05088.bin.2.148	4852946	MQ
MFD05088.bin.2.149	3454263	MQ
MFD05088.bin.2.153	3005531	MQ
MFD05088.bin.2.159	3812176	MQ
MFD05088.bin.2.160	2447643	MQ
MFD05088.bin.2.167	3070203	MQ
MFD05088.bin.2.17	5033688	MQ
MFD05088.bin.2.171	6181964	MQ
MFD05088.bin.2.32	2229221	MQ
MFD05088.bin.2.33	3119483	MQ
MFD05088.bin.2.38	2759103	MQ
MFD05088.bin.2.45	3462835	MQ
MFD05088.bin.2.46	3267056	MQ
MFD05088.bin.2.52	1523148	MQ
MFD05088.bin.2.64	5218324	MQ
MFD05088.bin.2.91	4845049	MQ
MFD05088.bin.2.95	4021382	MQ
MFD05088.bin.2.96	2360975	MQ
MFD05088.bin.3.144	4004335	MQ
MFD05088.bin.3.332	3530677	MQ
MFD05088.bin.3.350	2803733	MQ
MFD05088.bin.3.383	1991065	MQ
MFD05176.bin.1.186	4567153	MQ
MFD05176.bin.1.233	3556780	MQ
MFD05176.bin.2.105	2164976	MQ
MFD05176.bin.2.125	2939749	MQ
MFD05176.bin.2.14	3338254	MQ
MFD05176.bin.2.157	5824343	MQ
MFD05176.bin.2.161	3945478	MQ
MFD05176.bin.2.162	4000130	MQ
MFD05176.bin.2.168	3520731	MQ
MFD05176.bin.2.169	3693330	MQ
MFD05176.bin.2.176	3201328	MQ
MFD05176.bin.2.182	4273432	MQ
MFD05176.bin.2.183	2858331	MQ
MFD05176.bin.2.192	6889077	MQ
MFD05176.bin.2.196	2022077	MQ
MFD05176.bin.2.204	2602835	MQ
MFD05176.bin.2.210	4299686	MQ
MFD05176.bin.2.213	2941091	MQ
MFD05176.bin.2.218	4264420	MQ
MFD05176.bin.2.235	4028128	MQ
MFD05176.bin.2.239	3801802	MQ
MFD05176.bin.2.24	3654646	MQ
MFD05176.bin.2.249	4803181	MQ
MFD05176.bin.2.25	5544745	MQ
MFD05176.bin.2.258	3200590	MQ
MFD05176.bin.2.261	3880085	MQ
MFD05176.bin.2.263	2877580	MQ
MFD05176.bin.2.265	7384394	MQ
MFD05176.bin.2.268	2311914	MQ
MFD05176.bin.2.274	2690175	MQ
MFD05176.bin.2.28	2687177	MQ
MFD05176.bin.2.36	7158546	MQ
MFD05176.bin.2.37	1931439	MQ
MFD05176.bin.2.42	4197969	MQ
MFD05176.bin.2.45	4235895	MQ
MFD05176.bin.2.46	4773695	MQ
MFD05176.bin.2.48	2852228	MQ
MFD05176.bin.2.49	2654252	MQ
MFD05176.bin.2.54	2212240	MQ
MFD05176.bin.2.55	1508183	MQ
MFD05176.bin.2.62	1430579	MQ
MFD05176.bin.2.65	2636252	MQ
MFD05176.bin.2.66	3645793	MQ
MFD05176.bin.2.67	3231122	MQ
MFD05176.bin.2.72	4937984	MQ
MFD05176.bin.2.78	3347147	MQ
MFD05176.bin.2.84	3668797	MQ
MFD05176.bin.2.85	2788084	MQ
MFD05176.bin.2.87	2830807	MQ
MFD05176.bin.2.9	4969716	MQ
MFD05176.bin.2.94	2349713	MQ
MFD05176.bin.2.99	2816520	MQ
MFD05176.bin.3.165	3441005	MQ
MFD05176.bin.3.193	3575629	MQ
MFD05176.bin.3.200	2851948	MQ
MFD05176.bin.3.249	3295151	MQ
MFD05176.bin.3.462	4310691	MQ
MFD05176.bin.3.630	2736265	MQ
MFD05176.bin.3.667	3584613	MQ
MFD05176.bin.3.681	1739414	MQ
MFD05176.bin.3.82	7320621	MQ
MFD05176.bin.3.91	1875368	MQ
MFD05176.bin.4.598	2692175	MQ
MFD05377.bin.1.144	6354735	MQ
MFD05377.bin.1.149	5344867	MQ
MFD05377.bin.1.7	5699699	MQ
MFD05377.bin.2.102	5253511	MQ
MFD05377.bin.2.104	5956004	MQ
MFD05377.bin.2.108	6008604	MQ
MFD05377.bin.2.109	6321177	MQ
MFD05377.bin.2.110	4165438	MQ
MFD05377.bin.2.113	6421432	MQ
MFD05377.bin.2.114	4266068	MQ
MFD05377.bin.2.117	5093030	MQ
MFD05377.bin.2.119	5928636	MQ
MFD05377.bin.2.12	4619804	MQ
MFD05377.bin.2.120	7215701	MQ
MFD05377.bin.2.121	3082669	MQ
MFD05377.bin.2.123	3302881	MQ
MFD05377.bin.2.126	4856135	MQ
MFD05377.bin.2.14	5120689	MQ
MFD05377.bin.2.146	6751540	MQ
MFD05377.bin.2.147	4815920	MQ
MFD05377.bin.2.151	6037210	MQ
MFD05377.bin.2.152	4317588	MQ
MFD05377.bin.2.153	5652211	MQ
MFD05377.bin.2.155	4910596	MQ
MFD05377.bin.2.157	11000432	MQ
MFD05377.bin.2.158	4245893	MQ
MFD05377.bin.2.160	5858407	MQ
MFD05377.bin.2.162	6769932	MQ
MFD05377.bin.2.163	4997288	MQ
MFD05377.bin.2.169	5756077	MQ
MFD05377.bin.2.17	6655949	MQ
MFD05377.bin.2.170	4912815	MQ
MFD05377.bin.2.18	6202841	MQ
MFD05377.bin.2.2	10949684	MQ
MFD05377.bin.2.21	5301517	MQ
MFD05377.bin.2.23	6151079	MQ
MFD05377.bin.2.25	4949260	MQ
MFD05377.bin.2.26	4023193	MQ
MFD05377.bin.2.28	3468324	MQ
MFD05377.bin.2.30	2193691	MQ
MFD05377.bin.2.32	4135849	MQ
MFD05377.bin.2.33	4580900	MQ
MFD05377.bin.2.35	3772099	MQ
MFD05377.bin.2.37	3397855	MQ
MFD05377.bin.2.4	4275449	MQ
MFD05377.bin.2.41	4050044	MQ
MFD05377.bin.2.43	6039445	MQ
MFD05377.bin.2.44	3220234	MQ
MFD05377.bin.2.46	2625789	MQ
MFD05377.bin.2.47	7672137	MQ
MFD05377.bin.2.5	4755683	MQ
MFD05377.bin.2.7	11985040	MQ
MFD05377.bin.2.70	7427625	MQ
MFD05377.bin.2.76	6646670	MQ
MFD05377.bin.2.79	7095300	MQ
MFD05377.bin.2.80	7269065	MQ
MFD05377.bin.2.82	7422461	MQ
MFD05377.bin.2.87	4133401	MQ
MFD05377.bin.2.88	5404413	MQ
MFD05377.bin.2.91	7220020	MQ
MFD05377.bin.3.144	2994435	MQ
MFD05377.bin.3.173	4301087	MQ
MFD05377.bin.3.230	4560217	MQ
MFD05377.bin.3.25	3795114	MQ
MFD05377.bin.3.283	4221232	MQ
MFD05377.bin.3.303	3077526	MQ
MFD05377.bin.3.35	5956795	MQ
MFD05377.bin.3.358	3592320	MQ
MFD05377.bin.3.46	7206258	MQ
MFD05379.bin.1.4	4903247	MQ
MFD05379.bin.2.10	2585770	MQ
MFD05379.bin.2.13	2659029	MQ
MFD05379.bin.2.14	3811175	MQ
MFD05379.bin.2.2	5043396	MQ
MFD05379.bin.2.20	3030127	MQ
MFD05379.bin.2.6	3805932	MQ
MFD05379.bin.2.7	4221461	MQ
MFD05379.bin.3.52	4653125	MQ
MFD05379.bin.3.55	3728761	MQ
MFD05442.bin.1.249	5113891	MQ
MFD05442.bin.1.338	3836672	MQ
MFD05442.bin.1.44	4097435	MQ
MFD05442.bin.1.64	4489245	MQ
MFD05442.bin.2.100	4255408	MQ
MFD05442.bin.2.102	3874411	MQ
MFD05442.bin.2.103	3722589	MQ
MFD05442.bin.2.104	4250518	MQ
MFD05442.bin.2.105	4364544	MQ
MFD05442.bin.2.107	2105234	MQ
MFD05442.bin.2.108	2458358	MQ
MFD05442.bin.2.110	4658032	MQ
MFD05442.bin.2.111	3261145	MQ
MFD05442.bin.2.112	5622143	MQ
MFD05442.bin.2.113	2791188	MQ
MFD05442.bin.2.114	2101551	MQ
MFD05442.bin.2.115	5006212	MQ
MFD05442.bin.2.116	1663682	MQ
MFD05442.bin.2.117	2940044	MQ
MFD05442.bin.2.120	2090536	MQ
MFD05442.bin.2.121	4820642	MQ
MFD05442.bin.2.122	2523192	MQ
MFD05442.bin.2.123	3684228	MQ
MFD05442.bin.2.126	3935866	MQ
MFD05442.bin.2.127	3342526	MQ
MFD05442.bin.2.128	3691341	MQ
MFD05442.bin.2.129	5047873	MQ
MFD05442.bin.2.133	2973978	MQ
MFD05442.bin.2.134	3106177	MQ
MFD05442.bin.2.137	3268538	MQ
MFD05442.bin.2.155	6660200	MQ
MFD05442.bin.2.159	2633945	MQ
MFD05442.bin.2.16	3090674	MQ
MFD05442.bin.2.162	3690532	MQ
MFD05442.bin.2.170	4607454	MQ
MFD05442.bin.2.174	3255588	MQ
MFD05442.bin.2.18	4165324	MQ
MFD05442.bin.2.181	2671119	MQ
MFD05442.bin.2.182	3388960	MQ
MFD05442.bin.2.184	2754757	MQ
MFD05442.bin.2.187	4843772	MQ
MFD05442.bin.2.188	4876361	MQ
MFD05442.bin.2.189	3778202	MQ
MFD05442.bin.2.193	3051463	MQ
MFD05442.bin.2.194	4434871	MQ
MFD05442.bin.2.195	1965589	MQ
MFD05442.bin.2.197	3374390	MQ
MFD05442.bin.2.198	3616605	MQ
MFD05442.bin.2.199	4087218	MQ
MFD05442.bin.2.2	2096590	MQ
MFD05442.bin.2.200	3919827	MQ
MFD05442.bin.2.201	5168558	MQ
MFD05442.bin.2.203	4221227	MQ
MFD05442.bin.2.204	5523937	MQ
MFD05442.bin.2.205	4314369	MQ
MFD05442.bin.2.21	4216323	MQ
MFD05442.bin.2.211	5345541	MQ
MFD05442.bin.2.213	3743227	MQ
MFD05442.bin.2.216	5396724	MQ
MFD05442.bin.2.218	6825199	MQ
MFD05442.bin.2.22	4847774	MQ
MFD05442.bin.2.221	4540328	MQ
MFD05442.bin.2.222	5082295	MQ
MFD05442.bin.2.223	7167583	MQ
MFD05442.bin.2.226	7265600	MQ
MFD05442.bin.2.228	3999592	MQ
MFD05442.bin.2.230	3613858	MQ
MFD05442.bin.2.231	4427014	MQ
MFD05442.bin.2.232	3909893	MQ
MFD05442.bin.2.233	2799285	MQ
MFD05442.bin.2.234	2756551	MQ
MFD05442.bin.2.237	3232242	MQ
MFD05442.bin.2.238	2982111	MQ
MFD05442.bin.2.239	5470566	MQ
MFD05442.bin.2.240	5048591	MQ
MFD05442.bin.2.243	5979436	MQ
MFD05442.bin.2.246	6068721	MQ
MFD05442.bin.2.247	4142882	MQ
MFD05442.bin.2.248	2461450	MQ
MFD05442.bin.2.25	5421902	MQ
MFD05442.bin.2.252	4329153	MQ
MFD05442.bin.2.253	5890232	MQ
MFD05442.bin.2.255	3375915	MQ
MFD05442.bin.2.261	5107133	MQ
MFD05442.bin.2.263	3504599	MQ
MFD05442.bin.2.264	4620982	MQ
MFD05442.bin.2.266	6823551	MQ
MFD05442.bin.2.268	4373366	MQ
MFD05442.bin.2.269	4019916	MQ
MFD05442.bin.2.270	7148521	MQ
MFD05442.bin.2.271	3395664	MQ
MFD05442.bin.2.272	4924750	MQ
MFD05442.bin.2.274	4167736	MQ
MFD05442.bin.2.280	3578483	MQ
MFD05442.bin.2.281	7210957	MQ
MFD05442.bin.2.282	3522003	MQ
MFD05442.bin.2.284	3023296	MQ
MFD05442.bin.2.288	4808354	MQ
MFD05442.bin.2.291	2419236	MQ
MFD05442.bin.2.293	4983963	MQ
MFD05442.bin.2.294	2551327	MQ
MFD05442.bin.2.295	4847245	MQ
MFD05442.bin.2.298	4421135	MQ
MFD05442.bin.2.3	3140948	MQ
MFD05442.bin.2.30	5030690	MQ
MFD05442.bin.2.301	5643171	MQ
MFD05442.bin.2.302	3379685	MQ
MFD05442.bin.2.303	4440773	MQ
MFD05442.bin.2.304	3381627	MQ
MFD05442.bin.2.307	5012161	MQ
MFD05442.bin.2.308	4244725	MQ
MFD05442.bin.2.31	3219080	MQ
MFD05442.bin.2.310	5065088	MQ
MFD05442.bin.2.311	3762702	MQ
MFD05442.bin.2.312	4887931	MQ
MFD05442.bin.2.315	6297991	MQ
MFD05442.bin.2.316	3730644	MQ
MFD05442.bin.2.318	5458375	MQ
MFD05442.bin.2.32	4707081	MQ
MFD05442.bin.2.323	4032835	MQ
MFD05442.bin.2.324	4806792	MQ
MFD05442.bin.2.325	5195907	MQ
MFD05442.bin.2.327	4584129	MQ
MFD05442.bin.2.328	3604267	MQ
MFD05442.bin.2.329	5680900	MQ
MFD05442.bin.2.33	3392114	MQ
MFD05442.bin.2.330	2541764	MQ
MFD05442.bin.2.331	4823077	MQ
MFD05442.bin.2.332	4225309	MQ
MFD05442.bin.2.333	5454602	MQ
MFD05442.bin.2.34	5967422	MQ
MFD05442.bin.2.36	3787225	MQ
MFD05442.bin.2.37	4640562	MQ
MFD05442.bin.2.40	4600707	MQ
MFD05442.bin.2.42	3908605	MQ
MFD05442.bin.2.45	4534674	MQ
MFD05442.bin.2.50	4279483	MQ
MFD05442.bin.2.52	4922514	MQ
MFD05442.bin.2.53	8719786	MQ
MFD05442.bin.2.54	4121797	MQ
MFD05442.bin.2.56	2607897	MQ
MFD05442.bin.2.57	4901416	MQ
MFD05442.bin.2.58	4408134	MQ
MFD05442.bin.2.62	4021005	MQ
MFD05442.bin.2.64	3157588	MQ
MFD05442.bin.2.65	2686387	MQ
MFD05442.bin.2.67	5057066	MQ
MFD05442.bin.2.7	3192950	MQ
MFD05442.bin.2.71	2804398	MQ
MFD05442.bin.2.72	4677141	MQ
MFD05442.bin.2.74	5892400	MQ
MFD05442.bin.2.76	9705401	MQ
MFD05442.bin.2.77	3055783	MQ
MFD05442.bin.2.78	3678702	MQ
MFD05442.bin.2.79	5591093	MQ
MFD05442.bin.2.8	5393038	MQ
MFD05442.bin.2.80	2986086	MQ
MFD05442.bin.2.81	2542168	MQ
MFD05442.bin.2.83	4396228	MQ
MFD05442.bin.2.84	6154175	MQ
MFD05442.bin.2.85	3431466	MQ
MFD05442.bin.2.86	3251218	MQ
MFD05442.bin.2.87	3557403	MQ
MFD05442.bin.2.89	2583192	MQ
MFD05442.bin.2.9	4032568	MQ
MFD05442.bin.2.91	8346353	MQ
MFD05442.bin.2.92	2567961	MQ
MFD05442.bin.2.93	2617184	MQ
MFD05442.bin.2.94	3143472	MQ
MFD05442.bin.2.97	3891353	MQ
MFD05442.bin.2.98	6117105	MQ
MFD05442.bin.3.121	3909650	MQ
MFD05442.bin.3.150	7591594	MQ
MFD05442.bin.3.195	6475561	MQ
MFD05442.bin.3.20	4998976	MQ
MFD05442.bin.3.221	2855481	MQ
MFD05442.bin.3.225	3925398	MQ
MFD05442.bin.3.269	1576151	MQ
MFD05442.bin.3.281	2470950	MQ
MFD05442.bin.3.300	4025402	MQ
MFD05442.bin.3.338	1994924	MQ
MFD05442.bin.3.37	2132585	MQ
MFD05442.bin.3.397	3367497	MQ
MFD05442.bin.3.399	4629927	MQ
MFD05442.bin.3.421	7385770	MQ
MFD05442.bin.3.447	1741906	MQ
MFD05442.bin.3.478	3797712	MQ
MFD05442.bin.3.505	4519935	MQ
MFD05442.bin.3.528	4284221	MQ
MFD05442.bin.3.531	6210887	MQ
MFD05442.bin.3.54	2747653	MQ
MFD05442.bin.3.542	5695443	MQ
MFD05442.bin.3.622	3728764	MQ
MFD05442.bin.3.641	5573467	MQ
MFD05442.bin.3.652	3499581	MQ
MFD05442.bin.3.96	2666251	MQ
MFD05442.bin.4.225	3779341	MQ
MFD05442.bin.4.352	1956976	MQ
MFD05442.bin.4.392	2939891	MQ
MFD05442.bin.4.429	7187601	MQ
MFD05442.bin.4.724	4358923	MQ
MFD05442.bin.4.74	4952132	MQ
MFD05442.bin.4.822	4424923	MQ
MFD05454.bin.2.105	4452231	MQ
MFD05454.bin.2.107	2637617	MQ
MFD05454.bin.2.111	2515358	MQ
MFD05454.bin.2.113	4233850	MQ
MFD05454.bin.2.114	2930012	MQ
MFD05454.bin.2.120	4548248	MQ
MFD05454.bin.2.130	4639797	MQ
MFD05454.bin.2.144	6123583	MQ
MFD05454.bin.2.147	4223203	MQ
MFD05454.bin.2.162	2391702	MQ
MFD05454.bin.2.164	2199424	MQ
MFD05454.bin.2.184	3234210	MQ
MFD05454.bin.2.189	5721610	MQ
MFD05454.bin.2.198	5952920	MQ
MFD05454.bin.2.208	7957757	MQ
MFD05454.bin.2.209	4707250	MQ
MFD05454.bin.2.211	3469292	MQ
MFD05454.bin.2.212	6033970	MQ
MFD05454.bin.2.213	8035396	MQ
MFD05454.bin.2.214	2928874	MQ
MFD05454.bin.2.228	4575584	MQ
MFD05454.bin.2.232	5381613	MQ
MFD05454.bin.2.240	3340144	MQ
MFD05454.bin.2.241	2363439	MQ
MFD05454.bin.2.245	7901026	MQ
MFD05454.bin.2.247	2667135	MQ
MFD05454.bin.2.248	5085498	MQ
MFD05454.bin.2.252	4370515	MQ
MFD05454.bin.2.256	3256577	MQ
MFD05454.bin.2.263	3418117	MQ
MFD05454.bin.2.264	6332679	MQ
MFD05454.bin.2.267	3561752	MQ
MFD05454.bin.2.27	2985330	MQ
MFD05454.bin.2.274	2884398	MQ
MFD05454.bin.2.277	2596660	MQ
MFD05454.bin.2.279	2292889	MQ
MFD05454.bin.2.29	5158827	MQ
MFD05454.bin.2.291	3386174	MQ
MFD05454.bin.2.293	6154386	MQ
MFD05454.bin.2.296	2576745	MQ
MFD05454.bin.2.298	2458270	MQ
MFD05454.bin.2.299	4567386	MQ
MFD05454.bin.2.30	5554549	MQ
MFD05454.bin.2.306	3014475	MQ
MFD05454.bin.2.307	3179287	MQ
MFD05454.bin.2.37	3530419	MQ
MFD05454.bin.2.45	2902888	MQ
MFD05454.bin.2.5	2610291	MQ
MFD05454.bin.2.50	2654417	MQ
MFD05454.bin.2.51	3611891	MQ
MFD05454.bin.2.52	3012621	MQ
MFD05454.bin.2.54	3056467	MQ
MFD05454.bin.2.59	2801313	MQ
MFD05454.bin.2.64	4645031	MQ
MFD05454.bin.2.67	4197780	MQ
MFD05454.bin.2.69	4060801	MQ
MFD05454.bin.2.74	2642305	MQ
MFD05454.bin.2.75	3277620	MQ
MFD05454.bin.2.78	2931476	MQ
MFD05454.bin.2.89	3023791	MQ
MFD05454.bin.2.93	2220975	MQ
MFD05454.bin.2.94	3495603	MQ
MFD05454.bin.2.98	4169481	MQ
MFD05454.bin.2.99	1773545	MQ
MFD05454.bin.3.18	3378654	MQ
MFD05454.bin.3.187	2858622	MQ
MFD05454.bin.3.205	2671202	MQ
MFD05454.bin.3.259	4031046	MQ
MFD05454.bin.3.409	1917323	MQ
MFD05454.bin.3.573	3654091	MQ
MFD05454.bin.3.622	7186789	MQ
MFD05454.bin.3.635	4440323	MQ
MFD05454.bin.3.713	4651125	MQ
MFD05454.bin.3.824	5460984	MQ
MFD05454.bin.3.844	2746840	MQ
MFD05454.bin.4.16	2102542	MQ
MFD05454.bin.4.68	5195420	MQ
MFD05502.bin.1.155	5774958	MQ
MFD05502.bin.1.200	3161872	MQ
MFD05502.bin.2.100	6135174	MQ
MFD05502.bin.2.101	3646497	MQ
MFD05502.bin.2.102	2964107	MQ
MFD05502.bin.2.103	2727108	MQ
MFD05502.bin.2.104	5020994	MQ
MFD05502.bin.2.105	4447170	MQ
MFD05502.bin.2.108	3741857	MQ
MFD05502.bin.2.11	4277331	MQ
MFD05502.bin.2.110	4371307	MQ
MFD05502.bin.2.112	7620935	MQ
MFD05502.bin.2.114	5137033	MQ
MFD05502.bin.2.117	5698717	MQ
MFD05502.bin.2.118	7309768	MQ
MFD05502.bin.2.120	6080633	MQ
MFD05502.bin.2.124	7138827	MQ
MFD05502.bin.2.127	2474103	MQ
MFD05502.bin.2.129	5595689	MQ
MFD05502.bin.2.135	4809981	MQ
MFD05502.bin.2.137	4228275	MQ
MFD05502.bin.2.138	2300325	MQ
MFD05502.bin.2.139	5219448	MQ
MFD05502.bin.2.141	3930755	MQ
MFD05502.bin.2.143	6516749	MQ
MFD05502.bin.2.144	3917736	MQ
MFD05502.bin.2.147	2003673	MQ
MFD05502.bin.2.149	3861288	MQ
MFD05502.bin.2.153	4601587	MQ
MFD05502.bin.2.155	3781592	MQ
MFD05502.bin.2.16	3491000	MQ
MFD05502.bin.2.18	5555368	MQ
MFD05502.bin.2.23	4080516	MQ
MFD05502.bin.2.24	4543906	MQ
MFD05502.bin.2.26	6125488	MQ
MFD05502.bin.2.29	3260057	MQ
MFD05502.bin.2.3	6483428	MQ
MFD05502.bin.2.30	7779524	MQ
MFD05502.bin.2.31	6160356	MQ
MFD05502.bin.2.32	4562488	MQ
MFD05502.bin.2.33	3679167	MQ
MFD05502.bin.2.34	3199106	MQ
MFD05502.bin.2.35	2942826	MQ
MFD05502.bin.2.37	5444029	MQ
MFD05502.bin.2.38	4281601	MQ
MFD05502.bin.2.39	5044816	MQ
MFD05502.bin.2.4	2805849	MQ
MFD05502.bin.2.40	4758899	MQ
MFD05502.bin.2.42	4723180	MQ
MFD05502.bin.2.43	3926774	MQ
MFD05502.bin.2.44	3433970	MQ
MFD05502.bin.2.45	4658768	MQ
MFD05502.bin.2.46	3787122	MQ
MFD05502.bin.2.48	5218484	MQ
MFD05502.bin.2.50	7197844	MQ
MFD05502.bin.2.59	3279076	MQ
MFD05502.bin.2.6	4585428	MQ
MFD05502.bin.2.61	4004451	MQ
MFD05502.bin.2.66	8724043	MQ
MFD05502.bin.2.68	3712301	MQ
MFD05502.bin.2.69	6445322	MQ
MFD05502.bin.2.70	9857723	MQ
MFD05502.bin.2.71	5085314	MQ
MFD05502.bin.2.72	6278636	MQ
MFD05502.bin.2.78	5749036	MQ
MFD05502.bin.2.80	4665645	MQ
MFD05502.bin.2.81	6638266	MQ
MFD05502.bin.2.83	5409661	MQ
MFD05502.bin.2.84	2664053	MQ
MFD05502.bin.2.86	5729746	MQ
MFD05502.bin.2.89	5516491	MQ
MFD05502.bin.2.9	1975705	MQ
MFD05502.bin.2.90	2376490	MQ
MFD05502.bin.2.91	4688046	MQ
MFD05502.bin.2.92	5737831	MQ
MFD05502.bin.2.94	4377299	MQ
MFD05502.bin.2.95	4595779	MQ
MFD05502.bin.2.96	3526705	MQ
MFD05502.bin.2.98	4696722	MQ
MFD05502.bin.2.99	2042956	MQ
MFD05502.bin.3.12	5589620	MQ
MFD05502.bin.3.177	3984745	MQ
MFD05502.bin.3.223	5978129	MQ
MFD05502.bin.3.224	3570704	MQ
MFD05502.bin.3.230	4897051	MQ
MFD05502.bin.3.243	9067309	MQ
MFD05502.bin.3.254	5656307	MQ
MFD05502.bin.3.26	8715588	MQ
MFD05502.bin.3.261	3262094	MQ
MFD05502.bin.3.281	2926785	MQ
MFD05502.bin.3.74	2456659	MQ
MFD05502.bin.3.96	3427582	MQ
MFD05512.bin.1.183	4061632	MQ
MFD05512.bin.1.216	4854667	MQ
MFD05512.bin.1.241	5230968	MQ
MFD05512.bin.1.242	6993347	MQ
MFD05512.bin.1.255	3734250	MQ
MFD05512.bin.1.66	5040591	MQ
MFD05512.bin.1.8	7969741	MQ
MFD05512.bin.2.102	6807132	MQ
MFD05512.bin.2.105	4723341	MQ
MFD05512.bin.2.108	4509050	MQ
MFD05512.bin.2.113	3008243	MQ
MFD05512.bin.2.115	4815054	MQ
MFD05512.bin.2.116	5557148	MQ
MFD05512.bin.2.117	2721343	MQ
MFD05512.bin.2.118	4169572	MQ
MFD05512.bin.2.12	4609959	MQ
MFD05512.bin.2.120	2879561	MQ
MFD05512.bin.2.123	2889745	MQ
MFD05512.bin.2.128	4116727	MQ
MFD05512.bin.2.130	3014208	MQ
MFD05512.bin.2.131	2765570	MQ
MFD05512.bin.2.132	3261333	MQ
MFD05512.bin.2.134	4131395	MQ
MFD05512.bin.2.135	5546465	MQ
MFD05512.bin.2.136	3907858	MQ
MFD05512.bin.2.137	5696669	MQ
MFD05512.bin.2.139	9090779	MQ
MFD05512.bin.2.14	4105300	MQ
MFD05512.bin.2.140	3727588	MQ
MFD05512.bin.2.141	3856761	MQ
MFD05512.bin.2.144	3510136	MQ
MFD05512.bin.2.145	8092622	MQ
MFD05512.bin.2.147	3279104	MQ
MFD05512.bin.2.148	3854378	MQ
MFD05512.bin.2.149	2771561	MQ
MFD05512.bin.2.152	3911797	MQ
MFD05512.bin.2.153	4749998	MQ
MFD05512.bin.2.159	6646464	MQ
MFD05512.bin.2.16	5094077	MQ
MFD05512.bin.2.161	4649845	MQ
MFD05512.bin.2.162	4478999	MQ
MFD05512.bin.2.165	4743985	MQ
MFD05512.bin.2.166	5775599	MQ
MFD05512.bin.2.168	4274626	MQ
MFD05512.bin.2.170	6729268	MQ
MFD05512.bin.2.178	4224216	MQ
MFD05512.bin.2.179	4360257	MQ
MFD05512.bin.2.18	4184936	MQ
MFD05512.bin.2.180	3698862	MQ
MFD05512.bin.2.184	5158400	MQ
MFD05512.bin.2.185	6232695	MQ
MFD05512.bin.2.186	4400019	MQ
MFD05512.bin.2.189	4738146	MQ
MFD05512.bin.2.190	5226737	MQ
MFD05512.bin.2.191	5518845	MQ
MFD05512.bin.2.2	5517896	MQ
MFD05512.bin.2.21	4926838	MQ
MFD05512.bin.2.27	4971088	MQ
MFD05512.bin.2.29	3798912	MQ
MFD05512.bin.2.30	4051312	MQ
MFD05512.bin.2.32	5600846	MQ
MFD05512.bin.2.35	583287	MQ
MFD05512.bin.2.36	4371113	MQ
MFD05512.bin.2.37	5298346	MQ
MFD05512.bin.2.45	1880993	MQ
MFD05512.bin.2.47	2372409	MQ
MFD05512.bin.2.48	4207511	MQ
MFD05512.bin.2.49	3315052	MQ
MFD05512.bin.2.5	3832070	MQ
MFD05512.bin.2.50	2644436	MQ
MFD05512.bin.2.51	4171771	MQ
MFD05512.bin.2.52	5415031	MQ
MFD05512.bin.2.53	5344642	MQ
MFD05512.bin.2.55	5285726	MQ
MFD05512.bin.2.6	4984178	MQ
MFD05512.bin.2.60	2361761	MQ
MFD05512.bin.2.63	5991124	MQ
MFD05512.bin.2.64	4260732	MQ
MFD05512.bin.2.69	3655516	MQ
MFD05512.bin.2.7	5624786	MQ
MFD05512.bin.2.71	12391449	MQ
MFD05512.bin.2.74	2991934	MQ
MFD05512.bin.2.8	2135474	MQ
MFD05512.bin.2.83	4811316	MQ
MFD05512.bin.2.91	5213869	MQ
MFD05512.bin.2.95	5120405	MQ
MFD05512.bin.3.114	7946110	MQ
MFD05512.bin.3.143	797565	MQ
MFD05512.bin.3.249	3487263	MQ
MFD05512.bin.3.285	2282673	MQ
MFD05512.bin.3.29	3758014	MQ
MFD05512.bin.3.43	7605693	MQ
MFD05512.bin.4.415	4575916	MQ
MFD05513.bin.1.182	5489255	MQ
MFD05513.bin.1.205	5427973	MQ
MFD05513.bin.2.1	4080145	MQ
MFD05513.bin.2.100	5416501	MQ
MFD05513.bin.2.111	6838820	MQ
MFD05513.bin.2.12	8418464	MQ
MFD05513.bin.2.127	5695461	MQ
MFD05513.bin.2.136	7273409	MQ
MFD05513.bin.2.14	5472549	MQ
MFD05513.bin.2.141	7068328	MQ
MFD05513.bin.2.143	7992645	MQ
MFD05513.bin.2.145	8128055	MQ
MFD05513.bin.2.146	6017737	MQ
MFD05513.bin.2.148	6521922	MQ
MFD05513.bin.2.149	5335147	MQ
MFD05513.bin.2.151	3064239	MQ
MFD05513.bin.2.152	5564826	MQ
MFD05513.bin.2.158	4457802	MQ
MFD05513.bin.2.159	6604405	MQ
MFD05513.bin.2.166	5171333	MQ
MFD05513.bin.2.168	2429403	MQ
MFD05513.bin.2.169	4684109	MQ
MFD05513.bin.2.170	6097687	MQ
MFD05513.bin.2.172	6456960	MQ
MFD05513.bin.2.174	3282567	MQ
MFD05513.bin.2.175	6249653	MQ
MFD05513.bin.2.177	5800912	MQ
MFD05513.bin.2.178	3222503	MQ
MFD05513.bin.2.179	4683130	MQ
MFD05513.bin.2.180	6393443	MQ
MFD05513.bin.2.181	4432225	MQ
MFD05513.bin.2.182	5020526	MQ
MFD05513.bin.2.184	7622757	MQ
MFD05513.bin.2.185	3400324	MQ
MFD05513.bin.2.187	8248586	MQ
MFD05513.bin.2.190	7713779	MQ
MFD05513.bin.2.194	5687718	MQ
MFD05513.bin.2.195	6494156	MQ
MFD05513.bin.2.196	4643278	MQ
MFD05513.bin.2.20	4087638	MQ
MFD05513.bin.2.200	4605251	MQ
MFD05513.bin.2.203	3750996	MQ
MFD05513.bin.2.204	9901875	MQ
MFD05513.bin.2.205	5416378	MQ
MFD05513.bin.2.206	8397740	MQ
MFD05513.bin.2.208	3212542	MQ
MFD05513.bin.2.21	4490930	MQ
MFD05513.bin.2.211	3125763	MQ
MFD05513.bin.2.213	4228553	MQ
MFD05513.bin.2.215	8957308	MQ
MFD05513.bin.2.217	5172440	MQ
MFD05513.bin.2.218	3500964	MQ
MFD05513.bin.2.22	6085873	MQ
MFD05513.bin.2.222	2553757	MQ
MFD05513.bin.2.223	3761843	MQ
MFD05513.bin.2.227	3485228	MQ
MFD05513.bin.2.23	3662834	MQ
MFD05513.bin.2.233	4137354	MQ
MFD05513.bin.2.234	2880970	MQ
MFD05513.bin.2.235	3279150	MQ
MFD05513.bin.2.236	5040915	MQ
MFD05513.bin.2.25	6579876	MQ
MFD05513.bin.2.26	5408019	MQ
MFD05513.bin.2.3	4105215	MQ
MFD05513.bin.2.30	2558872	MQ
MFD05513.bin.2.32	5447092	MQ
MFD05513.bin.2.34	7349332	MQ
MFD05513.bin.2.35	4551608	MQ
MFD05513.bin.2.36	5397208	MQ
MFD05513.bin.2.39	5415167	MQ
MFD05513.bin.2.40	4521080	MQ
MFD05513.bin.2.42	4656483	MQ
MFD05513.bin.2.43	4833998	MQ
MFD05513.bin.2.46	4030187	MQ
MFD05513.bin.2.49	4039372	MQ
MFD05513.bin.2.52	2502134	MQ
MFD05513.bin.2.53	3342811	MQ
MFD05513.bin.2.55	7537629	MQ
MFD05513.bin.2.56	6857149	MQ
MFD05513.bin.2.57	5571795	MQ
MFD05513.bin.2.62	4603638	MQ
MFD05513.bin.2.64	4456732	MQ
MFD05513.bin.2.65	2941556	MQ
MFD05513.bin.2.70	4028455	MQ
MFD05513.bin.2.72	7263165	MQ
MFD05513.bin.2.73	5073015	MQ
MFD05513.bin.2.75	2950690	MQ
MFD05513.bin.2.78	6429781	MQ
MFD05513.bin.2.79	3986544	MQ
MFD05513.bin.2.80	4025742	MQ
MFD05513.bin.2.81	4990762	MQ
MFD05513.bin.2.82	6085556	MQ
MFD05513.bin.2.85	1943089	MQ
MFD05513.bin.2.87	4386776	MQ
MFD05513.bin.2.88	3265195	MQ
MFD05513.bin.2.89	4737855	MQ
MFD05513.bin.2.90	3384748	MQ
MFD05513.bin.2.91	2259009	MQ
MFD05513.bin.2.93	5786017	MQ
MFD05513.bin.2.94	6389836	MQ
MFD05513.bin.3.1	4864136	MQ
MFD05513.bin.3.149	3529431	MQ
MFD05513.bin.3.209	2818892	MQ
MFD05513.bin.3.22	4142191	MQ
MFD05513.bin.3.257	2668708	MQ
MFD05513.bin.3.3	3496887	MQ
MFD05513.bin.3.311	3397713	MQ
MFD05513.bin.3.315	4720211	MQ
MFD05513.bin.3.377	9512797	MQ
MFD05513.bin.3.448	4837648	MQ
MFD05513.bin.3.59	7454412	MQ
MFD05513.bin.3.68	3618078	MQ
MFD05513.bin.3.82	3812165	MQ
MFD05513.bin.3.89	4096082	MQ
MFD05513.bin.3.9	6399605	MQ
MFD05513.bin.4.109	2297230	MQ
MFD05513.bin.4.287	3689209	MQ
MFD05521.bin.1.134	6300044	MQ
MFD05521.bin.1.151	6144661	MQ
MFD05521.bin.1.209	7543186	MQ
MFD05521.bin.2.1	4478956	MQ
MFD05521.bin.2.10	7208529	MQ
MFD05521.bin.2.108	7353340	MQ
MFD05521.bin.2.110	4917951	MQ
MFD05521.bin.2.117	5133004	MQ
MFD05521.bin.2.119	6163501	MQ
MFD05521.bin.2.12	6934178	MQ
MFD05521.bin.2.123	5250682	MQ
MFD05521.bin.2.124	3232303	MQ
MFD05521.bin.2.129	6047224	MQ
MFD05521.bin.2.130	8137629	MQ
MFD05521.bin.2.135	3879967	MQ
MFD05521.bin.2.136	6857614	MQ
MFD05521.bin.2.137	10019471	MQ
MFD05521.bin.2.138	8731483	MQ
MFD05521.bin.2.14	3202291	MQ
MFD05521.bin.2.149	3180578	MQ
MFD05521.bin.2.153	4840695	MQ
MFD05521.bin.2.157	3554960	MQ
MFD05521.bin.2.158	4467980	MQ
MFD05521.bin.2.159	4003453	MQ
MFD05521.bin.2.160	5279107	MQ
MFD05521.bin.2.161	5776335	MQ
MFD05521.bin.2.162	7785159	MQ
MFD05521.bin.2.163	3541403	MQ
MFD05521.bin.2.165	3589113	MQ
MFD05521.bin.2.174	2640765	MQ
MFD05521.bin.2.175	4441102	MQ
MFD05521.bin.2.178	3346639	MQ
MFD05521.bin.2.182	4470494	MQ
MFD05521.bin.2.187	6848099	MQ
MFD05521.bin.2.192	5349274	MQ
MFD05521.bin.2.194	6133210	MQ
MFD05521.bin.2.196	2549980	MQ
MFD05521.bin.2.200	6252130	MQ
MFD05521.bin.2.202	3040117	MQ
MFD05521.bin.2.210	6689373	MQ
MFD05521.bin.2.215	6094019	MQ
MFD05521.bin.2.221	6813597	MQ
MFD05521.bin.2.222	4719671	MQ
MFD05521.bin.2.226	4435473	MQ
MFD05521.bin.2.227	7184090	MQ
MFD05521.bin.2.25	10798049	MQ
MFD05521.bin.2.29	3679673	MQ
MFD05521.bin.2.31	5582485	MQ
MFD05521.bin.2.35	6224166	MQ
MFD05521.bin.2.38	2775489	MQ
MFD05521.bin.2.39	6101906	MQ
MFD05521.bin.2.4	3608706	MQ
MFD05521.bin.2.45	4782031	MQ
MFD05521.bin.2.5	6020456	MQ
MFD05521.bin.2.54	4484997	MQ
MFD05521.bin.2.55	3738783	MQ
MFD05521.bin.2.56	3116051	MQ
MFD05521.bin.2.57	9826614	MQ
MFD05521.bin.2.58	4199559	MQ
MFD05521.bin.2.61	3764239	MQ
MFD05521.bin.2.62	3591512	MQ
MFD05521.bin.2.63	2608658	MQ
MFD05521.bin.2.66	7775499	MQ
MFD05521.bin.2.67	2998750	MQ
MFD05521.bin.2.68	5214050	MQ
MFD05521.bin.2.7	4593418	MQ
MFD05521.bin.2.72	4145687	MQ
MFD05521.bin.2.76	3682682	MQ
MFD05521.bin.2.79	2695177	MQ
MFD05521.bin.2.80	4252875	MQ
MFD05521.bin.2.83	4184226	MQ
MFD05521.bin.2.84	4459755	MQ
MFD05521.bin.2.89	3265587	MQ
MFD05521.bin.2.91	3444748	MQ
MFD05521.bin.2.95	6035823	MQ
MFD05521.bin.3.132	8235613	MQ
MFD05521.bin.3.166	5860210	MQ
MFD05521.bin.3.212	3564003	MQ
MFD05521.bin.3.22	5846647	MQ
MFD05521.bin.3.34	5016313	MQ
MFD05521.bin.3.347	4648348	MQ
MFD05521.bin.3.443	7804752	MQ
MFD05521.bin.3.444	5722516	MQ
MFD05521.bin.3.460	7138386	MQ
MFD05521.bin.3.462	5035927	MQ
MFD05521.bin.3.609	7831548	MQ
MFD05521.bin.3.61	4875403	MQ
MFD05521.bin.3.82	2928200	MQ
MFD05521.bin.3.92	6629773	MQ
MFD05521.bin.4.280	3064740	MQ
MFD05521.bin.4.316	5583645	MQ
MFD05537.bin.2.18	5500584	MQ
MFD05537.bin.2.22	2770179	MQ
MFD05537.bin.2.27	4321000	MQ
MFD05537.bin.2.30	4930859	MQ
MFD05537.bin.2.31	4437507	MQ
MFD05537.bin.2.35	2566245	MQ
MFD05537.bin.2.37	3273832	MQ
MFD05537.bin.2.40	4136404	MQ
MFD05537.bin.2.47	2613878	MQ
MFD05537.bin.2.49	3841800	MQ
MFD05537.bin.2.65	2520060	MQ
MFD05537.bin.2.7	5911894	MQ
MFD05537.bin.2.82	2358935	MQ
MFD05537.bin.2.84	3872737	MQ
MFD05537.bin.2.90	7152724	MQ
MFD05537.bin.2.92	3427157	MQ
MFD05537.bin.3.259	3396417	MQ
MFD05537.bin.3.31	3815198	MQ
MFD05567.bin.2.101	3765631	MQ
MFD05567.bin.2.102	4683019	MQ
MFD05567.bin.2.108	6908018	MQ
MFD05567.bin.2.111	3711878	MQ
MFD05567.bin.2.115	1884026	MQ
MFD05567.bin.2.14	6250223	MQ
MFD05567.bin.2.150	9577527	MQ
MFD05567.bin.2.152	8511832	MQ
MFD05567.bin.2.153	4364362	MQ
MFD05567.bin.2.154	6310291	MQ
MFD05567.bin.2.160	2309597	MQ
MFD05567.bin.2.161	3602001	MQ
MFD05567.bin.2.167	5231041	MQ
MFD05567.bin.2.176	3314132	MQ
MFD05567.bin.2.179	5095180	MQ
MFD05567.bin.2.181	6233095	MQ
MFD05567.bin.2.183	4234889	MQ
MFD05567.bin.2.185	4144742	MQ
MFD05567.bin.2.187	5810480	MQ
MFD05567.bin.2.189	1816703	MQ
MFD05567.bin.2.19	2666536	MQ
MFD05567.bin.2.191	3979925	MQ
MFD05567.bin.2.196	6420568	MQ
MFD05567.bin.2.201	5650715	MQ
MFD05567.bin.2.209	3797449	MQ
MFD05567.bin.2.219	7309432	MQ
MFD05567.bin.2.22	7786766	MQ
MFD05567.bin.2.220	5467888	MQ
MFD05567.bin.2.232	5723052	MQ
MFD05567.bin.2.233	3670805	MQ
MFD05567.bin.2.24	6030638	MQ
MFD05567.bin.2.243	3014461	MQ
MFD05567.bin.2.246	3859065	MQ
MFD05567.bin.2.247	6590134	MQ
MFD05567.bin.2.25	3127547	MQ
MFD05567.bin.2.250	3399456	MQ
MFD05567.bin.2.254	5032612	MQ
MFD05567.bin.2.26	3062604	MQ
MFD05567.bin.2.266	6261721	MQ
MFD05567.bin.2.267	3023337	MQ
MFD05567.bin.2.269	7426485	MQ
MFD05567.bin.2.27	2295809	MQ
MFD05567.bin.2.276	7276699	MQ
MFD05567.bin.2.278	5198443	MQ
MFD05567.bin.2.3	4587876	MQ
MFD05567.bin.2.37	3211020	MQ
MFD05567.bin.2.4	3024594	MQ
MFD05567.bin.2.45	5089329	MQ
MFD05567.bin.2.47	7159080	MQ
MFD05567.bin.2.48	4635612	MQ
MFD05567.bin.2.50	3721968	MQ
MFD05567.bin.2.55	3392265	MQ
MFD05567.bin.2.57	4864154	MQ
MFD05567.bin.2.61	3025572	MQ
MFD05567.bin.2.62	3205709	MQ
MFD05567.bin.2.64	3073741	MQ
MFD05567.bin.2.7	5968577	MQ
MFD05567.bin.2.74	6115040	MQ
MFD05567.bin.2.76	3725823	MQ
MFD05567.bin.2.77	3580124	MQ
MFD05567.bin.2.78	5473763	MQ
MFD05567.bin.2.80	2799268	MQ
MFD05567.bin.2.81	2728383	MQ
MFD05567.bin.2.83	3804347	MQ
MFD05567.bin.2.84	4243909	MQ
MFD05567.bin.2.88	3836619	MQ
MFD05567.bin.2.9	2743326	MQ
MFD05567.bin.2.90	5548269	MQ
MFD05567.bin.2.97	2900710	MQ
MFD05567.bin.3.114	2625680	MQ
MFD05567.bin.3.117	5483447	MQ
MFD05567.bin.3.134	6109174	MQ
MFD05567.bin.3.357	5890930	MQ
MFD05567.bin.3.46	5042964	MQ
MFD05567.bin.3.49	3259525	MQ
MFD05567.bin.3.524	4221842	MQ
MFD05567.bin.3.532	3324726	MQ
MFD05567.bin.3.543	3054462	MQ
MFD05567.bin.3.64	5545988	MQ
MFD05567.bin.4.189	2527412	MQ
MFD05567.bin.4.378	5119566	MQ
MFD05567.bin.4.98	2336432	MQ
MFD05580.bin.1.119	5223326	MQ
MFD05580.bin.1.36	5460547	MQ
MFD05580.bin.1.80	5093372	MQ
MFD05580.bin.2.12	3731075	MQ
MFD05580.bin.2.14	3854293	MQ
MFD05580.bin.2.15	4636013	MQ
MFD05580.bin.2.2	5645208	MQ
MFD05580.bin.2.20	4581305	MQ
MFD05580.bin.2.22	2218693	MQ
MFD05580.bin.2.24	5800840	MQ
MFD05580.bin.2.25	3119027	MQ
MFD05580.bin.2.29	9268603	MQ
MFD05580.bin.2.3	8581272	MQ
MFD05580.bin.2.37	2441666	MQ
MFD05580.bin.2.45	1198203	MQ
MFD05580.bin.2.48	10705937	MQ
MFD05580.bin.2.50	7030869	MQ
MFD05580.bin.2.60	5154676	MQ
MFD05580.bin.2.62	6363599	MQ
MFD05580.bin.2.68	2540682	MQ
MFD05580.bin.2.69	4219381	MQ
MFD05580.bin.2.70	5355695	MQ
MFD05580.bin.2.71	2430129	MQ
MFD05580.bin.2.77	2547773	MQ
MFD05580.bin.2.82	6268623	MQ
MFD05580.bin.2.83	6353292	MQ
MFD05580.bin.2.85	5148218	MQ
MFD05580.bin.2.86	3225752	MQ
MFD05580.bin.2.90	1454283	MQ
MFD05580.bin.2.92	3886730	MQ
MFD05580.bin.3.109	6578183	MQ
MFD05580.bin.3.156	4415688	MQ
MFD05580.bin.3.160	9697117	MQ
MFD05580.bin.3.164	8098081	MQ
MFD05580.bin.3.18	5735596	MQ
MFD05580.bin.3.47	1946196	MQ
MFD05580.bin.3.88	4354646	MQ
MFD05580.bin.3.90	3955575	MQ
MFD05674.bin.1.63	2805156	MQ
MFD05674.bin.2.1	4037257	MQ
MFD05674.bin.2.114	5692524	MQ
MFD05674.bin.2.115	3331316	MQ
MFD05674.bin.2.117	4528813	MQ
MFD05674.bin.2.121	3277051	MQ
MFD05674.bin.2.122	2229254	MQ
MFD05674.bin.2.125	1159225	MQ
MFD05674.bin.2.126	5199702	MQ
MFD05674.bin.2.128	1811652	MQ
MFD05674.bin.2.129	3852250	MQ
MFD05674.bin.2.130	3095740	MQ
MFD05674.bin.2.133	2785399	MQ
MFD05674.bin.2.138	4661864	MQ
MFD05674.bin.2.139	6124754	MQ
MFD05674.bin.2.14	5867856	MQ
MFD05674.bin.2.141	3850346	MQ
MFD05674.bin.2.145	5195068	MQ
MFD05674.bin.2.155	4658846	MQ
MFD05674.bin.2.157	4000672	MQ
MFD05674.bin.2.160	5451422	MQ
MFD05674.bin.2.162	5814175	MQ
MFD05674.bin.2.168	7268813	MQ
MFD05674.bin.2.17	4997645	MQ
MFD05674.bin.2.170	3735923	MQ
MFD05674.bin.2.181	3190275	MQ
MFD05674.bin.2.184	9833394	MQ
MFD05674.bin.2.185	2630942	MQ
MFD05674.bin.2.19	6495140	MQ
MFD05674.bin.2.194	6295728	MQ
MFD05674.bin.2.20	3999076	MQ
MFD05674.bin.2.26	6580480	MQ
MFD05674.bin.2.3	3773029	MQ
MFD05674.bin.2.30	3536760	MQ
MFD05674.bin.2.33	3296538	MQ
MFD05674.bin.2.4	5657698	MQ
MFD05674.bin.2.41	5152060	MQ
MFD05674.bin.2.46	5646070	MQ
MFD05674.bin.2.49	5632128	MQ
MFD05674.bin.2.51	5481706	MQ
MFD05674.bin.2.52	6927957	MQ
MFD05674.bin.2.53	7706019	MQ
MFD05674.bin.2.55	3388401	MQ
MFD05674.bin.2.67	3894234	MQ
MFD05674.bin.2.7	5629161	MQ
MFD05674.bin.2.88	4757315	MQ
MFD05674.bin.2.93	3189472	MQ
MFD05674.bin.2.95	4455015	MQ
MFD05674.bin.2.96	2682912	MQ
MFD05674.bin.3.100	2899997	MQ
MFD05674.bin.3.103	3516491	MQ
MFD05674.bin.3.108	3588572	MQ
MFD05674.bin.3.117	3131271	MQ
MFD05674.bin.3.173	3920523	MQ
MFD05674.bin.3.197	2070461	MQ
MFD05674.bin.3.214	7289300	MQ
MFD05674.bin.3.310	3912027	MQ
MFD05674.bin.3.315	2840724	MQ
MFD05674.bin.3.318	3257481	MQ
MFD05674.bin.3.33	3352461	MQ
MFD05674.bin.3.332	7539042	MQ
MFD05674.bin.3.374	5251320	MQ
MFD05674.bin.3.375	1598239	MQ
MFD05674.bin.3.413	3153788	MQ
MFD05674.bin.3.420	3594818	MQ
MFD05674.bin.3.430	4357552	MQ
MFD05674.bin.3.445	2176207	MQ
MFD05674.bin.3.447	3952831	MQ
MFD05674.bin.3.461	2413811	MQ
MFD05674.bin.3.475	3510817	MQ
MFD05674.bin.3.51	2982478	MQ
MFD05674.bin.3.64	3059132	MQ
MFD05674.bin.4.155	3310433	MQ
MFD05674.bin.4.38	2377187	MQ
MFD05674.bin.4.475	2556013	MQ
MFD05674.bin.4.515	2051120	MQ
MFD05684.bin.1.144	8550432	MQ
MFD05684.bin.1.177	6459965	MQ
MFD05684.bin.1.278	4803969	MQ
MFD05684.bin.1.305	3677997	MQ
MFD05684.bin.1.412	3171744	MQ
MFD05684.bin.2.100	4531825	MQ
MFD05684.bin.2.102	2808555	MQ
MFD05684.bin.2.104	3202345	MQ
MFD05684.bin.2.105	2047027	MQ
MFD05684.bin.2.107	4144015	MQ
MFD05684.bin.2.108	3921929	MQ
MFD05684.bin.2.109	3171201	MQ
MFD05684.bin.2.11	6396792	MQ
MFD05684.bin.2.112	4370717	MQ
MFD05684.bin.2.113	5068589	MQ
MFD05684.bin.2.115	2190023	MQ
MFD05684.bin.2.116	3080764	MQ
MFD05684.bin.2.119	4328796	MQ
MFD05684.bin.2.122	3198539	MQ
MFD05684.bin.2.124	4908373	MQ
MFD05684.bin.2.125	2767562	MQ
MFD05684.bin.2.127	3092057	MQ
MFD05684.bin.2.129	2270933	MQ
MFD05684.bin.2.133	3066671	MQ
MFD05684.bin.2.135	2807339	MQ
MFD05684.bin.2.139	2340419	MQ
MFD05684.bin.2.14	889233	MQ
MFD05684.bin.2.144	5442672	MQ
MFD05684.bin.2.145	4714316	MQ
MFD05684.bin.2.146	3652685	MQ
MFD05684.bin.2.147	2538921	MQ
MFD05684.bin.2.149	6333122	MQ
MFD05684.bin.2.152	3549532	MQ
MFD05684.bin.2.158	5365848	MQ
MFD05684.bin.2.163	4875370	MQ
MFD05684.bin.2.165	4155600	MQ
MFD05684.bin.2.168	6329629	MQ
MFD05684.bin.2.17	6316001	MQ
MFD05684.bin.2.170	4264572	MQ
MFD05684.bin.2.174	3269740	MQ
MFD05684.bin.2.178	5437708	MQ
MFD05684.bin.2.179	5742181	MQ
MFD05684.bin.2.18	6613331	MQ
MFD05684.bin.2.180	5193923	MQ
MFD05684.bin.2.181	4938786	MQ
MFD05684.bin.2.182	4780619	MQ
MFD05684.bin.2.184	2994702	MQ
MFD05684.bin.2.185	3555612	MQ
MFD05684.bin.2.190	4417142	MQ
MFD05684.bin.2.191	3347790	MQ
MFD05684.bin.2.192	6967479	MQ
MFD05684.bin.2.193	6807438	MQ
MFD05684.bin.2.194	3533925	MQ
MFD05684.bin.2.195	5521535	MQ
MFD05684.bin.2.196	3341059	MQ
MFD05684.bin.2.197	6349294	MQ
MFD05684.bin.2.198	3974642	MQ
MFD05684.bin.2.199	4986154	MQ
MFD05684.bin.2.2	6731537	MQ
MFD05684.bin.2.20	1798455	MQ
MFD05684.bin.2.200	5415281	MQ
MFD05684.bin.2.204	3550198	MQ
MFD05684.bin.2.206	4679708	MQ
MFD05684.bin.2.207	1657351	MQ
MFD05684.bin.2.208	10550367	MQ
MFD05684.bin.2.21	3935479	MQ
MFD05684.bin.2.210	3941313	MQ
MFD05684.bin.2.216	2694982	MQ
MFD05684.bin.2.218	3123592	MQ
MFD05684.bin.2.219	2943191	MQ
MFD05684.bin.2.222	3391150	MQ
MFD05684.bin.2.223	4077048	MQ
MFD05684.bin.2.225	5353755	MQ
MFD05684.bin.2.226	7112144	MQ
MFD05684.bin.2.227	2031590	MQ
MFD05684.bin.2.228	3504735	MQ
MFD05684.bin.2.23	4057056	MQ
MFD05684.bin.2.230	5297853	MQ
MFD05684.bin.2.233	5374522	MQ
MFD05684.bin.2.236	4072172	MQ
MFD05684.bin.2.239	3286752	MQ
MFD05684.bin.2.24	4569224	MQ
MFD05684.bin.2.240	4702793	MQ
MFD05684.bin.2.241	3638498	MQ
MFD05684.bin.2.242	4411228	MQ
MFD05684.bin.2.243	8951540	MQ
MFD05684.bin.2.245	6900070	MQ
MFD05684.bin.2.250	5348840	MQ
MFD05684.bin.2.251	9472104	MQ
MFD05684.bin.2.255	2656958	MQ
MFD05684.bin.2.256	2010628	MQ
MFD05684.bin.2.259	5316575	MQ
MFD05684.bin.2.260	4445927	MQ
MFD05684.bin.2.261	2715722	MQ
MFD05684.bin.2.263	946787	MQ
MFD05684.bin.2.266	9141953	MQ
MFD05684.bin.2.267	5628890	MQ
MFD05684.bin.2.269	6446016	MQ
MFD05684.bin.2.27	3970917	MQ
MFD05684.bin.2.273	5832077	MQ
MFD05684.bin.2.274	4651577	MQ
MFD05684.bin.2.275	4552639	MQ
MFD05684.bin.2.276	3232174	MQ
MFD05684.bin.2.277	3417261	MQ
MFD05684.bin.2.279	884054	MQ
MFD05684.bin.2.28	2999633	MQ
MFD05684.bin.2.280	4933842	MQ
MFD05684.bin.2.281	4561610	MQ
MFD05684.bin.2.282	4772321	MQ
MFD05684.bin.2.283	3455372	MQ
MFD05684.bin.2.284	8956290	MQ
MFD05684.bin.2.285	3626124	MQ
MFD05684.bin.2.29	4053964	MQ
MFD05684.bin.2.31	3141580	MQ
MFD05684.bin.2.33	4781056	MQ
MFD05684.bin.2.34	3100722	MQ
MFD05684.bin.2.36	4348061	MQ
MFD05684.bin.2.37	5218998	MQ
MFD05684.bin.2.38	3027920	MQ
MFD05684.bin.2.39	5625447	MQ
MFD05684.bin.2.41	3997414	MQ
MFD05684.bin.2.43	854580	MQ
MFD05684.bin.2.48	6619502	MQ
MFD05684.bin.2.5	3696228	MQ
MFD05684.bin.2.50	5990676	MQ
MFD05684.bin.2.51	3708019	MQ
MFD05684.bin.2.55	3577005	MQ
MFD05684.bin.2.58	4484412	MQ
MFD05684.bin.2.6	7882460	MQ
MFD05684.bin.2.61	1166433	MQ
MFD05684.bin.2.63	5731222	MQ
MFD05684.bin.2.64	3875208	MQ
MFD05684.bin.2.65	4909798	MQ
MFD05684.bin.2.66	2235645	MQ
MFD05684.bin.2.67	1781583	MQ
MFD05684.bin.2.68	3347043	MQ
MFD05684.bin.2.69	3249382	MQ
MFD05684.bin.2.72	5098986	MQ
MFD05684.bin.2.73	5274509	MQ
MFD05684.bin.2.75	7989519	MQ
MFD05684.bin.2.78	8188020	MQ
MFD05684.bin.2.80	2741373	MQ
MFD05684.bin.2.82	3980118	MQ
MFD05684.bin.2.83	5493838	MQ
MFD05684.bin.2.84	3837471	MQ
MFD05684.bin.2.88	6244285	MQ
MFD05684.bin.2.91	3545597	MQ
MFD05684.bin.2.92	4669374	MQ
MFD05684.bin.2.93	1371588	MQ
MFD05684.bin.2.95	9052238	MQ
MFD05684.bin.2.96	2350045	MQ
MFD05684.bin.2.98	4012914	MQ
MFD05684.bin.2.99	5978390	MQ
MFD05684.bin.3.1	3430604	MQ
MFD05684.bin.3.129	3370004	MQ
MFD05684.bin.3.142	4036913	MQ
MFD05684.bin.3.143	4899734	MQ
MFD05684.bin.3.151	3341587	MQ
MFD05684.bin.3.160	3480573	MQ
MFD05684.bin.3.171	5051078	MQ
MFD05684.bin.3.180	2518897	MQ
MFD05684.bin.3.198	5763118	MQ
MFD05684.bin.3.29	2642589	MQ
MFD05684.bin.3.306	2160038	MQ
MFD05684.bin.3.313	3833312	MQ
MFD05684.bin.3.333	3592589	MQ
MFD05684.bin.3.34	4503449	MQ
MFD05684.bin.3.341	2667703	MQ
MFD05684.bin.3.391	3595848	MQ
MFD05684.bin.3.402	3471801	MQ
MFD05684.bin.3.404	2564890	MQ
MFD05684.bin.3.421	1609367	MQ
MFD05684.bin.3.44	3821289	MQ
MFD05684.bin.3.60	1336554	MQ
MFD05684.bin.3.79	3639855	MQ
MFD05684.bin.4.554	4367628	MQ
MFD05705.bin.1.132	5180388	MQ
MFD05705.bin.1.143	4664937	MQ
MFD05705.bin.1.223	4874818	MQ
MFD05705.bin.1.243	5646695	MQ
MFD05705.bin.1.7	5641815	MQ
MFD05705.bin.2.10	4410515	MQ
MFD05705.bin.2.100	6879479	MQ
MFD05705.bin.2.106	3639532	MQ
MFD05705.bin.2.107	8221837	MQ
MFD05705.bin.2.108	5912933	MQ
MFD05705.bin.2.110	9056344	MQ
MFD05705.bin.2.112	4824114	MQ
MFD05705.bin.2.113	7153300	MQ
MFD05705.bin.2.12	4835980	MQ
MFD05705.bin.2.120	5419187	MQ
MFD05705.bin.2.121	4373017	MQ
MFD05705.bin.2.126	8499534	MQ
MFD05705.bin.2.13	3820104	MQ
MFD05705.bin.2.131	7813703	MQ
MFD05705.bin.2.135	4737435	MQ
MFD05705.bin.2.137	4051189	MQ
MFD05705.bin.2.138	6780538	MQ
MFD05705.bin.2.141	7236731	MQ
MFD05705.bin.2.143	3739252	MQ
MFD05705.bin.2.144	3590122	MQ
MFD05705.bin.2.145	4418722	MQ
MFD05705.bin.2.146	2213982	MQ
MFD05705.bin.2.149	4291779	MQ
MFD05705.bin.2.15	3253352	MQ
MFD05705.bin.2.152	6667601	MQ
MFD05705.bin.2.2	4747959	MQ
MFD05705.bin.2.20	4039163	MQ
MFD05705.bin.2.22	5841978	MQ
MFD05705.bin.2.35	4247426	MQ
MFD05705.bin.2.36	4513287	MQ
MFD05705.bin.2.39	3611354	MQ
MFD05705.bin.2.4	3229041	MQ
MFD05705.bin.2.41	3249589	MQ
MFD05705.bin.2.42	5228857	MQ
MFD05705.bin.2.43	3656904	MQ
MFD05705.bin.2.44	3299184	MQ
MFD05705.bin.2.47	3243282	MQ
MFD05705.bin.2.48	7063715	MQ
MFD05705.bin.2.49	7313417	MQ
MFD05705.bin.2.5	7718722	MQ
MFD05705.bin.2.50	4561350	MQ
MFD05705.bin.2.52	2345877	MQ
MFD05705.bin.2.55	4497183	MQ
MFD05705.bin.2.6	2756009	MQ
MFD05705.bin.2.66	2874890	MQ
MFD05705.bin.2.71	2956735	MQ
MFD05705.bin.2.72	4059323	MQ
MFD05705.bin.2.76	2306167	MQ
MFD05705.bin.2.82	5989508	MQ
MFD05705.bin.2.85	8166681	MQ
MFD05705.bin.2.86	5253598	MQ
MFD05705.bin.2.87	7235452	MQ
MFD05705.bin.2.88	4486067	MQ
MFD05705.bin.2.89	4099260	MQ
MFD05705.bin.2.90	5514529	MQ
MFD05705.bin.2.92	5340597	MQ
MFD05705.bin.2.94	5071609	MQ
MFD05705.bin.2.95	4283830	MQ
MFD05705.bin.2.96	2527804	MQ
MFD05705.bin.2.99	7680203	MQ
MFD05705.bin.3.107	4425786	MQ
MFD05705.bin.3.208	6655680	MQ
MFD05705.bin.3.237	7711276	MQ
MFD05705.bin.3.254	5444110	MQ
MFD05705.bin.3.308	3625339	MQ
MFD05705.bin.3.47	1430035	MQ
MFD05705.bin.4.417	3633468	MQ
MFD05705.bin.4.70	2900064	MQ
MFD05747.bin.2.1	4780974	MQ
MFD05747.bin.2.102	3405048	MQ
MFD05747.bin.2.105	4675554	MQ
MFD05747.bin.2.112	2900479	MQ
MFD05747.bin.2.116	2636288	MQ
MFD05747.bin.2.119	3012241	MQ
MFD05747.bin.2.120	4336539	MQ
MFD05747.bin.2.124	2580517	MQ
MFD05747.bin.2.125	2331769	MQ
MFD05747.bin.2.127	3192873	MQ
MFD05747.bin.2.132	3588548	MQ
MFD05747.bin.2.134	2993098	MQ
MFD05747.bin.2.136	3056157	MQ
MFD05747.bin.2.137	2795246	MQ
MFD05747.bin.2.142	4921150	MQ
MFD05747.bin.2.144	2869920	MQ
MFD05747.bin.2.145	3865908	MQ
MFD05747.bin.2.149	2368359	MQ
MFD05747.bin.2.150	5498720	MQ
MFD05747.bin.2.152	6149947	MQ
MFD05747.bin.2.155	2911740	MQ
MFD05747.bin.2.157	4989503	MQ
MFD05747.bin.2.16	3414030	MQ
MFD05747.bin.2.162	2772182	MQ
MFD05747.bin.2.163	2452424	MQ
MFD05747.bin.2.165	5396746	MQ
MFD05747.bin.2.167	4429412	MQ
MFD05747.bin.2.173	5042032	MQ
MFD05747.bin.2.174	6038780	MQ
MFD05747.bin.2.175	3804155	MQ
MFD05747.bin.2.176	2240925	MQ
MFD05747.bin.2.177	6028375	MQ
MFD05747.bin.2.178	2838902	MQ
MFD05747.bin.2.183	6197203	MQ
MFD05747.bin.2.188	4494914	MQ
MFD05747.bin.2.193	5743992	MQ
MFD05747.bin.2.197	3180050	MQ
MFD05747.bin.2.2	3285830	MQ
MFD05747.bin.2.200	9119717	MQ
MFD05747.bin.2.202	2140436	MQ
MFD05747.bin.2.21	2507204	MQ
MFD05747.bin.2.210	2977914	MQ
MFD05747.bin.2.211	3464684	MQ
MFD05747.bin.2.215	3243490	MQ
MFD05747.bin.2.217	3160787	MQ
MFD05747.bin.2.221	9567653	MQ
MFD05747.bin.2.223	3376518	MQ
MFD05747.bin.2.224	3382620	MQ
MFD05747.bin.2.23	2233786	MQ
MFD05747.bin.2.24	2853209	MQ
MFD05747.bin.2.28	4583874	MQ
MFD05747.bin.2.29	2505406	MQ
MFD05747.bin.2.33	3676386	MQ
MFD05747.bin.2.36	8466039	MQ
MFD05747.bin.2.37	4137390	MQ
MFD05747.bin.2.40	2492478	MQ
MFD05747.bin.2.42	7131598	MQ
MFD05747.bin.2.52	4769648	MQ
MFD05747.bin.2.59	2631502	MQ
MFD05747.bin.2.85	2868616	MQ
MFD05747.bin.2.90	3727951	MQ
MFD05747.bin.2.93	5354876	MQ
MFD05747.bin.3.104	2055950	MQ
MFD05747.bin.3.156	5364010	MQ
MFD05747.bin.3.196	4401489	MQ
MFD05747.bin.3.237	3195460	MQ
MFD05747.bin.3.238	2740090	MQ
MFD05747.bin.3.242	5336215	MQ
MFD05747.bin.3.273	4752745	MQ
MFD05747.bin.3.28	4493484	MQ
MFD05747.bin.3.294	2580521	MQ
MFD05747.bin.3.302	2710547	MQ
MFD05747.bin.3.323	2920478	MQ
MFD05747.bin.3.37	4128068	MQ
MFD05747.bin.3.402	3699671	MQ
MFD05747.bin.3.574	8522633	MQ
MFD05747.bin.3.79	4415681	MQ
MFD05747.bin.4.134	5098346	MQ
MFD05747.bin.4.161	3912615	MQ
MFD05841.bin.2.1	2956948	MQ
MFD05841.bin.2.10	4589742	MQ
MFD05841.bin.2.100	3095042	MQ
MFD05841.bin.2.102	4931808	MQ
MFD05841.bin.2.109	10850501	MQ
MFD05841.bin.2.11	3062886	MQ
MFD05841.bin.2.110	4471959	MQ
MFD05841.bin.2.111	3703207	MQ
MFD05841.bin.2.112	5559691	MQ
MFD05841.bin.2.116	3414484	MQ
MFD05841.bin.2.117	4753434	MQ
MFD05841.bin.2.118	6494759	MQ
MFD05841.bin.2.119	6161131	MQ
MFD05841.bin.2.12	4422117	MQ
MFD05841.bin.2.120	7912680	MQ
MFD05841.bin.2.123	3439522	MQ
MFD05841.bin.2.124	3945341	MQ
MFD05841.bin.2.128	2505874	MQ
MFD05841.bin.2.129	4769750	MQ
MFD05841.bin.2.132	7070848	MQ
MFD05841.bin.2.133	5657020	MQ
MFD05841.bin.2.137	6104157	MQ
MFD05841.bin.2.14	5631278	MQ
MFD05841.bin.2.140	5806892	MQ
MFD05841.bin.2.150	2873382	MQ
MFD05841.bin.2.159	3866075	MQ
MFD05841.bin.2.163	5641728	MQ
MFD05841.bin.2.164	2694591	MQ
MFD05841.bin.2.165	4416214	MQ
MFD05841.bin.2.169	3630220	MQ
MFD05841.bin.2.175	8570581	MQ
MFD05841.bin.2.176	4257416	MQ
MFD05841.bin.2.177	6088146	MQ
MFD05841.bin.2.190	3194121	MQ
MFD05841.bin.2.193	6081731	MQ
MFD05841.bin.2.194	3500517	MQ
MFD05841.bin.2.196	3833641	MQ
MFD05841.bin.2.197	5349075	MQ
MFD05841.bin.2.2	4319221	MQ
MFD05841.bin.2.20	4769898	MQ
MFD05841.bin.2.204	2469102	MQ
MFD05841.bin.2.205	2599809	MQ
MFD05841.bin.2.206	5497882	MQ
MFD05841.bin.2.207	5878958	MQ
MFD05841.bin.2.209	5494464	MQ
MFD05841.bin.2.21	4884956	MQ
MFD05841.bin.2.212	2932493	MQ
MFD05841.bin.2.213	2065510	MQ
MFD05841.bin.2.214	3528654	MQ
MFD05841.bin.2.220	2536755	MQ
MFD05841.bin.2.228	4391585	MQ
MFD05841.bin.2.23	3485027	MQ
MFD05841.bin.2.230	4821253	MQ
MFD05841.bin.2.27	5378050	MQ
MFD05841.bin.2.28	2686353	MQ
MFD05841.bin.2.31	2989065	MQ
MFD05841.bin.2.34	4723718	MQ
MFD05841.bin.2.36	2546411	MQ
MFD05841.bin.2.37	3212488	MQ
MFD05841.bin.2.38	5965920	MQ
MFD05841.bin.2.39	5441141	MQ
MFD05841.bin.2.4	2289946	MQ
MFD05841.bin.2.41	5066795	MQ
MFD05841.bin.2.43	7356248	MQ
MFD05841.bin.2.44	4588669	MQ
MFD05841.bin.2.45	3296018	MQ
MFD05841.bin.2.49	2941903	MQ
MFD05841.bin.2.51	3919883	MQ
MFD05841.bin.2.56	6416297	MQ
MFD05841.bin.2.57	4815178	MQ
MFD05841.bin.2.58	3783224	MQ
MFD05841.bin.2.6	6873859	MQ
MFD05841.bin.2.60	3282381	MQ
MFD05841.bin.2.61	3467723	MQ
MFD05841.bin.2.63	5845013	MQ
MFD05841.bin.2.64	5920694	MQ
MFD05841.bin.2.67	4514007	MQ
MFD05841.bin.2.68	5690919	MQ
MFD05841.bin.2.69	6511508	MQ
MFD05841.bin.2.7	4187245	MQ
MFD05841.bin.2.70	1316213	MQ
MFD05841.bin.2.71	3375438	MQ
MFD05841.bin.2.72	4323775	MQ
MFD05841.bin.2.73	4777504	MQ
MFD05841.bin.2.8	4286707	MQ
MFD05841.bin.2.96	3051429	MQ
MFD05841.bin.3.119	4950327	MQ
MFD05841.bin.3.121	6304584	MQ
MFD05841.bin.3.160	5066295	MQ
MFD05841.bin.3.161	5893852	MQ
MFD05841.bin.3.176	2669680	MQ
MFD05841.bin.3.184	4938048	MQ
MFD05841.bin.3.233	3314953	MQ
MFD05841.bin.3.236	4058657	MQ
MFD05841.bin.3.261	4015652	MQ
MFD05841.bin.3.277	6815123	MQ
MFD05841.bin.3.284	7895469	MQ
MFD05841.bin.3.285	5325528	MQ
MFD05841.bin.3.297	2774441	MQ
MFD05841.bin.3.299	6778637	MQ
MFD05841.bin.3.37	2438014	MQ
MFD05841.bin.3.38	2507903	MQ
MFD05841.bin.3.387	6118112	MQ
MFD05841.bin.3.431	5097100	MQ
MFD05841.bin.3.435	4773626	MQ
MFD05841.bin.3.44	1966601	MQ
MFD05841.bin.3.60	6888095	MQ
MFD05841.bin.3.68	5089688	MQ
MFD05841.bin.4.342	6174701	MQ
MFD05841.bin.4.455	4580608	MQ
MFD05942.bin.1.100	4350000	MQ
MFD05942.bin.1.129	4133702	MQ
MFD05942.bin.1.211	1097878	MQ
MFD05942.bin.1.304	3073688	MQ
MFD05942.bin.1.391	5491617	MQ
MFD05942.bin.1.431	4029776	MQ
MFD05942.bin.1.468	3697232	MQ
MFD05942.bin.1.63	3842383	MQ
MFD05942.bin.2.101	7766052	MQ
MFD05942.bin.2.102	2984311	MQ
MFD05942.bin.2.103	2694609	MQ
MFD05942.bin.2.106	3897944	MQ
MFD05942.bin.2.108	3512314	MQ
MFD05942.bin.2.109	3744265	MQ
MFD05942.bin.2.111	1758167	MQ
MFD05942.bin.2.112	2707789	MQ
MFD05942.bin.2.113	3125652	MQ
MFD05942.bin.2.114	4342556	MQ
MFD05942.bin.2.115	3405156	MQ
MFD05942.bin.2.117	2009927	MQ
MFD05942.bin.2.118	2100708	MQ
MFD05942.bin.2.119	3563858	MQ
MFD05942.bin.2.12	5196507	MQ
MFD05942.bin.2.120	4172431	MQ
MFD05942.bin.2.121	3879245	MQ
MFD05942.bin.2.122	3544372	MQ
MFD05942.bin.2.123	4248097	MQ
MFD05942.bin.2.125	3817201	MQ
MFD05942.bin.2.127	2794526	MQ
MFD05942.bin.2.130	1179992	MQ
MFD05942.bin.2.131	2090175	MQ
MFD05942.bin.2.132	2854325	MQ
MFD05942.bin.2.133	3791410	MQ
MFD05942.bin.2.135	2596037	MQ
MFD05942.bin.2.136	6035645	MQ
MFD05942.bin.2.137	1997470	MQ
MFD05942.bin.2.150	3725698	MQ
MFD05942.bin.2.155	5062655	MQ
MFD05942.bin.2.163	2092100	MQ
MFD05942.bin.2.166	4912098	MQ
MFD05942.bin.2.169	4635159	MQ
MFD05942.bin.2.176	3049285	MQ
MFD05942.bin.2.177	2541633	MQ
MFD05942.bin.2.197	2859182	MQ
MFD05942.bin.2.198	5465674	MQ
MFD05942.bin.2.20	4004806	MQ
MFD05942.bin.2.206	6152738	MQ
MFD05942.bin.2.207	3518764	MQ
MFD05942.bin.2.209	4373900	MQ
MFD05942.bin.2.211	3556517	MQ
MFD05942.bin.2.212	3641973	MQ
MFD05942.bin.2.216	3686797	MQ
MFD05942.bin.2.221	5260058	MQ
MFD05942.bin.2.225	3946021	MQ
MFD05942.bin.2.234	3686078	MQ
MFD05942.bin.2.238	3198293	MQ
MFD05942.bin.2.242	3395686	MQ
MFD05942.bin.2.244	2978584	MQ
MFD05942.bin.2.246	3378903	MQ
MFD05942.bin.2.248	5047723	MQ
MFD05942.bin.2.249	4044478	MQ
MFD05942.bin.2.252	3978696	MQ
MFD05942.bin.2.254	3286561	MQ
MFD05942.bin.2.255	3793860	MQ
MFD05942.bin.2.258	5109686	MQ
MFD05942.bin.2.261	3820667	MQ
MFD05942.bin.2.262	3821698	MQ
MFD05942.bin.2.266	1905825	MQ
MFD05942.bin.2.269	2067536	MQ
MFD05942.bin.2.270	3213094	MQ
MFD05942.bin.2.272	3736925	MQ
MFD05942.bin.2.28	4375118	MQ
MFD05942.bin.2.281	7504882	MQ
MFD05942.bin.2.285	2223412	MQ
MFD05942.bin.2.29	2536409	MQ
MFD05942.bin.2.290	3645807	MQ
MFD05942.bin.2.296	3099360	MQ
MFD05942.bin.2.299	2526752	MQ
MFD05942.bin.2.30	5884594	MQ
MFD05942.bin.2.302	3352945	MQ
MFD05942.bin.2.303	4339837	MQ
MFD05942.bin.2.306	4159576	MQ
MFD05942.bin.2.307	2406066	MQ
MFD05942.bin.2.31	4461169	MQ
MFD05942.bin.2.313	6199723	MQ
MFD05942.bin.2.318	3405673	MQ
MFD05942.bin.2.32	3974711	MQ
MFD05942.bin.2.320	4982434	MQ
MFD05942.bin.2.325	5137820	MQ
MFD05942.bin.2.329	2856071	MQ
MFD05942.bin.2.33	5256242	MQ
MFD05942.bin.2.330	3819101	MQ
MFD05942.bin.2.336	3505562	MQ
MFD05942.bin.2.338	3028590	MQ
MFD05942.bin.2.339	3134880	MQ
MFD05942.bin.2.34	3900135	MQ
MFD05942.bin.2.344	5792699	MQ
MFD05942.bin.2.345	4208075	MQ
MFD05942.bin.2.346	3732813	MQ
MFD05942.bin.2.347	3286664	MQ
MFD05942.bin.2.348	4865578	MQ
MFD05942.bin.2.349	3814704	MQ
MFD05942.bin.2.353	3284581	MQ
MFD05942.bin.2.354	6773910	MQ
MFD05942.bin.2.36	3997416	MQ
MFD05942.bin.2.361	2201566	MQ
MFD05942.bin.2.38	2659712	MQ
MFD05942.bin.2.39	3912455	MQ
MFD05942.bin.2.40	2504273	MQ
MFD05942.bin.2.44	4272696	MQ
MFD05942.bin.2.45	3056270	MQ
MFD05942.bin.2.46	5512303	MQ
MFD05942.bin.2.47	6684759	MQ
MFD05942.bin.2.49	4078961	MQ
MFD05942.bin.2.55	5269851	MQ
MFD05942.bin.2.56	3337956	MQ
MFD05942.bin.2.60	2616604	MQ
MFD05942.bin.2.61	4778220	MQ
MFD05942.bin.2.64	5378768	MQ
MFD05942.bin.2.66	5039474	MQ
MFD05942.bin.2.67	4440198	MQ
MFD05942.bin.2.68	6042537	MQ
MFD05942.bin.2.69	3588421	MQ
MFD05942.bin.2.7	7144460	MQ
MFD05942.bin.2.78	2510233	MQ
MFD05942.bin.2.79	5652174	MQ
MFD05942.bin.2.8	3925317	MQ
MFD05942.bin.2.81	2653178	MQ
MFD05942.bin.2.82	4487072	MQ
MFD05942.bin.2.84	3199878	MQ
MFD05942.bin.2.85	2063638	MQ
MFD05942.bin.2.86	3310776	MQ
MFD05942.bin.2.87	4380554	MQ
MFD05942.bin.2.89	5307438	MQ
MFD05942.bin.2.9	4669442	MQ
MFD05942.bin.2.91	2898881	MQ
MFD05942.bin.2.93	2622945	MQ
MFD05942.bin.2.95	5149681	MQ
MFD05942.bin.2.96	3093426	MQ
MFD05942.bin.2.97	3437080	MQ
MFD05942.bin.2.99	1514194	MQ
MFD05942.bin.3.126	3118325	MQ
MFD05942.bin.3.128	4270771	MQ
MFD05942.bin.3.131	3690966	MQ
MFD05942.bin.3.140	5810447	MQ
MFD05942.bin.3.17	3814788	MQ
MFD05942.bin.3.192	5214751	MQ
MFD05942.bin.3.222	2892859	MQ
MFD05942.bin.3.249	5061047	MQ
MFD05942.bin.3.254	3366450	MQ
MFD05942.bin.3.255	3344043	MQ
MFD05942.bin.3.267	3036999	MQ
MFD05942.bin.3.275	3406621	MQ
MFD05942.bin.3.283	3765803	MQ
MFD05942.bin.3.284	1636749	MQ
MFD05942.bin.3.300	1385971	MQ
MFD05942.bin.3.322	3677059	MQ
MFD05942.bin.3.327	4092196	MQ
MFD05942.bin.3.333	2385704	MQ
MFD05942.bin.3.344	2793317	MQ
MFD05942.bin.3.361	3481948	MQ
MFD05942.bin.3.4	4103643	MQ
MFD05942.bin.3.408	3858724	MQ
MFD05942.bin.3.425	2854984	MQ
MFD05942.bin.3.478	8001491	MQ
MFD05942.bin.3.50	2942874	MQ
MFD05942.bin.3.550	3221674	MQ
MFD05942.bin.3.623	2484359	MQ
MFD05942.bin.3.643	2727144	MQ
MFD05942.bin.3.656	5988285	MQ
MFD05942.bin.3.727	5225676	MQ
MFD05942.bin.3.80	2950668	MQ
MFD05942.bin.3.94	3951553	MQ
MFD05942.bin.4.194	6709954	MQ
MFD05942.bin.4.397	2151930	MQ
MFD05942.bin.4.459	4007594	MQ
MFD05942.bin.4.462	3263473	MQ
MFD05942.bin.4.8	2608455	MQ
MFD06085.bin.1.183	4664415	MQ
MFD06085.bin.1.38	5678994	MQ
MFD06085.bin.1.62	4714112	MQ
MFD06085.bin.2.1	3189440	MQ
MFD06085.bin.2.107	3615974	MQ
MFD06085.bin.2.117	5052667	MQ
MFD06085.bin.2.120	3511353	MQ
MFD06085.bin.2.125	3595734	MQ
MFD06085.bin.2.126	4688541	MQ
MFD06085.bin.2.133	6148424	MQ
MFD06085.bin.2.142	2867479	MQ
MFD06085.bin.2.143	3265373	MQ
MFD06085.bin.2.144	4444253	MQ
MFD06085.bin.2.155	3093818	MQ
MFD06085.bin.2.158	4425881	MQ
MFD06085.bin.2.162	3926595	MQ
MFD06085.bin.2.163	3471201	MQ
MFD06085.bin.2.19	5313334	MQ
MFD06085.bin.2.31	5143871	MQ
MFD06085.bin.2.33	3361382	MQ
MFD06085.bin.2.34	3430904	MQ
MFD06085.bin.2.35	4338874	MQ
MFD06085.bin.2.4	3250420	MQ
MFD06085.bin.2.60	6817490	MQ
MFD06085.bin.2.66	3121006	MQ
MFD06085.bin.2.74	2994223	MQ
MFD06085.bin.2.75	2438246	MQ
MFD06085.bin.2.78	6005681	MQ
MFD06085.bin.2.89	2640545	MQ
MFD06085.bin.2.9	7238871	MQ
MFD06085.bin.2.91	3629194	MQ
MFD06085.bin.2.93	2370595	MQ
MFD06085.bin.2.96	4549579	MQ
MFD06085.bin.2.97	5387314	MQ
MFD06085.bin.3.113	3848624	MQ
MFD06085.bin.3.177	1930095	MQ
MFD06085.bin.3.239	6069185	MQ
MFD06085.bin.3.256	2600563	MQ
MFD06085.bin.3.380	7937333	MQ
MFD06085.bin.3.398	2225802	MQ
MFD06085.bin.3.51	4177511	MQ
MFD06085.bin.3.99	4468062	MQ
MFD06085.bin.4.391	3283447	MQ
MFD06092.bin.1.170	3577916	MQ
MFD06092.bin.1.173	8456761	MQ
MFD06092.bin.1.198	6696608	MQ
MFD06092.bin.1.210	6705560	MQ
MFD06092.bin.1.211	5031201	MQ
MFD06092.bin.1.223	3238294	MQ
MFD06092.bin.1.77	8124433	MQ
MFD06092.bin.1.78	4783189	MQ
MFD06092.bin.2.10	4192553	MQ
MFD06092.bin.2.113	10013183	MQ
MFD06092.bin.2.117	9740377	MQ
MFD06092.bin.2.119	4267932	MQ
MFD06092.bin.2.122	6607871	MQ
MFD06092.bin.2.129	4700804	MQ
MFD06092.bin.2.137	4428730	MQ
MFD06092.bin.2.138	4463527	MQ
MFD06092.bin.2.139	4900943	MQ
MFD06092.bin.2.145	4874135	MQ
MFD06092.bin.2.146	6727127	MQ
MFD06092.bin.2.148	5396231	MQ
MFD06092.bin.2.152	2872142	MQ
MFD06092.bin.2.154	2925914	MQ
MFD06092.bin.2.155	2137963	MQ
MFD06092.bin.2.158	5229006	MQ
MFD06092.bin.2.160	7946955	MQ
MFD06092.bin.2.163	4657523	MQ
MFD06092.bin.2.164	2741594	MQ
MFD06092.bin.2.165	3980134	MQ
MFD06092.bin.2.171	3993854	MQ
MFD06092.bin.2.173	2843570	MQ
MFD06092.bin.2.175	3066875	MQ
MFD06092.bin.2.176	7368470	MQ
MFD06092.bin.2.177	5428327	MQ
MFD06092.bin.2.179	3752329	MQ
MFD06092.bin.2.180	4397613	MQ
MFD06092.bin.2.181	7039460	MQ
MFD06092.bin.2.189	6985515	MQ
MFD06092.bin.2.198	4680519	MQ
MFD06092.bin.2.203	4404022	MQ
MFD06092.bin.2.205	3205841	MQ
MFD06092.bin.2.3	1949764	MQ
MFD06092.bin.2.37	5351418	MQ
MFD06092.bin.2.38	3284274	MQ
MFD06092.bin.2.39	3692006	MQ
MFD06092.bin.2.40	7476551	MQ
MFD06092.bin.2.46	4433395	MQ
MFD06092.bin.2.47	3676324	MQ
MFD06092.bin.2.48	3769626	MQ
MFD06092.bin.2.49	3576097	MQ
MFD06092.bin.2.5	7575039	MQ
MFD06092.bin.2.51	3771209	MQ
MFD06092.bin.2.54	3762097	MQ
MFD06092.bin.2.57	5115882	MQ
MFD06092.bin.2.58	3997163	MQ
MFD06092.bin.2.63	5751789	MQ
MFD06092.bin.2.66	4116854	MQ
MFD06092.bin.2.68	5846192	MQ
MFD06092.bin.2.7	3475706	MQ
MFD06092.bin.2.73	5384955	MQ
MFD06092.bin.2.74	3301859	MQ
MFD06092.bin.2.75	2501911	MQ
MFD06092.bin.2.76	4037730	MQ
MFD06092.bin.2.78	2971179	MQ
MFD06092.bin.2.81	5761618	MQ
MFD06092.bin.2.82	3262796	MQ
MFD06092.bin.2.85	4029306	MQ
MFD06092.bin.2.86	6854327	MQ
MFD06092.bin.2.87	4034565	MQ
MFD06092.bin.2.89	5130912	MQ
MFD06092.bin.2.94	3341592	MQ
MFD06092.bin.2.96	4627708	MQ
MFD06092.bin.2.99	2986738	MQ
MFD06092.bin.3.114	4696173	MQ
MFD06092.bin.3.249	2607913	MQ
MFD06092.bin.3.285	2241099	MQ
MFD06092.bin.3.326	4399466	MQ
MFD06092.bin.4.257	3700708	MQ
MFD06229.bin.2.115	6413904	MQ
MFD06229.bin.2.122	2610500	MQ
MFD06229.bin.2.124	2851332	MQ
MFD06229.bin.2.134	2888280	MQ
MFD06229.bin.2.137	6844100	MQ
MFD06229.bin.2.138	3016912	MQ
MFD06229.bin.2.140	5451512	MQ
MFD06229.bin.2.149	4365457	MQ
MFD06229.bin.2.150	3379643	MQ
MFD06229.bin.2.154	2702259	MQ
MFD06229.bin.2.155	3872303	MQ
MFD06229.bin.2.157	6924373	MQ
MFD06229.bin.2.159	3380184	MQ
MFD06229.bin.2.162	6126740	MQ
MFD06229.bin.2.168	2093027	MQ
MFD06229.bin.2.17	6465237	MQ
MFD06229.bin.2.181	4725577	MQ
MFD06229.bin.2.185	4947789	MQ
MFD06229.bin.2.186	5125385	MQ
MFD06229.bin.2.191	3301713	MQ
MFD06229.bin.2.204	2528984	MQ
MFD06229.bin.2.210	3463145	MQ
MFD06229.bin.2.215	8256527	MQ
MFD06229.bin.2.219	6715345	MQ
MFD06229.bin.2.225	6886630	MQ
MFD06229.bin.2.226	6817252	MQ
MFD06229.bin.2.227	2730512	MQ
MFD06229.bin.2.230	3389428	MQ
MFD06229.bin.2.236	3769096	MQ
MFD06229.bin.2.238	6924468	MQ
MFD06229.bin.2.24	3414012	MQ
MFD06229.bin.2.240	3624130	MQ
MFD06229.bin.2.245	6670056	MQ
MFD06229.bin.2.246	6520024	MQ
MFD06229.bin.2.252	4429576	MQ
MFD06229.bin.2.258	4498813	MQ
MFD06229.bin.2.259	4283953	MQ
MFD06229.bin.2.262	2181452	MQ
MFD06229.bin.2.265	4712390	MQ
MFD06229.bin.2.32	9307198	MQ
MFD06229.bin.2.38	7578434	MQ
MFD06229.bin.2.4	4827834	MQ
MFD06229.bin.2.40	2970139	MQ
MFD06229.bin.2.41	4388069	MQ
MFD06229.bin.2.42	3959363	MQ
MFD06229.bin.2.5	3485440	MQ
MFD06229.bin.2.51	5854600	MQ
MFD06229.bin.2.55	3853111	MQ
MFD06229.bin.2.57	4165022	MQ
MFD06229.bin.2.61	4809751	MQ
MFD06229.bin.2.63	6426013	MQ
MFD06229.bin.2.64	6727294	MQ
MFD06229.bin.2.69	5198510	MQ
MFD06229.bin.2.70	2116432	MQ
MFD06229.bin.2.72	3358943	MQ
MFD06229.bin.2.77	5549046	MQ
MFD06229.bin.2.89	6502557	MQ
MFD06229.bin.3.102	6825709	MQ
MFD06229.bin.3.208	6796191	MQ
MFD06229.bin.3.228	4792763	MQ
MFD06229.bin.3.372	6526260	MQ
MFD06229.bin.3.42	6053103	MQ
MFD06229.bin.3.461	2670038	MQ
MFD06229.bin.3.483	6393418	MQ
MFD06229.bin.3.491	6150813	MQ
MFD06229.bin.3.554	2821116	MQ
MFD06229.bin.3.581	3078949	MQ
MFD06229.bin.3.98	4412283	MQ
MFD06229.bin.4.101	3998164	MQ
MFD06229.bin.4.403	2995476	MQ
MFD06229.bin.4.496	4790425	MQ
MFD06298.bin.1.142	4075041	MQ
MFD06298.bin.2.10	6668633	MQ
MFD06298.bin.2.114	4238981	MQ
MFD06298.bin.2.116	3351604	MQ
MFD06298.bin.2.118	8754934	MQ
MFD06298.bin.2.127	6218849	MQ
MFD06298.bin.2.13	3091246	MQ
MFD06298.bin.2.131	5998628	MQ
MFD06298.bin.2.132	5988598	MQ
MFD06298.bin.2.137	4974261	MQ
MFD06298.bin.2.146	4067494	MQ
MFD06298.bin.2.154	3084949	MQ
MFD06298.bin.2.160	6472641	MQ
MFD06298.bin.2.166	2655068	MQ
MFD06298.bin.2.175	5067349	MQ
MFD06298.bin.2.185	6264976	MQ
MFD06298.bin.2.192	8182996	MQ
MFD06298.bin.2.195	4577108	MQ
MFD06298.bin.2.198	3883918	MQ
MFD06298.bin.2.20	5012552	MQ
MFD06298.bin.2.202	6041276	MQ
MFD06298.bin.2.208	5727689	MQ
MFD06298.bin.2.211	5227274	MQ
MFD06298.bin.2.213	5673556	MQ
MFD06298.bin.2.218	2551098	MQ
MFD06298.bin.2.219	4061757	MQ
MFD06298.bin.2.22	6516180	MQ
MFD06298.bin.2.220	5546980	MQ
MFD06298.bin.2.224	5027273	MQ
MFD06298.bin.2.225	7418453	MQ
MFD06298.bin.2.226	4819445	MQ
MFD06298.bin.2.34	2960833	MQ
MFD06298.bin.2.59	2973433	MQ
MFD06298.bin.2.62	3094400	MQ
MFD06298.bin.2.64	3807944	MQ
MFD06298.bin.2.66	4704985	MQ
MFD06298.bin.2.67	3572793	MQ
MFD06298.bin.2.69	4157837	MQ
MFD06298.bin.2.71	7172543	MQ
MFD06298.bin.2.72	1962647	MQ
MFD06298.bin.2.74	5822216	MQ
MFD06298.bin.2.77	5351321	MQ
MFD06298.bin.2.78	2665711	MQ
MFD06298.bin.3.105	5996199	MQ
MFD06298.bin.3.125	1758977	MQ
MFD06298.bin.3.148	1379572	MQ
MFD06298.bin.3.315	3579086	MQ
MFD06298.bin.3.339	6892063	MQ
MFD06298.bin.3.39	4043978	MQ
MFD06298.bin.3.525	3416668	MQ
MFD06298.bin.3.54	3536661	MQ
MFD06298.bin.3.556	3942518	MQ
MFD06435.bin.1.130	5114827	MQ
MFD06435.bin.1.72	3879495	MQ
MFD06435.bin.2.10	5145919	MQ
MFD06435.bin.2.101	3430707	MQ
MFD06435.bin.2.11	8817187	MQ
MFD06435.bin.2.110	3677522	MQ
MFD06435.bin.2.111	4968452	MQ
MFD06435.bin.2.113	2718032	MQ
MFD06435.bin.2.114	4492615	MQ
MFD06435.bin.2.116	6734112	MQ
MFD06435.bin.2.117	3639297	MQ
MFD06435.bin.2.119	4780194	MQ
MFD06435.bin.2.120	5105795	MQ
MFD06435.bin.2.125	3071466	MQ
MFD06435.bin.2.126	4504351	MQ
MFD06435.bin.2.13	4855262	MQ
MFD06435.bin.2.132	3319738	MQ
MFD06435.bin.2.134	5503625	MQ
MFD06435.bin.2.137	3177782	MQ
MFD06435.bin.2.138	3262626	MQ
MFD06435.bin.2.140	2798137	MQ
MFD06435.bin.2.142	4590996	MQ
MFD06435.bin.2.143	4482803	MQ
MFD06435.bin.2.144	3721120	MQ
MFD06435.bin.2.145	5523568	MQ
MFD06435.bin.2.146	4881616	MQ
MFD06435.bin.2.147	6212634	MQ
MFD06435.bin.2.148	6709693	MQ
MFD06435.bin.2.159	3878287	MQ
MFD06435.bin.2.160	2962653	MQ
MFD06435.bin.2.165	4761837	MQ
MFD06435.bin.2.166	2787382	MQ
MFD06435.bin.2.170	2930190	MQ
MFD06435.bin.2.174	2392054	MQ
MFD06435.bin.2.176	3224630	MQ
MFD06435.bin.2.178	3336591	MQ
MFD06435.bin.2.181	2690262	MQ
MFD06435.bin.2.183	9179136	MQ
MFD06435.bin.2.192	7880778	MQ
MFD06435.bin.2.193	4232808	MQ
MFD06435.bin.2.195	2978335	MQ
MFD06435.bin.2.21	6724601	MQ
MFD06435.bin.2.24	6079231	MQ
MFD06435.bin.2.33	3013461	MQ
MFD06435.bin.2.44	3364831	MQ
MFD06435.bin.2.45	3195159	MQ
MFD06435.bin.2.58	4165923	MQ
MFD06435.bin.2.59	6543890	MQ
MFD06435.bin.2.61	10356818	MQ
MFD06435.bin.2.63	5271269	MQ
MFD06435.bin.2.65	2530275	MQ
MFD06435.bin.2.68	3352654	MQ
MFD06435.bin.2.7	2189797	MQ
MFD06435.bin.2.8	4548811	MQ
MFD06435.bin.2.88	5005642	MQ
MFD06435.bin.2.9	5139226	MQ
MFD06435.bin.2.90	4378200	MQ
MFD06435.bin.2.94	4844381	MQ
MFD06435.bin.3.124	5493391	MQ
MFD06435.bin.3.22	5539056	MQ
MFD06435.bin.3.280	5168985	MQ
MFD06435.bin.3.313	5976420	MQ
MFD06435.bin.3.317	3969625	MQ
MFD06435.bin.3.333	4402774	MQ
MFD06435.bin.3.359	3748815	MQ
MFD06435.bin.3.419	4088131	MQ
MFD06435.bin.3.5	4367471	MQ
MFD06435.bin.3.50	6331831	MQ
MFD06435.bin.4.572	6558270	MQ
MFD06526.bin.1.2	4943111	MQ
MFD06526.bin.2.101	3053989	MQ
MFD06526.bin.2.110	5042397	MQ
MFD06526.bin.2.113	5031443	MQ
MFD06526.bin.2.119	9128327	MQ
MFD06526.bin.2.13	6407734	MQ
MFD06526.bin.2.18	2695248	MQ
MFD06526.bin.2.19	3227031	MQ
MFD06526.bin.2.21	3775013	MQ
MFD06526.bin.2.24	4999764	MQ
MFD06526.bin.2.47	4333835	MQ
MFD06526.bin.2.56	7201722	MQ
MFD06526.bin.2.58	5692617	MQ
MFD06526.bin.2.59	4416892	MQ
MFD06526.bin.2.60	4994933	MQ
MFD06526.bin.2.61	2209879	MQ
MFD06526.bin.2.69	3691255	MQ
MFD06526.bin.2.73	4100120	MQ
MFD06526.bin.2.74	4867745	MQ
MFD06526.bin.2.75	3958354	MQ
MFD06526.bin.2.76	5124280	MQ
MFD06526.bin.2.81	2157870	MQ
MFD06526.bin.2.89	4149745	MQ
MFD06526.bin.2.9	5536375	MQ
MFD06526.bin.2.99	5448935	MQ
MFD06526.bin.3.100	4628664	MQ
MFD06526.bin.3.188	4357462	MQ
MFD06526.bin.3.235	3478924	MQ
MFD06526.bin.3.285	4513047	MQ
MFD06526.bin.3.31	3060417	MQ
MFD06526.bin.3.329	1797069	MQ
MFD06526.bin.3.363	3110097	MQ
MFD06526.bin.3.41	7719941	MQ
MFD06526.bin.3.427	2806404	MQ
MFD06526.bin.3.74	3925347	MQ
MFD06714.bin.1.113	5840195	MQ
MFD06714.bin.1.121	5255794	MQ
MFD06714.bin.2.100	7117446	MQ
MFD06714.bin.2.102	5224432	MQ
MFD06714.bin.2.104	6340024	MQ
MFD06714.bin.2.110	4003085	MQ
MFD06714.bin.2.111	4532525	MQ
MFD06714.bin.2.115	4232633	MQ
MFD06714.bin.2.116	6823243	MQ
MFD06714.bin.2.117	6315103	MQ
MFD06714.bin.2.118	2767275	MQ
MFD06714.bin.2.119	3550055	MQ
MFD06714.bin.2.12	6965430	MQ
MFD06714.bin.2.120	3982653	MQ
MFD06714.bin.2.121	4601790	MQ
MFD06714.bin.2.122	3128306	MQ
MFD06714.bin.2.127	3907946	MQ
MFD06714.bin.2.128	8202974	MQ
MFD06714.bin.2.13	2650589	MQ
MFD06714.bin.2.130	3654146	MQ
MFD06714.bin.2.131	6846270	MQ
MFD06714.bin.2.137	8139957	MQ
MFD06714.bin.2.139	2644018	MQ
MFD06714.bin.2.142	3606800	MQ
MFD06714.bin.2.143	2794268	MQ
MFD06714.bin.2.146	5302042	MQ
MFD06714.bin.2.15	7134788	MQ
MFD06714.bin.2.153	3953471	MQ
MFD06714.bin.2.159	5397841	MQ
MFD06714.bin.2.161	7774783	MQ
MFD06714.bin.2.162	8587810	MQ
MFD06714.bin.2.165	3039960	MQ
MFD06714.bin.2.171	5102987	MQ
MFD06714.bin.2.174	5405196	MQ
MFD06714.bin.2.177	2160378	MQ
MFD06714.bin.2.179	7741108	MQ
MFD06714.bin.2.182	4247156	MQ
MFD06714.bin.2.184	2992644	MQ
MFD06714.bin.2.186	4431611	MQ
MFD06714.bin.2.190	4178589	MQ
MFD06714.bin.2.2	4959062	MQ
MFD06714.bin.2.20	3973216	MQ
MFD06714.bin.2.22	3090382	MQ
MFD06714.bin.2.25	13703224	MQ
MFD06714.bin.2.28	3953754	MQ
MFD06714.bin.2.29	6329456	MQ
MFD06714.bin.2.31	4464416	MQ
MFD06714.bin.2.32	5643529	MQ
MFD06714.bin.2.36	6243545	MQ
MFD06714.bin.2.37	2053442	MQ
MFD06714.bin.2.40	7438728	MQ
MFD06714.bin.2.41	3344135	MQ
MFD06714.bin.2.42	3058382	MQ
MFD06714.bin.2.43	4965557	MQ
MFD06714.bin.2.47	6616919	MQ
MFD06714.bin.2.5	1644148	MQ
MFD06714.bin.2.50	5242678	MQ
MFD06714.bin.2.53	1813331	MQ
MFD06714.bin.2.55	8616207	MQ
MFD06714.bin.2.56	5510638	MQ
MFD06714.bin.2.71	4178877	MQ
MFD06714.bin.2.77	6258370	MQ
MFD06714.bin.2.78	5014678	MQ
MFD06714.bin.2.83	5306782	MQ
MFD06714.bin.2.85	5275930	MQ
MFD06714.bin.2.86	5485016	MQ
MFD06714.bin.2.90	4318681	MQ
MFD06714.bin.2.92	6497359	MQ
MFD06714.bin.2.93	9164242	MQ
MFD06714.bin.2.94	5135745	MQ
MFD06714.bin.2.97	6993786	MQ
MFD06714.bin.2.98	3537797	MQ
MFD06714.bin.2.99	8294187	MQ
MFD06714.bin.3.132	5125121	MQ
MFD06714.bin.3.179	7361502	MQ
MFD06714.bin.3.18	3222325	MQ
MFD06714.bin.3.186	4013048	MQ
MFD06714.bin.3.228	6670805	MQ
MFD06714.bin.3.250	7347191	MQ
MFD06714.bin.3.252	5243301	MQ
MFD06714.bin.3.256	7054985	MQ
MFD06714.bin.3.278	3188509	MQ
MFD06714.bin.3.280	5868823	MQ
MFD06714.bin.3.429	7727209	MQ
MFD06714.bin.3.442	3389307	MQ
MFD06714.bin.3.60	2358501	MQ
MFD06714.bin.3.9	3162044	MQ
MFD06714.bin.4.187	2830075	MQ
MFD06714.bin.4.213	8775174	MQ
MFD06742.bin.2.1	3884744	MQ
MFD06742.bin.2.100	2198972	MQ
MFD06742.bin.2.103	3849299	MQ
MFD06742.bin.2.104	2806991	MQ
MFD06742.bin.2.106	7870360	MQ
MFD06742.bin.2.107	6576495	MQ
MFD06742.bin.2.109	4820979	MQ
MFD06742.bin.2.110	5201007	MQ
MFD06742.bin.2.111	5809033	MQ
MFD06742.bin.2.117	5409308	MQ
MFD06742.bin.2.125	3222197	MQ
MFD06742.bin.2.126	4027524	MQ
MFD06742.bin.2.128	4083358	MQ
MFD06742.bin.2.133	6062015	MQ
MFD06742.bin.2.143	3251710	MQ
MFD06742.bin.2.147	2723012	MQ
MFD06742.bin.2.154	4557310	MQ
MFD06742.bin.2.168	2665916	MQ
MFD06742.bin.2.180	3484860	MQ
MFD06742.bin.2.182	4485896	MQ
MFD06742.bin.2.185	5930688	MQ
MFD06742.bin.2.191	5272773	MQ
MFD06742.bin.2.193	3020176	MQ
MFD06742.bin.2.194	2655127	MQ
MFD06742.bin.2.196	6746588	MQ
MFD06742.bin.2.198	3623314	MQ
MFD06742.bin.2.199	4914757	MQ
MFD06742.bin.2.201	3485748	MQ
MFD06742.bin.2.204	3705741	MQ
MFD06742.bin.2.208	4622615	MQ
MFD06742.bin.2.209	7328398	MQ
MFD06742.bin.2.211	6152007	MQ
MFD06742.bin.2.218	6678696	MQ
MFD06742.bin.2.219	6404977	MQ
MFD06742.bin.2.229	3522414	MQ
MFD06742.bin.2.231	3613935	MQ
MFD06742.bin.2.233	3805273	MQ
MFD06742.bin.2.24	7101445	MQ
MFD06742.bin.2.250	4023255	MQ
MFD06742.bin.2.253	2828236	MQ
MFD06742.bin.2.263	2926325	MQ
MFD06742.bin.2.265	4971860	MQ
MFD06742.bin.2.272	5765570	MQ
MFD06742.bin.2.274	2565326	MQ
MFD06742.bin.2.278	6993073	MQ
MFD06742.bin.2.280	3761806	MQ
MFD06742.bin.2.29	2205494	MQ
MFD06742.bin.2.290	2270290	MQ
MFD06742.bin.2.292	3596607	MQ
MFD06742.bin.2.297	4259997	MQ
MFD06742.bin.2.298	4567225	MQ
MFD06742.bin.2.3	4824638	MQ
MFD06742.bin.2.302	3608283	MQ
MFD06742.bin.2.304	3704217	MQ
MFD06742.bin.2.305	4398573	MQ
MFD06742.bin.2.308	2157130	MQ
MFD06742.bin.2.309	7866995	MQ
MFD06742.bin.2.313	2741872	MQ
MFD06742.bin.2.315	4734319	MQ
MFD06742.bin.2.318	3656469	MQ
MFD06742.bin.2.34	5440456	MQ
MFD06742.bin.2.37	5204838	MQ
MFD06742.bin.2.42	8115113	MQ
MFD06742.bin.2.47	2978090	MQ
MFD06742.bin.2.52	4315143	MQ
MFD06742.bin.2.54	3775434	MQ
MFD06742.bin.2.59	3082063	MQ
MFD06742.bin.2.61	4888359	MQ
MFD06742.bin.2.68	2140840	MQ
MFD06742.bin.2.71	4698016	MQ
MFD06742.bin.2.74	4790426	MQ
MFD06742.bin.2.77	6632658	MQ
MFD06742.bin.2.8	5826783	MQ
MFD06742.bin.2.80	4361771	MQ
MFD06742.bin.2.84	4649973	MQ
MFD06742.bin.2.90	1569122	MQ
MFD06742.bin.2.93	4369934	MQ
MFD06742.bin.2.94	4517507	MQ
MFD06742.bin.2.97	2596108	MQ
MFD06742.bin.2.99	2147292	MQ
MFD06742.bin.3.269	5385057	MQ
MFD06742.bin.3.321	3742030	MQ
MFD06742.bin.3.344	5344839	MQ
MFD06742.bin.3.350	1645278	MQ
MFD06742.bin.3.373	6339485	MQ
MFD06742.bin.3.374	8402201	MQ
MFD06742.bin.3.485	3648826	MQ
MFD06742.bin.3.549	3018974	MQ
MFD06742.bin.3.587	2468797	MQ
MFD06742.bin.3.593	4667348	MQ
MFD06742.bin.3.630	5600361	MQ
MFD06742.bin.3.716	2614710	MQ
MFD06742.bin.3.739	3290047	MQ
MFD06742.bin.3.752	5846877	MQ
MFD06742.bin.3.764	3194214	MQ
MFD06742.bin.3.826	4439929	MQ
MFD06742.bin.3.840	6424631	MQ
MFD06742.bin.4.28	5483522	MQ
MFD06742.bin.4.49	2412887	MQ
MFD07386.bin.2.1	6349067	MQ
MFD07386.bin.2.16	2896679	MQ
MFD07386.bin.2.19	3098667	MQ
MFD07386.bin.2.20	3548945	MQ
MFD07386.bin.2.22	2820344	MQ
MFD07386.bin.2.23	2930413	MQ
MFD07386.bin.2.29	4601453	MQ
MFD07386.bin.2.49	8048827	MQ
MFD07386.bin.2.54	5744520	MQ
MFD07386.bin.2.6	6229046	MQ
MFD07639.bin.1.1	3299748	MQ
MFD07639.bin.2.1	3520227	MQ
MFD07639.bin.2.20	3153815	MQ
MFD07639.bin.2.22	2801955	MQ
MFD07639.bin.2.26	2997840	MQ
MFD07639.bin.2.3	2894038	MQ
MFD07639.bin.2.32	3708418	MQ
MFD07639.bin.2.34	4460012	MQ
MFD07639.bin.2.9	2587725	MQ
MFD07639.bin.3.12	3569916	MQ
MFD07639.bin.3.37	2856120	MQ
MFD07639.bin.3.4	2484312	MQ
MFD07691.bin.2.43	2971084	MQ
MFD07691.bin.2.58	4098511	MQ
MFD07737.bin.2.13	3787660	MQ
MFD07737.bin.2.31	3231348	MQ
MFD07737.bin.2.34	2566611	MQ
MFD07737.bin.2.36	3776588	MQ
MFD07737.bin.2.44	9624622	MQ
MFD07737.bin.3.13	2304990	MQ
MFD07737.bin.4.76	3859717	MQ
MFD07751.bin.2.43	4658606	MQ
MFD07841.bin.2.19	4370160	MQ
MFD07841.bin.2.22	2545102	MQ
MFD07841.bin.2.26	3236203	MQ
MFD07841.bin.2.41	2750440	MQ
MFD07841.bin.2.44	4668668	MQ
MFD07841.bin.2.5	2705952	MQ
MFD07841.bin.2.61	3679952	MQ
MFD07841.bin.2.63	2817036	MQ
MFD07841.bin.2.7	4997781	MQ
MFD07841.bin.3.176	3116377	MQ
MFD07841.bin.3.5	3998919	MQ
MFD07841.bin.3.76	4233538	MQ
MFD07987.bin.2.12	4546108	MQ
MFD07987.bin.2.15	2614155	MQ
MFD07987.bin.2.19	2595586	MQ
MFD07987.bin.2.3	1333781	MQ
MFD07987.bin.4.25	4389687	MQ
MFD08079.bin.2.21	3894979	MQ
MFD08079.bin.2.23	2146199	MQ
MFD08079.bin.2.54	1550100	MQ
MFD08079.bin.2.6	3626305	MQ
MFD08203.bin.2.11	2497129	MQ
MFD08353.bin.2.2	1382055	MQ
MFD08353.bin.2.20	2804335	MQ
MFD08353.bin.2.24	3809521	MQ
MFD08353.bin.2.25	3017878	MQ
MFD08353.bin.2.3	4464347	MQ
MFD08353.bin.3.25	6312893	MQ
MFD08353.bin.3.26	2258853	MQ
MFD08416.bin.2.10	2254060	MQ
MFD08416.bin.2.15	4721017	MQ
MFD08416.bin.2.21	3695229	MQ
MFD08416.bin.2.27	5199525	MQ
MFD08416.bin.2.30	2867839	MQ
MFD08416.bin.2.34	5057344	MQ
MFD08416.bin.2.38	4355074	MQ
MFD08416.bin.2.45	3913719	MQ
MFD08416.bin.2.48	5177172	MQ
MFD08416.bin.2.56	2494529	MQ
MFD08416.bin.2.6	3037142	MQ
MFD08416.bin.2.62	2486486	MQ
MFD08416.bin.2.66	2471027	MQ
MFD08416.bin.2.70	5205651	MQ
MFD08416.bin.2.72	4730809	MQ
MFD08416.bin.2.73	3319773	MQ
MFD08416.bin.2.74	2325205	MQ
MFD08416.bin.2.75	4020446	MQ
MFD08416.bin.2.80	4980916	MQ
MFD08416.bin.2.83	6703352	MQ
MFD08416.bin.3.150	3760282	MQ
MFD08416.bin.3.168	3358440	MQ
MFD08416.bin.3.88	3406761	MQ
MFD08447.bin.2.1	2107786	MQ
MFD08447.bin.2.10	3086272	MQ
MFD08447.bin.2.12	2458965	MQ
MFD08447.bin.2.13	5227730	MQ
MFD08447.bin.2.14	2763879	MQ
MFD08447.bin.2.17	2639364	MQ
MFD08447.bin.2.2	4050268	MQ
MFD08447.bin.2.37	2414371	MQ
MFD08447.bin.2.45	3449133	MQ
MFD08447.bin.2.46	2120167	MQ
MFD08447.bin.2.9	2243707	MQ
MFD08462.bin.2.40	2910439	MQ
MFD08462.bin.2.50	2292318	MQ
MFD08462.bin.2.79	2819730	MQ
MFD08462.bin.2.82	3564339	MQ
MFD08462.bin.2.88	7637001	MQ
MFD08462.bin.3.52	2969547	MQ
MFD08462.bin.3.59	4400285	MQ
MFD08497.bin.1.157	4351712	MQ
MFD08497.bin.1.25	4568445	MQ
MFD08497.bin.2.104	3050688	MQ
MFD08497.bin.2.106	4378412	MQ
MFD08497.bin.2.117	2914834	MQ
MFD08497.bin.2.119	2996979	MQ
MFD08497.bin.2.122	6133896	MQ
MFD08497.bin.2.128	4356270	MQ
MFD08497.bin.2.136	3492972	MQ
MFD08497.bin.2.144	2769316	MQ
MFD08497.bin.2.147	5352270	MQ
MFD08497.bin.2.148	3364973	MQ
MFD08497.bin.2.149	3508858	MQ
MFD08497.bin.2.150	3344925	MQ
MFD08497.bin.2.151	1823516	MQ
MFD08497.bin.2.23	6116791	MQ
MFD08497.bin.2.25	2751152	MQ
MFD08497.bin.2.28	2927047	MQ
MFD08497.bin.2.33	3297132	MQ
MFD08497.bin.2.46	3347809	MQ
MFD08497.bin.2.49	3390378	MQ
MFD08497.bin.2.57	2467540	MQ
MFD08497.bin.2.61	2930170	MQ
MFD08497.bin.2.63	3100232	MQ
MFD08497.bin.2.65	3094774	MQ
MFD08497.bin.2.67	4075363	MQ
MFD08497.bin.2.70	3100983	MQ
MFD08497.bin.2.71	3309651	MQ
MFD08497.bin.2.79	5292951	MQ
MFD08497.bin.2.80	2480977	MQ
MFD08497.bin.2.86	2621653	MQ
MFD08497.bin.2.96	3646530	MQ
MFD08497.bin.3.103	2968663	MQ
MFD08497.bin.3.29	2596153	MQ
MFD08497.bin.3.77	2725776	MQ
MFD08497.bin.3.97	1864307	MQ
MFD08497.bin.4.268	5344333	MQ
MFD08669.bin.2.1	4112907	MQ
MFD08669.bin.2.100	3464056	MQ
MFD08669.bin.2.102	6718030	MQ
MFD08669.bin.2.107	2423254	MQ
MFD08669.bin.2.108	2189033	MQ
MFD08669.bin.2.17	2851984	MQ
MFD08669.bin.2.19	2145283	MQ
MFD08669.bin.2.2	3586818	MQ
MFD08669.bin.2.21	2327570	MQ
MFD08669.bin.2.25	3255730	MQ
MFD08669.bin.2.26	4358303	MQ
MFD08669.bin.2.27	2393948	MQ
MFD08669.bin.2.29	9477244	MQ
MFD08669.bin.2.3	1224334	MQ
MFD08669.bin.2.31	5616684	MQ
MFD08669.bin.2.32	2801761	MQ
MFD08669.bin.2.33	3289921	MQ
MFD08669.bin.2.35	2848156	MQ
MFD08669.bin.2.37	2077630	MQ
MFD08669.bin.2.38	2420450	MQ
MFD08669.bin.2.39	2726315	MQ
MFD08669.bin.2.5	2938472	MQ
MFD08669.bin.2.53	3080783	MQ
MFD08669.bin.2.6	1938934	MQ
MFD08669.bin.2.62	3468220	MQ
MFD08669.bin.2.63	3302094	MQ
MFD08669.bin.2.65	2651986	MQ
MFD08669.bin.2.74	2259375	MQ
MFD08669.bin.2.81	4866911	MQ
MFD08669.bin.2.82	4107829	MQ
MFD08669.bin.2.89	2061920	MQ
MFD08669.bin.2.94	2151281	MQ
MFD08669.bin.2.95	2101292	MQ
MFD08669.bin.2.96	2471898	MQ
MFD08669.bin.3.113	4419611	MQ
MFD08669.bin.3.115	2318180	MQ
MFD08669.bin.3.247	2835089	MQ
MFD08669.bin.3.42	2213412	MQ
MFD08669.bin.3.52	1926542	MQ
MFD08669.bin.3.78	3948194	MQ
MFD08669.bin.3.86	2439004	MQ
MFD08669.bin.3.91	2568725	MQ
MFD08669.bin.4.149	2962387	MQ
MFD08669.bin.4.151	2436183	MQ
MFD08691.bin.2.26	3498088	MQ
MFD08691.bin.2.32	3169342	MQ
MFD08691.bin.2.47	1940740	MQ
MFD08691.bin.2.75	3913848	MQ
MFD08691.bin.2.86	2264123	MQ
MFD08691.bin.4.118	3049524	MQ
MFD08691.bin.4.59	1993251	MQ
MFD08700.bin.2.13	2906553	MQ
MFD08700.bin.2.15	4440227	MQ
MFD08700.bin.2.17	2690335	MQ
MFD08700.bin.2.18	2488427	MQ
MFD08700.bin.2.22	6488284	MQ
MFD08700.bin.2.26	2568806	MQ
MFD08700.bin.2.32	6556371	MQ
MFD08700.bin.2.34	4570715	MQ
MFD08700.bin.2.39	4064047	MQ
MFD08700.bin.2.40	2400067	MQ
MFD08700.bin.2.8	7931445	MQ
MFD08700.bin.2.86	2834314	MQ
MFD08700.bin.2.91	3107406	MQ
MFD08700.bin.2.93	3296928	MQ
MFD08700.bin.2.94	4433279	MQ
MFD08700.bin.3.153	3351905	MQ
MFD08700.bin.3.2	5211344	MQ
MFD08700.bin.3.300	3628472	MQ
MFD08700.bin.3.34	2479311	MQ
MFD08700.bin.3.6	6427486	MQ
MFD08700.bin.3.67	3166148	MQ
MFD08700.bin.4.239	3202314	MQ
MFD08767.bin.2.16	4427557	MQ
MFD08767.bin.2.29	7305311	MQ
MFD08767.bin.2.61	2135101	MQ
MFD08767.bin.4.208	6811409	MQ
MFD08821.bin.1.21	4796982	MQ
MFD08821.bin.2.18	4758093	MQ
MFD08821.bin.2.25	4636285	MQ
MFD08821.bin.2.28	2703093	MQ
MFD08821.bin.2.30	3599638	MQ
MFD08821.bin.2.33	3296850	MQ
MFD08821.bin.2.47	3995750	MQ
MFD08821.bin.2.51	2419726	MQ
MFD08821.bin.2.56	4165634	MQ
MFD08821.bin.2.74	3981588	MQ
MFD08821.bin.2.76	2903361	MQ
MFD08821.bin.2.85	4222042	MQ
MFD08821.bin.2.93	4565026	MQ
MFD08821.bin.2.94	2602643	MQ
MFD08821.bin.2.98	3679658	MQ
MFD08821.bin.3.40	3901129	MQ
MFD08821.bin.3.72	3577949	MQ
MFD08821.bin.4.239	4471861	MQ
MFD08821.bin.4.32	2420663	MQ
MFD08988.bin.2.11	3546835	MQ
MFD08988.bin.2.20	2303517	MQ
MFD08988.bin.2.29	3856225	MQ
MFD08988.bin.2.30	1782468	MQ
MFD08988.bin.2.35	9641194	MQ
MFD08988.bin.2.58	2157416	MQ
MFD08988.bin.2.9	4280537	MQ
MFD08988.bin.3.114	8564333	MQ
MFD08988.bin.3.3	2026227	MQ
MFD09018.bin.2.1	3847125	MQ
MFD09018.bin.2.10	2366786	MQ
MFD09018.bin.2.101	2853812	MQ
MFD09018.bin.2.104	3542610	MQ
MFD09018.bin.2.105	2431800	MQ
MFD09018.bin.2.112	2193691	MQ
MFD09018.bin.2.12	2933996	MQ
MFD09018.bin.2.20	2096809	MQ
MFD09018.bin.2.34	2500403	MQ
MFD09018.bin.2.42	2869714	MQ
MFD09018.bin.2.44	4615589	MQ
MFD09018.bin.2.62	4292835	MQ
MFD09018.bin.2.72	2405556	MQ
MFD09018.bin.2.85	5020367	MQ
MFD09018.bin.3.3	2839903	MQ
MFD09018.bin.3.73	4055886	MQ
MFD09018.bin.4.46	3533086	MQ
MFD09018.bin.4.83	3585531	MQ
MFD09055.bin.2.15	5082336	MQ
MFD09055.bin.2.17	3273466	MQ
MFD09055.bin.2.42	4341495	MQ
MFD09055.bin.2.52	3993500	MQ
MFD09055.bin.2.55	3945935	MQ
MFD09055.bin.2.61	2396529	MQ
MFD09055.bin.2.99	3138035	MQ
MFD09055.bin.3.41	3937680	MQ
MFD09055.bin.3.78	4330244	MQ
MFD09126.bin.2.1	3616168	MQ
MFD09126.bin.2.24	5196566	MQ
MFD09126.bin.2.28	2381760	MQ
MFD09126.bin.2.34	2686609	MQ
MFD09126.bin.2.44	1799060	MQ
MFD09126.bin.2.47	5146233	MQ
MFD09126.bin.2.61	2459664	MQ
MFD09126.bin.2.67	5144535	MQ
MFD09126.bin.2.73	5665229	MQ
MFD09126.bin.2.77	3067171	MQ
MFD09126.bin.2.9	2456925	MQ
MFD09126.bin.3.1	2736836	MQ
MFD09126.bin.3.124	2028087	MQ
MFD09126.bin.3.185	5242073	MQ
MFD09126.bin.3.30	3475684	MQ
MFD09206.bin.1.106	3429288	MQ
MFD09206.bin.1.119	5664837	MQ
MFD09206.bin.1.124	6632307	MQ
MFD09206.bin.1.36	3089016	MQ
MFD09206.bin.1.39	3604714	MQ
MFD09206.bin.2.1	917824	MQ
MFD09206.bin.2.100	5293668	MQ
MFD09206.bin.2.101	2573942	MQ
MFD09206.bin.2.102	4275122	MQ
MFD09206.bin.2.103	5622531	MQ
MFD09206.bin.2.109	6398266	MQ
MFD09206.bin.2.110	1900763	MQ
MFD09206.bin.2.122	2114478	MQ
MFD09206.bin.2.123	5181500	MQ
MFD09206.bin.2.124	2201803	MQ
MFD09206.bin.2.125	2257597	MQ
MFD09206.bin.2.128	3157677	MQ
MFD09206.bin.2.130	3786849	MQ
MFD09206.bin.2.138	6042095	MQ
MFD09206.bin.2.141	4112618	MQ
MFD09206.bin.2.142	6755764	MQ
MFD09206.bin.2.144	4485320	MQ
MFD09206.bin.2.146	2612758	MQ
MFD09206.bin.2.149	3910235	MQ
MFD09206.bin.2.157	4563413	MQ
MFD09206.bin.2.159	2864243	MQ
MFD09206.bin.2.162	2284245	MQ
MFD09206.bin.2.167	2205644	MQ
MFD09206.bin.2.168	3322882	MQ
MFD09206.bin.2.17	3278911	MQ
MFD09206.bin.2.175	2284764	MQ
MFD09206.bin.2.176	2744103	MQ
MFD09206.bin.2.177	5562782	MQ
MFD09206.bin.2.181	7406387	MQ
MFD09206.bin.2.183	7376457	MQ
MFD09206.bin.2.185	4649686	MQ
MFD09206.bin.2.188	2365367	MQ
MFD09206.bin.2.192	3558666	MQ
MFD09206.bin.2.195	3490742	MQ
MFD09206.bin.2.196	3500671	MQ
MFD09206.bin.2.198	2577103	MQ
MFD09206.bin.2.199	3468972	MQ
MFD09206.bin.2.2	5478907	MQ
MFD09206.bin.2.201	2769612	MQ
MFD09206.bin.2.202	3746670	MQ
MFD09206.bin.2.203	3132996	MQ
MFD09206.bin.2.206	5535542	MQ
MFD09206.bin.2.22	2597815	MQ
MFD09206.bin.2.23	3645701	MQ
MFD09206.bin.2.25	4671583	MQ
MFD09206.bin.2.29	2787657	MQ
MFD09206.bin.2.30	3070071	MQ
MFD09206.bin.2.34	1726235	MQ
MFD09206.bin.2.36	3473360	MQ
MFD09206.bin.2.37	4610845	MQ
MFD09206.bin.2.39	3137563	MQ
MFD09206.bin.2.53	5804116	MQ
MFD09206.bin.2.54	3576673	MQ
MFD09206.bin.2.58	4034445	MQ
MFD09206.bin.2.6	2483543	MQ
MFD09206.bin.2.60	6958072	MQ
MFD09206.bin.2.66	7234578	MQ
MFD09206.bin.2.83	2337321	MQ
MFD09206.bin.2.84	4313535	MQ
MFD09206.bin.2.86	5514772	MQ
MFD09206.bin.2.89	4463881	MQ
MFD09206.bin.2.9	4963710	MQ
MFD09206.bin.2.91	3644536	MQ
MFD09206.bin.2.92	2736563	MQ
MFD09206.bin.2.96	3812771	MQ
MFD09206.bin.2.97	3034962	MQ
MFD09206.bin.2.99	3616582	MQ
MFD09206.bin.3.265	4529011	MQ
MFD09206.bin.3.266	2583271	MQ
MFD09206.bin.3.351	2705689	MQ
MFD09206.bin.3.357	3209352	MQ
MFD09206.bin.3.364	2992928	MQ
MFD09206.bin.3.389	3656033	MQ
MFD09206.bin.3.42	2784013	MQ
MFD09206.bin.3.447	2368922	MQ
MFD09206.bin.3.490	3739989	MQ
MFD09206.bin.3.9	3134984	MQ
MFD09206.bin.4.184	2487368	MQ
MFD09206.bin.4.58	3277042	MQ
MFD09212.bin.2.10	2450707	MQ
MFD09212.bin.2.103	4938137	MQ
MFD09212.bin.2.107	5147250	MQ
MFD09212.bin.2.109	2743860	MQ
MFD09212.bin.2.11	6340977	MQ
MFD09212.bin.2.110	2747692	MQ
MFD09212.bin.2.111	3761970	MQ
MFD09212.bin.2.112	6163890	MQ
MFD09212.bin.2.114	3819114	MQ
MFD09212.bin.2.115	6994313	MQ
MFD09212.bin.2.119	2048516	MQ
MFD09212.bin.2.121	6151771	MQ
MFD09212.bin.2.123	6141006	MQ
MFD09212.bin.2.125	5142217	MQ
MFD09212.bin.2.127	3985066	MQ
MFD09212.bin.2.128	3881211	MQ
MFD09212.bin.2.129	6083651	MQ
MFD09212.bin.2.132	5393194	MQ
MFD09212.bin.2.142	7981316	MQ
MFD09212.bin.2.143	6500208	MQ
MFD09212.bin.2.144	6115487	MQ
MFD09212.bin.2.145	5941378	MQ
MFD09212.bin.2.146	4194308	MQ
MFD09212.bin.2.148	4113373	MQ
MFD09212.bin.2.149	4223621	MQ
MFD09212.bin.2.151	5914777	MQ
MFD09212.bin.2.155	2513564	MQ
MFD09212.bin.2.167	4590635	MQ
MFD09212.bin.2.172	2759323	MQ
MFD09212.bin.2.173	3379349	MQ
MFD09212.bin.2.177	5742710	MQ
MFD09212.bin.2.179	5287498	MQ
MFD09212.bin.2.184	6010507	MQ
MFD09212.bin.2.188	7704526	MQ
MFD09212.bin.2.192	2855101	MQ
MFD09212.bin.2.193	2688451	MQ
MFD09212.bin.2.194	3500296	MQ
MFD09212.bin.2.195	5589928	MQ
MFD09212.bin.2.196	5830656	MQ
MFD09212.bin.2.197	3213372	MQ
MFD09212.bin.2.201	3097581	MQ
MFD09212.bin.2.202	5313670	MQ
MFD09212.bin.2.205	3220436	MQ
MFD09212.bin.2.209	5301195	MQ
MFD09212.bin.2.211	5656080	MQ
MFD09212.bin.2.212	4410579	MQ
MFD09212.bin.2.23	4316606	MQ
MFD09212.bin.2.24	3590208	MQ
MFD09212.bin.2.26	5730606	MQ
MFD09212.bin.2.27	6946736	MQ
MFD09212.bin.2.31	5037017	MQ
MFD09212.bin.2.35	5096315	MQ
MFD09212.bin.2.37	4797372	MQ
MFD09212.bin.2.38	2353633	MQ
MFD09212.bin.2.4	3198027	MQ
MFD09212.bin.2.40	3247440	MQ
MFD09212.bin.2.46	3065897	MQ
MFD09212.bin.2.51	3934711	MQ
MFD09212.bin.2.52	5952921	MQ
MFD09212.bin.2.54	5805097	MQ
MFD09212.bin.2.56	2639387	MQ
MFD09212.bin.2.59	2759121	MQ
MFD09212.bin.2.71	1788197	MQ
MFD09212.bin.2.80	4214299	MQ
MFD09212.bin.2.90	3867829	MQ
MFD09212.bin.2.99	4924152	MQ
MFD09212.bin.3.104	5034040	MQ
MFD09212.bin.3.159	2533273	MQ
MFD09212.bin.3.24	3199947	MQ
MFD09212.bin.3.261	4599414	MQ
MFD09212.bin.3.282	3143308	MQ
MFD09212.bin.3.335	2343176	MQ
MFD09212.bin.3.416	2634766	MQ
MFD09212.bin.3.427	4674495	MQ
MFD09212.bin.3.466	2081121	MQ
MFD09212.bin.3.520	4501230	MQ
MFD09212.bin.3.554	6120370	MQ
MFD09212.bin.3.603	3213285	MQ
MFD09212.bin.3.610	5001842	MQ
MFD09212.bin.4.167	3797868	MQ
MFD09212.bin.4.173	2950234	MQ
MFD09212.bin.4.303	3103805	MQ
MFD09212.bin.4.413	3258709	MQ
MFD09212.bin.4.524	2642587	MQ
MFD09212.bin.4.535	6221200	MQ
MFD09222.bin.1.119	5072457	MQ
MFD09222.bin.1.125	4813085	MQ
MFD09222.bin.1.179	4767360	MQ
MFD09222.bin.1.241	5776681	MQ
MFD09222.bin.2.1	8811577	MQ
MFD09222.bin.2.10	4151082	MQ
MFD09222.bin.2.103	3368357	MQ
MFD09222.bin.2.108	4459194	MQ
MFD09222.bin.2.11	3379194	MQ
MFD09222.bin.2.110	3849463	MQ
MFD09222.bin.2.113	5379053	MQ
MFD09222.bin.2.117	6126581	MQ
MFD09222.bin.2.119	5615605	MQ
MFD09222.bin.2.123	4524554	MQ
MFD09222.bin.2.125	3299970	MQ
MFD09222.bin.2.126	3332398	MQ
MFD09222.bin.2.131	5488800	MQ
MFD09222.bin.2.139	4216482	MQ
MFD09222.bin.2.142	3271429	MQ
MFD09222.bin.2.145	3750799	MQ
MFD09222.bin.2.146	4428944	MQ
MFD09222.bin.2.155	4295800	MQ
MFD09222.bin.2.16	3968854	MQ
MFD09222.bin.2.166	3710415	MQ
MFD09222.bin.2.174	3748549	MQ
MFD09222.bin.2.18	5094337	MQ
MFD09222.bin.2.23	2924252	MQ
MFD09222.bin.2.26	3375978	MQ
MFD09222.bin.2.29	4193378	MQ
MFD09222.bin.2.30	3249719	MQ
MFD09222.bin.2.33	4589016	MQ
MFD09222.bin.2.34	2776699	MQ
MFD09222.bin.2.35	2889960	MQ
MFD09222.bin.2.46	4133314	MQ
MFD09222.bin.2.51	4368561	MQ
MFD09222.bin.2.6	2771276	MQ
MFD09222.bin.2.60	4184708	MQ
MFD09222.bin.2.68	4123219	MQ
MFD09222.bin.2.76	4853121	MQ
MFD09222.bin.2.77	5904483	MQ
MFD09222.bin.2.82	3311445	MQ
MFD09222.bin.2.84	2308968	MQ
MFD09222.bin.2.91	3915728	MQ
MFD09222.bin.2.93	4433798	MQ
MFD09222.bin.2.94	2676731	MQ
MFD09222.bin.2.96	6728961	MQ
MFD09222.bin.3.117	5100939	MQ
MFD09222.bin.3.13	4995320	MQ
MFD09222.bin.3.133	3281023	MQ
MFD09222.bin.3.186	5897481	MQ
MFD09222.bin.3.213	2173285	MQ
MFD09222.bin.3.24	3224220	MQ
MFD09222.bin.3.28	4494371	MQ
MFD09222.bin.3.315	6122691	MQ
MFD09222.bin.3.337	2168380	MQ
MFD09222.bin.3.34	3339122	MQ
MFD09222.bin.3.374	3000795	MQ
MFD09222.bin.3.40	4545971	MQ
MFD09222.bin.3.414	3652978	MQ
MFD09222.bin.3.45	3079030	MQ
MFD09222.bin.3.460	4051119	MQ
MFD09222.bin.3.67	3922873	MQ
MFD09222.bin.4.501	4803826	MQ
MFD09222.bin.4.8	5926741	MQ
MFD09267.bin.1.185	7612901	MQ
MFD09267.bin.2.103	2325243	MQ
MFD09267.bin.2.11	5278585	MQ
MFD09267.bin.2.111	3884220	MQ
MFD09267.bin.2.121	2913244	MQ
MFD09267.bin.2.124	3620608	MQ
MFD09267.bin.2.127	4665358	MQ
MFD09267.bin.2.128	2047468	MQ
MFD09267.bin.2.130	7178628	MQ
MFD09267.bin.2.131	4631686	MQ
MFD09267.bin.2.133	3491954	MQ
MFD09267.bin.2.134	3394105	MQ
MFD09267.bin.2.135	4332226	MQ
MFD09267.bin.2.138	5564239	MQ
MFD09267.bin.2.141	4277993	MQ
MFD09267.bin.2.142	3521196	MQ
MFD09267.bin.2.144	3101604	MQ
MFD09267.bin.2.149	4405998	MQ
MFD09267.bin.2.152	8015948	MQ
MFD09267.bin.2.155	3505055	MQ
MFD09267.bin.2.157	2953373	MQ
MFD09267.bin.2.159	2808061	MQ
MFD09267.bin.2.16	10219159	MQ
MFD09267.bin.2.165	2491483	MQ
MFD09267.bin.2.170	2233541	MQ
MFD09267.bin.2.177	3127718	MQ
MFD09267.bin.2.184	3773141	MQ
MFD09267.bin.2.200	5871098	MQ
MFD09267.bin.2.205	2832997	MQ
MFD09267.bin.2.207	3681400	MQ
MFD09267.bin.2.21	4007850	MQ
MFD09267.bin.2.210	4638326	MQ
MFD09267.bin.2.214	6132896	MQ
MFD09267.bin.2.216	4761674	MQ
MFD09267.bin.2.218	3005542	MQ
MFD09267.bin.2.22	2488192	MQ
MFD09267.bin.2.223	3000650	MQ
MFD09267.bin.2.228	3568599	MQ
MFD09267.bin.2.230	2633855	MQ
MFD09267.bin.2.231	3170958	MQ
MFD09267.bin.2.234	2382644	MQ
MFD09267.bin.2.236	3377266	MQ
MFD09267.bin.2.240	3865200	MQ
MFD09267.bin.2.253	3828180	MQ
MFD09267.bin.2.255	4156639	MQ
MFD09267.bin.2.256	4955670	MQ
MFD09267.bin.2.26	3600574	MQ
MFD09267.bin.2.262	4751064	MQ
MFD09267.bin.2.264	5238423	MQ
MFD09267.bin.2.281	3697923	MQ
MFD09267.bin.2.292	6031782	MQ
MFD09267.bin.2.297	5238075	MQ
MFD09267.bin.2.298	3329796	MQ
MFD09267.bin.2.30	1834443	MQ
MFD09267.bin.2.303	4765009	MQ
MFD09267.bin.2.304	2438418	MQ
MFD09267.bin.2.308	6749058	MQ
MFD09267.bin.2.309	3425581	MQ
MFD09267.bin.2.310	4844381	MQ
MFD09267.bin.2.318	2532617	MQ
MFD09267.bin.2.322	6731013	MQ
MFD09267.bin.2.329	2647289	MQ
MFD09267.bin.2.330	3506171	MQ
MFD09267.bin.2.331	4061214	MQ
MFD09267.bin.2.334	3567527	MQ
MFD09267.bin.2.335	2885609	MQ
MFD09267.bin.2.346	2275264	MQ
MFD09267.bin.2.351	2829346	MQ
MFD09267.bin.2.38	1839669	MQ
MFD09267.bin.2.42	5098361	MQ
MFD09267.bin.2.56	7066183	MQ
MFD09267.bin.2.59	4445284	MQ
MFD09267.bin.2.64	2572261	MQ
MFD09267.bin.2.65	4314765	MQ
MFD09267.bin.2.66	4024749	MQ
MFD09267.bin.2.72	3107323	MQ
MFD09267.bin.2.73	3904301	MQ
MFD09267.bin.2.75	2504433	MQ
MFD09267.bin.2.77	6943034	MQ
MFD09267.bin.2.78	1840753	MQ
MFD09267.bin.2.87	2919222	MQ
MFD09267.bin.2.90	3606053	MQ
MFD09267.bin.2.93	3063491	MQ
MFD09267.bin.2.94	2624741	MQ
MFD09267.bin.2.97	7148647	MQ
MFD09267.bin.2.99	3940163	MQ
MFD09267.bin.3.132	5232608	MQ
MFD09267.bin.3.158	2839995	MQ
MFD09267.bin.3.248	4448653	MQ
MFD09267.bin.3.343	2124030	MQ
MFD09267.bin.3.399	2948263	MQ
MFD09267.bin.3.402	3785323	MQ
MFD09267.bin.3.508	3260701	MQ
MFD09267.bin.3.65	4430524	MQ
MFD09267.bin.3.700	4523058	MQ
MFD09267.bin.3.85	5618122	MQ
MFD09267.bin.4.169	4004066	MQ
MFD09267.bin.4.481	5284879	MQ
MFD09267.bin.4.722	2414228	MQ
MFD09286.bin.1.126	5417669	MQ
MFD09286.bin.1.190	5052290	MQ
MFD09286.bin.1.229	5416044	MQ
MFD09286.bin.1.244	4610608	MQ
MFD09286.bin.1.6	4130683	MQ
MFD09286.bin.2.1	4383493	MQ
MFD09286.bin.2.100	6062580	MQ
MFD09286.bin.2.102	2792244	MQ
MFD09286.bin.2.106	4229450	MQ
MFD09286.bin.2.109	5104471	MQ
MFD09286.bin.2.11	3003614	MQ
MFD09286.bin.2.112	7679722	MQ
MFD09286.bin.2.114	5197438	MQ
MFD09286.bin.2.117	5775349	MQ
MFD09286.bin.2.119	3201616	MQ
MFD09286.bin.2.12	2056287	MQ
MFD09286.bin.2.120	2240041	MQ
MFD09286.bin.2.121	5858682	MQ
MFD09286.bin.2.122	3027650	MQ
MFD09286.bin.2.123	3872424	MQ
MFD09286.bin.2.125	3341867	MQ
MFD09286.bin.2.126	5084558	MQ
MFD09286.bin.2.127	12995613	MQ
MFD09286.bin.2.129	3017648	MQ
MFD09286.bin.2.130	3409930	MQ
MFD09286.bin.2.134	4925849	MQ
MFD09286.bin.2.136	4531987	MQ
MFD09286.bin.2.137	6771434	MQ
MFD09286.bin.2.138	4763231	MQ
MFD09286.bin.2.14	4835218	MQ
MFD09286.bin.2.143	6553521	MQ
MFD09286.bin.2.146	2346766	MQ
MFD09286.bin.2.15	4520400	MQ
MFD09286.bin.2.150	2426945	MQ
MFD09286.bin.2.151	3435451	MQ
MFD09286.bin.2.153	6608896	MQ
MFD09286.bin.2.154	2767543	MQ
MFD09286.bin.2.160	4550396	MQ
MFD09286.bin.2.163	4144187	MQ
MFD09286.bin.2.167	5078274	MQ
MFD09286.bin.2.169	4255531	MQ
MFD09286.bin.2.170	4054838	MQ
MFD09286.bin.2.171	6226573	MQ
MFD09286.bin.2.172	7280680	MQ
MFD09286.bin.2.173	5195806	MQ
MFD09286.bin.2.174	10306446	MQ
MFD09286.bin.2.177	3742530	MQ
MFD09286.bin.2.181	3294830	MQ
MFD09286.bin.2.187	4790744	MQ
MFD09286.bin.2.19	7258592	MQ
MFD09286.bin.2.24	4357135	MQ
MFD09286.bin.2.25	4317089	MQ
MFD09286.bin.2.29	9003684	MQ
MFD09286.bin.2.3	7326853	MQ
MFD09286.bin.2.30	4343459	MQ
MFD09286.bin.2.34	2910819	MQ
MFD09286.bin.2.37	3559831	MQ
MFD09286.bin.2.41	2405751	MQ
MFD09286.bin.2.43	4319007	MQ
MFD09286.bin.2.47	4309659	MQ
MFD09286.bin.2.48	2130037	MQ
MFD09286.bin.2.49	5244169	MQ
MFD09286.bin.2.50	5215196	MQ
MFD09286.bin.2.51	7035110	MQ
MFD09286.bin.2.54	3320818	MQ
MFD09286.bin.2.68	4689188	MQ
MFD09286.bin.2.79	4412917	MQ
MFD09286.bin.2.81	6696667	MQ
MFD09286.bin.2.82	5143906	MQ
MFD09286.bin.2.83	5311783	MQ
MFD09286.bin.2.84	3467645	MQ
MFD09286.bin.2.87	2103342	MQ
MFD09286.bin.2.88	3180129	MQ
MFD09286.bin.2.92	8626614	MQ
MFD09286.bin.2.93	3432152	MQ
MFD09286.bin.2.95	5174799	MQ
MFD09286.bin.2.97	5379012	MQ
MFD09286.bin.2.99	4449145	MQ
MFD09286.bin.3.127	6051766	MQ
MFD09286.bin.3.15	4498463	MQ
MFD09286.bin.3.221	3212407	MQ
MFD09286.bin.3.32	4639780	MQ
MFD09286.bin.3.35	5540857	MQ
MFD09286.bin.3.352	3798912	MQ
MFD09286.bin.3.375	4696991	MQ
MFD09286.bin.3.59	3268621	MQ
MFD09286.bin.3.60	4417752	MQ
MFD09286.bin.3.73	4386155	MQ
MFD09286.bin.4.160	2452685	MQ
MFD09368.bin.1.213	6428794	MQ
MFD09368.bin.2.10	4671752	MQ
MFD09368.bin.2.101	3046060	MQ
MFD09368.bin.2.11	6412244	MQ
MFD09368.bin.2.110	3165549	MQ
MFD09368.bin.2.111	3671905	MQ
MFD09368.bin.2.119	3259931	MQ
MFD09368.bin.2.121	5837049	MQ
MFD09368.bin.2.124	6931110	MQ
MFD09368.bin.2.126	3847783	MQ
MFD09368.bin.2.127	4031449	MQ
MFD09368.bin.2.129	4459273	MQ
MFD09368.bin.2.13	4117601	MQ
MFD09368.bin.2.137	5720451	MQ
MFD09368.bin.2.139	4261126	MQ
MFD09368.bin.2.142	4112701	MQ
MFD09368.bin.2.144	7229716	MQ
MFD09368.bin.2.146	6234319	MQ
MFD09368.bin.2.148	3942668	MQ
MFD09368.bin.2.149	4411741	MQ
MFD09368.bin.2.151	5049250	MQ
MFD09368.bin.2.153	3839858	MQ
MFD09368.bin.2.155	3146240	MQ
MFD09368.bin.2.156	2153520	MQ
MFD09368.bin.2.157	6578929	MQ
MFD09368.bin.2.158	5773487	MQ
MFD09368.bin.2.162	5372624	MQ
MFD09368.bin.2.163	7427163	MQ
MFD09368.bin.2.164	4856311	MQ
MFD09368.bin.2.165	3516284	MQ
MFD09368.bin.2.167	2537705	MQ
MFD09368.bin.2.169	3522492	MQ
MFD09368.bin.2.17	3809019	MQ
MFD09368.bin.2.175	6094955	MQ
MFD09368.bin.2.178	3997166	MQ
MFD09368.bin.2.18	4233648	MQ
MFD09368.bin.2.184	2817364	MQ
MFD09368.bin.2.187	5085308	MQ
MFD09368.bin.2.188	4800351	MQ
MFD09368.bin.2.19	5090007	MQ
MFD09368.bin.2.193	5200574	MQ
MFD09368.bin.2.196	4281314	MQ
MFD09368.bin.2.199	6694985	MQ
MFD09368.bin.2.2	3965949	MQ
MFD09368.bin.2.20	5431813	MQ
MFD09368.bin.2.204	4104736	MQ
MFD09368.bin.2.208	5246785	MQ
MFD09368.bin.2.21	4961420	MQ
MFD09368.bin.2.211	4517427	MQ
MFD09368.bin.2.24	8583344	MQ
MFD09368.bin.2.25	4151429	MQ
MFD09368.bin.2.27	4110035	MQ
MFD09368.bin.2.31	9169706	MQ
MFD09368.bin.2.32	7858481	MQ
MFD09368.bin.2.33	4368888	MQ
MFD09368.bin.2.34	3523070	MQ
MFD09368.bin.2.35	6180897	MQ
MFD09368.bin.2.38	5177248	MQ
MFD09368.bin.2.40	4826396	MQ
MFD09368.bin.2.41	3118349	MQ
MFD09368.bin.2.45	4215830	MQ
MFD09368.bin.2.46	2902704	MQ
MFD09368.bin.2.47	4339688	MQ
MFD09368.bin.2.48	3727140	MQ
MFD09368.bin.2.49	6189039	MQ
MFD09368.bin.2.5	2834318	MQ
MFD09368.bin.2.50	4522086	MQ
MFD09368.bin.2.51	3622489	MQ
MFD09368.bin.2.62	4646721	MQ
MFD09368.bin.2.65	5262201	MQ
MFD09368.bin.2.67	2920838	MQ
MFD09368.bin.2.69	7391858	MQ
MFD09368.bin.2.7	8711750	MQ
MFD09368.bin.2.9	5167123	MQ
MFD09368.bin.2.94	6078516	MQ
MFD09368.bin.2.99	3733617	MQ
MFD09368.bin.3.1	4079129	MQ
MFD09368.bin.3.189	4746919	MQ
MFD09368.bin.3.206	2958700	MQ
MFD09368.bin.3.216	2191179	MQ
MFD09368.bin.3.325	6987595	MQ
MFD09368.bin.3.343	4265052	MQ
MFD09368.bin.3.355	5273596	MQ
MFD09368.bin.3.364	3074117	MQ
MFD09368.bin.3.381	3197909	MQ
MFD09368.bin.3.407	4349911	MQ
MFD09368.bin.3.47	5383240	MQ
MFD09368.bin.3.68	3859553	MQ
MFD09368.bin.3.70	6143675	MQ
MFD09368.bin.4.118	3911813	MQ
MFD09368.bin.4.357	3473642	MQ
MFD09400.bin.2.1	4095973	MQ
MFD09400.bin.3.34	4411204	MQ
MFD09495.bin.1.137	5126354	MQ
MFD09495.bin.1.56	2847128	MQ
MFD09495.bin.1.74	6118879	MQ
MFD09495.bin.2.10	11223166	MQ
MFD09495.bin.2.12	1511154	MQ
MFD09495.bin.2.13	8381543	MQ
MFD09495.bin.2.14	5801120	MQ
MFD09495.bin.2.15	5194297	MQ
MFD09495.bin.2.17	6416424	MQ
MFD09495.bin.2.2	4678896	MQ
MFD09495.bin.2.21	5080221	MQ
MFD09495.bin.2.25	6037871	MQ
MFD09495.bin.2.3	1534487	MQ
MFD09495.bin.2.30	2548907	MQ
MFD09495.bin.2.31	5203760	MQ
MFD09495.bin.2.33	4286069	MQ
MFD09495.bin.2.39	5773069	MQ
MFD09495.bin.2.4	3400111	MQ
MFD09495.bin.2.45	3022311	MQ
MFD09495.bin.2.46	4609594	MQ
MFD09495.bin.2.48	4746966	MQ
MFD09495.bin.2.49	6512474	MQ
MFD09495.bin.2.5	3467371	MQ
MFD09495.bin.2.51	7331284	MQ
MFD09495.bin.2.54	3977984	MQ
MFD09495.bin.2.55	6348657	MQ
MFD09495.bin.2.56	3467717	MQ
MFD09495.bin.2.58	3416477	MQ
MFD09495.bin.2.59	3654413	MQ
MFD09495.bin.2.6	6667553	MQ
MFD09495.bin.2.60	3799942	MQ
MFD09495.bin.2.64	2553994	MQ
MFD09495.bin.2.65	7766788	MQ
MFD09495.bin.2.66	4775149	MQ
MFD09495.bin.2.75	7692933	MQ
MFD09495.bin.2.79	4806306	MQ
MFD09495.bin.2.81	7676842	MQ
MFD09495.bin.2.82	4198814	MQ
MFD09495.bin.2.84	5177841	MQ
MFD09495.bin.2.89	4603898	MQ
MFD09495.bin.2.92	4707348	MQ
MFD09495.bin.2.96	5051887	MQ
MFD09495.bin.3.122	2127412	MQ
MFD09495.bin.3.197	2884178	MQ
MFD09495.bin.3.20	2956103	MQ
MFD09495.bin.3.22	4084912	MQ
MFD09495.bin.3.53	3013249	MQ
MFD09495.bin.3.65	1066229	MQ
MFD09495.bin.3.69	2930621	MQ
MFD09495.bin.3.99	779761	MQ
MFD09567.bin.1.118	5565178	MQ
MFD09567.bin.1.13	16460759	MQ
MFD09567.bin.1.40	8278621	MQ
MFD09567.bin.2.100	12670672	MQ
MFD09567.bin.2.12	4565209	MQ
MFD09567.bin.2.15	4129044	MQ
MFD09567.bin.2.16	3084759	MQ
MFD09567.bin.2.2	13546572	MQ
MFD09567.bin.2.23	6895005	MQ
MFD09567.bin.2.39	6305960	MQ
MFD09567.bin.2.46	5726246	MQ
MFD09567.bin.2.51	6868685	MQ
MFD09567.bin.2.56	3876333	MQ
MFD09567.bin.2.58	4757351	MQ
MFD09567.bin.2.6	4031904	MQ
MFD09567.bin.2.64	4058348	MQ
MFD09567.bin.2.77	12229857	MQ
MFD09567.bin.2.79	4476828	MQ
MFD09567.bin.2.8	9256948	MQ
MFD09567.bin.2.88	5920069	MQ
MFD09567.bin.2.92	3209405	MQ
MFD09567.bin.2.94	13426356	MQ
MFD09567.bin.3.118	4331052	MQ
MFD09567.bin.3.28	8517301	MQ
MFD09567.bin.4.252	8473787	MQ
MFD09567.bin.4.322	5143304	MQ
MFD09567.bin.4.38	6018643	MQ
MFD09603.bin.1.108	4472460	MQ
MFD09603.bin.1.14	4342459	MQ
MFD09603.bin.1.250	3918728	MQ
MFD09603.bin.1.254	4498521	MQ
MFD09603.bin.1.257	3152461	MQ
MFD09603.bin.1.259	4390066	MQ
MFD09603.bin.1.289	3328732	MQ
MFD09603.bin.1.339	4840470	MQ
MFD09603.bin.1.44	8360844	MQ
MFD09603.bin.1.55	5488306	MQ
MFD09603.bin.1.72	2746460	MQ
MFD09603.bin.2.1	3629785	MQ
MFD09603.bin.2.10	3953527	MQ
MFD09603.bin.2.101	2624323	MQ
MFD09603.bin.2.102	4421305	MQ
MFD09603.bin.2.103	4460316	MQ
MFD09603.bin.2.104	5780673	MQ
MFD09603.bin.2.105	3998000	MQ
MFD09603.bin.2.108	5818356	MQ
MFD09603.bin.2.109	2736739	MQ
MFD09603.bin.2.11	4529678	MQ
MFD09603.bin.2.110	5014297	MQ
MFD09603.bin.2.111	9821088	MQ
MFD09603.bin.2.112	4501471	MQ
MFD09603.bin.2.113	6653103	MQ
MFD09603.bin.2.115	2284706	MQ
MFD09603.bin.2.117	3071254	MQ
MFD09603.bin.2.118	7708348	MQ
MFD09603.bin.2.12	3054636	MQ
MFD09603.bin.2.120	2345310	MQ
MFD09603.bin.2.124	3158804	MQ
MFD09603.bin.2.126	3492245	MQ
MFD09603.bin.2.127	7978397	MQ
MFD09603.bin.2.129	2425243	MQ
MFD09603.bin.2.130	4153886	MQ
MFD09603.bin.2.132	2546465	MQ
MFD09603.bin.2.134	2677860	MQ
MFD09603.bin.2.14	4124019	MQ
MFD09603.bin.2.158	3828956	MQ
MFD09603.bin.2.16	4500419	MQ
MFD09603.bin.2.164	9047868	MQ
MFD09603.bin.2.165	6680734	MQ
MFD09603.bin.2.168	2114483	MQ
MFD09603.bin.2.17	4229845	MQ
MFD09603.bin.2.172	6117975	MQ
MFD09603.bin.2.173	3619058	MQ
MFD09603.bin.2.175	6734716	MQ
MFD09603.bin.2.176	3063356	MQ
MFD09603.bin.2.177	3631118	MQ
MFD09603.bin.2.178	7557361	MQ
MFD09603.bin.2.179	8198182	MQ
MFD09603.bin.2.180	7273786	MQ
MFD09603.bin.2.181	3461570	MQ
MFD09603.bin.2.182	5247044	MQ
MFD09603.bin.2.183	6194999	MQ
MFD09603.bin.2.184	4965917	MQ
MFD09603.bin.2.185	5704177	MQ
MFD09603.bin.2.186	2675004	MQ
MFD09603.bin.2.187	6486465	MQ
MFD09603.bin.2.19	3908753	MQ
MFD09603.bin.2.190	5128337	MQ
MFD09603.bin.2.192	4129437	MQ
MFD09603.bin.2.193	7416559	MQ
MFD09603.bin.2.196	3544648	MQ
MFD09603.bin.2.197	3673200	MQ
MFD09603.bin.2.199	3578134	MQ
MFD09603.bin.2.20	4499904	MQ
MFD09603.bin.2.200	4814655	MQ
MFD09603.bin.2.201	5290621	MQ
MFD09603.bin.2.202	2873871	MQ
MFD09603.bin.2.204	3716178	MQ
MFD09603.bin.2.206	5187517	MQ
MFD09603.bin.2.207	5645102	MQ
MFD09603.bin.2.208	4256047	MQ
MFD09603.bin.2.21	6381250	MQ
MFD09603.bin.2.210	2366501	MQ
MFD09603.bin.2.211	4418947	MQ
MFD09603.bin.2.213	3742273	MQ
MFD09603.bin.2.215	3568534	MQ
MFD09603.bin.2.216	3975478	MQ
MFD09603.bin.2.218	2971108	MQ
MFD09603.bin.2.22	7102046	MQ
MFD09603.bin.2.221	3421253	MQ
MFD09603.bin.2.222	3743507	MQ
MFD09603.bin.2.223	5010553	MQ
MFD09603.bin.2.226	3841841	MQ
MFD09603.bin.2.227	5088545	MQ
MFD09603.bin.2.228	4651394	MQ
MFD09603.bin.2.229	4438072	MQ
MFD09603.bin.2.231	6782117	MQ
MFD09603.bin.2.232	3820666	MQ
MFD09603.bin.2.233	2813310	MQ
MFD09603.bin.2.234	3161672	MQ
MFD09603.bin.2.237	4896887	MQ
MFD09603.bin.2.24	4817289	MQ
MFD09603.bin.2.242	3838518	MQ
MFD09603.bin.2.243	5622054	MQ
MFD09603.bin.2.246	5228463	MQ
MFD09603.bin.2.247	4287513	MQ
MFD09603.bin.2.248	6983306	MQ
MFD09603.bin.2.249	4151522	MQ
MFD09603.bin.2.250	3493948	MQ
MFD09603.bin.2.251	3782729	MQ
MFD09603.bin.2.254	4762520	MQ
MFD09603.bin.2.255	3599607	MQ
MFD09603.bin.2.256	3896681	MQ
MFD09603.bin.2.258	2729408	MQ
MFD09603.bin.2.26	4186755	MQ
MFD09603.bin.2.261	5085416	MQ
MFD09603.bin.2.264	6364136	MQ
MFD09603.bin.2.265	4219540	MQ
MFD09603.bin.2.268	4267156	MQ
MFD09603.bin.2.27	5304451	MQ
MFD09603.bin.2.270	4751341	MQ
MFD09603.bin.2.272	6034707	MQ
MFD09603.bin.2.275	6300296	MQ
MFD09603.bin.2.276	5327990	MQ
MFD09603.bin.2.277	4132836	MQ
MFD09603.bin.2.278	3738000	MQ
MFD09603.bin.2.28	3679746	MQ
MFD09603.bin.2.280	3599301	MQ
MFD09603.bin.2.281	4999147	MQ
MFD09603.bin.2.282	6720830	MQ
MFD09603.bin.2.283	4890898	MQ
MFD09603.bin.2.284	5808941	MQ
MFD09603.bin.2.285	3041576	MQ
MFD09603.bin.2.287	6645664	MQ
MFD09603.bin.2.288	3464018	MQ
MFD09603.bin.2.292	3201717	MQ
MFD09603.bin.2.293	2403311	MQ
MFD09603.bin.2.294	3771238	MQ
MFD09603.bin.2.295	4112391	MQ
MFD09603.bin.2.3	3969018	MQ
MFD09603.bin.2.302	2825600	MQ
MFD09603.bin.2.303	4063559	MQ
MFD09603.bin.2.305	4194024	MQ
MFD09603.bin.2.306	4553655	MQ
MFD09603.bin.2.34	6845167	MQ
MFD09603.bin.2.4	4299363	MQ
MFD09603.bin.2.40	2845701	MQ
MFD09603.bin.2.42	3749016	MQ
MFD09603.bin.2.47	5855358	MQ
MFD09603.bin.2.48	4976860	MQ
MFD09603.bin.2.49	3646976	MQ
MFD09603.bin.2.50	3925186	MQ
MFD09603.bin.2.51	3826651	MQ
MFD09603.bin.2.52	3177515	MQ
MFD09603.bin.2.53	5530226	MQ
MFD09603.bin.2.55	4837697	MQ
MFD09603.bin.2.56	2333844	MQ
MFD09603.bin.2.58	4529352	MQ
MFD09603.bin.2.59	3177532	MQ
MFD09603.bin.2.60	4585112	MQ
MFD09603.bin.2.61	3030452	MQ
MFD09603.bin.2.62	4795608	MQ
MFD09603.bin.2.63	2619361	MQ
MFD09603.bin.2.64	3153644	MQ
MFD09603.bin.2.66	5729118	MQ
MFD09603.bin.2.68	4000436	MQ
MFD09603.bin.2.70	3456811	MQ
MFD09603.bin.2.71	3456737	MQ
MFD09603.bin.2.73	8163468	MQ
MFD09603.bin.2.74	4608842	MQ
MFD09603.bin.2.75	5644744	MQ
MFD09603.bin.2.76	5527627	MQ
MFD09603.bin.2.77	4759932	MQ
MFD09603.bin.2.78	4770300	MQ
MFD09603.bin.2.79	3888243	MQ
MFD09603.bin.2.8	4047582	MQ
MFD09603.bin.2.80	5242848	MQ
MFD09603.bin.2.82	4737581	MQ
MFD09603.bin.2.83	6025743	MQ
MFD09603.bin.2.84	5829071	MQ
MFD09603.bin.2.85	4345692	MQ
MFD09603.bin.2.86	3284088	MQ
MFD09603.bin.2.87	3411133	MQ
MFD09603.bin.2.88	4705045	MQ
MFD09603.bin.2.9	5297823	MQ
MFD09603.bin.2.90	4500931	MQ
MFD09603.bin.2.91	4271480	MQ
MFD09603.bin.2.92	2817435	MQ
MFD09603.bin.2.93	4462170	MQ
MFD09603.bin.2.95	2863693	MQ
MFD09603.bin.2.96	4317897	MQ
MFD09603.bin.2.97	3669606	MQ
MFD09603.bin.2.98	4382335	MQ
MFD09603.bin.2.99	5472592	MQ
MFD09603.bin.3.129	3393512	MQ
MFD09603.bin.3.130	3207642	MQ
MFD09603.bin.3.139	2333524	MQ
MFD09603.bin.3.152	5883871	MQ
MFD09603.bin.3.171	2691633	MQ
MFD09603.bin.3.205	2208572	MQ
MFD09603.bin.3.217	5671886	MQ
MFD09603.bin.3.218	4224399	MQ
MFD09603.bin.3.229	5755035	MQ
MFD09603.bin.3.241	4004805	MQ
MFD09603.bin.3.249	6006544	MQ
MFD09603.bin.3.250	4211242	MQ
MFD09603.bin.3.268	6420736	MQ
MFD09603.bin.3.288	4570727	MQ
MFD09603.bin.3.290	6168250	MQ
MFD09603.bin.3.31	5919641	MQ
MFD09603.bin.3.358	3868115	MQ
MFD09603.bin.3.408	4029944	MQ
MFD09603.bin.3.415	6265406	MQ
MFD09603.bin.3.428	4542125	MQ
MFD09603.bin.3.442	4381977	MQ
MFD09603.bin.3.46	3816023	MQ
MFD09603.bin.3.486	8126907	MQ
MFD09603.bin.3.494	1954257	MQ
MFD09603.bin.3.517	6655383	MQ
MFD09603.bin.3.522	5326641	MQ
MFD09603.bin.3.536	5432933	MQ
MFD09603.bin.3.55	4041248	MQ
MFD09603.bin.3.558	3482256	MQ
MFD09603.bin.3.579	3550207	MQ
MFD09603.bin.3.631	3895760	MQ
MFD09603.bin.3.79	5801309	MQ
MFD09603.bin.3.91	7495763	MQ
MFD09603.bin.4.106	4201353	MQ
MFD09603.bin.4.259	3574203	MQ
MFD09603.bin.4.285	3264375	MQ
MFD09603.bin.4.330	3260436	MQ
MFD09603.bin.4.564	4509210	MQ
MFD09603.bin.4.654	3227092	MQ
MFD09603.bin.4.668	2127970	MQ
MFD09603.bin.4.860	3173605	MQ
MFD09671.bin.1.104	6541571	MQ
MFD09671.bin.1.176	4605866	MQ
MFD09671.bin.1.185	5463662	MQ
MFD09671.bin.1.202	4233111	MQ
MFD09671.bin.1.37	3726046	MQ
MFD09671.bin.1.61	5322660	MQ
MFD09671.bin.2.1	2767314	MQ
MFD09671.bin.2.10	4614765	MQ
MFD09671.bin.2.102	7554923	MQ
MFD09671.bin.2.103	6715702	MQ
MFD09671.bin.2.104	8171101	MQ
MFD09671.bin.2.105	6471741	MQ
MFD09671.bin.2.108	6579771	MQ
MFD09671.bin.2.109	13481721	MQ
MFD09671.bin.2.11	3925957	MQ
MFD09671.bin.2.110	5246335	MQ
MFD09671.bin.2.111	5720501	MQ
MFD09671.bin.2.113	5250143	MQ
MFD09671.bin.2.114	5574416	MQ
MFD09671.bin.2.115	7004717	MQ
MFD09671.bin.2.116	2795054	MQ
MFD09671.bin.2.119	3498425	MQ
MFD09671.bin.2.120	4175920	MQ
MFD09671.bin.2.121	4415161	MQ
MFD09671.bin.2.123	3486609	MQ
MFD09671.bin.2.125	2543616	MQ
MFD09671.bin.2.127	3706128	MQ
MFD09671.bin.2.128	6495065	MQ
MFD09671.bin.2.130	6636781	MQ
MFD09671.bin.2.132	3253065	MQ
MFD09671.bin.2.133	5924501	MQ
MFD09671.bin.2.136	6275145	MQ
MFD09671.bin.2.137	3475724	MQ
MFD09671.bin.2.138	5957495	MQ
MFD09671.bin.2.139	6147936	MQ
MFD09671.bin.2.14	5697870	MQ
MFD09671.bin.2.141	12305762	MQ
MFD09671.bin.2.144	2674500	MQ
MFD09671.bin.2.145	3302789	MQ
MFD09671.bin.2.148	5758053	MQ
MFD09671.bin.2.150	6452376	MQ
MFD09671.bin.2.152	4287797	MQ
MFD09671.bin.2.153	5393344	MQ
MFD09671.bin.2.154	11881824	MQ
MFD09671.bin.2.16	5340989	MQ
MFD09671.bin.2.2	3701491	MQ
MFD09671.bin.2.20	3421855	MQ
MFD09671.bin.2.21	3939837	MQ
MFD09671.bin.2.23	6961112	MQ
MFD09671.bin.2.25	3507233	MQ
MFD09671.bin.2.28	5654077	MQ
MFD09671.bin.2.3	3448472	MQ
MFD09671.bin.2.31	4313388	MQ
MFD09671.bin.2.33	5032347	MQ
MFD09671.bin.2.35	3895931	MQ
MFD09671.bin.2.39	3908169	MQ
MFD09671.bin.2.4	5257815	MQ
MFD09671.bin.2.41	3725818	MQ
MFD09671.bin.2.42	3140000	MQ
MFD09671.bin.2.46	5322389	MQ
MFD09671.bin.2.55	3774023	MQ
MFD09671.bin.2.6	7630435	MQ
MFD09671.bin.2.63	3326079	MQ
MFD09671.bin.2.66	3752090	MQ
MFD09671.bin.2.67	3473791	MQ
MFD09671.bin.2.69	3510124	MQ
MFD09671.bin.2.72	4006545	MQ
MFD09671.bin.2.76	6273836	MQ
MFD09671.bin.2.77	4040789	MQ
MFD09671.bin.2.78	3140742	MQ
MFD09671.bin.2.79	4005999	MQ
MFD09671.bin.2.8	3634646	MQ
MFD09671.bin.2.80	3410497	MQ
MFD09671.bin.2.81	3669549	MQ
MFD09671.bin.2.82	5304851	MQ
MFD09671.bin.2.83	6957651	MQ
MFD09671.bin.2.84	2800893	MQ
MFD09671.bin.2.85	4877740	MQ
MFD09671.bin.2.87	3882907	MQ
MFD09671.bin.2.88	4006570	MQ
MFD09671.bin.2.90	3829858	MQ
MFD09671.bin.2.91	3022833	MQ
MFD09671.bin.2.92	5550235	MQ
MFD09671.bin.2.94	3304922	MQ
MFD09671.bin.2.96	3840336	MQ
MFD09671.bin.2.98	4408765	MQ
MFD09671.bin.2.99	3778919	MQ
MFD09671.bin.3.108	5322261	MQ
MFD09671.bin.3.137	1187253	MQ
MFD09671.bin.3.142	5748696	MQ
MFD09671.bin.3.178	4876935	MQ
MFD09671.bin.3.189	5946123	MQ
MFD09671.bin.3.199	5710614	MQ
MFD09671.bin.3.206	7714736	MQ
MFD09671.bin.3.22	3594746	MQ
MFD09671.bin.3.245	5038788	MQ
MFD09671.bin.3.246	3845733	MQ
MFD09671.bin.3.249	4196710	MQ
MFD09671.bin.3.290	4063349	MQ
MFD09671.bin.3.297	3261052	MQ
MFD09671.bin.3.303	5071753	MQ
MFD09671.bin.3.309	4639638	MQ
MFD09671.bin.3.315	3985441	MQ
MFD09671.bin.3.4	1506208	MQ
MFD09671.bin.3.41	6437886	MQ
MFD09671.bin.3.58	5731890	MQ
MFD09671.bin.3.6	2050460	MQ
MFD09671.bin.3.64	7525986	MQ
MFD09671.bin.3.67	13496508	MQ
MFD09671.bin.4.10	8535959	MQ
MFD09671.bin.4.222	3995455	MQ
MFD09730.bin.2.10	4628620	MQ
MFD09730.bin.2.102	3532592	MQ
MFD09730.bin.2.106	2850985	MQ
MFD09730.bin.2.107	3509151	MQ
MFD09730.bin.2.108	3875274	MQ
MFD09730.bin.2.109	3301843	MQ
MFD09730.bin.2.11	4560492	MQ
MFD09730.bin.2.110	4616623	MQ
MFD09730.bin.2.111	4706882	MQ
MFD09730.bin.2.112	6382605	MQ
MFD09730.bin.2.116	4948503	MQ
MFD09730.bin.2.123	3936085	MQ
MFD09730.bin.2.125	4565187	MQ
MFD09730.bin.2.126	2793669	MQ
MFD09730.bin.2.127	2563879	MQ
MFD09730.bin.2.128	3440352	MQ
MFD09730.bin.2.131	3065151	MQ
MFD09730.bin.2.132	3806240	MQ
MFD09730.bin.2.133	4195362	MQ
MFD09730.bin.2.138	2884835	MQ
MFD09730.bin.2.14	2382410	MQ
MFD09730.bin.2.140	3575716	MQ
MFD09730.bin.2.141	2917742	MQ
MFD09730.bin.2.143	3561430	MQ
MFD09730.bin.2.144	5572474	MQ
MFD09730.bin.2.145	4017582	MQ
MFD09730.bin.2.147	4548108	MQ
MFD09730.bin.2.148	4052948	MQ
MFD09730.bin.2.15	4886229	MQ
MFD09730.bin.2.153	6197653	MQ
MFD09730.bin.2.158	3422455	MQ
MFD09730.bin.2.16	3993682	MQ
MFD09730.bin.2.161	1860849	MQ
MFD09730.bin.2.164	4408703	MQ
MFD09730.bin.2.167	3523524	MQ
MFD09730.bin.2.168	4135800	MQ
MFD09730.bin.2.17	3326388	MQ
MFD09730.bin.2.170	3423608	MQ
MFD09730.bin.2.171	7032948	MQ
MFD09730.bin.2.172	6484426	MQ
MFD09730.bin.2.18	2310090	MQ
MFD09730.bin.2.180	9053655	MQ
MFD09730.bin.2.181	5591792	MQ
MFD09730.bin.2.187	3212167	MQ
MFD09730.bin.2.19	3911006	MQ
MFD09730.bin.2.192	4516657	MQ
MFD09730.bin.2.194	3359686	MQ
MFD09730.bin.2.20	3046356	MQ
MFD09730.bin.2.23	3895875	MQ
MFD09730.bin.2.24	4942453	MQ
MFD09730.bin.2.29	4742358	MQ
MFD09730.bin.2.32	7527125	MQ
MFD09730.bin.2.34	3953374	MQ
MFD09730.bin.2.35	3789511	MQ
MFD09730.bin.2.36	2552312	MQ
MFD09730.bin.2.39	3596377	MQ
MFD09730.bin.2.41	5400533	MQ
MFD09730.bin.2.43	3649772	MQ
MFD09730.bin.2.45	3660144	MQ
MFD09730.bin.2.47	5974561	MQ
MFD09730.bin.2.49	3534238	MQ
MFD09730.bin.2.50	3236338	MQ
MFD09730.bin.2.52	3495717	MQ
MFD09730.bin.2.53	5223372	MQ
MFD09730.bin.2.54	4242275	MQ
MFD09730.bin.2.57	3114994	MQ
MFD09730.bin.2.61	3608846	MQ
MFD09730.bin.2.64	4304252	MQ
MFD09730.bin.2.67	4892325	MQ
MFD09730.bin.2.68	2429154	MQ
MFD09730.bin.2.70	1556572	MQ
MFD09730.bin.2.77	2767076	MQ
MFD09730.bin.2.80	3447002	MQ
MFD09730.bin.2.84	4492632	MQ
MFD09730.bin.2.86	3603846	MQ
MFD09730.bin.2.88	3565015	MQ
MFD09730.bin.2.97	3060354	MQ
MFD09730.bin.2.99	4061215	MQ
MFD09730.bin.3.100	4179881	MQ
MFD09730.bin.3.121	4092321	MQ
MFD09730.bin.3.152	5155592	MQ
MFD09730.bin.3.172	3007658	MQ
MFD09730.bin.3.219	1698444	MQ
MFD09730.bin.3.244	3945770	MQ
MFD09730.bin.3.255	4165630	MQ
MFD09730.bin.3.281	3756231	MQ
MFD09730.bin.3.316	3587687	MQ
MFD09730.bin.3.337	4068682	MQ
MFD09730.bin.3.34	3468199	MQ
MFD09730.bin.3.37	4513816	MQ
MFD09730.bin.3.75	3494390	MQ
MFD09730.bin.3.85	2852049	MQ
MFD09730.bin.4.145	4472823	MQ
MFD09730.bin.4.339	7191591	MQ
MFD09730.bin.4.67	4979323	MQ
MFD09779.bin.1.206	4298632	MQ
MFD09779.bin.1.214	4414230	MQ
MFD09779.bin.1.217	2624444	MQ
MFD09779.bin.1.236	3916111	MQ
MFD09779.bin.1.290	3274367	MQ
MFD09779.bin.1.333	5194610	MQ
MFD09779.bin.1.334	3164829	MQ
MFD09779.bin.1.35	3509251	MQ
MFD09779.bin.2.10	3641479	MQ
MFD09779.bin.2.107	4586020	MQ
MFD09779.bin.2.118	3824411	MQ
MFD09779.bin.2.122	2497143	MQ
MFD09779.bin.2.128	3921522	MQ
MFD09779.bin.2.131	5668625	MQ
MFD09779.bin.2.135	2813983	MQ
MFD09779.bin.2.137	3346409	MQ
MFD09779.bin.2.14	2271958	MQ
MFD09779.bin.2.140	3215078	MQ
MFD09779.bin.2.141	5329304	MQ
MFD09779.bin.2.144	5853587	MQ
MFD09779.bin.2.146	2555148	MQ
MFD09779.bin.2.149	3239496	MQ
MFD09779.bin.2.150	12349876	MQ
MFD09779.bin.2.151	2473865	MQ
MFD09779.bin.2.16	3573889	MQ
MFD09779.bin.2.162	5117434	MQ
MFD09779.bin.2.163	3707903	MQ
MFD09779.bin.2.165	3541451	MQ
MFD09779.bin.2.167	5369221	MQ
MFD09779.bin.2.168	3947286	MQ
MFD09779.bin.2.169	2522976	MQ
MFD09779.bin.2.170	6342509	MQ
MFD09779.bin.2.171	8542502	MQ
MFD09779.bin.2.172	5468724	MQ
MFD09779.bin.2.173	3418740	MQ
MFD09779.bin.2.174	2348117	MQ
MFD09779.bin.2.175	3835189	MQ
MFD09779.bin.2.176	2317821	MQ
MFD09779.bin.2.177	2724528	MQ
MFD09779.bin.2.179	4640252	MQ
MFD09779.bin.2.18	6383743	MQ
MFD09779.bin.2.180	3480629	MQ
MFD09779.bin.2.182	5351056	MQ
MFD09779.bin.2.185	6328432	MQ
MFD09779.bin.2.186	5979228	MQ
MFD09779.bin.2.188	3922353	MQ
MFD09779.bin.2.190	3339397	MQ
MFD09779.bin.2.191	4288639	MQ
MFD09779.bin.2.192	2868150	MQ
MFD09779.bin.2.194	4703697	MQ
MFD09779.bin.2.195	4118591	MQ
MFD09779.bin.2.196	7133914	MQ
MFD09779.bin.2.197	5075978	MQ
MFD09779.bin.2.198	3627395	MQ
MFD09779.bin.2.199	5481262	MQ
MFD09779.bin.2.2	3257968	MQ
MFD09779.bin.2.20	3428038	MQ
MFD09779.bin.2.200	4512654	MQ
MFD09779.bin.2.201	3629781	MQ
MFD09779.bin.2.202	3984773	MQ
MFD09779.bin.2.203	3167102	MQ
MFD09779.bin.2.206	4704528	MQ
MFD09779.bin.2.207	2506097	MQ
MFD09779.bin.2.210	4217372	MQ
MFD09779.bin.2.211	2399807	MQ
MFD09779.bin.2.214	7614287	MQ
MFD09779.bin.2.216	10742530	MQ
MFD09779.bin.2.217	3142239	MQ
MFD09779.bin.2.218	3588436	MQ
MFD09779.bin.2.219	6554241	MQ
MFD09779.bin.2.222	5131163	MQ
MFD09779.bin.2.225	3613633	MQ
MFD09779.bin.2.226	3903946	MQ
MFD09779.bin.2.228	4607529	MQ
MFD09779.bin.2.231	5017334	MQ
MFD09779.bin.2.233	3303993	MQ
MFD09779.bin.2.234	3890542	MQ
MFD09779.bin.2.236	2993203	MQ
MFD09779.bin.2.237	4088635	MQ
MFD09779.bin.2.240	4402014	MQ
MFD09779.bin.2.242	4251605	MQ
MFD09779.bin.2.244	3580555	MQ
MFD09779.bin.2.246	2727731	MQ
MFD09779.bin.2.248	3912571	MQ
MFD09779.bin.2.249	3622467	MQ
MFD09779.bin.2.253	3037188	MQ
MFD09779.bin.2.254	3666013	MQ
MFD09779.bin.2.255	3763028	MQ
MFD09779.bin.2.256	3442565	MQ
MFD09779.bin.2.257	3557549	MQ
MFD09779.bin.2.259	4771167	MQ
MFD09779.bin.2.26	2556177	MQ
MFD09779.bin.2.260	5211026	MQ
MFD09779.bin.2.28	3164909	MQ
MFD09779.bin.2.29	3275557	MQ
MFD09779.bin.2.3	5527927	MQ
MFD09779.bin.2.30	2940008	MQ
MFD09779.bin.2.31	6219515	MQ
MFD09779.bin.2.32	4088598	MQ
MFD09779.bin.2.33	2451304	MQ
MFD09779.bin.2.34	3830168	MQ
MFD09779.bin.2.36	5737747	MQ
MFD09779.bin.2.38	5416658	MQ
MFD09779.bin.2.39	3026594	MQ
MFD09779.bin.2.4	2945521	MQ
MFD09779.bin.2.42	5758064	MQ
MFD09779.bin.2.43	3921650	MQ
MFD09779.bin.2.46	3684881	MQ
MFD09779.bin.2.47	3280071	MQ
MFD09779.bin.2.50	3660923	MQ
MFD09779.bin.2.51	4280535	MQ
MFD09779.bin.2.52	3592078	MQ
MFD09779.bin.2.53	4335351	MQ
MFD09779.bin.2.54	2588495	MQ
MFD09779.bin.2.55	3192693	MQ
MFD09779.bin.2.56	8697529	MQ
MFD09779.bin.2.57	2767900	MQ
MFD09779.bin.2.58	3851476	MQ
MFD09779.bin.2.61	5486676	MQ
MFD09779.bin.2.64	2327280	MQ
MFD09779.bin.2.66	6090871	MQ
MFD09779.bin.2.67	4778456	MQ
MFD09779.bin.2.71	2077068	MQ
MFD09779.bin.2.73	5692117	MQ
MFD09779.bin.2.77	4982885	MQ
MFD09779.bin.2.78	2389167	MQ
MFD09779.bin.2.8	3363949	MQ
MFD09779.bin.2.80	6927651	MQ
MFD09779.bin.2.82	4543246	MQ
MFD09779.bin.2.83	2286039	MQ
MFD09779.bin.2.87	4625121	MQ
MFD09779.bin.2.89	5924316	MQ
MFD09779.bin.2.9	3022829	MQ
MFD09779.bin.2.91	5287125	MQ
MFD09779.bin.2.93	4828213	MQ
MFD09779.bin.2.94	7759971	MQ
MFD09779.bin.2.97	2651312	MQ
MFD09779.bin.3.106	2686130	MQ
MFD09779.bin.3.137	3505224	MQ
MFD09779.bin.3.15	5485282	MQ
MFD09779.bin.3.159	4772001	MQ
MFD09779.bin.3.162	6132876	MQ
MFD09779.bin.3.176	5423402	MQ
MFD09779.bin.3.209	4900152	MQ
MFD09779.bin.3.231	6819515	MQ
MFD09779.bin.3.232	3033243	MQ
MFD09779.bin.3.236	2523105	MQ
MFD09779.bin.3.245	2045775	MQ
MFD09779.bin.3.249	2309238	MQ
MFD09779.bin.3.295	2096477	MQ
MFD09779.bin.3.296	1344985	MQ
MFD09779.bin.3.299	3690757	MQ
MFD09779.bin.3.305	5631737	MQ
MFD09779.bin.3.322	3110389	MQ
MFD09779.bin.3.343	4631058	MQ
MFD09779.bin.3.373	3758233	MQ
MFD09779.bin.3.381	4291679	MQ
MFD09779.bin.3.39	4284324	MQ
MFD09779.bin.3.409	2170447	MQ
MFD09779.bin.3.41	3586633	MQ
MFD09779.bin.3.410	2383195	MQ
MFD09779.bin.3.420	3361765	MQ
MFD09779.bin.3.436	3730891	MQ
MFD09779.bin.3.441	4732327	MQ
MFD09779.bin.3.464	3319898	MQ
MFD09779.bin.3.474	2637202	MQ
MFD09779.bin.3.497	5562052	MQ
MFD09779.bin.3.68	2257411	MQ
MFD09779.bin.4.73	1576709	MQ
MFD09848.bin.2.101	3939476	MQ
MFD09848.bin.2.104	4723909	MQ
MFD09848.bin.2.105	3014753	MQ
MFD09848.bin.2.106	3795520	MQ
MFD09848.bin.2.108	3499625	MQ
MFD09848.bin.2.112	5709461	MQ
MFD09848.bin.2.114	4953680	MQ
MFD09848.bin.2.119	4087373	MQ
MFD09848.bin.2.12	7001639	MQ
MFD09848.bin.2.17	2018892	MQ
MFD09848.bin.2.19	3243119	MQ
MFD09848.bin.2.23	2786380	MQ
MFD09848.bin.2.28	3448865	MQ
MFD09848.bin.2.30	4050057	MQ
MFD09848.bin.2.4	4495590	MQ
MFD09848.bin.2.42	7498585	MQ
MFD09848.bin.2.44	3357465	MQ
MFD09848.bin.2.47	3621139	MQ
MFD09848.bin.2.53	8095454	MQ
MFD09848.bin.2.54	3699673	MQ
MFD09848.bin.2.59	1869770	MQ
MFD09848.bin.2.6	2469604	MQ
MFD09848.bin.2.68	1996694	MQ
MFD09848.bin.2.72	2988003	MQ
MFD09848.bin.2.80	3270417	MQ
MFD09848.bin.2.88	8404426	MQ
MFD09848.bin.2.89	3261509	MQ
MFD09848.bin.2.92	5424856	MQ
MFD09848.bin.2.94	3975557	MQ
MFD09848.bin.2.96	3718374	MQ
MFD09848.bin.2.99	7482540	MQ
MFD09848.bin.3.153	2995793	MQ
MFD09848.bin.3.17	3508806	MQ
MFD09848.bin.3.172	4126250	MQ
MFD09848.bin.3.263	3751629	MQ
MFD09848.bin.3.304	8393249	MQ
MFD09848.bin.3.44	3389879	MQ
MFD09848.bin.3.93	4447271	MQ
MFD09848.bin.3.94	3229197	MQ
MFD09848.bin.4.36	3559241	MQ
MFD09964.bin.1.137	7439309	MQ
MFD09964.bin.1.219	2740168	MQ
MFD09964.bin.1.237	3341917	MQ
MFD09964.bin.1.338	5040110	MQ
MFD09964.bin.1.372	4077452	MQ
MFD09964.bin.1.38	2694329	MQ
MFD09964.bin.1.39	4397409	MQ
MFD09964.bin.1.75	2576467	MQ
MFD09964.bin.2.1	3036286	MQ
MFD09964.bin.2.102	3115730	MQ
MFD09964.bin.2.103	2528332	MQ
MFD09964.bin.2.105	1674758	MQ
MFD09964.bin.2.108	4781808	MQ
MFD09964.bin.2.110	4490065	MQ
MFD09964.bin.2.116	2849522	MQ
MFD09964.bin.2.119	5147255	MQ
MFD09964.bin.2.12	3769941	MQ
MFD09964.bin.2.124	2506639	MQ
MFD09964.bin.2.127	2471054	MQ
MFD09964.bin.2.131	5194199	MQ
MFD09964.bin.2.132	2974327	MQ
MFD09964.bin.2.136	3438015	MQ
MFD09964.bin.2.137	2803538	MQ
MFD09964.bin.2.14	5012527	MQ
MFD09964.bin.2.140	2618255	MQ
MFD09964.bin.2.142	3082137	MQ
MFD09964.bin.2.145	4113777	MQ
MFD09964.bin.2.149	2991120	MQ
MFD09964.bin.2.15	3129801	MQ
MFD09964.bin.2.150	3063160	MQ
MFD09964.bin.2.151	3588676	MQ
MFD09964.bin.2.153	5245107	MQ
MFD09964.bin.2.154	4588685	MQ
MFD09964.bin.2.155	3907519	MQ
MFD09964.bin.2.156	3631248	MQ
MFD09964.bin.2.157	4359371	MQ
MFD09964.bin.2.159	2637849	MQ
MFD09964.bin.2.160	4344276	MQ
MFD09964.bin.2.161	4665716	MQ
MFD09964.bin.2.163	4927006	MQ
MFD09964.bin.2.167	4123956	MQ
MFD09964.bin.2.168	3956317	MQ
MFD09964.bin.2.17	3060043	MQ
MFD09964.bin.2.170	3814441	MQ
MFD09964.bin.2.171	3777955	MQ
MFD09964.bin.2.176	3566402	MQ
MFD09964.bin.2.179	2515284	MQ
MFD09964.bin.2.180	3805489	MQ
MFD09964.bin.2.182	2610817	MQ
MFD09964.bin.2.183	3916896	MQ
MFD09964.bin.2.189	3268180	MQ
MFD09964.bin.2.192	2895445	MQ
MFD09964.bin.2.193	4909995	MQ
MFD09964.bin.2.197	5570292	MQ
MFD09964.bin.2.198	5450934	MQ
MFD09964.bin.2.199	4150015	MQ
MFD09964.bin.2.20	4661761	MQ
MFD09964.bin.2.200	3217402	MQ
MFD09964.bin.2.201	3997525	MQ
MFD09964.bin.2.204	4133291	MQ
MFD09964.bin.2.205	3700180	MQ
MFD09964.bin.2.208	7051438	MQ
MFD09964.bin.2.209	5108966	MQ
MFD09964.bin.2.211	3986467	MQ
MFD09964.bin.2.212	4681538	MQ
MFD09964.bin.2.214	6198975	MQ
MFD09964.bin.2.216	3789867	MQ
MFD09964.bin.2.219	5168553	MQ
MFD09964.bin.2.220	2948671	MQ
MFD09964.bin.2.221	3299998	MQ
MFD09964.bin.2.222	7886190	MQ
MFD09964.bin.2.223	2145427	MQ
MFD09964.bin.2.226	4308047	MQ
MFD09964.bin.2.227	4718701	MQ
MFD09964.bin.2.228	3652251	MQ
MFD09964.bin.2.229	4201181	MQ
MFD09964.bin.2.23	3642907	MQ
MFD09964.bin.2.230	3753648	MQ
MFD09964.bin.2.231	5565707	MQ
MFD09964.bin.2.232	4550329	MQ
MFD09964.bin.2.233	2618587	MQ
MFD09964.bin.2.234	7671052	MQ
MFD09964.bin.2.238	1901110	MQ
MFD09964.bin.2.239	3330535	MQ
MFD09964.bin.2.24	3396453	MQ
MFD09964.bin.2.240	3512425	MQ
MFD09964.bin.2.241	3451861	MQ
MFD09964.bin.2.242	4170312	MQ
MFD09964.bin.2.243	2467536	MQ
MFD09964.bin.2.244	5021715	MQ
MFD09964.bin.2.246	4520308	MQ
MFD09964.bin.2.248	9306630	MQ
MFD09964.bin.2.249	3346384	MQ
MFD09964.bin.2.251	4211751	MQ
MFD09964.bin.2.252	4679375	MQ
MFD09964.bin.2.256	2936289	MQ
MFD09964.bin.2.259	3869514	MQ
MFD09964.bin.2.26	8097968	MQ
MFD09964.bin.2.262	3869560	MQ
MFD09964.bin.2.263	2697845	MQ
MFD09964.bin.2.264	3431439	MQ
MFD09964.bin.2.265	3610828	MQ
MFD09964.bin.2.266	2597999	MQ
MFD09964.bin.2.268	4208849	MQ
MFD09964.bin.2.27	5696867	MQ
MFD09964.bin.2.270	2646259	MQ
MFD09964.bin.2.274	2658855	MQ
MFD09964.bin.2.275	5989995	MQ
MFD09964.bin.2.277	2953258	MQ
MFD09964.bin.2.29	2902797	MQ
MFD09964.bin.2.31	2779469	MQ
MFD09964.bin.2.35	2641144	MQ
MFD09964.bin.2.36	4264714	MQ
MFD09964.bin.2.39	6510233	MQ
MFD09964.bin.2.4	6071529	MQ
MFD09964.bin.2.42	4372990	MQ
MFD09964.bin.2.44	5410727	MQ
MFD09964.bin.2.45	4633541	MQ
MFD09964.bin.2.46	4995686	MQ
MFD09964.bin.2.47	2389492	MQ
MFD09964.bin.2.5	3369806	MQ
MFD09964.bin.2.52	3581680	MQ
MFD09964.bin.2.53	3468297	MQ
MFD09964.bin.2.54	5269987	MQ
MFD09964.bin.2.55	1889307	MQ
MFD09964.bin.2.57	3416823	MQ
MFD09964.bin.2.58	5815845	MQ
MFD09964.bin.2.59	5624388	MQ
MFD09964.bin.2.6	6441421	MQ
MFD09964.bin.2.60	2964142	MQ
MFD09964.bin.2.61	2509861	MQ
MFD09964.bin.2.62	3109124	MQ
MFD09964.bin.2.63	2689049	MQ
MFD09964.bin.2.65	2487973	MQ
MFD09964.bin.2.67	3171064	MQ
MFD09964.bin.2.68	2508072	MQ
MFD09964.bin.2.69	4024078	MQ
MFD09964.bin.2.7	11258707	MQ
MFD09964.bin.2.70	4441961	MQ
MFD09964.bin.2.71	4695250	MQ
MFD09964.bin.2.74	3783995	MQ
MFD09964.bin.2.75	3510739	MQ
MFD09964.bin.2.76	5063709	MQ
MFD09964.bin.2.77	3296797	MQ
MFD09964.bin.2.79	3660569	MQ
MFD09964.bin.2.81	3421140	MQ
MFD09964.bin.2.82	8734074	MQ
MFD09964.bin.2.83	10685900	MQ
MFD09964.bin.2.84	8725901	MQ
MFD09964.bin.2.86	2697608	MQ
MFD09964.bin.2.87	5264794	MQ
MFD09964.bin.2.88	5734985	MQ
MFD09964.bin.2.89	4088559	MQ
MFD09964.bin.2.9	3742722	MQ
MFD09964.bin.2.92	1682685	MQ
MFD09964.bin.2.95	4359224	MQ
MFD09964.bin.2.97	2879571	MQ
MFD09964.bin.2.98	3243218	MQ
MFD09964.bin.2.99	4184485	MQ
MFD09964.bin.3.150	2679239	MQ
MFD09964.bin.3.171	3778446	MQ
MFD09964.bin.3.18	4361718	MQ
MFD09964.bin.3.206	2462181	MQ
MFD09964.bin.3.223	3659116	MQ
MFD09964.bin.3.264	4326758	MQ
MFD09964.bin.3.265	4075601	MQ
MFD09964.bin.3.267	3645788	MQ
MFD09964.bin.3.278	2442164	MQ
MFD09964.bin.3.281	4823804	MQ
MFD09964.bin.3.283	2406903	MQ
MFD09964.bin.3.287	2136160	MQ
MFD09964.bin.3.354	1697929	MQ
MFD09964.bin.3.365	9354298	MQ
MFD09964.bin.3.386	3056977	MQ
MFD09964.bin.3.395	1396336	MQ
MFD09964.bin.3.400	3605306	MQ
MFD09964.bin.3.441	3576300	MQ
MFD09964.bin.3.499	2051717	MQ
MFD09964.bin.3.503	2772280	MQ
MFD09964.bin.3.87	2743057	MQ
MFD09964.bin.3.9	1347150	MQ
MFD09964.bin.4.240	3338511	MQ
MFD09964.bin.4.255	12107370	MQ
MFD09964.bin.4.319	3143296	MQ
MFD09964.bin.4.370	5521572	MQ
MFD09964.bin.4.455	2467327	MQ
MFD09964.bin.4.484	3880928	MQ
MFD09964.bin.4.609	4068228	MQ
MFD10007.bin.2.1	4508422	MQ
MFD10007.bin.2.10	2091249	MQ
MFD10007.bin.2.102	5345132	MQ
MFD10007.bin.2.11	4239191	MQ
MFD10007.bin.2.113	2921624	MQ
MFD10007.bin.2.114	3556038	MQ
MFD10007.bin.2.117	3474338	MQ
MFD10007.bin.2.118	5734949	MQ
MFD10007.bin.2.119	2922494	MQ
MFD10007.bin.2.125	3320822	MQ
MFD10007.bin.2.126	4421534	MQ
MFD10007.bin.2.127	5942318	MQ
MFD10007.bin.2.128	3316656	MQ
MFD10007.bin.2.129	5196581	MQ
MFD10007.bin.2.133	2423301	MQ
MFD10007.bin.2.135	2801201	MQ
MFD10007.bin.2.136	3309660	MQ
MFD10007.bin.2.137	2835272	MQ
MFD10007.bin.2.138	2769666	MQ
MFD10007.bin.2.139	2080439	MQ
MFD10007.bin.2.140	7108096	MQ
MFD10007.bin.2.143	6960456	MQ
MFD10007.bin.2.144	2674945	MQ
MFD10007.bin.2.149	3798517	MQ
MFD10007.bin.2.150	2850982	MQ
MFD10007.bin.2.152	4977041	MQ
MFD10007.bin.2.153	2873033	MQ
MFD10007.bin.2.158	4343142	MQ
MFD10007.bin.2.159	3044011	MQ
MFD10007.bin.2.16	6433624	MQ
MFD10007.bin.2.164	6134990	MQ
MFD10007.bin.2.165	3770499	MQ
MFD10007.bin.2.167	4465330	MQ
MFD10007.bin.2.168	5628031	MQ
MFD10007.bin.2.175	3309147	MQ
MFD10007.bin.2.180	2607446	MQ
MFD10007.bin.2.182	3788094	MQ
MFD10007.bin.2.183	2890136	MQ
MFD10007.bin.2.186	7879123	MQ
MFD10007.bin.2.187	2983540	MQ
MFD10007.bin.2.188	4280093	MQ
MFD10007.bin.2.189	2144793	MQ
MFD10007.bin.2.19	3616869	MQ
MFD10007.bin.2.190	2090809	MQ
MFD10007.bin.2.196	8166589	MQ
MFD10007.bin.2.199	3608495	MQ
MFD10007.bin.2.20	5627557	MQ
MFD10007.bin.2.203	3309919	MQ
MFD10007.bin.2.204	6144471	MQ
MFD10007.bin.2.206	3577160	MQ
MFD10007.bin.2.207	4302680	MQ
MFD10007.bin.2.208	2422039	MQ
MFD10007.bin.2.212	3972214	MQ
MFD10007.bin.2.215	4287747	MQ
MFD10007.bin.2.27	3194870	MQ
MFD10007.bin.2.30	5844340	MQ
MFD10007.bin.2.31	2858083	MQ
MFD10007.bin.2.34	2755197	MQ
MFD10007.bin.2.35	2704576	MQ
MFD10007.bin.2.36	4946535	MQ
MFD10007.bin.2.4	6495162	MQ
MFD10007.bin.2.43	4930342	MQ
MFD10007.bin.2.46	3726502	MQ
MFD10007.bin.2.47	2559261	MQ
MFD10007.bin.2.52	5586294	MQ
MFD10007.bin.2.56	5095379	MQ
MFD10007.bin.2.58	3986618	MQ
MFD10007.bin.2.59	4759010	MQ
MFD10007.bin.2.66	3023111	MQ
MFD10007.bin.2.71	4540233	MQ
MFD10007.bin.2.82	4369299	MQ
MFD10007.bin.2.9	2995229	MQ
MFD10007.bin.2.94	8276344	MQ
MFD10007.bin.2.97	7874050	MQ
MFD10007.bin.3.11	4694796	MQ
MFD10007.bin.3.145	5949167	MQ
MFD10007.bin.3.214	3740839	MQ
MFD10007.bin.3.259	4047809	MQ
MFD10007.bin.3.293	2395167	MQ
MFD10007.bin.3.323	5218596	MQ
MFD10007.bin.3.336	4262318	MQ
MFD10007.bin.3.341	7288007	MQ
MFD10007.bin.3.355	4191116	MQ
MFD10007.bin.3.387	3928623	MQ
MFD10007.bin.3.423	2898121	MQ
MFD10007.bin.3.59	2497696	MQ
MFD10007.bin.3.87	6623655	MQ
MFD10007.bin.3.88	3000121	MQ
MFD10007.bin.3.89	3779119	MQ
MFD10043.bin.2.10	3377848	MQ
MFD10043.bin.2.11	3495033	MQ
MFD10043.bin.2.21	2860384	MQ
MFD10043.bin.2.27	2655591	MQ
MFD10043.bin.2.3	5103250	MQ
MFD10043.bin.2.33	2970959	MQ
MFD10043.bin.2.35	2692227	MQ
MFD10043.bin.2.39	2726018	MQ
MFD10043.bin.2.4	3118709	MQ
MFD10043.bin.2.45	5135307	MQ
MFD10043.bin.2.48	3054013	MQ
MFD10043.bin.2.49	5767120	MQ
MFD10043.bin.2.50	3234532	MQ
MFD10043.bin.2.76	8791903	MQ
MFD10043.bin.2.85	4802950	MQ
MFD10043.bin.3.25	3113244	MQ
MFD10043.bin.3.87	2402812	MQ
MFD10043.bin.3.99	2110670	MQ
MFD10064.bin.1.138	3857321	MQ
MFD10064.bin.1.22	4852892	MQ
MFD10064.bin.1.5	4255070	MQ
MFD10064.bin.2.102	2810902	MQ
MFD10064.bin.2.104	1483942	MQ
MFD10064.bin.2.107	9829806	MQ
MFD10064.bin.2.108	1871640	MQ
MFD10064.bin.2.110	3001228	MQ
MFD10064.bin.2.112	3803926	MQ
MFD10064.bin.2.113	3013943	MQ
MFD10064.bin.2.115	4316901	MQ
MFD10064.bin.2.116	4126385	MQ
MFD10064.bin.2.118	4520908	MQ
MFD10064.bin.2.119	4396297	MQ
MFD10064.bin.2.12	2306149	MQ
MFD10064.bin.2.120	3531086	MQ
MFD10064.bin.2.13	6144680	MQ
MFD10064.bin.2.14	4165639	MQ
MFD10064.bin.2.15	5501474	MQ
MFD10064.bin.2.16	4133655	MQ
MFD10064.bin.2.18	6129080	MQ
MFD10064.bin.2.2	4174885	MQ
MFD10064.bin.2.20	2809851	MQ
MFD10064.bin.2.21	5403050	MQ
MFD10064.bin.2.22	2790186	MQ
MFD10064.bin.2.23	3442805	MQ
MFD10064.bin.2.25	5432193	MQ
MFD10064.bin.2.28	4364035	MQ
MFD10064.bin.2.30	6098541	MQ
MFD10064.bin.2.32	3976850	MQ
MFD10064.bin.2.33	9078127	MQ
MFD10064.bin.2.41	4766310	MQ
MFD10064.bin.2.45	8936283	MQ
MFD10064.bin.2.48	4123881	MQ
MFD10064.bin.2.53	5151154	MQ
MFD10064.bin.2.54	8409531	MQ
MFD10064.bin.2.56	5760743	MQ
MFD10064.bin.2.57	6410323	MQ
MFD10064.bin.2.61	6122137	MQ
MFD10064.bin.2.62	7497793	MQ
MFD10064.bin.2.63	6755442	MQ
MFD10064.bin.2.65	6218260	MQ
MFD10064.bin.2.66	2091037	MQ
MFD10064.bin.2.68	5591215	MQ
MFD10064.bin.2.71	4195646	MQ
MFD10064.bin.2.72	4338624	MQ
MFD10064.bin.2.73	4649212	MQ
MFD10064.bin.2.75	5620858	MQ
MFD10064.bin.2.77	2514882	MQ
MFD10064.bin.2.79	4785543	MQ
MFD10064.bin.2.8	2733675	MQ
MFD10064.bin.2.80	3520809	MQ
MFD10064.bin.2.84	4912589	MQ
MFD10064.bin.2.86	4011078	MQ
MFD10064.bin.2.87	4204773	MQ
MFD10064.bin.2.89	5187445	MQ
MFD10064.bin.2.91	4985275	MQ
MFD10064.bin.2.92	8473310	MQ
MFD10064.bin.2.93	3951365	MQ
MFD10064.bin.2.94	3671690	MQ
MFD10064.bin.2.95	7502176	MQ
MFD10064.bin.2.98	2795028	MQ
MFD10064.bin.3.130	4793563	MQ
MFD10064.bin.3.15	2462796	MQ
MFD10064.bin.3.163	6436011	MQ
MFD10064.bin.3.50	2767477	MQ
MFD10064.bin.3.58	3315777	MQ
MFD10064.bin.3.75	5286961	MQ
MFD10064.bin.4.34	4094904	MQ
MFD10064.bin.4.41	5193607	MQ
MFD10064.bin.4.64	3846691	MQ
MFD10071.bin.1.63	4363025	MQ
MFD10071.bin.2.106	2934888	MQ
MFD10071.bin.2.108	5318394	MQ
MFD10071.bin.2.117	4780570	MQ
MFD10071.bin.2.18	2914936	MQ
MFD10071.bin.2.24	4691534	MQ
MFD10071.bin.2.32	4494772	MQ
MFD10071.bin.2.44	4362064	MQ
MFD10071.bin.2.47	9472780	MQ
MFD10071.bin.2.51	6610993	MQ
MFD10071.bin.2.53	6305808	MQ
MFD10071.bin.2.55	7644006	MQ
MFD10071.bin.2.60	4459545	MQ
MFD10071.bin.2.66	3937514	MQ
MFD10071.bin.2.74	4397206	MQ
MFD10071.bin.2.78	7027889	MQ
MFD10071.bin.2.8	3950224	MQ
MFD10071.bin.2.80	6801728	MQ
MFD10071.bin.2.84	5566889	MQ
MFD10071.bin.2.96	3256756	MQ
MFD10071.bin.3.205	3260992	MQ
MFD10071.bin.3.36	4317378	MQ
MFD10071.bin.4.152	6118599	MQ
MFD10071.bin.4.177	2742330	MQ
MFD10071.bin.4.224	4015249	MQ
MFD10097.bin.1.1	2713334	MQ
MFD10097.bin.1.2	2505868	MQ
MFD10097.bin.1.20	3543658	MQ
MFD10097.bin.1.22	4782846	MQ
MFD10097.bin.1.30	2793402	MQ
MFD10097.bin.1.33	2983279	MQ
MFD10097.bin.1.9	3655000	MQ
MFD10097.bin.2.1	5657395	MQ
MFD10097.bin.2.10	1939685	MQ
MFD10097.bin.2.12	2626142	MQ
MFD10097.bin.2.13	1888292	MQ
MFD10097.bin.2.14	5301219	MQ
MFD10097.bin.2.15	1608838	MQ
MFD10097.bin.2.18	3044998	MQ
MFD10097.bin.2.19	2982177	MQ
MFD10097.bin.2.2	4023257	MQ
MFD10097.bin.2.21	7731414	MQ
MFD10097.bin.2.22	1873598	MQ
MFD10097.bin.2.25	4035335	MQ
MFD10097.bin.2.26	3233485	MQ
MFD10097.bin.2.4	3020784	MQ
MFD10097.bin.2.7	2452688	MQ
MFD10097.bin.2.8	2356186	MQ
MFD10097.bin.2.9	1796865	MQ
MFD10097.bin.3.10	1972056	MQ
MFD10097.bin.3.13	2073476	MQ
MFD10097.bin.3.18	1341288	MQ
MFD10097.bin.3.34	3605466	MQ
MFD10097.bin.3.44	2519405	MQ
MFD10097.bin.3.8	2396852	MQ
MFD10097.bin.3.9	1615201	MQ
MFD10113.bin.2.104	3659294	MQ
MFD10113.bin.2.105	3673613	MQ
MFD10113.bin.2.107	5456572	MQ
MFD10113.bin.2.113	3509957	MQ
MFD10113.bin.2.114	5799079	MQ
MFD10113.bin.2.119	2877788	MQ
MFD10113.bin.2.12	4787814	MQ
MFD10113.bin.2.120	3865837	MQ
MFD10113.bin.2.121	4898334	MQ
MFD10113.bin.2.122	4525385	MQ
MFD10113.bin.2.123	3396807	MQ
MFD10113.bin.2.125	2549331	MQ
MFD10113.bin.2.13	2913133	MQ
MFD10113.bin.2.131	3323667	MQ
MFD10113.bin.2.132	4169036	MQ
MFD10113.bin.2.138	7390401	MQ
MFD10113.bin.2.144	5096476	MQ
MFD10113.bin.2.145	7687606	MQ
MFD10113.bin.2.15	5157976	MQ
MFD10113.bin.2.151	2549469	MQ
MFD10113.bin.2.158	3307256	MQ
MFD10113.bin.2.159	4251584	MQ
MFD10113.bin.2.16	3774520	MQ
MFD10113.bin.2.160	3303686	MQ
MFD10113.bin.2.163	3590706	MQ
MFD10113.bin.2.17	6387503	MQ
MFD10113.bin.2.172	2616806	MQ
MFD10113.bin.2.174	4852145	MQ
MFD10113.bin.2.175	3602881	MQ
MFD10113.bin.2.178	4633659	MQ
MFD10113.bin.2.179	3542805	MQ
MFD10113.bin.2.18	3683587	MQ
MFD10113.bin.2.184	5635018	MQ
MFD10113.bin.2.189	3578701	MQ
MFD10113.bin.2.191	6182826	MQ
MFD10113.bin.2.197	4549252	MQ
MFD10113.bin.2.198	8100681	MQ
MFD10113.bin.2.199	6950036	MQ
MFD10113.bin.2.200	3456728	MQ
MFD10113.bin.2.201	3319699	MQ
MFD10113.bin.2.202	3952315	MQ
MFD10113.bin.2.204	2868220	MQ
MFD10113.bin.2.205	3681423	MQ
MFD10113.bin.2.21	4969202	MQ
MFD10113.bin.2.24	2788248	MQ
MFD10113.bin.2.25	4379491	MQ
MFD10113.bin.2.28	2560926	MQ
MFD10113.bin.2.3	3632604	MQ
MFD10113.bin.2.30	2987221	MQ
MFD10113.bin.2.31	4253328	MQ
MFD10113.bin.2.32	2813024	MQ
MFD10113.bin.2.33	3379502	MQ
MFD10113.bin.2.34	3234816	MQ
MFD10113.bin.2.37	3372052	MQ
MFD10113.bin.2.39	3400434	MQ
MFD10113.bin.2.41	3342459	MQ
MFD10113.bin.2.42	3926701	MQ
MFD10113.bin.2.45	3206212	MQ
MFD10113.bin.2.47	4312784	MQ
MFD10113.bin.2.49	3046978	MQ
MFD10113.bin.2.52	5519306	MQ
MFD10113.bin.2.53	3464197	MQ
MFD10113.bin.2.55	3372516	MQ
MFD10113.bin.2.56	4331472	MQ
MFD10113.bin.2.58	3852341	MQ
MFD10113.bin.2.60	3447393	MQ
MFD10113.bin.2.61	4057023	MQ
MFD10113.bin.2.70	4823831	MQ
MFD10113.bin.2.75	3746961	MQ
MFD10113.bin.2.86	3857075	MQ
MFD10113.bin.2.98	4466141	MQ
MFD10113.bin.3.119	3280018	MQ
MFD10113.bin.3.134	3315851	MQ
MFD10113.bin.3.139	2887409	MQ
MFD10113.bin.3.154	4128296	MQ
MFD10113.bin.3.240	5529665	MQ
MFD10113.bin.3.264	2589238	MQ
MFD10113.bin.3.285	4077941	MQ
MFD10113.bin.3.397	2630219	MQ
MFD10113.bin.3.423	2704364	MQ
MFD10113.bin.3.468	3489018	MQ
MFD10113.bin.3.495	4222247	MQ
MFD10113.bin.3.514	2979016	MQ
MFD10113.bin.3.520	3564754	MQ
MFD10113.bin.3.547	3464092	MQ
MFD10113.bin.3.55	2978561	MQ
MFD10113.bin.3.65	3853310	MQ
MFD10113.bin.4.205	3951684	MQ
MFD10113.bin.4.266	4245937	MQ
MFD00008.bin.2.14	2052255	MQ
MFD00008.bin.2.157	2245486	MQ
MFD00008.bin.2.88	2129066	MQ
MFD00008.bin.2.90	3127762	MQ
MFD00008.bin.3.129	2657450	MQ
MFD00031.bin.2.179	1723509	MQ
MFD00031.bin.2.47	6177410	MQ
MFD00032.bin.2.113	1394841	MQ
MFD00032.bin.2.117	1984378	MQ
MFD00032.bin.2.120	1170946	MQ
MFD00032.bin.2.124	1021016	MQ
MFD00032.bin.2.169	2156761	MQ
MFD00032.bin.2.30	2226165	MQ
MFD00032.bin.2.53	1600563	MQ
MFD00032.bin.3.14	1639156	MQ
MFD00072.bin.2.138	4085224	MQ
MFD00392.bin.2.257	3474817	MQ
MFD00392.bin.2.382	2473440	MQ
MFD00709.bin.2.100	1880076	MQ
MFD00709.bin.2.105	2026060	MQ
MFD00709.bin.2.106	2090041	MQ
MFD00709.bin.2.110	2071165	MQ
MFD00709.bin.2.119	2448159	MQ
MFD00709.bin.2.126	1355792	MQ
MFD00709.bin.2.183	1617403	MQ
MFD00709.bin.2.210	1902427	MQ
MFD00709.bin.2.214	1836095	MQ
MFD00709.bin.2.218	1569675	MQ
MFD00709.bin.2.23	2273084	MQ
MFD00709.bin.3.190	1181211	MQ
MFD00709.bin.3.51	1849756	MQ
MFD00905.bin.2.112	2561992	MQ
MFD00905.bin.2.113	3161753	MQ
MFD00905.bin.2.116	1926762	MQ
MFD00905.bin.2.119	1370577	MQ
MFD00905.bin.2.124	1515744	MQ
MFD00905.bin.2.197	1993872	MQ
MFD00905.bin.2.207	2257198	MQ
MFD00905.bin.2.46	2036826	MQ
MFD00905.bin.3.332	1630501	MQ
MFD00905.bin.3.440	1751943	MQ
MFD00991.bin.2.123	6184660	MQ
MFD00991.bin.2.13	1863298	MQ
MFD00991.bin.2.14	2182341	MQ
MFD00991.bin.2.19	3331858	MQ
MFD00991.bin.2.53	2066274	MQ
MFD00991.bin.4.171	2388215	MQ
MFD01112.bin.2.53	763774	MQ
MFD01112.bin.2.61	1570206	MQ
MFD01188.bin.2.105	2667110	MQ
MFD01188.bin.2.21	1675694	MQ
MFD01223.bin.2.83	3945993	MQ
MFD01231.bin.2.71	1487422	MQ
MFD01231.bin.3.50	6964891	MQ
MFD01231.bin.3.58	1598202	MQ
MFD01299.bin.2.10	1941923	MQ
MFD01299.bin.2.100	2491115	MQ
MFD01299.bin.2.101	2248529	MQ
MFD01299.bin.2.103	1169460	MQ
MFD01299.bin.2.105	1032112	MQ
MFD01299.bin.2.167	3683354	MQ
MFD01299.bin.2.173	2708826	MQ
MFD01299.bin.2.19	1747161	MQ
MFD01299.bin.2.199	2554715	MQ
MFD01299.bin.2.21	2149225	MQ
MFD01299.bin.2.33	2865160	MQ
MFD01299.bin.2.37	2302789	MQ
MFD01299.bin.2.43	1990783	MQ
MFD01299.bin.2.50	2123625	MQ
MFD01299.bin.2.82	2124871	MQ
MFD01299.bin.2.83	2220103	MQ
MFD01299.bin.2.89	4205101	MQ
MFD01299.bin.2.98	3668200	MQ
MFD01299.bin.2.99	2076330	MQ
MFD01299.bin.3.215	1067491	MQ
MFD01299.bin.3.370	3397626	MQ
MFD01299.bin.3.410	2678425	MQ
MFD01299.bin.4.239	3354172	MQ
MFD01476.bin.2.11	770398	MQ
MFD01476.bin.2.165	2899610	MQ
MFD01476.bin.2.176	2752879	MQ
MFD01476.bin.2.20	1021613	MQ
MFD01476.bin.2.27	1841357	MQ
MFD01476.bin.2.3	2132460	MQ
MFD01476.bin.2.32	722810	MQ
MFD01476.bin.2.40	2557147	MQ
MFD01476.bin.2.7	4070660	MQ
MFD01476.bin.2.74	2838215	MQ
MFD01476.bin.2.78	2027054	MQ
MFD01476.bin.2.82	2329575	MQ
MFD01476.bin.2.83	2465317	MQ
MFD01476.bin.2.84	1432052	MQ
MFD01476.bin.2.86	2062769	MQ
MFD01476.bin.2.93	1634548	MQ
MFD01476.bin.2.96	664989	MQ
MFD01476.bin.3.211	2124189	MQ
MFD01476.bin.3.39	2968897	MQ
MFD01476.bin.4.277	1291780	MQ
MFD01689.bin.2.62	1461579	MQ
MFD01689.bin.2.81	473029	MQ
MFD01721.bin.2.213	3161584	MQ
MFD01721.bin.2.48	3568199	MQ
MFD01828.bin.2.33	3406390	MQ
MFD01872.bin.1.202	2542052	MQ
MFD01872.bin.2.143	2546011	MQ
MFD01872.bin.2.149	2372469	MQ
MFD01872.bin.2.150	1058941	MQ
MFD01872.bin.2.152	1893842	MQ
MFD01872.bin.2.277	2118507	MQ
MFD01872.bin.2.58	2356872	MQ
MFD01872.bin.2.69	2118454	MQ
MFD01916.bin.2.26	3422325	MQ
MFD01916.bin.2.53	3249595	MQ
MFD01916.bin.2.60	2407945	MQ
MFD02138.bin.1.27	2503392	MQ
MFD02138.bin.2.10	1022915	MQ
MFD02138.bin.2.15	2405703	MQ
MFD02138.bin.2.5	3030566	MQ
MFD02248.bin.2.124	3073301	MQ
MFD02248.bin.2.56	2884337	MQ
MFD02360.bin.2.223	4217653	MQ
MFD02360.bin.3.762	1682687	MQ
MFD02416.bin.1.399	2835923	MQ
MFD02416.bin.2.146	2970234	MQ
MFD02416.bin.2.151	1496295	MQ
MFD02416.bin.2.21	2438819	MQ
MFD02416.bin.2.236	3156988	MQ
MFD02416.bin.2.245	2400669	MQ
MFD02416.bin.2.266	2436033	MQ
MFD02416.bin.2.52	3064097	MQ
MFD02416.bin.3.38	2003301	MQ
MFD02809.bin.2.11	2348562	MQ
MFD02809.bin.2.176	2288322	MQ
MFD02809.bin.2.177	2379758	MQ
MFD02809.bin.2.186	1235109	MQ
MFD02809.bin.2.187	1267247	MQ
MFD02809.bin.2.217	1388805	MQ
MFD02809.bin.2.58	1222970	MQ
MFD02809.bin.2.74	1120677	MQ
MFD02809.bin.3.50	2187408	MQ
MFD02809.bin.4.549	1141939	MQ
MFD02809.bin.4.709	1793369	MQ
MFD02832.bin.2.135	1704485	MQ
MFD02832.bin.4.205	1260261	MQ
MFD02923.bin.1.72	1917470	MQ
MFD02923.bin.2.77	2257982	MQ
MFD02979.bin.2.102	1533198	MQ
MFD02979.bin.2.20	1709681	MQ
MFD02979.bin.2.28	2076363	MQ
MFD02979.bin.2.96	1187945	MQ
MFD02979.bin.2.97	1875134	MQ
MFD02979.bin.2.99	1445787	MQ
MFD03044.bin.2.8	3994528	MQ
MFD03323.bin.2.126	1667965	MQ
MFD03323.bin.2.40	1097984	MQ
MFD03323.bin.3.269	922394	MQ
MFD03399.bin.2.1	2194761	MQ
MFD03399.bin.2.114	1853453	MQ
MFD03399.bin.2.20	1834342	MQ
MFD03399.bin.2.22	2080555	MQ
MFD03726.bin.1.103	2470952	MQ
MFD03726.bin.1.104	2444021	MQ
MFD03726.bin.1.202	2958400	MQ
MFD03726.bin.2.128	1326683	MQ
MFD03726.bin.2.13	695258	MQ
MFD03726.bin.2.137	2599203	MQ
MFD03726.bin.2.157	2081829	MQ
MFD03726.bin.2.16	1333507	MQ
MFD03726.bin.2.165	2034618	MQ
MFD03726.bin.2.171	2091247	MQ
MFD03726.bin.2.21	2105364	MQ
MFD03726.bin.2.37	686710	MQ
MFD03726.bin.2.66	1893845	MQ
MFD03726.bin.2.69	2354056	MQ
MFD03726.bin.2.70	2733369	MQ
MFD03726.bin.2.72	2261021	MQ
MFD03726.bin.2.73	1089394	MQ
MFD03726.bin.2.74	1287187	MQ
MFD03726.bin.2.75	1586848	MQ
MFD03726.bin.2.76	1873904	MQ
MFD03726.bin.2.79	1843317	MQ
MFD03726.bin.2.83	1337076	MQ
MFD03726.bin.2.95	2345626	MQ
MFD03726.bin.3.148	1997693	MQ
MFD03726.bin.3.151	2474459	MQ
MFD03726.bin.3.157	1932465	MQ
MFD03726.bin.3.184	2132539	MQ
MFD03804.bin.2.25	1466018	MQ
MFD03804.bin.2.26	1119454	MQ
MFD03804.bin.2.28	1811628	MQ
MFD03804.bin.2.29	3045254	MQ
MFD03899.bin.2.167	1904591	MQ
MFD03899.bin.2.175	1863198	MQ
MFD03899.bin.2.188	2177958	MQ
MFD03899.bin.2.81	2955742	MQ
MFD03899.bin.2.83	2800795	MQ
MFD03899.bin.2.88	2317519	MQ
MFD03899.bin.2.91	2457701	MQ
MFD03899.bin.3.124	2888346	MQ
MFD04212.bin.2.239	2681494	MQ
MFD04408.bin.1.57	1136480	MQ
MFD04408.bin.1.92	2375352	MQ
MFD04408.bin.1.95	2254760	MQ
MFD04408.bin.1.98	1788402	MQ
MFD04408.bin.2.1	2089609	MQ
MFD04408.bin.2.141	2082210	MQ
MFD04408.bin.2.152	1750277	MQ
MFD04408.bin.2.156	1223148	MQ
MFD04408.bin.2.157	2918040	MQ
MFD04408.bin.2.158	2585008	MQ
MFD04408.bin.2.167	2837509	MQ
MFD04408.bin.2.179	2424021	MQ
MFD04408.bin.2.183	2015254	MQ
MFD04408.bin.2.185	2104500	MQ
MFD04408.bin.2.191	945992	MQ
MFD04408.bin.2.24	2501237	MQ
MFD04408.bin.2.30	1541986	MQ
MFD04408.bin.2.4	2549316	MQ
MFD04408.bin.2.41	542712	MQ
MFD04408.bin.2.45	1132268	MQ
MFD04408.bin.2.62	2317032	MQ
MFD04408.bin.2.64	1771656	MQ
MFD04408.bin.2.68	1871640	MQ
MFD04408.bin.2.7	2333718	MQ
MFD04408.bin.2.70	1282729	MQ
MFD04408.bin.2.74	1590222	MQ
MFD04408.bin.2.75	1303795	MQ
MFD04408.bin.2.76	2379399	MQ
MFD04408.bin.2.78	1177922	MQ
MFD04408.bin.2.81	786237	MQ
MFD04408.bin.3.313	2361430	MQ
MFD04408.bin.4.231	1168495	MQ
MFD04428.bin.2.124	2809106	MQ
MFD04492.bin.2.126	4132845	MQ
MFD04492.bin.2.141	2236026	MQ
MFD04492.bin.2.160	1732700	MQ
MFD04492.bin.2.19	1163126	MQ
MFD04492.bin.2.23	3485854	MQ
MFD04492.bin.2.24	946818	MQ
MFD04492.bin.2.30	2466359	MQ
MFD04492.bin.2.48	2739868	MQ
MFD04492.bin.2.72	1758674	MQ
MFD04492.bin.2.77	1744731	MQ
MFD04492.bin.4.157	2394846	MQ
MFD04492.bin.4.65	2545376	MQ
MFD04716.bin.2.147	1776272	MQ
MFD04716.bin.2.156	2490842	MQ
MFD04716.bin.2.158	2509299	MQ
MFD04716.bin.2.164	2183807	MQ
MFD04716.bin.2.169	1862972	MQ
MFD04716.bin.2.227	1446511	MQ
MFD04716.bin.2.283	2710643	MQ
MFD04716.bin.2.55	2336471	MQ
MFD04716.bin.3.303	2601830	MQ
MFD04716.bin.3.572	2353041	MQ
MFD04752.bin.1.72	2830904	MQ
MFD04752.bin.2.124	2166926	MQ
MFD04780.bin.2.14	2538986	MQ
MFD04780.bin.2.174	732143	MQ
MFD04780.bin.2.2	1048747	MQ
MFD04780.bin.2.43	2879160	MQ
MFD04780.bin.2.92	847623	MQ
MFD04780.bin.2.98	2208171	MQ
MFD04850.bin.2.231	3045802	MQ
MFD04926.bin.2.4	533607	MQ
MFD04935.bin.2.64	4631897	MQ
MFD05088.bin.2.12	3273330	MQ
MFD05176.bin.2.146	2847185	MQ
MFD05176.bin.3.288	1069506	MQ
MFD05377.bin.2.136	2110431	MQ
MFD05377.bin.2.16	2938329	MQ
MFD05377.bin.2.168	2783039	MQ
MFD05377.bin.2.74	2237885	MQ
MFD05502.bin.2.123	1800391	MQ
MFD05512.bin.2.17	2080603	MQ
MFD05512.bin.2.3	2381597	MQ
MFD05512.bin.2.38	2822328	MQ
MFD05512.bin.2.41	1108665	MQ
MFD05512.bin.2.90	1677330	MQ
MFD05580.bin.1.37	776853	MQ
MFD05580.bin.2.18	2165908	MQ
MFD05674.bin.2.10	1892923	MQ
MFD05674.bin.2.11	4680497	MQ
MFD05674.bin.2.15	3979170	MQ
MFD05674.bin.2.158	3218322	MQ
MFD05674.bin.2.161	3781081	MQ
MFD05674.bin.2.193	3707990	MQ
MFD05674.bin.2.42	2506186	MQ
MFD05674.bin.2.44	3542825	MQ
MFD05674.bin.2.77	3145339	MQ
MFD05674.bin.2.79	2421430	MQ
MFD05674.bin.2.86	1724897	MQ
MFD05684.bin.2.278	2874298	MQ
MFD05942.bin.1.294	2627949	MQ
MFD05942.bin.1.303	1984278	MQ
MFD05942.bin.2.186	1888381	MQ
MFD05942.bin.2.190	2033193	MQ
MFD05942.bin.2.191	2556733	MQ
MFD05942.bin.2.192	2205282	MQ
MFD05942.bin.2.194	1512953	MQ
MFD05942.bin.2.195	2593151	MQ
MFD05942.bin.2.196	2288415	MQ
MFD05942.bin.2.200	2441791	MQ
MFD05942.bin.2.205	2119591	MQ
MFD05942.bin.2.208	1626416	MQ
MFD05942.bin.2.268	2177980	MQ
MFD05942.bin.2.335	1626369	MQ
MFD05942.bin.2.357	2683679	MQ
MFD05942.bin.2.360	1149345	MQ
MFD05942.bin.2.57	3113201	MQ
MFD05942.bin.3.28	2489529	MQ
MFD05942.bin.3.281	1004740	MQ
MFD06085.bin.2.65	2901820	MQ
MFD06435.bin.2.17	2324060	MQ
MFD06435.bin.2.182	1241474	MQ
MFD06435.bin.2.96	2040734	MQ
MFD06435.bin.4.368	1147444	MQ
MFD07386.bin.2.15	2710796	MQ
MFD07691.bin.2.1	3270026	MQ
MFD08203.bin.3.40	1186596	MQ
MFD08416.bin.2.20	2522144	MQ
MFD08497.bin.2.116	1540205	MQ
MFD08497.bin.2.47	1980042	MQ
MFD08497.bin.2.50	1900101	MQ
MFD08497.bin.2.97	2060118	MQ
MFD08669.bin.2.10	5285849	MQ
MFD08669.bin.2.99	4912910	MQ
MFD08691.bin.2.6	3009199	MQ
MFD08700.bin.2.2	2321983	MQ
MFD08700.bin.2.37	3066582	MQ
MFD09055.bin.2.18	3148722	MQ
MFD09126.bin.2.22	3472594	MQ
MFD09126.bin.2.23	4978018	MQ
MFD09206.bin.2.90	3223808	MQ
MFD09222.bin.2.129	1374848	MQ
MFD09222.bin.2.134	689534	MQ
MFD09222.bin.2.15	3683134	MQ
MFD09222.bin.2.157	2144853	MQ
MFD09222.bin.2.158	1879579	MQ
MFD09222.bin.2.161	2148446	MQ
MFD09222.bin.2.162	1830887	MQ
MFD09222.bin.2.165	2470806	MQ
MFD09222.bin.2.168	1790716	MQ
MFD09222.bin.2.172	821038	MQ
MFD09222.bin.2.173	4603561	MQ
MFD09222.bin.2.175	1843972	MQ
MFD09222.bin.2.20	3462451	MQ
MFD09222.bin.2.31	2034404	MQ
MFD09222.bin.2.58	2355693	MQ
MFD09222.bin.2.62	1813897	MQ
MFD09222.bin.2.65	858112	MQ
MFD09222.bin.2.66	594451	MQ
MFD09222.bin.2.67	2355126	MQ
MFD09222.bin.2.69	1976695	MQ
MFD09222.bin.2.70	2333526	MQ
MFD09267.bin.2.280	1944661	MQ
MFD09267.bin.2.29	2830630	MQ
MFD09267.bin.2.320	2188697	MQ
MFD09267.bin.3.622	2052782	MQ
MFD09286.bin.2.135	2618700	MQ
MFD09286.bin.2.140	2689360	MQ
MFD09286.bin.2.142	2661485	MQ
MFD09286.bin.2.178	2918758	MQ
MFD09495.bin.2.8	3054623	MQ
MFD09567.bin.2.29	2062859	MQ
MFD09779.bin.1.203	1687060	MQ
MFD09779.bin.2.125	1878558	MQ
MFD09779.bin.2.126	1991508	MQ
MFD09779.bin.2.127	1436809	MQ
MFD09779.bin.2.44	2735919	MQ
MFD09848.bin.2.39	2074854	MQ
MFD09964.bin.2.143	4044898	MQ
MFD10007.bin.2.103	2134064	MQ
MFD10007.bin.2.108	2073865	MQ
MFD00008.bin.1.10	5436982	HQ
MFD00008.bin.1.116	5071588	HQ
MFD00008.bin.1.117	5783193	HQ
MFD00008.bin.1.121	6154439	HQ
MFD00008.bin.1.123	4864187	HQ
MFD00008.bin.1.128	7453873	HQ
MFD00008.bin.1.129	2544087	HQ
MFD00008.bin.1.132	5652223	HQ
MFD00008.bin.1.139	6730332	HQ
MFD00008.bin.1.15	6160324	HQ
MFD00008.bin.1.150	6910831	HQ
MFD00008.bin.1.161	5549753	HQ
MFD00008.bin.1.168	6376918	HQ
MFD00008.bin.1.197	4848000	HQ
MFD00008.bin.1.21	3056577	HQ
MFD00008.bin.1.221	5712729	HQ
MFD00008.bin.1.228	5175814	HQ
MFD00008.bin.1.30	5603848	HQ
MFD00008.bin.1.45	5708843	HQ
MFD00008.bin.1.47	5675221	HQ
MFD00008.bin.1.5	3121378	HQ
MFD00008.bin.1.51	3178758	HQ
MFD00008.bin.1.63	3878339	HQ
MFD00008.bin.1.84	5597032	HQ
MFD00008.bin.1.87	6835629	HQ
MFD00008.bin.1.9	5386273	HQ
MFD00008.bin.2.10	4948137	HQ
MFD00008.bin.2.100	4710696	HQ
MFD00008.bin.2.180	6035547	HQ
MFD00008.bin.2.87	6688833	HQ
MFD00008.bin.3.241	2774876	HQ
MFD00031.bin.1.1	6401018	HQ
MFD00031.bin.1.107	3633367	HQ
MFD00031.bin.1.108	4297576	HQ
MFD00031.bin.1.111	6674353	HQ
MFD00031.bin.1.117	6926101	HQ
MFD00031.bin.1.165	3843537	HQ
MFD00031.bin.1.167	2779289	HQ
MFD00031.bin.1.169	5307010	HQ
MFD00031.bin.1.177	5454228	HQ
MFD00031.bin.1.178	5383147	HQ
MFD00031.bin.1.180	7282384	HQ
MFD00031.bin.1.196	2923427	HQ
MFD00031.bin.1.201	4395227	HQ
MFD00031.bin.1.208	3407948	HQ
MFD00031.bin.1.29	5193151	HQ
MFD00031.bin.1.47	3472148	HQ
MFD00031.bin.1.56	2834818	HQ
MFD00031.bin.1.58	3722760	HQ
MFD00031.bin.1.66	4981839	HQ
MFD00031.bin.1.8	5280371	HQ
MFD00031.bin.1.92	7547685	HQ
MFD00031.bin.2.81	2748962	HQ
MFD00032.bin.1.110	6396495	HQ
MFD00032.bin.1.124	3192188	HQ
MFD00032.bin.1.138	4105757	HQ
MFD00032.bin.1.140	3807920	HQ
MFD00032.bin.1.149	4272326	HQ
MFD00032.bin.1.150	4570025	HQ
MFD00032.bin.1.156	5228945	HQ
MFD00032.bin.1.157	3497152	HQ
MFD00032.bin.1.166	5000671	HQ
MFD00032.bin.1.190	3863998	HQ
MFD00032.bin.1.201	5552037	HQ
MFD00032.bin.1.211	4235616	HQ
MFD00032.bin.1.221	6303238	HQ
MFD00032.bin.1.232	4470091	HQ
MFD00032.bin.1.235	4205064	HQ
MFD00032.bin.1.256	4226846	HQ
MFD00032.bin.1.257	3163226	HQ
MFD00032.bin.1.264	3479175	HQ
MFD00032.bin.1.267	5170495	HQ
MFD00032.bin.1.44	3022159	HQ
MFD00032.bin.1.47	3171531	HQ
MFD00032.bin.1.60	4880133	HQ
MFD00032.bin.1.63	2890035	HQ
MFD00032.bin.1.65	2780945	HQ
MFD00032.bin.1.71	4003142	HQ
MFD00032.bin.1.77	2806806	HQ
MFD00032.bin.1.80	3544175	HQ
MFD00032.bin.1.90	4949277	HQ
MFD00032.bin.2.184	4102716	HQ
MFD00032.bin.2.79	4475951	HQ
MFD00032.bin.2.89	5127211	HQ
MFD00032.bin.3.528	3767224	HQ
MFD00072.bin.1.109	4155808	HQ
MFD00072.bin.1.11	3127227	HQ
MFD00072.bin.1.52	6971343	HQ
MFD00082.bin.1.10	4492238	HQ
MFD00082.bin.1.12	2548164	HQ
MFD00082.bin.1.126	3276744	HQ
MFD00082.bin.1.127	4503930	HQ
MFD00082.bin.1.133	5452233	HQ
MFD00082.bin.1.138	5348064	HQ
MFD00082.bin.1.143	5130908	HQ
MFD00082.bin.1.144	4952850	HQ
MFD00082.bin.1.148	8886122	HQ
MFD00082.bin.1.149	4251343	HQ
MFD00082.bin.1.153	4244932	HQ
MFD00082.bin.1.156	5677643	HQ
MFD00082.bin.1.161	5985935	HQ
MFD00082.bin.1.163	5384110	HQ
MFD00082.bin.1.166	5996161	HQ
MFD00082.bin.1.17	6325504	HQ
MFD00082.bin.1.18	3973392	HQ
MFD00082.bin.1.2	4315749	HQ
MFD00082.bin.1.20	4929983	HQ
MFD00082.bin.1.22	6179815	HQ
MFD00082.bin.1.23	3433500	HQ
MFD00082.bin.1.24	5102200	HQ
MFD00082.bin.1.38	1637181	HQ
MFD00082.bin.1.40	6225475	HQ
MFD00082.bin.1.80	6938242	HQ
MFD00082.bin.1.82	5081020	HQ
MFD00082.bin.1.92	6382750	HQ
MFD00082.bin.2.118	8231338	HQ
MFD00082.bin.3.91	4982032	HQ
MFD00125.bin.1.38	3205608	HQ
MFD00125.bin.1.39	5529469	HQ
MFD00125.bin.1.5	5668135	HQ
MFD00125.bin.1.99	5117930	HQ
MFD00125.bin.2.11	5721936	HQ
MFD00125.bin.2.26	7005911	HQ
MFD00392.bin.1.1	3930767	HQ
MFD00392.bin.1.14	5282570	HQ
MFD00392.bin.1.141	4050524	HQ
MFD00392.bin.1.17	4127755	HQ
MFD00392.bin.1.247	7738028	HQ
MFD00392.bin.1.285	2735870	HQ
MFD00392.bin.1.297	6248098	HQ
MFD00392.bin.1.3	3429743	HQ
MFD00392.bin.1.301	5132294	HQ
MFD00392.bin.1.305	6218000	HQ
MFD00392.bin.1.317	6044153	HQ
MFD00392.bin.1.331	4819720	HQ
MFD00392.bin.1.337	2751493	HQ
MFD00392.bin.1.345	4552418	HQ
MFD00392.bin.1.354	6874346	HQ
MFD00392.bin.1.367	3029042	HQ
MFD00392.bin.1.375	5875297	HQ
MFD00392.bin.1.411	4114853	HQ
MFD00392.bin.1.415	3743503	HQ
MFD00392.bin.1.422	5305438	HQ
MFD00392.bin.1.427	3453907	HQ
MFD00392.bin.1.69	3613753	HQ
MFD00392.bin.1.82	3379679	HQ
MFD00392.bin.1.91	4235121	HQ
MFD00392.bin.2.172	3275692	HQ
MFD00392.bin.2.54	6582769	HQ
MFD00392.bin.2.84	7543251	HQ
MFD00392.bin.3.201	3629470	HQ
MFD00392.bin.3.577	5445190	HQ
MFD00709.bin.1.19	4243579	HQ
MFD00709.bin.1.205	4451580	HQ
MFD00709.bin.1.229	3910785	HQ
MFD00709.bin.1.50	997761	HQ
MFD00709.bin.1.57	3446236	HQ
MFD00709.bin.1.68	2895988	HQ
MFD00709.bin.2.76	3351021	HQ
MFD00731.bin.1.11	4806966	HQ
MFD00731.bin.1.113	4889492	HQ
MFD00731.bin.1.138	2945739	HQ
MFD00731.bin.1.142	4482476	HQ
MFD00731.bin.1.159	7355264	HQ
MFD00731.bin.1.162	2862036	HQ
MFD00731.bin.1.164	2773819	HQ
MFD00731.bin.1.165	4346502	HQ
MFD00731.bin.1.166	8281510	HQ
MFD00731.bin.1.167	4563781	HQ
MFD00731.bin.1.188	4918611	HQ
MFD00731.bin.1.195	3927846	HQ
MFD00731.bin.1.198	5812516	HQ
MFD00731.bin.1.199	6117778	HQ
MFD00731.bin.1.2	5616200	HQ
MFD00731.bin.1.201	6141977	HQ
MFD00731.bin.1.202	4495901	HQ
MFD00731.bin.1.206	2559048	HQ
MFD00731.bin.1.211	8251954	HQ
MFD00731.bin.1.212	5884873	HQ
MFD00731.bin.1.214	6247056	HQ
MFD00731.bin.1.217	3348464	HQ
MFD00731.bin.1.218	6172469	HQ
MFD00731.bin.1.220	5680097	HQ
MFD00731.bin.1.223	6356303	HQ
MFD00731.bin.1.225	5316063	HQ
MFD00731.bin.1.228	4443079	HQ
MFD00731.bin.1.235	5622403	HQ
MFD00731.bin.1.245	6289424	HQ
MFD00731.bin.1.248	3824786	HQ
MFD00731.bin.1.258	4637449	HQ
MFD00731.bin.1.270	5864410	HQ
MFD00731.bin.1.272	8064522	HQ
MFD00731.bin.1.279	7626713	HQ
MFD00731.bin.1.28	6184730	HQ
MFD00731.bin.1.32	4788720	HQ
MFD00731.bin.1.33	6276456	HQ
MFD00731.bin.1.5	5705480	HQ
MFD00731.bin.1.64	2932094	HQ
MFD00731.bin.1.74	6993103	HQ
MFD00731.bin.2.106	5246626	HQ
MFD00731.bin.2.122	2901882	HQ
MFD00731.bin.2.189	7679985	HQ
MFD00731.bin.2.52	5813353	HQ
MFD00731.bin.2.71	9664836	HQ
MFD00731.bin.3.104	4613993	HQ
MFD00731.bin.3.147	5634067	HQ
MFD00731.bin.3.26	4524576	HQ
MFD00731.bin.3.48	4138027	HQ
MFD00731.bin.3.65	7166904	HQ
MFD00731.bin.3.67	3114875	HQ
MFD00822.bin.1.1	3600772	HQ
MFD00822.bin.1.10	4047877	HQ
MFD00822.bin.1.116	4222484	HQ
MFD00822.bin.1.131	6471193	HQ
MFD00822.bin.1.141	3912482	HQ
MFD00822.bin.1.145	5583389	HQ
MFD00822.bin.1.151	3955127	HQ
MFD00822.bin.1.152	5594979	HQ
MFD00822.bin.1.156	4522312	HQ
MFD00822.bin.1.167	3636657	HQ
MFD00822.bin.1.182	3220686	HQ
MFD00822.bin.1.183	9040053	HQ
MFD00822.bin.1.185	3765974	HQ
MFD00822.bin.1.197	6735084	HQ
MFD00822.bin.1.199	6959170	HQ
MFD00822.bin.1.206	2954495	HQ
MFD00822.bin.1.211	4186866	HQ
MFD00822.bin.1.215	5474415	HQ
MFD00822.bin.1.216	4619300	HQ
MFD00822.bin.1.227	5985268	HQ
MFD00822.bin.1.230	6359212	HQ
MFD00822.bin.1.231	4204244	HQ
MFD00822.bin.1.232	7338830	HQ
MFD00822.bin.1.237	4499382	HQ
MFD00822.bin.1.245	6336952	HQ
MFD00822.bin.1.250	6891854	HQ
MFD00822.bin.1.253	5530790	HQ
MFD00822.bin.1.254	4897643	HQ
MFD00822.bin.1.257	4121448	HQ
MFD00822.bin.1.29	4969343	HQ
MFD00822.bin.1.39	3477756	HQ
MFD00822.bin.1.4	9247636	HQ
MFD00822.bin.1.42	6246133	HQ
MFD00822.bin.1.61	3676040	HQ
MFD00822.bin.1.63	4780251	HQ
MFD00822.bin.1.66	5039039	HQ
MFD00822.bin.1.72	7257667	HQ
MFD00822.bin.1.74	2542361	HQ
MFD00822.bin.1.75	4062372	HQ
MFD00822.bin.1.76	3080775	HQ
MFD00822.bin.1.79	3818899	HQ
MFD00822.bin.1.85	5110094	HQ
MFD00822.bin.1.89	6065843	HQ
MFD00822.bin.1.91	8427159	HQ
MFD00822.bin.2.133	3312409	HQ
MFD00822.bin.2.80	7728992	HQ
MFD00822.bin.2.98	3813188	HQ
MFD00822.bin.3.161	5983181	HQ
MFD00905.bin.1.120	4057362	HQ
MFD00905.bin.1.128	3202332	HQ
MFD00905.bin.1.144	5126065	HQ
MFD00905.bin.1.160	3763348	HQ
MFD00905.bin.1.196	5162132	HQ
MFD00905.bin.1.20	6183786	HQ
MFD00905.bin.1.203	3747376	HQ
MFD00905.bin.1.230	3361356	HQ
MFD00905.bin.1.232	5125308	HQ
MFD00905.bin.1.253	5526433	HQ
MFD00905.bin.1.257	4823839	HQ
MFD00905.bin.1.260	3692577	HQ
MFD00905.bin.1.267	3837892	HQ
MFD00905.bin.1.35	1188223	HQ
MFD00905.bin.1.36	2522402	HQ
MFD00905.bin.1.42	4492423	HQ
MFD00905.bin.1.44	4444958	HQ
MFD00905.bin.1.53	3799185	HQ
MFD00905.bin.1.54	5364735	HQ
MFD00905.bin.1.6	3631003	HQ
MFD00905.bin.1.61	3842262	HQ
MFD00905.bin.1.63	3426072	HQ
MFD00905.bin.1.69	4288099	HQ
MFD00905.bin.1.72	3692871	HQ
MFD00905.bin.1.76	5212998	HQ
MFD00905.bin.1.81	3334832	HQ
MFD00905.bin.1.96	3790982	HQ
MFD00905.bin.2.117	4407882	HQ
MFD00905.bin.2.211	4969866	HQ
MFD00905.bin.2.66	3400142	HQ
MFD00905.bin.3.301	3363152	HQ
MFD00962.bin.1.10	7860917	HQ
MFD00962.bin.1.108	3075886	HQ
MFD00962.bin.1.127	2714625	HQ
MFD00962.bin.1.147	4210012	HQ
MFD00962.bin.1.162	5879066	HQ
MFD00962.bin.1.19	2855788	HQ
MFD00962.bin.1.200	3633381	HQ
MFD00962.bin.1.206	3971195	HQ
MFD00962.bin.1.253	7726227	HQ
MFD00962.bin.1.284	3302739	HQ
MFD00962.bin.1.289	3959212	HQ
MFD00962.bin.1.295	3611214	HQ
MFD00962.bin.1.31	3331347	HQ
MFD00962.bin.1.317	2866158	HQ
MFD00962.bin.1.324	6232628	HQ
MFD00962.bin.1.329	8798427	HQ
MFD00962.bin.1.43	4802718	HQ
MFD00962.bin.1.54	5847017	HQ
MFD00962.bin.1.65	2975205	HQ
MFD00962.bin.1.69	3274334	HQ
MFD00962.bin.1.7	4910737	HQ
MFD00962.bin.1.9	6555388	HQ
MFD00962.bin.1.94	6665404	HQ
MFD00962.bin.2.1	10281219	HQ
MFD00962.bin.2.139	4807534	HQ
MFD00962.bin.2.146	6946292	HQ
MFD00962.bin.2.180	6511710	HQ
MFD00962.bin.2.24	8177139	HQ
MFD00962.bin.2.37	3268745	HQ
MFD00962.bin.2.52	3069762	HQ
MFD00962.bin.2.81	4378646	HQ
MFD00964.bin.1.103	5750445	HQ
MFD00964.bin.1.13	6412416	HQ
MFD00964.bin.1.131	4257117	HQ
MFD00964.bin.1.138	4850367	HQ
MFD00964.bin.1.159	6676738	HQ
MFD00964.bin.1.16	3032485	HQ
MFD00964.bin.1.163	4782541	HQ
MFD00964.bin.1.185	7739775	HQ
MFD00964.bin.1.196	5620671	HQ
MFD00964.bin.1.198	4950046	HQ
MFD00964.bin.1.217	5514582	HQ
MFD00964.bin.1.235	5398629	HQ
MFD00964.bin.1.243	4908654	HQ
MFD00964.bin.1.245	5981205	HQ
MFD00964.bin.1.252	5231105	HQ
MFD00964.bin.1.254	5700667	HQ
MFD00964.bin.1.257	5017712	HQ
MFD00964.bin.1.268	6089846	HQ
MFD00964.bin.1.271	5849989	HQ
MFD00964.bin.1.274	5551355	HQ
MFD00964.bin.1.275	5651713	HQ
MFD00964.bin.1.287	5568575	HQ
MFD00964.bin.1.294	6236110	HQ
MFD00964.bin.1.303	5484810	HQ
MFD00964.bin.1.307	3787629	HQ
MFD00964.bin.1.317	6516454	HQ
MFD00964.bin.1.323	5116099	HQ
MFD00964.bin.1.43	5235427	HQ
MFD00964.bin.1.44	4962930	HQ
MFD00964.bin.1.50	3089573	HQ
MFD00964.bin.1.57	5099511	HQ
MFD00964.bin.1.67	3990021	HQ
MFD00964.bin.1.68	5530695	HQ
MFD00964.bin.1.7	5770142	HQ
MFD00964.bin.1.74	8164432	HQ
MFD00964.bin.2.116	7097040	HQ
MFD00964.bin.2.215	4552507	HQ
MFD00964.bin.2.52	4973143	HQ
MFD00964.bin.2.61	5050574	HQ
MFD00991.bin.1.132	3519645	HQ
MFD00991.bin.1.137	5876000	HQ
MFD00991.bin.1.150	5337904	HQ
MFD00991.bin.1.2	4018893	HQ
MFD00991.bin.1.29	3833735	HQ
MFD00991.bin.1.80	8302920	HQ
MFD00991.bin.1.91	4289925	HQ
MFD00991.bin.2.63	5821447	HQ
MFD01112.bin.1.17	4126992	HQ
MFD01112.bin.1.26	5111135	HQ
MFD01112.bin.1.38	3758348	HQ
MFD01112.bin.1.68	2180026	HQ
MFD01112.bin.1.69	7425964	HQ
MFD01138.bin.1.135	5832373	HQ
MFD01138.bin.1.144	5320545	HQ
MFD01138.bin.1.15	4586535	HQ
MFD01138.bin.1.150	3569921	HQ
MFD01138.bin.1.16	4469793	HQ
MFD01138.bin.1.18	3442526	HQ
MFD01138.bin.1.24	4480625	HQ
MFD01138.bin.1.30	5172566	HQ
MFD01138.bin.1.34	4911976	HQ
MFD01138.bin.1.37	4934215	HQ
MFD01138.bin.1.4	3634040	HQ
MFD01138.bin.1.47	3814310	HQ
MFD01138.bin.1.5	6842058	HQ
MFD01138.bin.1.51	6903556	HQ
MFD01138.bin.1.8	5589198	HQ
MFD01138.bin.1.83	5875455	HQ
MFD01138.bin.1.84	6630982	HQ
MFD01138.bin.1.9	3313401	HQ
MFD01138.bin.1.98	7843413	HQ
MFD01138.bin.3.178	8230000	HQ
MFD01138.bin.3.205	6451790	HQ
MFD01188.bin.1.141	3109181	HQ
MFD01188.bin.1.19	1946190	HQ
MFD01188.bin.1.39	2217527	HQ
MFD01188.bin.1.43	1464780	HQ
MFD01188.bin.1.44	2889238	HQ
MFD01188.bin.1.46	4050392	HQ
MFD01188.bin.1.50	4400204	HQ
MFD01188.bin.1.51	4868519	HQ
MFD01188.bin.1.69	4242987	HQ
MFD01188.bin.1.7	4573489	HQ
MFD01188.bin.2.63	3135951	HQ
MFD01213.bin.1.109	3944791	HQ
MFD01213.bin.1.111	3097290	HQ
MFD01213.bin.1.132	5312950	HQ
MFD01213.bin.1.136	4323405	HQ
MFD01213.bin.1.143	5092399	HQ
MFD01213.bin.1.162	5061586	HQ
MFD01213.bin.1.169	4961896	HQ
MFD01213.bin.1.173	8736464	HQ
MFD01213.bin.1.175	6656102	HQ
MFD01213.bin.1.178	4340469	HQ
MFD01213.bin.1.187	4847784	HQ
MFD01213.bin.1.189	4233412	HQ
MFD01213.bin.1.190	4497187	HQ
MFD01213.bin.1.21	3978438	HQ
MFD01213.bin.1.210	4918760	HQ
MFD01213.bin.1.215	4218172	HQ
MFD01213.bin.1.234	7235294	HQ
MFD01213.bin.1.238	5271398	HQ
MFD01213.bin.1.239	4127907	HQ
MFD01213.bin.1.241	3183637	HQ
MFD01213.bin.1.36	3837509	HQ
MFD01213.bin.1.41	3659162	HQ
MFD01213.bin.1.42	5005401	HQ
MFD01213.bin.1.46	5651741	HQ
MFD01213.bin.1.50	7022161	HQ
MFD01213.bin.1.53	5288412	HQ
MFD01213.bin.1.65	4492140	HQ
MFD01213.bin.1.88	4513728	HQ
MFD01213.bin.1.9	5389527	HQ
MFD01213.bin.1.93	5215692	HQ
MFD01213.bin.2.184	7837525	HQ
MFD01213.bin.3.418	4454666	HQ
MFD01223.bin.1.112	3511186	HQ
MFD01223.bin.1.113	4009937	HQ
MFD01223.bin.1.12	827676	HQ
MFD01223.bin.1.133	4687368	HQ
MFD01223.bin.1.14	7377513	HQ
MFD01223.bin.1.23	993452	HQ
MFD01223.bin.1.26	670231	HQ
MFD01223.bin.1.30	4542980	HQ
MFD01223.bin.1.34	4909876	HQ
MFD01223.bin.1.4	5585654	HQ
MFD01223.bin.1.54	3278761	HQ
MFD01223.bin.1.57	4550820	HQ
MFD01223.bin.1.59	4326556	HQ
MFD01223.bin.1.73	845279	HQ
MFD01223.bin.1.8	4213454	HQ
MFD01223.bin.1.83	2116943	HQ
MFD01223.bin.1.97	4535756	HQ
MFD01223.bin.2.34	884464	HQ
MFD01223.bin.2.73	4084690	HQ
MFD01231.bin.1.10	2067739	HQ
MFD01231.bin.1.102	3523524	HQ
MFD01231.bin.1.11	5611379	HQ
MFD01231.bin.1.14	2801776	HQ
MFD01231.bin.1.21	3431673	HQ
MFD01231.bin.1.29	5876079	HQ
MFD01231.bin.1.32	5028936	HQ
MFD01231.bin.1.33	3503784	HQ
MFD01231.bin.1.34	2863888	HQ
MFD01231.bin.1.36	6103564	HQ
MFD01231.bin.1.4	4185916	HQ
MFD01231.bin.1.41	4978684	HQ
MFD01231.bin.1.45	5251134	HQ
MFD01231.bin.1.48	3576520	HQ
MFD01231.bin.1.54	5157531	HQ
MFD01231.bin.1.59	5453523	HQ
MFD01231.bin.1.77	4612059	HQ
MFD01231.bin.1.87	3417289	HQ
MFD01231.bin.1.95	3326711	HQ
MFD01231.bin.1.98	5584501	HQ
MFD01231.bin.1.99	4074717	HQ
MFD01248.bin.1.104	3176334	HQ
MFD01248.bin.1.11	4165210	HQ
MFD01248.bin.1.15	5130612	HQ
MFD01248.bin.1.16	5900686	HQ
MFD01248.bin.1.17	8470218	HQ
MFD01248.bin.1.21	5034483	HQ
MFD01248.bin.1.23	6622130	HQ
MFD01248.bin.1.25	5474213	HQ
MFD01248.bin.1.34	8898488	HQ
MFD01248.bin.1.36	7097265	HQ
MFD01248.bin.1.4	5228785	HQ
MFD01248.bin.1.41	6954133	HQ
MFD01248.bin.1.5	9148615	HQ
MFD01248.bin.1.68	5417830	HQ
MFD01248.bin.1.77	2890905	HQ
MFD01248.bin.1.83	10181261	HQ
MFD01248.bin.1.85	8317378	HQ
MFD01248.bin.1.88	3059722	HQ
MFD01248.bin.1.9	3366173	HQ
MFD01248.bin.1.94	3066480	HQ
MFD01275.bin.1.1	4202444	HQ
MFD01275.bin.1.11	4783309	HQ
MFD01275.bin.1.111	1349637	HQ
MFD01275.bin.1.121	3591235	HQ
MFD01275.bin.1.124	3747117	HQ
MFD01275.bin.1.13	3552800	HQ
MFD01275.bin.1.139	4041998	HQ
MFD01275.bin.1.162	2865314	HQ
MFD01275.bin.1.17	3482014	HQ
MFD01275.bin.1.171	3768287	HQ
MFD01275.bin.1.173	4219482	HQ
MFD01275.bin.1.178	3112897	HQ
MFD01275.bin.1.180	6191404	HQ
MFD01275.bin.1.183	7494511	HQ
MFD01275.bin.1.187	3841758	HQ
MFD01275.bin.1.188	5083993	HQ
MFD01275.bin.1.189	3699834	HQ
MFD01275.bin.1.196	2811698	HQ
MFD01275.bin.1.198	4143033	HQ
MFD01275.bin.1.204	4519336	HQ
MFD01275.bin.1.206	4635374	HQ
MFD01275.bin.1.213	4282891	HQ
MFD01275.bin.1.224	5241287	HQ
MFD01275.bin.1.228	4497401	HQ
MFD01275.bin.1.240	3624603	HQ
MFD01275.bin.1.242	4234189	HQ
MFD01275.bin.1.243	4006157	HQ
MFD01275.bin.1.247	4617922	HQ
MFD01275.bin.1.248	5441826	HQ
MFD01275.bin.1.25	3220568	HQ
MFD01275.bin.1.251	4087496	HQ
MFD01275.bin.1.254	2713800	HQ
MFD01275.bin.1.257	3911442	HQ
MFD01275.bin.1.258	3366659	HQ
MFD01275.bin.1.259	3745685	HQ
MFD01275.bin.1.26	3010719	HQ
MFD01275.bin.1.263	3998821	HQ
MFD01275.bin.1.267	3965472	HQ
MFD01275.bin.1.271	3881497	HQ
MFD01275.bin.1.272	4136578	HQ
MFD01275.bin.1.276	3885868	HQ
MFD01275.bin.1.277	3813889	HQ
MFD01275.bin.1.283	2740962	HQ
MFD01275.bin.1.285	4544039	HQ
MFD01275.bin.1.41	3587497	HQ
MFD01275.bin.1.42	3745320	HQ
MFD01275.bin.1.44	4377090	HQ
MFD01275.bin.1.45	3814030	HQ
MFD01275.bin.1.46	2746866	HQ
MFD01275.bin.1.48	4891523	HQ
MFD01275.bin.1.5	3637518	HQ
MFD01275.bin.1.55	3690889	HQ
MFD01275.bin.1.56	3822632	HQ
MFD01275.bin.1.63	3774492	HQ
MFD01275.bin.1.67	3329882	HQ
MFD01275.bin.1.7	2971103	HQ
MFD01275.bin.1.70	2417112	HQ
MFD01275.bin.1.71	3990330	HQ
MFD01275.bin.1.74	10802999	HQ
MFD01275.bin.1.75	4009063	HQ
MFD01275.bin.1.76	3517156	HQ
MFD01275.bin.1.77	631659	HQ
MFD01275.bin.1.78	5161097	HQ
MFD01275.bin.1.85	2909105	HQ
MFD01275.bin.1.87	2531548	HQ
MFD01275.bin.1.89	1078429	HQ
MFD01275.bin.1.9	4102882	HQ
MFD01275.bin.1.92	3060741	HQ
MFD01275.bin.1.95	986816	HQ
MFD01275.bin.2.172	3730123	HQ
MFD01275.bin.2.29	3938992	HQ
MFD01275.bin.3.10	4337634	HQ
MFD01275.bin.3.366	3729066	HQ
MFD01275.bin.3.42	5003873	HQ
MFD01299.bin.1.116	2117360	HQ
MFD01299.bin.1.126	2636581	HQ
MFD01299.bin.1.127	3889716	HQ
MFD01299.bin.1.132	3382950	HQ
MFD01299.bin.1.141	2821625	HQ
MFD01299.bin.1.15	4339577	HQ
MFD01299.bin.1.174	4246426	HQ
MFD01299.bin.1.182	2341911	HQ
MFD01299.bin.1.187	3509334	HQ
MFD01299.bin.1.190	4307464	HQ
MFD01299.bin.1.197	3608746	HQ
MFD01299.bin.1.204	3636185	HQ
MFD01299.bin.1.229	4204882	HQ
MFD01299.bin.1.23	3811725	HQ
MFD01299.bin.1.237	4511407	HQ
MFD01299.bin.1.238	2326273	HQ
MFD01299.bin.1.239	3252860	HQ
MFD01299.bin.1.245	2775341	HQ
MFD01299.bin.1.246	3603122	HQ
MFD01299.bin.1.39	3901469	HQ
MFD01299.bin.1.47	4222191	HQ
MFD01299.bin.1.55	3704543	HQ
MFD01299.bin.1.58	5258849	HQ
MFD01299.bin.1.7	3554648	HQ
MFD01299.bin.1.79	2283752	HQ
MFD01299.bin.1.98	3871157	HQ
MFD01299.bin.2.17	3375833	HQ
MFD01299.bin.2.24	2312783	HQ
MFD01299.bin.2.91	5994464	HQ
MFD01476.bin.1.124	4120203	HQ
MFD01476.bin.1.131	5528984	HQ
MFD01476.bin.1.135	3354767	HQ
MFD01476.bin.1.136	3432163	HQ
MFD01476.bin.1.137	4643512	HQ
MFD01476.bin.1.140	4081189	HQ
MFD01476.bin.1.143	6071397	HQ
MFD01476.bin.1.148	4319706	HQ
MFD01476.bin.1.149	5837047	HQ
MFD01476.bin.1.15	3857073	HQ
MFD01476.bin.1.150	3176676	HQ
MFD01476.bin.1.151	4046068	HQ
MFD01476.bin.1.152	3391540	HQ
MFD01476.bin.1.154	4268813	HQ
MFD01476.bin.1.163	5908748	HQ
MFD01476.bin.1.164	4904474	HQ
MFD01476.bin.1.169	5321648	HQ
MFD01476.bin.1.182	3473807	HQ
MFD01476.bin.1.183	5617950	HQ
MFD01476.bin.1.191	3311202	HQ
MFD01476.bin.1.197	5370645	HQ
MFD01476.bin.1.209	3689957	HQ
MFD01476.bin.1.210	4134253	HQ
MFD01476.bin.1.214	4847537	HQ
MFD01476.bin.1.216	3709111	HQ
MFD01476.bin.1.22	7428963	HQ
MFD01476.bin.1.224	5180219	HQ
MFD01476.bin.1.226	4944732	HQ
MFD01476.bin.1.234	3450977	HQ
MFD01476.bin.1.246	3376355	HQ
MFD01476.bin.1.25	754935	HQ
MFD01476.bin.1.32	3603319	HQ
MFD01476.bin.1.33	9103149	HQ
MFD01476.bin.1.4	1129768	HQ
MFD01476.bin.1.56	5249395	HQ
MFD01476.bin.1.65	3893517	HQ
MFD01476.bin.1.72	1464923	HQ
MFD01476.bin.1.74	2914874	HQ
MFD01476.bin.1.81	3518113	HQ
MFD01476.bin.1.82	5098481	HQ
MFD01476.bin.1.83	3693921	HQ
MFD01476.bin.1.95	1287524	HQ
MFD01476.bin.1.98	905314	HQ
MFD01476.bin.2.37	7657269	HQ
MFD01561.bin.1.13	2824638	HQ
MFD01561.bin.1.20	3041139	HQ
MFD01561.bin.1.3	4169932	HQ
MFD01561.bin.1.78	4434445	HQ
MFD01561.bin.2.89	4218479	HQ
MFD01561.bin.3.249	4867434	HQ
MFD01633.bin.1.119	4992693	HQ
MFD01633.bin.1.131	4902694	HQ
MFD01633.bin.1.170	2325335	HQ
MFD01633.bin.1.176	4943483	HQ
MFD01633.bin.1.196	5444655	HQ
MFD01633.bin.1.201	4885679	HQ
MFD01633.bin.1.206	5869677	HQ
MFD01633.bin.1.212	3869997	HQ
MFD01633.bin.1.213	4123173	HQ
MFD01633.bin.1.223	7266258	HQ
MFD01633.bin.1.224	5034180	HQ
MFD01633.bin.1.225	4070199	HQ
MFD01633.bin.1.226	7542414	HQ
MFD01633.bin.1.230	5052351	HQ
MFD01633.bin.1.241	5065442	HQ
MFD01633.bin.1.28	3872492	HQ
MFD01633.bin.1.32	5626715	HQ
MFD01633.bin.1.33	5865987	HQ
MFD01633.bin.1.46	3206844	HQ
MFD01689.bin.1.1	4802004	HQ
MFD01689.bin.1.101	3096572	HQ
MFD01689.bin.1.102	6589900	HQ
MFD01689.bin.1.106	4211535	HQ
MFD01689.bin.1.110	6069911	HQ
MFD01689.bin.1.114	4109795	HQ
MFD01689.bin.1.12	4516000	HQ
MFD01689.bin.1.120	3779946	HQ
MFD01689.bin.1.19	4990243	HQ
MFD01689.bin.1.23	4313930	HQ
MFD01689.bin.1.32	5834260	HQ
MFD01689.bin.1.35	7702779	HQ
MFD01689.bin.1.40	4751094	HQ
MFD01689.bin.1.48	5369753	HQ
MFD01689.bin.1.5	5651598	HQ
MFD01689.bin.1.50	4281566	HQ
MFD01689.bin.1.51	4254128	HQ
MFD01689.bin.1.60	4840520	HQ
MFD01689.bin.1.61	5930619	HQ
MFD01689.bin.1.7	5665086	HQ
MFD01689.bin.1.72	2979520	HQ
MFD01689.bin.1.76	3420584	HQ
MFD01689.bin.1.89	5117498	HQ
MFD01689.bin.2.84	3662097	HQ
MFD01716.bin.1.10	2407840	HQ
MFD01716.bin.1.112	4902673	HQ
MFD01716.bin.1.115	4912082	HQ
MFD01716.bin.1.117	4521652	HQ
MFD01716.bin.1.118	4915524	HQ
MFD01716.bin.1.125	5037244	HQ
MFD01716.bin.1.126	6073973	HQ
MFD01716.bin.1.127	6697113	HQ
MFD01716.bin.1.129	4996601	HQ
MFD01716.bin.1.135	6141467	HQ
MFD01716.bin.1.139	5680571	HQ
MFD01716.bin.1.142	4846413	HQ
MFD01716.bin.1.15	3443985	HQ
MFD01716.bin.1.159	4798107	HQ
MFD01716.bin.1.166	8772088	HQ
MFD01716.bin.1.17	5526821	HQ
MFD01716.bin.1.171	7397261	HQ
MFD01716.bin.1.173	4976655	HQ
MFD01716.bin.1.177	5376751	HQ
MFD01716.bin.1.181	3987289	HQ
MFD01716.bin.1.185	6280869	HQ
MFD01716.bin.1.190	6115523	HQ
MFD01716.bin.1.191	4474458	HQ
MFD01716.bin.1.195	6568478	HQ
MFD01716.bin.1.196	4297040	HQ
MFD01716.bin.1.202	3714153	HQ
MFD01716.bin.1.21	6177942	HQ
MFD01716.bin.1.225	5211925	HQ
MFD01716.bin.1.226	4562650	HQ
MFD01716.bin.1.229	3568738	HQ
MFD01716.bin.1.23	3764199	HQ
MFD01716.bin.1.232	5796042	HQ
MFD01716.bin.1.24	5871853	HQ
MFD01716.bin.1.31	5288338	HQ
MFD01716.bin.1.35	3914814	HQ
MFD01716.bin.1.49	4897512	HQ
MFD01716.bin.1.5	4738192	HQ
MFD01716.bin.1.50	4052701	HQ
MFD01716.bin.1.59	4260880	HQ
MFD01716.bin.1.60	4330496	HQ
MFD01716.bin.1.7	5322495	HQ
MFD01716.bin.1.8	3563093	HQ
MFD01716.bin.1.86	4611304	HQ
MFD01716.bin.1.99	4629088	HQ
MFD01716.bin.3.239	4355747	HQ
MFD01716.bin.3.307	6073218	HQ
MFD01716.bin.3.4	4991461	HQ
MFD01721.bin.1.10	2751837	HQ
MFD01721.bin.1.101	3254281	HQ
MFD01721.bin.1.102	5254709	HQ
MFD01721.bin.1.104	4085606	HQ
MFD01721.bin.1.106	3837558	HQ
MFD01721.bin.1.108	3296481	HQ
MFD01721.bin.1.11	4269286	HQ
MFD01721.bin.1.113	6198611	HQ
MFD01721.bin.1.114	4602483	HQ
MFD01721.bin.1.117	3830891	HQ
MFD01721.bin.1.119	967355	HQ
MFD01721.bin.1.120	3372276	HQ
MFD01721.bin.1.121	5508384	HQ
MFD01721.bin.1.123	4500866	HQ
MFD01721.bin.1.124	3384848	HQ
MFD01721.bin.1.126	5121862	HQ
MFD01721.bin.1.127	3642927	HQ
MFD01721.bin.1.128	4727634	HQ
MFD01721.bin.1.13	3133461	HQ
MFD01721.bin.1.130	4281115	HQ
MFD01721.bin.1.134	4347307	HQ
MFD01721.bin.1.137	5107947	HQ
MFD01721.bin.1.139	3134519	HQ
MFD01721.bin.1.141	2425284	HQ
MFD01721.bin.1.156	3609813	HQ
MFD01721.bin.1.158	4665801	HQ
MFD01721.bin.1.168	4715261	HQ
MFD01721.bin.1.169	4088639	HQ
MFD01721.bin.1.17	5781876	HQ
MFD01721.bin.1.18	4204379	HQ
MFD01721.bin.1.192	3619247	HQ
MFD01721.bin.1.199	3800871	HQ
MFD01721.bin.1.2	4633158	HQ
MFD01721.bin.1.20	3492374	HQ
MFD01721.bin.1.203	4139835	HQ
MFD01721.bin.1.211	4481572	HQ
MFD01721.bin.1.213	3808015	HQ
MFD01721.bin.1.215	5435906	HQ
MFD01721.bin.1.219	3535878	HQ
MFD01721.bin.1.220	2270015	HQ
MFD01721.bin.1.223	3835752	HQ
MFD01721.bin.1.226	4296556	HQ
MFD01721.bin.1.227	2162827	HQ
MFD01721.bin.1.228	2800359	HQ
MFD01721.bin.1.229	3162926	HQ
MFD01721.bin.1.23	4249698	HQ
MFD01721.bin.1.231	4840176	HQ
MFD01721.bin.1.239	5939257	HQ
MFD01721.bin.1.240	4354481	HQ
MFD01721.bin.1.242	5412898	HQ
MFD01721.bin.1.244	2734365	HQ
MFD01721.bin.1.246	3025086	HQ
MFD01721.bin.1.247	3072576	HQ
MFD01721.bin.1.248	4577006	HQ
MFD01721.bin.1.25	3804442	HQ
MFD01721.bin.1.252	4073522	HQ
MFD01721.bin.1.253	3094065	HQ
MFD01721.bin.1.254	4707374	HQ
MFD01721.bin.1.258	3397196	HQ
MFD01721.bin.1.259	4004800	HQ
MFD01721.bin.1.26	3425736	HQ
MFD01721.bin.1.262	2821384	HQ
MFD01721.bin.1.268	2231513	HQ
MFD01721.bin.1.271	2760033	HQ
MFD01721.bin.1.273	4471507	HQ
MFD01721.bin.1.274	4299526	HQ
MFD01721.bin.1.277	4645970	HQ
MFD01721.bin.1.283	5737227	HQ
MFD01721.bin.1.284	6325319	HQ
MFD01721.bin.1.29	6478701	HQ
MFD01721.bin.1.290	4338167	HQ
MFD01721.bin.1.295	8547321	HQ
MFD01721.bin.1.305	6202705	HQ
MFD01721.bin.1.308	3708468	HQ
MFD01721.bin.1.309	3469075	HQ
MFD01721.bin.1.310	4140595	HQ
MFD01721.bin.1.313	2392463	HQ
MFD01721.bin.1.315	3558855	HQ
MFD01721.bin.1.317	4099823	HQ
MFD01721.bin.1.322	3411824	HQ
MFD01721.bin.1.324	3692940	HQ
MFD01721.bin.1.326	2861132	HQ
MFD01721.bin.1.328	4660546	HQ
MFD01721.bin.1.331	5310967	HQ
MFD01721.bin.1.333	4100270	HQ
MFD01721.bin.1.336	4410722	HQ
MFD01721.bin.1.338	5905657	HQ
MFD01721.bin.1.343	4032999	HQ
MFD01721.bin.1.346	3046428	HQ
MFD01721.bin.1.348	4179460	HQ
MFD01721.bin.1.355	4620887	HQ
MFD01721.bin.1.359	3539334	HQ
MFD01721.bin.1.363	4390172	HQ
MFD01721.bin.1.365	7521299	HQ
MFD01721.bin.1.367	5473037	HQ
MFD01721.bin.1.368	3828682	HQ
MFD01721.bin.1.37	4538317	HQ
MFD01721.bin.1.374	3967565	HQ
MFD01721.bin.1.375	2242569	HQ
MFD01721.bin.1.379	3816331	HQ
MFD01721.bin.1.38	5732231	HQ
MFD01721.bin.1.380	4474204	HQ
MFD01721.bin.1.384	3889623	HQ
MFD01721.bin.1.4	3853758	HQ
MFD01721.bin.1.43	3278023	HQ
MFD01721.bin.1.46	5125339	HQ
MFD01721.bin.1.47	4465990	HQ
MFD01721.bin.1.50	8134908	HQ
MFD01721.bin.1.53	4262375	HQ
MFD01721.bin.1.56	6476444	HQ
MFD01721.bin.1.59	4818221	HQ
MFD01721.bin.1.62	3829379	HQ
MFD01721.bin.1.65	3914745	HQ
MFD01721.bin.1.66	3715342	HQ
MFD01721.bin.1.67	4446184	HQ
MFD01721.bin.1.68	2925637	HQ
MFD01721.bin.1.71	3961492	HQ
MFD01721.bin.1.72	4293996	HQ
MFD01721.bin.1.74	3841696	HQ
MFD01721.bin.1.77	4544305	HQ
MFD01721.bin.1.79	4202682	HQ
MFD01721.bin.1.80	3767409	HQ
MFD01721.bin.1.82	5218354	HQ
MFD01721.bin.1.83	4234673	HQ
MFD01721.bin.1.86	4079650	HQ
MFD01721.bin.1.87	5296391	HQ
MFD01721.bin.1.88	7692181	HQ
MFD01721.bin.1.94	3885004	HQ
MFD01721.bin.1.97	2873081	HQ
MFD01721.bin.1.99	4367901	HQ
MFD01721.bin.2.122	3073535	HQ
MFD01721.bin.2.183	3608799	HQ
MFD01721.bin.2.71	4319547	HQ
MFD01721.bin.2.72	3109532	HQ
MFD01721.bin.2.92	4599170	HQ
MFD01721.bin.3.318	4711444	HQ
MFD01828.bin.1.100	5464971	HQ
MFD01828.bin.1.115	4801648	HQ
MFD01828.bin.1.12	5337771	HQ
MFD01828.bin.1.14	6135846	HQ
MFD01828.bin.1.38	5160173	HQ
MFD01828.bin.1.43	3458659	HQ
MFD01828.bin.1.47	4712715	HQ
MFD01828.bin.1.64	4796629	HQ
MFD01828.bin.1.70	3159992	HQ
MFD01828.bin.1.81	5758451	HQ
MFD01828.bin.1.96	4623382	HQ
MFD01872.bin.1.10	4092291	HQ
MFD01872.bin.1.103	4153430	HQ
MFD01872.bin.1.105	2448382	HQ
MFD01872.bin.1.109	3657726	HQ
MFD01872.bin.1.11	4776081	HQ
MFD01872.bin.1.111	3574381	HQ
MFD01872.bin.1.112	4236632	HQ
MFD01872.bin.1.12	6299867	HQ
MFD01872.bin.1.132	5033285	HQ
MFD01872.bin.1.174	4036215	HQ
MFD01872.bin.1.18	5165179	HQ
MFD01872.bin.1.196	3873838	HQ
MFD01872.bin.1.198	4471325	HQ
MFD01872.bin.1.2	4494984	HQ
MFD01872.bin.1.203	5651423	HQ
MFD01872.bin.1.207	6384988	HQ
MFD01872.bin.1.210	6832243	HQ
MFD01872.bin.1.212	4684810	HQ
MFD01872.bin.1.215	5088052	HQ
MFD01872.bin.1.220	4940799	HQ
MFD01872.bin.1.223	6267735	HQ
MFD01872.bin.1.224	4359815	HQ
MFD01872.bin.1.230	4353554	HQ
MFD01872.bin.1.24	3396848	HQ
MFD01872.bin.1.255	5247868	HQ
MFD01872.bin.1.260	4474136	HQ
MFD01872.bin.1.270	5669810	HQ
MFD01872.bin.1.273	3691472	HQ
MFD01872.bin.1.276	4628782	HQ
MFD01872.bin.1.283	5219836	HQ
MFD01872.bin.1.291	3568790	HQ
MFD01872.bin.1.293	6389268	HQ
MFD01872.bin.1.311	5181590	HQ
MFD01872.bin.1.312	3135361	HQ
MFD01872.bin.1.315	3524800	HQ
MFD01872.bin.1.321	4513220	HQ
MFD01872.bin.1.327	2684933	HQ
MFD01872.bin.1.329	4222900	HQ
MFD01872.bin.1.352	4316643	HQ
MFD01872.bin.1.36	4011278	HQ
MFD01872.bin.1.361	6862649	HQ
MFD01872.bin.1.37	3917248	HQ
MFD01872.bin.1.40	5429735	HQ
MFD01872.bin.1.6	4180933	HQ
MFD01872.bin.1.63	4157387	HQ
MFD01872.bin.1.66	4102466	HQ
MFD01872.bin.1.72	5557897	HQ
MFD01872.bin.1.75	5642151	HQ
MFD01872.bin.1.83	3856292	HQ
MFD01872.bin.1.85	4559253	HQ
MFD01872.bin.1.96	5429133	HQ
MFD01872.bin.2.115	6017937	HQ
MFD01872.bin.2.12	5871790	HQ
MFD01872.bin.2.120	5651627	HQ
MFD01872.bin.2.154	6071033	HQ
MFD01872.bin.2.219	4738548	HQ
MFD01872.bin.3.168	4461011	HQ
MFD01916.bin.1.1	4177484	HQ
MFD01916.bin.1.10	4467113	HQ
MFD01916.bin.1.104	5160088	HQ
MFD01916.bin.1.142	4505093	HQ
MFD01916.bin.1.143	5111746	HQ
MFD01916.bin.1.150	4093773	HQ
MFD01916.bin.1.16	6847109	HQ
MFD01916.bin.1.17	8834003	HQ
MFD01916.bin.1.18	1694590	HQ
MFD01916.bin.1.28	4000676	HQ
MFD01916.bin.1.31	5702945	HQ
MFD01916.bin.1.57	4244289	HQ
MFD01916.bin.1.7	2749308	HQ
MFD01916.bin.1.71	4684303	HQ
MFD01916.bin.1.77	5568126	HQ
MFD01916.bin.1.82	2863572	HQ
MFD01916.bin.2.2	2779936	HQ
MFD01916.bin.3.179	2723061	HQ
MFD02134.bin.1.103	6528382	HQ
MFD02134.bin.1.117	4843194	HQ
MFD02134.bin.1.143	4454459	HQ
MFD02134.bin.1.147	3494189	HQ
MFD02134.bin.1.149	2830388	HQ
MFD02134.bin.1.156	3230702	HQ
MFD02134.bin.1.158	3386877	HQ
MFD02134.bin.1.160	3424608	HQ
MFD02134.bin.1.165	2880985	HQ
MFD02134.bin.1.166	3019137	HQ
MFD02134.bin.1.179	4508169	HQ
MFD02134.bin.1.198	3759736	HQ
MFD02134.bin.1.199	4043577	HQ
MFD02134.bin.1.209	3687884	HQ
MFD02134.bin.1.210	4209813	HQ
MFD02134.bin.1.216	4258561	HQ
MFD02134.bin.1.217	3742780	HQ
MFD02134.bin.1.225	4122854	HQ
MFD02134.bin.1.228	5190515	HQ
MFD02134.bin.1.239	3178932	HQ
MFD02134.bin.1.245	6011841	HQ
MFD02134.bin.1.261	4119969	HQ
MFD02134.bin.1.263	3008641	HQ
MFD02134.bin.1.264	5205098	HQ
MFD02134.bin.1.272	3193917	HQ
MFD02134.bin.1.280	3420300	HQ
MFD02134.bin.1.286	5725151	HQ
MFD02134.bin.1.37	4154957	HQ
MFD02134.bin.1.56	3002359	HQ
MFD02134.bin.1.61	3423926	HQ
MFD02134.bin.1.63	3376253	HQ
MFD02134.bin.1.91	7484712	HQ
MFD02134.bin.2.167	1359614	HQ
MFD02134.bin.2.242	3454841	HQ
MFD02134.bin.2.38	4879362	HQ
MFD02134.bin.2.43	4201001	HQ
MFD02134.bin.3.166	5645676	HQ
MFD02138.bin.1.15	3245338	HQ
MFD02138.bin.1.23	5367467	HQ
MFD02138.bin.1.26	5257256	HQ
MFD02138.bin.1.64	2556745	HQ
MFD02138.bin.1.87	3281338	HQ
MFD02138.bin.2.36	4170358	HQ
MFD02138.bin.2.6	4526060	HQ
MFD02159.bin.1.126	4254649	HQ
MFD02159.bin.1.2	3502801	HQ
MFD02159.bin.1.20	3045788	HQ
MFD02159.bin.1.34	7394434	HQ
MFD02159.bin.1.72	3534090	HQ
MFD02159.bin.1.78	4595583	HQ
MFD02159.bin.1.80	3601273	HQ
MFD02159.bin.1.81	3283316	HQ
MFD02159.bin.1.87	2634618	HQ
MFD02159.bin.1.95	5974789	HQ
MFD02159.bin.2.116	4263993	HQ
MFD02199.bin.1.123	5236499	HQ
MFD02199.bin.1.134	3078376	HQ
MFD02199.bin.1.2	3749253	HQ
MFD02199.bin.1.209	4299069	HQ
MFD02199.bin.1.40	3280353	HQ
MFD02199.bin.1.52	3628852	HQ
MFD02199.bin.1.54	3317845	HQ
MFD02199.bin.1.56	3157241	HQ
MFD02199.bin.1.6	6825655	HQ
MFD02199.bin.1.8	7543677	HQ
MFD02199.bin.2.51	3370934	HQ
MFD02199.bin.2.61	3038831	HQ
MFD02242.bin.1.1	4567952	HQ
MFD02242.bin.1.123	4382780	HQ
MFD02242.bin.1.124	4622470	HQ
MFD02242.bin.1.156	6139297	HQ
MFD02242.bin.1.17	3887119	HQ
MFD02242.bin.1.183	4732871	HQ
MFD02242.bin.1.209	3508328	HQ
MFD02242.bin.1.226	7891887	HQ
MFD02242.bin.1.229	7778612	HQ
MFD02242.bin.1.231	1986000	HQ
MFD02242.bin.1.235	3477788	HQ
MFD02242.bin.1.245	4519145	HQ
MFD02242.bin.1.262	4938482	HQ
MFD02242.bin.1.279	6812249	HQ
MFD02242.bin.1.295	3316728	HQ
MFD02242.bin.1.297	5686815	HQ
MFD02242.bin.1.310	2832749	HQ
MFD02242.bin.1.317	4331951	HQ
MFD02242.bin.1.318	3838665	HQ
MFD02242.bin.1.319	4073238	HQ
MFD02242.bin.1.32	3203431	HQ
MFD02242.bin.1.322	5426940	HQ
MFD02242.bin.1.331	3834937	HQ
MFD02242.bin.1.340	7802628	HQ
MFD02242.bin.1.342	4214982	HQ
MFD02242.bin.1.36	3334287	HQ
MFD02242.bin.1.362	7627427	HQ
MFD02242.bin.1.368	3564506	HQ
MFD02242.bin.1.57	4469765	HQ
MFD02242.bin.1.77	4618388	HQ
MFD02242.bin.1.84	5689037	HQ
MFD02242.bin.1.86	3624306	HQ
MFD02242.bin.2.101	5276719	HQ
MFD02242.bin.2.200	4779960	HQ
MFD02242.bin.3.224	3585276	HQ
MFD02248.bin.1.108	5867708	HQ
MFD02248.bin.1.112	3170542	HQ
MFD02248.bin.1.115	5291985	HQ
MFD02248.bin.1.117	4833088	HQ
MFD02248.bin.1.118	6078838	HQ
MFD02248.bin.1.12	5568810	HQ
MFD02248.bin.1.120	5425299	HQ
MFD02248.bin.1.121	2811086	HQ
MFD02248.bin.1.122	3487781	HQ
MFD02248.bin.1.125	5253918	HQ
MFD02248.bin.1.126	5529398	HQ
MFD02248.bin.1.134	2890634	HQ
MFD02248.bin.1.137	5552723	HQ
MFD02248.bin.1.138	5516376	HQ
MFD02248.bin.1.139	6777481	HQ
MFD02248.bin.1.141	5670574	HQ
MFD02248.bin.1.145	6199047	HQ
MFD02248.bin.1.147	7359234	HQ
MFD02248.bin.1.15	4606924	HQ
MFD02248.bin.1.150	4625107	HQ
MFD02248.bin.1.166	6910048	HQ
MFD02248.bin.1.176	4222211	HQ
MFD02248.bin.1.183	5438727	HQ
MFD02248.bin.1.185	4118563	HQ
MFD02248.bin.1.187	5015698	HQ
MFD02248.bin.1.193	6365518	HQ
MFD02248.bin.1.194	3297374	HQ
MFD02248.bin.1.195	8591574	HQ
MFD02248.bin.1.208	3191113	HQ
MFD02248.bin.1.211	6328565	HQ
MFD02248.bin.1.22	5028375	HQ
MFD02248.bin.1.24	7243441	HQ
MFD02248.bin.1.32	4748926	HQ
MFD02248.bin.1.37	5697247	HQ
MFD02248.bin.1.4	6377566	HQ
MFD02248.bin.1.43	3839919	HQ
MFD02248.bin.1.46	5950471	HQ
MFD02248.bin.1.47	5626242	HQ
MFD02248.bin.1.51	4970587	HQ
MFD02248.bin.1.53	3405141	HQ
MFD02248.bin.1.55	2967125	HQ
MFD02248.bin.1.56	7450701	HQ
MFD02248.bin.1.58	6343861	HQ
MFD02248.bin.1.59	4633208	HQ
MFD02248.bin.1.6	6701407	HQ
MFD02248.bin.1.60	2072106	HQ
MFD02248.bin.1.65	2730317	HQ
MFD02248.bin.1.69	6004041	HQ
MFD02248.bin.1.96	4735746	HQ
MFD02248.bin.2.132	5710199	HQ
MFD02248.bin.2.70	4284624	HQ
MFD02360.bin.1.121	3508330	HQ
MFD02360.bin.1.161	2814128	HQ
MFD02360.bin.1.179	4276817	HQ
MFD02360.bin.1.180	9607166	HQ
MFD02360.bin.1.202	2534965	HQ
MFD02360.bin.1.206	2832470	HQ
MFD02360.bin.1.21	4646302	HQ
MFD02360.bin.1.235	2615403	HQ
MFD02360.bin.1.259	6021050	HQ
MFD02360.bin.1.271	6309298	HQ
MFD02360.bin.1.3	3103205	HQ
MFD02360.bin.1.316	3346790	HQ
MFD02360.bin.1.334	4113402	HQ
MFD02360.bin.1.34	3764825	HQ
MFD02360.bin.1.39	3384157	HQ
MFD02360.bin.1.49	4727933	HQ
MFD02360.bin.1.60	2918903	HQ
MFD02360.bin.1.63	4503975	HQ
MFD02360.bin.1.92	5262075	HQ
MFD02360.bin.2.216	5369594	HQ
MFD02360.bin.2.91	2469171	HQ
MFD02360.bin.3.300	4040686	HQ
MFD02416.bin.1.10	4760980	HQ
MFD02416.bin.1.105	5695497	HQ
MFD02416.bin.1.108	3379338	HQ
MFD02416.bin.1.110	3573957	HQ
MFD02416.bin.1.114	3891700	HQ
MFD02416.bin.1.115	7093787	HQ
MFD02416.bin.1.116	3679204	HQ
MFD02416.bin.1.121	1615041	HQ
MFD02416.bin.1.123	1126366	HQ
MFD02416.bin.1.124	2803907	HQ
MFD02416.bin.1.126	4495787	HQ
MFD02416.bin.1.127	4036810	HQ
MFD02416.bin.1.129	3354226	HQ
MFD02416.bin.1.130	4502883	HQ
MFD02416.bin.1.132	2997174	HQ
MFD02416.bin.1.133	3149887	HQ
MFD02416.bin.1.135	3112058	HQ
MFD02416.bin.1.136	5184892	HQ
MFD02416.bin.1.138	3105667	HQ
MFD02416.bin.1.14	3850560	HQ
MFD02416.bin.1.144	5461573	HQ
MFD02416.bin.1.147	4222705	HQ
MFD02416.bin.1.149	5119280	HQ
MFD02416.bin.1.157	1776910	HQ
MFD02416.bin.1.163	5453612	HQ
MFD02416.bin.1.164	4147025	HQ
MFD02416.bin.1.17	4492878	HQ
MFD02416.bin.1.176	6408538	HQ
MFD02416.bin.1.18	4781085	HQ
MFD02416.bin.1.194	5241888	HQ
MFD02416.bin.1.208	3833888	HQ
MFD02416.bin.1.219	4509582	HQ
MFD02416.bin.1.241	4900827	HQ
MFD02416.bin.1.244	4900955	HQ
MFD02416.bin.1.258	5103951	HQ
MFD02416.bin.1.262	6902646	HQ
MFD02416.bin.1.267	3946599	HQ
MFD02416.bin.1.269	4359768	HQ
MFD02416.bin.1.270	4965812	HQ
MFD02416.bin.1.272	4227454	HQ
MFD02416.bin.1.274	3380608	HQ
MFD02416.bin.1.275	4114910	HQ
MFD02416.bin.1.276	4533973	HQ
MFD02416.bin.1.279	4920363	HQ
MFD02416.bin.1.28	2555692	HQ
MFD02416.bin.1.280	4280552	HQ
MFD02416.bin.1.281	4390047	HQ
MFD02416.bin.1.282	5605738	HQ
MFD02416.bin.1.284	5262915	HQ
MFD02416.bin.1.290	6969450	HQ
MFD02416.bin.1.291	3389142	HQ
MFD02416.bin.1.293	9963518	HQ
MFD02416.bin.1.295	4038314	HQ
MFD02416.bin.1.3	3646543	HQ
MFD02416.bin.1.30	4090876	HQ
MFD02416.bin.1.311	5613736	HQ
MFD02416.bin.1.313	4918290	HQ
MFD02416.bin.1.315	5690408	HQ
MFD02416.bin.1.317	6309644	HQ
MFD02416.bin.1.319	3776952	HQ
MFD02416.bin.1.321	4968054	HQ
MFD02416.bin.1.322	3949877	HQ
MFD02416.bin.1.324	5517612	HQ
MFD02416.bin.1.328	4969884	HQ
MFD02416.bin.1.329	6049248	HQ
MFD02416.bin.1.333	2818313	HQ
MFD02416.bin.1.334	4224233	HQ
MFD02416.bin.1.337	6362823	HQ
MFD02416.bin.1.343	6614609	HQ
MFD02416.bin.1.345	3750078	HQ
MFD02416.bin.1.346	4622502	HQ
MFD02416.bin.1.350	6031410	HQ
MFD02416.bin.1.351	5514211	HQ
MFD02416.bin.1.36	3054196	HQ
MFD02416.bin.1.360	4323863	HQ
MFD02416.bin.1.362	4422748	HQ
MFD02416.bin.1.365	5256075	HQ
MFD02416.bin.1.37	3398309	HQ
MFD02416.bin.1.373	4120518	HQ
MFD02416.bin.1.374	5200521	HQ
MFD02416.bin.1.379	4355488	HQ
MFD02416.bin.1.382	6441148	HQ
MFD02416.bin.1.390	5438199	HQ
MFD02416.bin.1.391	4627590	HQ
MFD02416.bin.1.395	8079047	HQ
MFD02416.bin.1.397	1732363	HQ
MFD02416.bin.1.398	3467055	HQ
MFD02416.bin.1.4	6017163	HQ
MFD02416.bin.1.403	5246969	HQ
MFD02416.bin.1.409	4879181	HQ
MFD02416.bin.1.410	5742278	HQ
MFD02416.bin.1.411	6258354	HQ
MFD02416.bin.1.414	5756748	HQ
MFD02416.bin.1.415	8349101	HQ
MFD02416.bin.1.417	4658995	HQ
MFD02416.bin.1.418	4094371	HQ
MFD02416.bin.1.42	6645485	HQ
MFD02416.bin.1.43	3655414	HQ
MFD02416.bin.1.44	7260378	HQ
MFD02416.bin.1.48	3145279	HQ
MFD02416.bin.1.50	3810627	HQ
MFD02416.bin.1.53	3175682	HQ
MFD02416.bin.1.57	4000975	HQ
MFD02416.bin.1.58	4167513	HQ
MFD02416.bin.1.61	4775924	HQ
MFD02416.bin.1.65	3739891	HQ
MFD02416.bin.1.66	3850359	HQ
MFD02416.bin.1.7	3457643	HQ
MFD02416.bin.1.74	3283183	HQ
MFD02416.bin.1.76	2610102	HQ
MFD02416.bin.1.77	7091704	HQ
MFD02416.bin.1.78	3443438	HQ
MFD02416.bin.1.81	4352601	HQ
MFD02416.bin.1.82	8263367	HQ
MFD02416.bin.1.83	5644863	HQ
MFD02416.bin.1.84	3550574	HQ
MFD02416.bin.1.89	2354265	HQ
MFD02416.bin.1.9	3272749	HQ
MFD02416.bin.1.93	5129830	HQ
MFD02416.bin.1.94	4071621	HQ
MFD02416.bin.1.95	5422511	HQ
MFD02416.bin.1.98	7583791	HQ
MFD02416.bin.2.141	5798570	HQ
MFD02416.bin.2.150	5285169	HQ
MFD02416.bin.2.172	5878578	HQ
MFD02416.bin.2.189	3176255	HQ
MFD02416.bin.2.190	5168424	HQ
MFD02416.bin.2.73	4323381	HQ
MFD02416.bin.3.134	5473121	HQ
MFD02416.bin.3.238	4384694	HQ
MFD02416.bin.3.269	3947257	HQ
MFD02472.bin.1.12	5099067	HQ
MFD02472.bin.1.18	5950930	HQ
MFD02472.bin.1.46	4050623	HQ
MFD02472.bin.1.50	3119902	HQ
MFD02579.bin.1.106	6594390	HQ
MFD02579.bin.1.11	9620814	HQ
MFD02579.bin.1.110	5610414	HQ
MFD02579.bin.1.114	5003626	HQ
MFD02579.bin.1.115	6471002	HQ
MFD02579.bin.1.116	6158958	HQ
MFD02579.bin.1.12	6334101	HQ
MFD02579.bin.1.14	5335051	HQ
MFD02579.bin.1.15	5365693	HQ
MFD02579.bin.1.16	5152468	HQ
MFD02579.bin.1.26	4903456	HQ
MFD02579.bin.1.29	5320913	HQ
MFD02579.bin.1.31	3558041	HQ
MFD02579.bin.1.39	5773177	HQ
MFD02579.bin.1.41	5798267	HQ
MFD02579.bin.1.50	5345610	HQ
MFD02579.bin.1.51	5542593	HQ
MFD02579.bin.1.52	7934001	HQ
MFD02579.bin.1.54	6046202	HQ
MFD02579.bin.1.63	7100740	HQ
MFD02579.bin.1.65	7470856	HQ
MFD02579.bin.1.71	1521901	HQ
MFD02579.bin.1.77	4835777	HQ
MFD02579.bin.2.2	7607792	HQ
MFD02581.bin.1.1	4443098	HQ
MFD02581.bin.1.10	3110986	HQ
MFD02581.bin.1.105	3612418	HQ
MFD02581.bin.1.106	4156994	HQ
MFD02581.bin.1.11	4321668	HQ
MFD02581.bin.1.116	4199835	HQ
MFD02581.bin.1.122	3841382	HQ
MFD02581.bin.1.138	2783072	HQ
MFD02581.bin.1.145	3566911	HQ
MFD02581.bin.1.149	3874184	HQ
MFD02581.bin.1.159	3403430	HQ
MFD02581.bin.1.162	3492889	HQ
MFD02581.bin.1.167	4339526	HQ
MFD02581.bin.1.168	3651453	HQ
MFD02581.bin.1.176	4337411	HQ
MFD02581.bin.1.182	4104894	HQ
MFD02581.bin.1.187	2392094	HQ
MFD02581.bin.1.188	3315915	HQ
MFD02581.bin.1.193	3406779	HQ
MFD02581.bin.1.196	3291915	HQ
MFD02581.bin.1.2	3747144	HQ
MFD02581.bin.1.20	4176414	HQ
MFD02581.bin.1.200	3882999	HQ
MFD02581.bin.1.203	3622142	HQ
MFD02581.bin.1.209	3900099	HQ
MFD02581.bin.1.211	3564141	HQ
MFD02581.bin.1.216	3674863	HQ
MFD02581.bin.1.222	5151600	HQ
MFD02581.bin.1.225	4038769	HQ
MFD02581.bin.1.230	2743734	HQ
MFD02581.bin.1.234	3359956	HQ
MFD02581.bin.1.237	3973957	HQ
MFD02581.bin.1.244	3749836	HQ
MFD02581.bin.1.259	4219758	HQ
MFD02581.bin.1.268	4287574	HQ
MFD02581.bin.1.270	3923202	HQ
MFD02581.bin.1.271	4747184	HQ
MFD02581.bin.1.277	3950910	HQ
MFD02581.bin.1.279	4044703	HQ
MFD02581.bin.1.282	3855204	HQ
MFD02581.bin.1.289	4085266	HQ
MFD02581.bin.1.29	5173094	HQ
MFD02581.bin.1.31	3583694	HQ
MFD02581.bin.1.32	3432347	HQ
MFD02581.bin.1.4	3599106	HQ
MFD02581.bin.1.41	2328683	HQ
MFD02581.bin.1.52	5156160	HQ
MFD02581.bin.1.56	3850847	HQ
MFD02581.bin.1.61	4299948	HQ
MFD02581.bin.1.63	3718147	HQ
MFD02581.bin.1.67	4411931	HQ
MFD02581.bin.1.69	3981997	HQ
MFD02581.bin.1.72	1978748	HQ
MFD02581.bin.1.75	3770014	HQ
MFD02581.bin.1.86	2606817	HQ
MFD02581.bin.2.150	6865645	HQ
MFD02581.bin.2.210	3171730	HQ
MFD02581.bin.2.25	4324802	HQ
MFD02581.bin.2.30	3852751	HQ
MFD02581.bin.2.47	3159919	HQ
MFD02581.bin.3.121	3593379	HQ
MFD02581.bin.3.38	4062244	HQ
MFD02581.bin.3.437	8487331	HQ
MFD02581.bin.3.448	3678162	HQ
MFD02581.bin.3.460	3351804	HQ
MFD02671.bin.1.117	5001710	HQ
MFD02671.bin.1.13	4408054	HQ
MFD02671.bin.1.139	5678054	HQ
MFD02671.bin.1.140	7931443	HQ
MFD02671.bin.1.18	6114155	HQ
MFD02671.bin.1.25	6627834	HQ
MFD02671.bin.1.30	5080215	HQ
MFD02671.bin.1.46	5171152	HQ
MFD02671.bin.1.56	8151249	HQ
MFD02671.bin.1.57	9563778	HQ
MFD02671.bin.1.59	5293380	HQ
MFD02671.bin.1.63	4608695	HQ
MFD02671.bin.1.70	5434612	HQ
MFD02671.bin.1.9	3071441	HQ
MFD02671.bin.1.97	3308769	HQ
MFD02671.bin.1.99	4874259	HQ
MFD02809.bin.1.101	4024243	HQ
MFD02809.bin.1.112	3289893	HQ
MFD02809.bin.1.145	4964112	HQ
MFD02809.bin.1.206	4564609	HQ
MFD02809.bin.1.217	3466775	HQ
MFD02809.bin.1.237	3698252	HQ
MFD02809.bin.1.263	6111864	HQ
MFD02809.bin.1.264	3323156	HQ
MFD02809.bin.1.277	2766721	HQ
MFD02809.bin.1.312	3478734	HQ
MFD02809.bin.1.313	5185285	HQ
MFD02809.bin.1.331	4676852	HQ
MFD02809.bin.1.359	4027011	HQ
MFD02809.bin.1.58	4934208	HQ
MFD02809.bin.1.75	4009100	HQ
MFD02809.bin.1.83	3013033	HQ
MFD02809.bin.2.53	5099406	HQ
MFD02832.bin.1.100	2980422	HQ
MFD02832.bin.1.105	3204398	HQ
MFD02832.bin.1.108	3043239	HQ
MFD02832.bin.1.115	4682237	HQ
MFD02832.bin.1.129	3597893	HQ
MFD02832.bin.1.134	3227633	HQ
MFD02832.bin.1.135	4463388	HQ
MFD02832.bin.1.142	3617898	HQ
MFD02832.bin.1.145	3347535	HQ
MFD02832.bin.1.149	4077403	HQ
MFD02832.bin.1.152	4411384	HQ
MFD02832.bin.1.154	3032175	HQ
MFD02832.bin.1.158	4262485	HQ
MFD02832.bin.1.159	4191211	HQ
MFD02832.bin.1.170	2515752	HQ
MFD02832.bin.1.173	5465408	HQ
MFD02832.bin.1.176	4208176	HQ
MFD02832.bin.1.177	3388150	HQ
MFD02832.bin.1.178	3175861	HQ
MFD02832.bin.1.179	1022249	HQ
MFD02832.bin.1.183	2898433	HQ
MFD02832.bin.1.184	3629111	HQ
MFD02832.bin.1.185	7023351	HQ
MFD02832.bin.1.191	4854661	HQ
MFD02832.bin.1.21	3800039	HQ
MFD02832.bin.1.22	4005813	HQ
MFD02832.bin.1.25	5192352	HQ
MFD02832.bin.1.27	3783595	HQ
MFD02832.bin.1.28	6391602	HQ
MFD02832.bin.1.3	3024679	HQ
MFD02832.bin.1.30	3332813	HQ
MFD02832.bin.1.31	4163888	HQ
MFD02832.bin.1.36	3142693	HQ
MFD02832.bin.1.37	1267896	HQ
MFD02832.bin.1.4	5447502	HQ
MFD02832.bin.1.42	1575361	HQ
MFD02832.bin.1.55	4743223	HQ
MFD02832.bin.1.63	4189296	HQ
MFD02832.bin.1.64	1987731	HQ
MFD02832.bin.1.68	3407314	HQ
MFD02832.bin.1.72	4785974	HQ
MFD02832.bin.1.77	3017730	HQ
MFD02832.bin.1.79	2851191	HQ
MFD02832.bin.1.88	6114915	HQ
MFD02832.bin.1.89	3293578	HQ
MFD02832.bin.1.9	2264800	HQ
MFD02832.bin.1.93	3518885	HQ
MFD02832.bin.1.96	6132709	HQ
MFD02832.bin.1.97	2108340	HQ
MFD02832.bin.2.132	3770115	HQ
MFD02832.bin.2.48	2962026	HQ
MFD02832.bin.3.66	2164182	HQ
MFD02840.bin.1.11	3495000	HQ
MFD02840.bin.1.123	5273077	HQ
MFD02840.bin.1.13	3742650	HQ
MFD02840.bin.1.134	3666094	HQ
MFD02840.bin.1.155	4456348	HQ
MFD02840.bin.1.159	3682580	HQ
MFD02840.bin.1.166	3816014	HQ
MFD02840.bin.1.179	2480430	HQ
MFD02840.bin.1.19	5999814	HQ
MFD02840.bin.1.192	4296424	HQ
MFD02840.bin.1.199	4261971	HQ
MFD02840.bin.1.2	6619670	HQ
MFD02840.bin.1.22	6423717	HQ
MFD02840.bin.1.220	6777364	HQ
MFD02840.bin.1.226	3049672	HQ
MFD02840.bin.1.228	4428037	HQ
MFD02840.bin.1.229	5976563	HQ
MFD02840.bin.1.230	5416601	HQ
MFD02840.bin.1.231	3606784	HQ
MFD02840.bin.1.233	5823737	HQ
MFD02840.bin.1.236	5241909	HQ
MFD02840.bin.1.238	3214949	HQ
MFD02840.bin.1.240	4443647	HQ
MFD02840.bin.1.241	2889359	HQ
MFD02840.bin.1.248	3019647	HQ
MFD02840.bin.1.249	7459275	HQ
MFD02840.bin.1.255	7066612	HQ
MFD02840.bin.1.258	3504547	HQ
MFD02840.bin.1.259	6349680	HQ
MFD02840.bin.1.26	5498735	HQ
MFD02840.bin.1.264	7063389	HQ
MFD02840.bin.1.267	5954500	HQ
MFD02840.bin.1.268	4334249	HQ
MFD02840.bin.1.278	4360108	HQ
MFD02840.bin.1.279	4498769	HQ
MFD02840.bin.1.283	7654094	HQ
MFD02840.bin.1.289	3811456	HQ
MFD02840.bin.1.295	3687740	HQ
MFD02840.bin.1.296	4218548	HQ
MFD02840.bin.1.3	6442881	HQ
MFD02840.bin.1.300	3618309	HQ
MFD02840.bin.1.302	4223279	HQ
MFD02840.bin.1.303	5023918	HQ
MFD02840.bin.1.307	7275218	HQ
MFD02840.bin.1.311	5713971	HQ
MFD02840.bin.1.317	5979470	HQ
MFD02840.bin.1.319	5160623	HQ
MFD02840.bin.1.32	6884221	HQ
MFD02840.bin.1.327	5365727	HQ
MFD02840.bin.1.33	6060336	HQ
MFD02840.bin.1.354	4960572	HQ
MFD02840.bin.1.357	5764367	HQ
MFD02840.bin.1.372	3872373	HQ
MFD02840.bin.1.376	2878984	HQ
MFD02840.bin.1.380	4803535	HQ
MFD02840.bin.1.387	3771110	HQ
MFD02840.bin.1.397	6147103	HQ
MFD02840.bin.1.400	3026556	HQ
MFD02840.bin.1.405	4537710	HQ
MFD02840.bin.1.406	3840039	HQ
MFD02840.bin.1.414	3078616	HQ
MFD02840.bin.1.418	2955367	HQ
MFD02840.bin.1.419	4460400	HQ
MFD02840.bin.1.420	8862375	HQ
MFD02840.bin.1.423	5209924	HQ
MFD02840.bin.1.46	4527529	HQ
MFD02840.bin.1.5	5936128	HQ
MFD02840.bin.1.57	5419058	HQ
MFD02840.bin.1.69	4180608	HQ
MFD02840.bin.1.7	6762564	HQ
MFD02840.bin.1.73	5921525	HQ
MFD02840.bin.1.77	5272345	HQ
MFD02840.bin.1.91	4716222	HQ
MFD02840.bin.1.97	10580666	HQ
MFD02840.bin.2.129	5235564	HQ
MFD02840.bin.2.141	7628270	HQ
MFD02840.bin.2.252	6541843	HQ
MFD02840.bin.2.274	4825911	HQ
MFD02840.bin.3.332	4970092	HQ
MFD02840.bin.3.481	4830554	HQ
MFD02840.bin.3.587	2885681	HQ
MFD02840.bin.3.7	4686890	HQ
MFD02923.bin.1.10	5910282	HQ
MFD02923.bin.1.116	5058119	HQ
MFD02923.bin.1.118	4386904	HQ
MFD02923.bin.1.123	5674744	HQ
MFD02923.bin.1.129	4369012	HQ
MFD02923.bin.1.131	3543605	HQ
MFD02923.bin.1.132	4515398	HQ
MFD02923.bin.1.133	3764785	HQ
MFD02923.bin.1.139	3777684	HQ
MFD02923.bin.1.142	5652603	HQ
MFD02923.bin.1.143	3906669	HQ
MFD02923.bin.1.144	6124733	HQ
MFD02923.bin.1.145	2122115	HQ
MFD02923.bin.1.148	5046565	HQ
MFD02923.bin.1.150	3339879	HQ
MFD02923.bin.1.151	5148391	HQ
MFD02923.bin.1.160	3805833	HQ
MFD02923.bin.1.166	5480653	HQ
MFD02923.bin.1.168	3717666	HQ
MFD02923.bin.1.27	3441520	HQ
MFD02923.bin.1.29	3976664	HQ
MFD02923.bin.1.35	7844379	HQ
MFD02923.bin.1.36	3380935	HQ
MFD02923.bin.1.41	5110959	HQ
MFD02923.bin.1.43	2419543	HQ
MFD02923.bin.1.44	2227662	HQ
MFD02923.bin.1.45	3460471	HQ
MFD02923.bin.1.48	3760901	HQ
MFD02923.bin.1.49	5005210	HQ
MFD02923.bin.1.74	4397592	HQ
MFD02923.bin.1.75	3977389	HQ
MFD02923.bin.1.83	3227375	HQ
MFD02923.bin.1.85	4312720	HQ
MFD02923.bin.1.9	2903282	HQ
MFD02923.bin.1.90	4171950	HQ
MFD02923.bin.1.91	4194831	HQ
MFD02923.bin.1.92	5153724	HQ
MFD02923.bin.1.97	3091229	HQ
MFD02923.bin.1.99	4739457	HQ
MFD02923.bin.2.9	4733921	HQ
MFD02979.bin.1.10	4935565	HQ
MFD02979.bin.1.11	6582360	HQ
MFD02979.bin.1.123	3970529	HQ
MFD02979.bin.1.133	4081865	HQ
MFD02979.bin.1.139	5841710	HQ
MFD02979.bin.1.14	4827188	HQ
MFD02979.bin.1.141	4934926	HQ
MFD02979.bin.1.144	4582199	HQ
MFD02979.bin.1.145	4520061	HQ
MFD02979.bin.1.148	5653179	HQ
MFD02979.bin.1.149	8194968	HQ
MFD02979.bin.1.152	3130472	HQ
MFD02979.bin.1.154	3723065	HQ
MFD02979.bin.1.169	3477973	HQ
MFD02979.bin.1.171	5429550	HQ
MFD02979.bin.1.195	3681361	HQ
MFD02979.bin.1.202	3053955	HQ
MFD02979.bin.1.204	8258326	HQ
MFD02979.bin.1.207	3307136	HQ
MFD02979.bin.1.211	3028440	HQ
MFD02979.bin.1.23	3813980	HQ
MFD02979.bin.1.237	2888104	HQ
MFD02979.bin.1.243	3668474	HQ
MFD02979.bin.1.39	2959090	HQ
MFD02979.bin.1.4	4199398	HQ
MFD02979.bin.1.41	3257421	HQ
MFD02979.bin.1.60	3238047	HQ
MFD02979.bin.1.62	4596041	HQ
MFD02979.bin.1.65	4825438	HQ
MFD02979.bin.1.67	3419289	HQ
MFD02979.bin.1.73	3950998	HQ
MFD02979.bin.1.76	3614490	HQ
MFD02979.bin.1.79	4487190	HQ
MFD02979.bin.1.8	4754621	HQ
MFD02979.bin.1.81	4913140	HQ
MFD02979.bin.1.82	3869910	HQ
MFD02979.bin.1.88	2687397	HQ
MFD02979.bin.1.94	3966873	HQ
MFD02979.bin.2.126	2956421	HQ
MFD02979.bin.2.51	4891650	HQ
MFD02979.bin.2.74	4367035	HQ
MFD02979.bin.2.87	3460088	HQ
MFD02979.bin.2.89	4163180	HQ
MFD02979.bin.2.93	4613325	HQ
MFD03044.bin.1.1	4868604	HQ
MFD03044.bin.1.101	4350614	HQ
MFD03044.bin.1.103	5404106	HQ
MFD03044.bin.1.106	5985435	HQ
MFD03044.bin.1.108	4347220	HQ
MFD03044.bin.1.109	3432187	HQ
MFD03044.bin.1.111	5645571	HQ
MFD03044.bin.1.118	6128339	HQ
MFD03044.bin.1.135	5518655	HQ
MFD03044.bin.1.139	5200881	HQ
MFD03044.bin.1.148	3878666	HQ
MFD03044.bin.1.149	4516620	HQ
MFD03044.bin.1.150	6162194	HQ
MFD03044.bin.1.155	4482901	HQ
MFD03044.bin.1.157	5538636	HQ
MFD03044.bin.1.163	4151821	HQ
MFD03044.bin.1.165	5985215	HQ
MFD03044.bin.1.2	3887927	HQ
MFD03044.bin.1.20	4854489	HQ
MFD03044.bin.1.21	3999070	HQ
MFD03044.bin.1.24	7182452	HQ
MFD03044.bin.1.30	2422009	HQ
MFD03044.bin.1.43	4158343	HQ
MFD03044.bin.1.45	6131451	HQ
MFD03044.bin.1.46	5755606	HQ
MFD03044.bin.1.47	4575111	HQ
MFD03044.bin.1.49	4968385	HQ
MFD03044.bin.1.55	4813504	HQ
MFD03044.bin.1.56	4899733	HQ
MFD03044.bin.1.57	3270098	HQ
MFD03044.bin.1.7	7220754	HQ
MFD03044.bin.1.95	6884957	HQ
MFD03044.bin.2.104	4339669	HQ
MFD03044.bin.2.51	3060136	HQ
MFD03044.bin.2.66	8303024	HQ
MFD03044.bin.2.89	6525364	HQ
MFD03066.bin.1.130	3337117	HQ
MFD03066.bin.1.176	4554657	HQ
MFD03066.bin.1.18	2446817	HQ
MFD03066.bin.1.201	7147178	HQ
MFD03066.bin.1.215	3912354	HQ
MFD03066.bin.1.230	7667537	HQ
MFD03066.bin.1.24	3475565	HQ
MFD03066.bin.1.255	8345457	HQ
MFD03066.bin.1.35	4332485	HQ
MFD03066.bin.1.45	3740380	HQ
MFD03066.bin.1.51	3182320	HQ
MFD03066.bin.1.56	4058893	HQ
MFD03066.bin.1.8	7012870	HQ
MFD03066.bin.1.83	4640008	HQ
MFD03066.bin.3.192	4630410	HQ
MFD03250.bin.1.1	4496463	HQ
MFD03250.bin.1.10	9308519	HQ
MFD03250.bin.1.107	3329193	HQ
MFD03250.bin.1.109	3534002	HQ
MFD03250.bin.1.112	3699951	HQ
MFD03250.bin.1.113	3003225	HQ
MFD03250.bin.1.114	8161468	HQ
MFD03250.bin.1.115	7259230	HQ
MFD03250.bin.1.116	4534723	HQ
MFD03250.bin.1.117	5397672	HQ
MFD03250.bin.1.118	3655195	HQ
MFD03250.bin.1.119	3957757	HQ
MFD03250.bin.1.121	4920345	HQ
MFD03250.bin.1.122	5507199	HQ
MFD03250.bin.1.123	3465891	HQ
MFD03250.bin.1.125	3778210	HQ
MFD03250.bin.1.126	5074926	HQ
MFD03250.bin.1.129	5753667	HQ
MFD03250.bin.1.13	3167972	HQ
MFD03250.bin.1.130	5677707	HQ
MFD03250.bin.1.131	5221242	HQ
MFD03250.bin.1.133	3505368	HQ
MFD03250.bin.1.134	3790383	HQ
MFD03250.bin.1.135	2743885	HQ
MFD03250.bin.1.141	5165190	HQ
MFD03250.bin.1.142	2085308	HQ
MFD03250.bin.1.143	4813334	HQ
MFD03250.bin.1.144	5648748	HQ
MFD03250.bin.1.145	4786958	HQ
MFD03250.bin.1.149	5188517	HQ
MFD03250.bin.1.151	3472030	HQ
MFD03250.bin.1.152	3789515	HQ
MFD03250.bin.1.16	2331622	HQ
MFD03250.bin.1.160	3964881	HQ
MFD03250.bin.1.161	4651509	HQ
MFD03250.bin.1.162	5284537	HQ
MFD03250.bin.1.163	4761998	HQ
MFD03250.bin.1.164	10069555	HQ
MFD03250.bin.1.165	4507760	HQ
MFD03250.bin.1.167	2904569	HQ
MFD03250.bin.1.168	4426743	HQ
MFD03250.bin.1.169	3634901	HQ
MFD03250.bin.1.17	3275909	HQ
MFD03250.bin.1.170	4787832	HQ
MFD03250.bin.1.175	4910602	HQ
MFD03250.bin.1.178	4261501	HQ
MFD03250.bin.1.182	3363831	HQ
MFD03250.bin.1.183	3724774	HQ
MFD03250.bin.1.184	3836753	HQ
MFD03250.bin.1.187	2449196	HQ
MFD03250.bin.1.188	3301310	HQ
MFD03250.bin.1.19	5472705	HQ
MFD03250.bin.1.191	3723787	HQ
MFD03250.bin.1.193	3321213	HQ
MFD03250.bin.1.194	6379548	HQ
MFD03250.bin.1.197	2613609	HQ
MFD03250.bin.1.200	2398013	HQ
MFD03250.bin.1.23	2447247	HQ
MFD03250.bin.1.24	3855810	HQ
MFD03250.bin.1.25	3786308	HQ
MFD03250.bin.1.26	3733815	HQ
MFD03250.bin.1.32	5330111	HQ
MFD03250.bin.1.36	3949582	HQ
MFD03250.bin.1.38	3426208	HQ
MFD03250.bin.1.39	3200724	HQ
MFD03250.bin.1.42	2021224	HQ
MFD03250.bin.1.43	3590344	HQ
MFD03250.bin.1.45	4363464	HQ
MFD03250.bin.1.46	4324786	HQ
MFD03250.bin.1.47	4122665	HQ
MFD03250.bin.1.48	2489207	HQ
MFD03250.bin.1.51	4635722	HQ
MFD03250.bin.1.52	5306316	HQ
MFD03250.bin.1.53	3633664	HQ
MFD03250.bin.1.55	6679112	HQ
MFD03250.bin.1.57	1706637	HQ
MFD03250.bin.1.59	3648608	HQ
MFD03250.bin.1.6	4296808	HQ
MFD03250.bin.1.61	2805941	HQ
MFD03250.bin.1.64	5153234	HQ
MFD03250.bin.1.66	2165475	HQ
MFD03250.bin.1.67	4821741	HQ
MFD03250.bin.1.69	3545644	HQ
MFD03250.bin.1.70	4541636	HQ
MFD03250.bin.1.74	3684443	HQ
MFD03250.bin.1.86	5448743	HQ
MFD03250.bin.1.9	2301021	HQ
MFD03250.bin.1.95	4466531	HQ
MFD03250.bin.2.77	4655627	HQ
MFD03250.bin.2.95	3381643	HQ
MFD03250.bin.3.145	4090846	HQ
MFD03323.bin.1.10	3152780	HQ
MFD03323.bin.1.108	5462088	HQ
MFD03323.bin.1.124	5041577	HQ
MFD03323.bin.1.136	5297360	HQ
MFD03323.bin.1.140	3954011	HQ
MFD03323.bin.1.143	4562870	HQ
MFD03323.bin.1.18	4406958	HQ
MFD03323.bin.1.56	4706024	HQ
MFD03323.bin.1.82	5724106	HQ
MFD03323.bin.1.98	6714205	HQ
MFD03323.bin.2.33	1530897	HQ
MFD03323.bin.2.59	3087569	HQ
MFD03346.bin.1.1	7298742	HQ
MFD03346.bin.1.10	2583106	HQ
MFD03346.bin.1.121	5102680	HQ
MFD03346.bin.1.125	7107289	HQ
MFD03346.bin.1.129	4272941	HQ
MFD03346.bin.1.13	6568462	HQ
MFD03346.bin.1.134	5640689	HQ
MFD03346.bin.1.136	5688524	HQ
MFD03346.bin.1.139	6001071	HQ
MFD03346.bin.1.142	5241153	HQ
MFD03346.bin.1.144	6580543	HQ
MFD03346.bin.1.148	5533671	HQ
MFD03346.bin.1.149	6183466	HQ
MFD03346.bin.1.30	10215802	HQ
MFD03346.bin.1.39	4513714	HQ
MFD03346.bin.1.44	5117477	HQ
MFD03346.bin.1.46	4993167	HQ
MFD03346.bin.1.51	5962414	HQ
MFD03346.bin.1.6	5835972	HQ
MFD03346.bin.1.66	5636489	HQ
MFD03346.bin.1.71	6383477	HQ
MFD03346.bin.1.72	5943810	HQ
MFD03346.bin.1.73	7826918	HQ
MFD03346.bin.1.74	6362071	HQ
MFD03346.bin.1.77	4186112	HQ
MFD03346.bin.1.85	6321308	HQ
MFD03346.bin.1.9	4649206	HQ
MFD03346.bin.1.90	4802278	HQ
MFD03346.bin.1.92	4829634	HQ
MFD03346.bin.1.96	4171178	HQ
MFD03346.bin.2.106	6682731	HQ
MFD03346.bin.2.46	6091416	HQ
MFD03346.bin.2.88	6365921	HQ
MFD03346.bin.2.99	5390648	HQ
MFD03399.bin.1.108	4437820	HQ
MFD03399.bin.1.110	6960383	HQ
MFD03399.bin.1.12	4179568	HQ
MFD03399.bin.1.125	4183631	HQ
MFD03399.bin.1.129	4487251	HQ
MFD03399.bin.1.130	5714562	HQ
MFD03399.bin.1.132	5094063	HQ
MFD03399.bin.1.133	5163419	HQ
MFD03399.bin.1.134	6175924	HQ
MFD03399.bin.1.137	3095703	HQ
MFD03399.bin.1.157	7315522	HQ
MFD03399.bin.1.164	3109078	HQ
MFD03399.bin.1.170	4405653	HQ
MFD03399.bin.1.177	3403370	HQ
MFD03399.bin.1.20	4903799	HQ
MFD03399.bin.1.21	6955875	HQ
MFD03399.bin.1.26	4532446	HQ
MFD03399.bin.1.28	3743001	HQ
MFD03399.bin.1.3	4205404	HQ
MFD03399.bin.1.31	5250976	HQ
MFD03399.bin.1.33	4208404	HQ
MFD03399.bin.1.35	4623531	HQ
MFD03399.bin.1.4	4395256	HQ
MFD03399.bin.1.45	5869172	HQ
MFD03399.bin.1.51	4973469	HQ
MFD03399.bin.1.53	4007596	HQ
MFD03399.bin.1.54	4138474	HQ
MFD03399.bin.1.55	4172008	HQ
MFD03399.bin.1.6	5582932	HQ
MFD03399.bin.1.67	5380640	HQ
MFD03399.bin.1.71	4146785	HQ
MFD03399.bin.1.73	5761640	HQ
MFD03399.bin.1.83	4381664	HQ
MFD03399.bin.1.9	4821751	HQ
MFD03399.bin.1.95	4255492	HQ
MFD03399.bin.1.96	2232216	HQ
MFD03399.bin.2.118	5189085	HQ
MFD03399.bin.2.54	4291787	HQ
MFD03551.bin.1.10	4053389	HQ
MFD03551.bin.1.105	3629548	HQ
MFD03551.bin.1.110	3671076	HQ
MFD03551.bin.1.13	3819522	HQ
MFD03551.bin.1.130	3137410	HQ
MFD03551.bin.1.131	4656127	HQ
MFD03551.bin.1.137	3737529	HQ
MFD03551.bin.1.140	4973754	HQ
MFD03551.bin.1.144	3379014	HQ
MFD03551.bin.1.145	3885514	HQ
MFD03551.bin.1.147	5751819	HQ
MFD03551.bin.1.153	3599650	HQ
MFD03551.bin.1.155	3313917	HQ
MFD03551.bin.1.156	5216108	HQ
MFD03551.bin.1.158	3891909	HQ
MFD03551.bin.1.18	4490619	HQ
MFD03551.bin.1.37	3594815	HQ
MFD03551.bin.1.48	3840266	HQ
MFD03551.bin.1.5	4081650	HQ
MFD03551.bin.1.73	3226075	HQ
MFD03551.bin.1.74	3242166	HQ
MFD03551.bin.1.83	2664727	HQ
MFD03551.bin.2.20	3390739	HQ
MFD03551.bin.2.28	3419986	HQ
MFD03551.bin.2.49	4565352	HQ
MFD03551.bin.2.61	4662918	HQ
MFD03551.bin.2.90	3380499	HQ
MFD03602.bin.1.61	6033232	HQ
MFD03602.bin.1.67	6304013	HQ
MFD03602.bin.1.72	4818466	HQ
MFD03726.bin.1.10	2981540	HQ
MFD03726.bin.1.113	3626604	HQ
MFD03726.bin.1.123	3723099	HQ
MFD03726.bin.1.124	3651123	HQ
MFD03726.bin.1.125	7552380	HQ
MFD03726.bin.1.127	2364984	HQ
MFD03726.bin.1.13	4787351	HQ
MFD03726.bin.1.133	3578520	HQ
MFD03726.bin.1.138	5442035	HQ
MFD03726.bin.1.14	6008828	HQ
MFD03726.bin.1.148	2331030	HQ
MFD03726.bin.1.149	4430899	HQ
MFD03726.bin.1.150	5774530	HQ
MFD03726.bin.1.151	4183914	HQ
MFD03726.bin.1.17	658248	HQ
MFD03726.bin.1.170	5381145	HQ
MFD03726.bin.1.177	5323732	HQ
MFD03726.bin.1.19	3868315	HQ
MFD03726.bin.1.194	3093977	HQ
MFD03726.bin.1.195	3493808	HQ
MFD03726.bin.1.201	4055811	HQ
MFD03726.bin.1.203	4027604	HQ
MFD03726.bin.1.208	4808171	HQ
MFD03726.bin.1.212	6867790	HQ
MFD03726.bin.1.218	5175568	HQ
MFD03726.bin.1.222	7853300	HQ
MFD03726.bin.1.226	3705432	HQ
MFD03726.bin.1.229	4578648	HQ
MFD03726.bin.1.230	2316838	HQ
MFD03726.bin.1.241	1235655	HQ
MFD03726.bin.1.243	2485095	HQ
MFD03726.bin.1.27	4516072	HQ
MFD03726.bin.1.29	804691	HQ
MFD03726.bin.1.3	3688977	HQ
MFD03726.bin.1.47	3088212	HQ
MFD03726.bin.1.49	5721685	HQ
MFD03726.bin.1.50	4386260	HQ
MFD03726.bin.1.54	4418429	HQ
MFD03726.bin.1.57	3128276	HQ
MFD03726.bin.1.6	3725883	HQ
MFD03726.bin.1.60	681208	HQ
MFD03726.bin.1.62	3571606	HQ
MFD03726.bin.1.63	5549235	HQ
MFD03726.bin.1.65	3496445	HQ
MFD03726.bin.1.68	1602159	HQ
MFD03726.bin.1.73	3192132	HQ
MFD03726.bin.1.74	1141744	HQ
MFD03726.bin.1.76	644694	HQ
MFD03726.bin.1.80	1099971	HQ
MFD03726.bin.2.26	2545087	HQ
MFD03726.bin.2.46	7122883	HQ
MFD03726.bin.2.9	2787661	HQ
MFD03804.bin.1.100	5431851	HQ
MFD03804.bin.1.101	4717733	HQ
MFD03804.bin.1.111	5007342	HQ
MFD03804.bin.1.12	3959840	HQ
MFD03804.bin.1.13	4139644	HQ
MFD03804.bin.1.132	5161859	HQ
MFD03804.bin.1.151	4590982	HQ
MFD03804.bin.1.157	4059631	HQ
MFD03804.bin.1.160	6062048	HQ
MFD03804.bin.1.162	2119517	HQ
MFD03804.bin.1.164	3123516	HQ
MFD03804.bin.1.166	4683232	HQ
MFD03804.bin.1.167	6227877	HQ
MFD03804.bin.1.168	3022066	HQ
MFD03804.bin.1.169	3300972	HQ
MFD03804.bin.1.170	4889807	HQ
MFD03804.bin.1.183	4114573	HQ
MFD03804.bin.1.185	5024069	HQ
MFD03804.bin.1.187	3297071	HQ
MFD03804.bin.1.189	4384938	HQ
MFD03804.bin.1.194	2627027	HQ
MFD03804.bin.1.198	3318141	HQ
MFD03804.bin.1.2	4089068	HQ
MFD03804.bin.1.203	6385833	HQ
MFD03804.bin.1.207	4592999	HQ
MFD03804.bin.1.209	6030121	HQ
MFD03804.bin.1.21	5232436	HQ
MFD03804.bin.1.213	5734493	HQ
MFD03804.bin.1.224	3610123	HQ
MFD03804.bin.1.229	2889887	HQ
MFD03804.bin.1.231	3852269	HQ
MFD03804.bin.1.232	4449546	HQ
MFD03804.bin.1.235	3688643	HQ
MFD03804.bin.1.238	4589007	HQ
MFD03804.bin.1.24	4021861	HQ
MFD03804.bin.1.241	4522441	HQ
MFD03804.bin.1.249	6046074	HQ
MFD03804.bin.1.251	5008394	HQ
MFD03804.bin.1.257	6938049	HQ
MFD03804.bin.1.262	4752239	HQ
MFD03804.bin.1.265	3848809	HQ
MFD03804.bin.1.269	5121033	HQ
MFD03804.bin.1.273	4935119	HQ
MFD03804.bin.1.279	5942401	HQ
MFD03804.bin.1.32	2698609	HQ
MFD03804.bin.1.34	3501997	HQ
MFD03804.bin.1.36	3280826	HQ
MFD03804.bin.1.37	5131803	HQ
MFD03804.bin.1.39	5887188	HQ
MFD03804.bin.1.4	5737047	HQ
MFD03804.bin.1.42	4535434	HQ
MFD03804.bin.1.44	5419041	HQ
MFD03804.bin.1.47	5564079	HQ
MFD03804.bin.1.5	2819714	HQ
MFD03804.bin.1.53	2709904	HQ
MFD03804.bin.1.56	3630007	HQ
MFD03804.bin.1.6	2795479	HQ
MFD03804.bin.1.60	4538499	HQ
MFD03804.bin.1.66	3401619	HQ
MFD03804.bin.1.67	3711987	HQ
MFD03804.bin.1.68	5040731	HQ
MFD03804.bin.1.74	3943323	HQ
MFD03804.bin.1.76	3369195	HQ
MFD03804.bin.1.79	3466988	HQ
MFD03804.bin.1.8	4472017	HQ
MFD03804.bin.1.81	5754843	HQ
MFD03804.bin.1.84	5509963	HQ
MFD03804.bin.1.88	6548479	HQ
MFD03804.bin.1.93	7320219	HQ
MFD03804.bin.1.96	2879254	HQ
MFD03804.bin.2.106	4301900	HQ
MFD03804.bin.2.135	5414491	HQ
MFD03804.bin.2.142	6145605	HQ
MFD03804.bin.2.57	3432325	HQ
MFD03804.bin.3.132	5954065	HQ
MFD03899.bin.1.111	2306142	HQ
MFD03899.bin.1.130	5233857	HQ
MFD03899.bin.1.137	3495107	HQ
MFD03899.bin.1.178	3494865	HQ
MFD03899.bin.1.184	3910480	HQ
MFD03899.bin.1.187	4338553	HQ
MFD03899.bin.1.231	7694934	HQ
MFD03899.bin.1.233	3848141	HQ
MFD03899.bin.1.28	2187993	HQ
MFD03899.bin.1.41	5804192	HQ
MFD03899.bin.1.52	4178464	HQ
MFD03899.bin.3.121	4361354	HQ
MFD03899.bin.3.229	3501198	HQ
MFD03975.bin.1.103	2514665	HQ
MFD03975.bin.1.150	3541826	HQ
MFD03975.bin.1.151	2870663	HQ
MFD03975.bin.1.166	2578058	HQ
MFD03975.bin.1.169	4760390	HQ
MFD03975.bin.1.215	3715280	HQ
MFD03975.bin.1.217	6629423	HQ
MFD03975.bin.1.240	4169535	HQ
MFD03975.bin.1.244	3928455	HQ
MFD03975.bin.1.276	4202080	HQ
MFD03975.bin.1.282	5605517	HQ
MFD03975.bin.1.3	5297114	HQ
MFD03975.bin.1.33	4633997	HQ
MFD03975.bin.1.47	6897374	HQ
MFD03975.bin.1.62	5792615	HQ
MFD03975.bin.1.9	7244853	HQ
MFD03975.bin.2.71	6340649	HQ
MFD04212.bin.1.1	4646531	HQ
MFD04212.bin.1.10	4747172	HQ
MFD04212.bin.1.11	6731774	HQ
MFD04212.bin.1.130	4956294	HQ
MFD04212.bin.1.138	5960607	HQ
MFD04212.bin.1.152	4436237	HQ
MFD04212.bin.1.158	3395728	HQ
MFD04212.bin.1.16	7050730	HQ
MFD04212.bin.1.161	4501266	HQ
MFD04212.bin.1.165	5261379	HQ
MFD04212.bin.1.169	3094618	HQ
MFD04212.bin.1.17	6198642	HQ
MFD04212.bin.1.177	3235613	HQ
MFD04212.bin.1.179	6555201	HQ
MFD04212.bin.1.180	2742341	HQ
MFD04212.bin.1.184	2981936	HQ
MFD04212.bin.1.186	3673586	HQ
MFD04212.bin.1.19	3103118	HQ
MFD04212.bin.1.190	8000406	HQ
MFD04212.bin.1.193	3463569	HQ
MFD04212.bin.1.198	3190897	HQ
MFD04212.bin.1.200	4568775	HQ
MFD04212.bin.1.205	4908114	HQ
MFD04212.bin.1.206	6771254	HQ
MFD04212.bin.1.208	3848361	HQ
MFD04212.bin.1.21	3459351	HQ
MFD04212.bin.1.211	5057116	HQ
MFD04212.bin.1.214	9078350	HQ
MFD04212.bin.1.232	5967961	HQ
MFD04212.bin.1.234	10230560	HQ
MFD04212.bin.1.237	3197077	HQ
MFD04212.bin.1.24	3661351	HQ
MFD04212.bin.1.25	4481296	HQ
MFD04212.bin.1.269	3161703	HQ
MFD04212.bin.1.289	4307187	HQ
MFD04212.bin.1.291	9304126	HQ
MFD04212.bin.1.292	3938718	HQ
MFD04212.bin.1.294	5495847	HQ
MFD04212.bin.1.298	4169485	HQ
MFD04212.bin.1.3	6276051	HQ
MFD04212.bin.1.303	7990923	HQ
MFD04212.bin.1.309	2953006	HQ
MFD04212.bin.1.315	7751292	HQ
MFD04212.bin.1.32	3436432	HQ
MFD04212.bin.1.320	6011632	HQ
MFD04212.bin.1.326	4023548	HQ
MFD04212.bin.1.40	3136393	HQ
MFD04212.bin.1.42	7254444	HQ
MFD04212.bin.1.43	2669953	HQ
MFD04212.bin.1.44	2580948	HQ
MFD04212.bin.1.45	2870481	HQ
MFD04212.bin.1.56	3346571	HQ
MFD04212.bin.1.59	3779720	HQ
MFD04212.bin.1.65	3741539	HQ
MFD04212.bin.1.66	10825431	HQ
MFD04212.bin.1.67	4484258	HQ
MFD04212.bin.1.71	4561084	HQ
MFD04212.bin.1.72	3387013	HQ
MFD04212.bin.1.81	5820991	HQ
MFD04212.bin.1.86	5250192	HQ
MFD04212.bin.1.89	2564150	HQ
MFD04212.bin.1.9	3448904	HQ
MFD04212.bin.1.94	4404912	HQ
MFD04212.bin.2.100	3930491	HQ
MFD04212.bin.2.233	5660321	HQ
MFD04212.bin.3.167	7687959	HQ
MFD04408.bin.1.1	4560930	HQ
MFD04408.bin.1.100	1786244	HQ
MFD04408.bin.1.126	2214126	HQ
MFD04408.bin.1.13	3311678	HQ
MFD04408.bin.1.133	1556676	HQ
MFD04408.bin.1.134	5204435	HQ
MFD04408.bin.1.14	4309361	HQ
MFD04408.bin.1.141	1210587	HQ
MFD04408.bin.1.159	2077630	HQ
MFD04408.bin.1.165	4292479	HQ
MFD04408.bin.1.172	2262761	HQ
MFD04408.bin.1.174	4368774	HQ
MFD04408.bin.1.18	5045671	HQ
MFD04408.bin.1.182	1946616	HQ
MFD04408.bin.1.221	3740386	HQ
MFD04408.bin.1.29	4283307	HQ
MFD04408.bin.1.36	3786784	HQ
MFD04408.bin.1.44	2723046	HQ
MFD04408.bin.1.52	707660	HQ
MFD04408.bin.1.55	4001828	HQ
MFD04408.bin.1.58	3224366	HQ
MFD04408.bin.1.61	1285556	HQ
MFD04408.bin.1.9	1977721	HQ
MFD04408.bin.1.96	1345540	HQ
MFD04428.bin.1.10	3812573	HQ
MFD04428.bin.1.101	2805571	HQ
MFD04428.bin.1.112	5983473	HQ
MFD04428.bin.1.147	4724273	HQ
MFD04428.bin.1.152	5100231	HQ
MFD04428.bin.1.167	4118545	HQ
MFD04428.bin.1.17	5642753	HQ
MFD04428.bin.1.177	5049661	HQ
MFD04428.bin.1.181	5107156	HQ
MFD04428.bin.1.20	7405496	HQ
MFD04428.bin.1.4	3916352	HQ
MFD04428.bin.1.55	3598535	HQ
MFD04428.bin.1.58	3042797	HQ
MFD04428.bin.1.66	2604699	HQ
MFD04428.bin.1.71	5271169	HQ
MFD04428.bin.1.72	8035940	HQ
MFD04428.bin.1.96	6749251	HQ
MFD04428.bin.2.2	5583346	HQ
MFD04428.bin.2.43	5509934	HQ
MFD04434.bin.1.109	6212094	HQ
MFD04434.bin.1.11	7434796	HQ
MFD04434.bin.1.116	4126807	HQ
MFD04434.bin.1.117	4534170	HQ
MFD04434.bin.1.119	4718819	HQ
MFD04434.bin.1.123	5527766	HQ
MFD04434.bin.1.124	2300938	HQ
MFD04434.bin.1.125	3868463	HQ
MFD04434.bin.1.131	6203834	HQ
MFD04434.bin.1.136	2861336	HQ
MFD04434.bin.1.140	4706234	HQ
MFD04434.bin.1.145	5857292	HQ
MFD04434.bin.1.151	1691151	HQ
MFD04434.bin.1.159	3333721	HQ
MFD04434.bin.1.16	4890931	HQ
MFD04434.bin.1.169	6427398	HQ
MFD04434.bin.1.17	5220501	HQ
MFD04434.bin.1.171	5911286	HQ
MFD04434.bin.1.18	6221695	HQ
MFD04434.bin.1.184	4355349	HQ
MFD04434.bin.1.190	4245466	HQ
MFD04434.bin.1.31	6345729	HQ
MFD04434.bin.1.33	4837192	HQ
MFD04434.bin.1.35	5229406	HQ
MFD04434.bin.1.36	1591071	HQ
MFD04434.bin.1.37	5369013	HQ
MFD04434.bin.1.39	5760257	HQ
MFD04434.bin.1.41	4611706	HQ
MFD04434.bin.1.44	4657621	HQ
MFD04434.bin.1.46	4843456	HQ
MFD04434.bin.1.49	4810151	HQ
MFD04434.bin.1.50	3714538	HQ
MFD04434.bin.1.60	3192330	HQ
MFD04434.bin.1.61	6802579	HQ
MFD04434.bin.1.78	6264585	HQ
MFD04434.bin.1.80	2716723	HQ
MFD04434.bin.2.133	8397740	HQ
MFD04434.bin.3.232	5151202	HQ
MFD04463.bin.1.10	5842352	HQ
MFD04463.bin.1.103	9727792	HQ
MFD04463.bin.1.106	3590903	HQ
MFD04463.bin.1.108	6601513	HQ
MFD04463.bin.1.121	5433263	HQ
MFD04463.bin.1.126	6314752	HQ
MFD04463.bin.1.133	7890327	HQ
MFD04463.bin.1.137	3416441	HQ
MFD04463.bin.1.138	6841248	HQ
MFD04463.bin.1.14	2394247	HQ
MFD04463.bin.1.146	1901429	HQ
MFD04463.bin.1.148	7171835	HQ
MFD04463.bin.1.15	5407162	HQ
MFD04463.bin.1.172	6491564	HQ
MFD04463.bin.1.19	4159512	HQ
MFD04463.bin.1.193	7766085	HQ
MFD04463.bin.1.197	5351240	HQ
MFD04463.bin.1.204	4035032	HQ
MFD04463.bin.1.206	5817952	HQ
MFD04463.bin.1.207	5266143	HQ
MFD04463.bin.1.211	3738579	HQ
MFD04463.bin.1.212	4515797	HQ
MFD04463.bin.1.216	5602532	HQ
MFD04463.bin.1.219	4909999	HQ
MFD04463.bin.1.221	5630297	HQ
MFD04463.bin.1.222	6804197	HQ
MFD04463.bin.1.226	3466798	HQ
MFD04463.bin.1.241	4202508	HQ
MFD04463.bin.1.248	5328557	HQ
MFD04463.bin.1.253	5616794	HQ
MFD04463.bin.1.255	4795890	HQ
MFD04463.bin.1.256	5750816	HQ
MFD04463.bin.1.273	5279220	HQ
MFD04463.bin.1.282	5661009	HQ
MFD04463.bin.1.284	5092461	HQ
MFD04463.bin.1.288	4696884	HQ
MFD04463.bin.1.295	5717512	HQ
MFD04463.bin.1.296	4844329	HQ
MFD04463.bin.1.298	5767211	HQ
MFD04463.bin.1.306	4215952	HQ
MFD04463.bin.1.321	4150040	HQ
MFD04463.bin.1.35	7213366	HQ
MFD04463.bin.1.41	3735161	HQ
MFD04463.bin.1.43	6979459	HQ
MFD04463.bin.1.45	5996413	HQ
MFD04463.bin.1.49	5641098	HQ
MFD04463.bin.1.56	4826700	HQ
MFD04463.bin.1.58	1676086	HQ
MFD04463.bin.1.59	4952877	HQ
MFD04463.bin.1.65	5530378	HQ
MFD04463.bin.1.72	6664937	HQ
MFD04463.bin.1.82	3825797	HQ
MFD04463.bin.1.91	5426411	HQ
MFD04463.bin.1.93	5451041	HQ
MFD04463.bin.2.22	6055001	HQ
MFD04463.bin.2.77	7026292	HQ
MFD04463.bin.2.78	6483311	HQ
MFD04463.bin.3.24	6411539	HQ
MFD04463.bin.3.58	5759472	HQ
MFD04492.bin.1.1	9301250	HQ
MFD04492.bin.1.102	3971897	HQ
MFD04492.bin.1.108	3110152	HQ
MFD04492.bin.1.120	5426444	HQ
MFD04492.bin.1.127	3430255	HQ
MFD04492.bin.1.129	7514890	HQ
MFD04492.bin.1.138	2478110	HQ
MFD04492.bin.1.14	2487530	HQ
MFD04492.bin.1.142	1733188	HQ
MFD04492.bin.1.143	1746605	HQ
MFD04492.bin.1.15	5975784	HQ
MFD04492.bin.1.18	6378585	HQ
MFD04492.bin.1.183	4500951	HQ
MFD04492.bin.1.190	1334754	HQ
MFD04492.bin.1.203	6326530	HQ
MFD04492.bin.1.27	2334521	HQ
MFD04492.bin.1.43	3979803	HQ
MFD04492.bin.1.56	2284298	HQ
MFD04492.bin.1.74	8332516	HQ
MFD04492.bin.2.88	3661600	HQ
MFD04540.bin.1.1	4343824	HQ
MFD04540.bin.1.106	880060	HQ
MFD04540.bin.1.109	7034121	HQ
MFD04540.bin.1.115	6568417	HQ
MFD04540.bin.1.122	4996161	HQ
MFD04540.bin.1.126	3050169	HQ
MFD04540.bin.1.129	4257208	HQ
MFD04540.bin.1.13	5890892	HQ
MFD04540.bin.1.132	3383376	HQ
MFD04540.bin.1.137	6920882	HQ
MFD04540.bin.1.138	5494167	HQ
MFD04540.bin.1.139	7449089	HQ
MFD04540.bin.1.14	5694038	HQ
MFD04540.bin.1.142	6353324	HQ
MFD04540.bin.1.144	4802800	HQ
MFD04540.bin.1.145	6457407	HQ
MFD04540.bin.1.147	6758610	HQ
MFD04540.bin.1.150	3949962	HQ
MFD04540.bin.1.152	5919083	HQ
MFD04540.bin.1.154	3421266	HQ
MFD04540.bin.1.17	2323113	HQ
MFD04540.bin.1.19	4798808	HQ
MFD04540.bin.1.21	4460007	HQ
MFD04540.bin.1.23	4749763	HQ
MFD04540.bin.1.24	4711559	HQ
MFD04540.bin.1.26	6905457	HQ
MFD04540.bin.1.28	1050277	HQ
MFD04540.bin.1.29	5132608	HQ
MFD04540.bin.1.3	862549	HQ
MFD04540.bin.1.34	3319476	HQ
MFD04540.bin.1.38	9170339	HQ
MFD04540.bin.1.39	4660249	HQ
MFD04540.bin.1.4	2997966	HQ
MFD04540.bin.1.40	3038380	HQ
MFD04540.bin.1.59	2549489	HQ
MFD04540.bin.1.6	3710234	HQ
MFD04540.bin.1.68	5557634	HQ
MFD04540.bin.1.70	4014820	HQ
MFD04540.bin.1.71	5383455	HQ
MFD04540.bin.1.72	4671904	HQ
MFD04540.bin.1.73	7797903	HQ
MFD04540.bin.1.74	2792756	HQ
MFD04540.bin.1.76	4365954	HQ
MFD04540.bin.1.79	2350293	HQ
MFD04540.bin.1.82	5953858	HQ
MFD04540.bin.1.84	5854548	HQ
MFD04540.bin.1.88	5324884	HQ
MFD04540.bin.2.100	5935849	HQ
MFD04570.bin.1.1	5552183	HQ
MFD04570.bin.1.109	5735764	HQ
MFD04570.bin.1.112	3892265	HQ
MFD04570.bin.1.113	5874495	HQ
MFD04570.bin.1.153	4982538	HQ
MFD04570.bin.1.19	6315042	HQ
MFD04570.bin.1.28	4971211	HQ
MFD04570.bin.1.3	5724323	HQ
MFD04570.bin.1.38	6956499	HQ
MFD04580.bin.1.117	3015523	HQ
MFD04580.bin.1.119	4272129	HQ
MFD04580.bin.1.121	4649236	HQ
MFD04580.bin.1.124	3946074	HQ
MFD04580.bin.1.135	2871740	HQ
MFD04580.bin.1.136	4124146	HQ
MFD04580.bin.1.141	4450186	HQ
MFD04580.bin.1.150	4987274	HQ
MFD04580.bin.1.152	6195986	HQ
MFD04580.bin.1.159	4493334	HQ
MFD04580.bin.1.163	3613351	HQ
MFD04580.bin.1.164	4702111	HQ
MFD04580.bin.1.17	5351770	HQ
MFD04580.bin.1.170	5029548	HQ
MFD04580.bin.1.172	4121878	HQ
MFD04580.bin.1.178	4601510	HQ
MFD04580.bin.1.18	3454448	HQ
MFD04580.bin.1.19	4098766	HQ
MFD04580.bin.1.28	5541428	HQ
MFD04580.bin.1.32	5351614	HQ
MFD04580.bin.1.34	3684370	HQ
MFD04580.bin.1.35	3491569	HQ
MFD04580.bin.1.37	3976677	HQ
MFD04580.bin.1.38	4446440	HQ
MFD04580.bin.1.40	3897810	HQ
MFD04580.bin.1.42	6752546	HQ
MFD04580.bin.1.45	4263133	HQ
MFD04580.bin.1.47	4508418	HQ
MFD04580.bin.1.48	6004975	HQ
MFD04580.bin.1.6	3030751	HQ
MFD04580.bin.1.68	2921258	HQ
MFD04580.bin.1.79	5377131	HQ
MFD04580.bin.1.80	4270652	HQ
MFD04580.bin.1.82	3709150	HQ
MFD04580.bin.1.85	5206759	HQ
MFD04580.bin.1.87	3158578	HQ
MFD04580.bin.1.88	4907036	HQ
MFD04580.bin.1.89	3579433	HQ
MFD04580.bin.1.9	4468108	HQ
MFD04580.bin.1.91	8008959	HQ
MFD04580.bin.2.108	4620509	HQ
MFD04580.bin.3.330	3568845	HQ
MFD04651.bin.1.106	3830621	HQ
MFD04651.bin.1.122	4498397	HQ
MFD04651.bin.1.124	3361324	HQ
MFD04651.bin.1.127	5318767	HQ
MFD04651.bin.1.131	5613091	HQ
MFD04651.bin.1.135	4105041	HQ
MFD04651.bin.1.136	4966394	HQ
MFD04651.bin.1.138	5193125	HQ
MFD04651.bin.1.139	4210535	HQ
MFD04651.bin.1.140	3153985	HQ
MFD04651.bin.1.141	3613828	HQ
MFD04651.bin.1.148	5039934	HQ
MFD04651.bin.1.149	3362598	HQ
MFD04651.bin.1.151	3369295	HQ
MFD04651.bin.1.164	4845275	HQ
MFD04651.bin.1.166	5269047	HQ
MFD04651.bin.1.168	6462803	HQ
MFD04651.bin.1.17	3701726	HQ
MFD04651.bin.1.172	7460026	HQ
MFD04651.bin.1.173	5742925	HQ
MFD04651.bin.1.175	4979416	HQ
MFD04651.bin.1.176	4560413	HQ
MFD04651.bin.1.18	3305509	HQ
MFD04651.bin.1.182	5539329	HQ
MFD04651.bin.1.196	3400527	HQ
MFD04651.bin.1.201	5205752	HQ
MFD04651.bin.1.211	5003414	HQ
MFD04651.bin.1.215	3266962	HQ
MFD04651.bin.1.216	5685888	HQ
MFD04651.bin.1.217	3177425	HQ
MFD04651.bin.1.22	3158100	HQ
MFD04651.bin.1.221	3225537	HQ
MFD04651.bin.1.223	5338462	HQ
MFD04651.bin.1.226	4899665	HQ
MFD04651.bin.1.228	4296776	HQ
MFD04651.bin.1.23	4694772	HQ
MFD04651.bin.1.230	4035186	HQ
MFD04651.bin.1.233	4678342	HQ
MFD04651.bin.1.234	3700075	HQ
MFD04651.bin.1.237	6285919	HQ
MFD04651.bin.1.238	3554602	HQ
MFD04651.bin.1.239	5487846	HQ
MFD04651.bin.1.240	6123526	HQ
MFD04651.bin.1.26	3949830	HQ
MFD04651.bin.1.29	4985638	HQ
MFD04651.bin.1.44	4246363	HQ
MFD04651.bin.1.47	1052139	HQ
MFD04651.bin.1.48	5114316	HQ
MFD04651.bin.1.50	3375596	HQ
MFD04651.bin.1.52	4663854	HQ
MFD04651.bin.1.55	4286202	HQ
MFD04651.bin.1.60	2870812	HQ
MFD04651.bin.1.61	3588323	HQ
MFD04651.bin.1.78	3693516	HQ
MFD04651.bin.1.92	3217607	HQ
MFD04651.bin.2.135	5862907	HQ
MFD04651.bin.2.179	4514784	HQ
MFD04651.bin.2.4	5487356	HQ
MFD04716.bin.1.102	2785790	HQ
MFD04716.bin.1.11	1162124	HQ
MFD04716.bin.1.114	3017715	HQ
MFD04716.bin.1.116	5297233	HQ
MFD04716.bin.1.117	3624741	HQ
MFD04716.bin.1.125	883734	HQ
MFD04716.bin.1.136	4786948	HQ
MFD04716.bin.1.139	3923580	HQ
MFD04716.bin.1.149	4265248	HQ
MFD04716.bin.1.159	2566111	HQ
MFD04716.bin.1.179	4306917	HQ
MFD04716.bin.1.185	844186	HQ
MFD04716.bin.1.213	4481051	HQ
MFD04716.bin.1.227	4651299	HQ
MFD04716.bin.1.235	4110289	HQ
MFD04716.bin.1.243	3464944	HQ
MFD04716.bin.1.245	2894927	HQ
MFD04716.bin.1.249	2686196	HQ
MFD04716.bin.1.251	4447549	HQ
MFD04716.bin.1.258	2854133	HQ
MFD04716.bin.1.266	3535791	HQ
MFD04716.bin.1.269	4384924	HQ
MFD04716.bin.1.273	3279223	HQ
MFD04716.bin.1.274	2664881	HQ
MFD04716.bin.1.276	3524372	HQ
MFD04716.bin.1.277	2829538	HQ
MFD04716.bin.1.280	3777191	HQ
MFD04716.bin.1.291	3685268	HQ
MFD04716.bin.1.293	2908041	HQ
MFD04716.bin.1.297	3585285	HQ
MFD04716.bin.1.3	560194	HQ
MFD04716.bin.1.302	2436824	HQ
MFD04716.bin.1.308	2490806	HQ
MFD04716.bin.1.309	1419540	HQ
MFD04716.bin.1.311	3322900	HQ
MFD04716.bin.1.312	3820580	HQ
MFD04716.bin.1.315	2531083	HQ
MFD04716.bin.1.327	3009824	HQ
MFD04716.bin.1.353	2641031	HQ
MFD04716.bin.1.355	808356	HQ
MFD04716.bin.1.360	4209068	HQ
MFD04716.bin.1.37	5535244	HQ
MFD04716.bin.1.370	4093754	HQ
MFD04716.bin.1.373	3091772	HQ
MFD04716.bin.1.381	3612173	HQ
MFD04716.bin.1.388	3554962	HQ
MFD04716.bin.1.394	3114100	HQ
MFD04716.bin.1.395	2451485	HQ
MFD04716.bin.1.396	4818336	HQ
MFD04716.bin.1.399	3520021	HQ
MFD04716.bin.1.4	4770783	HQ
MFD04716.bin.1.40	4037919	HQ
MFD04716.bin.1.405	2512027	HQ
MFD04716.bin.1.406	3189474	HQ
MFD04716.bin.1.408	3083618	HQ
MFD04716.bin.1.412	3713808	HQ
MFD04716.bin.1.416	3872630	HQ
MFD04716.bin.1.418	4822196	HQ
MFD04716.bin.1.419	4004887	HQ
MFD04716.bin.1.420	3877192	HQ
MFD04716.bin.1.45	3352196	HQ
MFD04716.bin.1.53	3721550	HQ
MFD04716.bin.1.58	2393163	HQ
MFD04716.bin.1.59	4536655	HQ
MFD04716.bin.1.66	4637832	HQ
MFD04716.bin.1.71	6095823	HQ
MFD04716.bin.1.74	3527013	HQ
MFD04716.bin.1.76	2685229	HQ
MFD04716.bin.1.82	4850831	HQ
MFD04716.bin.1.84	3630125	HQ
MFD04716.bin.1.85	6477655	HQ
MFD04716.bin.1.88	4109930	HQ
MFD04716.bin.1.95	3518423	HQ
MFD04716.bin.1.98	4337719	HQ
MFD04716.bin.2.107	2487337	HQ
MFD04716.bin.2.163	4985832	HQ
MFD04716.bin.2.165	5703821	HQ
MFD04716.bin.2.270	4881229	HQ
MFD04716.bin.2.288	3240761	HQ
MFD04716.bin.2.290	4025643	HQ
MFD04716.bin.2.301	4252940	HQ
MFD04716.bin.2.40	4131071	HQ
MFD04716.bin.2.71	4758911	HQ
MFD04716.bin.3.317	2728593	HQ
MFD04716.bin.3.528	4053296	HQ
MFD04716.bin.3.834	4272448	HQ
MFD04752.bin.1.121	4556999	HQ
MFD04752.bin.1.127	4405138	HQ
MFD04752.bin.1.131	4197914	HQ
MFD04752.bin.1.137	6124830	HQ
MFD04752.bin.1.152	2395318	HQ
MFD04752.bin.1.164	3345695	HQ
MFD04752.bin.1.17	5461019	HQ
MFD04752.bin.1.29	4025799	HQ
MFD04752.bin.1.3	4994566	HQ
MFD04752.bin.1.33	4605733	HQ
MFD04752.bin.1.37	4143959	HQ
MFD04752.bin.1.7	5995399	HQ
MFD04752.bin.1.81	3498110	HQ
MFD04752.bin.1.84	5373819	HQ
MFD04752.bin.1.91	5608213	HQ
MFD04752.bin.1.93	4014087	HQ
MFD04752.bin.3.293	5432101	HQ
MFD04780.bin.1.106	5152094	HQ
MFD04780.bin.1.108	2050952	HQ
MFD04780.bin.1.109	5773837	HQ
MFD04780.bin.1.111	2133167	HQ
MFD04780.bin.1.112	4603583	HQ
MFD04780.bin.1.113	4022743	HQ
MFD04780.bin.1.147	3569047	HQ
MFD04780.bin.1.16	5546521	HQ
MFD04780.bin.1.172	3268255	HQ
MFD04780.bin.1.177	3978916	HQ
MFD04780.bin.1.195	3696783	HQ
MFD04780.bin.1.197	4314262	HQ
MFD04780.bin.1.202	3242400	HQ
MFD04780.bin.1.207	2396883	HQ
MFD04780.bin.1.216	948343	HQ
MFD04780.bin.1.217	6690867	HQ
MFD04780.bin.1.218	2801772	HQ
MFD04780.bin.1.32	2366465	HQ
MFD04780.bin.1.33	2191162	HQ
MFD04780.bin.1.84	814325	HQ
MFD04780.bin.2.113	630097	HQ
MFD04780.bin.2.74	3561987	HQ
MFD04780.bin.3.483	2545598	HQ
MFD04850.bin.1.1	2934244	HQ
MFD04850.bin.1.100	3214847	HQ
MFD04850.bin.1.102	7461036	HQ
MFD04850.bin.1.105	5820332	HQ
MFD04850.bin.1.21	4417717	HQ
MFD04850.bin.1.214	5957571	HQ
MFD04850.bin.1.220	6197780	HQ
MFD04850.bin.1.225	8769213	HQ
MFD04850.bin.1.232	3826561	HQ
MFD04850.bin.1.243	4064440	HQ
MFD04850.bin.1.250	5582163	HQ
MFD04850.bin.1.280	3004177	HQ
MFD04850.bin.1.304	3308682	HQ
MFD04850.bin.1.353	5911869	HQ
MFD04850.bin.1.410	3222834	HQ
MFD04850.bin.1.411	7929654	HQ
MFD04850.bin.1.43	3842800	HQ
MFD04850.bin.1.52	3825765	HQ
MFD04850.bin.1.53	3744558	HQ
MFD04850.bin.1.63	2498847	HQ
MFD04850.bin.1.72	3532862	HQ
MFD04850.bin.1.9	3934686	HQ
MFD04850.bin.2.111	4256701	HQ
MFD04850.bin.2.129	5265269	HQ
MFD04850.bin.2.48	6204941	HQ
MFD04935.bin.1.10	4181877	HQ
MFD04935.bin.1.119	3865925	HQ
MFD04935.bin.1.13	5251479	HQ
MFD04935.bin.1.141	3692878	HQ
MFD04935.bin.1.142	8829964	HQ
MFD04935.bin.1.144	6885074	HQ
MFD04935.bin.1.146	4333655	HQ
MFD04935.bin.1.153	4467788	HQ
MFD04935.bin.1.162	4615068	HQ
MFD04935.bin.1.171	4654263	HQ
MFD04935.bin.1.176	4262979	HQ
MFD04935.bin.1.19	3613245	HQ
MFD04935.bin.1.24	7936739	HQ
MFD04935.bin.1.25	3416579	HQ
MFD04935.bin.1.3	3855697	HQ
MFD04935.bin.1.4	4337258	HQ
MFD04935.bin.1.50	8588088	HQ
MFD04935.bin.1.56	4377826	HQ
MFD04935.bin.1.62	7279201	HQ
MFD04935.bin.1.7	9949763	HQ
MFD04935.bin.1.79	2568186	HQ
MFD04935.bin.1.80	4356421	HQ
MFD04935.bin.1.81	5155179	HQ
MFD04935.bin.1.83	6500529	HQ
MFD04935.bin.1.89	7700747	HQ
MFD04935.bin.1.95	9860880	HQ
MFD04935.bin.2.124	7509400	HQ
MFD04935.bin.3.187	4414877	HQ
MFD04935.bin.3.316	5861897	HQ
MFD04935.bin.3.46	4858069	HQ
MFD04935.bin.3.85	8562380	HQ
MFD04944.bin.1.1	4281557	HQ
MFD04944.bin.1.10	2647642	HQ
MFD04944.bin.1.103	7829120	HQ
MFD04944.bin.1.104	7152504	HQ
MFD04944.bin.1.105	4576295	HQ
MFD04944.bin.1.106	6317673	HQ
MFD04944.bin.1.11	7298947	HQ
MFD04944.bin.1.111	4585134	HQ
MFD04944.bin.1.114	5054784	HQ
MFD04944.bin.1.137	4838912	HQ
MFD04944.bin.1.147	4933545	HQ
MFD04944.bin.1.15	2345566	HQ
MFD04944.bin.1.16	2711644	HQ
MFD04944.bin.1.167	5991935	HQ
MFD04944.bin.1.178	4175446	HQ
MFD04944.bin.1.18	4049908	HQ
MFD04944.bin.1.187	4813178	HQ
MFD04944.bin.1.190	6753735	HQ
MFD04944.bin.1.191	3314888	HQ
MFD04944.bin.1.194	5351444	HQ
MFD04944.bin.1.206	6562855	HQ
MFD04944.bin.1.208	3445615	HQ
MFD04944.bin.1.209	3867788	HQ
MFD04944.bin.1.213	2930470	HQ
MFD04944.bin.1.216	4643112	HQ
MFD04944.bin.1.217	3531116	HQ
MFD04944.bin.1.225	7780635	HQ
MFD04944.bin.1.226	6270429	HQ
MFD04944.bin.1.227	4933650	HQ
MFD04944.bin.1.23	3651561	HQ
MFD04944.bin.1.237	4985233	HQ
MFD04944.bin.1.246	5933338	HQ
MFD04944.bin.1.250	5114397	HQ
MFD04944.bin.1.263	4519514	HQ
MFD04944.bin.1.265	6303661	HQ
MFD04944.bin.1.267	3345792	HQ
MFD04944.bin.1.27	3288632	HQ
MFD04944.bin.1.270	4848252	HQ
MFD04944.bin.1.277	4073377	HQ
MFD04944.bin.1.279	6134006	HQ
MFD04944.bin.1.282	9969178	HQ
MFD04944.bin.1.29	4540538	HQ
MFD04944.bin.1.290	4818891	HQ
MFD04944.bin.1.291	6015870	HQ
MFD04944.bin.1.300	6070058	HQ
MFD04944.bin.1.302	3415660	HQ
MFD04944.bin.1.304	6590315	HQ
MFD04944.bin.1.305	5575118	HQ
MFD04944.bin.1.307	3893319	HQ
MFD04944.bin.1.309	2811019	HQ
MFD04944.bin.1.31	3450992	HQ
MFD04944.bin.1.310	7275043	HQ
MFD04944.bin.1.316	6231226	HQ
MFD04944.bin.1.317	4775635	HQ
MFD04944.bin.1.318	4238856	HQ
MFD04944.bin.1.320	2275003	HQ
MFD04944.bin.1.323	5485253	HQ
MFD04944.bin.1.326	4746351	HQ
MFD04944.bin.1.328	7154843	HQ
MFD04944.bin.1.332	2990816	HQ
MFD04944.bin.1.334	4614000	HQ
MFD04944.bin.1.336	4548709	HQ
MFD04944.bin.1.337	2587367	HQ
MFD04944.bin.1.34	5851530	HQ
MFD04944.bin.1.36	5285336	HQ
MFD04944.bin.1.39	5506304	HQ
MFD04944.bin.1.4	6426240	HQ
MFD04944.bin.1.40	7783927	HQ
MFD04944.bin.1.41	4878406	HQ
MFD04944.bin.1.43	6018930	HQ
MFD04944.bin.1.51	2746831	HQ
MFD04944.bin.1.53	6691235	HQ
MFD04944.bin.1.54	7037276	HQ
MFD04944.bin.1.57	5550029	HQ
MFD04944.bin.1.58	4044258	HQ
MFD04944.bin.1.60	6200020	HQ
MFD04944.bin.1.66	3536563	HQ
MFD04944.bin.1.68	5045181	HQ
MFD04944.bin.1.7	8101842	HQ
MFD04944.bin.1.71	3469275	HQ
MFD04944.bin.1.72	5715850	HQ
MFD04944.bin.1.73	2935084	HQ
MFD04944.bin.1.75	4129426	HQ
MFD04944.bin.1.79	3553834	HQ
MFD04944.bin.1.85	3729882	HQ
MFD04944.bin.1.87	3412087	HQ
MFD04944.bin.1.9	3076252	HQ
MFD04944.bin.1.90	4114737	HQ
MFD04944.bin.1.92	3057106	HQ
MFD04944.bin.1.93	5560264	HQ
MFD04944.bin.1.97	3440210	HQ
MFD04944.bin.2.102	2826198	HQ
MFD04944.bin.2.140	3821442	HQ
MFD04944.bin.2.141	4014988	HQ
MFD04944.bin.2.148	3375021	HQ
MFD04944.bin.2.196	3573903	HQ
MFD04944.bin.2.208	3614527	HQ
MFD04944.bin.2.216	2846233	HQ
MFD04944.bin.2.220	4686406	HQ
MFD04944.bin.2.36	3696078	HQ
MFD04944.bin.2.37	4781103	HQ
MFD04944.bin.2.54	7051115	HQ
MFD04944.bin.2.63	6754404	HQ
MFD04944.bin.3.75	7302891	HQ
MFD04967.bin.1.10	6525453	HQ
MFD04967.bin.1.106	5898434	HQ
MFD04967.bin.1.114	8854622	HQ
MFD04967.bin.1.127	5135892	HQ
MFD04967.bin.1.135	5696806	HQ
MFD04967.bin.1.138	3611894	HQ
MFD04967.bin.1.141	6081513	HQ
MFD04967.bin.1.142	8365632	HQ
MFD04967.bin.1.146	3497049	HQ
MFD04967.bin.1.154	3222525	HQ
MFD04967.bin.1.157	5922632	HQ
MFD04967.bin.1.168	6190128	HQ
MFD04967.bin.1.171	4639752	HQ
MFD04967.bin.1.175	5355799	HQ
MFD04967.bin.1.177	4955176	HQ
MFD04967.bin.1.181	7036218	HQ
MFD04967.bin.1.193	6268699	HQ
MFD04967.bin.1.194	7609944	HQ
MFD04967.bin.1.195	7393427	HQ
MFD04967.bin.1.197	5771161	HQ
MFD04967.bin.1.206	3076379	HQ
MFD04967.bin.1.212	4986878	HQ
MFD04967.bin.1.213	6555490	HQ
MFD04967.bin.1.219	7787874	HQ
MFD04967.bin.1.220	4469234	HQ
MFD04967.bin.1.221	6607187	HQ
MFD04967.bin.1.226	5113718	HQ
MFD04967.bin.1.230	10329526	HQ
MFD04967.bin.1.231	5597380	HQ
MFD04967.bin.1.28	4415191	HQ
MFD04967.bin.1.30	6028449	HQ
MFD04967.bin.1.31	7579188	HQ
MFD04967.bin.1.34	5116566	HQ
MFD04967.bin.1.35	3716622	HQ
MFD04967.bin.1.42	6939317	HQ
MFD04967.bin.1.50	3869013	HQ
MFD04967.bin.1.52	6180730	HQ
MFD04967.bin.1.53	5282695	HQ
MFD04967.bin.1.54	5264602	HQ
MFD04967.bin.1.57	6136256	HQ
MFD04967.bin.1.58	6549797	HQ
MFD04967.bin.1.59	4583583	HQ
MFD04967.bin.1.6	6647974	HQ
MFD04967.bin.1.60	5483865	HQ
MFD04967.bin.1.64	9793317	HQ
MFD04967.bin.1.78	5012147	HQ
MFD04967.bin.2.159	4736156	HQ
MFD04967.bin.2.87	3165413	HQ
MFD05088.bin.1.104	4225155	HQ
MFD05088.bin.1.118	2965579	HQ
MFD05088.bin.1.150	3007109	HQ
MFD05088.bin.1.169	3343850	HQ
MFD05088.bin.1.176	4054211	HQ
MFD05088.bin.1.31	3187256	HQ
MFD05088.bin.2.40	5829117	HQ
MFD05176.bin.1.125	2995007	HQ
MFD05176.bin.1.171	4193117	HQ
MFD05176.bin.1.177	6722303	HQ
MFD05176.bin.1.208	2737689	HQ
MFD05176.bin.1.230	4656594	HQ
MFD05176.bin.1.238	4518385	HQ
MFD05176.bin.1.278	3923852	HQ
MFD05176.bin.1.306	2938132	HQ
MFD05176.bin.1.47	5262325	HQ
MFD05176.bin.1.61	3837301	HQ
MFD05176.bin.1.65	3721328	HQ
MFD05176.bin.2.32	6739620	HQ
MFD05377.bin.1.102	3809809	HQ
MFD05377.bin.1.113	6073292	HQ
MFD05377.bin.1.115	6528992	HQ
MFD05377.bin.1.117	4899358	HQ
MFD05377.bin.1.119	4680127	HQ
MFD05377.bin.1.126	6075450	HQ
MFD05377.bin.1.127	5694030	HQ
MFD05377.bin.1.141	3773346	HQ
MFD05377.bin.1.15	7032946	HQ
MFD05377.bin.1.164	6538816	HQ
MFD05377.bin.1.171	5980417	HQ
MFD05377.bin.1.176	6641532	HQ
MFD05377.bin.1.182	5667024	HQ
MFD05377.bin.1.184	4911512	HQ
MFD05377.bin.1.191	5947201	HQ
MFD05377.bin.1.204	6906278	HQ
MFD05377.bin.1.214	5829072	HQ
MFD05377.bin.1.218	4726259	HQ
MFD05377.bin.1.220	5559632	HQ
MFD05377.bin.1.24	5611839	HQ
MFD05377.bin.1.45	3783330	HQ
MFD05377.bin.1.47	4374507	HQ
MFD05377.bin.1.52	5558232	HQ
MFD05377.bin.1.56	4815789	HQ
MFD05377.bin.1.58	5287329	HQ
MFD05377.bin.1.61	3927084	HQ
MFD05377.bin.1.62	5336732	HQ
MFD05377.bin.1.65	6920066	HQ
MFD05377.bin.1.66	4352665	HQ
MFD05377.bin.1.8	6249523	HQ
MFD05377.bin.1.97	5956698	HQ
MFD05377.bin.2.13	4710629	HQ
MFD05377.bin.2.149	5308455	HQ
MFD05377.bin.2.20	4703718	HQ
MFD05377.bin.2.34	4557353	HQ
MFD05377.bin.2.85	4016307	HQ
MFD05377.bin.3.143	5036600	HQ
MFD05377.bin.3.80	5797124	HQ
MFD05442.bin.1.1	3969793	HQ
MFD05442.bin.1.101	4111464	HQ
MFD05442.bin.1.105	3023051	HQ
MFD05442.bin.1.11	3945198	HQ
MFD05442.bin.1.110	4104800	HQ
MFD05442.bin.1.117	4407229	HQ
MFD05442.bin.1.124	4903917	HQ
MFD05442.bin.1.13	3516799	HQ
MFD05442.bin.1.130	6430402	HQ
MFD05442.bin.1.134	5814024	HQ
MFD05442.bin.1.135	4562408	HQ
MFD05442.bin.1.140	6781533	HQ
MFD05442.bin.1.152	3744841	HQ
MFD05442.bin.1.16	2763988	HQ
MFD05442.bin.1.17	2563237	HQ
MFD05442.bin.1.18	5298476	HQ
MFD05442.bin.1.204	3190046	HQ
MFD05442.bin.1.21	3628460	HQ
MFD05442.bin.1.213	4841772	HQ
MFD05442.bin.1.25	1060561	HQ
MFD05442.bin.1.261	2689834	HQ
MFD05442.bin.1.269	4277180	HQ
MFD05442.bin.1.277	4155020	HQ
MFD05442.bin.1.279	9899637	HQ
MFD05442.bin.1.28	2988422	HQ
MFD05442.bin.1.280	3739436	HQ
MFD05442.bin.1.283	3574318	HQ
MFD05442.bin.1.287	2998804	HQ
MFD05442.bin.1.288	5834714	HQ
MFD05442.bin.1.290	4945495	HQ
MFD05442.bin.1.291	3035643	HQ
MFD05442.bin.1.293	3295717	HQ
MFD05442.bin.1.296	4010734	HQ
MFD05442.bin.1.298	4675220	HQ
MFD05442.bin.1.300	3094927	HQ
MFD05442.bin.1.302	4011873	HQ
MFD05442.bin.1.303	2533632	HQ
MFD05442.bin.1.308	5029139	HQ
MFD05442.bin.1.31	6602975	HQ
MFD05442.bin.1.311	5842009	HQ
MFD05442.bin.1.315	2259808	HQ
MFD05442.bin.1.317	4420668	HQ
MFD05442.bin.1.323	3728037	HQ
MFD05442.bin.1.324	4737620	HQ
MFD05442.bin.1.327	4815370	HQ
MFD05442.bin.1.330	2785911	HQ
MFD05442.bin.1.334	4358595	HQ
MFD05442.bin.1.34	3821394	HQ
MFD05442.bin.1.340	4008535	HQ
MFD05442.bin.1.346	3066273	HQ
MFD05442.bin.1.349	4596075	HQ
MFD05442.bin.1.350	6225137	HQ
MFD05442.bin.1.359	6832609	HQ
MFD05442.bin.1.36	1721679	HQ
MFD05442.bin.1.360	3216085	HQ
MFD05442.bin.1.363	4439597	HQ
MFD05442.bin.1.365	4633937	HQ
MFD05442.bin.1.371	5163695	HQ
MFD05442.bin.1.377	5909430	HQ
MFD05442.bin.1.379	3651396	HQ
MFD05442.bin.1.381	4538355	HQ
MFD05442.bin.1.385	5214792	HQ
MFD05442.bin.1.39	3863414	HQ
MFD05442.bin.1.394	4140952	HQ
MFD05442.bin.1.398	3382773	HQ
MFD05442.bin.1.410	4274663	HQ
MFD05442.bin.1.415	7492016	HQ
MFD05442.bin.1.417	4418364	HQ
MFD05442.bin.1.419	4183188	HQ
MFD05442.bin.1.421	3774031	HQ
MFD05442.bin.1.422	5517778	HQ
MFD05442.bin.1.427	6584482	HQ
MFD05442.bin.1.433	6012827	HQ
MFD05442.bin.1.436	6241835	HQ
MFD05442.bin.1.45	3716333	HQ
MFD05442.bin.1.55	4037237	HQ
MFD05442.bin.1.6	5251330	HQ
MFD05442.bin.1.63	5935269	HQ
MFD05442.bin.1.69	5835145	HQ
MFD05442.bin.1.76	4991403	HQ
MFD05442.bin.1.77	3010706	HQ
MFD05442.bin.1.80	4029607	HQ
MFD05442.bin.1.81	4986053	HQ
MFD05442.bin.1.86	3456751	HQ
MFD05442.bin.1.92	3850601	HQ
MFD05442.bin.1.93	5073851	HQ
MFD05442.bin.1.94	5224882	HQ
MFD05442.bin.1.98	2707906	HQ
MFD05442.bin.2.192	5246212	HQ
MFD05442.bin.2.235	4825214	HQ
MFD05442.bin.2.256	5749071	HQ
MFD05442.bin.2.26	6471880	HQ
MFD05442.bin.2.267	4580838	HQ
MFD05442.bin.2.69	4501426	HQ
MFD05442.bin.3.550	5107128	HQ
MFD05454.bin.1.18	4288839	HQ
MFD05454.bin.1.192	7292431	HQ
MFD05454.bin.1.194	3177946	HQ
MFD05454.bin.1.2	4250402	HQ
MFD05454.bin.1.246	4225097	HQ
MFD05454.bin.1.254	3689594	HQ
MFD05454.bin.1.262	3642916	HQ
MFD05454.bin.1.266	5969589	HQ
MFD05454.bin.1.273	4582741	HQ
MFD05454.bin.1.313	3051708	HQ
MFD05454.bin.1.63	2561778	HQ
MFD05502.bin.1.1	3288827	HQ
MFD05502.bin.1.113	4428154	HQ
MFD05502.bin.1.117	6284365	HQ
MFD05502.bin.1.12	2766237	HQ
MFD05502.bin.1.121	5864394	HQ
MFD05502.bin.1.125	3177883	HQ
MFD05502.bin.1.129	3476182	HQ
MFD05502.bin.1.13	4656281	HQ
MFD05502.bin.1.132	4578945	HQ
MFD05502.bin.1.136	3671448	HQ
MFD05502.bin.1.138	6441554	HQ
MFD05502.bin.1.139	2527812	HQ
MFD05502.bin.1.14	5924817	HQ
MFD05502.bin.1.141	4670722	HQ
MFD05502.bin.1.142	6644256	HQ
MFD05502.bin.1.143	5381848	HQ
MFD05502.bin.1.145	5644896	HQ
MFD05502.bin.1.146	6160994	HQ
MFD05502.bin.1.147	3071262	HQ
MFD05502.bin.1.148	6462779	HQ
MFD05502.bin.1.150	4688540	HQ
MFD05502.bin.1.151	5074130	HQ
MFD05502.bin.1.152	4814964	HQ
MFD05502.bin.1.154	3668459	HQ
MFD05502.bin.1.157	4606528	HQ
MFD05502.bin.1.159	4152882	HQ
MFD05502.bin.1.161	3486384	HQ
MFD05502.bin.1.162	6078373	HQ
MFD05502.bin.1.165	2865992	HQ
MFD05502.bin.1.166	6256352	HQ
MFD05502.bin.1.167	4524591	HQ
MFD05502.bin.1.172	6720712	HQ
MFD05502.bin.1.175	5116725	HQ
MFD05502.bin.1.177	6868478	HQ
MFD05502.bin.1.178	3637907	HQ
MFD05502.bin.1.179	5774349	HQ
MFD05502.bin.1.183	5097939	HQ
MFD05502.bin.1.185	5396589	HQ
MFD05502.bin.1.186	3530070	HQ
MFD05502.bin.1.187	3074451	HQ
MFD05502.bin.1.19	5046674	HQ
MFD05502.bin.1.194	4901035	HQ
MFD05502.bin.1.195	8692875	HQ
MFD05502.bin.1.196	3878364	HQ
MFD05502.bin.1.197	3016935	HQ
MFD05502.bin.1.198	7419518	HQ
MFD05502.bin.1.2	4290445	HQ
MFD05502.bin.1.202	5450431	HQ
MFD05502.bin.1.211	5089400	HQ
MFD05502.bin.1.220	5349326	HQ
MFD05502.bin.1.225	5640883	HQ
MFD05502.bin.1.232	3454103	HQ
MFD05502.bin.1.233	7063480	HQ
MFD05502.bin.1.234	5176817	HQ
MFD05502.bin.1.24	5958470	HQ
MFD05502.bin.1.240	3414348	HQ
MFD05502.bin.1.241	5301036	HQ
MFD05502.bin.1.243	4710961	HQ
MFD05502.bin.1.25	4874183	HQ
MFD05502.bin.1.27	5320686	HQ
MFD05502.bin.1.29	3729746	HQ
MFD05502.bin.1.3	3754783	HQ
MFD05502.bin.1.31	5679880	HQ
MFD05502.bin.1.34	3314882	HQ
MFD05502.bin.1.35	4937950	HQ
MFD05502.bin.1.36	1660620	HQ
MFD05502.bin.1.37	3010105	HQ
MFD05502.bin.1.39	4633858	HQ
MFD05502.bin.1.41	5038155	HQ
MFD05502.bin.1.47	3226236	HQ
MFD05502.bin.1.50	3782330	HQ
MFD05502.bin.1.55	8012906	HQ
MFD05502.bin.1.61	5916037	HQ
MFD05502.bin.1.63	5181088	HQ
MFD05502.bin.1.65	4155587	HQ
MFD05502.bin.1.7	5562658	HQ
MFD05502.bin.1.70	4235333	HQ
MFD05502.bin.1.72	3142402	HQ
MFD05502.bin.1.78	3178780	HQ
MFD05502.bin.2.63	4895989	HQ
MFD05502.bin.4.212	3581381	HQ
MFD05512.bin.1.10	4929502	HQ
MFD05512.bin.1.122	5320996	HQ
MFD05512.bin.1.126	7083117	HQ
MFD05512.bin.1.139	4920354	HQ
MFD05512.bin.1.14	4646171	HQ
MFD05512.bin.1.144	5675903	HQ
MFD05512.bin.1.147	6387449	HQ
MFD05512.bin.1.15	5045322	HQ
MFD05512.bin.1.150	4813426	HQ
MFD05512.bin.1.151	5176606	HQ
MFD05512.bin.1.16	4316334	HQ
MFD05512.bin.1.161	4306537	HQ
MFD05512.bin.1.162	5995891	HQ
MFD05512.bin.1.164	3994744	HQ
MFD05512.bin.1.165	5586927	HQ
MFD05512.bin.1.167	4580460	HQ
MFD05512.bin.1.169	5266002	HQ
MFD05512.bin.1.17	5914042	HQ
MFD05512.bin.1.170	4010891	HQ
MFD05512.bin.1.172	4076558	HQ
MFD05512.bin.1.178	3554120	HQ
MFD05512.bin.1.184	5891855	HQ
MFD05512.bin.1.187	4822653	HQ
MFD05512.bin.1.188	6101143	HQ
MFD05512.bin.1.20	6476218	HQ
MFD05512.bin.1.212	2599897	HQ
MFD05512.bin.1.214	4731235	HQ
MFD05512.bin.1.215	4671401	HQ
MFD05512.bin.1.221	4931243	HQ
MFD05512.bin.1.230	4225006	HQ
MFD05512.bin.1.231	6655891	HQ
MFD05512.bin.1.248	4931591	HQ
MFD05512.bin.1.251	6022236	HQ
MFD05512.bin.1.252	6110230	HQ
MFD05512.bin.1.254	2408471	HQ
MFD05512.bin.1.260	4019192	HQ
MFD05512.bin.1.261	6114752	HQ
MFD05512.bin.1.274	5347100	HQ
MFD05512.bin.1.275	4585427	HQ
MFD05512.bin.1.276	3626596	HQ
MFD05512.bin.1.277	7057680	HQ
MFD05512.bin.1.28	4943370	HQ
MFD05512.bin.1.30	4729903	HQ
MFD05512.bin.1.36	3579211	HQ
MFD05512.bin.1.38	3921622	HQ
MFD05512.bin.1.40	3933080	HQ
MFD05512.bin.1.44	2412281	HQ
MFD05512.bin.1.45	6275411	HQ
MFD05512.bin.1.61	5698598	HQ
MFD05512.bin.1.62	4894644	HQ
MFD05512.bin.1.63	4444134	HQ
MFD05512.bin.1.68	5238155	HQ
MFD05512.bin.1.7	4704817	HQ
MFD05512.bin.1.74	1892649	HQ
MFD05512.bin.1.77	4994676	HQ
MFD05512.bin.1.82	2461388	HQ
MFD05512.bin.1.92	5325275	HQ
MFD05512.bin.2.101	4472869	HQ
MFD05513.bin.1.110	7058462	HQ
MFD05513.bin.1.120	4720623	HQ
MFD05513.bin.1.141	7016357	HQ
MFD05513.bin.1.159	2668118	HQ
MFD05513.bin.1.16	6397412	HQ
MFD05513.bin.1.166	4303897	HQ
MFD05513.bin.1.175	6246737	HQ
MFD05513.bin.1.180	6488149	HQ
MFD05513.bin.1.189	3350832	HQ
MFD05513.bin.1.190	6006799	HQ
MFD05513.bin.1.192	5700790	HQ
MFD05513.bin.1.196	4095871	HQ
MFD05513.bin.1.198	5947814	HQ
MFD05513.bin.1.199	5719783	HQ
MFD05513.bin.1.2	2928106	HQ
MFD05513.bin.1.20	7917532	HQ
MFD05513.bin.1.202	4152865	HQ
MFD05513.bin.1.224	4159606	HQ
MFD05513.bin.1.23	5030374	HQ
MFD05513.bin.1.255	3809457	HQ
MFD05513.bin.1.260	5544774	HQ
MFD05513.bin.1.261	6543118	HQ
MFD05513.bin.1.263	2674806	HQ
MFD05513.bin.1.269	5583531	HQ
MFD05513.bin.1.273	5052710	HQ
MFD05513.bin.1.274	5584822	HQ
MFD05513.bin.1.278	3354298	HQ
MFD05513.bin.1.279	6114918	HQ
MFD05513.bin.1.283	2915248	HQ
MFD05513.bin.1.3	4131239	HQ
MFD05513.bin.1.32	8181411	HQ
MFD05513.bin.1.41	4648290	HQ
MFD05513.bin.1.42	6643497	HQ
MFD05513.bin.1.5	3058729	HQ
MFD05513.bin.1.55	3538465	HQ
MFD05513.bin.1.6	3159220	HQ
MFD05513.bin.1.68	5240708	HQ
MFD05513.bin.1.7	8196331	HQ
MFD05513.bin.1.78	5307681	HQ
MFD05513.bin.1.81	4319453	HQ
MFD05513.bin.2.150	7296636	HQ
MFD05513.bin.2.164	5720322	HQ
MFD05513.bin.2.193	6758910	HQ
MFD05513.bin.2.44	3000929	HQ
MFD05513.bin.2.61	4956943	HQ
MFD05513.bin.3.117	3964858	HQ
MFD05521.bin.1.1	3943411	HQ
MFD05521.bin.1.111	9561488	HQ
MFD05521.bin.1.148	6148183	HQ
MFD05521.bin.1.156	5172047	HQ
MFD05521.bin.1.158	6199958	HQ
MFD05521.bin.1.164	4764122	HQ
MFD05521.bin.1.165	4984204	HQ
MFD05521.bin.1.182	4093250	HQ
MFD05521.bin.1.185	7624121	HQ
MFD05521.bin.1.187	5861945	HQ
MFD05521.bin.1.19	4622917	HQ
MFD05521.bin.1.193	7277166	HQ
MFD05521.bin.1.2	6200040	HQ
MFD05521.bin.1.213	4866161	HQ
MFD05521.bin.1.214	3918820	HQ
MFD05521.bin.1.216	4468471	HQ
MFD05521.bin.1.219	5009279	HQ
MFD05521.bin.1.220	5480795	HQ
MFD05521.bin.1.222	3579129	HQ
MFD05521.bin.1.223	3583382	HQ
MFD05521.bin.1.238	7801498	HQ
MFD05521.bin.1.25	6591313	HQ
MFD05521.bin.1.250	4953401	HQ
MFD05521.bin.1.264	5084667	HQ
MFD05521.bin.1.267	2847901	HQ
MFD05521.bin.1.278	5916233	HQ
MFD05521.bin.1.284	6208371	HQ
MFD05521.bin.1.286	5913996	HQ
MFD05521.bin.1.288	4400349	HQ
MFD05521.bin.1.29	8696024	HQ
MFD05521.bin.1.30	8125419	HQ
MFD05521.bin.1.38	9549244	HQ
MFD05521.bin.1.4	7268542	HQ
MFD05521.bin.1.44	5731149	HQ
MFD05521.bin.1.48	5685139	HQ
MFD05521.bin.1.51	5210846	HQ
MFD05521.bin.1.59	4157741	HQ
MFD05521.bin.1.66	7325225	HQ
MFD05521.bin.1.70	6131231	HQ
MFD05521.bin.1.74	6901949	HQ
MFD05521.bin.1.8	8835767	HQ
MFD05521.bin.1.80	5079509	HQ
MFD05521.bin.2.132	3578288	HQ
MFD05521.bin.2.65	6988285	HQ
MFD05537.bin.1.20	5950410	HQ
MFD05537.bin.1.28	3272068	HQ
MFD05537.bin.1.31	3814080	HQ
MFD05537.bin.1.91	7354481	HQ
MFD05537.bin.2.59	8767608	HQ
MFD05567.bin.1.1	5525756	HQ
MFD05567.bin.1.13	6142216	HQ
MFD05567.bin.1.159	4654503	HQ
MFD05567.bin.1.164	7703130	HQ
MFD05567.bin.1.191	5218528	HQ
MFD05567.bin.1.192	3072413	HQ
MFD05567.bin.1.200	5082202	HQ
MFD05567.bin.1.201	5172114	HQ
MFD05567.bin.1.208	6274430	HQ
MFD05567.bin.1.209	6724556	HQ
MFD05567.bin.1.210	7025181	HQ
MFD05567.bin.1.23	4791810	HQ
MFD05567.bin.1.238	4307710	HQ
MFD05567.bin.1.253	5940831	HQ
MFD05567.bin.1.264	9460465	HQ
MFD05567.bin.1.272	3762529	HQ
MFD05567.bin.1.281	2679091	HQ
MFD05567.bin.1.54	2926146	HQ
MFD05567.bin.1.68	4465334	HQ
MFD05567.bin.1.91	2963964	HQ
MFD05567.bin.2.192	6445374	HQ
MFD05567.bin.2.20	2916332	HQ
MFD05567.bin.3.520	5046252	HQ
MFD05580.bin.1.113	6620714	HQ
MFD05580.bin.1.114	6107195	HQ
MFD05580.bin.1.115	6283147	HQ
MFD05580.bin.1.123	5043941	HQ
MFD05580.bin.1.127	9030633	HQ
MFD05580.bin.1.128	1466044	HQ
MFD05580.bin.1.134	6496493	HQ
MFD05580.bin.1.136	5302938	HQ
MFD05580.bin.1.148	6378953	HQ
MFD05580.bin.1.149	5502649	HQ
MFD05580.bin.1.2	3663365	HQ
MFD05580.bin.1.24	4866933	HQ
MFD05580.bin.1.26	5385520	HQ
MFD05580.bin.1.34	3972480	HQ
MFD05580.bin.1.43	7004543	HQ
MFD05580.bin.1.47	1925429	HQ
MFD05580.bin.1.5	6247418	HQ
MFD05580.bin.1.50	6862576	HQ
MFD05580.bin.1.53	5076791	HQ
MFD05580.bin.1.54	3971082	HQ
MFD05580.bin.1.58	5562882	HQ
MFD05580.bin.1.59	1618240	HQ
MFD05580.bin.1.6	5531196	HQ
MFD05580.bin.1.8	3250826	HQ
MFD05580.bin.1.81	5128400	HQ
MFD05580.bin.1.84	5274608	HQ
MFD05580.bin.1.88	5815509	HQ
MFD05580.bin.1.89	5212320	HQ
MFD05580.bin.1.91	4394442	HQ
MFD05580.bin.1.93	4422174	HQ
MFD05580.bin.1.96	4678404	HQ
MFD05580.bin.1.97	1601323	HQ
MFD05580.bin.1.99	3038751	HQ
MFD05580.bin.2.4	6767811	HQ
MFD05580.bin.2.5	7209997	HQ
MFD05580.bin.2.6	7013423	HQ
MFD05580.bin.2.80	4643492	HQ
MFD05674.bin.1.102	5372124	HQ
MFD05674.bin.1.108	4356965	HQ
MFD05674.bin.1.115	3385877	HQ
MFD05674.bin.1.135	3168616	HQ
MFD05674.bin.1.155	4469963	HQ
MFD05674.bin.1.159	5767168	HQ
MFD05674.bin.1.183	2825486	HQ
MFD05674.bin.1.188	3635474	HQ
MFD05674.bin.1.215	3823612	HQ
MFD05674.bin.1.229	4499396	HQ
MFD05674.bin.1.232	4307629	HQ
MFD05674.bin.1.236	3445554	HQ
MFD05674.bin.1.26	3010108	HQ
MFD05674.bin.1.49	1292262	HQ
MFD05674.bin.1.60	10719655	HQ
MFD05674.bin.1.62	3202015	HQ
MFD05674.bin.1.96	2934320	HQ
MFD05674.bin.2.111	2983921	HQ
MFD05674.bin.2.90	4262790	HQ
MFD05684.bin.1.104	3048224	HQ
MFD05684.bin.1.105	3867852	HQ
MFD05684.bin.1.110	3509804	HQ
MFD05684.bin.1.112	3845958	HQ
MFD05684.bin.1.113	3356332	HQ
MFD05684.bin.1.120	3869963	HQ
MFD05684.bin.1.123	3542818	HQ
MFD05684.bin.1.125	3597460	HQ
MFD05684.bin.1.130	3614371	HQ
MFD05684.bin.1.131	5238158	HQ
MFD05684.bin.1.137	5338230	HQ
MFD05684.bin.1.14	3684218	HQ
MFD05684.bin.1.141	4491665	HQ
MFD05684.bin.1.143	5735898	HQ
MFD05684.bin.1.145	7974977	HQ
MFD05684.bin.1.15	957922	HQ
MFD05684.bin.1.151	4449591	HQ
MFD05684.bin.1.154	5608728	HQ
MFD05684.bin.1.155	8151855	HQ
MFD05684.bin.1.156	5386020	HQ
MFD05684.bin.1.163	6754975	HQ
MFD05684.bin.1.164	7456844	HQ
MFD05684.bin.1.168	3993120	HQ
MFD05684.bin.1.171	8865410	HQ
MFD05684.bin.1.174	7559598	HQ
MFD05684.bin.1.178	3622527	HQ
MFD05684.bin.1.182	4532960	HQ
MFD05684.bin.1.19	3604076	HQ
MFD05684.bin.1.2	4622177	HQ
MFD05684.bin.1.219	5113806	HQ
MFD05684.bin.1.22	3744161	HQ
MFD05684.bin.1.223	5125664	HQ
MFD05684.bin.1.228	6101362	HQ
MFD05684.bin.1.245	1968469	HQ
MFD05684.bin.1.257	6684396	HQ
MFD05684.bin.1.259	6017816	HQ
MFD05684.bin.1.26	5223723	HQ
MFD05684.bin.1.262	3576160	HQ
MFD05684.bin.1.263	4664706	HQ
MFD05684.bin.1.267	5584793	HQ
MFD05684.bin.1.277	4321282	HQ
MFD05684.bin.1.282	3699521	HQ
MFD05684.bin.1.283	1946607	HQ
MFD05684.bin.1.284	939969	HQ
MFD05684.bin.1.285	3606482	HQ
MFD05684.bin.1.290	4657782	HQ
MFD05684.bin.1.294	4596273	HQ
MFD05684.bin.1.295	2638848	HQ
MFD05684.bin.1.297	3022142	HQ
MFD05684.bin.1.299	3836983	HQ
MFD05684.bin.1.301	4117830	HQ
MFD05684.bin.1.307	3381548	HQ
MFD05684.bin.1.309	4890412	HQ
MFD05684.bin.1.310	4613272	HQ
MFD05684.bin.1.321	6128916	HQ
MFD05684.bin.1.323	4796308	HQ
MFD05684.bin.1.327	4859456	HQ
MFD05684.bin.1.331	3316786	HQ
MFD05684.bin.1.338	6740959	HQ
MFD05684.bin.1.340	2712911	HQ
MFD05684.bin.1.343	4083239	HQ
MFD05684.bin.1.344	4396000	HQ
MFD05684.bin.1.347	3566213	HQ
MFD05684.bin.1.348	2891289	HQ
MFD05684.bin.1.350	3763289	HQ
MFD05684.bin.1.351	6227216	HQ
MFD05684.bin.1.352	3699870	HQ
MFD05684.bin.1.356	4754517	HQ
MFD05684.bin.1.360	4744363	HQ
MFD05684.bin.1.363	2427842	HQ
MFD05684.bin.1.364	2924300	HQ
MFD05684.bin.1.373	4066476	HQ
MFD05684.bin.1.374	7644730	HQ
MFD05684.bin.1.376	2569472	HQ
MFD05684.bin.1.38	4468443	HQ
MFD05684.bin.1.381	5328191	HQ
MFD05684.bin.1.382	2708279	HQ
MFD05684.bin.1.387	3114175	HQ
MFD05684.bin.1.388	3441109	HQ
MFD05684.bin.1.398	3512506	HQ
MFD05684.bin.1.40	4500306	HQ
MFD05684.bin.1.401	7669931	HQ
MFD05684.bin.1.402	5010612	HQ
MFD05684.bin.1.403	9420166	HQ
MFD05684.bin.1.407	4969640	HQ
MFD05684.bin.1.416	3261185	HQ
MFD05684.bin.1.417	3500107	HQ
MFD05684.bin.1.418	4197074	HQ
MFD05684.bin.1.422	5551579	HQ
MFD05684.bin.1.427	8436764	HQ
MFD05684.bin.1.428	4886452	HQ
MFD05684.bin.1.429	3817002	HQ
MFD05684.bin.1.45	5545266	HQ
MFD05684.bin.1.46	3548890	HQ
MFD05684.bin.1.47	6482472	HQ
MFD05684.bin.1.48	3953175	HQ
MFD05684.bin.1.49	3942815	HQ
MFD05684.bin.1.50	3507061	HQ
MFD05684.bin.1.58	3765378	HQ
MFD05684.bin.1.65	5380945	HQ
MFD05684.bin.1.68	4046364	HQ
MFD05684.bin.1.74	4459564	HQ
MFD05684.bin.1.75	5516687	HQ
MFD05684.bin.1.80	3612329	HQ
MFD05684.bin.1.84	3056821	HQ
MFD05684.bin.1.85	6222872	HQ
MFD05684.bin.1.87	4157321	HQ
MFD05684.bin.1.89	3388157	HQ
MFD05684.bin.1.9	3883336	HQ
MFD05684.bin.1.93	2939383	HQ
MFD05684.bin.1.96	7756770	HQ
MFD05684.bin.2.106	3862010	HQ
MFD05684.bin.2.114	4518591	HQ
MFD05684.bin.2.118	4526016	HQ
MFD05684.bin.2.166	3361171	HQ
MFD05684.bin.2.188	3210061	HQ
MFD05684.bin.2.19	5004422	HQ
MFD05684.bin.2.217	5206477	HQ
MFD05684.bin.2.254	6061657	HQ
MFD05684.bin.2.262	2475478	HQ
MFD05684.bin.2.286	5308907	HQ
MFD05684.bin.2.86	3813856	HQ
MFD05684.bin.3.152	5046467	HQ
MFD05684.bin.3.200	4122860	HQ
MFD05684.bin.3.35	4402345	HQ
MFD05684.bin.3.432	3943502	HQ
MFD05705.bin.1.100	5878354	HQ
MFD05705.bin.1.131	4562828	HQ
MFD05705.bin.1.139	6694258	HQ
MFD05705.bin.1.141	7239070	HQ
MFD05705.bin.1.149	7629695	HQ
MFD05705.bin.1.150	4965753	HQ
MFD05705.bin.1.152	4445649	HQ
MFD05705.bin.1.153	5413142	HQ
MFD05705.bin.1.154	6252314	HQ
MFD05705.bin.1.155	4434633	HQ
MFD05705.bin.1.156	4317745	HQ
MFD05705.bin.1.158	3577255	HQ
MFD05705.bin.1.159	5102904	HQ
MFD05705.bin.1.16	4875673	HQ
MFD05705.bin.1.160	6831782	HQ
MFD05705.bin.1.162	7017681	HQ
MFD05705.bin.1.164	2793984	HQ
MFD05705.bin.1.166	4533955	HQ
MFD05705.bin.1.174	4353741	HQ
MFD05705.bin.1.184	5516054	HQ
MFD05705.bin.1.186	4730111	HQ
MFD05705.bin.1.187	2713783	HQ
MFD05705.bin.1.189	5479776	HQ
MFD05705.bin.1.193	6238045	HQ
MFD05705.bin.1.194	7920712	HQ
MFD05705.bin.1.195	6832331	HQ
MFD05705.bin.1.20	5758799	HQ
MFD05705.bin.1.204	3595007	HQ
MFD05705.bin.1.205	5746538	HQ
MFD05705.bin.1.209	5590352	HQ
MFD05705.bin.1.211	4216005	HQ
MFD05705.bin.1.215	7341518	HQ
MFD05705.bin.1.22	5825932	HQ
MFD05705.bin.1.221	3339937	HQ
MFD05705.bin.1.224	6257272	HQ
MFD05705.bin.1.23	5134249	HQ
MFD05705.bin.1.231	4450327	HQ
MFD05705.bin.1.234	5529950	HQ
MFD05705.bin.1.239	6425383	HQ
MFD05705.bin.1.25	5859292	HQ
MFD05705.bin.1.27	5379843	HQ
MFD05705.bin.1.3	3207864	HQ
MFD05705.bin.1.30	3829211	HQ
MFD05705.bin.1.31	5642784	HQ
MFD05705.bin.1.32	4989605	HQ
MFD05705.bin.1.33	9022574	HQ
MFD05705.bin.1.35	5209690	HQ
MFD05705.bin.1.43	4054142	HQ
MFD05705.bin.1.45	5463413	HQ
MFD05705.bin.1.51	4299884	HQ
MFD05705.bin.1.56	3554024	HQ
MFD05705.bin.1.57	3459977	HQ
MFD05705.bin.1.61	4786446	HQ
MFD05705.bin.1.72	4990592	HQ
MFD05705.bin.1.73	3960486	HQ
MFD05705.bin.1.75	8572324	HQ
MFD05705.bin.1.76	4001104	HQ
MFD05705.bin.1.79	6554597	HQ
MFD05705.bin.1.81	4657028	HQ
MFD05705.bin.1.83	5372984	HQ
MFD05705.bin.1.84	7717754	HQ
MFD05705.bin.2.153	5986751	HQ
MFD05705.bin.2.69	5708938	HQ
MFD05705.bin.3.155	5078633	HQ
MFD05705.bin.3.69	4392175	HQ
MFD05747.bin.1.108	5833046	HQ
MFD05747.bin.1.115	5144210	HQ
MFD05747.bin.1.116	5161267	HQ
MFD05747.bin.1.131	5455767	HQ
MFD05747.bin.1.146	3955700	HQ
MFD05747.bin.1.151	2549788	HQ
MFD05747.bin.1.159	2742005	HQ
MFD05747.bin.1.166	2469829	HQ
MFD05747.bin.1.28	5357874	HQ
MFD05747.bin.1.35	3153542	HQ
MFD05747.bin.1.75	3101813	HQ
MFD05747.bin.1.85	2545174	HQ
MFD05747.bin.3.202	5227869	HQ
MFD05841.bin.1.1	4656287	HQ
MFD05841.bin.1.101	13282364	HQ
MFD05841.bin.1.109	3718498	HQ
MFD05841.bin.1.111	4953799	HQ
MFD05841.bin.1.117	3751013	HQ
MFD05841.bin.1.133	5789333	HQ
MFD05841.bin.1.138	3176268	HQ
MFD05841.bin.1.14	6482092	HQ
MFD05841.bin.1.147	4557389	HQ
MFD05841.bin.1.15	5193731	HQ
MFD05841.bin.1.157	3468968	HQ
MFD05841.bin.1.158	3036622	HQ
MFD05841.bin.1.161	6812435	HQ
MFD05841.bin.1.162	4200411	HQ
MFD05841.bin.1.191	5536857	HQ
MFD05841.bin.1.192	5584175	HQ
MFD05841.bin.1.21	4347534	HQ
MFD05841.bin.1.227	3547767	HQ
MFD05841.bin.1.229	3777055	HQ
MFD05841.bin.1.230	3919922	HQ
MFD05841.bin.1.238	5409937	HQ
MFD05841.bin.1.269	6835340	HQ
MFD05841.bin.1.270	4085241	HQ
MFD05841.bin.1.273	3297023	HQ
MFD05841.bin.1.33	4315908	HQ
MFD05841.bin.1.39	4308569	HQ
MFD05841.bin.1.46	2998066	HQ
MFD05841.bin.1.51	3429669	HQ
MFD05841.bin.1.64	6648688	HQ
MFD05841.bin.1.71	3393335	HQ
MFD05841.bin.1.8	4644865	HQ
MFD05841.bin.2.125	6414786	HQ
MFD05841.bin.2.62	6654403	HQ
MFD05942.bin.1.102	3563017	HQ
MFD05942.bin.1.105	3034677	HQ
MFD05942.bin.1.108	3522817	HQ
MFD05942.bin.1.109	4286482	HQ
MFD05942.bin.1.115	3084248	HQ
MFD05942.bin.1.117	4072541	HQ
MFD05942.bin.1.119	4136756	HQ
MFD05942.bin.1.131	3279149	HQ
MFD05942.bin.1.132	2994170	HQ
MFD05942.bin.1.135	3562166	HQ
MFD05942.bin.1.141	3932700	HQ
MFD05942.bin.1.145	6195987	HQ
MFD05942.bin.1.149	4361995	HQ
MFD05942.bin.1.16	4352792	HQ
MFD05942.bin.1.169	3699550	HQ
MFD05942.bin.1.17	5615313	HQ
MFD05942.bin.1.195	863589	HQ
MFD05942.bin.1.2	4480382	HQ
MFD05942.bin.1.20	2186233	HQ
MFD05942.bin.1.21	4629532	HQ
MFD05942.bin.1.218	5100267	HQ
MFD05942.bin.1.227	3943663	HQ
MFD05942.bin.1.240	5571857	HQ
MFD05942.bin.1.268	4292541	HQ
MFD05942.bin.1.295	5231511	HQ
MFD05942.bin.1.3	4342552	HQ
MFD05942.bin.1.306	3512697	HQ
MFD05942.bin.1.310	4490167	HQ
MFD05942.bin.1.314	4119340	HQ
MFD05942.bin.1.318	3334887	HQ
MFD05942.bin.1.319	4363139	HQ
MFD05942.bin.1.32	5232625	HQ
MFD05942.bin.1.323	4210379	HQ
MFD05942.bin.1.327	3641026	HQ
MFD05942.bin.1.33	3252361	HQ
MFD05942.bin.1.336	2005544	HQ
MFD05942.bin.1.345	2327862	HQ
MFD05942.bin.1.35	4020836	HQ
MFD05942.bin.1.356	3539063	HQ
MFD05942.bin.1.358	3674399	HQ
MFD05942.bin.1.36	3054388	HQ
MFD05942.bin.1.360	3976921	HQ
MFD05942.bin.1.364	3325688	HQ
MFD05942.bin.1.375	7260140	HQ
MFD05942.bin.1.38	4276124	HQ
MFD05942.bin.1.380	4137114	HQ
MFD05942.bin.1.384	4740093	HQ
MFD05942.bin.1.387	3264061	HQ
MFD05942.bin.1.404	3614957	HQ
MFD05942.bin.1.417	5249016	HQ
MFD05942.bin.1.428	3640030	HQ
MFD05942.bin.1.432	3522378	HQ
MFD05942.bin.1.436	4510916	HQ
MFD05942.bin.1.444	3683021	HQ
MFD05942.bin.1.451	3075830	HQ
MFD05942.bin.1.462	4846672	HQ
MFD05942.bin.1.463	6681402	HQ
MFD05942.bin.1.466	3860783	HQ
MFD05942.bin.1.467	4191759	HQ
MFD05942.bin.1.56	3976937	HQ
MFD05942.bin.1.64	4211590	HQ
MFD05942.bin.1.7	4749427	HQ
MFD05942.bin.1.73	3531517	HQ
MFD05942.bin.1.74	4805319	HQ
MFD05942.bin.1.84	5366867	HQ
MFD05942.bin.1.91	5285639	HQ
MFD05942.bin.1.94	4608069	HQ
MFD05942.bin.1.95	4640479	HQ
MFD05942.bin.1.97	5383953	HQ
MFD05942.bin.2.148	3853739	HQ
MFD05942.bin.2.42	3269813	HQ
MFD05942.bin.3.282	4076590	HQ
MFD06085.bin.1.10	3583070	HQ
MFD06085.bin.1.132	3416806	HQ
MFD06085.bin.1.160	5046086	HQ
MFD06085.bin.1.163	4221448	HQ
MFD06085.bin.1.165	4999760	HQ
MFD06085.bin.1.170	3273606	HQ
MFD06085.bin.1.175	4248203	HQ
MFD06085.bin.1.176	5713696	HQ
MFD06085.bin.1.22	5520127	HQ
MFD06085.bin.1.35	5014628	HQ
MFD06085.bin.1.42	2286900	HQ
MFD06085.bin.1.47	3128368	HQ
MFD06085.bin.1.51	4247122	HQ
MFD06085.bin.1.67	5543716	HQ
MFD06085.bin.1.7	6294222	HQ
MFD06085.bin.1.86	6785202	HQ
MFD06085.bin.1.89	5324384	HQ
MFD06085.bin.1.94	4560945	HQ
MFD06085.bin.2.69	4910943	HQ
MFD06085.bin.2.87	5412292	HQ
MFD06092.bin.1.119	3300127	HQ
MFD06092.bin.1.125	3610701	HQ
MFD06092.bin.1.131	4078324	HQ
MFD06092.bin.1.148	4735124	HQ
MFD06092.bin.1.15	3910536	HQ
MFD06092.bin.1.171	4102735	HQ
MFD06092.bin.1.174	4629737	HQ
MFD06092.bin.1.175	5146072	HQ
MFD06092.bin.1.176	2217981	HQ
MFD06092.bin.1.177	3995114	HQ
MFD06092.bin.1.18	3395615	HQ
MFD06092.bin.1.181	5356494	HQ
MFD06092.bin.1.203	4462950	HQ
MFD06092.bin.1.220	7135670	HQ
MFD06092.bin.1.224	6589538	HQ
MFD06092.bin.1.228	6159028	HQ
MFD06092.bin.1.230	4744657	HQ
MFD06092.bin.1.235	3478267	HQ
MFD06092.bin.1.246	5949562	HQ
MFD06092.bin.1.248	5646717	HQ
MFD06092.bin.1.253	5936360	HQ
MFD06092.bin.1.260	4226631	HQ
MFD06092.bin.1.266	4486588	HQ
MFD06092.bin.1.269	6681155	HQ
MFD06092.bin.1.270	4522576	HQ
MFD06092.bin.1.32	2247636	HQ
MFD06092.bin.1.40	5584664	HQ
MFD06092.bin.1.41	5587905	HQ
MFD06092.bin.1.45	8564987	HQ
MFD06092.bin.1.47	3043043	HQ
MFD06092.bin.1.49	4722649	HQ
MFD06092.bin.1.58	6589315	HQ
MFD06092.bin.1.70	3318487	HQ
MFD06092.bin.1.94	1607627	HQ
MFD06092.bin.2.149	2573793	HQ
MFD06092.bin.2.193	7538225	HQ
MFD06092.bin.3.112	5129454	HQ
MFD06092.bin.3.244	4724161	HQ
MFD06092.bin.3.266	3120400	HQ
MFD06229.bin.1.1	6501098	HQ
MFD06229.bin.1.101	5979930	HQ
MFD06229.bin.1.13	3638278	HQ
MFD06229.bin.1.145	2921860	HQ
MFD06229.bin.1.171	3254181	HQ
MFD06229.bin.1.185	4016521	HQ
MFD06229.bin.1.199	5000242	HQ
MFD06229.bin.1.238	4214073	HQ
MFD06229.bin.1.242	4015447	HQ
MFD06229.bin.1.246	6552981	HQ
MFD06229.bin.1.26	3534983	HQ
MFD06229.bin.1.266	5988929	HQ
MFD06229.bin.1.275	6661286	HQ
MFD06229.bin.1.279	4464848	HQ
MFD06229.bin.1.283	4239532	HQ
MFD06229.bin.1.289	3290888	HQ
MFD06229.bin.1.44	2943459	HQ
MFD06229.bin.1.58	3343013	HQ
MFD06229.bin.1.60	7510194	HQ
MFD06229.bin.1.61	4549571	HQ
MFD06229.bin.2.170	6189115	HQ
MFD06229.bin.2.49	5833613	HQ
MFD06298.bin.1.10	4797196	HQ
MFD06298.bin.1.103	3772685	HQ
MFD06298.bin.1.108	5802857	HQ
MFD06298.bin.1.123	3227838	HQ
MFD06298.bin.1.126	7799248	HQ
MFD06298.bin.1.135	3547058	HQ
MFD06298.bin.1.144	3332296	HQ
MFD06298.bin.1.191	6370902	HQ
MFD06298.bin.1.193	6644234	HQ
MFD06298.bin.1.197	2952584	HQ
MFD06298.bin.1.21	5109079	HQ
MFD06298.bin.1.211	3781579	HQ
MFD06298.bin.1.216	6402227	HQ
MFD06298.bin.1.233	8337710	HQ
MFD06298.bin.1.242	5307809	HQ
MFD06298.bin.1.3	3115284	HQ
MFD06298.bin.1.5	4412619	HQ
MFD06298.bin.1.62	5581156	HQ
MFD06298.bin.1.70	6961707	HQ
MFD06298.bin.3.255	3171676	HQ
MFD06298.bin.3.355	7106273	HQ
MFD06435.bin.1.100	3723896	HQ
MFD06435.bin.1.116	6472737	HQ
MFD06435.bin.1.124	3957900	HQ
MFD06435.bin.1.129	4989276	HQ
MFD06435.bin.1.139	3737382	HQ
MFD06435.bin.1.175	1561782	HQ
MFD06435.bin.1.188	6167778	HQ
MFD06435.bin.1.192	4936575	HQ
MFD06435.bin.1.194	5435744	HQ
MFD06435.bin.1.198	7061284	HQ
MFD06435.bin.1.213	6465788	HQ
MFD06435.bin.1.230	4848513	HQ
MFD06435.bin.1.27	4783657	HQ
MFD06435.bin.1.31	6270324	HQ
MFD06435.bin.1.39	7119469	HQ
MFD06435.bin.1.47	3128702	HQ
MFD06435.bin.1.50	5656905	HQ
MFD06435.bin.1.8	5029809	HQ
MFD06435.bin.1.80	736061	HQ
MFD06435.bin.2.53	3363444	HQ
MFD06526.bin.1.107	7111523	HQ
MFD06526.bin.1.139	4401290	HQ
MFD06526.bin.1.142	4569449	HQ
MFD06526.bin.1.22	3524688	HQ
MFD06526.bin.1.51	4953645	HQ
MFD06526.bin.1.61	4969375	HQ
MFD06526.bin.1.90	5979756	HQ
MFD06714.bin.1.101	4248628	HQ
MFD06714.bin.1.11	4847799	HQ
MFD06714.bin.1.120	5128055	HQ
MFD06714.bin.1.126	4974347	HQ
MFD06714.bin.1.129	6713237	HQ
MFD06714.bin.1.140	7944493	HQ
MFD06714.bin.1.149	3754360	HQ
MFD06714.bin.1.152	6318957	HQ
MFD06714.bin.1.155	4845228	HQ
MFD06714.bin.1.160	5754186	HQ
MFD06714.bin.1.176	5503876	HQ
MFD06714.bin.1.18	5966115	HQ
MFD06714.bin.1.19	4595076	HQ
MFD06714.bin.1.192	3264190	HQ
MFD06714.bin.1.217	5817536	HQ
MFD06714.bin.1.224	4181270	HQ
MFD06714.bin.1.225	3882739	HQ
MFD06714.bin.1.226	3462080	HQ
MFD06714.bin.1.228	5103253	HQ
MFD06714.bin.1.229	5189250	HQ
MFD06714.bin.1.234	8580913	HQ
MFD06714.bin.1.236	4275816	HQ
MFD06714.bin.1.31	5002892	HQ
MFD06714.bin.1.34	2818696	HQ
MFD06714.bin.1.36	4633137	HQ
MFD06714.bin.1.37	5748078	HQ
MFD06714.bin.1.47	4766842	HQ
MFD06714.bin.1.49	4670001	HQ
MFD06714.bin.1.6	5002860	HQ
MFD06714.bin.1.68	4898998	HQ
MFD06714.bin.1.74	6296527	HQ
MFD06714.bin.1.81	6816879	HQ
MFD06714.bin.1.9	6825599	HQ
MFD06714.bin.2.140	3642900	HQ
MFD06714.bin.3.19	3442421	HQ
MFD06714.bin.3.94	4944898	HQ
MFD06742.bin.1.1	2951391	HQ
MFD06742.bin.1.113	3487778	HQ
MFD06742.bin.1.131	6743606	HQ
MFD06742.bin.1.139	3186940	HQ
MFD06742.bin.1.142	3703401	HQ
MFD06742.bin.1.165	3794994	HQ
MFD06742.bin.1.182	4844420	HQ
MFD06742.bin.1.206	7543413	HQ
MFD06742.bin.1.259	6469926	HQ
MFD06742.bin.1.261	3768809	HQ
MFD06742.bin.1.32	4370417	HQ
MFD06742.bin.1.336	6197475	HQ
MFD06742.bin.1.53	4074362	HQ
MFD06742.bin.1.58	5681088	HQ
MFD06742.bin.2.122	6709055	HQ
MFD06742.bin.2.158	5372878	HQ
MFD06742.bin.2.202	5210234	HQ
MFD06742.bin.2.23	6243503	HQ
MFD07386.bin.1.14	5953817	HQ
MFD07639.bin.1.10	3489435	HQ
MFD07639.bin.1.13	3572325	HQ
MFD07639.bin.1.66	3156568	HQ
MFD07639.bin.1.71	3967022	HQ
MFD07737.bin.1.21	1587345	HQ
MFD07737.bin.1.43	2226610	HQ
MFD07737.bin.1.47	3676362	HQ
MFD07987.bin.1.10	6158013	HQ
MFD08203.bin.1.4	3672843	HQ
MFD08353.bin.1.29	3233878	HQ
MFD08416.bin.1.19	5342543	HQ
MFD08416.bin.1.3	4494256	HQ
MFD08416.bin.1.79	5791982	HQ
MFD08416.bin.1.86	5891762	HQ
MFD08497.bin.1.115	4624911	HQ
MFD08497.bin.1.135	3086554	HQ
MFD08497.bin.1.32	3530702	HQ
MFD08497.bin.2.53	4840696	HQ
MFD08669.bin.1.116	2966488	HQ
MFD08669.bin.1.13	3560306	HQ
MFD08669.bin.1.20	2966105	HQ
MFD08669.bin.1.39	2777205	HQ
MFD08669.bin.1.44	4019231	HQ
MFD08669.bin.1.45	2297372	HQ
MFD08669.bin.1.5	3432676	HQ
MFD08669.bin.1.88	3375778	HQ
MFD08669.bin.2.15	4279992	HQ
MFD08691.bin.1.114	3797364	HQ
MFD08691.bin.1.35	3808452	HQ
MFD08691.bin.1.5	7407624	HQ
MFD08700.bin.1.19	2922782	HQ
MFD08700.bin.1.2	5216867	HQ
MFD08700.bin.1.4	3923786	HQ
MFD08700.bin.1.44	5519426	HQ
MFD08700.bin.1.66	3249380	HQ
MFD08700.bin.1.74	3392162	HQ
MFD08700.bin.1.95	3423962	HQ
MFD08700.bin.2.48	3256934	HQ
MFD08821.bin.1.112	4748949	HQ
MFD08821.bin.1.29	2876680	HQ
MFD08821.bin.1.92	3829199	HQ
MFD09018.bin.1.114	7363157	HQ
MFD09018.bin.1.23	3929291	HQ
MFD09018.bin.1.47	3417788	HQ
MFD09018.bin.1.6	4228420	HQ
MFD09018.bin.1.68	3357828	HQ
MFD09018.bin.2.22	3708737	HQ
MFD09126.bin.1.47	3037037	HQ
MFD09126.bin.1.74	3031579	HQ
MFD09126.bin.1.77	2662030	HQ
MFD09206.bin.1.100	3481158	HQ
MFD09206.bin.1.107	7053203	HQ
MFD09206.bin.1.115	3809573	HQ
MFD09206.bin.1.132	6668996	HQ
MFD09206.bin.1.14	3627423	HQ
MFD09206.bin.1.160	6430901	HQ
MFD09206.bin.1.167	4617458	HQ
MFD09206.bin.1.191	3314217	HQ
MFD09206.bin.1.2	6517998	HQ
MFD09206.bin.1.206	3800777	HQ
MFD09206.bin.1.208	4367835	HQ
MFD09206.bin.1.210	4008187	HQ
MFD09206.bin.1.212	5188450	HQ
MFD09206.bin.1.218	2792195	HQ
MFD09206.bin.1.221	3800328	HQ
MFD09206.bin.1.225	3901576	HQ
MFD09206.bin.1.227	4643202	HQ
MFD09206.bin.1.230	8506119	HQ
MFD09206.bin.1.237	2509630	HQ
MFD09206.bin.1.40	4313030	HQ
MFD09206.bin.1.42	7491284	HQ
MFD09206.bin.1.5	3321356	HQ
MFD09206.bin.1.6	3698921	HQ
MFD09206.bin.1.69	2907156	HQ
MFD09206.bin.1.75	3418850	HQ
MFD09206.bin.1.90	3647040	HQ
MFD09206.bin.1.94	2592618	HQ
MFD09206.bin.2.153	6581867	HQ
MFD09206.bin.2.20	1965880	HQ
MFD09206.bin.3.348	3621229	HQ
MFD09212.bin.1.104	3764766	HQ
MFD09212.bin.1.122	6292655	HQ
MFD09212.bin.1.129	4759393	HQ
MFD09212.bin.1.13	2758931	HQ
MFD09212.bin.1.130	5462262	HQ
MFD09212.bin.1.133	4460159	HQ
MFD09212.bin.1.134	5625246	HQ
MFD09212.bin.1.136	7200588	HQ
MFD09212.bin.1.137	2782345	HQ
MFD09212.bin.1.138	4921380	HQ
MFD09212.bin.1.139	7384452	HQ
MFD09212.bin.1.140	7557998	HQ
MFD09212.bin.1.141	6524393	HQ
MFD09212.bin.1.142	3551486	HQ
MFD09212.bin.1.144	6353317	HQ
MFD09212.bin.1.147	2868619	HQ
MFD09212.bin.1.165	2723528	HQ
MFD09212.bin.1.18	2779303	HQ
MFD09212.bin.1.19	6290628	HQ
MFD09212.bin.1.196	4045564	HQ
MFD09212.bin.1.210	3833545	HQ
MFD09212.bin.1.217	9273319	HQ
MFD09212.bin.1.219	8646265	HQ
MFD09212.bin.1.232	5241284	HQ
MFD09212.bin.1.234	6296843	HQ
MFD09212.bin.1.240	4446884	HQ
MFD09212.bin.1.244	6240955	HQ
MFD09212.bin.1.252	7702276	HQ
MFD09212.bin.1.28	2095873	HQ
MFD09212.bin.1.3	3627035	HQ
MFD09212.bin.1.30	5220498	HQ
MFD09212.bin.1.36	4780472	HQ
MFD09212.bin.1.4	6525869	HQ
MFD09212.bin.1.43	3165943	HQ
MFD09212.bin.1.47	4159654	HQ
MFD09212.bin.1.66	2480842	HQ
MFD09212.bin.1.85	3727626	HQ
MFD09222.bin.1.102	3287468	HQ
MFD09222.bin.1.109	5729517	HQ
MFD09222.bin.1.118	4548241	HQ
MFD09222.bin.1.124	7758345	HQ
MFD09222.bin.1.128	5732691	HQ
MFD09222.bin.1.129	2493321	HQ
MFD09222.bin.1.130	4457397	HQ
MFD09222.bin.1.131	3267914	HQ
MFD09222.bin.1.14	4020002	HQ
MFD09222.bin.1.147	4032645	HQ
MFD09222.bin.1.150	5593138	HQ
MFD09222.bin.1.161	5103035	HQ
MFD09222.bin.1.171	4839708	HQ
MFD09222.bin.1.174	6006191	HQ
MFD09222.bin.1.18	4046684	HQ
MFD09222.bin.1.180	5043313	HQ
MFD09222.bin.1.182	2636506	HQ
MFD09222.bin.1.185	2884519	HQ
MFD09222.bin.1.196	4568938	HQ
MFD09222.bin.1.2	926594	HQ
MFD09222.bin.1.200	4279053	HQ
MFD09222.bin.1.212	3653187	HQ
MFD09222.bin.1.214	5576343	HQ
MFD09222.bin.1.216	4578597	HQ
MFD09222.bin.1.22	4930847	HQ
MFD09222.bin.1.222	5538140	HQ
MFD09222.bin.1.225	5882711	HQ
MFD09222.bin.1.227	3942324	HQ
MFD09222.bin.1.228	5912158	HQ
MFD09222.bin.1.238	4316473	HQ
MFD09222.bin.1.32	4642619	HQ
MFD09222.bin.1.41	6206889	HQ
MFD09222.bin.1.46	6630227	HQ
MFD09222.bin.1.50	4832001	HQ
MFD09222.bin.1.52	5556121	HQ
MFD09222.bin.1.53	4420963	HQ
MFD09222.bin.1.59	5594532	HQ
MFD09222.bin.1.65	5663108	HQ
MFD09222.bin.1.71	7950088	HQ
MFD09222.bin.1.8	2651311	HQ
MFD09222.bin.1.96	6208306	HQ
MFD09222.bin.2.120	4443566	HQ
MFD09222.bin.2.148	5153611	HQ
MFD09267.bin.1.107	6197081	HQ
MFD09267.bin.1.130	4166564	HQ
MFD09267.bin.1.140	4268705	HQ
MFD09267.bin.1.152	3597829	HQ
MFD09267.bin.1.158	2795726	HQ
MFD09267.bin.1.163	2873348	HQ
MFD09267.bin.1.194	2620306	HQ
MFD09267.bin.1.216	2560231	HQ
MFD09267.bin.1.221	2605105	HQ
MFD09267.bin.1.232	5122013	HQ
MFD09267.bin.1.238	3060778	HQ
MFD09267.bin.1.253	5669022	HQ
MFD09267.bin.1.261	3735656	HQ
MFD09267.bin.1.264	7970429	HQ
MFD09267.bin.1.271	4891446	HQ
MFD09267.bin.1.277	2913143	HQ
MFD09267.bin.1.290	6087163	HQ
MFD09267.bin.1.321	2647405	HQ
MFD09267.bin.1.346	3244330	HQ
MFD09267.bin.1.350	3372636	HQ
MFD09267.bin.1.353	2629635	HQ
MFD09267.bin.1.386	3092254	HQ
MFD09267.bin.1.5	3279982	HQ
MFD09267.bin.1.83	2928932	HQ
MFD09267.bin.1.89	2811981	HQ
MFD09267.bin.1.92	2662573	HQ
MFD09267.bin.1.95	4477784	HQ
MFD09267.bin.2.120	3130929	HQ
MFD09267.bin.2.222	2808967	HQ
MFD09267.bin.3.238	6229210	HQ
MFD09267.bin.3.5	4478600	HQ
MFD09267.bin.3.51	4445411	HQ
MFD09286.bin.1.1	8102619	HQ
MFD09286.bin.1.102	8264673	HQ
MFD09286.bin.1.109	4241410	HQ
MFD09286.bin.1.124	8132213	HQ
MFD09286.bin.1.132	5232752	HQ
MFD09286.bin.1.138	5587994	HQ
MFD09286.bin.1.139	3154963	HQ
MFD09286.bin.1.140	5046666	HQ
MFD09286.bin.1.141	4984879	HQ
MFD09286.bin.1.148	4980075	HQ
MFD09286.bin.1.150	4069568	HQ
MFD09286.bin.1.157	7541974	HQ
MFD09286.bin.1.158	4062738	HQ
MFD09286.bin.1.160	8327589	HQ
MFD09286.bin.1.167	6987385	HQ
MFD09286.bin.1.170	3341679	HQ
MFD09286.bin.1.172	4782446	HQ
MFD09286.bin.1.180	5347016	HQ
MFD09286.bin.1.183	4669947	HQ
MFD09286.bin.1.185	4980135	HQ
MFD09286.bin.1.186	3738661	HQ
MFD09286.bin.1.187	4101856	HQ
MFD09286.bin.1.194	5204056	HQ
MFD09286.bin.1.20	3485444	HQ
MFD09286.bin.1.203	5216963	HQ
MFD09286.bin.1.210	4219518	HQ
MFD09286.bin.1.212	5569842	HQ
MFD09286.bin.1.235	7280413	HQ
MFD09286.bin.1.248	5671970	HQ
MFD09286.bin.1.251	5330657	HQ
MFD09286.bin.1.254	3304979	HQ
MFD09286.bin.1.255	6251890	HQ
MFD09286.bin.1.36	5157492	HQ
MFD09286.bin.1.44	6696006	HQ
MFD09286.bin.1.46	5524451	HQ
MFD09286.bin.1.47	6881357	HQ
MFD09286.bin.1.55	2686602	HQ
MFD09286.bin.1.60	4164815	HQ
MFD09286.bin.1.62	5609495	HQ
MFD09286.bin.1.8	5317618	HQ
MFD09286.bin.1.87	7565022	HQ
MFD09286.bin.2.44	3967731	HQ
MFD09286.bin.4.273	3687118	HQ
MFD09368.bin.1.121	6689645	HQ
MFD09368.bin.1.136	4531295	HQ
MFD09368.bin.1.142	4908053	HQ
MFD09368.bin.1.157	4103412	HQ
MFD09368.bin.1.176	4876495	HQ
MFD09368.bin.1.178	6796104	HQ
MFD09368.bin.1.179	4631356	HQ
MFD09368.bin.1.186	5303896	HQ
MFD09368.bin.1.187	7532782	HQ
MFD09368.bin.1.188	5018234	HQ
MFD09368.bin.1.2	4468369	HQ
MFD09368.bin.1.203	5350798	HQ
MFD09368.bin.1.210	4303445	HQ
MFD09368.bin.1.217	4966463	HQ
MFD09368.bin.1.220	4381336	HQ
MFD09368.bin.1.227	5936808	HQ
MFD09368.bin.1.228	3654220	HQ
MFD09368.bin.1.229	4963765	HQ
MFD09368.bin.1.23	6102210	HQ
MFD09368.bin.1.27	6386367	HQ
MFD09368.bin.1.28	5217436	HQ
MFD09368.bin.1.34	5577710	HQ
MFD09368.bin.1.39	5201088	HQ
MFD09368.bin.1.55	5253719	HQ
MFD09368.bin.1.57	4334076	HQ
MFD09368.bin.1.59	5813834	HQ
MFD09368.bin.1.64	5438908	HQ
MFD09368.bin.1.7	4727608	HQ
MFD09368.bin.1.80	3086345	HQ
MFD09368.bin.1.84	5521530	HQ
MFD09368.bin.1.87	3141760	HQ
MFD09368.bin.1.91	5310061	HQ
MFD09368.bin.2.160	5632032	HQ
MFD09368.bin.2.205	8937852	HQ
MFD09368.bin.3.158	5905613	HQ
MFD09368.bin.3.159	7224603	HQ
MFD09495.bin.1.102	3937914	HQ
MFD09495.bin.1.108	6484189	HQ
MFD09495.bin.1.110	3937729	HQ
MFD09495.bin.1.112	6278782	HQ
MFD09495.bin.1.125	5109118	HQ
MFD09495.bin.1.126	5292653	HQ
MFD09495.bin.1.128	4860463	HQ
MFD09495.bin.1.131	1132555	HQ
MFD09495.bin.1.132	3371996	HQ
MFD09495.bin.1.134	7971013	HQ
MFD09495.bin.1.135	3551349	HQ
MFD09495.bin.1.136	2226411	HQ
MFD09495.bin.1.139	4381563	HQ
MFD09495.bin.1.14	6377330	HQ
MFD09495.bin.1.18	10156780	HQ
MFD09495.bin.1.19	11070728	HQ
MFD09495.bin.1.2	2470335	HQ
MFD09495.bin.1.27	2645405	HQ
MFD09495.bin.1.3	5147730	HQ
MFD09495.bin.1.30	2276988	HQ
MFD09495.bin.1.31	5025823	HQ
MFD09495.bin.1.45	4713429	HQ
MFD09495.bin.1.5	3391405	HQ
MFD09495.bin.1.50	4992127	HQ
MFD09495.bin.1.52	3745016	HQ
MFD09495.bin.1.53	4842460	HQ
MFD09495.bin.1.55	2193342	HQ
MFD09495.bin.1.59	6213036	HQ
MFD09495.bin.1.6	2236974	HQ
MFD09495.bin.1.66	4742498	HQ
MFD09495.bin.1.69	4198660	HQ
MFD09495.bin.1.73	6234957	HQ
MFD09495.bin.1.76	5375696	HQ
MFD09495.bin.1.81	4807204	HQ
MFD09495.bin.2.19	8561101	HQ
MFD09495.bin.2.27	4089638	HQ
MFD09567.bin.1.113	5626229	HQ
MFD09567.bin.1.136	5338082	HQ
MFD09567.bin.1.139	5805104	HQ
MFD09567.bin.1.143	4821265	HQ
MFD09567.bin.1.28	4837362	HQ
MFD09567.bin.1.5	5105567	HQ
MFD09567.bin.1.55	5097109	HQ
MFD09567.bin.1.66	5634206	HQ
MFD09567.bin.1.70	4775718	HQ
MFD09567.bin.1.71	6072858	HQ
MFD09567.bin.1.80	6632815	HQ
MFD09567.bin.2.17	912429	HQ
MFD09603.bin.1.1	4282365	HQ
MFD09603.bin.1.101	7789503	HQ
MFD09603.bin.1.103	3722937	HQ
MFD09603.bin.1.104	4450317	HQ
MFD09603.bin.1.106	5222835	HQ
MFD09603.bin.1.11	3615936	HQ
MFD09603.bin.1.110	5592239	HQ
MFD09603.bin.1.112	4432905	HQ
MFD09603.bin.1.114	4390321	HQ
MFD09603.bin.1.115	5426412	HQ
MFD09603.bin.1.116	6830363	HQ
MFD09603.bin.1.119	4142678	HQ
MFD09603.bin.1.123	2901049	HQ
MFD09603.bin.1.124	3556603	HQ
MFD09603.bin.1.127	5026760	HQ
MFD09603.bin.1.131	8752707	HQ
MFD09603.bin.1.137	7967705	HQ
MFD09603.bin.1.144	6490512	HQ
MFD09603.bin.1.156	4528393	HQ
MFD09603.bin.1.169	3078187	HQ
MFD09603.bin.1.193	4616370	HQ
MFD09603.bin.1.2	2488292	HQ
MFD09603.bin.1.21	5909941	HQ
MFD09603.bin.1.211	4183392	HQ
MFD09603.bin.1.217	5853774	HQ
MFD09603.bin.1.231	2276742	HQ
MFD09603.bin.1.24	3916303	HQ
MFD09603.bin.1.252	3922186	HQ
MFD09603.bin.1.255	5472045	HQ
MFD09603.bin.1.256	8119191	HQ
MFD09603.bin.1.265	3099469	HQ
MFD09603.bin.1.268	2922078	HQ
MFD09603.bin.1.269	8171315	HQ
MFD09603.bin.1.270	2478255	HQ
MFD09603.bin.1.271	4636748	HQ
MFD09603.bin.1.272	5182025	HQ
MFD09603.bin.1.273	3542342	HQ
MFD09603.bin.1.275	3361900	HQ
MFD09603.bin.1.278	4634361	HQ
MFD09603.bin.1.279	6289189	HQ
MFD09603.bin.1.281	3998135	HQ
MFD09603.bin.1.283	4830408	HQ
MFD09603.bin.1.284	5393763	HQ
MFD09603.bin.1.285	5291466	HQ
MFD09603.bin.1.286	3686378	HQ
MFD09603.bin.1.288	4588038	HQ
MFD09603.bin.1.298	5854126	HQ
MFD09603.bin.1.304	5271950	HQ
MFD09603.bin.1.312	5653315	HQ
MFD09603.bin.1.313	4970451	HQ
MFD09603.bin.1.315	4476438	HQ
MFD09603.bin.1.316	5149896	HQ
MFD09603.bin.1.317	5820907	HQ
MFD09603.bin.1.32	8022443	HQ
MFD09603.bin.1.324	2955668	HQ
MFD09603.bin.1.325	5963508	HQ
MFD09603.bin.1.33	3594748	HQ
MFD09603.bin.1.340	5289532	HQ
MFD09603.bin.1.341	4462149	HQ
MFD09603.bin.1.350	3627532	HQ
MFD09603.bin.1.351	3479129	HQ
MFD09603.bin.1.362	4319771	HQ
MFD09603.bin.1.365	5262663	HQ
MFD09603.bin.1.367	4713378	HQ
MFD09603.bin.1.369	5994958	HQ
MFD09603.bin.1.37	5498374	HQ
MFD09603.bin.1.371	5014755	HQ
MFD09603.bin.1.377	4643465	HQ
MFD09603.bin.1.382	5990605	HQ
MFD09603.bin.1.392	5821194	HQ
MFD09603.bin.1.394	5660499	HQ
MFD09603.bin.1.396	5173977	HQ
MFD09603.bin.1.397	3879916	HQ
MFD09603.bin.1.4	4289462	HQ
MFD09603.bin.1.401	5010188	HQ
MFD09603.bin.1.402	3686804	HQ
MFD09603.bin.1.409	4636452	HQ
MFD09603.bin.1.413	4336076	HQ
MFD09603.bin.1.43	3827830	HQ
MFD09603.bin.1.46	2485618	HQ
MFD09603.bin.1.48	4856318	HQ
MFD09603.bin.1.49	4965571	HQ
MFD09603.bin.1.5	3942446	HQ
MFD09603.bin.1.51	2847405	HQ
MFD09603.bin.1.64	2818644	HQ
MFD09603.bin.1.68	4823143	HQ
MFD09603.bin.1.77	3902850	HQ
MFD09603.bin.1.8	5548607	HQ
MFD09603.bin.1.80	4451555	HQ
MFD09603.bin.1.83	6091060	HQ
MFD09603.bin.1.86	2643268	HQ
MFD09603.bin.1.87	3821211	HQ
MFD09603.bin.1.95	6323518	HQ
MFD09603.bin.1.97	3221627	HQ
MFD09603.bin.1.99	3845771	HQ
MFD09603.bin.2.107	8222155	HQ
MFD09603.bin.2.159	4546901	HQ
MFD09603.bin.2.160	6381341	HQ
MFD09603.bin.2.166	6809956	HQ
MFD09603.bin.2.169	2995694	HQ
MFD09603.bin.2.203	5714817	HQ
MFD09603.bin.2.224	4517955	HQ
MFD09603.bin.2.235	6746439	HQ
MFD09603.bin.2.240	8572301	HQ
MFD09603.bin.2.72	3719983	HQ
MFD09671.bin.1.108	7272133	HQ
MFD09671.bin.1.113	2342831	HQ
MFD09671.bin.1.114	3662278	HQ
MFD09671.bin.1.115	7537339	HQ
MFD09671.bin.1.12	4684877	HQ
MFD09671.bin.1.120	3181712	HQ
MFD09671.bin.1.121	4045887	HQ
MFD09671.bin.1.122	4271838	HQ
MFD09671.bin.1.125	4647888	HQ
MFD09671.bin.1.132	5139145	HQ
MFD09671.bin.1.136	5075215	HQ
MFD09671.bin.1.140	6311848	HQ
MFD09671.bin.1.150	3423971	HQ
MFD09671.bin.1.153	3167668	HQ
MFD09671.bin.1.154	4903392	HQ
MFD09671.bin.1.159	4865434	HQ
MFD09671.bin.1.161	7558874	HQ
MFD09671.bin.1.162	6449501	HQ
MFD09671.bin.1.182	5317100	HQ
MFD09671.bin.1.184	3307423	HQ
MFD09671.bin.1.186	5858564	HQ
MFD09671.bin.1.189	3714272	HQ
MFD09671.bin.1.19	5070229	HQ
MFD09671.bin.1.193	5912111	HQ
MFD09671.bin.1.194	7248087	HQ
MFD09671.bin.1.197	4291117	HQ
MFD09671.bin.1.200	8523636	HQ
MFD09671.bin.1.201	6244332	HQ
MFD09671.bin.1.203	5612568	HQ
MFD09671.bin.1.206	4725252	HQ
MFD09671.bin.1.22	5211905	HQ
MFD09671.bin.1.3	7000126	HQ
MFD09671.bin.1.34	4960874	HQ
MFD09671.bin.1.35	4436764	HQ
MFD09671.bin.1.4	4615578	HQ
MFD09671.bin.1.41	3538973	HQ
MFD09671.bin.1.42	4732840	HQ
MFD09671.bin.1.43	7235903	HQ
MFD09671.bin.1.44	5540736	HQ
MFD09671.bin.1.46	6698258	HQ
MFD09671.bin.1.48	4898049	HQ
MFD09671.bin.1.5	2903722	HQ
MFD09671.bin.1.50	5583631	HQ
MFD09671.bin.1.53	4798769	HQ
MFD09671.bin.1.54	6651217	HQ
MFD09671.bin.1.56	7470851	HQ
MFD09671.bin.1.63	5477107	HQ
MFD09671.bin.1.74	7769800	HQ
MFD09671.bin.1.78	6382539	HQ
MFD09671.bin.1.97	4468144	HQ
MFD09671.bin.4.117	4420862	HQ
MFD09730.bin.1.101	2849292	HQ
MFD09730.bin.1.114	3607005	HQ
MFD09730.bin.1.117	2494395	HQ
MFD09730.bin.1.134	2480132	HQ
MFD09730.bin.1.146	4137211	HQ
MFD09730.bin.1.148	3349955	HQ
MFD09730.bin.1.164	2947862	HQ
MFD09730.bin.1.17	1152848	HQ
MFD09730.bin.1.170	3928399	HQ
MFD09730.bin.1.55	3786400	HQ
MFD09730.bin.1.56	3628116	HQ
MFD09730.bin.1.57	3180376	HQ
MFD09730.bin.1.8	2724980	HQ
MFD09730.bin.1.81	2991561	HQ
MFD09730.bin.1.93	2883287	HQ
MFD09730.bin.1.97	3362397	HQ
MFD09779.bin.1.101	3676760	HQ
MFD09779.bin.1.102	3955305	HQ
MFD09779.bin.1.108	2978384	HQ
MFD09779.bin.1.114	3327244	HQ
MFD09779.bin.1.115	4543701	HQ
MFD09779.bin.1.123	8266777	HQ
MFD09779.bin.1.125	4164107	HQ
MFD09779.bin.1.13	3263632	HQ
MFD09779.bin.1.133	4070439	HQ
MFD09779.bin.1.15	7134528	HQ
MFD09779.bin.1.20	4306527	HQ
MFD09779.bin.1.200	4629416	HQ
MFD09779.bin.1.202	2639790	HQ
MFD09779.bin.1.204	3109283	HQ
MFD09779.bin.1.205	3126581	HQ
MFD09779.bin.1.207	4797041	HQ
MFD09779.bin.1.209	4930937	HQ
MFD09779.bin.1.212	5266549	HQ
MFD09779.bin.1.213	4159917	HQ
MFD09779.bin.1.215	2745531	HQ
MFD09779.bin.1.219	4413261	HQ
MFD09779.bin.1.220	3220817	HQ
MFD09779.bin.1.221	2838008	HQ
MFD09779.bin.1.222	5240234	HQ
MFD09779.bin.1.231	5107241	HQ
MFD09779.bin.1.234	4252538	HQ
MFD09779.bin.1.235	3296426	HQ
MFD09779.bin.1.237	3907417	HQ
MFD09779.bin.1.238	5011663	HQ
MFD09779.bin.1.239	3713916	HQ
MFD09779.bin.1.24	4996419	HQ
MFD09779.bin.1.242	4028380	HQ
MFD09779.bin.1.243	5263894	HQ
MFD09779.bin.1.244	3601477	HQ
MFD09779.bin.1.245	4716015	HQ
MFD09779.bin.1.250	5800035	HQ
MFD09779.bin.1.252	3301694	HQ
MFD09779.bin.1.256	3525077	HQ
MFD09779.bin.1.259	3657129	HQ
MFD09779.bin.1.263	4180889	HQ
MFD09779.bin.1.273	2167156	HQ
MFD09779.bin.1.277	5238209	HQ
MFD09779.bin.1.280	4981356	HQ
MFD09779.bin.1.281	5983077	HQ
MFD09779.bin.1.284	3834348	HQ
MFD09779.bin.1.286	7146372	HQ
MFD09779.bin.1.292	4367180	HQ
MFD09779.bin.1.294	6102176	HQ
MFD09779.bin.1.300	4604878	HQ
MFD09779.bin.1.308	3101388	HQ
MFD09779.bin.1.311	3112152	HQ
MFD09779.bin.1.312	2870651	HQ
MFD09779.bin.1.317	3317537	HQ
MFD09779.bin.1.323	3113544	HQ
MFD09779.bin.1.324	3294957	HQ
MFD09779.bin.1.325	3310673	HQ
MFD09779.bin.1.328	3607411	HQ
MFD09779.bin.1.329	3098821	HQ
MFD09779.bin.1.338	3898498	HQ
MFD09779.bin.1.340	4652286	HQ
MFD09779.bin.1.345	3921786	HQ
MFD09779.bin.1.346	6185395	HQ
MFD09779.bin.1.351	4011522	HQ
MFD09779.bin.1.356	4101523	HQ
MFD09779.bin.1.358	4155586	HQ
MFD09779.bin.1.359	3619335	HQ
MFD09779.bin.1.362	5154744	HQ
MFD09779.bin.1.363	2886550	HQ
MFD09779.bin.1.366	3279600	HQ
MFD09779.bin.1.373	4995445	HQ
MFD09779.bin.1.375	3446972	HQ
MFD09779.bin.1.378	3211758	HQ
MFD09779.bin.1.4	2746712	HQ
MFD09779.bin.1.42	2767268	HQ
MFD09779.bin.1.45	4693193	HQ
MFD09779.bin.1.47	2166359	HQ
MFD09779.bin.1.48	4034095	HQ
MFD09779.bin.1.49	3321665	HQ
MFD09779.bin.1.51	4010305	HQ
MFD09779.bin.1.57	2949334	HQ
MFD09779.bin.1.6	3315063	HQ
MFD09779.bin.1.63	4209728	HQ
MFD09779.bin.1.64	3224570	HQ
MFD09779.bin.1.65	4437827	HQ
MFD09779.bin.1.66	2928138	HQ
MFD09779.bin.1.69	7662794	HQ
MFD09779.bin.1.7	3928561	HQ
MFD09779.bin.1.71	3323504	HQ
MFD09779.bin.1.73	3861273	HQ
MFD09779.bin.1.77	4622600	HQ
MFD09779.bin.1.78	2547127	HQ
MFD09779.bin.1.81	3893977	HQ
MFD09779.bin.1.82	2474348	HQ
MFD09779.bin.1.83	3944809	HQ
MFD09779.bin.1.84	3713161	HQ
MFD09779.bin.1.86	2946796	HQ
MFD09779.bin.1.87	5227735	HQ
MFD09779.bin.1.88	3775062	HQ
MFD09779.bin.1.9	2928794	HQ
MFD09779.bin.1.91	2744712	HQ
MFD09779.bin.1.96	4931843	HQ
MFD09779.bin.1.97	5850059	HQ
MFD09779.bin.1.99	3027411	HQ
MFD09779.bin.2.245	2179028	HQ
MFD09779.bin.2.74	4593200	HQ
MFD09779.bin.3.448	4257791	HQ
MFD09848.bin.1.108	4519957	HQ
MFD09848.bin.1.114	4406836	HQ
MFD09848.bin.1.116	3124955	HQ
MFD09848.bin.1.119	3414893	HQ
MFD09848.bin.1.27	3891232	HQ
MFD09848.bin.1.29	4487568	HQ
MFD09848.bin.1.64	3511899	HQ
MFD09848.bin.1.96	6128860	HQ
MFD09848.bin.3.70	4608909	HQ
MFD09964.bin.1.10	4619657	HQ
MFD09964.bin.1.100	3245364	HQ
MFD09964.bin.1.108	3352307	HQ
MFD09964.bin.1.111	7949101	HQ
MFD09964.bin.1.113	6535423	HQ
MFD09964.bin.1.117	3406942	HQ
MFD09964.bin.1.132	3109070	HQ
MFD09964.bin.1.142	7915785	HQ
MFD09964.bin.1.155	3625211	HQ
MFD09964.bin.1.169	2578578	HQ
MFD09964.bin.1.174	3115082	HQ
MFD09964.bin.1.182	2975716	HQ
MFD09964.bin.1.189	3658838	HQ
MFD09964.bin.1.191	4101778	HQ
MFD09964.bin.1.195	4535771	HQ
MFD09964.bin.1.198	4018134	HQ
MFD09964.bin.1.200	3541855	HQ
MFD09964.bin.1.201	4314422	HQ
MFD09964.bin.1.206	4914405	HQ
MFD09964.bin.1.207	3244955	HQ
MFD09964.bin.1.209	3423392	HQ
MFD09964.bin.1.214	5397537	HQ
MFD09964.bin.1.215	3660149	HQ
MFD09964.bin.1.222	5456511	HQ
MFD09964.bin.1.228	5109636	HQ
MFD09964.bin.1.233	3746429	HQ
MFD09964.bin.1.234	3944069	HQ
MFD09964.bin.1.235	3203909	HQ
MFD09964.bin.1.236	3296023	HQ
MFD09964.bin.1.24	4650415	HQ
MFD09964.bin.1.240	2626249	HQ
MFD09964.bin.1.247	2917484	HQ
MFD09964.bin.1.258	2973354	HQ
MFD09964.bin.1.27	4902047	HQ
MFD09964.bin.1.272	4270862	HQ
MFD09964.bin.1.275	3163352	HQ
MFD09964.bin.1.28	3646263	HQ
MFD09964.bin.1.280	3340221	HQ
MFD09964.bin.1.283	2398285	HQ
MFD09964.bin.1.284	3548812	HQ
MFD09964.bin.1.29	2571327	HQ
MFD09964.bin.1.290	3640748	HQ
MFD09964.bin.1.292	2477017	HQ
MFD09964.bin.1.297	4435895	HQ
MFD09964.bin.1.3	3906641	HQ
MFD09964.bin.1.301	4170671	HQ
MFD09964.bin.1.307	3373441	HQ
MFD09964.bin.1.308	7901781	HQ
MFD09964.bin.1.31	4691700	HQ
MFD09964.bin.1.311	3898187	HQ
MFD09964.bin.1.312	4039774	HQ
MFD09964.bin.1.317	2197486	HQ
MFD09964.bin.1.32	3589348	HQ
MFD09964.bin.1.333	3310879	HQ
MFD09964.bin.1.336	2111698	HQ
MFD09964.bin.1.34	2757597	HQ
MFD09964.bin.1.340	3543819	HQ
MFD09964.bin.1.345	4064772	HQ
MFD09964.bin.1.347	3703446	HQ
MFD09964.bin.1.35	4494431	HQ
MFD09964.bin.1.357	4268004	HQ
MFD09964.bin.1.36	3202991	HQ
MFD09964.bin.1.362	2894461	HQ
MFD09964.bin.1.363	2873827	HQ
MFD09964.bin.1.364	3491169	HQ
MFD09964.bin.1.366	3110482	HQ
MFD09964.bin.1.373	4133960	HQ
MFD09964.bin.1.374	4503554	HQ
MFD09964.bin.1.383	7116209	HQ
MFD09964.bin.1.42	4885487	HQ
MFD09964.bin.1.44	4209398	HQ
MFD09964.bin.1.5	4275982	HQ
MFD09964.bin.1.53	3901526	HQ
MFD09964.bin.1.59	3023471	HQ
MFD09964.bin.1.60	3416652	HQ
MFD09964.bin.1.62	3956756	HQ
MFD09964.bin.1.66	3441316	HQ
MFD09964.bin.1.67	3015144	HQ
MFD09964.bin.1.68	5473190	HQ
MFD09964.bin.1.69	3452900	HQ
MFD09964.bin.1.7	5071962	HQ
MFD09964.bin.1.70	2913843	HQ
MFD09964.bin.1.74	3639475	HQ
MFD09964.bin.1.76	3523692	HQ
MFD09964.bin.1.77	3592680	HQ
MFD09964.bin.1.78	4865727	HQ
MFD09964.bin.1.79	3453254	HQ
MFD09964.bin.1.80	3568003	HQ
MFD09964.bin.1.83	4645746	HQ
MFD09964.bin.1.87	1312200	HQ
MFD09964.bin.1.93	3606830	HQ
MFD09964.bin.1.96	3694328	HQ
MFD09964.bin.1.97	2112709	HQ
MFD09964.bin.1.98	3005407	HQ
MFD09964.bin.2.104	4305165	HQ
MFD09964.bin.2.144	5918506	HQ
MFD09964.bin.2.169	4829425	HQ
MFD09964.bin.2.177	2436162	HQ
MFD09964.bin.2.187	3684156	HQ
MFD09964.bin.2.250	3948184	HQ
MFD09964.bin.2.260	4483066	HQ
MFD09964.bin.2.30	3570572	HQ
MFD09964.bin.2.64	4396574	HQ
MFD09964.bin.2.72	3031509	HQ
MFD09964.bin.3.183	4021176	HQ
MFD09964.bin.3.367	4828992	HQ
MFD10007.bin.1.1	3405613	HQ
MFD10007.bin.1.10	3582747	HQ
MFD10007.bin.1.118	3210185	HQ
MFD10007.bin.1.119	2924987	HQ
MFD10007.bin.1.123	3002561	HQ
MFD10007.bin.1.132	5270074	HQ
MFD10007.bin.1.148	2994754	HQ
MFD10007.bin.1.169	2882197	HQ
MFD10007.bin.1.171	4555100	HQ
MFD10007.bin.1.176	5616521	HQ
MFD10007.bin.1.19	4332375	HQ
MFD10007.bin.1.200	2847431	HQ
MFD10007.bin.1.21	5689367	HQ
MFD10007.bin.1.210	3276821	HQ
MFD10007.bin.1.230	3832968	HQ
MFD10007.bin.1.237	3865612	HQ
MFD10007.bin.1.241	3357108	HQ
MFD10007.bin.1.245	3479260	HQ
MFD10007.bin.1.248	2839464	HQ
MFD10007.bin.1.27	3061947	HQ
MFD10007.bin.1.28	3206046	HQ
MFD10007.bin.1.33	3124332	HQ
MFD10007.bin.1.37	8330712	HQ
MFD10007.bin.1.45	3057593	HQ
MFD10007.bin.1.48	3644914	HQ
MFD10007.bin.1.59	3667552	HQ
MFD10007.bin.1.62	3040360	HQ
MFD10007.bin.1.78	3335688	HQ
MFD10007.bin.2.2	6540911	HQ
MFD10043.bin.1.17	6384740	HQ
MFD10043.bin.1.19	2630635	HQ
MFD10064.bin.1.1	5291726	HQ
MFD10064.bin.1.109	1079020	HQ
MFD10064.bin.1.114	5367269	HQ
MFD10064.bin.1.12	6056707	HQ
MFD10064.bin.1.125	1578086	HQ
MFD10064.bin.1.144	5446789	HQ
MFD10064.bin.1.147	4663131	HQ
MFD10064.bin.1.149	4456463	HQ
MFD10064.bin.1.15	7667487	HQ
MFD10064.bin.1.151	5649700	HQ
MFD10064.bin.1.16	5397116	HQ
MFD10064.bin.1.18	5612797	HQ
MFD10064.bin.1.2	2881257	HQ
MFD10064.bin.1.20	4098448	HQ
MFD10064.bin.1.24	4885917	HQ
MFD10064.bin.1.26	3855645	HQ
MFD10064.bin.1.32	3692226	HQ
MFD10064.bin.1.39	1380124	HQ
MFD10064.bin.1.43	4955877	HQ
MFD10064.bin.1.46	5557930	HQ
MFD10064.bin.1.47	4606648	HQ
MFD10064.bin.1.59	6131380	HQ
MFD10064.bin.1.74	6428906	HQ
MFD10064.bin.1.75	5027864	HQ
MFD10064.bin.1.78	6502914	HQ
MFD10064.bin.1.81	5185474	HQ
MFD10064.bin.1.84	7399958	HQ
MFD10064.bin.1.97	3662436	HQ
MFD10064.bin.2.52	7157205	HQ
MFD10064.bin.3.223	6662663	HQ
MFD10071.bin.1.10	4993492	HQ
MFD10071.bin.1.120	6168636	HQ
MFD10071.bin.1.134	6315723	HQ
MFD10071.bin.1.136	7145388	HQ
MFD10071.bin.1.140	5967693	HQ
MFD10071.bin.1.144	5568331	HQ
MFD10071.bin.1.145	6972275	HQ
MFD10071.bin.1.35	6261081	HQ
MFD10071.bin.1.44	6636098	HQ
MFD10071.bin.1.48	4184656	HQ
MFD10071.bin.1.71	5871279	HQ
MFD10071.bin.1.72	6026932	HQ
MFD10071.bin.1.76	4931183	HQ
MFD10071.bin.1.91	4965237	HQ
MFD10071.bin.2.26	6505881	HQ
MFD10071.bin.3.21	6282333	HQ
MFD10097.bin.1.10	3417406	HQ
MFD10097.bin.1.12	2885678	HQ
MFD10097.bin.1.23	2717633	HQ
MFD10097.bin.1.24	2838811	HQ
MFD10097.bin.1.3	2715436	HQ
MFD10097.bin.1.32	2676016	HQ
MFD10097.bin.1.35	4009454	HQ
MFD10097.bin.1.37	2469093	HQ
MFD10097.bin.1.39	4224211	HQ
MFD10097.bin.1.40	3469364	HQ
MFD10097.bin.1.8	3059257	HQ
MFD10097.bin.2.3	4705425	HQ
MFD10113.bin.1.111	7611729	HQ
MFD10113.bin.1.126	4938441	HQ
MFD10113.bin.1.130	1943740	HQ
MFD10113.bin.1.138	5050992	HQ
MFD10113.bin.1.14	5785008	HQ
MFD10113.bin.1.142	3608948	HQ
MFD10113.bin.1.15	4876608	HQ
MFD10113.bin.1.151	3231919	HQ
MFD10113.bin.1.179	3570097	HQ
MFD10113.bin.1.188	3895744	HQ
MFD10113.bin.1.191	4538636	HQ
MFD10113.bin.1.199	4803971	HQ
MFD10113.bin.1.20	3225014	HQ
MFD10113.bin.1.207	4611183	HQ
MFD10113.bin.1.227	4228353	HQ
MFD10113.bin.1.27	6225239	HQ
MFD10113.bin.1.28	4639555	HQ
MFD10113.bin.1.29	4327477	HQ
MFD10113.bin.1.38	3423420	HQ
MFD10113.bin.1.44	3159198	HQ
MFD10113.bin.1.46	5573174	HQ
MFD10113.bin.1.57	3043540	HQ
MFD10113.bin.1.77	4988274	HQ
MFD10113.bin.1.80	4303479	HQ
MFD10113.bin.2.190	4024189	HQ
MFD10113.bin.2.63	5525512	HQ
MFD10113.bin.3.538	4675348	HQ
MFD00008.bin.1.167	1770361	HQ
MFD00031.bin.1.112	1711760	HQ
MFD00032.bin.1.135	2403951	HQ
MFD00032.bin.1.220	2684941	HQ
MFD00032.bin.1.38	2501683	HQ
MFD00032.bin.1.50	2190301	HQ
MFD00032.bin.1.54	2238169	HQ
MFD00082.bin.1.130	2716046	HQ
MFD00822.bin.1.234	2692925	HQ
MFD00905.bin.1.137	2376164	HQ
MFD01112.bin.1.15	2730422	HQ
MFD01112.bin.2.5	2295199	HQ
MFD01188.bin.1.48	2196363	HQ
MFD01188.bin.2.15	2553678	HQ
MFD01231.bin.1.25	1927634	HQ
MFD01299.bin.1.1	2948905	HQ
MFD01299.bin.1.8	2551316	HQ
MFD01476.bin.1.122	2214256	HQ
MFD01476.bin.1.202	2383606	HQ
MFD01476.bin.1.217	2750337	HQ
MFD01476.bin.1.243	3131164	HQ
MFD01689.bin.1.29	591289	HQ
MFD01689.bin.1.3	900533	HQ
MFD01689.bin.1.58	1445649	HQ
MFD01689.bin.1.59	540323	HQ
MFD01716.bin.1.165	2741627	HQ
MFD01716.bin.1.47	3920191	HQ
MFD01872.bin.1.205	2801594	HQ
MFD01872.bin.1.306	2831052	HQ
MFD01872.bin.1.337	3282830	HQ
MFD01872.bin.2.229	3491141	HQ
MFD01916.bin.1.74	3169391	HQ
MFD02134.bin.1.155	1778445	HQ
MFD02138.bin.1.8	2555985	HQ
MFD02138.bin.1.89	1078454	HQ
MFD02138.bin.1.95	2592912	HQ
MFD02360.bin.2.160	3440679	HQ
MFD02360.bin.3.578	2961912	HQ
MFD02416.bin.1.122	2538210	HQ
MFD02416.bin.1.248	2385948	HQ
MFD02416.bin.1.250	2867851	HQ
MFD02416.bin.1.252	3021879	HQ
MFD02416.bin.1.253	3080677	HQ
MFD02416.bin.1.259	2676003	HQ
MFD02416.bin.1.260	2417524	HQ
MFD02416.bin.1.261	2683460	HQ
MFD02416.bin.1.263	2570116	HQ
MFD02416.bin.1.292	2639800	HQ
MFD02416.bin.1.348	3417860	HQ
MFD02416.bin.2.149	2731983	HQ
MFD02809.bin.1.192	2090191	HQ
MFD02809.bin.1.329	2054188	HQ
MFD02809.bin.1.56	2469968	HQ
MFD02923.bin.1.1	1869350	HQ
MFD02979.bin.1.52	1985378	HQ
MFD03323.bin.1.25	2792731	HQ
MFD03726.bin.1.102	2354843	HQ
MFD03726.bin.1.105	3054671	HQ
MFD03726.bin.1.205	2107113	HQ
MFD03726.bin.1.224	2653217	HQ
MFD03726.bin.1.7	1077054	HQ
MFD03899.bin.1.101	4039532	HQ
MFD03899.bin.1.103	2298859	HQ
MFD03899.bin.1.38	3580454	HQ
MFD03899.bin.2.194	2888054	HQ
MFD04408.bin.1.101	1939273	HQ
MFD04408.bin.1.228	2643548	HQ
MFD04408.bin.1.32	2173723	HQ
MFD04408.bin.1.91	2086969	HQ
MFD04492.bin.1.118	3044997	HQ
MFD04492.bin.1.23	3324822	HQ
MFD04492.bin.2.70	2359974	HQ
MFD04716.bin.1.234	2058944	HQ
MFD04716.bin.1.240	2280374	HQ
MFD04716.bin.1.246	2169236	HQ
MFD04716.bin.1.417	2424680	HQ
MFD04716.bin.1.87	2048066	HQ
MFD04716.bin.3.283	2883905	HQ
MFD04850.bin.1.355	2242240	HQ
MFD04935.bin.2.128	2358317	HQ
MFD05088.bin.1.88	3810681	HQ
MFD05176.bin.1.11	2659069	HQ
MFD05442.bin.1.295	3059888	HQ
MFD05512.bin.1.236	2818705	HQ
MFD05580.bin.1.33	2539838	HQ
MFD05580.bin.1.78	2252123	HQ
MFD05674.bin.1.100	2290369	HQ
MFD05674.bin.1.171	6334246	HQ
MFD05674.bin.3.274	1900598	HQ
MFD05747.bin.1.218	3149596	HQ
MFD05942.bin.1.278	3938774	HQ
MFD05942.bin.1.284	2763279	HQ
MFD05942.bin.1.286	2445428	HQ
MFD05942.bin.2.52	2556822	HQ
MFD07691.bin.2.42	3032757	HQ
MFD07830.bin.1.11	3211053	HQ
MFD07830.bin.2.9	4816468	HQ
MFD09055.bin.1.28	3611685	HQ
MFD09126.bin.1.22	2357808	HQ
MFD09212.bin.1.10	3359546	HQ
MFD09212.bin.1.231	2034933	HQ
MFD09222.bin.1.10	2132929	HQ
MFD09222.bin.1.112	1759596	HQ
MFD09222.bin.1.113	922126	HQ
MFD09222.bin.1.114	1817757	HQ
MFD09222.bin.1.12	2330346	HQ
MFD09222.bin.1.49	1844550	HQ
MFD09567.bin.1.8	2460051	HQ
MFD09603.bin.1.314	3940695	HQ
MFD09603.bin.1.404	4342101	HQ
MFD10007.bin.1.192	3548682	HQ
MFD10007.bin.1.217	4831486	HQ
MFD10007.bin.4.328	3220158	HQ
MFD00008.bin.c.1	5675650	HQ
MFD00008.bin.c.2	5357122	HQ
MFD00008.bin.c.3	3572410	HQ
MFD00031.bin.c.1	3331632	MQ
MFD00031.bin.c.2	3292296	MQ
MFD00031.bin.c.3	2851686	HQ
MFD00032.bin.c.1	2724539	HQ
MFD00082.bin.c.1	2635134	HQ
MFD00082.bin.c.3	2419002	MQ
MFD00082.bin.c.5	2051574	HQ
MFD00082.bin.c.6	1091075	MQ
MFD00082.bin.c.7	881652	MQ
MFD00082.bin.c.8	681747	HQ
MFD00125.bin.c.1	2875956	HQ
MFD00731.bin.c.1	7736568	MQ
MFD00731.bin.c.2	4696003	HQ
MFD00731.bin.c.3	3834914	HQ
MFD00731.bin.c.4	3791386	HQ
MFD00731.bin.c.6	2966170	MQ
MFD00822.bin.c.1	2932357	HQ
MFD00822.bin.c.2	2613703	HQ
MFD00905.bin.c.1	7515525	HQ
MFD00905.bin.c.3	1421954	HQ
MFD00964.bin.c.1	2585133	MQ
MFD00991.bin.c.1	3564111	HQ
MFD01112.bin.c.2	1318721	HQ
MFD01188.bin.c.1	3151091	HQ
MFD01213.bin.c.1	4885564	HQ
MFD01213.bin.c.2	4517628	HQ
MFD01213.bin.c.3	3998552	MQ
MFD01213.bin.c.4	3851219	HQ
MFD01231.bin.c.1	5645311	MQ
MFD01231.bin.c.2	4966075	HQ
MFD01231.bin.c.3	3380409	HQ
MFD01231.bin.c.4	2610871	HQ
MFD01248.bin.c.1	5139509	HQ
MFD01248.bin.c.2	4364292	HQ
MFD01275.bin.c.1	10090195	MQ
MFD01275.bin.c.12	8423711	HQ
MFD01275.bin.c.18	5350129	HQ
MFD01275.bin.c.19	5196240	HQ
MFD01275.bin.c.2	2877064	HQ
MFD01275.bin.c.20	4132591	MQ
MFD01275.bin.c.21	3875872	MQ
MFD01275.bin.c.22	3629208	HQ
MFD01275.bin.c.23	3565998	MQ
MFD01275.bin.c.24	3010287	HQ
MFD01275.bin.c.3	2865460	HQ
MFD01275.bin.c.4	2635460	HQ
MFD01275.bin.c.5	2433234	MQ
MFD01275.bin.c.6	2185534	HQ
MFD01275.bin.c.7	1191543	HQ
MFD01275.bin.c.8	1189924	HQ
MFD01299.bin.c.1	5036327	MQ
MFD01299.bin.c.2	3776135	MQ
MFD01299.bin.c.3	3585087	HQ
MFD01299.bin.c.4	2656704	HQ
MFD01299.bin.c.5	982852	HQ
MFD01476.bin.c.1	7039462	HQ
MFD01476.bin.c.5	2459993	HQ
MFD01476.bin.c.8	1298077	HQ
MFD01561.bin.c.1	3617538	MQ
MFD01633.bin.c.1	3970189	HQ
MFD01633.bin.c.2	3373860	HQ
MFD01633.bin.c.3	1198634	HQ
MFD01689.bin.c.1	4069481	MQ
MFD01689.bin.c.2	3328376	HQ
MFD01689.bin.c.3	1088247	HQ
MFD01716.bin.c.1	1731632	HQ
MFD01721.bin.c.1	7504895	MQ
MFD01721.bin.c.4	5569666	HQ
MFD01721.bin.c.5	5445952	HQ
MFD01721.bin.c.7	2781007	HQ
MFD01828.bin.c.1	3445514	HQ
MFD01872.bin.c.1	3552794	MQ
MFD01872.bin.c.2	2456764	MQ
MFD01916.bin.c.1	5186909	HQ
MFD01916.bin.c.3	5170222	HQ
MFD01916.bin.c.4	4850502	HQ
MFD01916.bin.c.5	4841888	HQ
MFD01916.bin.c.6	4089372	HQ
MFD01916.bin.c.7	2620312	HQ
MFD01916.bin.c.8	1142061	HQ
MFD02134.bin.c.1	3678338	MQ
MFD02134.bin.c.2	3352264	MQ
MFD02134.bin.c.3	2867974	MQ
MFD02242.bin.c.1	4162540	MQ
MFD02242.bin.c.2	2509776	HQ
MFD02248.bin.c.1	3687845	HQ
MFD02416.bin.c.1	4871623	MQ
MFD02416.bin.c.12	4594535	MQ
MFD02416.bin.c.14	3865732	HQ
MFD02416.bin.c.16	2847203	HQ
MFD02416.bin.c.17	2560249	HQ
MFD02416.bin.c.2	1374545	HQ
MFD02416.bin.c.20	1437033	HQ
MFD02416.bin.c.3	1140724	HQ
MFD02416.bin.c.4	1084458	HQ
MFD02579.bin.c.1	8310967	HQ
MFD02581.bin.c.1	6517676	HQ
MFD02832.bin.c.1	4565174	HQ
MFD02832.bin.c.2	4121607	HQ
MFD02832.bin.c.3	2646069	MQ
MFD02840.bin.c.1	5811497	HQ
MFD02840.bin.c.2	2600124	HQ
MFD02840.bin.c.3	2497770	HQ
MFD02923.bin.c.1	3434971	HQ
MFD02979.bin.c.1	3823457	MQ
MFD02979.bin.c.2	2375573	MQ
MFD02979.bin.c.4	1253067	HQ
MFD02979.bin.c.5	1055620	HQ
MFD03066.bin.c.1	10076357	HQ
MFD03066.bin.c.2	4607533	HQ
MFD03066.bin.c.3	3167587	HQ
MFD03250.bin.c.1	6192661	HQ
MFD03250.bin.c.2	3952231	HQ
MFD03250.bin.c.3	3753895	HQ
MFD03250.bin.c.4	3096048	HQ
MFD03250.bin.c.5	2483271	HQ
MFD03250.bin.c.6	2165533	HQ
MFD03250.bin.c.7	1867446	HQ
MFD03399.bin.c.2	5273929	HQ
MFD03399.bin.c.3	4222056	HQ
MFD03399.bin.c.4	2743348	HQ
MFD03602.bin.c.1	2520594	MQ
MFD03726.bin.c.1	5561946	HQ
MFD03726.bin.c.10	4179387	HQ
MFD03726.bin.c.11	3643693	HQ
MFD03726.bin.c.12	3239482	HQ
MFD03726.bin.c.14	2314715	HQ
MFD03726.bin.c.2	1839548	MQ
MFD03726.bin.c.3	1770855	HQ
MFD03726.bin.c.4	898885	HQ
MFD03726.bin.c.5	887956	HQ
MFD03726.bin.c.7	4724160	HQ
MFD03726.bin.c.8	4559501	HQ
MFD03726.bin.c.9	4529109	HQ
MFD03899.bin.c.1	995214	HQ
MFD03975.bin.c.1	2938435	HQ
MFD03975.bin.c.2	2770803	HQ
MFD04212.bin.c.1	5711090	HQ
MFD04212.bin.c.10	2827934	HQ
MFD04212.bin.c.11	2636599	HQ
MFD04212.bin.c.12	2531847	HQ
MFD04212.bin.c.13	1264584	HQ
MFD04212.bin.c.6	4737850	HQ
MFD04212.bin.c.7	4099595	HQ
MFD04212.bin.c.8	4074096	HQ
MFD04212.bin.c.9	3300104	HQ
MFD04408.bin.c.1	3183124	HQ
MFD04408.bin.c.6	929420	HQ
MFD04434.bin.c.1	2967470	HQ
MFD04434.bin.c.2	1337192	HQ
MFD04463.bin.c.1	4540669	HQ
MFD04463.bin.c.10	3274130	HQ
MFD04463.bin.c.11	3234319	HQ
MFD04463.bin.c.12	3176085	HQ
MFD04463.bin.c.13	3166583	HQ
MFD04463.bin.c.14	2399326	HQ
MFD04463.bin.c.15	2284058	HQ
MFD04463.bin.c.16	1478608	HQ
MFD04463.bin.c.9	4191459	HQ
MFD04492.bin.c.2	3227742	HQ
MFD04492.bin.c.3	3150729	HQ
MFD04540.bin.c.1	4976927	HQ
MFD04540.bin.c.2	3549455	HQ
MFD04540.bin.c.3	2067302	HQ
MFD04580.bin.c.1	6868257	MQ
MFD04580.bin.c.2	6489944	HQ
MFD04580.bin.c.3	4025492	HQ
MFD04580.bin.c.4	3014400	MQ
MFD04716.bin.c.2	2396049	HQ
MFD04716.bin.c.3	799209	HQ
MFD04780.bin.c.1	3481983	HQ
MFD04850.bin.c.1	3879407	HQ
MFD04850.bin.c.2	2648419	HQ
MFD04850.bin.c.3	2626406	MQ
MFD04944.bin.c.1	3311769	HQ
MFD04944.bin.c.2	2895190	HQ
MFD04944.bin.c.3	2787458	HQ
MFD04967.bin.c.1	8764536	HQ
MFD04967.bin.c.2	6027559	MQ
MFD04967.bin.c.3	5487933	MQ
MFD04967.bin.c.4	5095278	HQ
MFD04967.bin.c.5	4695024	MQ
MFD04967.bin.c.6	3837011	HQ
MFD04967.bin.c.7	3449515	MQ
MFD05377.bin.c.1	2583589	MQ
MFD05442.bin.c.1	4413049	HQ
MFD05442.bin.c.2	4246306	HQ
MFD05502.bin.c.1	5166029	HQ
MFD05502.bin.c.2	2955820	HQ
MFD05502.bin.c.3	2668820	HQ
MFD05512.bin.c.1	4235171	HQ
MFD05512.bin.c.11	3403373	MQ
MFD05512.bin.c.13	3208285	HQ
MFD05512.bin.c.14	2654132	HQ
MFD05512.bin.c.16	1865056	HQ
MFD05512.bin.c.17	1366684	HQ
MFD05512.bin.c.2	1099440	HQ
MFD05512.bin.c.3	827485	HQ
MFD05513.bin.c.1	3798486	HQ
MFD05513.bin.c.2	3207672	HQ
MFD05513.bin.c.3	2295861	HQ
MFD05521.bin.c.1	2089781	HQ
MFD05537.bin.c.1	8777251	HQ
MFD05537.bin.c.2	5889301	HQ
MFD05537.bin.c.3	4692975	MQ
MFD05567.bin.c.1	2625534	HQ
MFD05580.bin.c.4	1461658	HQ
MFD05674.bin.c.1	3705400	HQ
MFD05674.bin.c.2	3184076	HQ
MFD05684.bin.c.1	4456228	HQ
MFD05684.bin.c.4	778136	HQ
MFD05705.bin.c.1	5157034	MQ
MFD05705.bin.c.2	3577925	HQ
MFD05705.bin.c.3	3571385	MQ
MFD05705.bin.c.4	2648196	HQ
MFD05705.bin.c.5	2625816	HQ
MFD05747.bin.c.1	3236923	MQ
MFD05747.bin.c.2	2887417	MQ
MFD05747.bin.c.3	2697468	MQ
MFD05747.bin.c.4	2668048	HQ
MFD05841.bin.c.1	3250836	HQ
MFD05942.bin.c.1	3623634	HQ
MFD05942.bin.c.2	2668373	HQ
MFD06092.bin.c.1	5456889	HQ
MFD06092.bin.c.3	5146968	HQ
MFD06092.bin.c.4	4962453	MQ
MFD06229.bin.c.1	2086592	MQ
MFD06298.bin.c.1	2963556	HQ
MFD06435.bin.c.1	3440573	MQ
MFD06435.bin.c.2	3196394	HQ
MFD06435.bin.c.3	3116973	HQ
MFD06526.bin.c.1	2818473	HQ
MFD06742.bin.c.1	8725057	HQ
MFD06742.bin.c.2	2576001	HQ
MFD09206.bin.c.1	5542310	HQ
MFD09206.bin.c.2	2766948	HQ
MFD09212.bin.c.1	9536885	HQ
MFD09212.bin.c.2	6270518	HQ
MFD09212.bin.c.3	3119018	HQ
MFD09212.bin.c.4	2292144	HQ
MFD09222.bin.c.1	4450498	HQ
MFD09222.bin.c.2	3330922	HQ
MFD09267.bin.c.1	2615118	MQ
MFD09286.bin.c.1	4466598	HQ
MFD09286.bin.c.2	4084008	HQ
MFD09286.bin.c.3	3748080	HQ
MFD09286.bin.c.4	2931659	HQ
MFD09286.bin.c.6	2131910	HQ
MFD09286.bin.c.7	1406942	MQ
MFD09286.bin.c.8	876331	HQ
MFD09368.bin.c.1	7663956	HQ
MFD09368.bin.c.2	3234808	HQ
MFD09368.bin.c.3	3170370	MQ
MFD09368.bin.c.4	2887072	HQ
MFD09368.bin.c.5	2838737	HQ
MFD09368.bin.c.6	2739614	HQ
MFD09495.bin.c.1	7080295	HQ
MFD09495.bin.c.10	1596033	HQ
MFD09495.bin.c.5	3702043	MQ
MFD09495.bin.c.6	3646083	HQ
MFD09495.bin.c.7	3380366	MQ
MFD09495.bin.c.8	3195523	HQ
MFD09567.bin.c.1	764076	HQ
MFD09603.bin.c.1	7233062	HQ
MFD09603.bin.c.4	5018718	HQ
MFD09603.bin.c.5	3562638	MQ
MFD09603.bin.c.6	3341457	MQ
MFD09603.bin.c.7	3249030	MQ
MFD09671.bin.c.1	4760643	HQ
MFD09671.bin.c.2	4158686	HQ
MFD09671.bin.c.3	3853943	HQ
MFD09671.bin.c.4	3244924	HQ
MFD09671.bin.c.5	1415691	HQ
MFD09730.bin.c.1	2069280	MQ
MFD09779.bin.c.1	3431135	HQ
MFD09964.bin.c.1	3290973	HQ
MFD10007.bin.c.1	4208850	MQ
MFD10007.bin.c.2	4072281	HQ
MFD10007.bin.c.3	3589015	HQ
MFD10007.bin.c.4	3123862	HQ
MFD10007.bin.c.5	2994873	HQ
MFD10043.bin.c.1	4517147	HQ
MFD10064.bin.c.1	3336189	MQ
MFD10064.bin.c.2	3154596	HQ
MFD10064.bin.c.3	2486370	HQ
MFD10113.bin.c.1	3992824	HQ
MFD10113.bin.c.2	3811056	HQ
MFD10113.bin.c.3	3650803	HQ
MFD10113.bin.c.4	3174868	HQ
MFD10113.bin.c.5	2989140	MQ
MFD00082.bin.c.4	2288003	MQ
MFD01231.bin.c.5	2600650	MQ
MFD01231.bin.c.6	2313764	HQ
MFD01231.bin.c.7	1959773	HQ
MFD01476.bin.c.10	852977	HQ
MFD01476.bin.c.6	1571539	MQ
MFD01476.bin.c.9	1209602	HQ
MFD01721.bin.c.6	3436794	HQ
MFD02138.bin.c.1	2625686	MQ
MFD02416.bin.c.15	2937366	HQ
MFD02416.bin.c.18	1838930	MQ
MFD03726.bin.c.13	2346764	MQ
MFD04408.bin.c.2	2585060	MQ
MFD04408.bin.c.3	2172046	MQ
MFD04408.bin.c.4	2115296	HQ
MFD04408.bin.c.5	1975906	HQ
MFD04492.bin.c.5	3053889	MQ
MFD04716.bin.c.1	2722903	HQ
MFD05512.bin.c.15	1915938	HQ
MFD05580.bin.c.3	2258456	MQ
MFD05684.bin.c.2	2902543	HQ
MFD09286.bin.c.5	2713201	HQ
MFD10007.bin.c.6	2091725	HQ
