bin	Contig_N50	MAG_status
MFD00008.bin.1.215	455043	MQ
MFD00008.bin.1.91	752961	MQ
MFD00008.bin.2.1	1235182	MQ
MFD00008.bin.2.102	3146098	MQ
MFD00008.bin.2.103	579172	MQ
MFD00008.bin.2.104	403642	MQ
MFD00008.bin.2.115	141133	MQ
MFD00008.bin.2.116	2074716	MQ
MFD00008.bin.2.117	363530	MQ
MFD00008.bin.2.118	134702	MQ
MFD00008.bin.2.120	106936	MQ
MFD00008.bin.2.123	149535	MQ
MFD00008.bin.2.127	729956	MQ
MFD00008.bin.2.129	1348893	MQ
MFD00008.bin.2.132	626583	MQ
MFD00008.bin.2.133	2353867	MQ
MFD00008.bin.2.135	201470	MQ
MFD00008.bin.2.138	1576659	MQ
MFD00008.bin.2.149	785191	MQ
MFD00008.bin.2.151	550863	MQ
MFD00008.bin.2.152	481663	MQ
MFD00008.bin.2.153	947356	MQ
MFD00008.bin.2.164	236189	MQ
MFD00008.bin.2.165	128151	MQ
MFD00008.bin.2.17	3078525	MQ
MFD00008.bin.2.170	1117646	MQ
MFD00008.bin.2.171	186431	MQ
MFD00008.bin.2.178	273556	MQ
MFD00008.bin.2.19	2032566	MQ
MFD00008.bin.2.2	1396826	MQ
MFD00008.bin.2.20	314215	MQ
MFD00008.bin.2.22	834312	MQ
MFD00008.bin.2.26	213091	MQ
MFD00008.bin.2.28	5141344	MQ
MFD00008.bin.2.29	610678	MQ
MFD00008.bin.2.30	464960	MQ
MFD00008.bin.2.35	241408	MQ
MFD00008.bin.2.40	2443144	MQ
MFD00008.bin.2.41	615799	MQ
MFD00008.bin.2.45	522500	MQ
MFD00008.bin.2.49	861381	MQ
MFD00008.bin.2.5	1846868	MQ
MFD00008.bin.2.54	159489	MQ
MFD00008.bin.2.56	183740	MQ
MFD00008.bin.2.63	342981	MQ
MFD00008.bin.2.65	537700	MQ
MFD00008.bin.2.66	408648	MQ
MFD00008.bin.2.70	335323	MQ
MFD00008.bin.2.72	591934	MQ
MFD00008.bin.2.74	91100	MQ
MFD00008.bin.2.80	143367	MQ
MFD00008.bin.2.98	1757557	MQ
MFD00008.bin.3.132	2359028	MQ
MFD00008.bin.3.143	816930	MQ
MFD00008.bin.3.171	316554	MQ
MFD00008.bin.3.313	645309	MQ
MFD00008.bin.3.39	247473	MQ
MFD00008.bin.3.78	457700	MQ
MFD00008.bin.4.505	346963	MQ
MFD00031.bin.1.203	862729	MQ
MFD00031.bin.2.10	412872	MQ
MFD00031.bin.2.102	417789	MQ
MFD00031.bin.2.104	260915	MQ
MFD00031.bin.2.107	312766	MQ
MFD00031.bin.2.11	481041	MQ
MFD00031.bin.2.110	218032	MQ
MFD00031.bin.2.112	550982	MQ
MFD00031.bin.2.114	244502	MQ
MFD00031.bin.2.116	604435	MQ
MFD00031.bin.2.117	228410	MQ
MFD00031.bin.2.119	568449	MQ
MFD00031.bin.2.123	175748	MQ
MFD00031.bin.2.126	380576	MQ
MFD00031.bin.2.135	171311	MQ
MFD00031.bin.2.139	63854	MQ
MFD00031.bin.2.14	438019	MQ
MFD00031.bin.2.140	361720	MQ
MFD00031.bin.2.144	978258	MQ
MFD00031.bin.2.145	2268411	MQ
MFD00031.bin.2.146	712503	MQ
MFD00031.bin.2.147	185618	MQ
MFD00031.bin.2.149	2242221	MQ
MFD00031.bin.2.153	1043503	MQ
MFD00031.bin.2.154	813922	MQ
MFD00031.bin.2.16	953730	MQ
MFD00031.bin.2.164	3244642	MQ
MFD00031.bin.2.166	282296	MQ
MFD00031.bin.2.172	694430	MQ
MFD00031.bin.2.173	606099	MQ
MFD00031.bin.2.175	276462	MQ
MFD00031.bin.2.176	207220	MQ
MFD00031.bin.2.178	1077990	MQ
MFD00031.bin.2.181	440763	MQ
MFD00031.bin.2.19	2082591	MQ
MFD00031.bin.2.23	3381549	MQ
MFD00031.bin.2.24	383915	MQ
MFD00031.bin.2.3	1266500	MQ
MFD00031.bin.2.32	1977785	MQ
MFD00031.bin.2.36	155803	MQ
MFD00031.bin.2.48	378975	MQ
MFD00031.bin.2.49	553328	MQ
MFD00031.bin.2.5	4795655	MQ
MFD00031.bin.2.50	1927490	MQ
MFD00031.bin.2.51	177060	MQ
MFD00031.bin.2.52	415941	MQ
MFD00031.bin.2.58	127783	MQ
MFD00031.bin.2.59	272465	MQ
MFD00031.bin.2.6	842440	MQ
MFD00031.bin.2.61	224721	MQ
MFD00031.bin.2.65	181115	MQ
MFD00031.bin.2.66	163033	MQ
MFD00031.bin.2.7	427583	MQ
MFD00031.bin.2.73	600178	MQ
MFD00031.bin.2.74	526686	MQ
MFD00031.bin.2.75	156607	MQ
MFD00031.bin.2.84	209226	MQ
MFD00031.bin.2.90	255645	MQ
MFD00031.bin.2.92	714272	MQ
MFD00031.bin.2.93	469951	MQ
MFD00031.bin.3.170	184831	MQ
MFD00031.bin.3.182	56885	MQ
MFD00031.bin.3.285	151202	MQ
MFD00031.bin.3.307	214151	MQ
MFD00031.bin.3.59	127543	MQ
MFD00031.bin.3.60	106134	MQ
MFD00031.bin.3.69	517078	MQ
MFD00031.bin.3.7	280067	MQ
MFD00031.bin.3.83	880571	MQ
MFD00031.bin.3.84	93692	MQ
MFD00032.bin.1.209	408529	MQ
MFD00032.bin.1.36	210029	MQ
MFD00032.bin.2.1	120044	MQ
MFD00032.bin.2.104	137016	MQ
MFD00032.bin.2.105	225118	MQ
MFD00032.bin.2.110	415004	MQ
MFD00032.bin.2.121	532979	MQ
MFD00032.bin.2.128	1021900	MQ
MFD00032.bin.2.129	202835	MQ
MFD00032.bin.2.131	293228	MQ
MFD00032.bin.2.132	96592	MQ
MFD00032.bin.2.135	401854	MQ
MFD00032.bin.2.137	116404	MQ
MFD00032.bin.2.138	139008	MQ
MFD00032.bin.2.146	135495	MQ
MFD00032.bin.2.147	292221	MQ
MFD00032.bin.2.149	181081	MQ
MFD00032.bin.2.15	449769	MQ
MFD00032.bin.2.155	141544	MQ
MFD00032.bin.2.158	66991	MQ
MFD00032.bin.2.160	127434	MQ
MFD00032.bin.2.161	147572	MQ
MFD00032.bin.2.163	120238	MQ
MFD00032.bin.2.164	245068	MQ
MFD00032.bin.2.165	125608	MQ
MFD00032.bin.2.166	434381	MQ
MFD00032.bin.2.168	183318	MQ
MFD00032.bin.2.174	166431	MQ
MFD00032.bin.2.178	147477	MQ
MFD00032.bin.2.18	157128	MQ
MFD00032.bin.2.189	312544	MQ
MFD00032.bin.2.19	129104	MQ
MFD00032.bin.2.190	151853	MQ
MFD00032.bin.2.192	675794	MQ
MFD00032.bin.2.194	44177	MQ
MFD00032.bin.2.196	1371261	MQ
MFD00032.bin.2.2	607160	MQ
MFD00032.bin.2.201	198636	MQ
MFD00032.bin.2.202	131531	MQ
MFD00032.bin.2.207	698251	MQ
MFD00032.bin.2.209	150912	MQ
MFD00032.bin.2.210	771068	MQ
MFD00032.bin.2.218	65566	MQ
MFD00032.bin.2.219	92160	MQ
MFD00032.bin.2.221	168773	MQ
MFD00032.bin.2.224	341644	MQ
MFD00032.bin.2.225	387992	MQ
MFD00032.bin.2.227	108588	MQ
MFD00032.bin.2.231	290898	MQ
MFD00032.bin.2.233	391870	MQ
MFD00032.bin.2.234	323589	MQ
MFD00032.bin.2.24	139699	MQ
MFD00032.bin.2.25	217465	MQ
MFD00032.bin.2.26	152947	MQ
MFD00032.bin.2.3	121341	MQ
MFD00032.bin.2.31	508129	MQ
MFD00032.bin.2.33	161227	MQ
MFD00032.bin.2.34	203772	MQ
MFD00032.bin.2.35	466927	MQ
MFD00032.bin.2.39	881969	MQ
MFD00032.bin.2.41	956750	MQ
MFD00032.bin.2.42	382849	MQ
MFD00032.bin.2.43	991493	MQ
MFD00032.bin.2.44	120872	MQ
MFD00032.bin.2.47	283680	MQ
MFD00032.bin.2.48	350897	MQ
MFD00032.bin.2.51	299289	MQ
MFD00032.bin.2.52	85663	MQ
MFD00032.bin.2.54	178021	MQ
MFD00032.bin.2.55	267836	MQ
MFD00032.bin.2.56	125299	MQ
MFD00032.bin.2.57	620021	MQ
MFD00032.bin.2.58	188815	MQ
MFD00032.bin.2.59	1084010	MQ
MFD00032.bin.2.60	126917	MQ
MFD00032.bin.2.63	92793	MQ
MFD00032.bin.2.65	393681	MQ
MFD00032.bin.2.67	104608	MQ
MFD00032.bin.2.68	300268	MQ
MFD00032.bin.2.69	199056	MQ
MFD00032.bin.2.70	162392	MQ
MFD00032.bin.2.71	79846	MQ
MFD00032.bin.2.77	247242	MQ
MFD00032.bin.2.78	208660	MQ
MFD00032.bin.2.8	131471	MQ
MFD00032.bin.2.80	107741	MQ
MFD00032.bin.2.81	128671	MQ
MFD00032.bin.2.86	169184	MQ
MFD00032.bin.2.88	108099	MQ
MFD00032.bin.2.91	126951	MQ
MFD00032.bin.2.92	215420	MQ
MFD00032.bin.2.94	350333	MQ
MFD00032.bin.2.97	149081	MQ
MFD00032.bin.3.102	335260	MQ
MFD00032.bin.3.136	117678	MQ
MFD00032.bin.3.158	102411	MQ
MFD00032.bin.3.166	246652	MQ
MFD00032.bin.3.177	107499	MQ
MFD00032.bin.3.204	341312	MQ
MFD00032.bin.3.205	192674	MQ
MFD00032.bin.3.232	187117	MQ
MFD00032.bin.3.236	102839	MQ
MFD00032.bin.3.254	110839	MQ
MFD00032.bin.3.31	222116	MQ
MFD00032.bin.3.322	143278	MQ
MFD00032.bin.3.335	261157	MQ
MFD00032.bin.3.338	129604	MQ
MFD00032.bin.3.351	74379	MQ
MFD00032.bin.3.371	73996	MQ
MFD00032.bin.3.403	207404	MQ
MFD00032.bin.3.405	103717	MQ
MFD00032.bin.3.452	136323	MQ
MFD00032.bin.3.53	102154	MQ
MFD00032.bin.3.532	155537	MQ
MFD00032.bin.3.64	98795	MQ
MFD00032.bin.3.74	104198	MQ
MFD00032.bin.3.85	52298	MQ
MFD00032.bin.3.97	804916	MQ
MFD00032.bin.4.54	157890	MQ
MFD00072.bin.2.110	137064	MQ
MFD00072.bin.2.112	73246	MQ
MFD00072.bin.2.114	109344	MQ
MFD00072.bin.2.131	345287	MQ
MFD00072.bin.2.166	337620	MQ
MFD00072.bin.2.169	435773	MQ
MFD00072.bin.2.25	98929	MQ
MFD00072.bin.2.49	161032	MQ
MFD00072.bin.2.63	402530	MQ
MFD00072.bin.2.96	198367	MQ
MFD00072.bin.2.98	421244	MQ
MFD00072.bin.3.234	117131	MQ
MFD00082.bin.1.43	913682	MQ
MFD00082.bin.2.1	241149	MQ
MFD00082.bin.2.100	467226	MQ
MFD00082.bin.2.102	935398	MQ
MFD00082.bin.2.104	1443793	MQ
MFD00082.bin.2.107	249850	MQ
MFD00082.bin.2.108	1082931	MQ
MFD00082.bin.2.109	778529	MQ
MFD00082.bin.2.11	1311584	MQ
MFD00082.bin.2.111	989515	MQ
MFD00082.bin.2.115	513031	MQ
MFD00082.bin.2.117	2374784	MQ
MFD00082.bin.2.122	432172	MQ
MFD00082.bin.2.13	285907	MQ
MFD00082.bin.2.14	551084	MQ
MFD00082.bin.2.15	690947	MQ
MFD00082.bin.2.16	390718	MQ
MFD00082.bin.2.17	198734	MQ
MFD00082.bin.2.19	941840	MQ
MFD00082.bin.2.20	1312037	MQ
MFD00082.bin.2.21	488244	MQ
MFD00082.bin.2.22	130303	MQ
MFD00082.bin.2.23	2402006	MQ
MFD00082.bin.2.24	948271	MQ
MFD00082.bin.2.3	810942	MQ
MFD00082.bin.2.31	264033	MQ
MFD00082.bin.2.33	664575	MQ
MFD00082.bin.2.34	591644	MQ
MFD00082.bin.2.35	734434	MQ
MFD00082.bin.2.38	434210	MQ
MFD00082.bin.2.4	1248977	MQ
MFD00082.bin.2.49	816893	MQ
MFD00082.bin.2.52	119471	MQ
MFD00082.bin.2.55	989760	MQ
MFD00082.bin.2.56	6635579	MQ
MFD00082.bin.2.57	2546558	MQ
MFD00082.bin.2.6	525154	MQ
MFD00082.bin.2.60	480680	MQ
MFD00082.bin.2.61	215929	MQ
MFD00082.bin.2.63	1099711	MQ
MFD00082.bin.2.65	778864	MQ
MFD00082.bin.2.67	225857	MQ
MFD00082.bin.2.75	191060	MQ
MFD00082.bin.2.79	111738	MQ
MFD00082.bin.2.81	1938398	MQ
MFD00082.bin.2.82	330916	MQ
MFD00082.bin.2.84	222901	MQ
MFD00082.bin.2.86	1375161	MQ
MFD00082.bin.2.88	335089	MQ
MFD00082.bin.2.9	1514684	MQ
MFD00082.bin.2.91	251899	MQ
MFD00082.bin.2.93	5696626	MQ
MFD00082.bin.2.96	882183	MQ
MFD00082.bin.3.110	199436	MQ
MFD00082.bin.3.17	105867	MQ
MFD00082.bin.3.65	1619652	MQ
MFD00082.bin.3.95	2135175	MQ
MFD00123.bin.2.2	48068	MQ
MFD00123.bin.2.6	34517	MQ
MFD00123.bin.3.2	56439	MQ
MFD00125.bin.1.50	554850	MQ
MFD00125.bin.2.15	250996	MQ
MFD00125.bin.2.36	247820	MQ
MFD00125.bin.2.43	129889	MQ
MFD00125.bin.2.44	160199	MQ
MFD00125.bin.2.47	296176	MQ
MFD00125.bin.2.52	107791	MQ
MFD00125.bin.2.56	471348	MQ
MFD00125.bin.2.61	225046	MQ
MFD00125.bin.2.62	814457	MQ
MFD00125.bin.2.65	460183	MQ
MFD00125.bin.2.70	716493	MQ
MFD00125.bin.2.73	60959	MQ
MFD00125.bin.2.82	352883	MQ
MFD00125.bin.2.84	186410	MQ
MFD00125.bin.2.87	219919	MQ
MFD00125.bin.2.93	48371	MQ
MFD00125.bin.2.97	156621	MQ
MFD00125.bin.2.98	1958747	MQ
MFD00125.bin.3.20	129067	MQ
MFD00125.bin.3.45	70555	MQ
MFD00125.bin.3.95	594405	MQ
MFD00392.bin.1.420	1175953	MQ
MFD00392.bin.2.10	262716	MQ
MFD00392.bin.2.103	317951	MQ
MFD00392.bin.2.108	566644	MQ
MFD00392.bin.2.11	843565	MQ
MFD00392.bin.2.110	370373	MQ
MFD00392.bin.2.112	185713	MQ
MFD00392.bin.2.113	916371	MQ
MFD00392.bin.2.114	1176812	MQ
MFD00392.bin.2.115	288850	MQ
MFD00392.bin.2.118	562946	MQ
MFD00392.bin.2.119	221171	MQ
MFD00392.bin.2.12	188297	MQ
MFD00392.bin.2.120	223648	MQ
MFD00392.bin.2.122	694645	MQ
MFD00392.bin.2.124	538625	MQ
MFD00392.bin.2.125	326553	MQ
MFD00392.bin.2.126	813297	MQ
MFD00392.bin.2.127	277809	MQ
MFD00392.bin.2.129	315011	MQ
MFD00392.bin.2.13	211621	MQ
MFD00392.bin.2.132	650366	MQ
MFD00392.bin.2.134	567657	MQ
MFD00392.bin.2.135	737327	MQ
MFD00392.bin.2.136	245826	MQ
MFD00392.bin.2.137	261841	MQ
MFD00392.bin.2.138	319728	MQ
MFD00392.bin.2.140	102252	MQ
MFD00392.bin.2.141	502119	MQ
MFD00392.bin.2.143	254986	MQ
MFD00392.bin.2.144	310770	MQ
MFD00392.bin.2.145	197948	MQ
MFD00392.bin.2.146	137088	MQ
MFD00392.bin.2.149	206489	MQ
MFD00392.bin.2.15	231407	MQ
MFD00392.bin.2.152	530051	MQ
MFD00392.bin.2.156	237710	MQ
MFD00392.bin.2.160	269069	MQ
MFD00392.bin.2.170	1872246	MQ
MFD00392.bin.2.171	177509	MQ
MFD00392.bin.2.174	263188	MQ
MFD00392.bin.2.175	365234	MQ
MFD00392.bin.2.186	315788	MQ
MFD00392.bin.2.193	203539	MQ
MFD00392.bin.2.194	315985	MQ
MFD00392.bin.2.2	888698	MQ
MFD00392.bin.2.206	699176	MQ
MFD00392.bin.2.213	882741	MQ
MFD00392.bin.2.216	466142	MQ
MFD00392.bin.2.23	482648	MQ
MFD00392.bin.2.235	695383	MQ
MFD00392.bin.2.237	120077	MQ
MFD00392.bin.2.241	179358	MQ
MFD00392.bin.2.245	292636	MQ
MFD00392.bin.2.250	462209	MQ
MFD00392.bin.2.252	366954	MQ
MFD00392.bin.2.254	827223	MQ
MFD00392.bin.2.260	1461513	MQ
MFD00392.bin.2.271	328315	MQ
MFD00392.bin.2.275	352934	MQ
MFD00392.bin.2.276	170386	MQ
MFD00392.bin.2.277	629973	MQ
MFD00392.bin.2.278	1583377	MQ
MFD00392.bin.2.279	150728	MQ
MFD00392.bin.2.280	410911	MQ
MFD00392.bin.2.284	896675	MQ
MFD00392.bin.2.285	301093	MQ
MFD00392.bin.2.289	248247	MQ
MFD00392.bin.2.291	91786	MQ
MFD00392.bin.2.292	379651	MQ
MFD00392.bin.2.294	354081	MQ
MFD00392.bin.2.295	250124	MQ
MFD00392.bin.2.297	449062	MQ
MFD00392.bin.2.300	659635	MQ
MFD00392.bin.2.302	533336	MQ
MFD00392.bin.2.307	421448	MQ
MFD00392.bin.2.313	453299	MQ
MFD00392.bin.2.316	267724	MQ
MFD00392.bin.2.318	451479	MQ
MFD00392.bin.2.319	293040	MQ
MFD00392.bin.2.324	289498	MQ
MFD00392.bin.2.326	893193	MQ
MFD00392.bin.2.330	447700	MQ
MFD00392.bin.2.333	159044	MQ
MFD00392.bin.2.336	125035	MQ
MFD00392.bin.2.340	1751755	MQ
MFD00392.bin.2.342	533582	MQ
MFD00392.bin.2.345	377091	MQ
MFD00392.bin.2.348	182038	MQ
MFD00392.bin.2.353	215353	MQ
MFD00392.bin.2.355	195686	MQ
MFD00392.bin.2.36	817455	MQ
MFD00392.bin.2.360	121026	MQ
MFD00392.bin.2.363	392589	MQ
MFD00392.bin.2.365	171399	MQ
MFD00392.bin.2.371	286996	MQ
MFD00392.bin.2.372	1416261	MQ
MFD00392.bin.2.374	791162	MQ
MFD00392.bin.2.375	141328	MQ
MFD00392.bin.2.381	1115663	MQ
MFD00392.bin.2.384	244285	MQ
MFD00392.bin.2.387	368072	MQ
MFD00392.bin.2.39	281006	MQ
MFD00392.bin.2.40	254806	MQ
MFD00392.bin.2.401	1990961	MQ
MFD00392.bin.2.402	106820	MQ
MFD00392.bin.2.404	349046	MQ
MFD00392.bin.2.405	647379	MQ
MFD00392.bin.2.43	289934	MQ
MFD00392.bin.2.44	283497	MQ
MFD00392.bin.2.46	91617	MQ
MFD00392.bin.2.48	445064	MQ
MFD00392.bin.2.49	440876	MQ
MFD00392.bin.2.52	676460	MQ
MFD00392.bin.2.55	236711	MQ
MFD00392.bin.2.59	407828	MQ
MFD00392.bin.2.6	402070	MQ
MFD00392.bin.2.63	465707	MQ
MFD00392.bin.2.64	175718	MQ
MFD00392.bin.2.65	625903	MQ
MFD00392.bin.2.68	2756837	MQ
MFD00392.bin.2.69	393701	MQ
MFD00392.bin.2.7	2130826	MQ
MFD00392.bin.2.71	386314	MQ
MFD00392.bin.2.78	339546	MQ
MFD00392.bin.2.80	763232	MQ
MFD00392.bin.2.81	279194	MQ
MFD00392.bin.2.85	739309	MQ
MFD00392.bin.2.86	421704	MQ
MFD00392.bin.2.99	435163	MQ
MFD00392.bin.3.141	470330	MQ
MFD00392.bin.3.147	324369	MQ
MFD00392.bin.3.167	160406	MQ
MFD00392.bin.3.170	304796	MQ
MFD00392.bin.3.203	152392	MQ
MFD00392.bin.3.204	183432	MQ
MFD00392.bin.3.213	239421	MQ
MFD00392.bin.3.302	465607	MQ
MFD00392.bin.3.308	312426	MQ
MFD00392.bin.3.431	286970	MQ
MFD00392.bin.3.433	181272	MQ
MFD00392.bin.3.529	410997	MQ
MFD00392.bin.3.547	441754	MQ
MFD00392.bin.3.555	242960	MQ
MFD00392.bin.3.570	443340	MQ
MFD00392.bin.3.594	628949	MQ
MFD00392.bin.3.628	146184	MQ
MFD00392.bin.3.648	126247	MQ
MFD00392.bin.3.658	161518	MQ
MFD00392.bin.3.673	407175	MQ
MFD00392.bin.3.715	597199	MQ
MFD00392.bin.3.720	69394	MQ
MFD00392.bin.3.723	217422	MQ
MFD00392.bin.3.744	535699	MQ
MFD00392.bin.3.845	205915	MQ
MFD00392.bin.3.88	129703	MQ
MFD00392.bin.3.929	957307	MQ
MFD00392.bin.3.937	206980	MQ
MFD00392.bin.4.109	609075	MQ
MFD00392.bin.4.475	183726	MQ
MFD00392.bin.4.653	154745	MQ
MFD00392.bin.4.807	149311	MQ
MFD00392.bin.4.906	261947	MQ
MFD00709.bin.1.4	56786	MQ
MFD00709.bin.2.102	169440	MQ
MFD00709.bin.2.104	136053	MQ
MFD00709.bin.2.114	533221	MQ
MFD00709.bin.2.117	338622	MQ
MFD00709.bin.2.118	93691	MQ
MFD00709.bin.2.122	48604	MQ
MFD00709.bin.2.131	70044	MQ
MFD00709.bin.2.137	495590	MQ
MFD00709.bin.2.142	120582	MQ
MFD00709.bin.2.144	497560	MQ
MFD00709.bin.2.146	141376	MQ
MFD00709.bin.2.147	201204	MQ
MFD00709.bin.2.150	342420	MQ
MFD00709.bin.2.153	150374	MQ
MFD00709.bin.2.155	175853	MQ
MFD00709.bin.2.156	178848	MQ
MFD00709.bin.2.157	115917	MQ
MFD00709.bin.2.159	323474	MQ
MFD00709.bin.2.162	202976	MQ
MFD00709.bin.2.166	451318	MQ
MFD00709.bin.2.17	89133	MQ
MFD00709.bin.2.174	177555	MQ
MFD00709.bin.2.175	327286	MQ
MFD00709.bin.2.182	42517	MQ
MFD00709.bin.2.187	77793	MQ
MFD00709.bin.2.20	25018	MQ
MFD00709.bin.2.201	60211	MQ
MFD00709.bin.2.207	105518	MQ
MFD00709.bin.2.211	55510	MQ
MFD00709.bin.2.216	130374	MQ
MFD00709.bin.2.28	3237606	MQ
MFD00709.bin.2.3	189564	MQ
MFD00709.bin.2.32	92166	MQ
MFD00709.bin.2.34	188641	MQ
MFD00709.bin.2.4	121559	MQ
MFD00709.bin.2.40	72022	MQ
MFD00709.bin.2.41	72141	MQ
MFD00709.bin.2.42	170271	MQ
MFD00709.bin.2.44	45523	MQ
MFD00709.bin.2.45	144270	MQ
MFD00709.bin.2.48	188775	MQ
MFD00709.bin.2.5	60561	MQ
MFD00709.bin.2.50	172747	MQ
MFD00709.bin.2.54	206043	MQ
MFD00709.bin.2.55	118986	MQ
MFD00709.bin.2.62	205043	MQ
MFD00709.bin.2.64	497273	MQ
MFD00709.bin.2.65	93976	MQ
MFD00709.bin.2.7	86040	MQ
MFD00709.bin.2.72	148948	MQ
MFD00709.bin.2.75	76619	MQ
MFD00709.bin.2.8	208998	MQ
MFD00709.bin.2.91	68178	MQ
MFD00709.bin.3.102	83027	MQ
MFD00709.bin.3.105	102928	MQ
MFD00709.bin.3.125	151697	MQ
MFD00709.bin.3.130	46510	MQ
MFD00709.bin.3.153	236031	MQ
MFD00709.bin.3.160	96968	MQ
MFD00709.bin.3.183	118079	MQ
MFD00709.bin.3.2	88793	MQ
MFD00709.bin.3.294	189570	MQ
MFD00709.bin.3.31	136806	MQ
MFD00709.bin.3.321	49315	MQ
MFD00709.bin.3.343	84169	MQ
MFD00709.bin.3.465	39670	MQ
MFD00709.bin.3.484	111482	MQ
MFD00709.bin.3.77	123718	MQ
MFD00731.bin.1.153	698817	MQ
MFD00731.bin.1.234	278914	MQ
MFD00731.bin.2.1	431195	MQ
MFD00731.bin.2.11	303474	MQ
MFD00731.bin.2.111	398580	MQ
MFD00731.bin.2.112	1126195	MQ
MFD00731.bin.2.114	533035	MQ
MFD00731.bin.2.120	401380	MQ
MFD00731.bin.2.127	199898	MQ
MFD00731.bin.2.129	164052	MQ
MFD00731.bin.2.132	162094	MQ
MFD00731.bin.2.133	473744	MQ
MFD00731.bin.2.137	459018	MQ
MFD00731.bin.2.14	175894	MQ
MFD00731.bin.2.142	873287	MQ
MFD00731.bin.2.145	1032321	MQ
MFD00731.bin.2.149	2259982	MQ
MFD00731.bin.2.150	780668	MQ
MFD00731.bin.2.157	2285264	MQ
MFD00731.bin.2.159	112481	MQ
MFD00731.bin.2.164	443971	MQ
MFD00731.bin.2.166	465299	MQ
MFD00731.bin.2.167	742986	MQ
MFD00731.bin.2.169	127194	MQ
MFD00731.bin.2.17	4774846	MQ
MFD00731.bin.2.170	884839	MQ
MFD00731.bin.2.173	484900	MQ
MFD00731.bin.2.174	3653247	MQ
MFD00731.bin.2.180	2396577	MQ
MFD00731.bin.2.183	846992	MQ
MFD00731.bin.2.187	681574	MQ
MFD00731.bin.2.193	300126	MQ
MFD00731.bin.2.198	1914950	MQ
MFD00731.bin.2.2	749851	MQ
MFD00731.bin.2.20	1934234	MQ
MFD00731.bin.2.201	845864	MQ
MFD00731.bin.2.202	895936	MQ
MFD00731.bin.2.203	339694	MQ
MFD00731.bin.2.205	366622	MQ
MFD00731.bin.2.212	128517	MQ
MFD00731.bin.2.216	1029923	MQ
MFD00731.bin.2.220	1315968	MQ
MFD00731.bin.2.26	203881	MQ
MFD00731.bin.2.35	4150818	MQ
MFD00731.bin.2.4	2687845	MQ
MFD00731.bin.2.47	313681	MQ
MFD00731.bin.2.48	1543054	MQ
MFD00731.bin.2.49	2440517	MQ
MFD00731.bin.2.57	238259	MQ
MFD00731.bin.2.58	1469486	MQ
MFD00731.bin.2.6	1107178	MQ
MFD00731.bin.2.60	753182	MQ
MFD00731.bin.2.62	240649	MQ
MFD00731.bin.2.63	227170	MQ
MFD00731.bin.2.65	466445	MQ
MFD00731.bin.2.67	1384343	MQ
MFD00731.bin.2.72	211549	MQ
MFD00731.bin.2.73	663657	MQ
MFD00731.bin.2.74	899022	MQ
MFD00731.bin.2.8	3737903	MQ
MFD00731.bin.2.81	484665	MQ
MFD00731.bin.2.91	221018	MQ
MFD00731.bin.2.93	251304	MQ
MFD00731.bin.3.121	869670	MQ
MFD00731.bin.3.122	190951	MQ
MFD00731.bin.3.174	95564	MQ
MFD00731.bin.3.176	135866	MQ
MFD00731.bin.3.201	961585	MQ
MFD00731.bin.3.247	429344	MQ
MFD00731.bin.3.259	328947	MQ
MFD00731.bin.3.307	302959	MQ
MFD00731.bin.3.357	75747	MQ
MFD00731.bin.3.385	76563	MQ
MFD00731.bin.3.415	384965	MQ
MFD00731.bin.3.428	259202	MQ
MFD00731.bin.3.52	164132	MQ
MFD00731.bin.3.66	192749	MQ
MFD00731.bin.3.75	153601	MQ
MFD00731.bin.4.171	328084	MQ
MFD00731.bin.4.227	117517	MQ
MFD00731.bin.4.272	230835	MQ
MFD00731.bin.4.712	358341	MQ
MFD00822.bin.1.150	257200	MQ
MFD00822.bin.1.51	746687	MQ
MFD00822.bin.1.7	573646	MQ
MFD00822.bin.2.104	315822	MQ
MFD00822.bin.2.108	311795	MQ
MFD00822.bin.2.11	161004	MQ
MFD00822.bin.2.110	386556	MQ
MFD00822.bin.2.115	148821	MQ
MFD00822.bin.2.117	444432	MQ
MFD00822.bin.2.119	969958	MQ
MFD00822.bin.2.12	533843	MQ
MFD00822.bin.2.120	280931	MQ
MFD00822.bin.2.121	497965	MQ
MFD00822.bin.2.122	258147	MQ
MFD00822.bin.2.123	50937	MQ
MFD00822.bin.2.124	178022	MQ
MFD00822.bin.2.126	85998	MQ
MFD00822.bin.2.127	64448	MQ
MFD00822.bin.2.129	938403	MQ
MFD00822.bin.2.130	278266	MQ
MFD00822.bin.2.131	164399	MQ
MFD00822.bin.2.134	446214	MQ
MFD00822.bin.2.135	119151	MQ
MFD00822.bin.2.136	1610287	MQ
MFD00822.bin.2.138	233673	MQ
MFD00822.bin.2.143	841086	MQ
MFD00822.bin.2.149	397136	MQ
MFD00822.bin.2.15	1458413	MQ
MFD00822.bin.2.150	99437	MQ
MFD00822.bin.2.151	990298	MQ
MFD00822.bin.2.156	165915	MQ
MFD00822.bin.2.162	368060	MQ
MFD00822.bin.2.163	592583	MQ
MFD00822.bin.2.168	277176	MQ
MFD00822.bin.2.172	241716	MQ
MFD00822.bin.2.173	257169	MQ
MFD00822.bin.2.174	616134	MQ
MFD00822.bin.2.176	471253	MQ
MFD00822.bin.2.179	1318868	MQ
MFD00822.bin.2.18	107941	MQ
MFD00822.bin.2.181	319775	MQ
MFD00822.bin.2.182	330612	MQ
MFD00822.bin.2.186	3249462	MQ
MFD00822.bin.2.2	4833070	MQ
MFD00822.bin.2.24	1497830	MQ
MFD00822.bin.2.25	1545896	MQ
MFD00822.bin.2.30	201795	MQ
MFD00822.bin.2.33	225928	MQ
MFD00822.bin.2.36	985611	MQ
MFD00822.bin.2.37	440423	MQ
MFD00822.bin.2.42	401304	MQ
MFD00822.bin.2.45	261073	MQ
MFD00822.bin.2.48	590789	MQ
MFD00822.bin.2.53	96673	MQ
MFD00822.bin.2.55	1167247	MQ
MFD00822.bin.2.56	308161	MQ
MFD00822.bin.2.57	612406	MQ
MFD00822.bin.2.59	73081	MQ
MFD00822.bin.2.60	516814	MQ
MFD00822.bin.2.62	275637	MQ
MFD00822.bin.2.7	444601	MQ
MFD00822.bin.2.84	278429	MQ
MFD00822.bin.2.9	488127	MQ
MFD00822.bin.2.91	425155	MQ
MFD00822.bin.2.93	159060	MQ
MFD00822.bin.2.97	353743	MQ
MFD00822.bin.3.117	114306	MQ
MFD00822.bin.3.118	191494	MQ
MFD00822.bin.3.124	137713	MQ
MFD00822.bin.3.16	78586	MQ
MFD00822.bin.3.221	368452	MQ
MFD00822.bin.3.272	64837	MQ
MFD00822.bin.3.292	65565	MQ
MFD00822.bin.3.377	508393	MQ
MFD00822.bin.3.61	188382	MQ
MFD00822.bin.3.64	124269	MQ
MFD00822.bin.3.94	172247	MQ
MFD00822.bin.4.14	34773	MQ
MFD00905.bin.1.58	156163	MQ
MFD00905.bin.2.1	819813	MQ
MFD00905.bin.2.105	338280	MQ
MFD00905.bin.2.108	208889	MQ
MFD00905.bin.2.121	538883	MQ
MFD00905.bin.2.125	789401	MQ
MFD00905.bin.2.126	1040437	MQ
MFD00905.bin.2.13	125254	MQ
MFD00905.bin.2.131	689604	MQ
MFD00905.bin.2.133	72314	MQ
MFD00905.bin.2.134	198563	MQ
MFD00905.bin.2.145	224278	MQ
MFD00905.bin.2.151	370053	MQ
MFD00905.bin.2.152	60559	MQ
MFD00905.bin.2.153	575834	MQ
MFD00905.bin.2.154	200122	MQ
MFD00905.bin.2.155	123095	MQ
MFD00905.bin.2.158	349681	MQ
MFD00905.bin.2.159	326597	MQ
MFD00905.bin.2.16	409889	MQ
MFD00905.bin.2.162	289365	MQ
MFD00905.bin.2.170	225248	MQ
MFD00905.bin.2.172	179593	MQ
MFD00905.bin.2.174	146187	MQ
MFD00905.bin.2.180	230392	MQ
MFD00905.bin.2.184	3309099	MQ
MFD00905.bin.2.185	431945	MQ
MFD00905.bin.2.186	95438	MQ
MFD00905.bin.2.187	539918	MQ
MFD00905.bin.2.19	4657420	MQ
MFD00905.bin.2.190	236798	MQ
MFD00905.bin.2.193	1777065	MQ
MFD00905.bin.2.194	474705	MQ
MFD00905.bin.2.198	581441	MQ
MFD00905.bin.2.2	3101628	MQ
MFD00905.bin.2.20	663023	MQ
MFD00905.bin.2.202	116677	MQ
MFD00905.bin.2.208	74278	MQ
MFD00905.bin.2.21	144602	MQ
MFD00905.bin.2.212	446161	MQ
MFD00905.bin.2.215	1954681	MQ
MFD00905.bin.2.216	2354906	MQ
MFD00905.bin.2.220	929563	MQ
MFD00905.bin.2.222	460995	MQ
MFD00905.bin.2.223	1055151	MQ
MFD00905.bin.2.225	724236	MQ
MFD00905.bin.2.226	404506	MQ
MFD00905.bin.2.232	314835	MQ
MFD00905.bin.2.233	381780	MQ
MFD00905.bin.2.30	230248	MQ
MFD00905.bin.2.32	1466347	MQ
MFD00905.bin.2.34	160766	MQ
MFD00905.bin.2.35	484448	MQ
MFD00905.bin.2.38	285466	MQ
MFD00905.bin.2.43	260435	MQ
MFD00905.bin.2.44	256523	MQ
MFD00905.bin.2.47	2186599	MQ
MFD00905.bin.2.49	190021	MQ
MFD00905.bin.2.5	714020	MQ
MFD00905.bin.2.50	184092	MQ
MFD00905.bin.2.51	250527	MQ
MFD00905.bin.2.53	321197	MQ
MFD00905.bin.2.55	1853046	MQ
MFD00905.bin.2.59	2734712	MQ
MFD00905.bin.2.60	1024556	MQ
MFD00905.bin.2.62	331217	MQ
MFD00905.bin.2.63	373221	MQ
MFD00905.bin.2.65	393053	MQ
MFD00905.bin.2.68	90106	MQ
MFD00905.bin.2.7	125059	MQ
MFD00905.bin.2.71	670363	MQ
MFD00905.bin.2.72	563443	MQ
MFD00905.bin.2.73	118855	MQ
MFD00905.bin.2.74	158550	MQ
MFD00905.bin.2.75	207579	MQ
MFD00905.bin.2.8	3555008	MQ
MFD00905.bin.2.82	568223	MQ
MFD00905.bin.2.87	164746	MQ
MFD00905.bin.2.93	403795	MQ
MFD00905.bin.3.122	258577	MQ
MFD00905.bin.3.13	79392	MQ
MFD00905.bin.3.155	107751	MQ
MFD00905.bin.3.183	2984920	MQ
MFD00905.bin.3.204	120609	MQ
MFD00905.bin.3.260	255115	MQ
MFD00905.bin.3.287	250291	MQ
MFD00905.bin.3.32	119136	MQ
MFD00905.bin.3.330	60398	MQ
MFD00905.bin.3.435	291052	MQ
MFD00905.bin.3.493	158819	MQ
MFD00905.bin.3.507	1974389	MQ
MFD00905.bin.3.577	2283371	MQ
MFD00905.bin.3.591	72909	MQ
MFD00905.bin.4.163	132526	MQ
MFD00962.bin.1.263	1066850	MQ
MFD00962.bin.2.100	145948	MQ
MFD00962.bin.2.101	338395	MQ
MFD00962.bin.2.102	171581	MQ
MFD00962.bin.2.103	112480	MQ
MFD00962.bin.2.105	318075	MQ
MFD00962.bin.2.106	679183	MQ
MFD00962.bin.2.107	142613	MQ
MFD00962.bin.2.108	208605	MQ
MFD00962.bin.2.109	333869	MQ
MFD00962.bin.2.111	143333	MQ
MFD00962.bin.2.113	1174301	MQ
MFD00962.bin.2.114	308457	MQ
MFD00962.bin.2.115	235206	MQ
MFD00962.bin.2.116	167694	MQ
MFD00962.bin.2.117	542001	MQ
MFD00962.bin.2.118	338974	MQ
MFD00962.bin.2.119	269068	MQ
MFD00962.bin.2.12	185992	MQ
MFD00962.bin.2.120	242506	MQ
MFD00962.bin.2.121	159680	MQ
MFD00962.bin.2.122	263981	MQ
MFD00962.bin.2.125	182929	MQ
MFD00962.bin.2.127	109935	MQ
MFD00962.bin.2.128	204145	MQ
MFD00962.bin.2.135	115048	MQ
MFD00962.bin.2.140	92483	MQ
MFD00962.bin.2.143	109338	MQ
MFD00962.bin.2.159	501812	MQ
MFD00962.bin.2.16	501399	MQ
MFD00962.bin.2.166	304714	MQ
MFD00962.bin.2.17	401787	MQ
MFD00962.bin.2.176	1944363	MQ
MFD00962.bin.2.181	244027	MQ
MFD00962.bin.2.182	102729	MQ
MFD00962.bin.2.184	75408	MQ
MFD00962.bin.2.188	318131	MQ
MFD00962.bin.2.19	664913	MQ
MFD00962.bin.2.190	250912	MQ
MFD00962.bin.2.191	752783	MQ
MFD00962.bin.2.198	564676	MQ
MFD00962.bin.2.2	216143	MQ
MFD00962.bin.2.20	2106094	MQ
MFD00962.bin.2.200	515278	MQ
MFD00962.bin.2.203	246890	MQ
MFD00962.bin.2.204	92662	MQ
MFD00962.bin.2.205	802192	MQ
MFD00962.bin.2.206	332544	MQ
MFD00962.bin.2.208	241712	MQ
MFD00962.bin.2.211	373239	MQ
MFD00962.bin.2.218	285084	MQ
MFD00962.bin.2.219	154358	MQ
MFD00962.bin.2.221	175052	MQ
MFD00962.bin.2.224	404227	MQ
MFD00962.bin.2.226	148872	MQ
MFD00962.bin.2.228	258681	MQ
MFD00962.bin.2.231	263706	MQ
MFD00962.bin.2.232	249877	MQ
MFD00962.bin.2.238	253266	MQ
MFD00962.bin.2.241	78501	MQ
MFD00962.bin.2.244	154005	MQ
MFD00962.bin.2.254	119482	MQ
MFD00962.bin.2.262	311358	MQ
MFD00962.bin.2.266	320825	MQ
MFD00962.bin.2.269	190619	MQ
MFD00962.bin.2.270	376282	MQ
MFD00962.bin.2.274	3371418	MQ
MFD00962.bin.2.277	83827	MQ
MFD00962.bin.2.283	634189	MQ
MFD00962.bin.2.29	176292	MQ
MFD00962.bin.2.291	227399	MQ
MFD00962.bin.2.292	242491	MQ
MFD00962.bin.2.293	2770170	MQ
MFD00962.bin.2.294	247545	MQ
MFD00962.bin.2.297	123071	MQ
MFD00962.bin.2.32	210758	MQ
MFD00962.bin.2.35	234481	MQ
MFD00962.bin.2.40	287412	MQ
MFD00962.bin.2.53	85092	MQ
MFD00962.bin.2.55	475820	MQ
MFD00962.bin.2.59	559253	MQ
MFD00962.bin.2.64	232359	MQ
MFD00962.bin.2.65	163772	MQ
MFD00962.bin.2.69	125381	MQ
MFD00962.bin.2.7	420758	MQ
MFD00962.bin.2.72	217100	MQ
MFD00962.bin.2.73	162590	MQ
MFD00962.bin.2.76	172859	MQ
MFD00962.bin.2.77	2399073	MQ
MFD00962.bin.2.83	528417	MQ
MFD00962.bin.2.84	143263	MQ
MFD00962.bin.2.86	125233	MQ
MFD00962.bin.2.87	230295	MQ
MFD00962.bin.2.90	97126	MQ
MFD00962.bin.2.91	420611	MQ
MFD00962.bin.2.92	241010	MQ
MFD00962.bin.2.93	113830	MQ
MFD00962.bin.2.94	109052	MQ
MFD00962.bin.2.96	206762	MQ
MFD00962.bin.2.98	112091	MQ
MFD00962.bin.3.102	119273	MQ
MFD00962.bin.3.138	67564	MQ
MFD00962.bin.3.153	69493	MQ
MFD00962.bin.3.166	83598	MQ
MFD00962.bin.3.285	115830	MQ
MFD00962.bin.3.339	527003	MQ
MFD00962.bin.3.421	49720	MQ
MFD00962.bin.3.436	137070	MQ
MFD00962.bin.3.492	115217	MQ
MFD00962.bin.3.533	213112	MQ
MFD00962.bin.3.541	330183	MQ
MFD00962.bin.3.584	71565	MQ
MFD00962.bin.3.604	163934	MQ
MFD00962.bin.3.615	126770	MQ
MFD00962.bin.3.622	73456	MQ
MFD00962.bin.3.89	56155	MQ
MFD00962.bin.3.90	132815	MQ
MFD00962.bin.4.197	77056	MQ
MFD00964.bin.2.105	244305	MQ
MFD00964.bin.2.126	132177	MQ
MFD00964.bin.2.133	408241	MQ
MFD00964.bin.2.146	2175436	MQ
MFD00964.bin.2.152	1129398	MQ
MFD00964.bin.2.160	285516	MQ
MFD00964.bin.2.162	785125	MQ
MFD00964.bin.2.169	149304	MQ
MFD00964.bin.2.170	1471512	MQ
MFD00964.bin.2.171	2608046	MQ
MFD00964.bin.2.173	2257365	MQ
MFD00964.bin.2.177	1117125	MQ
MFD00964.bin.2.180	3367546	MQ
MFD00964.bin.2.181	481057	MQ
MFD00964.bin.2.183	226700	MQ
MFD00964.bin.2.188	570948	MQ
MFD00964.bin.2.193	1142853	MQ
MFD00964.bin.2.194	801258	MQ
MFD00964.bin.2.196	231063	MQ
MFD00964.bin.2.201	2861996	MQ
MFD00964.bin.2.204	910243	MQ
MFD00964.bin.2.207	1367787	MQ
MFD00964.bin.2.209	906747	MQ
MFD00964.bin.2.210	1982646	MQ
MFD00964.bin.2.214	224747	MQ
MFD00964.bin.2.219	1258735	MQ
MFD00964.bin.2.22	132939	MQ
MFD00964.bin.2.220	82878	MQ
MFD00964.bin.2.24	162116	MQ
MFD00964.bin.2.241	4346065	MQ
MFD00964.bin.2.248	141189	MQ
MFD00964.bin.2.25	252633	MQ
MFD00964.bin.2.251	346150	MQ
MFD00964.bin.2.254	421213	MQ
MFD00964.bin.2.255	163587	MQ
MFD00964.bin.2.256	398655	MQ
MFD00964.bin.2.258	572377	MQ
MFD00964.bin.2.259	315949	MQ
MFD00964.bin.2.26	1409816	MQ
MFD00964.bin.2.264	776245	MQ
MFD00964.bin.2.265	151035	MQ
MFD00964.bin.2.270	232250	MQ
MFD00964.bin.2.271	125564	MQ
MFD00964.bin.2.272	210813	MQ
MFD00964.bin.2.3	244192	MQ
MFD00964.bin.2.34	852091	MQ
MFD00964.bin.2.36	133222	MQ
MFD00964.bin.2.4	1032741	MQ
MFD00964.bin.2.40	1559184	MQ
MFD00964.bin.2.46	1324590	MQ
MFD00964.bin.2.48	813291	MQ
MFD00964.bin.2.53	1190247	MQ
MFD00964.bin.2.63	237101	MQ
MFD00964.bin.2.65	77424	MQ
MFD00964.bin.2.66	245807	MQ
MFD00964.bin.2.67	896884	MQ
MFD00964.bin.2.69	340027	MQ
MFD00964.bin.2.7	190321	MQ
MFD00964.bin.2.75	248218	MQ
MFD00964.bin.2.76	523761	MQ
MFD00964.bin.2.78	915952	MQ
MFD00964.bin.2.79	276742	MQ
MFD00964.bin.2.8	1028259	MQ
MFD00964.bin.2.80	50172	MQ
MFD00964.bin.2.83	299882	MQ
MFD00964.bin.2.86	437394	MQ
MFD00964.bin.2.88	284362	MQ
MFD00964.bin.2.89	136521	MQ
MFD00964.bin.3.104	136151	MQ
MFD00964.bin.3.147	168969	MQ
MFD00964.bin.3.150	149108	MQ
MFD00964.bin.3.173	161714	MQ
MFD00964.bin.3.184	129084	MQ
MFD00964.bin.3.23	135624	MQ
MFD00964.bin.3.252	514855	MQ
MFD00964.bin.3.253	1669501	MQ
MFD00964.bin.3.405	451181	MQ
MFD00964.bin.3.426	294879	MQ
MFD00964.bin.3.45	144180	MQ
MFD00964.bin.3.473	216296	MQ
MFD00964.bin.3.510	63129	MQ
MFD00964.bin.3.532	86435	MQ
MFD00964.bin.3.553	233012	MQ
MFD00964.bin.3.580	390676	MQ
MFD00964.bin.3.598	284246	MQ
MFD00964.bin.3.619	114732	MQ
MFD00964.bin.4.433	194046	MQ
MFD00964.bin.4.630	227426	MQ
MFD00964.bin.4.962	385144	MQ
MFD00991.bin.1.10	381673	MQ
MFD00991.bin.1.136	263452	MQ
MFD00991.bin.1.39	945803	MQ
MFD00991.bin.2.103	1100917	MQ
MFD00991.bin.2.104	317951	MQ
MFD00991.bin.2.105	151881	MQ
MFD00991.bin.2.112	1040270	MQ
MFD00991.bin.2.118	170428	MQ
MFD00991.bin.2.121	613830	MQ
MFD00991.bin.2.126	512625	MQ
MFD00991.bin.2.130	3209093	MQ
MFD00991.bin.2.133	988698	MQ
MFD00991.bin.2.15	387786	MQ
MFD00991.bin.2.17	1796304	MQ
MFD00991.bin.2.2	336379	MQ
MFD00991.bin.2.21	85036	MQ
MFD00991.bin.2.24	279590	MQ
MFD00991.bin.2.28	570658	MQ
MFD00991.bin.2.29	1649123	MQ
MFD00991.bin.2.32	197654	MQ
MFD00991.bin.2.34	492353	MQ
MFD00991.bin.2.37	234390	MQ
MFD00991.bin.2.4	376161	MQ
MFD00991.bin.2.41	100398	MQ
MFD00991.bin.2.51	476961	MQ
MFD00991.bin.2.67	202084	MQ
MFD00991.bin.2.70	301164	MQ
MFD00991.bin.2.73	447522	MQ
MFD00991.bin.2.75	347423	MQ
MFD00991.bin.2.78	268439	MQ
MFD00991.bin.2.79	70776	MQ
MFD00991.bin.2.80	61276	MQ
MFD00991.bin.2.81	180002	MQ
MFD00991.bin.2.82	532231	MQ
MFD00991.bin.2.86	117912	MQ
MFD00991.bin.2.87	530569	MQ
MFD00991.bin.2.88	390975	MQ
MFD00991.bin.2.9	367602	MQ
MFD00991.bin.2.96	212139	MQ
MFD00991.bin.3.14	167663	MQ
MFD00991.bin.3.206	59186	MQ
MFD00991.bin.3.207	281282	MQ
MFD00991.bin.3.222	69193	MQ
MFD00991.bin.3.233	410394	MQ
MFD00991.bin.3.29	329896	MQ
MFD00991.bin.3.73	127526	MQ
MFD01112.bin.1.4	31317	MQ
MFD01112.bin.1.8	25991	MQ
MFD01112.bin.2.1	12470	MQ
MFD01112.bin.2.11	395235	MQ
MFD01112.bin.2.12	51008	MQ
MFD01112.bin.2.16	19015	MQ
MFD01112.bin.2.18	11843	MQ
MFD01112.bin.2.19	164904	MQ
MFD01112.bin.2.2	21593	MQ
MFD01112.bin.2.20	170153	MQ
MFD01112.bin.2.36	69076	MQ
MFD01112.bin.2.37	8741	MQ
MFD01112.bin.2.4	14720	MQ
MFD01112.bin.2.43	32387	MQ
MFD01112.bin.2.55	41089	MQ
MFD01112.bin.2.56	5612	MQ
MFD01112.bin.2.58	25331	MQ
MFD01112.bin.2.59	14697	MQ
MFD01112.bin.2.68	13687	MQ
MFD01112.bin.3.14	56709	MQ
MFD01112.bin.3.37	8730	MQ
MFD01138.bin.1.27	252867	MQ
MFD01138.bin.2.1	395196	MQ
MFD01138.bin.2.121	122586	MQ
MFD01138.bin.2.123	384729	MQ
MFD01138.bin.2.15	138628	MQ
MFD01138.bin.2.2	414984	MQ
MFD01138.bin.2.28	826774	MQ
MFD01138.bin.2.29	605985	MQ
MFD01138.bin.2.30	586461	MQ
MFD01138.bin.2.43	118534	MQ
MFD01138.bin.2.60	450442	MQ
MFD01138.bin.2.62	472442	MQ
MFD01138.bin.2.63	771260	MQ
MFD01138.bin.2.64	2278630	MQ
MFD01138.bin.2.7	1149885	MQ
MFD01138.bin.2.70	664141	MQ
MFD01138.bin.2.71	472716	MQ
MFD01138.bin.2.73	89060	MQ
MFD01138.bin.2.75	194899	MQ
MFD01138.bin.2.8	261739	MQ
MFD01138.bin.2.80	933123	MQ
MFD01138.bin.2.81	178024	MQ
MFD01138.bin.2.82	254885	MQ
MFD01138.bin.2.83	79212	MQ
MFD01138.bin.2.88	196731	MQ
MFD01138.bin.2.90	285110	MQ
MFD01138.bin.2.94	415858	MQ
MFD01138.bin.2.95	203737	MQ
MFD01138.bin.2.97	179671	MQ
MFD01138.bin.3.14	267231	MQ
MFD01138.bin.3.248	180142	MQ
MFD01138.bin.3.259	73203	MQ
MFD01138.bin.3.34	111481	MQ
MFD01138.bin.3.50	121029	MQ
MFD01138.bin.3.6	232253	MQ
MFD01138.bin.3.73	83313	MQ
MFD01138.bin.3.74	120446	MQ
MFD01188.bin.2.11	277222	MQ
MFD01188.bin.2.114	202524	MQ
MFD01188.bin.2.119	146962	MQ
MFD01188.bin.2.12	79308	MQ
MFD01188.bin.2.120	34304	MQ
MFD01188.bin.2.122	178705	MQ
MFD01188.bin.2.123	43928	MQ
MFD01188.bin.2.127	50315	MQ
MFD01188.bin.2.18	26309	MQ
MFD01188.bin.2.2	15612	MQ
MFD01188.bin.2.25	62390	MQ
MFD01188.bin.2.32	53971	MQ
MFD01188.bin.2.38	127414	MQ
MFD01188.bin.2.44	988979	MQ
MFD01188.bin.2.45	2250662	MQ
MFD01188.bin.2.55	47715	MQ
MFD01188.bin.2.56	68403	MQ
MFD01188.bin.2.57	29379	MQ
MFD01188.bin.2.72	33996	MQ
MFD01188.bin.2.73	40497	MQ
MFD01188.bin.2.74	10807	MQ
MFD01188.bin.2.75	20907	MQ
MFD01188.bin.2.79	13745	MQ
MFD01188.bin.2.97	54338	MQ
MFD01188.bin.3.109	111746	MQ
MFD01188.bin.3.138	16557	MQ
MFD01188.bin.3.182	262046	MQ
MFD01188.bin.3.31	33795	MQ
MFD01188.bin.3.372	18361	MQ
MFD01188.bin.4.248	11967	MQ
MFD01188.bin.4.386	44676	MQ
MFD01188.bin.4.86	28701	MQ
MFD01213.bin.1.135	305929	MQ
MFD01213.bin.1.138	364397	MQ
MFD01213.bin.1.206	768175	MQ
MFD01213.bin.2.10	141332	MQ
MFD01213.bin.2.104	1724946	MQ
MFD01213.bin.2.105	900660	MQ
MFD01213.bin.2.106	215572	MQ
MFD01213.bin.2.107	2536895	MQ
MFD01213.bin.2.108	208605	MQ
MFD01213.bin.2.11	628160	MQ
MFD01213.bin.2.110	888149	MQ
MFD01213.bin.2.111	892472	MQ
MFD01213.bin.2.112	1062013	MQ
MFD01213.bin.2.113	323892	MQ
MFD01213.bin.2.116	294769	MQ
MFD01213.bin.2.117	482784	MQ
MFD01213.bin.2.119	247420	MQ
MFD01213.bin.2.121	199607	MQ
MFD01213.bin.2.122	483137	MQ
MFD01213.bin.2.125	357434	MQ
MFD01213.bin.2.128	104833	MQ
MFD01213.bin.2.129	399395	MQ
MFD01213.bin.2.13	157497	MQ
MFD01213.bin.2.130	304078	MQ
MFD01213.bin.2.131	474210	MQ
MFD01213.bin.2.132	136277	MQ
MFD01213.bin.2.133	1079949	MQ
MFD01213.bin.2.134	678117	MQ
MFD01213.bin.2.135	276943	MQ
MFD01213.bin.2.137	522516	MQ
MFD01213.bin.2.138	1254471	MQ
MFD01213.bin.2.143	838926	MQ
MFD01213.bin.2.144	982962	MQ
MFD01213.bin.2.146	450712	MQ
MFD01213.bin.2.149	969809	MQ
MFD01213.bin.2.150	366622	MQ
MFD01213.bin.2.152	1237497	MQ
MFD01213.bin.2.155	567526	MQ
MFD01213.bin.2.156	487920	MQ
MFD01213.bin.2.157	300992	MQ
MFD01213.bin.2.159	326087	MQ
MFD01213.bin.2.162	220022	MQ
MFD01213.bin.2.163	775687	MQ
MFD01213.bin.2.165	3872123	MQ
MFD01213.bin.2.166	89652	MQ
MFD01213.bin.2.168	1065178	MQ
MFD01213.bin.2.17	488700	MQ
MFD01213.bin.2.170	201193	MQ
MFD01213.bin.2.171	312619	MQ
MFD01213.bin.2.174	131880	MQ
MFD01213.bin.2.175	410482	MQ
MFD01213.bin.2.176	466145	MQ
MFD01213.bin.2.18	885520	MQ
MFD01213.bin.2.180	702349	MQ
MFD01213.bin.2.185	676466	MQ
MFD01213.bin.2.189	799131	MQ
MFD01213.bin.2.19	204851	MQ
MFD01213.bin.2.191	536810	MQ
MFD01213.bin.2.193	341866	MQ
MFD01213.bin.2.194	983992	MQ
MFD01213.bin.2.196	974954	MQ
MFD01213.bin.2.197	1437055	MQ
MFD01213.bin.2.20	425330	MQ
MFD01213.bin.2.21	735669	MQ
MFD01213.bin.2.22	971578	MQ
MFD01213.bin.2.23	128564	MQ
MFD01213.bin.2.27	252770	MQ
MFD01213.bin.2.29	286330	MQ
MFD01213.bin.2.30	1854026	MQ
MFD01213.bin.2.31	2059684	MQ
MFD01213.bin.2.32	473554	MQ
MFD01213.bin.2.33	903916	MQ
MFD01213.bin.2.34	2520496	MQ
MFD01213.bin.2.36	1522512	MQ
MFD01213.bin.2.38	228119	MQ
MFD01213.bin.2.39	833871	MQ
MFD01213.bin.2.4	580966	MQ
MFD01213.bin.2.40	1889898	MQ
MFD01213.bin.2.41	939743	MQ
MFD01213.bin.2.42	757930	MQ
MFD01213.bin.2.44	1889099	MQ
MFD01213.bin.2.49	824605	MQ
MFD01213.bin.2.5	4947970	MQ
MFD01213.bin.2.51	309123	MQ
MFD01213.bin.2.53	93797	MQ
MFD01213.bin.2.54	274605	MQ
MFD01213.bin.2.55	117729	MQ
MFD01213.bin.2.58	205583	MQ
MFD01213.bin.2.61	161878	MQ
MFD01213.bin.2.71	358628	MQ
MFD01213.bin.2.74	208368	MQ
MFD01213.bin.2.81	396673	MQ
MFD01213.bin.2.92	388979	MQ
MFD01213.bin.2.94	1648039	MQ
MFD01213.bin.2.95	532519	MQ
MFD01213.bin.2.97	190635	MQ
MFD01213.bin.2.98	133923	MQ
MFD01213.bin.3.118	335514	MQ
MFD01213.bin.3.154	1105943	MQ
MFD01213.bin.3.157	399619	MQ
MFD01213.bin.3.214	105176	MQ
MFD01213.bin.3.243	261808	MQ
MFD01213.bin.3.251	170373	MQ
MFD01213.bin.3.295	166583	MQ
MFD01213.bin.3.342	651525	MQ
MFD01213.bin.3.363	253620	MQ
MFD01213.bin.3.367	844198	MQ
MFD01213.bin.3.396	212689	MQ
MFD01213.bin.3.422	4032113	MQ
MFD01213.bin.3.448	301365	MQ
MFD01213.bin.3.530	675577	MQ
MFD01213.bin.3.552	158115	MQ
MFD01213.bin.3.560	985928	MQ
MFD01213.bin.3.581	276939	MQ
MFD01213.bin.3.8	2156669	MQ
MFD01213.bin.3.93	243545	MQ
MFD01213.bin.4.384	188834	MQ
MFD01213.bin.4.502	166620	MQ
MFD01223.bin.1.101	817893	MQ
MFD01223.bin.1.107	643361	MQ
MFD01223.bin.1.110	647830	MQ
MFD01223.bin.1.111	230993	MQ
MFD01223.bin.1.127	88072	MQ
MFD01223.bin.1.27	515952	MQ
MFD01223.bin.1.35	286058	MQ
MFD01223.bin.1.40	645975	MQ
MFD01223.bin.1.55	325860	MQ
MFD01223.bin.1.58	20039	MQ
MFD01223.bin.1.7	255118	MQ
MFD01223.bin.1.99	1248515	MQ
MFD01223.bin.2.14	27684	MQ
MFD01223.bin.2.21	87333	MQ
MFD01223.bin.2.25	205385	MQ
MFD01223.bin.2.30	57554	MQ
MFD01223.bin.2.31	16924	MQ
MFD01223.bin.2.32	415260	MQ
MFD01223.bin.2.33	26865	MQ
MFD01223.bin.2.37	54947	MQ
MFD01223.bin.2.4	20352	MQ
MFD01223.bin.2.40	25760	MQ
MFD01223.bin.2.42	34461	MQ
MFD01223.bin.2.44	279057	MQ
MFD01223.bin.2.47	110953	MQ
MFD01223.bin.2.48	23926	MQ
MFD01223.bin.2.5	123480	MQ
MFD01223.bin.2.50	56461	MQ
MFD01223.bin.2.69	86489	MQ
MFD01223.bin.2.71	46765	MQ
MFD01223.bin.2.76	90280	MQ
MFD01223.bin.2.77	70190	MQ
MFD01223.bin.2.87	124674	MQ
MFD01223.bin.2.9	92950	MQ
MFD01223.bin.2.90	371340	MQ
MFD01223.bin.3.14	33266	MQ
MFD01223.bin.3.150	18293	MQ
MFD01223.bin.3.47	40227	MQ
MFD01223.bin.3.50	45188	MQ
MFD01223.bin.4.19	16741	MQ
MFD01223.bin.4.238	37827	MQ
MFD01231.bin.1.3	199913	MQ
MFD01231.bin.1.64	257958	MQ
MFD01231.bin.2.10	191355	MQ
MFD01231.bin.2.11	165053	MQ
MFD01231.bin.2.2	126802	MQ
MFD01231.bin.2.20	882037	MQ
MFD01231.bin.2.26	264762	MQ
MFD01231.bin.2.28	486692	MQ
MFD01231.bin.2.30	387703	MQ
MFD01231.bin.2.31	1315767	MQ
MFD01231.bin.2.32	166599	MQ
MFD01231.bin.2.34	111273	MQ
MFD01231.bin.2.35	318529	MQ
MFD01231.bin.2.36	70651	MQ
MFD01231.bin.2.4	1346287	MQ
MFD01231.bin.2.48	65459	MQ
MFD01231.bin.2.49	34732	MQ
MFD01231.bin.2.51	293524	MQ
MFD01231.bin.2.53	135311	MQ
MFD01231.bin.2.57	368432	MQ
MFD01231.bin.2.65	410458	MQ
MFD01231.bin.2.69	222315	MQ
MFD01231.bin.2.72	111043	MQ
MFD01231.bin.2.73	164171	MQ
MFD01231.bin.2.76	367309	MQ
MFD01231.bin.2.77	1047733	MQ
MFD01231.bin.3.30	36639	MQ
MFD01231.bin.3.74	181580	MQ
MFD01231.bin.4.123	56844	MQ
MFD01248.bin.1.14	155967	MQ
MFD01248.bin.1.32	161258	MQ
MFD01248.bin.2.14	153340	MQ
MFD01248.bin.2.15	139664	MQ
MFD01248.bin.2.16	217063	MQ
MFD01248.bin.2.17	1618796	MQ
MFD01248.bin.2.19	158418	MQ
MFD01248.bin.2.23	1246011	MQ
MFD01248.bin.2.29	722692	MQ
MFD01248.bin.2.30	542557	MQ
MFD01248.bin.2.31	2095645	MQ
MFD01248.bin.2.33	319183	MQ
MFD01248.bin.2.4	365733	MQ
MFD01248.bin.2.46	709594	MQ
MFD01248.bin.2.49	314204	MQ
MFD01248.bin.2.52	275268	MQ
MFD01248.bin.2.56	298936	MQ
MFD01248.bin.2.60	1101452	MQ
MFD01248.bin.2.66	206893	MQ
MFD01248.bin.2.67	368723	MQ
MFD01248.bin.2.68	205752	MQ
MFD01248.bin.2.7	217756	MQ
MFD01248.bin.2.71	3465538	MQ
MFD01248.bin.2.72	1605629	MQ
MFD01248.bin.2.76	658352	MQ
MFD01248.bin.2.77	776516	MQ
MFD01248.bin.2.78	634814	MQ
MFD01248.bin.2.8	1218524	MQ
MFD01248.bin.3.122	121156	MQ
MFD01248.bin.3.30	150498	MQ
MFD01248.bin.3.64	281791	MQ
MFD01248.bin.3.81	41396	MQ
MFD01275.bin.1.253	490430	MQ
MFD01275.bin.1.261	2243040	MQ
MFD01275.bin.2.1	3135481	MQ
MFD01275.bin.2.10	2256760	MQ
MFD01275.bin.2.11	242760	MQ
MFD01275.bin.2.116	2071078	MQ
MFD01275.bin.2.119	2176535	MQ
MFD01275.bin.2.120	1950947	MQ
MFD01275.bin.2.121	2026424	MQ
MFD01275.bin.2.122	1364975	MQ
MFD01275.bin.2.123	526416	MQ
MFD01275.bin.2.126	478685	MQ
MFD01275.bin.2.129	298291	MQ
MFD01275.bin.2.131	704751	MQ
MFD01275.bin.2.132	1356014	MQ
MFD01275.bin.2.134	533464	MQ
MFD01275.bin.2.135	214275	MQ
MFD01275.bin.2.136	247089	MQ
MFD01275.bin.2.138	808188	MQ
MFD01275.bin.2.140	346708	MQ
MFD01275.bin.2.141	460702	MQ
MFD01275.bin.2.142	116557	MQ
MFD01275.bin.2.143	122632	MQ
MFD01275.bin.2.144	1338358	MQ
MFD01275.bin.2.145	972180	MQ
MFD01275.bin.2.147	2009491	MQ
MFD01275.bin.2.148	137150	MQ
MFD01275.bin.2.15	320452	MQ
MFD01275.bin.2.152	278931	MQ
MFD01275.bin.2.154	470979	MQ
MFD01275.bin.2.156	873100	MQ
MFD01275.bin.2.158	743043	MQ
MFD01275.bin.2.164	534837	MQ
MFD01275.bin.2.166	143001	MQ
MFD01275.bin.2.168	659454	MQ
MFD01275.bin.2.170	171479	MQ
MFD01275.bin.2.173	425668	MQ
MFD01275.bin.2.175	1447532	MQ
MFD01275.bin.2.178	1222902	MQ
MFD01275.bin.2.18	2706065	MQ
MFD01275.bin.2.180	2389490	MQ
MFD01275.bin.2.181	327510	MQ
MFD01275.bin.2.182	585364	MQ
MFD01275.bin.2.185	484004	MQ
MFD01275.bin.2.188	202875	MQ
MFD01275.bin.2.189	1022626	MQ
MFD01275.bin.2.19	695191	MQ
MFD01275.bin.2.190	130002	MQ
MFD01275.bin.2.192	1206105	MQ
MFD01275.bin.2.194	111766	MQ
MFD01275.bin.2.196	1122226	MQ
MFD01275.bin.2.197	1131071	MQ
MFD01275.bin.2.198	241669	MQ
MFD01275.bin.2.199	560295	MQ
MFD01275.bin.2.2	3796593	MQ
MFD01275.bin.2.200	874689	MQ
MFD01275.bin.2.201	451449	MQ
MFD01275.bin.2.203	430712	MQ
MFD01275.bin.2.204	771604	MQ
MFD01275.bin.2.205	1135713	MQ
MFD01275.bin.2.206	1116064	MQ
MFD01275.bin.2.207	210395	MQ
MFD01275.bin.2.21	697460	MQ
MFD01275.bin.2.210	3074357	MQ
MFD01275.bin.2.211	888847	MQ
MFD01275.bin.2.212	3212793	MQ
MFD01275.bin.2.22	812414	MQ
MFD01275.bin.2.23	598410	MQ
MFD01275.bin.2.24	570084	MQ
MFD01275.bin.2.26	948914	MQ
MFD01275.bin.2.3	2251953	MQ
MFD01275.bin.2.31	3298618	MQ
MFD01275.bin.2.32	2958889	MQ
MFD01275.bin.2.33	156669	MQ
MFD01275.bin.2.34	261938	MQ
MFD01275.bin.2.37	807642	MQ
MFD01275.bin.2.38	2687892	MQ
MFD01275.bin.2.4	2420498	MQ
MFD01275.bin.2.41	396084	MQ
MFD01275.bin.2.46	600094	MQ
MFD01275.bin.2.47	683547	MQ
MFD01275.bin.2.48	155158	MQ
MFD01275.bin.2.5	1888749	MQ
MFD01275.bin.2.50	2248268	MQ
MFD01275.bin.2.52	352846	MQ
MFD01275.bin.2.53	1041310	MQ
MFD01275.bin.2.56	529184	MQ
MFD01275.bin.2.57	2694824	MQ
MFD01275.bin.2.59	963059	MQ
MFD01275.bin.2.60	3020099	MQ
MFD01275.bin.2.62	989275	MQ
MFD01275.bin.2.63	284706	MQ
MFD01275.bin.2.65	1742300	MQ
MFD01275.bin.2.67	4172967	MQ
MFD01275.bin.2.68	190404	MQ
MFD01275.bin.2.69	66129	MQ
MFD01275.bin.2.7	2365719	MQ
MFD01275.bin.2.70	196261	MQ
MFD01275.bin.2.72	5974930	MQ
MFD01275.bin.2.73	1103997	MQ
MFD01275.bin.2.76	506800	MQ
MFD01275.bin.2.79	80217	MQ
MFD01275.bin.2.8	386868	MQ
MFD01275.bin.2.81	1108957	MQ
MFD01275.bin.2.84	1256379	MQ
MFD01275.bin.2.89	293350	MQ
MFD01275.bin.2.9	185885	MQ
MFD01275.bin.2.96	286617	MQ
MFD01275.bin.3.1	201615	MQ
MFD01275.bin.3.107	561490	MQ
MFD01275.bin.3.128	1048227	MQ
MFD01275.bin.3.162	139040	MQ
MFD01275.bin.3.2	227047	MQ
MFD01275.bin.3.241	338449	MQ
MFD01275.bin.3.249	454768	MQ
MFD01275.bin.3.271	137116	MQ
MFD01275.bin.3.280	221071	MQ
MFD01275.bin.3.287	395176	MQ
MFD01275.bin.3.320	291971	MQ
MFD01275.bin.3.354	122312	MQ
MFD01275.bin.3.362	140988	MQ
MFD01275.bin.3.391	182665	MQ
MFD01275.bin.3.41	1507251	MQ
MFD01275.bin.3.48	236609	MQ
MFD01275.bin.3.83	705900	MQ
MFD01275.bin.4.324	197952	MQ
MFD01299.bin.1.111	158415	MQ
MFD01299.bin.1.122	471820	MQ
MFD01299.bin.1.129	247262	MQ
MFD01299.bin.1.168	4396668	MQ
MFD01299.bin.1.188	1052593	MQ
MFD01299.bin.1.71	82077	MQ
MFD01299.bin.1.92	188856	MQ
MFD01299.bin.1.95	755374	MQ
MFD01299.bin.2.1	25141	MQ
MFD01299.bin.2.104	309711	MQ
MFD01299.bin.2.106	36878	MQ
MFD01299.bin.2.108	1333141	MQ
MFD01299.bin.2.115	162781	MQ
MFD01299.bin.2.117	40808	MQ
MFD01299.bin.2.118	182388	MQ
MFD01299.bin.2.119	95621	MQ
MFD01299.bin.2.120	1158736	MQ
MFD01299.bin.2.127	203522	MQ
MFD01299.bin.2.13	179879	MQ
MFD01299.bin.2.132	121548	MQ
MFD01299.bin.2.133	118368	MQ
MFD01299.bin.2.136	202078	MQ
MFD01299.bin.2.138	56803	MQ
MFD01299.bin.2.142	254275	MQ
MFD01299.bin.2.143	238021	MQ
MFD01299.bin.2.145	170425	MQ
MFD01299.bin.2.146	127710	MQ
MFD01299.bin.2.147	150498	MQ
MFD01299.bin.2.148	82352	MQ
MFD01299.bin.2.149	95025	MQ
MFD01299.bin.2.150	380759	MQ
MFD01299.bin.2.151	46021	MQ
MFD01299.bin.2.154	272297	MQ
MFD01299.bin.2.156	37177	MQ
MFD01299.bin.2.159	156253	MQ
MFD01299.bin.2.160	177629	MQ
MFD01299.bin.2.163	162230	MQ
MFD01299.bin.2.165	486871	MQ
MFD01299.bin.2.166	107331	MQ
MFD01299.bin.2.171	124166	MQ
MFD01299.bin.2.175	168321	MQ
MFD01299.bin.2.18	193591	MQ
MFD01299.bin.2.183	525299	MQ
MFD01299.bin.2.187	217802	MQ
MFD01299.bin.2.189	224581	MQ
MFD01299.bin.2.200	4366105	MQ
MFD01299.bin.2.207	250474	MQ
MFD01299.bin.2.208	80245	MQ
MFD01299.bin.2.209	4686848	MQ
MFD01299.bin.2.210	248099	MQ
MFD01299.bin.2.211	103520	MQ
MFD01299.bin.2.212	776725	MQ
MFD01299.bin.2.213	146382	MQ
MFD01299.bin.2.214	217453	MQ
MFD01299.bin.2.216	598604	MQ
MFD01299.bin.2.218	114177	MQ
MFD01299.bin.2.22	693760	MQ
MFD01299.bin.2.23	499217	MQ
MFD01299.bin.2.25	291368	MQ
MFD01299.bin.2.28	369228	MQ
MFD01299.bin.2.3	34465	MQ
MFD01299.bin.2.34	207180	MQ
MFD01299.bin.2.36	3572347	MQ
MFD01299.bin.2.38	670431	MQ
MFD01299.bin.2.4	800471	MQ
MFD01299.bin.2.41	212680	MQ
MFD01299.bin.2.44	981707	MQ
MFD01299.bin.2.45	179557	MQ
MFD01299.bin.2.46	1363426	MQ
MFD01299.bin.2.48	114807	MQ
MFD01299.bin.2.49	176962	MQ
MFD01299.bin.2.51	177340	MQ
MFD01299.bin.2.57	532643	MQ
MFD01299.bin.2.59	55346	MQ
MFD01299.bin.2.76	122019	MQ
MFD01299.bin.2.79	93453	MQ
MFD01299.bin.2.84	316238	MQ
MFD01299.bin.2.92	372060	MQ
MFD01299.bin.2.97	111224	MQ
MFD01299.bin.3.1	70400	MQ
MFD01299.bin.3.111	1597875	MQ
MFD01299.bin.3.120	133527	MQ
MFD01299.bin.3.139	59724	MQ
MFD01299.bin.3.141	72978	MQ
MFD01299.bin.3.148	110614	MQ
MFD01299.bin.3.165	91771	MQ
MFD01299.bin.3.198	84360	MQ
MFD01299.bin.3.210	280676	MQ
MFD01299.bin.3.257	286341	MQ
MFD01299.bin.3.31	40248	MQ
MFD01299.bin.3.325	42076	MQ
MFD01299.bin.3.347	101230	MQ
MFD01299.bin.3.353	76816	MQ
MFD01299.bin.3.455	207326	MQ
MFD01299.bin.3.5	77426	MQ
MFD01299.bin.3.96	100120	MQ
MFD01299.bin.4.382	286307	MQ
MFD01476.bin.1.1	359575	MQ
MFD01476.bin.1.165	362562	MQ
MFD01476.bin.1.230	353679	MQ
MFD01476.bin.2.1	180246	MQ
MFD01476.bin.2.10	67988	MQ
MFD01476.bin.2.101	121768	MQ
MFD01476.bin.2.102	1233112	MQ
MFD01476.bin.2.103	80537	MQ
MFD01476.bin.2.104	1110189	MQ
MFD01476.bin.2.105	133487	MQ
MFD01476.bin.2.106	553777	MQ
MFD01476.bin.2.107	94496	MQ
MFD01476.bin.2.108	93876	MQ
MFD01476.bin.2.114	52241	MQ
MFD01476.bin.2.118	115084	MQ
MFD01476.bin.2.120	1293655	MQ
MFD01476.bin.2.122	87216	MQ
MFD01476.bin.2.125	40125	MQ
MFD01476.bin.2.126	654021	MQ
MFD01476.bin.2.127	391980	MQ
MFD01476.bin.2.13	250005	MQ
MFD01476.bin.2.130	152263	MQ
MFD01476.bin.2.132	243734	MQ
MFD01476.bin.2.135	1222826	MQ
MFD01476.bin.2.136	199018	MQ
MFD01476.bin.2.137	78718	MQ
MFD01476.bin.2.138	71061	MQ
MFD01476.bin.2.139	84777	MQ
MFD01476.bin.2.140	82109	MQ
MFD01476.bin.2.15	242999	MQ
MFD01476.bin.2.150	321506	MQ
MFD01476.bin.2.152	104527	MQ
MFD01476.bin.2.154	321290	MQ
MFD01476.bin.2.155	332930	MQ
MFD01476.bin.2.157	395872	MQ
MFD01476.bin.2.159	80386	MQ
MFD01476.bin.2.167	505050	MQ
MFD01476.bin.2.169	588419	MQ
MFD01476.bin.2.170	185618	MQ
MFD01476.bin.2.175	62985	MQ
MFD01476.bin.2.179	194808	MQ
MFD01476.bin.2.180	1220001	MQ
MFD01476.bin.2.182	3501934	MQ
MFD01476.bin.2.185	259803	MQ
MFD01476.bin.2.187	840759	MQ
MFD01476.bin.2.188	732962	MQ
MFD01476.bin.2.189	954453	MQ
MFD01476.bin.2.190	31004	MQ
MFD01476.bin.2.191	831783	MQ
MFD01476.bin.2.2	2504417	MQ
MFD01476.bin.2.21	387961	MQ
MFD01476.bin.2.23	106993	MQ
MFD01476.bin.2.25	179792	MQ
MFD01476.bin.2.26	82259	MQ
MFD01476.bin.2.28	346322	MQ
MFD01476.bin.2.29	162038	MQ
MFD01476.bin.2.33	942533	MQ
MFD01476.bin.2.34	3333704	MQ
MFD01476.bin.2.38	734653	MQ
MFD01476.bin.2.4	188553	MQ
MFD01476.bin.2.41	2194327	MQ
MFD01476.bin.2.43	225144	MQ
MFD01476.bin.2.44	613369	MQ
MFD01476.bin.2.45	532734	MQ
MFD01476.bin.2.49	137355	MQ
MFD01476.bin.2.50	270699	MQ
MFD01476.bin.2.52	110407	MQ
MFD01476.bin.2.53	769907	MQ
MFD01476.bin.2.54	51391	MQ
MFD01476.bin.2.55	62060	MQ
MFD01476.bin.2.56	70092	MQ
MFD01476.bin.2.58	78827	MQ
MFD01476.bin.2.59	104544	MQ
MFD01476.bin.2.68	459281	MQ
MFD01476.bin.2.71	446459	MQ
MFD01476.bin.2.76	260056	MQ
MFD01476.bin.2.8	271095	MQ
MFD01476.bin.2.85	67180	MQ
MFD01476.bin.2.87	238861	MQ
MFD01476.bin.2.94	279199	MQ
MFD01476.bin.2.97	349097	MQ
MFD01476.bin.3.120	134138	MQ
MFD01476.bin.3.18	107875	MQ
MFD01476.bin.3.212	114230	MQ
MFD01476.bin.3.283	177873	MQ
MFD01476.bin.3.3	54863	MQ
MFD01476.bin.3.321	197682	MQ
MFD01476.bin.3.353	528001	MQ
MFD01476.bin.3.64	307215	MQ
MFD01476.bin.3.65	84466	MQ
MFD01476.bin.3.68	154492	MQ
MFD01476.bin.3.89	210685	MQ
MFD01476.bin.3.99	361607	MQ
MFD01476.bin.4.90	53045	MQ
MFD01561.bin.1.30	940663	MQ
MFD01561.bin.2.108	1125782	MQ
MFD01561.bin.2.11	124634	MQ
MFD01561.bin.2.114	754010	MQ
MFD01561.bin.2.12	394161	MQ
MFD01561.bin.2.120	566082	MQ
MFD01561.bin.2.13	54775	MQ
MFD01561.bin.2.25	176351	MQ
MFD01561.bin.2.29	2441983	MQ
MFD01561.bin.2.31	349593	MQ
MFD01561.bin.2.37	1351447	MQ
MFD01561.bin.2.42	223017	MQ
MFD01561.bin.2.52	2186882	MQ
MFD01561.bin.2.53	276177	MQ
MFD01561.bin.2.59	199856	MQ
MFD01561.bin.2.67	225107	MQ
MFD01561.bin.2.69	171768	MQ
MFD01561.bin.2.74	141295	MQ
MFD01561.bin.2.78	362950	MQ
MFD01561.bin.2.82	146530	MQ
MFD01561.bin.2.87	176083	MQ
MFD01561.bin.3.236	145393	MQ
MFD01561.bin.3.265	175910	MQ
MFD01561.bin.3.308	278636	MQ
MFD01561.bin.4.120	149479	MQ
MFD01633.bin.2.1	271292	MQ
MFD01633.bin.2.10	128495	MQ
MFD01633.bin.2.111	263764	MQ
MFD01633.bin.2.113	151369	MQ
MFD01633.bin.2.121	157140	MQ
MFD01633.bin.2.122	92136	MQ
MFD01633.bin.2.129	191307	MQ
MFD01633.bin.2.130	79823	MQ
MFD01633.bin.2.133	57162	MQ
MFD01633.bin.2.137	192512	MQ
MFD01633.bin.2.141	340168	MQ
MFD01633.bin.2.142	87662	MQ
MFD01633.bin.2.143	278234	MQ
MFD01633.bin.2.150	587173	MQ
MFD01633.bin.2.154	58951	MQ
MFD01633.bin.2.161	1143823	MQ
MFD01633.bin.2.163	49793	MQ
MFD01633.bin.2.172	268783	MQ
MFD01633.bin.2.174	93873	MQ
MFD01633.bin.2.175	907738	MQ
MFD01633.bin.2.177	475635	MQ
MFD01633.bin.2.179	304006	MQ
MFD01633.bin.2.18	47549	MQ
MFD01633.bin.2.186	356567	MQ
MFD01633.bin.2.187	116287	MQ
MFD01633.bin.2.2	141208	MQ
MFD01633.bin.2.23	3232070	MQ
MFD01633.bin.2.3	338905	MQ
MFD01633.bin.2.32	106259	MQ
MFD01633.bin.2.33	101810	MQ
MFD01633.bin.2.38	127478	MQ
MFD01633.bin.2.42	88507	MQ
MFD01633.bin.2.43	72374	MQ
MFD01633.bin.2.48	65364	MQ
MFD01633.bin.2.50	5984166	MQ
MFD01633.bin.2.53	217300	MQ
MFD01633.bin.2.54	479985	MQ
MFD01633.bin.2.60	147533	MQ
MFD01633.bin.2.71	52211	MQ
MFD01633.bin.2.96	119370	MQ
MFD01633.bin.3.150	60854	MQ
MFD01633.bin.3.245	79277	MQ
MFD01633.bin.3.416	88252	MQ
MFD01633.bin.3.44	63823	MQ
MFD01633.bin.3.52	44678	MQ
MFD01633.bin.4.498	89238	MQ
MFD01689.bin.1.112	322443	MQ
MFD01689.bin.1.6	256288	MQ
MFD01689.bin.2.10	51085	MQ
MFD01689.bin.2.11	245832	MQ
MFD01689.bin.2.12	1063392	MQ
MFD01689.bin.2.13	66169	MQ
MFD01689.bin.2.14	256154	MQ
MFD01689.bin.2.18	352429	MQ
MFD01689.bin.2.19	171553	MQ
MFD01689.bin.2.21	294066	MQ
MFD01689.bin.2.23	440271	MQ
MFD01689.bin.2.24	242421	MQ
MFD01689.bin.2.26	182027	MQ
MFD01689.bin.2.27	562168	MQ
MFD01689.bin.2.28	2866508	MQ
MFD01689.bin.2.31	109702	MQ
MFD01689.bin.2.35	228170	MQ
MFD01689.bin.2.36	336874	MQ
MFD01689.bin.2.37	386221	MQ
MFD01689.bin.2.38	35789	MQ
MFD01689.bin.2.4	266570	MQ
MFD01689.bin.2.41	174773	MQ
MFD01689.bin.2.42	235561	MQ
MFD01689.bin.2.43	92256	MQ
MFD01689.bin.2.45	849548	MQ
MFD01689.bin.2.5	54052	MQ
MFD01689.bin.2.50	48374	MQ
MFD01689.bin.2.63	384262	MQ
MFD01689.bin.2.66	392526	MQ
MFD01689.bin.2.67	307848	MQ
MFD01689.bin.2.68	46741	MQ
MFD01689.bin.2.69	26450	MQ
MFD01689.bin.2.70	309856	MQ
MFD01689.bin.2.71	316497	MQ
MFD01689.bin.2.72	525011	MQ
MFD01689.bin.2.73	363796	MQ
MFD01689.bin.2.74	123271	MQ
MFD01689.bin.2.76	65576	MQ
MFD01689.bin.2.77	107021	MQ
MFD01689.bin.2.78	129946	MQ
MFD01689.bin.2.82	91022	MQ
MFD01689.bin.3.10	127202	MQ
MFD01689.bin.3.105	93919	MQ
MFD01689.bin.3.127	28808	MQ
MFD01689.bin.3.32	55002	MQ
MFD01689.bin.3.63	110183	MQ
MFD01689.bin.3.64	66187	MQ
MFD01689.bin.3.83	241409	MQ
MFD01689.bin.3.88	248315	MQ
MFD01716.bin.1.180	186611	MQ
MFD01716.bin.1.82	1037948	MQ
MFD01716.bin.2.1	547944	MQ
MFD01716.bin.2.10	439132	MQ
MFD01716.bin.2.100	90030	MQ
MFD01716.bin.2.102	478991	MQ
MFD01716.bin.2.105	425352	MQ
MFD01716.bin.2.110	224320	MQ
MFD01716.bin.2.111	111271	MQ
MFD01716.bin.2.112	860514	MQ
MFD01716.bin.2.114	228211	MQ
MFD01716.bin.2.115	126340	MQ
MFD01716.bin.2.116	1144929	MQ
MFD01716.bin.2.117	206761	MQ
MFD01716.bin.2.119	100641	MQ
MFD01716.bin.2.12	291206	MQ
MFD01716.bin.2.120	443087	MQ
MFD01716.bin.2.123	1892163	MQ
MFD01716.bin.2.126	1381790	MQ
MFD01716.bin.2.127	207756	MQ
MFD01716.bin.2.129	186802	MQ
MFD01716.bin.2.140	664776	MQ
MFD01716.bin.2.143	4222913	MQ
MFD01716.bin.2.147	1419397	MQ
MFD01716.bin.2.148	941662	MQ
MFD01716.bin.2.149	578143	MQ
MFD01716.bin.2.15	280527	MQ
MFD01716.bin.2.152	723011	MQ
MFD01716.bin.2.16	184592	MQ
MFD01716.bin.2.17	2699505	MQ
MFD01716.bin.2.19	99225	MQ
MFD01716.bin.2.24	222314	MQ
MFD01716.bin.2.26	1804207	MQ
MFD01716.bin.2.30	454599	MQ
MFD01716.bin.2.32	505915	MQ
MFD01716.bin.2.33	508579	MQ
MFD01716.bin.2.37	348909	MQ
MFD01716.bin.2.38	449260	MQ
MFD01716.bin.2.40	510818	MQ
MFD01716.bin.2.43	147250	MQ
MFD01716.bin.2.45	233672	MQ
MFD01716.bin.2.47	2894537	MQ
MFD01716.bin.2.50	528463	MQ
MFD01716.bin.2.64	150587	MQ
MFD01716.bin.2.70	788777	MQ
MFD01716.bin.2.74	291139	MQ
MFD01716.bin.2.75	80788	MQ
MFD01716.bin.2.82	594321	MQ
MFD01716.bin.2.83	446662	MQ
MFD01716.bin.2.87	179902	MQ
MFD01716.bin.2.88	395859	MQ
MFD01716.bin.2.9	4280396	MQ
MFD01716.bin.2.90	146943	MQ
MFD01716.bin.2.92	636144	MQ
MFD01716.bin.2.94	186226	MQ
MFD01716.bin.2.96	424275	MQ
MFD01716.bin.2.97	711136	MQ
MFD01716.bin.3.101	1033786	MQ
MFD01716.bin.3.117	480147	MQ
MFD01716.bin.3.121	129190	MQ
MFD01716.bin.3.19	898572	MQ
MFD01716.bin.3.259	137432	MQ
MFD01716.bin.3.54	102835	MQ
MFD01716.bin.3.59	124607	MQ
MFD01716.bin.3.63	364644	MQ
MFD01716.bin.3.98	410826	MQ
MFD01716.bin.4.265	395733	MQ
MFD01721.bin.1.111	285464	MQ
MFD01721.bin.1.125	291287	MQ
MFD01721.bin.1.133	263025	MQ
MFD01721.bin.1.178	216322	MQ
MFD01721.bin.1.282	208887	MQ
MFD01721.bin.1.301	711199	MQ
MFD01721.bin.1.306	1446848	MQ
MFD01721.bin.1.321	490066	MQ
MFD01721.bin.1.362	435502	MQ
MFD01721.bin.1.54	225328	MQ
MFD01721.bin.1.55	335445	MQ
MFD01721.bin.1.60	394992	MQ
MFD01721.bin.1.89	1139078	MQ
MFD01721.bin.2.10	707633	MQ
MFD01721.bin.2.107	2242471	MQ
MFD01721.bin.2.112	676092	MQ
MFD01721.bin.2.113	391801	MQ
MFD01721.bin.2.116	297389	MQ
MFD01721.bin.2.117	474298	MQ
MFD01721.bin.2.118	2411436	MQ
MFD01721.bin.2.120	513970	MQ
MFD01721.bin.2.121	546333	MQ
MFD01721.bin.2.123	452542	MQ
MFD01721.bin.2.129	517008	MQ
MFD01721.bin.2.131	300335	MQ
MFD01721.bin.2.133	444228	MQ
MFD01721.bin.2.134	311006	MQ
MFD01721.bin.2.135	1118894	MQ
MFD01721.bin.2.137	342367	MQ
MFD01721.bin.2.138	443212	MQ
MFD01721.bin.2.139	2043188	MQ
MFD01721.bin.2.14	236207	MQ
MFD01721.bin.2.141	971461	MQ
MFD01721.bin.2.142	153817	MQ
MFD01721.bin.2.143	253991	MQ
MFD01721.bin.2.145	267510	MQ
MFD01721.bin.2.147	261929	MQ
MFD01721.bin.2.149	500306	MQ
MFD01721.bin.2.15	305611	MQ
MFD01721.bin.2.150	957356	MQ
MFD01721.bin.2.153	441189	MQ
MFD01721.bin.2.154	502417	MQ
MFD01721.bin.2.155	1282371	MQ
MFD01721.bin.2.156	2749407	MQ
MFD01721.bin.2.157	537018	MQ
MFD01721.bin.2.158	291109	MQ
MFD01721.bin.2.16	904693	MQ
MFD01721.bin.2.160	844225	MQ
MFD01721.bin.2.161	2359966	MQ
MFD01721.bin.2.163	798603	MQ
MFD01721.bin.2.164	541901	MQ
MFD01721.bin.2.166	978913	MQ
MFD01721.bin.2.167	233170	MQ
MFD01721.bin.2.168	1238795	MQ
MFD01721.bin.2.17	293052	MQ
MFD01721.bin.2.170	313192	MQ
MFD01721.bin.2.172	1019700	MQ
MFD01721.bin.2.175	399834	MQ
MFD01721.bin.2.179	454230	MQ
MFD01721.bin.2.18	311340	MQ
MFD01721.bin.2.180	305264	MQ
MFD01721.bin.2.181	555888	MQ
MFD01721.bin.2.184	152083	MQ
MFD01721.bin.2.186	159164	MQ
MFD01721.bin.2.189	734654	MQ
MFD01721.bin.2.19	413103	MQ
MFD01721.bin.2.190	199258	MQ
MFD01721.bin.2.191	172726	MQ
MFD01721.bin.2.195	329842	MQ
MFD01721.bin.2.197	188402	MQ
MFD01721.bin.2.199	119991	MQ
MFD01721.bin.2.2	158090	MQ
MFD01721.bin.2.20	262175	MQ
MFD01721.bin.2.200	453437	MQ
MFD01721.bin.2.201	241172	MQ
MFD01721.bin.2.202	498536	MQ
MFD01721.bin.2.204	186884	MQ
MFD01721.bin.2.205	266656	MQ
MFD01721.bin.2.207	105210	MQ
MFD01721.bin.2.208	466551	MQ
MFD01721.bin.2.209	189189	MQ
MFD01721.bin.2.21	499963	MQ
MFD01721.bin.2.210	258334	MQ
MFD01721.bin.2.211	276066	MQ
MFD01721.bin.2.212	180389	MQ
MFD01721.bin.2.215	655945	MQ
MFD01721.bin.2.216	148012	MQ
MFD01721.bin.2.217	754201	MQ
MFD01721.bin.2.218	295368	MQ
MFD01721.bin.2.219	591942	MQ
MFD01721.bin.2.22	933205	MQ
MFD01721.bin.2.221	859743	MQ
MFD01721.bin.2.222	578821	MQ
MFD01721.bin.2.224	230064	MQ
MFD01721.bin.2.225	353271	MQ
MFD01721.bin.2.226	2822415	MQ
MFD01721.bin.2.228	769327	MQ
MFD01721.bin.2.23	386356	MQ
MFD01721.bin.2.25	723392	MQ
MFD01721.bin.2.27	690243	MQ
MFD01721.bin.2.28	370013	MQ
MFD01721.bin.2.31	165779	MQ
MFD01721.bin.2.32	186142	MQ
MFD01721.bin.2.33	430102	MQ
MFD01721.bin.2.34	110067	MQ
MFD01721.bin.2.37	88869	MQ
MFD01721.bin.2.39	99900	MQ
MFD01721.bin.2.42	253566	MQ
MFD01721.bin.2.43	639826	MQ
MFD01721.bin.2.50	289559	MQ
MFD01721.bin.2.51	835915	MQ
MFD01721.bin.2.52	2437648	MQ
MFD01721.bin.2.55	840285	MQ
MFD01721.bin.2.6	915593	MQ
MFD01721.bin.2.61	323196	MQ
MFD01721.bin.2.62	724047	MQ
MFD01721.bin.2.63	1151128	MQ
MFD01721.bin.2.66	3275348	MQ
MFD01721.bin.2.68	644777	MQ
MFD01721.bin.2.7	411362	MQ
MFD01721.bin.2.73	351217	MQ
MFD01721.bin.2.75	509439	MQ
MFD01721.bin.2.76	568091	MQ
MFD01721.bin.2.77	506578	MQ
MFD01721.bin.2.78	913428	MQ
MFD01721.bin.2.80	99060	MQ
MFD01721.bin.2.82	709457	MQ
MFD01721.bin.2.83	358306	MQ
MFD01721.bin.2.84	87647	MQ
MFD01721.bin.2.85	595901	MQ
MFD01721.bin.2.86	279826	MQ
MFD01721.bin.2.89	368779	MQ
MFD01721.bin.2.9	498891	MQ
MFD01721.bin.2.93	825955	MQ
MFD01721.bin.2.94	476695	MQ
MFD01721.bin.2.96	456661	MQ
MFD01721.bin.3.116	493450	MQ
MFD01721.bin.3.130	790246	MQ
MFD01721.bin.3.137	174961	MQ
MFD01721.bin.3.143	1347467	MQ
MFD01721.bin.3.164	182277	MQ
MFD01721.bin.3.167	1882042	MQ
MFD01721.bin.3.168	249034	MQ
MFD01721.bin.3.215	173867	MQ
MFD01721.bin.3.216	267875	MQ
MFD01721.bin.3.224	253385	MQ
MFD01721.bin.3.232	88430	MQ
MFD01721.bin.3.237	330298	MQ
MFD01721.bin.3.252	133132	MQ
MFD01721.bin.3.271	292654	MQ
MFD01721.bin.3.296	147096	MQ
MFD01721.bin.3.30	96945	MQ
MFD01721.bin.3.303	96570	MQ
MFD01721.bin.3.326	99397	MQ
MFD01721.bin.3.50	214035	MQ
MFD01721.bin.3.53	910753	MQ
MFD01721.bin.3.59	333825	MQ
MFD01721.bin.3.65	295133	MQ
MFD01721.bin.4.300	117164	MQ
MFD01721.bin.4.345	137665	MQ
MFD01721.bin.4.8	592053	MQ
MFD01828.bin.2.1	742756	MQ
MFD01828.bin.2.14	763929	MQ
MFD01828.bin.2.17	158090	MQ
MFD01828.bin.2.18	375965	MQ
MFD01828.bin.2.19	2945679	MQ
MFD01828.bin.2.2	333072	MQ
MFD01828.bin.2.21	488151	MQ
MFD01828.bin.2.27	327429	MQ
MFD01828.bin.2.44	276996	MQ
MFD01828.bin.2.47	169021	MQ
MFD01828.bin.2.49	1286884	MQ
MFD01828.bin.2.50	1429013	MQ
MFD01828.bin.2.56	1214439	MQ
MFD01828.bin.2.58	68996	MQ
MFD01828.bin.2.59	503654	MQ
MFD01828.bin.2.72	6203763	MQ
MFD01828.bin.2.74	316810	MQ
MFD01828.bin.2.85	714091	MQ
MFD01828.bin.2.9	67522	MQ
MFD01828.bin.2.90	720181	MQ
MFD01828.bin.2.91	453980	MQ
MFD01872.bin.1.328	1931238	MQ
MFD01872.bin.2.1	765706	MQ
MFD01872.bin.2.100	332197	MQ
MFD01872.bin.2.101	222418	MQ
MFD01872.bin.2.103	3367798	MQ
MFD01872.bin.2.106	408180	MQ
MFD01872.bin.2.107	243944	MQ
MFD01872.bin.2.111	564446	MQ
MFD01872.bin.2.119	1002561	MQ
MFD01872.bin.2.122	107664	MQ
MFD01872.bin.2.126	212489	MQ
MFD01872.bin.2.128	587446	MQ
MFD01872.bin.2.138	458257	MQ
MFD01872.bin.2.146	390282	MQ
MFD01872.bin.2.148	393912	MQ
MFD01872.bin.2.157	377438	MQ
MFD01872.bin.2.160	424738	MQ
MFD01872.bin.2.161	589544	MQ
MFD01872.bin.2.162	153741	MQ
MFD01872.bin.2.163	185508	MQ
MFD01872.bin.2.165	642659	MQ
MFD01872.bin.2.167	121788	MQ
MFD01872.bin.2.168	386517	MQ
MFD01872.bin.2.169	2057039	MQ
MFD01872.bin.2.17	62248	MQ
MFD01872.bin.2.170	371738	MQ
MFD01872.bin.2.171	130913	MQ
MFD01872.bin.2.172	191307	MQ
MFD01872.bin.2.177	114719	MQ
MFD01872.bin.2.178	262157	MQ
MFD01872.bin.2.18	148831	MQ
MFD01872.bin.2.180	194019	MQ
MFD01872.bin.2.183	303888	MQ
MFD01872.bin.2.187	1082526	MQ
MFD01872.bin.2.193	429374	MQ
MFD01872.bin.2.196	242868	MQ
MFD01872.bin.2.197	3712325	MQ
MFD01872.bin.2.2	804619	MQ
MFD01872.bin.2.20	242396	MQ
MFD01872.bin.2.200	3348098	MQ
MFD01872.bin.2.203	137134	MQ
MFD01872.bin.2.204	340599	MQ
MFD01872.bin.2.207	1123102	MQ
MFD01872.bin.2.209	2117741	MQ
MFD01872.bin.2.21	117674	MQ
MFD01872.bin.2.210	343481	MQ
MFD01872.bin.2.211	304001	MQ
MFD01872.bin.2.213	658755	MQ
MFD01872.bin.2.214	387405	MQ
MFD01872.bin.2.216	334252	MQ
MFD01872.bin.2.217	835889	MQ
MFD01872.bin.2.218	163426	MQ
MFD01872.bin.2.220	650195	MQ
MFD01872.bin.2.224	130247	MQ
MFD01872.bin.2.225	2428992	MQ
MFD01872.bin.2.226	1408492	MQ
MFD01872.bin.2.228	63427	MQ
MFD01872.bin.2.230	312166	MQ
MFD01872.bin.2.231	2055634	MQ
MFD01872.bin.2.235	766246	MQ
MFD01872.bin.2.236	295886	MQ
MFD01872.bin.2.240	322725	MQ
MFD01872.bin.2.241	71113	MQ
MFD01872.bin.2.243	454772	MQ
MFD01872.bin.2.244	188173	MQ
MFD01872.bin.2.252	968438	MQ
MFD01872.bin.2.253	128808	MQ
MFD01872.bin.2.254	602295	MQ
MFD01872.bin.2.257	202702	MQ
MFD01872.bin.2.259	183258	MQ
MFD01872.bin.2.260	450089	MQ
MFD01872.bin.2.262	175994	MQ
MFD01872.bin.2.265	1358705	MQ
MFD01872.bin.2.268	158660	MQ
MFD01872.bin.2.273	251781	MQ
MFD01872.bin.2.274	188831	MQ
MFD01872.bin.2.278	73381	MQ
MFD01872.bin.2.279	526033	MQ
MFD01872.bin.2.28	80315	MQ
MFD01872.bin.2.281	538601	MQ
MFD01872.bin.2.282	1360531	MQ
MFD01872.bin.2.284	680541	MQ
MFD01872.bin.2.285	139187	MQ
MFD01872.bin.2.288	3477903	MQ
MFD01872.bin.2.29	207573	MQ
MFD01872.bin.2.291	2509415	MQ
MFD01872.bin.2.30	721890	MQ
MFD01872.bin.2.31	209900	MQ
MFD01872.bin.2.36	215028	MQ
MFD01872.bin.2.38	629088	MQ
MFD01872.bin.2.39	124426	MQ
MFD01872.bin.2.41	85796	MQ
MFD01872.bin.2.46	108751	MQ
MFD01872.bin.2.49	130261	MQ
MFD01872.bin.2.50	204156	MQ
MFD01872.bin.2.54	2865162	MQ
MFD01872.bin.2.56	303184	MQ
MFD01872.bin.2.57	378792	MQ
MFD01872.bin.2.59	305738	MQ
MFD01872.bin.2.60	379479	MQ
MFD01872.bin.2.64	385915	MQ
MFD01872.bin.2.65	285353	MQ
MFD01872.bin.2.71	293924	MQ
MFD01872.bin.2.78	965550	MQ
MFD01872.bin.2.79	2311180	MQ
MFD01872.bin.2.80	111287	MQ
MFD01872.bin.2.82	175284	MQ
MFD01872.bin.2.83	334803	MQ
MFD01872.bin.2.84	229095	MQ
MFD01872.bin.2.86	455036	MQ
MFD01872.bin.2.87	588526	MQ
MFD01872.bin.2.88	71594	MQ
MFD01872.bin.2.89	942545	MQ
MFD01872.bin.2.90	110274	MQ
MFD01872.bin.2.91	101053	MQ
MFD01872.bin.2.93	575524	MQ
MFD01872.bin.2.95	355023	MQ
MFD01872.bin.2.96	1253511	MQ
MFD01872.bin.2.99	190680	MQ
MFD01872.bin.3.105	288652	MQ
MFD01872.bin.3.107	194746	MQ
MFD01872.bin.3.137	554125	MQ
MFD01872.bin.3.152	118714	MQ
MFD01872.bin.3.159	734420	MQ
MFD01872.bin.3.161	249970	MQ
MFD01872.bin.3.174	99670	MQ
MFD01872.bin.3.201	242321	MQ
MFD01872.bin.3.361	145225	MQ
MFD01872.bin.3.367	178374	MQ
MFD01872.bin.3.371	118668	MQ
MFD01872.bin.3.390	240254	MQ
MFD01872.bin.3.400	219568	MQ
MFD01872.bin.3.403	309660	MQ
MFD01872.bin.3.509	154192	MQ
MFD01872.bin.3.534	124454	MQ
MFD01872.bin.3.55	62327	MQ
MFD01872.bin.3.56	107276	MQ
MFD01872.bin.4.195	158065	MQ
MFD01872.bin.4.464	48379	MQ
MFD01916.bin.1.134	286470	MQ
MFD01916.bin.1.29	1345279	MQ
MFD01916.bin.2.105	5030005	MQ
MFD01916.bin.2.108	364910	MQ
MFD01916.bin.2.112	312701	MQ
MFD01916.bin.2.116	2211418	MQ
MFD01916.bin.2.121	466493	MQ
MFD01916.bin.2.123	166883	MQ
MFD01916.bin.2.127	266932	MQ
MFD01916.bin.2.128	683379	MQ
MFD01916.bin.2.139	387611	MQ
MFD01916.bin.2.14	843714	MQ
MFD01916.bin.2.140	1769518	MQ
MFD01916.bin.2.143	1340790	MQ
MFD01916.bin.2.20	739109	MQ
MFD01916.bin.2.21	1892831	MQ
MFD01916.bin.2.23	1840859	MQ
MFD01916.bin.2.24	687136	MQ
MFD01916.bin.2.25	361355	MQ
MFD01916.bin.2.34	2563094	MQ
MFD01916.bin.2.40	224948	MQ
MFD01916.bin.2.45	2727043	MQ
MFD01916.bin.2.56	369235	MQ
MFD01916.bin.2.57	277621	MQ
MFD01916.bin.2.61	442940	MQ
MFD01916.bin.2.63	264190	MQ
MFD01916.bin.2.64	1185388	MQ
MFD01916.bin.2.65	182832	MQ
MFD01916.bin.2.7	86321	MQ
MFD01916.bin.2.71	167380	MQ
MFD01916.bin.2.72	176886	MQ
MFD01916.bin.2.77	215128	MQ
MFD01916.bin.2.84	302750	MQ
MFD01916.bin.2.85	421676	MQ
MFD01916.bin.2.86	1282088	MQ
MFD01916.bin.2.96	196620	MQ
MFD01916.bin.3.1	557316	MQ
MFD01916.bin.3.111	295464	MQ
MFD01916.bin.3.112	2326077	MQ
MFD01916.bin.3.131	230974	MQ
MFD01916.bin.3.183	177549	MQ
MFD01916.bin.3.242	219869	MQ
MFD01916.bin.3.285	228076	MQ
MFD01916.bin.3.39	11260833	MQ
MFD01916.bin.3.63	1995924	MQ
MFD01916.bin.3.73	353574	MQ
MFD01916.bin.3.84	3820609	MQ
MFD01916.bin.4.248	1697073	MQ
MFD01916.bin.4.283	225348	MQ
MFD02134.bin.1.167	233038	MQ
MFD02134.bin.1.189	284304	MQ
MFD02134.bin.1.196	140076	MQ
MFD02134.bin.1.290	468924	MQ
MFD02134.bin.1.43	392090	MQ
MFD02134.bin.1.51	183389	MQ
MFD02134.bin.1.66	378780	MQ
MFD02134.bin.1.73	205305	MQ
MFD02134.bin.1.8	253271	MQ
MFD02134.bin.1.97	1474616	MQ
MFD02134.bin.2.1	1042735	MQ
MFD02134.bin.2.10	433954	MQ
MFD02134.bin.2.101	186760	MQ
MFD02134.bin.2.105	360398	MQ
MFD02134.bin.2.107	87490	MQ
MFD02134.bin.2.11	1144751	MQ
MFD02134.bin.2.121	237387	MQ
MFD02134.bin.2.124	595684	MQ
MFD02134.bin.2.129	826371	MQ
MFD02134.bin.2.130	165715	MQ
MFD02134.bin.2.133	603982	MQ
MFD02134.bin.2.135	143082	MQ
MFD02134.bin.2.136	704068	MQ
MFD02134.bin.2.137	431265	MQ
MFD02134.bin.2.139	485562	MQ
MFD02134.bin.2.140	117445	MQ
MFD02134.bin.2.142	2119281	MQ
MFD02134.bin.2.143	464243	MQ
MFD02134.bin.2.146	329843	MQ
MFD02134.bin.2.148	295045	MQ
MFD02134.bin.2.15	333671	MQ
MFD02134.bin.2.154	131996	MQ
MFD02134.bin.2.158	531014	MQ
MFD02134.bin.2.16	331284	MQ
MFD02134.bin.2.160	842579	MQ
MFD02134.bin.2.163	366988	MQ
MFD02134.bin.2.164	125183	MQ
MFD02134.bin.2.165	136471	MQ
MFD02134.bin.2.166	820583	MQ
MFD02134.bin.2.168	819539	MQ
MFD02134.bin.2.169	194626	MQ
MFD02134.bin.2.170	253089	MQ
MFD02134.bin.2.171	1066706	MQ
MFD02134.bin.2.172	657997	MQ
MFD02134.bin.2.173	201878	MQ
MFD02134.bin.2.174	115531	MQ
MFD02134.bin.2.175	639542	MQ
MFD02134.bin.2.176	356834	MQ
MFD02134.bin.2.177	183889	MQ
MFD02134.bin.2.180	384853	MQ
MFD02134.bin.2.181	272877	MQ
MFD02134.bin.2.182	220987	MQ
MFD02134.bin.2.183	414698	MQ
MFD02134.bin.2.192	601683	MQ
MFD02134.bin.2.198	228483	MQ
MFD02134.bin.2.2	871678	MQ
MFD02134.bin.2.20	176166	MQ
MFD02134.bin.2.200	204535	MQ
MFD02134.bin.2.203	76568	MQ
MFD02134.bin.2.204	877616	MQ
MFD02134.bin.2.205	94032	MQ
MFD02134.bin.2.208	265645	MQ
MFD02134.bin.2.21	200420	MQ
MFD02134.bin.2.211	144670	MQ
MFD02134.bin.2.215	573910	MQ
MFD02134.bin.2.218	937604	MQ
MFD02134.bin.2.219	1842842	MQ
MFD02134.bin.2.226	778358	MQ
MFD02134.bin.2.228	1051053	MQ
MFD02134.bin.2.23	115943	MQ
MFD02134.bin.2.230	2585337	MQ
MFD02134.bin.2.234	920126	MQ
MFD02134.bin.2.236	1444853	MQ
MFD02134.bin.2.237	1969045	MQ
MFD02134.bin.2.238	750344	MQ
MFD02134.bin.2.239	625424	MQ
MFD02134.bin.2.240	426240	MQ
MFD02134.bin.2.244	654880	MQ
MFD02134.bin.2.245	178926	MQ
MFD02134.bin.2.247	636485	MQ
MFD02134.bin.2.249	256135	MQ
MFD02134.bin.2.27	511407	MQ
MFD02134.bin.2.3	2002534	MQ
MFD02134.bin.2.31	1100606	MQ
MFD02134.bin.2.36	227232	MQ
MFD02134.bin.2.41	236003	MQ
MFD02134.bin.2.46	996134	MQ
MFD02134.bin.2.47	1036565	MQ
MFD02134.bin.2.48	859298	MQ
MFD02134.bin.2.49	224005	MQ
MFD02134.bin.2.51	441877	MQ
MFD02134.bin.2.52	236515	MQ
MFD02134.bin.2.55	352041	MQ
MFD02134.bin.2.56	267932	MQ
MFD02134.bin.2.57	74260	MQ
MFD02134.bin.2.59	271873	MQ
MFD02134.bin.2.61	318052	MQ
MFD02134.bin.2.62	192746	MQ
MFD02134.bin.2.64	598675	MQ
MFD02134.bin.2.65	476677	MQ
MFD02134.bin.2.66	512083	MQ
MFD02134.bin.2.7	230581	MQ
MFD02134.bin.2.72	209789	MQ
MFD02134.bin.2.74	1995533	MQ
MFD02134.bin.2.75	591457	MQ
MFD02134.bin.2.78	112917	MQ
MFD02134.bin.2.8	93981	MQ
MFD02134.bin.2.85	448150	MQ
MFD02134.bin.2.86	413901	MQ
MFD02134.bin.2.91	564285	MQ
MFD02134.bin.3.124	358260	MQ
MFD02134.bin.3.167	729815	MQ
MFD02134.bin.3.220	345522	MQ
MFD02134.bin.3.227	140835	MQ
MFD02134.bin.3.237	351308	MQ
MFD02134.bin.3.246	252319	MQ
MFD02134.bin.3.290	130800	MQ
MFD02134.bin.3.344	148223	MQ
MFD02134.bin.3.392	130879	MQ
MFD02134.bin.3.395	73184	MQ
MFD02134.bin.3.423	171534	MQ
MFD02134.bin.3.444	166707	MQ
MFD02134.bin.3.455	106600	MQ
MFD02134.bin.3.466	69935	MQ
MFD02134.bin.3.468	196814	MQ
MFD02134.bin.3.506	716013	MQ
MFD02134.bin.3.61	72855	MQ
MFD02134.bin.3.67	131529	MQ
MFD02134.bin.4.390	997530	MQ
MFD02134.bin.4.466	159323	MQ
MFD02138.bin.1.79	32540	MQ
MFD02138.bin.2.11	376561	MQ
MFD02138.bin.2.13	1018059	MQ
MFD02138.bin.2.17	30351	MQ
MFD02138.bin.2.26	20416	MQ
MFD02138.bin.2.27	159079	MQ
MFD02138.bin.2.32	115468	MQ
MFD02138.bin.2.35	7299	MQ
MFD02138.bin.2.38	12233	MQ
MFD02138.bin.2.39	17236	MQ
MFD02138.bin.2.41	188033	MQ
MFD02138.bin.2.43	11309	MQ
MFD02138.bin.2.47	8807	MQ
MFD02138.bin.2.50	17172	MQ
MFD02138.bin.2.53	7571	MQ
MFD02138.bin.2.64	11093	MQ
MFD02138.bin.2.69	426410	MQ
MFD02138.bin.2.7	33585	MQ
MFD02138.bin.2.76	145859	MQ
MFD02138.bin.2.79	10506	MQ
MFD02138.bin.2.9	29891	MQ
MFD02138.bin.3.156	6574	MQ
MFD02138.bin.3.161	80993	MQ
MFD02138.bin.3.21	36562	MQ
MFD02138.bin.3.55	80159	MQ
MFD02138.bin.3.60	25634	MQ
MFD02138.bin.3.96	11648	MQ
MFD02138.bin.4.65	70365	MQ
MFD02159.bin.2.100	681568	MQ
MFD02159.bin.2.108	114203	MQ
MFD02159.bin.2.114	837999	MQ
MFD02159.bin.2.120	190149	MQ
MFD02159.bin.2.123	281700	MQ
MFD02159.bin.2.13	123998	MQ
MFD02159.bin.2.14	65788	MQ
MFD02159.bin.2.15	795758	MQ
MFD02159.bin.2.18	495452	MQ
MFD02159.bin.2.19	185626	MQ
MFD02159.bin.2.21	135764	MQ
MFD02159.bin.2.26	516552	MQ
MFD02159.bin.2.38	352255	MQ
MFD02159.bin.2.51	849312	MQ
MFD02159.bin.2.53	75266	MQ
MFD02159.bin.2.55	255796	MQ
MFD02159.bin.2.56	218804	MQ
MFD02159.bin.2.65	53513	MQ
MFD02159.bin.2.67	471175	MQ
MFD02159.bin.2.70	230672	MQ
MFD02159.bin.2.77	160112	MQ
MFD02159.bin.2.82	134901	MQ
MFD02159.bin.2.83	320984	MQ
MFD02159.bin.2.84	101742	MQ
MFD02159.bin.2.86	117314	MQ
MFD02159.bin.2.87	128403	MQ
MFD02159.bin.2.88	194671	MQ
MFD02159.bin.2.9	165793	MQ
MFD02159.bin.2.90	545809	MQ
MFD02159.bin.2.92	200465	MQ
MFD02159.bin.3.105	251096	MQ
MFD02159.bin.3.13	162851	MQ
MFD02159.bin.3.28	90729	MQ
MFD02159.bin.3.30	62309	MQ
MFD02159.bin.3.67	740696	MQ
MFD02159.bin.3.7	162976	MQ
MFD02159.bin.3.86	99669	MQ
MFD02199.bin.1.5	269039	MQ
MFD02199.bin.1.90	132303	MQ
MFD02199.bin.2.108	345676	MQ
MFD02199.bin.2.111	178185	MQ
MFD02199.bin.2.112	179492	MQ
MFD02199.bin.2.118	1125657	MQ
MFD02199.bin.2.12	375060	MQ
MFD02199.bin.2.120	391393	MQ
MFD02199.bin.2.125	460994	MQ
MFD02199.bin.2.126	175103	MQ
MFD02199.bin.2.130	2336319	MQ
MFD02199.bin.2.138	621606	MQ
MFD02199.bin.2.143	480313	MQ
MFD02199.bin.2.144	82923	MQ
MFD02199.bin.2.145	452609	MQ
MFD02199.bin.2.148	266466	MQ
MFD02199.bin.2.15	101712	MQ
MFD02199.bin.2.150	260116	MQ
MFD02199.bin.2.156	210127	MQ
MFD02199.bin.2.159	164455	MQ
MFD02199.bin.2.160	281836	MQ
MFD02199.bin.2.161	1097336	MQ
MFD02199.bin.2.162	413276	MQ
MFD02199.bin.2.168	475383	MQ
MFD02199.bin.2.170	143874	MQ
MFD02199.bin.2.179	189186	MQ
MFD02199.bin.2.180	1110095	MQ
MFD02199.bin.2.181	346902	MQ
MFD02199.bin.2.182	743727	MQ
MFD02199.bin.2.184	1552816	MQ
MFD02199.bin.2.186	548169	MQ
MFD02199.bin.2.187	178843	MQ
MFD02199.bin.2.193	774719	MQ
MFD02199.bin.2.199	918951	MQ
MFD02199.bin.2.201	234447	MQ
MFD02199.bin.2.202	586911	MQ
MFD02199.bin.2.23	195409	MQ
MFD02199.bin.2.35	230599	MQ
MFD02199.bin.2.44	184315	MQ
MFD02199.bin.2.45	1586142	MQ
MFD02199.bin.2.47	245055	MQ
MFD02199.bin.2.48	310170	MQ
MFD02199.bin.2.49	276815	MQ
MFD02199.bin.2.5	2077134	MQ
MFD02199.bin.2.50	196439	MQ
MFD02199.bin.2.54	459755	MQ
MFD02199.bin.2.63	393453	MQ
MFD02199.bin.2.64	141338	MQ
MFD02199.bin.2.7	556530	MQ
MFD02199.bin.2.70	793055	MQ
MFD02199.bin.2.72	259897	MQ
MFD02199.bin.2.74	257933	MQ
MFD02199.bin.2.75	242383	MQ
MFD02199.bin.2.77	195544	MQ
MFD02199.bin.2.8	448993	MQ
MFD02199.bin.2.82	206191	MQ
MFD02199.bin.2.91	268341	MQ
MFD02199.bin.2.95	434179	MQ
MFD02199.bin.3.10	105462	MQ
MFD02199.bin.3.183	202425	MQ
MFD02199.bin.3.261	362372	MQ
MFD02199.bin.3.29	114848	MQ
MFD02199.bin.3.43	76259	MQ
MFD02199.bin.3.44	420466	MQ
MFD02199.bin.3.67	1764129	MQ
MFD02199.bin.4.22	118889	MQ
MFD02242.bin.1.228	1210280	MQ
MFD02242.bin.1.73	397519	MQ
MFD02242.bin.2.1	2558970	MQ
MFD02242.bin.2.100	224178	MQ
MFD02242.bin.2.102	177591	MQ
MFD02242.bin.2.104	202368	MQ
MFD02242.bin.2.105	175205	MQ
MFD02242.bin.2.106	286909	MQ
MFD02242.bin.2.108	314081	MQ
MFD02242.bin.2.109	476921	MQ
MFD02242.bin.2.110	151970	MQ
MFD02242.bin.2.111	485854	MQ
MFD02242.bin.2.113	180734	MQ
MFD02242.bin.2.115	450309	MQ
MFD02242.bin.2.116	165770	MQ
MFD02242.bin.2.119	127275	MQ
MFD02242.bin.2.120	100523	MQ
MFD02242.bin.2.124	701279	MQ
MFD02242.bin.2.125	131777	MQ
MFD02242.bin.2.132	1144023	MQ
MFD02242.bin.2.142	427652	MQ
MFD02242.bin.2.15	452014	MQ
MFD02242.bin.2.152	389692	MQ
MFD02242.bin.2.157	208734	MQ
MFD02242.bin.2.16	2226294	MQ
MFD02242.bin.2.167	529409	MQ
MFD02242.bin.2.184	773558	MQ
MFD02242.bin.2.192	112919	MQ
MFD02242.bin.2.195	294996	MQ
MFD02242.bin.2.2	644253	MQ
MFD02242.bin.2.21	581153	MQ
MFD02242.bin.2.210	556906	MQ
MFD02242.bin.2.212	258248	MQ
MFD02242.bin.2.214	181629	MQ
MFD02242.bin.2.217	172420	MQ
MFD02242.bin.2.219	984651	MQ
MFD02242.bin.2.222	540383	MQ
MFD02242.bin.2.223	427533	MQ
MFD02242.bin.2.224	517355	MQ
MFD02242.bin.2.225	143385	MQ
MFD02242.bin.2.227	178144	MQ
MFD02242.bin.2.228	335132	MQ
MFD02242.bin.2.229	417655	MQ
MFD02242.bin.2.233	1357878	MQ
MFD02242.bin.2.239	267521	MQ
MFD02242.bin.2.242	838167	MQ
MFD02242.bin.2.244	382787	MQ
MFD02242.bin.2.245	275619	MQ
MFD02242.bin.2.247	521896	MQ
MFD02242.bin.2.248	1167374	MQ
MFD02242.bin.2.250	62524	MQ
MFD02242.bin.2.251	300719	MQ
MFD02242.bin.2.255	147816	MQ
MFD02242.bin.2.257	371283	MQ
MFD02242.bin.2.259	164685	MQ
MFD02242.bin.2.262	782859	MQ
MFD02242.bin.2.265	395972	MQ
MFD02242.bin.2.266	440685	MQ
MFD02242.bin.2.27	153455	MQ
MFD02242.bin.2.271	647109	MQ
MFD02242.bin.2.272	389082	MQ
MFD02242.bin.2.277	149516	MQ
MFD02242.bin.2.279	391516	MQ
MFD02242.bin.2.28	1012407	MQ
MFD02242.bin.2.280	1172727	MQ
MFD02242.bin.2.293	1177357	MQ
MFD02242.bin.2.294	485279	MQ
MFD02242.bin.2.295	294690	MQ
MFD02242.bin.2.296	508815	MQ
MFD02242.bin.2.3	181860	MQ
MFD02242.bin.2.300	462914	MQ
MFD02242.bin.2.301	328434	MQ
MFD02242.bin.2.304	629971	MQ
MFD02242.bin.2.305	181443	MQ
MFD02242.bin.2.306	254225	MQ
MFD02242.bin.2.31	782738	MQ
MFD02242.bin.2.310	307415	MQ
MFD02242.bin.2.312	678603	MQ
MFD02242.bin.2.314	824546	MQ
MFD02242.bin.2.315	770447	MQ
MFD02242.bin.2.316	718950	MQ
MFD02242.bin.2.318	178574	MQ
MFD02242.bin.2.32	195787	MQ
MFD02242.bin.2.321	275886	MQ
MFD02242.bin.2.325	878268	MQ
MFD02242.bin.2.34	506264	MQ
MFD02242.bin.2.35	139476	MQ
MFD02242.bin.2.37	366319	MQ
MFD02242.bin.2.39	330029	MQ
MFD02242.bin.2.43	740068	MQ
MFD02242.bin.2.45	402887	MQ
MFD02242.bin.2.52	203894	MQ
MFD02242.bin.2.56	775312	MQ
MFD02242.bin.2.58	277157	MQ
MFD02242.bin.2.61	1305580	MQ
MFD02242.bin.2.62	2638422	MQ
MFD02242.bin.2.64	529629	MQ
MFD02242.bin.2.66	647285	MQ
MFD02242.bin.2.68	1143444	MQ
MFD02242.bin.2.7	497755	MQ
MFD02242.bin.2.73	1237185	MQ
MFD02242.bin.2.74	452352	MQ
MFD02242.bin.2.75	138247	MQ
MFD02242.bin.2.77	124264	MQ
MFD02242.bin.2.78	145841	MQ
MFD02242.bin.2.79	408569	MQ
MFD02242.bin.2.8	212332	MQ
MFD02242.bin.2.81	419550	MQ
MFD02242.bin.2.82	688398	MQ
MFD02242.bin.2.83	184626	MQ
MFD02242.bin.2.84	616571	MQ
MFD02242.bin.2.87	275347	MQ
MFD02242.bin.2.88	330658	MQ
MFD02242.bin.2.89	428547	MQ
MFD02242.bin.2.9	294442	MQ
MFD02242.bin.2.90	134115	MQ
MFD02242.bin.2.91	366836	MQ
MFD02242.bin.2.92	199200	MQ
MFD02242.bin.2.95	1818216	MQ
MFD02242.bin.2.97	209737	MQ
MFD02242.bin.2.98	217484	MQ
MFD02242.bin.2.99	312153	MQ
MFD02242.bin.3.1	316841	MQ
MFD02242.bin.3.107	130651	MQ
MFD02242.bin.3.158	334399	MQ
MFD02242.bin.3.162	342791	MQ
MFD02242.bin.3.262	334000	MQ
MFD02242.bin.3.280	95675	MQ
MFD02242.bin.3.326	109828	MQ
MFD02242.bin.3.346	225218	MQ
MFD02242.bin.3.433	332800	MQ
MFD02242.bin.3.575	179006	MQ
MFD02242.bin.3.634	187004	MQ
MFD02242.bin.3.645	261190	MQ
MFD02242.bin.3.77	166188	MQ
MFD02242.bin.4.372	447750	MQ
MFD02248.bin.1.173	857483	MQ
MFD02248.bin.1.206	492592	MQ
MFD02248.bin.1.29	332361	MQ
MFD02248.bin.2.1	737069	MQ
MFD02248.bin.2.100	293101	MQ
MFD02248.bin.2.101	134265	MQ
MFD02248.bin.2.102	726835	MQ
MFD02248.bin.2.105	561902	MQ
MFD02248.bin.2.106	206494	MQ
MFD02248.bin.2.108	456646	MQ
MFD02248.bin.2.114	105206	MQ
MFD02248.bin.2.115	3257910	MQ
MFD02248.bin.2.116	261597	MQ
MFD02248.bin.2.119	469054	MQ
MFD02248.bin.2.12	510464	MQ
MFD02248.bin.2.120	264333	MQ
MFD02248.bin.2.123	650297	MQ
MFD02248.bin.2.125	216843	MQ
MFD02248.bin.2.126	811405	MQ
MFD02248.bin.2.128	1880714	MQ
MFD02248.bin.2.130	113535	MQ
MFD02248.bin.2.133	202119	MQ
MFD02248.bin.2.136	1377889	MQ
MFD02248.bin.2.138	1121815	MQ
MFD02248.bin.2.139	2055378	MQ
MFD02248.bin.2.141	2442827	MQ
MFD02248.bin.2.19	1159803	MQ
MFD02248.bin.2.20	1358340	MQ
MFD02248.bin.2.22	689350	MQ
MFD02248.bin.2.23	497848	MQ
MFD02248.bin.2.24	3602615	MQ
MFD02248.bin.2.31	1216221	MQ
MFD02248.bin.2.4	2916254	MQ
MFD02248.bin.2.43	159767	MQ
MFD02248.bin.2.5	287291	MQ
MFD02248.bin.2.6	510887	MQ
MFD02248.bin.2.61	245341	MQ
MFD02248.bin.2.62	978737	MQ
MFD02248.bin.2.64	3664795	MQ
MFD02248.bin.2.8	264206	MQ
MFD02248.bin.2.83	262520	MQ
MFD02248.bin.2.85	224394	MQ
MFD02248.bin.2.87	831505	MQ
MFD02248.bin.2.88	170634	MQ
MFD02248.bin.2.89	665511	MQ
MFD02248.bin.2.90	863739	MQ
MFD02248.bin.2.91	734643	MQ
MFD02248.bin.2.92	1417897	MQ
MFD02248.bin.2.94	397764	MQ
MFD02248.bin.3.127	1155894	MQ
MFD02248.bin.3.14	211529	MQ
MFD02248.bin.3.162	522948	MQ
MFD02248.bin.3.260	728406	MQ
MFD02248.bin.3.276	255470	MQ
MFD02248.bin.3.31	140784	MQ
MFD02248.bin.3.34	245715	MQ
MFD02248.bin.3.63	121890	MQ
MFD02248.bin.4.147	162676	MQ
MFD02360.bin.1.245	322377	MQ
MFD02360.bin.2.1	91851	MQ
MFD02360.bin.2.102	67905	MQ
MFD02360.bin.2.135	175191	MQ
MFD02360.bin.2.139	405737	MQ
MFD02360.bin.2.141	3128296	MQ
MFD02360.bin.2.145	395117	MQ
MFD02360.bin.2.146	242818	MQ
MFD02360.bin.2.148	394111	MQ
MFD02360.bin.2.153	1032780	MQ
MFD02360.bin.2.166	208607	MQ
MFD02360.bin.2.170	402560	MQ
MFD02360.bin.2.177	470865	MQ
MFD02360.bin.2.180	543618	MQ
MFD02360.bin.2.183	218613	MQ
MFD02360.bin.2.184	457824	MQ
MFD02360.bin.2.187	167004	MQ
MFD02360.bin.2.189	526100	MQ
MFD02360.bin.2.192	240624	MQ
MFD02360.bin.2.2	617909	MQ
MFD02360.bin.2.202	209242	MQ
MFD02360.bin.2.207	50753	MQ
MFD02360.bin.2.208	275914	MQ
MFD02360.bin.2.213	348984	MQ
MFD02360.bin.2.22	314877	MQ
MFD02360.bin.2.234	264234	MQ
MFD02360.bin.2.240	1023913	MQ
MFD02360.bin.2.265	248990	MQ
MFD02360.bin.2.266	1268859	MQ
MFD02360.bin.2.267	347243	MQ
MFD02360.bin.2.279	321569	MQ
MFD02360.bin.2.280	175170	MQ
MFD02360.bin.2.285	195948	MQ
MFD02360.bin.2.291	992110	MQ
MFD02360.bin.2.295	417598	MQ
MFD02360.bin.2.30	516580	MQ
MFD02360.bin.2.33	360745	MQ
MFD02360.bin.2.34	561289	MQ
MFD02360.bin.2.39	161782	MQ
MFD02360.bin.2.44	342901	MQ
MFD02360.bin.2.47	652258	MQ
MFD02360.bin.2.54	268606	MQ
MFD02360.bin.2.56	310941	MQ
MFD02360.bin.2.57	231076	MQ
MFD02360.bin.2.58	357439	MQ
MFD02360.bin.2.59	536428	MQ
MFD02360.bin.2.6	117895	MQ
MFD02360.bin.2.66	173588	MQ
MFD02360.bin.2.68	178055	MQ
MFD02360.bin.2.70	904495	MQ
MFD02360.bin.2.71	760058	MQ
MFD02360.bin.2.75	252705	MQ
MFD02360.bin.2.76	1337464	MQ
MFD02360.bin.2.82	332862	MQ
MFD02360.bin.2.83	166467	MQ
MFD02360.bin.2.86	927116	MQ
MFD02360.bin.2.87	352419	MQ
MFD02360.bin.2.88	95042	MQ
MFD02360.bin.2.89	523887	MQ
MFD02360.bin.2.9	342606	MQ
MFD02360.bin.2.90	256277	MQ
MFD02360.bin.2.92	235791	MQ
MFD02360.bin.3.157	136434	MQ
MFD02360.bin.3.191	188388	MQ
MFD02360.bin.3.220	401742	MQ
MFD02360.bin.3.230	783888	MQ
MFD02360.bin.3.289	190099	MQ
MFD02360.bin.3.315	130889	MQ
MFD02360.bin.3.318	679309	MQ
MFD02360.bin.3.349	316905	MQ
MFD02360.bin.3.432	336694	MQ
MFD02360.bin.3.51	149764	MQ
MFD02360.bin.3.536	258907	MQ
MFD02360.bin.3.583	286835	MQ
MFD02360.bin.4.232	287362	MQ
MFD02360.bin.4.563	167979	MQ
MFD02416.bin.1.146	818085	MQ
MFD02416.bin.1.171	564926	MQ
MFD02416.bin.1.237	420967	MQ
MFD02416.bin.1.273	212087	MQ
MFD02416.bin.1.304	453051	MQ
MFD02416.bin.1.320	920929	MQ
MFD02416.bin.1.330	431602	MQ
MFD02416.bin.1.340	534636	MQ
MFD02416.bin.1.385	378053	MQ
MFD02416.bin.1.75	720671	MQ
MFD02416.bin.2.10	134096	MQ
MFD02416.bin.2.101	209312	MQ
MFD02416.bin.2.102	304173	MQ
MFD02416.bin.2.103	86172	MQ
MFD02416.bin.2.106	415893	MQ
MFD02416.bin.2.107	186321	MQ
MFD02416.bin.2.109	354837	MQ
MFD02416.bin.2.110	700595	MQ
MFD02416.bin.2.111	195437	MQ
MFD02416.bin.2.113	303036	MQ
MFD02416.bin.2.117	1380977	MQ
MFD02416.bin.2.12	958665	MQ
MFD02416.bin.2.120	88552	MQ
MFD02416.bin.2.121	2031188	MQ
MFD02416.bin.2.122	101432	MQ
MFD02416.bin.2.123	330786	MQ
MFD02416.bin.2.124	286703	MQ
MFD02416.bin.2.126	310407	MQ
MFD02416.bin.2.127	785209	MQ
MFD02416.bin.2.129	287187	MQ
MFD02416.bin.2.130	223799	MQ
MFD02416.bin.2.131	230159	MQ
MFD02416.bin.2.133	814947	MQ
MFD02416.bin.2.138	540606	MQ
MFD02416.bin.2.144	839572	MQ
MFD02416.bin.2.152	222222	MQ
MFD02416.bin.2.153	949758	MQ
MFD02416.bin.2.156	121430	MQ
MFD02416.bin.2.159	124222	MQ
MFD02416.bin.2.160	219385	MQ
MFD02416.bin.2.164	216629	MQ
MFD02416.bin.2.165	853466	MQ
MFD02416.bin.2.167	332120	MQ
MFD02416.bin.2.168	684156	MQ
MFD02416.bin.2.169	377406	MQ
MFD02416.bin.2.17	204628	MQ
MFD02416.bin.2.171	321979	MQ
MFD02416.bin.2.174	577935	MQ
MFD02416.bin.2.175	199662	MQ
MFD02416.bin.2.176	1254600	MQ
MFD02416.bin.2.177	525730	MQ
MFD02416.bin.2.178	639293	MQ
MFD02416.bin.2.180	388440	MQ
MFD02416.bin.2.181	194889	MQ
MFD02416.bin.2.183	262682	MQ
MFD02416.bin.2.186	410610	MQ
MFD02416.bin.2.187	576635	MQ
MFD02416.bin.2.188	317060	MQ
MFD02416.bin.2.19	248395	MQ
MFD02416.bin.2.191	695370	MQ
MFD02416.bin.2.193	739543	MQ
MFD02416.bin.2.194	129742	MQ
MFD02416.bin.2.197	1006051	MQ
MFD02416.bin.2.198	199020	MQ
MFD02416.bin.2.199	573023	MQ
MFD02416.bin.2.200	202106	MQ
MFD02416.bin.2.203	320333	MQ
MFD02416.bin.2.204	53940	MQ
MFD02416.bin.2.207	624239	MQ
MFD02416.bin.2.208	701061	MQ
MFD02416.bin.2.210	137248	MQ
MFD02416.bin.2.211	470403	MQ
MFD02416.bin.2.212	160803	MQ
MFD02416.bin.2.216	145645	MQ
MFD02416.bin.2.218	396045	MQ
MFD02416.bin.2.219	444352	MQ
MFD02416.bin.2.220	52517	MQ
MFD02416.bin.2.222	661822	MQ
MFD02416.bin.2.223	113403	MQ
MFD02416.bin.2.227	101675	MQ
MFD02416.bin.2.228	878196	MQ
MFD02416.bin.2.229	373639	MQ
MFD02416.bin.2.231	458842	MQ
MFD02416.bin.2.232	460784	MQ
MFD02416.bin.2.233	456786	MQ
MFD02416.bin.2.238	280776	MQ
MFD02416.bin.2.241	242315	MQ
MFD02416.bin.2.242	377472	MQ
MFD02416.bin.2.244	67657	MQ
MFD02416.bin.2.246	538401	MQ
MFD02416.bin.2.247	408922	MQ
MFD02416.bin.2.248	238448	MQ
MFD02416.bin.2.249	242996	MQ
MFD02416.bin.2.25	455281	MQ
MFD02416.bin.2.250	245523	MQ
MFD02416.bin.2.251	433467	MQ
MFD02416.bin.2.253	492882	MQ
MFD02416.bin.2.254	1360660	MQ
MFD02416.bin.2.256	403061	MQ
MFD02416.bin.2.258	1038655	MQ
MFD02416.bin.2.259	475447	MQ
MFD02416.bin.2.26	3326502	MQ
MFD02416.bin.2.262	273646	MQ
MFD02416.bin.2.265	2374619	MQ
MFD02416.bin.2.267	397563	MQ
MFD02416.bin.2.27	1132034	MQ
MFD02416.bin.2.29	569633	MQ
MFD02416.bin.2.31	1746884	MQ
MFD02416.bin.2.32	390733	MQ
MFD02416.bin.2.38	4631113	MQ
MFD02416.bin.2.39	597771	MQ
MFD02416.bin.2.4	136393	MQ
MFD02416.bin.2.40	4047046	MQ
MFD02416.bin.2.42	5367027	MQ
MFD02416.bin.2.43	1140477	MQ
MFD02416.bin.2.48	3982570	MQ
MFD02416.bin.2.50	852565	MQ
MFD02416.bin.2.53	293967	MQ
MFD02416.bin.2.54	904716	MQ
MFD02416.bin.2.55	1045029	MQ
MFD02416.bin.2.58	850895	MQ
MFD02416.bin.2.59	798579	MQ
MFD02416.bin.2.6	5446662	MQ
MFD02416.bin.2.60	185415	MQ
MFD02416.bin.2.61	955700	MQ
MFD02416.bin.2.62	941159	MQ
MFD02416.bin.2.63	419262	MQ
MFD02416.bin.2.64	160545	MQ
MFD02416.bin.2.65	2234053	MQ
MFD02416.bin.2.66	470920	MQ
MFD02416.bin.2.67	2826569	MQ
MFD02416.bin.2.68	1177548	MQ
MFD02416.bin.2.71	190797	MQ
MFD02416.bin.2.75	2050274	MQ
MFD02416.bin.2.77	767807	MQ
MFD02416.bin.2.78	2572537	MQ
MFD02416.bin.2.80	1261028	MQ
MFD02416.bin.2.81	2700476	MQ
MFD02416.bin.2.82	169296	MQ
MFD02416.bin.2.84	367456	MQ
MFD02416.bin.2.86	201762	MQ
MFD02416.bin.2.87	417046	MQ
MFD02416.bin.2.88	191686	MQ
MFD02416.bin.2.89	535456	MQ
MFD02416.bin.2.9	178840	MQ
MFD02416.bin.2.90	664367	MQ
MFD02416.bin.2.91	172438	MQ
MFD02416.bin.2.92	1474272	MQ
MFD02416.bin.2.93	273189	MQ
MFD02416.bin.2.95	324575	MQ
MFD02416.bin.2.96	157189	MQ
MFD02416.bin.3.135	307187	MQ
MFD02416.bin.3.166	241805	MQ
MFD02416.bin.3.171	1022381	MQ
MFD02416.bin.3.208	73894	MQ
MFD02416.bin.3.229	105700	MQ
MFD02416.bin.3.235	67522	MQ
MFD02416.bin.3.32	68942	MQ
MFD02416.bin.3.337	83795	MQ
MFD02416.bin.3.343	234042	MQ
MFD02416.bin.3.344	1672289	MQ
MFD02416.bin.3.349	111374	MQ
MFD02416.bin.3.361	255253	MQ
MFD02416.bin.3.381	144463	MQ
MFD02416.bin.3.64	233625	MQ
MFD02416.bin.3.66	168458	MQ
MFD02416.bin.3.87	696637	MQ
MFD02416.bin.4.153	161377	MQ
MFD02416.bin.4.367	163143	MQ
MFD02416.bin.4.497	444759	MQ
MFD02416.bin.4.66	218348	MQ
MFD02472.bin.2.10	1445829	MQ
MFD02472.bin.2.20	677456	MQ
MFD02472.bin.2.25	34869	MQ
MFD02472.bin.2.26	97624	MQ
MFD02472.bin.2.29	30089	MQ
MFD02472.bin.2.33	11493	MQ
MFD02472.bin.2.57	55683	MQ
MFD02472.bin.2.58	70897	MQ
MFD02472.bin.2.73	11095	MQ
MFD02472.bin.2.9	12836	MQ
MFD02472.bin.3.114	90512	MQ
MFD02472.bin.3.206	39967	MQ
MFD02472.bin.3.240	118478	MQ
MFD02472.bin.3.252	91808	MQ
MFD02472.bin.3.256	22895	MQ
MFD02472.bin.3.75	78142	MQ
MFD02579.bin.1.4	819784	MQ
MFD02579.bin.2.11	2599236	MQ
MFD02579.bin.2.12	325163	MQ
MFD02579.bin.2.15	939731	MQ
MFD02579.bin.2.17	402792	MQ
MFD02579.bin.2.18	242072	MQ
MFD02579.bin.2.20	141055	MQ
MFD02579.bin.2.25	415001	MQ
MFD02579.bin.2.28	1131271	MQ
MFD02579.bin.2.29	242377	MQ
MFD02579.bin.2.30	429298	MQ
MFD02579.bin.2.32	258877	MQ
MFD02579.bin.2.34	147666	MQ
MFD02579.bin.2.36	550368	MQ
MFD02579.bin.2.4	110780	MQ
MFD02579.bin.2.40	101856	MQ
MFD02579.bin.2.41	85350	MQ
MFD02579.bin.2.42	489465	MQ
MFD02579.bin.2.46	414005	MQ
MFD02579.bin.2.49	3826361	MQ
MFD02579.bin.2.5	2377838	MQ
MFD02579.bin.2.51	237555	MQ
MFD02579.bin.2.52	3204868	MQ
MFD02579.bin.2.54	337009	MQ
MFD02579.bin.2.56	900615	MQ
MFD02579.bin.2.64	92840	MQ
MFD02579.bin.2.68	1116464	MQ
MFD02579.bin.2.7	435500	MQ
MFD02579.bin.2.70	1238367	MQ
MFD02579.bin.2.73	3452861	MQ
MFD02579.bin.2.78	153836	MQ
MFD02579.bin.2.79	2171998	MQ
MFD02579.bin.2.83	1467234	MQ
MFD02579.bin.3.105	350220	MQ
MFD02579.bin.3.2	330381	MQ
MFD02579.bin.3.20	218383	MQ
MFD02579.bin.4.12	159998	MQ
MFD02581.bin.1.108	250738	MQ
MFD02581.bin.1.121	659072	MQ
MFD02581.bin.1.161	671529	MQ
MFD02581.bin.1.164	289357	MQ
MFD02581.bin.1.171	3142963	MQ
MFD02581.bin.1.174	410879	MQ
MFD02581.bin.1.19	547200	MQ
MFD02581.bin.1.212	1519223	MQ
MFD02581.bin.1.242	597348	MQ
MFD02581.bin.1.27	533844	MQ
MFD02581.bin.1.281	739032	MQ
MFD02581.bin.1.3	413162	MQ
MFD02581.bin.1.73	1615483	MQ
MFD02581.bin.1.85	383830	MQ
MFD02581.bin.1.89	401151	MQ
MFD02581.bin.1.91	261414	MQ
MFD02581.bin.1.98	2120764	MQ
MFD02581.bin.2.1	632163	MQ
MFD02581.bin.2.107	274505	MQ
MFD02581.bin.2.12	306683	MQ
MFD02581.bin.2.120	55055	MQ
MFD02581.bin.2.121	254003	MQ
MFD02581.bin.2.122	190099	MQ
MFD02581.bin.2.124	272622	MQ
MFD02581.bin.2.125	675357	MQ
MFD02581.bin.2.127	114748	MQ
MFD02581.bin.2.128	373303	MQ
MFD02581.bin.2.13	156681	MQ
MFD02581.bin.2.130	1657859	MQ
MFD02581.bin.2.132	260805	MQ
MFD02581.bin.2.133	129974	MQ
MFD02581.bin.2.134	116743	MQ
MFD02581.bin.2.137	1380288	MQ
MFD02581.bin.2.138	634731	MQ
MFD02581.bin.2.14	301771	MQ
MFD02581.bin.2.140	451389	MQ
MFD02581.bin.2.143	576525	MQ
MFD02581.bin.2.144	161333	MQ
MFD02581.bin.2.145	166023	MQ
MFD02581.bin.2.146	255178	MQ
MFD02581.bin.2.147	99794	MQ
MFD02581.bin.2.148	755456	MQ
MFD02581.bin.2.149	131577	MQ
MFD02581.bin.2.15	488567	MQ
MFD02581.bin.2.151	357257	MQ
MFD02581.bin.2.152	125625	MQ
MFD02581.bin.2.153	559052	MQ
MFD02581.bin.2.154	183153	MQ
MFD02581.bin.2.156	181845	MQ
MFD02581.bin.2.159	588997	MQ
MFD02581.bin.2.160	521042	MQ
MFD02581.bin.2.161	112059	MQ
MFD02581.bin.2.164	676697	MQ
MFD02581.bin.2.166	217949	MQ
MFD02581.bin.2.167	648837	MQ
MFD02581.bin.2.169	145347	MQ
MFD02581.bin.2.17	313588	MQ
MFD02581.bin.2.172	835080	MQ
MFD02581.bin.2.178	525371	MQ
MFD02581.bin.2.179	129856	MQ
MFD02581.bin.2.180	157741	MQ
MFD02581.bin.2.182	101515	MQ
MFD02581.bin.2.183	253553	MQ
MFD02581.bin.2.193	226924	MQ
MFD02581.bin.2.195	316727	MQ
MFD02581.bin.2.196	2402803	MQ
MFD02581.bin.2.198	88737	MQ
MFD02581.bin.2.199	310649	MQ
MFD02581.bin.2.2	3495596	MQ
MFD02581.bin.2.20	199567	MQ
MFD02581.bin.2.200	494562	MQ
MFD02581.bin.2.202	1096377	MQ
MFD02581.bin.2.203	199809	MQ
MFD02581.bin.2.204	170857	MQ
MFD02581.bin.2.205	527448	MQ
MFD02581.bin.2.206	257813	MQ
MFD02581.bin.2.207	967586	MQ
MFD02581.bin.2.209	289968	MQ
MFD02581.bin.2.211	1113508	MQ
MFD02581.bin.2.213	540933	MQ
MFD02581.bin.2.214	302283	MQ
MFD02581.bin.2.22	656049	MQ
MFD02581.bin.2.29	88818	MQ
MFD02581.bin.2.31	163092	MQ
MFD02581.bin.2.36	197438	MQ
MFD02581.bin.2.39	2592372	MQ
MFD02581.bin.2.4	242875	MQ
MFD02581.bin.2.40	318222	MQ
MFD02581.bin.2.41	2123603	MQ
MFD02581.bin.2.42	439852	MQ
MFD02581.bin.2.43	1555858	MQ
MFD02581.bin.2.44	316960	MQ
MFD02581.bin.2.45	920547	MQ
MFD02581.bin.2.46	464505	MQ
MFD02581.bin.2.48	381577	MQ
MFD02581.bin.2.49	1732317	MQ
MFD02581.bin.2.50	515616	MQ
MFD02581.bin.2.51	808644	MQ
MFD02581.bin.2.54	1828409	MQ
MFD02581.bin.2.55	1420384	MQ
MFD02581.bin.2.57	2360098	MQ
MFD02581.bin.2.58	224244	MQ
MFD02581.bin.2.59	323530	MQ
MFD02581.bin.2.60	548523	MQ
MFD02581.bin.2.62	1391927	MQ
MFD02581.bin.2.64	4395905	MQ
MFD02581.bin.2.65	1778219	MQ
MFD02581.bin.2.66	488100	MQ
MFD02581.bin.2.68	2062874	MQ
MFD02581.bin.2.69	434991	MQ
MFD02581.bin.2.7	489829	MQ
MFD02581.bin.2.70	135014	MQ
MFD02581.bin.2.72	327231	MQ
MFD02581.bin.2.73	830996	MQ
MFD02581.bin.2.75	258877	MQ
MFD02581.bin.2.76	126030	MQ
MFD02581.bin.2.79	141696	MQ
MFD02581.bin.2.82	168213	MQ
MFD02581.bin.2.85	107406	MQ
MFD02581.bin.2.86	101808	MQ
MFD02581.bin.2.87	142374	MQ
MFD02581.bin.2.90	334599	MQ
MFD02581.bin.2.93	187255	MQ
MFD02581.bin.2.95	214388	MQ
MFD02581.bin.2.97	179982	MQ
MFD02581.bin.3.113	276797	MQ
MFD02581.bin.3.13	105717	MQ
MFD02581.bin.3.133	249484	MQ
MFD02581.bin.3.14	258009	MQ
MFD02581.bin.3.146	249354	MQ
MFD02581.bin.3.147	130664	MQ
MFD02581.bin.3.151	124311	MQ
MFD02581.bin.3.159	151405	MQ
MFD02581.bin.3.173	154583	MQ
MFD02581.bin.3.268	102498	MQ
MFD02581.bin.3.271	612786	MQ
MFD02581.bin.3.276	93156	MQ
MFD02581.bin.3.312	92436	MQ
MFD02581.bin.3.326	336864	MQ
MFD02581.bin.3.33	214929	MQ
MFD02581.bin.3.389	73449	MQ
MFD02581.bin.3.391	291702	MQ
MFD02581.bin.3.41	79752	MQ
MFD02581.bin.3.435	486864	MQ
MFD02581.bin.3.467	85029	MQ
MFD02581.bin.3.53	261048	MQ
MFD02581.bin.3.61	368983	MQ
MFD02581.bin.3.92	122043	MQ
MFD02581.bin.3.93	52655	MQ
MFD02671.bin.2.100	1640603	MQ
MFD02671.bin.2.104	450700	MQ
MFD02671.bin.2.13	212041	MQ
MFD02671.bin.2.19	406398	MQ
MFD02671.bin.2.22	171933	MQ
MFD02671.bin.2.32	260333	MQ
MFD02671.bin.2.36	523746	MQ
MFD02671.bin.2.38	434995	MQ
MFD02671.bin.2.45	151241	MQ
MFD02671.bin.2.46	306335	MQ
MFD02671.bin.2.50	355169	MQ
MFD02671.bin.2.58	1414328	MQ
MFD02671.bin.2.59	80979	MQ
MFD02671.bin.2.62	714157	MQ
MFD02671.bin.2.63	451501	MQ
MFD02671.bin.2.76	856033	MQ
MFD02671.bin.2.82	1010949	MQ
MFD02671.bin.2.83	157336	MQ
MFD02671.bin.2.9	1048454	MQ
MFD02671.bin.2.90	172416	MQ
MFD02671.bin.2.98	265571	MQ
MFD02671.bin.2.99	695602	MQ
MFD02671.bin.3.111	780842	MQ
MFD02671.bin.3.178	169334	MQ
MFD02671.bin.3.195	889696	MQ
MFD02671.bin.3.216	217449	MQ
MFD02671.bin.3.52	751786	MQ
MFD02671.bin.3.6	215210	MQ
MFD02809.bin.1.200	209433	MQ
MFD02809.bin.1.41	212274	MQ
MFD02809.bin.1.68	620384	MQ
MFD02809.bin.1.70	179608	MQ
MFD02809.bin.2.1	189854	MQ
MFD02809.bin.2.10	793166	MQ
MFD02809.bin.2.101	125621	MQ
MFD02809.bin.2.102	161858	MQ
MFD02809.bin.2.107	124772	MQ
MFD02809.bin.2.111	148280	MQ
MFD02809.bin.2.119	1643192	MQ
MFD02809.bin.2.124	109170	MQ
MFD02809.bin.2.128	101355	MQ
MFD02809.bin.2.139	484806	MQ
MFD02809.bin.2.15	135568	MQ
MFD02809.bin.2.16	45794	MQ
MFD02809.bin.2.174	87591	MQ
MFD02809.bin.2.179	79709	MQ
MFD02809.bin.2.180	307852	MQ
MFD02809.bin.2.181	241443	MQ
MFD02809.bin.2.188	122362	MQ
MFD02809.bin.2.194	1063566	MQ
MFD02809.bin.2.197	2811154	MQ
MFD02809.bin.2.204	63150	MQ
MFD02809.bin.2.206	395750	MQ
MFD02809.bin.2.209	246598	MQ
MFD02809.bin.2.210	579255	MQ
MFD02809.bin.2.211	93033	MQ
MFD02809.bin.2.213	209591	MQ
MFD02809.bin.2.224	409318	MQ
MFD02809.bin.2.225	437037	MQ
MFD02809.bin.2.228	337538	MQ
MFD02809.bin.2.230	282678	MQ
MFD02809.bin.2.232	55176	MQ
MFD02809.bin.2.233	267335	MQ
MFD02809.bin.2.237	79116	MQ
MFD02809.bin.2.238	134334	MQ
MFD02809.bin.2.24	242964	MQ
MFD02809.bin.2.240	218977	MQ
MFD02809.bin.2.243	143032	MQ
MFD02809.bin.2.247	91963	MQ
MFD02809.bin.2.249	378698	MQ
MFD02809.bin.2.25	85704	MQ
MFD02809.bin.2.265	206726	MQ
MFD02809.bin.2.267	66461	MQ
MFD02809.bin.2.268	1990961	MQ
MFD02809.bin.2.271	112695	MQ
MFD02809.bin.2.278	25462	MQ
MFD02809.bin.2.279	94678	MQ
MFD02809.bin.2.285	90308	MQ
MFD02809.bin.2.299	578195	MQ
MFD02809.bin.2.302	412495	MQ
MFD02809.bin.2.305	412689	MQ
MFD02809.bin.2.313	193860	MQ
MFD02809.bin.2.314	500742	MQ
MFD02809.bin.2.319	90849	MQ
MFD02809.bin.2.332	269748	MQ
MFD02809.bin.2.335	77940	MQ
MFD02809.bin.2.39	382937	MQ
MFD02809.bin.2.4	95269	MQ
MFD02809.bin.2.45	95139	MQ
MFD02809.bin.2.5	556393	MQ
MFD02809.bin.2.57	179608	MQ
MFD02809.bin.2.60	59626	MQ
MFD02809.bin.2.7	81024	MQ
MFD02809.bin.2.71	304065	MQ
MFD02809.bin.2.75	185398	MQ
MFD02809.bin.2.78	80925	MQ
MFD02809.bin.2.80	373900	MQ
MFD02809.bin.2.82	369630	MQ
MFD02809.bin.2.83	206426	MQ
MFD02809.bin.2.84	124494	MQ
MFD02809.bin.2.86	88694	MQ
MFD02809.bin.2.89	54626	MQ
MFD02809.bin.2.90	253436	MQ
MFD02809.bin.2.91	288480	MQ
MFD02809.bin.2.92	102312	MQ
MFD02809.bin.2.93	1083397	MQ
MFD02809.bin.2.94	142285	MQ
MFD02809.bin.2.98	146548	MQ
MFD02809.bin.3.105	115907	MQ
MFD02809.bin.3.107	268389	MQ
MFD02809.bin.3.108	99588	MQ
MFD02809.bin.3.167	39026	MQ
MFD02809.bin.3.174	136011	MQ
MFD02809.bin.3.248	71523	MQ
MFD02809.bin.3.360	107331	MQ
MFD02809.bin.3.45	40927	MQ
MFD02809.bin.3.52	99742	MQ
MFD02809.bin.3.578	46673	MQ
MFD02809.bin.3.7	86128	MQ
MFD02809.bin.3.94	90202	MQ
MFD02809.bin.4.106	1304329	MQ
MFD02809.bin.4.199	277645	MQ
MFD02832.bin.1.133	262923	MQ
MFD02832.bin.1.153	104039	MQ
MFD02832.bin.1.23	3164067	MQ
MFD02832.bin.1.76	562090	MQ
MFD02832.bin.2.101	402180	MQ
MFD02832.bin.2.104	172057	MQ
MFD02832.bin.2.106	336442	MQ
MFD02832.bin.2.108	90901	MQ
MFD02832.bin.2.109	24678	MQ
MFD02832.bin.2.11	71425	MQ
MFD02832.bin.2.110	1566156	MQ
MFD02832.bin.2.114	253028	MQ
MFD02832.bin.2.118	51910	MQ
MFD02832.bin.2.119	796570	MQ
MFD02832.bin.2.12	234861	MQ
MFD02832.bin.2.121	18415	MQ
MFD02832.bin.2.122	977430	MQ
MFD02832.bin.2.125	76723	MQ
MFD02832.bin.2.126	58724	MQ
MFD02832.bin.2.127	237788	MQ
MFD02832.bin.2.128	92082	MQ
MFD02832.bin.2.129	81281	MQ
MFD02832.bin.2.13	133183	MQ
MFD02832.bin.2.134	318511	MQ
MFD02832.bin.2.16	1272640	MQ
MFD02832.bin.2.17	179190	MQ
MFD02832.bin.2.19	77174	MQ
MFD02832.bin.2.2	27816	MQ
MFD02832.bin.2.24	106965	MQ
MFD02832.bin.2.31	225407	MQ
MFD02832.bin.2.33	558123	MQ
MFD02832.bin.2.35	77468	MQ
MFD02832.bin.2.38	47217	MQ
MFD02832.bin.2.39	263533	MQ
MFD02832.bin.2.40	52720	MQ
MFD02832.bin.2.42	1123926	MQ
MFD02832.bin.2.44	125683	MQ
MFD02832.bin.2.45	92429	MQ
MFD02832.bin.2.46	334291	MQ
MFD02832.bin.2.5	46543	MQ
MFD02832.bin.2.6	637462	MQ
MFD02832.bin.2.60	176744	MQ
MFD02832.bin.2.61	120783	MQ
MFD02832.bin.2.62	28651	MQ
MFD02832.bin.2.63	180627	MQ
MFD02832.bin.2.64	133186	MQ
MFD02832.bin.2.65	46518	MQ
MFD02832.bin.2.68	44254	MQ
MFD02832.bin.2.69	62847	MQ
MFD02832.bin.2.70	69212	MQ
MFD02832.bin.2.71	47878	MQ
MFD02832.bin.2.72	175269	MQ
MFD02832.bin.2.73	83567	MQ
MFD02832.bin.2.75	22572	MQ
MFD02832.bin.2.77	81190	MQ
MFD02832.bin.2.78	249514	MQ
MFD02832.bin.2.8	141754	MQ
MFD02832.bin.2.83	148172	MQ
MFD02832.bin.2.84	41444	MQ
MFD02832.bin.2.85	47670	MQ
MFD02832.bin.2.87	56853	MQ
MFD02832.bin.2.91	106193	MQ
MFD02832.bin.2.94	25009	MQ
MFD02832.bin.2.96	162501	MQ
MFD02832.bin.2.99	77956	MQ
MFD02832.bin.3.10	61294	MQ
MFD02832.bin.3.105	110112	MQ
MFD02832.bin.3.117	194562	MQ
MFD02832.bin.3.130	148405	MQ
MFD02832.bin.3.132	120604	MQ
MFD02832.bin.3.194	196200	MQ
MFD02832.bin.3.201	79023	MQ
MFD02832.bin.3.209	119928	MQ
MFD02832.bin.3.230	2581256	MQ
MFD02832.bin.3.234	25844	MQ
MFD02832.bin.3.239	87904	MQ
MFD02832.bin.3.242	49168	MQ
MFD02832.bin.3.246	22212	MQ
MFD02832.bin.3.255	136958	MQ
MFD02832.bin.3.45	63174	MQ
MFD02832.bin.3.64	67154	MQ
MFD02832.bin.3.67	405711	MQ
MFD02832.bin.3.68	249021	MQ
MFD02832.bin.3.86	143715	MQ
MFD02832.bin.3.92	97579	MQ
MFD02832.bin.4.16	80525	MQ
MFD02840.bin.1.275	276196	MQ
MFD02840.bin.1.427	407960	MQ
MFD02840.bin.2.1	625581	MQ
MFD02840.bin.2.100	102020	MQ
MFD02840.bin.2.101	92408	MQ
MFD02840.bin.2.102	254289	MQ
MFD02840.bin.2.105	2045409	MQ
MFD02840.bin.2.106	473899	MQ
MFD02840.bin.2.108	1032457	MQ
MFD02840.bin.2.11	870129	MQ
MFD02840.bin.2.110	300075	MQ
MFD02840.bin.2.111	464086	MQ
MFD02840.bin.2.112	580484	MQ
MFD02840.bin.2.115	103145	MQ
MFD02840.bin.2.12	1743941	MQ
MFD02840.bin.2.120	463601	MQ
MFD02840.bin.2.122	185271	MQ
MFD02840.bin.2.126	203018	MQ
MFD02840.bin.2.14	908648	MQ
MFD02840.bin.2.144	1748032	MQ
MFD02840.bin.2.15	109260	MQ
MFD02840.bin.2.151	971011	MQ
MFD02840.bin.2.158	360507	MQ
MFD02840.bin.2.161	463242	MQ
MFD02840.bin.2.166	1473314	MQ
MFD02840.bin.2.168	1020583	MQ
MFD02840.bin.2.17	241048	MQ
MFD02840.bin.2.170	164352	MQ
MFD02840.bin.2.171	154229	MQ
MFD02840.bin.2.172	250838	MQ
MFD02840.bin.2.173	186007	MQ
MFD02840.bin.2.176	291224	MQ
MFD02840.bin.2.178	744483	MQ
MFD02840.bin.2.180	264121	MQ
MFD02840.bin.2.181	233825	MQ
MFD02840.bin.2.183	1089238	MQ
MFD02840.bin.2.184	255359	MQ
MFD02840.bin.2.185	1376938	MQ
MFD02840.bin.2.188	297986	MQ
MFD02840.bin.2.189	180168	MQ
MFD02840.bin.2.191	249490	MQ
MFD02840.bin.2.192	234864	MQ
MFD02840.bin.2.193	354755	MQ
MFD02840.bin.2.2	2828082	MQ
MFD02840.bin.2.203	79041	MQ
MFD02840.bin.2.205	873747	MQ
MFD02840.bin.2.207	1472394	MQ
MFD02840.bin.2.208	198791	MQ
MFD02840.bin.2.212	77242	MQ
MFD02840.bin.2.217	1193345	MQ
MFD02840.bin.2.220	1292867	MQ
MFD02840.bin.2.222	302515	MQ
MFD02840.bin.2.225	604289	MQ
MFD02840.bin.2.226	297963	MQ
MFD02840.bin.2.227	102368	MQ
MFD02840.bin.2.230	619335	MQ
MFD02840.bin.2.238	419208	MQ
MFD02840.bin.2.242	288289	MQ
MFD02840.bin.2.243	348001	MQ
MFD02840.bin.2.246	599175	MQ
MFD02840.bin.2.247	705131	MQ
MFD02840.bin.2.248	526286	MQ
MFD02840.bin.2.249	498101	MQ
MFD02840.bin.2.253	162818	MQ
MFD02840.bin.2.254	687901	MQ
MFD02840.bin.2.259	114534	MQ
MFD02840.bin.2.261	89212	MQ
MFD02840.bin.2.263	171541	MQ
MFD02840.bin.2.265	289443	MQ
MFD02840.bin.2.267	572956	MQ
MFD02840.bin.2.271	255386	MQ
MFD02840.bin.2.275	453384	MQ
MFD02840.bin.2.276	637040	MQ
MFD02840.bin.2.278	567929	MQ
MFD02840.bin.2.282	128766	MQ
MFD02840.bin.2.284	395450	MQ
MFD02840.bin.2.285	2882213	MQ
MFD02840.bin.2.286	54820	MQ
MFD02840.bin.2.287	5706270	MQ
MFD02840.bin.2.288	76738	MQ
MFD02840.bin.2.290	507573	MQ
MFD02840.bin.2.292	609121	MQ
MFD02840.bin.2.299	267685	MQ
MFD02840.bin.2.30	268286	MQ
MFD02840.bin.2.300	409050	MQ
MFD02840.bin.2.303	546915	MQ
MFD02840.bin.2.307	166121	MQ
MFD02840.bin.2.308	704648	MQ
MFD02840.bin.2.309	1023915	MQ
MFD02840.bin.2.31	62074	MQ
MFD02840.bin.2.310	2440902	MQ
MFD02840.bin.2.311	432223	MQ
MFD02840.bin.2.312	298031	MQ
MFD02840.bin.2.317	334757	MQ
MFD02840.bin.2.32	430906	MQ
MFD02840.bin.2.321	447205	MQ
MFD02840.bin.2.323	382589	MQ
MFD02840.bin.2.325	848673	MQ
MFD02840.bin.2.327	130745	MQ
MFD02840.bin.2.33	822998	MQ
MFD02840.bin.2.330	240547	MQ
MFD02840.bin.2.331	1193691	MQ
MFD02840.bin.2.333	337477	MQ
MFD02840.bin.2.336	472119	MQ
MFD02840.bin.2.34	378237	MQ
MFD02840.bin.2.36	551582	MQ
MFD02840.bin.2.37	119755	MQ
MFD02840.bin.2.38	102803	MQ
MFD02840.bin.2.39	640210	MQ
MFD02840.bin.2.41	321133	MQ
MFD02840.bin.2.47	110686	MQ
MFD02840.bin.2.48	610100	MQ
MFD02840.bin.2.49	290126	MQ
MFD02840.bin.2.5	156159	MQ
MFD02840.bin.2.52	205973	MQ
MFD02840.bin.2.57	723778	MQ
MFD02840.bin.2.6	620073	MQ
MFD02840.bin.2.60	414644	MQ
MFD02840.bin.2.62	1409975	MQ
MFD02840.bin.2.63	2163484	MQ
MFD02840.bin.2.65	180511	MQ
MFD02840.bin.2.66	2075136	MQ
MFD02840.bin.2.71	390223	MQ
MFD02840.bin.2.73	1339792	MQ
MFD02840.bin.2.78	265296	MQ
MFD02840.bin.2.79	193813	MQ
MFD02840.bin.2.80	2157472	MQ
MFD02840.bin.2.82	67294	MQ
MFD02840.bin.2.84	319014	MQ
MFD02840.bin.2.87	198047	MQ
MFD02840.bin.2.88	554894	MQ
MFD02840.bin.2.89	224193	MQ
MFD02840.bin.2.90	310815	MQ
MFD02840.bin.2.93	280264	MQ
MFD02840.bin.2.94	279227	MQ
MFD02840.bin.2.95	241702	MQ
MFD02840.bin.2.96	337561	MQ
MFD02840.bin.2.98	163045	MQ
MFD02840.bin.3.103	184252	MQ
MFD02840.bin.3.118	329293	MQ
MFD02840.bin.3.148	364799	MQ
MFD02840.bin.3.206	195454	MQ
MFD02840.bin.3.23	185183	MQ
MFD02840.bin.3.282	365120	MQ
MFD02840.bin.3.285	149442	MQ
MFD02840.bin.3.301	218223	MQ
MFD02840.bin.3.302	156299	MQ
MFD02840.bin.3.305	123420	MQ
MFD02840.bin.3.353	1707929	MQ
MFD02840.bin.3.362	581779	MQ
MFD02840.bin.3.365	3949310	MQ
MFD02840.bin.3.400	201981	MQ
MFD02840.bin.3.408	162056	MQ
MFD02840.bin.3.421	264770	MQ
MFD02840.bin.3.471	223677	MQ
MFD02840.bin.3.489	316913	MQ
MFD02840.bin.3.512	222031	MQ
MFD02840.bin.3.531	266064	MQ
MFD02840.bin.3.55	2417975	MQ
MFD02840.bin.3.554	119147	MQ
MFD02840.bin.3.560	183142	MQ
MFD02840.bin.3.58	88804	MQ
MFD02840.bin.3.603	52163	MQ
MFD02840.bin.3.608	89331	MQ
MFD02840.bin.3.622	419428	MQ
MFD02840.bin.3.631	1821139	MQ
MFD02840.bin.3.640	321044	MQ
MFD02840.bin.3.655	433720	MQ
MFD02840.bin.3.67	69188	MQ
MFD02840.bin.3.693	628539	MQ
MFD02840.bin.3.718	199498	MQ
MFD02840.bin.3.746	211741	MQ
MFD02840.bin.3.747	126742	MQ
MFD02840.bin.3.80	131836	MQ
MFD02840.bin.3.815	115324	MQ
MFD02840.bin.3.827	4699500	MQ
MFD02840.bin.3.831	670831	MQ
MFD02840.bin.3.9	369140	MQ
MFD02840.bin.4.456	73017	MQ
MFD02840.bin.4.46	861222	MQ
MFD02840.bin.4.807	172804	MQ
MFD02923.bin.1.102	145348	MQ
MFD02923.bin.1.113	85958	MQ
MFD02923.bin.1.89	81350	MQ
MFD02923.bin.2.10	640620	MQ
MFD02923.bin.2.100	982778	MQ
MFD02923.bin.2.102	55022	MQ
MFD02923.bin.2.105	205624	MQ
MFD02923.bin.2.107	486542	MQ
MFD02923.bin.2.108	409433	MQ
MFD02923.bin.2.109	50039	MQ
MFD02923.bin.2.11	333321	MQ
MFD02923.bin.2.12	141205	MQ
MFD02923.bin.2.13	42890	MQ
MFD02923.bin.2.16	77963	MQ
MFD02923.bin.2.2	72403	MQ
MFD02923.bin.2.21	77103	MQ
MFD02923.bin.2.22	152471	MQ
MFD02923.bin.2.25	122037	MQ
MFD02923.bin.2.3	160701	MQ
MFD02923.bin.2.34	149619	MQ
MFD02923.bin.2.37	87712	MQ
MFD02923.bin.2.38	66393	MQ
MFD02923.bin.2.39	72233	MQ
MFD02923.bin.2.43	63420	MQ
MFD02923.bin.2.45	146280	MQ
MFD02923.bin.2.48	76372	MQ
MFD02923.bin.2.49	167917	MQ
MFD02923.bin.2.5	113192	MQ
MFD02923.bin.2.51	357217	MQ
MFD02923.bin.2.53	381299	MQ
MFD02923.bin.2.54	89136	MQ
MFD02923.bin.2.55	399674	MQ
MFD02923.bin.2.57	112652	MQ
MFD02923.bin.2.58	104414	MQ
MFD02923.bin.2.59	145919	MQ
MFD02923.bin.2.60	237546	MQ
MFD02923.bin.2.62	72862	MQ
MFD02923.bin.2.64	83918	MQ
MFD02923.bin.2.67	551387	MQ
MFD02923.bin.2.72	300484	MQ
MFD02923.bin.2.73	344070	MQ
MFD02923.bin.2.75	150843	MQ
MFD02923.bin.2.8	198949	MQ
MFD02923.bin.2.83	237202	MQ
MFD02923.bin.2.87	113252	MQ
MFD02923.bin.2.88	52684	MQ
MFD02923.bin.2.89	130499	MQ
MFD02923.bin.2.90	475367	MQ
MFD02923.bin.2.91	140311	MQ
MFD02923.bin.2.92	215914	MQ
MFD02923.bin.3.121	23467	MQ
MFD02923.bin.3.134	71788	MQ
MFD02923.bin.3.137	57037	MQ
MFD02923.bin.3.140	68241	MQ
MFD02923.bin.3.159	23115	MQ
MFD02923.bin.3.37	107255	MQ
MFD02923.bin.3.6	167510	MQ
MFD02923.bin.3.70	243954	MQ
MFD02923.bin.3.71	16145	MQ
MFD02923.bin.3.76	100161	MQ
MFD02923.bin.3.85	97960	MQ
MFD02923.bin.3.99	67846	MQ
MFD02923.bin.4.129	507814	MQ
MFD02923.bin.4.76	97059	MQ
MFD02979.bin.1.129	378473	MQ
MFD02979.bin.1.175	379491	MQ
MFD02979.bin.2.100	157925	MQ
MFD02979.bin.2.106	428755	MQ
MFD02979.bin.2.107	702886	MQ
MFD02979.bin.2.11	302597	MQ
MFD02979.bin.2.110	257460	MQ
MFD02979.bin.2.112	406957	MQ
MFD02979.bin.2.113	256111	MQ
MFD02979.bin.2.114	98679	MQ
MFD02979.bin.2.115	308257	MQ
MFD02979.bin.2.116	91085	MQ
MFD02979.bin.2.117	76486	MQ
MFD02979.bin.2.118	447038	MQ
MFD02979.bin.2.12	461113	MQ
MFD02979.bin.2.121	769572	MQ
MFD02979.bin.2.124	575757	MQ
MFD02979.bin.2.127	102830	MQ
MFD02979.bin.2.128	151468	MQ
MFD02979.bin.2.133	602920	MQ
MFD02979.bin.2.134	1392561	MQ
MFD02979.bin.2.135	276395	MQ
MFD02979.bin.2.136	83246	MQ
MFD02979.bin.2.137	129743	MQ
MFD02979.bin.2.138	110434	MQ
MFD02979.bin.2.142	303162	MQ
MFD02979.bin.2.143	321843	MQ
MFD02979.bin.2.144	304135	MQ
MFD02979.bin.2.149	114766	MQ
MFD02979.bin.2.150	116939	MQ
MFD02979.bin.2.151	95452	MQ
MFD02979.bin.2.152	446125	MQ
MFD02979.bin.2.153	126010	MQ
MFD02979.bin.2.155	714604	MQ
MFD02979.bin.2.161	158680	MQ
MFD02979.bin.2.162	1949154	MQ
MFD02979.bin.2.168	127098	MQ
MFD02979.bin.2.169	103459	MQ
MFD02979.bin.2.17	690532	MQ
MFD02979.bin.2.170	199119	MQ
MFD02979.bin.2.172	383628	MQ
MFD02979.bin.2.173	866894	MQ
MFD02979.bin.2.175	143896	MQ
MFD02979.bin.2.177	580030	MQ
MFD02979.bin.2.178	134610	MQ
MFD02979.bin.2.181	240543	MQ
MFD02979.bin.2.183	878252	MQ
MFD02979.bin.2.189	151099	MQ
MFD02979.bin.2.191	609829	MQ
MFD02979.bin.2.195	113175	MQ
MFD02979.bin.2.196	452364	MQ
MFD02979.bin.2.199	88814	MQ
MFD02979.bin.2.2	1033499	MQ
MFD02979.bin.2.24	199849	MQ
MFD02979.bin.2.25	73385	MQ
MFD02979.bin.2.26	188951	MQ
MFD02979.bin.2.30	128917	MQ
MFD02979.bin.2.32	358885	MQ
MFD02979.bin.2.36	513242	MQ
MFD02979.bin.2.37	123212	MQ
MFD02979.bin.2.38	566125	MQ
MFD02979.bin.2.4	861936	MQ
MFD02979.bin.2.46	2603768	MQ
MFD02979.bin.2.54	270797	MQ
MFD02979.bin.2.55	239787	MQ
MFD02979.bin.2.56	874822	MQ
MFD02979.bin.2.57	2056790	MQ
MFD02979.bin.2.58	253932	MQ
MFD02979.bin.2.6	178669	MQ
MFD02979.bin.2.61	389969	MQ
MFD02979.bin.2.62	292289	MQ
MFD02979.bin.2.63	632236	MQ
MFD02979.bin.2.66	357364	MQ
MFD02979.bin.2.67	255088	MQ
MFD02979.bin.2.68	305657	MQ
MFD02979.bin.2.7	880357	MQ
MFD02979.bin.2.70	1513685	MQ
MFD02979.bin.2.72	1340972	MQ
MFD02979.bin.2.75	156636	MQ
MFD02979.bin.2.8	439612	MQ
MFD02979.bin.2.9	328884	MQ
MFD02979.bin.2.91	176634	MQ
MFD02979.bin.2.94	804092	MQ
MFD02979.bin.3.1	287133	MQ
MFD02979.bin.3.102	100140	MQ
MFD02979.bin.3.125	292243	MQ
MFD02979.bin.3.149	493764	MQ
MFD02979.bin.3.154	719272	MQ
MFD02979.bin.3.16	90853	MQ
MFD02979.bin.3.21	195399	MQ
MFD02979.bin.3.217	432645	MQ
MFD02979.bin.3.261	155764	MQ
MFD02979.bin.3.269	261726	MQ
MFD02979.bin.3.28	87945	MQ
MFD02979.bin.3.320	140929	MQ
MFD02979.bin.3.323	201332	MQ
MFD02979.bin.3.36	297983	MQ
MFD02979.bin.3.366	83689	MQ
MFD02979.bin.3.436	119080	MQ
MFD02979.bin.3.437	269283	MQ
MFD02979.bin.3.462	535272	MQ
MFD02979.bin.3.503	222951	MQ
MFD02979.bin.3.66	110183	MQ
MFD02979.bin.3.71	96276	MQ
MFD02979.bin.3.8	194247	MQ
MFD02979.bin.3.86	100816	MQ
MFD02979.bin.3.90	55037	MQ
MFD02979.bin.4.14	280330	MQ
MFD02979.bin.4.344	210324	MQ
MFD02979.bin.4.37	82786	MQ
MFD02979.bin.4.532	188667	MQ
MFD03044.bin.1.102	167666	MQ
MFD03044.bin.1.110	195627	MQ
MFD03044.bin.1.112	394905	MQ
MFD03044.bin.1.137	301016	MQ
MFD03044.bin.1.146	69695	MQ
MFD03044.bin.1.58	142073	MQ
MFD03044.bin.2.101	67334	MQ
MFD03044.bin.2.105	594482	MQ
MFD03044.bin.2.17	77394	MQ
MFD03044.bin.2.2	65714	MQ
MFD03044.bin.2.22	45436	MQ
MFD03044.bin.2.26	39204	MQ
MFD03044.bin.2.29	87387	MQ
MFD03044.bin.2.42	108724	MQ
MFD03044.bin.2.44	130815	MQ
MFD03044.bin.2.49	220846	MQ
MFD03044.bin.2.50	136116	MQ
MFD03044.bin.2.53	166143	MQ
MFD03044.bin.2.54	133860	MQ
MFD03044.bin.2.56	63355	MQ
MFD03044.bin.2.57	115059	MQ
MFD03044.bin.2.58	62416	MQ
MFD03044.bin.2.59	597267	MQ
MFD03044.bin.2.6	3378773	MQ
MFD03044.bin.2.60	973565	MQ
MFD03044.bin.2.61	327781	MQ
MFD03044.bin.2.64	269936	MQ
MFD03044.bin.2.69	102854	MQ
MFD03044.bin.2.70	156802	MQ
MFD03044.bin.2.74	193472	MQ
MFD03044.bin.2.75	108937	MQ
MFD03044.bin.2.80	80453	MQ
MFD03044.bin.2.81	26442	MQ
MFD03044.bin.2.82	998472	MQ
MFD03044.bin.2.84	400447	MQ
MFD03044.bin.2.93	297085	MQ
MFD03044.bin.2.96	123929	MQ
MFD03044.bin.2.99	93734	MQ
MFD03044.bin.3.103	365830	MQ
MFD03044.bin.3.130	205787	MQ
MFD03044.bin.4.204	31562	MQ
MFD03044.bin.4.335	24644	MQ
MFD03044.bin.4.34	259149	MQ
MFD03066.bin.1.57	3688802	MQ
MFD03066.bin.2.101	296606	MQ
MFD03066.bin.2.107	168297	MQ
MFD03066.bin.2.108	186832	MQ
MFD03066.bin.2.131	60556	MQ
MFD03066.bin.2.138	185430	MQ
MFD03066.bin.2.139	422448	MQ
MFD03066.bin.2.14	866521	MQ
MFD03066.bin.2.140	602309	MQ
MFD03066.bin.2.142	3163949	MQ
MFD03066.bin.2.147	346227	MQ
MFD03066.bin.2.149	433404	MQ
MFD03066.bin.2.151	292346	MQ
MFD03066.bin.2.152	407489	MQ
MFD03066.bin.2.155	408259	MQ
MFD03066.bin.2.157	144619	MQ
MFD03066.bin.2.161	586592	MQ
MFD03066.bin.2.162	176219	MQ
MFD03066.bin.2.167	128538	MQ
MFD03066.bin.2.168	840463	MQ
MFD03066.bin.2.169	568908	MQ
MFD03066.bin.2.17	123322	MQ
MFD03066.bin.2.173	111658	MQ
MFD03066.bin.2.174	134234	MQ
MFD03066.bin.2.176	134715	MQ
MFD03066.bin.2.177	560868	MQ
MFD03066.bin.2.178	259600	MQ
MFD03066.bin.2.180	157917	MQ
MFD03066.bin.2.184	454847	MQ
MFD03066.bin.2.187	338342	MQ
MFD03066.bin.2.188	769951	MQ
MFD03066.bin.2.19	1332271	MQ
MFD03066.bin.2.191	96869	MQ
MFD03066.bin.2.192	2168301	MQ
MFD03066.bin.2.196	336019	MQ
MFD03066.bin.2.197	115728	MQ
MFD03066.bin.2.2	392817	MQ
MFD03066.bin.2.202	121890	MQ
MFD03066.bin.2.207	568604	MQ
MFD03066.bin.2.215	148072	MQ
MFD03066.bin.2.217	123768	MQ
MFD03066.bin.2.218	96081	MQ
MFD03066.bin.2.22	273099	MQ
MFD03066.bin.2.221	352744	MQ
MFD03066.bin.2.222	1109506	MQ
MFD03066.bin.2.225	225238	MQ
MFD03066.bin.2.227	206698	MQ
MFD03066.bin.2.235	415133	MQ
MFD03066.bin.2.236	209089	MQ
MFD03066.bin.2.238	530101	MQ
MFD03066.bin.2.242	81853	MQ
MFD03066.bin.2.245	311809	MQ
MFD03066.bin.2.248	493220	MQ
MFD03066.bin.2.25	147350	MQ
MFD03066.bin.2.26	485467	MQ
MFD03066.bin.2.28	234567	MQ
MFD03066.bin.2.29	182522	MQ
MFD03066.bin.2.34	144446	MQ
MFD03066.bin.2.36	1834142	MQ
MFD03066.bin.2.44	132855	MQ
MFD03066.bin.2.46	245270	MQ
MFD03066.bin.2.48	212182	MQ
MFD03066.bin.2.49	1176489	MQ
MFD03066.bin.2.5	214027	MQ
MFD03066.bin.2.50	372420	MQ
MFD03066.bin.2.51	758521	MQ
MFD03066.bin.2.54	324262	MQ
MFD03066.bin.2.55	415840	MQ
MFD03066.bin.2.60	1274792	MQ
MFD03066.bin.2.67	376086	MQ
MFD03066.bin.2.68	327413	MQ
MFD03066.bin.2.7	1374182	MQ
MFD03066.bin.2.72	142476	MQ
MFD03066.bin.2.74	107452	MQ
MFD03066.bin.2.89	732639	MQ
MFD03066.bin.2.9	101316	MQ
MFD03066.bin.3.106	111076	MQ
MFD03066.bin.3.140	59237	MQ
MFD03066.bin.3.157	148743	MQ
MFD03066.bin.3.21	169006	MQ
MFD03066.bin.3.22	182897	MQ
MFD03066.bin.3.270	401326	MQ
MFD03066.bin.3.35	96845	MQ
MFD03066.bin.3.356	98696	MQ
MFD03066.bin.3.412	162153	MQ
MFD03066.bin.3.43	259796	MQ
MFD03066.bin.3.481	202603	MQ
MFD03066.bin.3.542	290837	MQ
MFD03066.bin.3.569	118094	MQ
MFD03066.bin.3.571	229226	MQ
MFD03066.bin.3.58	133609	MQ
MFD03066.bin.3.669	341539	MQ
MFD03066.bin.4.194	105847	MQ
MFD03066.bin.4.89	83200	MQ
MFD03250.bin.1.140	483202	MQ
MFD03250.bin.1.159	499034	MQ
MFD03250.bin.1.44	940582	MQ
MFD03250.bin.2.10	2454054	MQ
MFD03250.bin.2.101	773284	MQ
MFD03250.bin.2.102	372674	MQ
MFD03250.bin.2.104	736893	MQ
MFD03250.bin.2.105	3796523	MQ
MFD03250.bin.2.11	514110	MQ
MFD03250.bin.2.12	926309	MQ
MFD03250.bin.2.13	693508	MQ
MFD03250.bin.2.15	938955	MQ
MFD03250.bin.2.16	156502	MQ
MFD03250.bin.2.18	5169324	MQ
MFD03250.bin.2.20	309190	MQ
MFD03250.bin.2.21	275293	MQ
MFD03250.bin.2.22	710784	MQ
MFD03250.bin.2.23	1263642	MQ
MFD03250.bin.2.27	804738	MQ
MFD03250.bin.2.29	3741398	MQ
MFD03250.bin.2.30	533640	MQ
MFD03250.bin.2.34	1263939	MQ
MFD03250.bin.2.36	287381	MQ
MFD03250.bin.2.4	926969	MQ
MFD03250.bin.2.43	211510	MQ
MFD03250.bin.2.44	2238825	MQ
MFD03250.bin.2.45	4706582	MQ
MFD03250.bin.2.46	149145	MQ
MFD03250.bin.2.47	875132	MQ
MFD03250.bin.2.52	3860468	MQ
MFD03250.bin.2.54	206503	MQ
MFD03250.bin.2.55	1551771	MQ
MFD03250.bin.2.56	2520844	MQ
MFD03250.bin.2.58	165469	MQ
MFD03250.bin.2.59	221045	MQ
MFD03250.bin.2.6	264437	MQ
MFD03250.bin.2.60	2859867	MQ
MFD03250.bin.2.61	517815	MQ
MFD03250.bin.2.62	279529	MQ
MFD03250.bin.2.63	160266	MQ
MFD03250.bin.2.64	208137	MQ
MFD03250.bin.2.65	308829	MQ
MFD03250.bin.2.66	145427	MQ
MFD03250.bin.2.67	402111	MQ
MFD03250.bin.2.69	213960	MQ
MFD03250.bin.2.71	1394696	MQ
MFD03250.bin.2.72	717070	MQ
MFD03250.bin.2.74	1365126	MQ
MFD03250.bin.2.75	231046	MQ
MFD03250.bin.2.8	4531426	MQ
MFD03250.bin.2.83	946439	MQ
MFD03250.bin.2.84	436868	MQ
MFD03250.bin.2.86	539897	MQ
MFD03250.bin.2.87	257540	MQ
MFD03250.bin.2.88	464218	MQ
MFD03250.bin.2.89	324497	MQ
MFD03250.bin.2.9	2404054	MQ
MFD03250.bin.2.91	659073	MQ
MFD03250.bin.2.93	606348	MQ
MFD03250.bin.2.98	626498	MQ
MFD03250.bin.2.99	541324	MQ
MFD03250.bin.3.105	642168	MQ
MFD03250.bin.3.11	814181	MQ
MFD03250.bin.3.110	1215521	MQ
MFD03250.bin.3.124	385495	MQ
MFD03250.bin.3.125	387227	MQ
MFD03250.bin.3.131	191433	MQ
MFD03250.bin.3.146	256664	MQ
MFD03250.bin.3.149	249599	MQ
MFD03250.bin.3.20	372678	MQ
MFD03250.bin.3.3	179674	MQ
MFD03250.bin.3.33	1341990	MQ
MFD03250.bin.3.55	531751	MQ
MFD03250.bin.3.63	233864	MQ
MFD03250.bin.3.66	360057	MQ
MFD03250.bin.3.99	166819	MQ
MFD03250.bin.4.105	217202	MQ
MFD03250.bin.4.157	392701	MQ
MFD03323.bin.1.128	83905	MQ
MFD03323.bin.2.1	41213	MQ
MFD03323.bin.2.103	1161987	MQ
MFD03323.bin.2.104	47491	MQ
MFD03323.bin.2.105	38904	MQ
MFD03323.bin.2.111	18430	MQ
MFD03323.bin.2.116	741657	MQ
MFD03323.bin.2.123	17168	MQ
MFD03323.bin.2.129	26522	MQ
MFD03323.bin.2.13	115623	MQ
MFD03323.bin.2.17	42131	MQ
MFD03323.bin.2.18	93800	MQ
MFD03323.bin.2.41	94737	MQ
MFD03323.bin.2.46	691302	MQ
MFD03323.bin.2.48	126889	MQ
MFD03323.bin.2.49	19416	MQ
MFD03323.bin.2.63	46329	MQ
MFD03323.bin.2.67	19660	MQ
MFD03323.bin.2.70	22896	MQ
MFD03323.bin.2.72	12339	MQ
MFD03323.bin.2.74	15042	MQ
MFD03323.bin.2.78	9310	MQ
MFD03323.bin.2.84	625317	MQ
MFD03323.bin.2.88	219777	MQ
MFD03323.bin.2.95	11361	MQ
MFD03323.bin.2.99	109587	MQ
MFD03323.bin.3.102	510221	MQ
MFD03323.bin.3.130	247107	MQ
MFD03323.bin.3.142	105324	MQ
MFD03323.bin.3.214	14464	MQ
MFD03323.bin.3.226	25204	MQ
MFD03323.bin.3.253	66282	MQ
MFD03323.bin.3.266	69023	MQ
MFD03323.bin.3.41	56404	MQ
MFD03346.bin.1.68	608603	MQ
MFD03346.bin.1.82	296069	MQ
MFD03346.bin.2.1	3062407	MQ
MFD03346.bin.2.100	137354	MQ
MFD03346.bin.2.105	430676	MQ
MFD03346.bin.2.107	980627	MQ
MFD03346.bin.2.14	321412	MQ
MFD03346.bin.2.17	347211	MQ
MFD03346.bin.2.19	395048	MQ
MFD03346.bin.2.22	1011252	MQ
MFD03346.bin.2.24	381093	MQ
MFD03346.bin.2.25	143638	MQ
MFD03346.bin.2.29	1749186	MQ
MFD03346.bin.2.31	505701	MQ
MFD03346.bin.2.36	97128	MQ
MFD03346.bin.2.39	115172	MQ
MFD03346.bin.2.45	280748	MQ
MFD03346.bin.2.5	5714659	MQ
MFD03346.bin.2.54	357795	MQ
MFD03346.bin.2.59	397271	MQ
MFD03346.bin.2.6	2231414	MQ
MFD03346.bin.2.62	122705	MQ
MFD03346.bin.2.63	84721	MQ
MFD03346.bin.2.69	359488	MQ
MFD03346.bin.2.71	102570	MQ
MFD03346.bin.2.72	1039674	MQ
MFD03346.bin.2.73	386228	MQ
MFD03346.bin.2.74	119764	MQ
MFD03346.bin.2.75	155098	MQ
MFD03346.bin.2.80	537193	MQ
MFD03346.bin.2.9	577597	MQ
MFD03346.bin.2.90	314438	MQ
MFD03346.bin.2.94	569995	MQ
MFD03346.bin.2.98	1936316	MQ
MFD03346.bin.3.102	111043	MQ
MFD03346.bin.3.103	235254	MQ
MFD03346.bin.3.109	119518	MQ
MFD03346.bin.3.111	918018	MQ
MFD03346.bin.3.119	471262	MQ
MFD03346.bin.3.208	252975	MQ
MFD03346.bin.3.25	222045	MQ
MFD03346.bin.3.35	219644	MQ
MFD03346.bin.3.38	94363	MQ
MFD03346.bin.3.59	957228	MQ
MFD03346.bin.3.6	126053	MQ
MFD03399.bin.1.15	1395882	MQ
MFD03399.bin.2.10	1915275	MQ
MFD03399.bin.2.101	217810	MQ
MFD03399.bin.2.103	2118896	MQ
MFD03399.bin.2.105	737346	MQ
MFD03399.bin.2.106	1208219	MQ
MFD03399.bin.2.108	1260478	MQ
MFD03399.bin.2.109	303533	MQ
MFD03399.bin.2.113	895670	MQ
MFD03399.bin.2.119	565193	MQ
MFD03399.bin.2.12	548130	MQ
MFD03399.bin.2.120	504444	MQ
MFD03399.bin.2.122	1321825	MQ
MFD03399.bin.2.123	376668	MQ
MFD03399.bin.2.125	158751	MQ
MFD03399.bin.2.13	649935	MQ
MFD03399.bin.2.21	2391061	MQ
MFD03399.bin.2.23	404280	MQ
MFD03399.bin.2.24	2272059	MQ
MFD03399.bin.2.26	297723	MQ
MFD03399.bin.2.27	775088	MQ
MFD03399.bin.2.28	395992	MQ
MFD03399.bin.2.35	847623	MQ
MFD03399.bin.2.38	138905	MQ
MFD03399.bin.2.4	3340297	MQ
MFD03399.bin.2.41	273682	MQ
MFD03399.bin.2.42	706608	MQ
MFD03399.bin.2.46	475628	MQ
MFD03399.bin.2.5	1179197	MQ
MFD03399.bin.2.55	552558	MQ
MFD03399.bin.2.59	668754	MQ
MFD03399.bin.2.63	1687907	MQ
MFD03399.bin.2.64	192957	MQ
MFD03399.bin.2.65	362391	MQ
MFD03399.bin.2.69	941989	MQ
MFD03399.bin.2.70	1154638	MQ
MFD03399.bin.2.72	386235	MQ
MFD03399.bin.2.73	555629	MQ
MFD03399.bin.2.8	511958	MQ
MFD03399.bin.2.82	277700	MQ
MFD03399.bin.2.84	658539	MQ
MFD03399.bin.2.88	2500183	MQ
MFD03399.bin.2.90	844474	MQ
MFD03399.bin.2.91	1403969	MQ
MFD03399.bin.2.92	107404	MQ
MFD03399.bin.2.95	630934	MQ
MFD03399.bin.2.96	2298838	MQ
MFD03399.bin.2.97	883495	MQ
MFD03399.bin.2.98	442407	MQ
MFD03399.bin.3.157	128249	MQ
MFD03399.bin.3.72	279338	MQ
MFD03551.bin.1.35	48670	MQ
MFD03551.bin.1.67	198325	MQ
MFD03551.bin.1.69	133111	MQ
MFD03551.bin.1.75	298924	MQ
MFD03551.bin.1.99	251275	MQ
MFD03551.bin.2.10	77346	MQ
MFD03551.bin.2.100	77742	MQ
MFD03551.bin.2.101	50477	MQ
MFD03551.bin.2.103	56490	MQ
MFD03551.bin.2.105	409872	MQ
MFD03551.bin.2.107	427072	MQ
MFD03551.bin.2.108	145233	MQ
MFD03551.bin.2.109	100534	MQ
MFD03551.bin.2.110	120228	MQ
MFD03551.bin.2.114	97250	MQ
MFD03551.bin.2.116	149572	MQ
MFD03551.bin.2.117	203088	MQ
MFD03551.bin.2.119	173289	MQ
MFD03551.bin.2.12	291675	MQ
MFD03551.bin.2.120	591147	MQ
MFD03551.bin.2.121	179241	MQ
MFD03551.bin.2.127	340130	MQ
MFD03551.bin.2.128	247692	MQ
MFD03551.bin.2.131	51633	MQ
MFD03551.bin.2.132	59933	MQ
MFD03551.bin.2.133	123986	MQ
MFD03551.bin.2.14	177473	MQ
MFD03551.bin.2.15	70676	MQ
MFD03551.bin.2.18	206671	MQ
MFD03551.bin.2.19	109864	MQ
MFD03551.bin.2.2	457811	MQ
MFD03551.bin.2.21	93014	MQ
MFD03551.bin.2.23	101573	MQ
MFD03551.bin.2.24	98254	MQ
MFD03551.bin.2.26	122058	MQ
MFD03551.bin.2.3	19879	MQ
MFD03551.bin.2.30	90580	MQ
MFD03551.bin.2.31	390046	MQ
MFD03551.bin.2.35	37753	MQ
MFD03551.bin.2.4	144420	MQ
MFD03551.bin.2.44	77425	MQ
MFD03551.bin.2.46	103095	MQ
MFD03551.bin.2.47	109797	MQ
MFD03551.bin.2.48	106672	MQ
MFD03551.bin.2.50	111002	MQ
MFD03551.bin.2.51	113792	MQ
MFD03551.bin.2.54	28842	MQ
MFD03551.bin.2.55	452636	MQ
MFD03551.bin.2.56	230404	MQ
MFD03551.bin.2.57	76751	MQ
MFD03551.bin.2.58	221083	MQ
MFD03551.bin.2.59	110070	MQ
MFD03551.bin.2.6	171182	MQ
MFD03551.bin.2.60	87767	MQ
MFD03551.bin.2.65	131730	MQ
MFD03551.bin.2.70	184715	MQ
MFD03551.bin.2.71	18204	MQ
MFD03551.bin.2.72	26939	MQ
MFD03551.bin.2.73	196722	MQ
MFD03551.bin.2.74	83721	MQ
MFD03551.bin.2.75	76700	MQ
MFD03551.bin.2.76	89631	MQ
MFD03551.bin.2.79	171858	MQ
MFD03551.bin.2.8	1556757	MQ
MFD03551.bin.2.80	28888	MQ
MFD03551.bin.2.82	82546	MQ
MFD03551.bin.2.83	107931	MQ
MFD03551.bin.2.86	174331	MQ
MFD03551.bin.2.87	333815	MQ
MFD03551.bin.2.88	111067	MQ
MFD03551.bin.2.9	44232	MQ
MFD03551.bin.2.91	123077	MQ
MFD03551.bin.2.92	17896	MQ
MFD03551.bin.2.93	160983	MQ
MFD03551.bin.2.97	32185	MQ
MFD03551.bin.2.99	629204	MQ
MFD03551.bin.3.102	230118	MQ
MFD03551.bin.3.13	203454	MQ
MFD03551.bin.3.136	31206	MQ
MFD03551.bin.3.138	69743	MQ
MFD03551.bin.3.149	18281	MQ
MFD03551.bin.3.17	155444	MQ
MFD03551.bin.3.181	226139	MQ
MFD03551.bin.3.215	44898	MQ
MFD03551.bin.3.232	178217	MQ
MFD03551.bin.3.27	77111	MQ
MFD03551.bin.3.4	36049	MQ
MFD03551.bin.3.50	117441	MQ
MFD03551.bin.3.55	23478	MQ
MFD03551.bin.3.65	171920	MQ
MFD03551.bin.3.68	148708	MQ
MFD03551.bin.3.91	218519	MQ
MFD03551.bin.3.92	106323	MQ
MFD03602.bin.2.11	1113180	MQ
MFD03602.bin.2.12	758905	MQ
MFD03602.bin.2.14	2228948	MQ
MFD03602.bin.2.22	102945	MQ
MFD03602.bin.2.23	142349	MQ
MFD03602.bin.2.3	1555198	MQ
MFD03602.bin.2.30	148839	MQ
MFD03602.bin.2.33	603516	MQ
MFD03602.bin.2.40	1641430	MQ
MFD03602.bin.2.6	901676	MQ
MFD03602.bin.2.63	616736	MQ
MFD03602.bin.2.71	1288036	MQ
MFD03602.bin.2.74	1727040	MQ
MFD03602.bin.2.9	448010	MQ
MFD03602.bin.3.201	1522697	MQ
MFD03602.bin.3.245	909376	MQ
MFD03638.bin.2.1	32280	MQ
MFD03638.bin.2.4	108959	MQ
MFD03638.bin.2.5	152319	MQ
MFD03726.bin.1.141	104452	MQ
MFD03726.bin.1.191	360502	MQ
MFD03726.bin.1.231	275003	MQ
MFD03726.bin.1.238	125898	MQ
MFD03726.bin.1.31	2626583	MQ
MFD03726.bin.1.58	541934	MQ
MFD03726.bin.2.100	64208	MQ
MFD03726.bin.2.102	188319	MQ
MFD03726.bin.2.104	298678	MQ
MFD03726.bin.2.106	116858	MQ
MFD03726.bin.2.108	233334	MQ
MFD03726.bin.2.110	182171	MQ
MFD03726.bin.2.115	198411	MQ
MFD03726.bin.2.118	94078	MQ
MFD03726.bin.2.119	63108	MQ
MFD03726.bin.2.12	434036	MQ
MFD03726.bin.2.120	85554	MQ
MFD03726.bin.2.121	1051095	MQ
MFD03726.bin.2.125	447724	MQ
MFD03726.bin.2.126	205595	MQ
MFD03726.bin.2.132	125345	MQ
MFD03726.bin.2.134	63244	MQ
MFD03726.bin.2.136	212194	MQ
MFD03726.bin.2.138	153358	MQ
MFD03726.bin.2.139	1191048	MQ
MFD03726.bin.2.143	281817	MQ
MFD03726.bin.2.145	1768468	MQ
MFD03726.bin.2.146	127249	MQ
MFD03726.bin.2.148	27293	MQ
MFD03726.bin.2.15	167158	MQ
MFD03726.bin.2.151	125969	MQ
MFD03726.bin.2.155	881707	MQ
MFD03726.bin.2.159	96018	MQ
MFD03726.bin.2.160	267734	MQ
MFD03726.bin.2.162	1041939	MQ
MFD03726.bin.2.164	189484	MQ
MFD03726.bin.2.166	86427	MQ
MFD03726.bin.2.167	644155	MQ
MFD03726.bin.2.168	49317	MQ
MFD03726.bin.2.17	130216	MQ
MFD03726.bin.2.170	800861	MQ
MFD03726.bin.2.19	433495	MQ
MFD03726.bin.2.22	117483	MQ
MFD03726.bin.2.23	60096	MQ
MFD03726.bin.2.24	64647	MQ
MFD03726.bin.2.27	217904	MQ
MFD03726.bin.2.30	318627	MQ
MFD03726.bin.2.31	96803	MQ
MFD03726.bin.2.35	900439	MQ
MFD03726.bin.2.4	232502	MQ
MFD03726.bin.2.40	57677	MQ
MFD03726.bin.2.44	91149	MQ
MFD03726.bin.2.45	2972084	MQ
MFD03726.bin.2.57	194383	MQ
MFD03726.bin.2.7	204949	MQ
MFD03726.bin.2.71	95809	MQ
MFD03726.bin.2.78	90036	MQ
MFD03726.bin.2.8	3269263	MQ
MFD03726.bin.2.91	437551	MQ
MFD03726.bin.2.96	83539	MQ
MFD03726.bin.2.99	1898117	MQ
MFD03726.bin.3.144	103704	MQ
MFD03726.bin.3.214	86173	MQ
MFD03726.bin.3.50	78309	MQ
MFD03726.bin.3.53	77271	MQ
MFD03726.bin.3.56	51695	MQ
MFD03726.bin.3.71	434883	MQ
MFD03726.bin.3.73	185953	MQ
MFD03726.bin.3.8	93566	MQ
MFD03726.bin.3.89	126109	MQ
MFD03726.bin.4.172	124237	MQ
MFD03726.bin.4.276	230359	MQ
MFD03726.bin.4.336	69420	MQ
MFD03804.bin.1.193	752987	MQ
MFD03804.bin.1.259	359020	MQ
MFD03804.bin.1.260	269621	MQ
MFD03804.bin.1.278	2899193	MQ
MFD03804.bin.1.90	162898	MQ
MFD03804.bin.2.1	432076	MQ
MFD03804.bin.2.10	242480	MQ
MFD03804.bin.2.101	815973	MQ
MFD03804.bin.2.107	206591	MQ
MFD03804.bin.2.108	442760	MQ
MFD03804.bin.2.109	311165	MQ
MFD03804.bin.2.110	247022	MQ
MFD03804.bin.2.112	1094338	MQ
MFD03804.bin.2.113	230602	MQ
MFD03804.bin.2.114	255794	MQ
MFD03804.bin.2.115	150171	MQ
MFD03804.bin.2.116	385093	MQ
MFD03804.bin.2.117	250000	MQ
MFD03804.bin.2.119	121246	MQ
MFD03804.bin.2.126	1435807	MQ
MFD03804.bin.2.127	134590	MQ
MFD03804.bin.2.128	500843	MQ
MFD03804.bin.2.129	282566	MQ
MFD03804.bin.2.13	611775	MQ
MFD03804.bin.2.130	92368	MQ
MFD03804.bin.2.131	380823	MQ
MFD03804.bin.2.132	277979	MQ
MFD03804.bin.2.134	154646	MQ
MFD03804.bin.2.136	268400	MQ
MFD03804.bin.2.139	635625	MQ
MFD03804.bin.2.14	813019	MQ
MFD03804.bin.2.140	81425	MQ
MFD03804.bin.2.141	81825	MQ
MFD03804.bin.2.143	82792	MQ
MFD03804.bin.2.145	507511	MQ
MFD03804.bin.2.147	250634	MQ
MFD03804.bin.2.148	158382	MQ
MFD03804.bin.2.150	242608	MQ
MFD03804.bin.2.151	135015	MQ
MFD03804.bin.2.152	298492	MQ
MFD03804.bin.2.153	663606	MQ
MFD03804.bin.2.157	508789	MQ
MFD03804.bin.2.158	148325	MQ
MFD03804.bin.2.16	3558609	MQ
MFD03804.bin.2.160	305741	MQ
MFD03804.bin.2.161	644885	MQ
MFD03804.bin.2.165	685535	MQ
MFD03804.bin.2.168	1971855	MQ
MFD03804.bin.2.17	76401	MQ
MFD03804.bin.2.172	223878	MQ
MFD03804.bin.2.178	296814	MQ
MFD03804.bin.2.181	557410	MQ
MFD03804.bin.2.182	695328	MQ
MFD03804.bin.2.183	513432	MQ
MFD03804.bin.2.184	319306	MQ
MFD03804.bin.2.185	100562	MQ
MFD03804.bin.2.187	229360	MQ
MFD03804.bin.2.188	568134	MQ
MFD03804.bin.2.190	1089119	MQ
MFD03804.bin.2.191	602456	MQ
MFD03804.bin.2.195	388185	MQ
MFD03804.bin.2.198	527405	MQ
MFD03804.bin.2.2	288754	MQ
MFD03804.bin.2.20	612658	MQ
MFD03804.bin.2.200	1474148	MQ
MFD03804.bin.2.201	1622217	MQ
MFD03804.bin.2.202	854753	MQ
MFD03804.bin.2.22	275115	MQ
MFD03804.bin.2.27	220174	MQ
MFD03804.bin.2.3	371661	MQ
MFD03804.bin.2.4	340990	MQ
MFD03804.bin.2.42	401788	MQ
MFD03804.bin.2.45	294846	MQ
MFD03804.bin.2.46	203072	MQ
MFD03804.bin.2.47	326439	MQ
MFD03804.bin.2.5	159870	MQ
MFD03804.bin.2.50	638109	MQ
MFD03804.bin.2.51	441900	MQ
MFD03804.bin.2.52	1802083	MQ
MFD03804.bin.2.56	270940	MQ
MFD03804.bin.2.58	153335	MQ
MFD03804.bin.2.63	288105	MQ
MFD03804.bin.2.64	128902	MQ
MFD03804.bin.2.65	1132597	MQ
MFD03804.bin.2.67	319926	MQ
MFD03804.bin.2.68	59813	MQ
MFD03804.bin.2.69	488991	MQ
MFD03804.bin.2.7	102206	MQ
MFD03804.bin.2.70	241773	MQ
MFD03804.bin.2.71	445483	MQ
MFD03804.bin.2.72	275233	MQ
MFD03804.bin.2.74	183464	MQ
MFD03804.bin.2.77	137687	MQ
MFD03804.bin.2.8	106164	MQ
MFD03804.bin.2.81	182103	MQ
MFD03804.bin.2.83	137621	MQ
MFD03804.bin.2.94	804118	MQ
MFD03804.bin.2.98	327822	MQ
MFD03804.bin.3.104	506064	MQ
MFD03804.bin.3.128	98656	MQ
MFD03804.bin.3.138	400168	MQ
MFD03804.bin.3.143	153717	MQ
MFD03804.bin.3.144	91154	MQ
MFD03804.bin.3.153	1204662	MQ
MFD03804.bin.3.160	94982	MQ
MFD03804.bin.3.221	615512	MQ
MFD03804.bin.3.239	301750	MQ
MFD03804.bin.3.24	42013	MQ
MFD03804.bin.3.257	145107	MQ
MFD03804.bin.3.291	55439	MQ
MFD03804.bin.3.292	218639	MQ
MFD03804.bin.3.296	161945	MQ
MFD03804.bin.3.310	185642	MQ
MFD03804.bin.3.322	325402	MQ
MFD03804.bin.3.35	70786	MQ
MFD03804.bin.3.367	2160444	MQ
MFD03804.bin.3.42	483683	MQ
MFD03804.bin.3.6	284984	MQ
MFD03804.bin.3.68	228642	MQ
MFD03804.bin.3.76	412202	MQ
MFD03804.bin.3.90	115751	MQ
MFD03804.bin.3.97	233089	MQ
MFD03804.bin.3.99	343036	MQ
MFD03804.bin.4.125	124741	MQ
MFD03804.bin.4.185	85511	MQ
MFD03804.bin.4.483	264458	MQ
MFD03899.bin.2.100	145003	MQ
MFD03899.bin.2.103	1258208	MQ
MFD03899.bin.2.116	258446	MQ
MFD03899.bin.2.122	1038748	MQ
MFD03899.bin.2.124	130022	MQ
MFD03899.bin.2.126	725554	MQ
MFD03899.bin.2.127	106766	MQ
MFD03899.bin.2.128	176403	MQ
MFD03899.bin.2.129	349265	MQ
MFD03899.bin.2.132	334142	MQ
MFD03899.bin.2.133	183834	MQ
MFD03899.bin.2.134	282022	MQ
MFD03899.bin.2.135	127933	MQ
MFD03899.bin.2.136	994259	MQ
MFD03899.bin.2.137	789729	MQ
MFD03899.bin.2.138	615568	MQ
MFD03899.bin.2.141	621380	MQ
MFD03899.bin.2.142	493714	MQ
MFD03899.bin.2.143	537438	MQ
MFD03899.bin.2.147	407086	MQ
MFD03899.bin.2.149	197105	MQ
MFD03899.bin.2.164	666567	MQ
MFD03899.bin.2.17	417072	MQ
MFD03899.bin.2.171	300245	MQ
MFD03899.bin.2.173	766892	MQ
MFD03899.bin.2.174	733241	MQ
MFD03899.bin.2.178	49939	MQ
MFD03899.bin.2.182	706457	MQ
MFD03899.bin.2.183	90120	MQ
MFD03899.bin.2.186	4185122	MQ
MFD03899.bin.2.190	459675	MQ
MFD03899.bin.2.192	338544	MQ
MFD03899.bin.2.199	1115882	MQ
MFD03899.bin.2.22	249221	MQ
MFD03899.bin.2.23	279572	MQ
MFD03899.bin.2.25	210058	MQ
MFD03899.bin.2.26	834849	MQ
MFD03899.bin.2.29	316602	MQ
MFD03899.bin.2.31	899231	MQ
MFD03899.bin.2.34	652874	MQ
MFD03899.bin.2.35	658814	MQ
MFD03899.bin.2.37	813558	MQ
MFD03899.bin.2.39	580312	MQ
MFD03899.bin.2.42	1116958	MQ
MFD03899.bin.2.43	3749029	MQ
MFD03899.bin.2.47	190733	MQ
MFD03899.bin.2.49	293391	MQ
MFD03899.bin.2.50	157781	MQ
MFD03899.bin.2.51	536816	MQ
MFD03899.bin.2.58	129732	MQ
MFD03899.bin.2.60	464027	MQ
MFD03899.bin.2.89	150881	MQ
MFD03899.bin.2.95	265129	MQ
MFD03899.bin.3.133	175617	MQ
MFD03899.bin.3.143	219228	MQ
MFD03899.bin.3.172	293000	MQ
MFD03899.bin.3.19	70522	MQ
MFD03899.bin.3.299	61794	MQ
MFD03899.bin.3.377	56410	MQ
MFD03899.bin.4.53	268359	MQ
MFD03899.bin.4.72	69906	MQ
MFD03975.bin.2.1	203791	MQ
MFD03975.bin.2.100	125405	MQ
MFD03975.bin.2.101	150850	MQ
MFD03975.bin.2.103	306776	MQ
MFD03975.bin.2.108	175356	MQ
MFD03975.bin.2.109	63758	MQ
MFD03975.bin.2.110	201655	MQ
MFD03975.bin.2.115	2064365	MQ
MFD03975.bin.2.133	731610	MQ
MFD03975.bin.2.135	243798	MQ
MFD03975.bin.2.138	177357	MQ
MFD03975.bin.2.139	229278	MQ
MFD03975.bin.2.148	556455	MQ
MFD03975.bin.2.149	332207	MQ
MFD03975.bin.2.154	463821	MQ
MFD03975.bin.2.155	153019	MQ
MFD03975.bin.2.158	251057	MQ
MFD03975.bin.2.161	66669	MQ
MFD03975.bin.2.162	255691	MQ
MFD03975.bin.2.168	199266	MQ
MFD03975.bin.2.17	129615	MQ
MFD03975.bin.2.170	168433	MQ
MFD03975.bin.2.171	172829	MQ
MFD03975.bin.2.172	132185	MQ
MFD03975.bin.2.173	181144	MQ
MFD03975.bin.2.179	154812	MQ
MFD03975.bin.2.184	153243	MQ
MFD03975.bin.2.189	168564	MQ
MFD03975.bin.2.193	334593	MQ
MFD03975.bin.2.194	180169	MQ
MFD03975.bin.2.195	262060	MQ
MFD03975.bin.2.2	1189718	MQ
MFD03975.bin.2.20	445699	MQ
MFD03975.bin.2.205	349096	MQ
MFD03975.bin.2.213	234766	MQ
MFD03975.bin.2.214	274129	MQ
MFD03975.bin.2.220	369373	MQ
MFD03975.bin.2.224	131343	MQ
MFD03975.bin.2.228	241682	MQ
MFD03975.bin.2.234	80296	MQ
MFD03975.bin.2.239	87475	MQ
MFD03975.bin.2.240	258738	MQ
MFD03975.bin.2.245	342498	MQ
MFD03975.bin.2.246	509370	MQ
MFD03975.bin.2.247	166820	MQ
MFD03975.bin.2.249	961613	MQ
MFD03975.bin.2.257	212668	MQ
MFD03975.bin.2.26	409166	MQ
MFD03975.bin.2.3	152845	MQ
MFD03975.bin.2.33	87364	MQ
MFD03975.bin.2.34	193123	MQ
MFD03975.bin.2.35	190853	MQ
MFD03975.bin.2.42	265480	MQ
MFD03975.bin.2.49	186482	MQ
MFD03975.bin.2.54	137166	MQ
MFD03975.bin.2.58	86856	MQ
MFD03975.bin.2.6	367405	MQ
MFD03975.bin.2.65	161369	MQ
MFD03975.bin.2.67	331163	MQ
MFD03975.bin.2.68	500343	MQ
MFD03975.bin.2.72	233222	MQ
MFD03975.bin.2.73	87258	MQ
MFD03975.bin.2.76	303035	MQ
MFD03975.bin.2.78	213561	MQ
MFD03975.bin.2.79	86001	MQ
MFD03975.bin.2.8	114455	MQ
MFD03975.bin.2.83	90062	MQ
MFD03975.bin.2.87	233516	MQ
MFD03975.bin.2.88	124106	MQ
MFD03975.bin.2.91	137544	MQ
MFD03975.bin.2.93	59058	MQ
MFD03975.bin.2.94	101026	MQ
MFD03975.bin.3.102	88534	MQ
MFD03975.bin.3.191	103581	MQ
MFD03975.bin.3.203	296246	MQ
MFD03975.bin.3.247	324920	MQ
MFD03975.bin.3.290	131933	MQ
MFD03975.bin.3.325	156471	MQ
MFD03975.bin.3.344	546260	MQ
MFD03975.bin.3.416	172974	MQ
MFD03975.bin.3.478	59629	MQ
MFD03975.bin.3.550	169280	MQ
MFD03975.bin.3.589	208985	MQ
MFD03975.bin.3.6	207025	MQ
MFD03975.bin.3.601	151761	MQ
MFD03975.bin.3.670	140284	MQ
MFD03975.bin.3.687	248529	MQ
MFD03975.bin.3.69	39914	MQ
MFD03975.bin.3.698	386515	MQ
MFD03975.bin.4.160	214574	MQ
MFD03975.bin.4.163	101056	MQ
MFD03975.bin.4.450	152924	MQ
MFD03975.bin.4.697	82322	MQ
MFD04212.bin.1.148	418616	MQ
MFD04212.bin.1.195	651015	MQ
MFD04212.bin.1.207	229076	MQ
MFD04212.bin.1.215	820489	MQ
MFD04212.bin.1.240	2003692	MQ
MFD04212.bin.1.249	637593	MQ
MFD04212.bin.1.317	948183	MQ
MFD04212.bin.2.108	1576305	MQ
MFD04212.bin.2.11	1636302	MQ
MFD04212.bin.2.111	149446	MQ
MFD04212.bin.2.117	802402	MQ
MFD04212.bin.2.119	704917	MQ
MFD04212.bin.2.12	2069908	MQ
MFD04212.bin.2.122	3976700	MQ
MFD04212.bin.2.124	388113	MQ
MFD04212.bin.2.126	480205	MQ
MFD04212.bin.2.127	248598	MQ
MFD04212.bin.2.128	295220	MQ
MFD04212.bin.2.129	1187242	MQ
MFD04212.bin.2.130	651823	MQ
MFD04212.bin.2.131	205924	MQ
MFD04212.bin.2.132	180815	MQ
MFD04212.bin.2.138	230754	MQ
MFD04212.bin.2.14	341741	MQ
MFD04212.bin.2.141	215687	MQ
MFD04212.bin.2.142	229611	MQ
MFD04212.bin.2.143	346173	MQ
MFD04212.bin.2.15	340737	MQ
MFD04212.bin.2.151	156312	MQ
MFD04212.bin.2.152	137975	MQ
MFD04212.bin.2.155	160689	MQ
MFD04212.bin.2.156	262373	MQ
MFD04212.bin.2.157	143252	MQ
MFD04212.bin.2.159	289170	MQ
MFD04212.bin.2.160	146531	MQ
MFD04212.bin.2.161	298492	MQ
MFD04212.bin.2.162	267754	MQ
MFD04212.bin.2.163	367870	MQ
MFD04212.bin.2.164	277341	MQ
MFD04212.bin.2.165	163811	MQ
MFD04212.bin.2.167	427630	MQ
MFD04212.bin.2.169	2278326	MQ
MFD04212.bin.2.17	730753	MQ
MFD04212.bin.2.171	244540	MQ
MFD04212.bin.2.173	567826	MQ
MFD04212.bin.2.175	974637	MQ
MFD04212.bin.2.176	316572	MQ
MFD04212.bin.2.178	204210	MQ
MFD04212.bin.2.179	169884	MQ
MFD04212.bin.2.181	200819	MQ
MFD04212.bin.2.186	160275	MQ
MFD04212.bin.2.189	1609524	MQ
MFD04212.bin.2.192	409633	MQ
MFD04212.bin.2.193	419840	MQ
MFD04212.bin.2.194	357653	MQ
MFD04212.bin.2.2	331840	MQ
MFD04212.bin.2.20	235476	MQ
MFD04212.bin.2.205	293170	MQ
MFD04212.bin.2.207	691247	MQ
MFD04212.bin.2.21	437582	MQ
MFD04212.bin.2.210	227460	MQ
MFD04212.bin.2.216	580096	MQ
MFD04212.bin.2.218	586552	MQ
MFD04212.bin.2.22	2903510	MQ
MFD04212.bin.2.221	285715	MQ
MFD04212.bin.2.222	220594	MQ
MFD04212.bin.2.223	706316	MQ
MFD04212.bin.2.224	452915	MQ
MFD04212.bin.2.225	461459	MQ
MFD04212.bin.2.227	483832	MQ
MFD04212.bin.2.228	852127	MQ
MFD04212.bin.2.229	86023	MQ
MFD04212.bin.2.23	468576	MQ
MFD04212.bin.2.232	249890	MQ
MFD04212.bin.2.234	2797835	MQ
MFD04212.bin.2.237	492655	MQ
MFD04212.bin.2.240	388605	MQ
MFD04212.bin.2.241	126847	MQ
MFD04212.bin.2.25	727423	MQ
MFD04212.bin.2.26	303182	MQ
MFD04212.bin.2.27	3146783	MQ
MFD04212.bin.2.28	206559	MQ
MFD04212.bin.2.29	911497	MQ
MFD04212.bin.2.3	329229	MQ
MFD04212.bin.2.30	162197	MQ
MFD04212.bin.2.33	498194	MQ
MFD04212.bin.2.37	1911828	MQ
MFD04212.bin.2.38	1079124	MQ
MFD04212.bin.2.39	151832	MQ
MFD04212.bin.2.42	705407	MQ
MFD04212.bin.2.45	301554	MQ
MFD04212.bin.2.46	296270	MQ
MFD04212.bin.2.47	914322	MQ
MFD04212.bin.2.48	90199	MQ
MFD04212.bin.2.49	226592	MQ
MFD04212.bin.2.5	403930	MQ
MFD04212.bin.2.51	91196	MQ
MFD04212.bin.2.52	785008	MQ
MFD04212.bin.2.53	96080	MQ
MFD04212.bin.2.54	468792	MQ
MFD04212.bin.2.6	596721	MQ
MFD04212.bin.2.60	183905	MQ
MFD04212.bin.2.62	80568	MQ
MFD04212.bin.2.63	367552	MQ
MFD04212.bin.2.7	1027075	MQ
MFD04212.bin.2.71	459539	MQ
MFD04212.bin.2.72	645616	MQ
MFD04212.bin.2.73	1562470	MQ
MFD04212.bin.2.8	297123	MQ
MFD04212.bin.2.81	343800	MQ
MFD04212.bin.2.89	948530	MQ
MFD04212.bin.2.9	3103426	MQ
MFD04212.bin.3.151	195526	MQ
MFD04212.bin.3.240	189474	MQ
MFD04212.bin.3.309	106964	MQ
MFD04212.bin.3.37	215645	MQ
MFD04212.bin.3.408	360426	MQ
MFD04212.bin.3.468	107088	MQ
MFD04212.bin.3.470	479949	MQ
MFD04212.bin.3.502	144226	MQ
MFD04212.bin.3.575	271345	MQ
MFD04212.bin.3.614	661599	MQ
MFD04212.bin.3.74	175704	MQ
MFD04212.bin.3.82	206557	MQ
MFD04408.bin.1.124	54985	MQ
MFD04408.bin.1.190	363033	MQ
MFD04408.bin.1.215	268155	MQ
MFD04408.bin.1.46	215030	MQ
MFD04408.bin.1.50	866073	MQ
MFD04408.bin.1.59	210137	MQ
MFD04408.bin.2.101	58348	MQ
MFD04408.bin.2.105	50881	MQ
MFD04408.bin.2.106	140815	MQ
MFD04408.bin.2.108	55584	MQ
MFD04408.bin.2.111	137290	MQ
MFD04408.bin.2.112	44561	MQ
MFD04408.bin.2.113	46113	MQ
MFD04408.bin.2.114	88185	MQ
MFD04408.bin.2.116	280515	MQ
MFD04408.bin.2.119	144113	MQ
MFD04408.bin.2.12	82927	MQ
MFD04408.bin.2.120	21217	MQ
MFD04408.bin.2.121	73318	MQ
MFD04408.bin.2.123	60898	MQ
MFD04408.bin.2.124	261954	MQ
MFD04408.bin.2.125	48747	MQ
MFD04408.bin.2.126	25933	MQ
MFD04408.bin.2.128	97537	MQ
MFD04408.bin.2.130	31299	MQ
MFD04408.bin.2.132	108801	MQ
MFD04408.bin.2.133	114026	MQ
MFD04408.bin.2.135	64398	MQ
MFD04408.bin.2.136	71621	MQ
MFD04408.bin.2.137	19211	MQ
MFD04408.bin.2.138	119231	MQ
MFD04408.bin.2.143	107159	MQ
MFD04408.bin.2.145	356643	MQ
MFD04408.bin.2.149	66621	MQ
MFD04408.bin.2.15	55854	MQ
MFD04408.bin.2.153	77966	MQ
MFD04408.bin.2.154	133660	MQ
MFD04408.bin.2.160	108819	MQ
MFD04408.bin.2.163	83287	MQ
MFD04408.bin.2.164	122265	MQ
MFD04408.bin.2.166	112274	MQ
MFD04408.bin.2.169	106909	MQ
MFD04408.bin.2.178	103938	MQ
MFD04408.bin.2.180	166452	MQ
MFD04408.bin.2.182	52642	MQ
MFD04408.bin.2.184	79211	MQ
MFD04408.bin.2.186	430682	MQ
MFD04408.bin.2.187	152139	MQ
MFD04408.bin.2.189	114343	MQ
MFD04408.bin.2.19	1389947	MQ
MFD04408.bin.2.190	287517	MQ
MFD04408.bin.2.193	98651	MQ
MFD04408.bin.2.194	136698	MQ
MFD04408.bin.2.195	848538	MQ
MFD04408.bin.2.2	58526	MQ
MFD04408.bin.2.23	52477	MQ
MFD04408.bin.2.25	842258	MQ
MFD04408.bin.2.28	213750	MQ
MFD04408.bin.2.31	2776598	MQ
MFD04408.bin.2.40	25554	MQ
MFD04408.bin.2.42	497336	MQ
MFD04408.bin.2.47	581214	MQ
MFD04408.bin.2.57	190927	MQ
MFD04408.bin.2.6	338289	MQ
MFD04408.bin.2.73	888639	MQ
MFD04408.bin.2.83	57921	MQ
MFD04408.bin.2.84	76310	MQ
MFD04408.bin.2.86	22774	MQ
MFD04408.bin.2.87	85122	MQ
MFD04408.bin.2.88	126659	MQ
MFD04408.bin.2.92	516640	MQ
MFD04408.bin.2.94	3403627	MQ
MFD04408.bin.2.96	44246	MQ
MFD04408.bin.2.99	402224	MQ
MFD04408.bin.3.102	100970	MQ
MFD04408.bin.3.196	96714	MQ
MFD04408.bin.3.200	694457	MQ
MFD04408.bin.3.226	76121	MQ
MFD04408.bin.3.285	53380	MQ
MFD04408.bin.3.3	43125	MQ
MFD04408.bin.3.32	40740	MQ
MFD04408.bin.3.343	213718	MQ
MFD04408.bin.3.357	30859	MQ
MFD04408.bin.3.38	383415	MQ
MFD04408.bin.3.55	71504	MQ
MFD04408.bin.3.73	73245	MQ
MFD04408.bin.3.77	46145	MQ
MFD04408.bin.3.80	90968	MQ
MFD04408.bin.4.246	18943	MQ
MFD04408.bin.4.34	29689	MQ
MFD04428.bin.1.3	2441183	MQ
MFD04428.bin.2.108	82147	MQ
MFD04428.bin.2.110	74148	MQ
MFD04428.bin.2.117	183594	MQ
MFD04428.bin.2.120	214308	MQ
MFD04428.bin.2.121	89981	MQ
MFD04428.bin.2.126	85558	MQ
MFD04428.bin.2.139	113680	MQ
MFD04428.bin.2.15	169499	MQ
MFD04428.bin.2.156	794310	MQ
MFD04428.bin.2.16	466779	MQ
MFD04428.bin.2.19	692947	MQ
MFD04428.bin.2.23	213541	MQ
MFD04428.bin.2.25	235866	MQ
MFD04428.bin.2.34	645955	MQ
MFD04428.bin.2.39	269280	MQ
MFD04428.bin.2.40	1999427	MQ
MFD04428.bin.2.41	313964	MQ
MFD04428.bin.2.44	2095283	MQ
MFD04428.bin.2.46	324890	MQ
MFD04428.bin.2.58	169411	MQ
MFD04428.bin.2.59	587464	MQ
MFD04428.bin.2.6	651991	MQ
MFD04428.bin.2.7	110753	MQ
MFD04428.bin.2.73	227257	MQ
MFD04428.bin.2.79	107427	MQ
MFD04428.bin.2.81	879912	MQ
MFD04428.bin.2.85	271972	MQ
MFD04428.bin.2.87	728847	MQ
MFD04428.bin.2.88	847062	MQ
MFD04428.bin.2.89	190123	MQ
MFD04428.bin.2.9	106712	MQ
MFD04428.bin.2.97	124570	MQ
MFD04428.bin.3.125	237032	MQ
MFD04428.bin.3.128	129093	MQ
MFD04428.bin.3.385	63552	MQ
MFD04428.bin.3.392	80687	MQ
MFD04428.bin.3.448	214215	MQ
MFD04428.bin.3.46	208475	MQ
MFD04428.bin.3.55	128993	MQ
MFD04428.bin.4.321	223681	MQ
MFD04428.bin.4.611	445229	MQ
MFD04434.bin.1.138	258839	MQ
MFD04434.bin.1.14	380223	MQ
MFD04434.bin.1.187	3217136	MQ
MFD04434.bin.1.191	396919	MQ
MFD04434.bin.1.202	1108634	MQ
MFD04434.bin.1.48	616860	MQ
MFD04434.bin.2.10	390179	MQ
MFD04434.bin.2.101	71893	MQ
MFD04434.bin.2.110	302541	MQ
MFD04434.bin.2.117	247029	MQ
MFD04434.bin.2.125	893074	MQ
MFD04434.bin.2.128	292724	MQ
MFD04434.bin.2.13	567158	MQ
MFD04434.bin.2.131	183461	MQ
MFD04434.bin.2.138	192555	MQ
MFD04434.bin.2.14	140103	MQ
MFD04434.bin.2.141	1172333	MQ
MFD04434.bin.2.142	482030	MQ
MFD04434.bin.2.143	826013	MQ
MFD04434.bin.2.145	178443	MQ
MFD04434.bin.2.146	916553	MQ
MFD04434.bin.2.15	687192	MQ
MFD04434.bin.2.18	813220	MQ
MFD04434.bin.2.19	739346	MQ
MFD04434.bin.2.22	382510	MQ
MFD04434.bin.2.23	640022	MQ
MFD04434.bin.2.26	290571	MQ
MFD04434.bin.2.29	192155	MQ
MFD04434.bin.2.30	2096346	MQ
MFD04434.bin.2.32	287434	MQ
MFD04434.bin.2.33	445373	MQ
MFD04434.bin.2.36	1483628	MQ
MFD04434.bin.2.38	167697	MQ
MFD04434.bin.2.40	399049	MQ
MFD04434.bin.2.42	148416	MQ
MFD04434.bin.2.46	301645	MQ
MFD04434.bin.2.50	840141	MQ
MFD04434.bin.2.51	284487	MQ
MFD04434.bin.2.6	5008362	MQ
MFD04434.bin.2.61	881937	MQ
MFD04434.bin.2.73	589823	MQ
MFD04434.bin.2.75	475977	MQ
MFD04434.bin.2.76	1891829	MQ
MFD04434.bin.2.78	352429	MQ
MFD04434.bin.2.8	183871	MQ
MFD04434.bin.2.88	306474	MQ
MFD04434.bin.2.9	310859	MQ
MFD04434.bin.2.93	316060	MQ
MFD04434.bin.2.94	294159	MQ
MFD04434.bin.3.182	129565	MQ
MFD04434.bin.3.229	309671	MQ
MFD04434.bin.3.237	249458	MQ
MFD04434.bin.3.42	176361	MQ
MFD04434.bin.3.45	124718	MQ
MFD04434.bin.3.71	123669	MQ
MFD04434.bin.4.88	197765	MQ
MFD04463.bin.1.210	853594	MQ
MFD04463.bin.1.228	798301	MQ
MFD04463.bin.1.235	930079	MQ
MFD04463.bin.1.70	1167714	MQ
MFD04463.bin.1.84	624327	MQ
MFD04463.bin.2.10	4103208	MQ
MFD04463.bin.2.100	784125	MQ
MFD04463.bin.2.101	188882	MQ
MFD04463.bin.2.104	285097	MQ
MFD04463.bin.2.105	244244	MQ
MFD04463.bin.2.107	1526741	MQ
MFD04463.bin.2.108	141805	MQ
MFD04463.bin.2.111	636312	MQ
MFD04463.bin.2.113	460214	MQ
MFD04463.bin.2.12	356621	MQ
MFD04463.bin.2.123	1308503	MQ
MFD04463.bin.2.13	142589	MQ
MFD04463.bin.2.136	88653	MQ
MFD04463.bin.2.14	555517	MQ
MFD04463.bin.2.142	215370	MQ
MFD04463.bin.2.144	359171	MQ
MFD04463.bin.2.145	501674	MQ
MFD04463.bin.2.146	86751	MQ
MFD04463.bin.2.147	894131	MQ
MFD04463.bin.2.156	767848	MQ
MFD04463.bin.2.157	1872336	MQ
MFD04463.bin.2.158	305484	MQ
MFD04463.bin.2.159	353674	MQ
MFD04463.bin.2.16	631907	MQ
MFD04463.bin.2.162	601425	MQ
MFD04463.bin.2.165	115127	MQ
MFD04463.bin.2.167	445813	MQ
MFD04463.bin.2.174	664451	MQ
MFD04463.bin.2.175	1286831	MQ
MFD04463.bin.2.177	827192	MQ
MFD04463.bin.2.18	601430	MQ
MFD04463.bin.2.181	928479	MQ
MFD04463.bin.2.184	354242	MQ
MFD04463.bin.2.185	1227938	MQ
MFD04463.bin.2.187	745712	MQ
MFD04463.bin.2.19	322328	MQ
MFD04463.bin.2.191	221281	MQ
MFD04463.bin.2.192	86445	MQ
MFD04463.bin.2.194	375432	MQ
MFD04463.bin.2.196	456688	MQ
MFD04463.bin.2.20	1106535	MQ
MFD04463.bin.2.201	500041	MQ
MFD04463.bin.2.202	291886	MQ
MFD04463.bin.2.207	1917320	MQ
MFD04463.bin.2.208	679355	MQ
MFD04463.bin.2.21	144542	MQ
MFD04463.bin.2.212	1506871	MQ
MFD04463.bin.2.213	309015	MQ
MFD04463.bin.2.214	1630852	MQ
MFD04463.bin.2.215	306341	MQ
MFD04463.bin.2.219	319443	MQ
MFD04463.bin.2.220	125610	MQ
MFD04463.bin.2.221	1256906	MQ
MFD04463.bin.2.226	1507250	MQ
MFD04463.bin.2.227	553090	MQ
MFD04463.bin.2.228	4382268	MQ
MFD04463.bin.2.229	493670	MQ
MFD04463.bin.2.23	659949	MQ
MFD04463.bin.2.232	1438493	MQ
MFD04463.bin.2.25	2515759	MQ
MFD04463.bin.2.28	390473	MQ
MFD04463.bin.2.29	1113770	MQ
MFD04463.bin.2.3	1423629	MQ
MFD04463.bin.2.33	3302304	MQ
MFD04463.bin.2.34	198808	MQ
MFD04463.bin.2.36	756909	MQ
MFD04463.bin.2.4	1248132	MQ
MFD04463.bin.2.44	1965317	MQ
MFD04463.bin.2.45	108223	MQ
MFD04463.bin.2.46	218452	MQ
MFD04463.bin.2.51	311085	MQ
MFD04463.bin.2.57	555113	MQ
MFD04463.bin.2.6	1665482	MQ
MFD04463.bin.2.62	140280	MQ
MFD04463.bin.2.63	841221	MQ
MFD04463.bin.2.67	504066	MQ
MFD04463.bin.2.69	152217	MQ
MFD04463.bin.2.7	574247	MQ
MFD04463.bin.2.71	639626	MQ
MFD04463.bin.2.74	170499	MQ
MFD04463.bin.2.76	601271	MQ
MFD04463.bin.2.79	626019	MQ
MFD04463.bin.2.80	433193	MQ
MFD04463.bin.2.81	572331	MQ
MFD04463.bin.2.82	647338	MQ
MFD04463.bin.2.86	457152	MQ
MFD04463.bin.2.87	1922251	MQ
MFD04463.bin.2.88	446514	MQ
MFD04463.bin.2.96	133814	MQ
MFD04463.bin.2.97	673919	MQ
MFD04463.bin.3.111	189764	MQ
MFD04463.bin.3.136	308534	MQ
MFD04463.bin.3.148	886068	MQ
MFD04463.bin.3.208	110941	MQ
MFD04463.bin.3.342	579424	MQ
MFD04463.bin.3.6	626132	MQ
MFD04463.bin.3.94	290429	MQ
MFD04463.bin.4.524	163919	MQ
MFD04492.bin.1.130	163598	MQ
MFD04492.bin.1.163	507640	MQ
MFD04492.bin.2.1	2408393	MQ
MFD04492.bin.2.10	158969	MQ
MFD04492.bin.2.100	334624	MQ
MFD04492.bin.2.103	74711	MQ
MFD04492.bin.2.104	53129	MQ
MFD04492.bin.2.105	117468	MQ
MFD04492.bin.2.106	91197	MQ
MFD04492.bin.2.107	545064	MQ
MFD04492.bin.2.109	121556	MQ
MFD04492.bin.2.111	69008	MQ
MFD04492.bin.2.113	119919	MQ
MFD04492.bin.2.114	65430	MQ
MFD04492.bin.2.115	235913	MQ
MFD04492.bin.2.117	78632	MQ
MFD04492.bin.2.118	49730	MQ
MFD04492.bin.2.12	112409	MQ
MFD04492.bin.2.120	325249	MQ
MFD04492.bin.2.122	1496855	MQ
MFD04492.bin.2.123	486530	MQ
MFD04492.bin.2.127	579774	MQ
MFD04492.bin.2.129	2916282	MQ
MFD04492.bin.2.13	35534	MQ
MFD04492.bin.2.131	67592	MQ
MFD04492.bin.2.132	276248	MQ
MFD04492.bin.2.134	666974	MQ
MFD04492.bin.2.137	42226	MQ
MFD04492.bin.2.144	78028	MQ
MFD04492.bin.2.147	19941	MQ
MFD04492.bin.2.15	60228	MQ
MFD04492.bin.2.153	217721	MQ
MFD04492.bin.2.154	27327	MQ
MFD04492.bin.2.156	164761	MQ
MFD04492.bin.2.157	56510	MQ
MFD04492.bin.2.16	80145	MQ
MFD04492.bin.2.162	412548	MQ
MFD04492.bin.2.164	620178	MQ
MFD04492.bin.2.165	222236	MQ
MFD04492.bin.2.17	187451	MQ
MFD04492.bin.2.18	197426	MQ
MFD04492.bin.2.2	75436	MQ
MFD04492.bin.2.22	128207	MQ
MFD04492.bin.2.26	139281	MQ
MFD04492.bin.2.27	323021	MQ
MFD04492.bin.2.29	83193	MQ
MFD04492.bin.2.31	114557	MQ
MFD04492.bin.2.32	480277	MQ
MFD04492.bin.2.38	113146	MQ
MFD04492.bin.2.4	128248	MQ
MFD04492.bin.2.43	57605	MQ
MFD04492.bin.2.44	29941	MQ
MFD04492.bin.2.45	68539	MQ
MFD04492.bin.2.50	72977	MQ
MFD04492.bin.2.51	148093	MQ
MFD04492.bin.2.52	199352	MQ
MFD04492.bin.2.53	117154	MQ
MFD04492.bin.2.64	128488	MQ
MFD04492.bin.2.7	2968949	MQ
MFD04492.bin.2.79	100052	MQ
MFD04492.bin.2.8	61675	MQ
MFD04492.bin.2.85	168801	MQ
MFD04492.bin.2.86	145256	MQ
MFD04492.bin.2.89	858520	MQ
MFD04492.bin.2.9	289079	MQ
MFD04492.bin.2.96	366106	MQ
MFD04492.bin.2.97	452436	MQ
MFD04492.bin.2.98	80684	MQ
MFD04492.bin.2.99	66125	MQ
MFD04492.bin.3.137	83797	MQ
MFD04492.bin.3.148	127218	MQ
MFD04492.bin.3.210	89411	MQ
MFD04492.bin.3.60	71083	MQ
MFD04492.bin.3.7	457575	MQ
MFD04492.bin.3.97	394197	MQ
MFD04492.bin.4.99	2138206	MQ
MFD04540.bin.1.136	91928	MQ
MFD04540.bin.1.15	154178	MQ
MFD04540.bin.1.156	1955304	MQ
MFD04540.bin.1.22	705516	MQ
MFD04540.bin.1.75	75604	MQ
MFD04540.bin.2.10	804283	MQ
MFD04540.bin.2.101	188192	MQ
MFD04540.bin.2.104	414108	MQ
MFD04540.bin.2.11	157086	MQ
MFD04540.bin.2.12	829201	MQ
MFD04540.bin.2.13	3210292	MQ
MFD04540.bin.2.15	292525	MQ
MFD04540.bin.2.17	86701	MQ
MFD04540.bin.2.19	88940	MQ
MFD04540.bin.2.21	419337	MQ
MFD04540.bin.2.23	219328	MQ
MFD04540.bin.2.24	274066	MQ
MFD04540.bin.2.25	287907	MQ
MFD04540.bin.2.26	210849	MQ
MFD04540.bin.2.28	549900	MQ
MFD04540.bin.2.29	552512	MQ
MFD04540.bin.2.3	25592	MQ
MFD04540.bin.2.30	957464	MQ
MFD04540.bin.2.31	696570	MQ
MFD04540.bin.2.35	429219	MQ
MFD04540.bin.2.36	351878	MQ
MFD04540.bin.2.38	44792	MQ
MFD04540.bin.2.39	473120	MQ
MFD04540.bin.2.40	21758	MQ
MFD04540.bin.2.41	651933	MQ
MFD04540.bin.2.42	46339	MQ
MFD04540.bin.2.43	32978	MQ
MFD04540.bin.2.44	22144	MQ
MFD04540.bin.2.45	197240	MQ
MFD04540.bin.2.46	116159	MQ
MFD04540.bin.2.47	30311	MQ
MFD04540.bin.2.48	280551	MQ
MFD04540.bin.2.50	16567	MQ
MFD04540.bin.2.51	113835	MQ
MFD04540.bin.2.52	93339	MQ
MFD04540.bin.2.53	113076	MQ
MFD04540.bin.2.54	632655	MQ
MFD04540.bin.2.55	14102	MQ
MFD04540.bin.2.56	236620	MQ
MFD04540.bin.2.57	24797	MQ
MFD04540.bin.2.58	48519	MQ
MFD04540.bin.2.59	146630	MQ
MFD04540.bin.2.6	2205265	MQ
MFD04540.bin.2.61	18383	MQ
MFD04540.bin.2.62	641720	MQ
MFD04540.bin.2.63	18395	MQ
MFD04540.bin.2.64	28792	MQ
MFD04540.bin.2.69	112100	MQ
MFD04540.bin.2.74	20900	MQ
MFD04540.bin.2.77	45729	MQ
MFD04540.bin.2.78	215927	MQ
MFD04540.bin.2.79	2275604	MQ
MFD04540.bin.2.81	566366	MQ
MFD04540.bin.2.84	575174	MQ
MFD04540.bin.2.87	1438867	MQ
MFD04540.bin.2.92	831378	MQ
MFD04540.bin.2.93	659239	MQ
MFD04540.bin.2.95	454270	MQ
MFD04540.bin.2.97	178275	MQ
MFD04540.bin.2.99	67915	MQ
MFD04540.bin.3.125	162489	MQ
MFD04540.bin.3.143	35651	MQ
MFD04540.bin.3.16	391675	MQ
MFD04540.bin.3.176	328846	MQ
MFD04540.bin.3.177	444104	MQ
MFD04540.bin.3.21	191338	MQ
MFD04540.bin.3.212	128374	MQ
MFD04540.bin.3.34	314949	MQ
MFD04540.bin.3.47	175026	MQ
MFD04540.bin.3.53	78073	MQ
MFD04540.bin.3.55	47457	MQ
MFD04540.bin.3.9	71114	MQ
MFD04540.bin.4.124	193054	MQ
MFD04540.bin.4.14	63540	MQ
MFD04540.bin.4.150	115179	MQ
MFD04540.bin.4.56	84230	MQ
MFD04570.bin.1.2	407882	MQ
MFD04570.bin.1.50	547728	MQ
MFD04570.bin.1.60	736372	MQ
MFD04570.bin.2.106	212860	MQ
MFD04570.bin.2.107	102380	MQ
MFD04570.bin.2.112	145009	MQ
MFD04570.bin.2.116	157893	MQ
MFD04570.bin.2.12	153233	MQ
MFD04570.bin.2.4	3041662	MQ
MFD04570.bin.2.48	1349685	MQ
MFD04570.bin.2.58	68675	MQ
MFD04570.bin.2.66	117169	MQ
MFD04570.bin.2.67	230521	MQ
MFD04570.bin.2.80	139009	MQ
MFD04570.bin.2.95	444641	MQ
MFD04570.bin.3.119	70960	MQ
MFD04570.bin.3.144	155824	MQ
MFD04570.bin.3.19	66263	MQ
MFD04570.bin.3.20	56618	MQ
MFD04570.bin.3.376	41541	MQ
MFD04570.bin.3.404	39705	MQ
MFD04570.bin.3.94	71827	MQ
MFD04570.bin.4.28	271418	MQ
MFD04570.bin.4.556	36362	MQ
MFD04570.bin.4.596	88143	MQ
MFD04580.bin.1.142	724569	MQ
MFD04580.bin.1.169	960049	MQ
MFD04580.bin.1.24	290838	MQ
MFD04580.bin.1.41	560516	MQ
MFD04580.bin.1.75	2059069	MQ
MFD04580.bin.1.77	1336400	MQ
MFD04580.bin.2.1	1695043	MQ
MFD04580.bin.2.10	4033955	MQ
MFD04580.bin.2.104	597203	MQ
MFD04580.bin.2.109	112366	MQ
MFD04580.bin.2.11	90760	MQ
MFD04580.bin.2.110	234717	MQ
MFD04580.bin.2.111	506127	MQ
MFD04580.bin.2.112	314482	MQ
MFD04580.bin.2.113	707501	MQ
MFD04580.bin.2.116	492634	MQ
MFD04580.bin.2.117	348612	MQ
MFD04580.bin.2.119	909353	MQ
MFD04580.bin.2.12	390198	MQ
MFD04580.bin.2.121	124625	MQ
MFD04580.bin.2.122	235216	MQ
MFD04580.bin.2.123	268791	MQ
MFD04580.bin.2.124	1592738	MQ
MFD04580.bin.2.125	162428	MQ
MFD04580.bin.2.129	311002	MQ
MFD04580.bin.2.13	1010651	MQ
MFD04580.bin.2.131	179863	MQ
MFD04580.bin.2.132	421409	MQ
MFD04580.bin.2.14	203267	MQ
MFD04580.bin.2.15	185596	MQ
MFD04580.bin.2.2	345179	MQ
MFD04580.bin.2.20	1161516	MQ
MFD04580.bin.2.21	197492	MQ
MFD04580.bin.2.23	532388	MQ
MFD04580.bin.2.24	2399101	MQ
MFD04580.bin.2.25	465774	MQ
MFD04580.bin.2.26	850805	MQ
MFD04580.bin.2.28	249273	MQ
MFD04580.bin.2.3	121715	MQ
MFD04580.bin.2.30	272323	MQ
MFD04580.bin.2.47	332422	MQ
MFD04580.bin.2.49	1675236	MQ
MFD04580.bin.2.5	176144	MQ
MFD04580.bin.2.50	777679	MQ
MFD04580.bin.2.53	142872	MQ
MFD04580.bin.2.54	738409	MQ
MFD04580.bin.2.56	403533	MQ
MFD04580.bin.2.57	906673	MQ
MFD04580.bin.2.58	100638	MQ
MFD04580.bin.2.6	3110532	MQ
MFD04580.bin.2.60	64783	MQ
MFD04580.bin.2.61	129683	MQ
MFD04580.bin.2.66	235388	MQ
MFD04580.bin.2.67	169710	MQ
MFD04580.bin.2.7	389577	MQ
MFD04580.bin.2.71	169664	MQ
MFD04580.bin.2.72	181279	MQ
MFD04580.bin.2.74	248476	MQ
MFD04580.bin.2.75	510744	MQ
MFD04580.bin.2.77	472430	MQ
MFD04580.bin.2.78	323453	MQ
MFD04580.bin.2.79	179655	MQ
MFD04580.bin.2.82	270354	MQ
MFD04580.bin.2.85	756912	MQ
MFD04580.bin.2.86	60378	MQ
MFD04580.bin.2.87	1873313	MQ
MFD04580.bin.2.88	103454	MQ
MFD04580.bin.2.9	201638	MQ
MFD04580.bin.2.91	208190	MQ
MFD04580.bin.2.93	397310	MQ
MFD04580.bin.2.95	393948	MQ
MFD04580.bin.2.97	2691103	MQ
MFD04580.bin.2.99	1324559	MQ
MFD04580.bin.3.102	68284	MQ
MFD04580.bin.3.103	87704	MQ
MFD04580.bin.3.11	392455	MQ
MFD04580.bin.3.130	333180	MQ
MFD04580.bin.3.141	952813	MQ
MFD04580.bin.3.145	233729	MQ
MFD04580.bin.3.179	165144	MQ
MFD04580.bin.3.181	65254	MQ
MFD04580.bin.3.183	113014	MQ
MFD04580.bin.3.31	295626	MQ
MFD04580.bin.3.361	219111	MQ
MFD04580.bin.3.64	385884	MQ
MFD04580.bin.4.256	58730	MQ
MFD04651.bin.1.130	1296701	MQ
MFD04651.bin.1.142	958728	MQ
MFD04651.bin.1.20	1020282	MQ
MFD04651.bin.1.38	559277	MQ
MFD04651.bin.1.45	294435	MQ
MFD04651.bin.2.10	368362	MQ
MFD04651.bin.2.101	333300	MQ
MFD04651.bin.2.102	672433	MQ
MFD04651.bin.2.103	569185	MQ
MFD04651.bin.2.105	350091	MQ
MFD04651.bin.2.106	304781	MQ
MFD04651.bin.2.108	618672	MQ
MFD04651.bin.2.114	782061	MQ
MFD04651.bin.2.115	2779680	MQ
MFD04651.bin.2.116	257916	MQ
MFD04651.bin.2.118	455459	MQ
MFD04651.bin.2.119	250964	MQ
MFD04651.bin.2.12	624452	MQ
MFD04651.bin.2.120	155985	MQ
MFD04651.bin.2.121	297711	MQ
MFD04651.bin.2.122	594070	MQ
MFD04651.bin.2.123	151113	MQ
MFD04651.bin.2.124	229339	MQ
MFD04651.bin.2.126	217734	MQ
MFD04651.bin.2.127	180812	MQ
MFD04651.bin.2.128	220520	MQ
MFD04651.bin.2.129	96528	MQ
MFD04651.bin.2.131	306098	MQ
MFD04651.bin.2.132	474127	MQ
MFD04651.bin.2.133	1397307	MQ
MFD04651.bin.2.136	318875	MQ
MFD04651.bin.2.137	310286	MQ
MFD04651.bin.2.139	380674	MQ
MFD04651.bin.2.142	842787	MQ
MFD04651.bin.2.145	853960	MQ
MFD04651.bin.2.146	389156	MQ
MFD04651.bin.2.149	635507	MQ
MFD04651.bin.2.15	291991	MQ
MFD04651.bin.2.152	211333	MQ
MFD04651.bin.2.153	616823	MQ
MFD04651.bin.2.154	408668	MQ
MFD04651.bin.2.155	273865	MQ
MFD04651.bin.2.156	117284	MQ
MFD04651.bin.2.158	412441	MQ
MFD04651.bin.2.161	156514	MQ
MFD04651.bin.2.164	309514	MQ
MFD04651.bin.2.165	315154	MQ
MFD04651.bin.2.167	966053	MQ
MFD04651.bin.2.168	448905	MQ
MFD04651.bin.2.170	209360	MQ
MFD04651.bin.2.171	180003	MQ
MFD04651.bin.2.173	300099	MQ
MFD04651.bin.2.174	447567	MQ
MFD04651.bin.2.180	499058	MQ
MFD04651.bin.2.182	1017820	MQ
MFD04651.bin.2.2	667481	MQ
MFD04651.bin.2.20	134924	MQ
MFD04651.bin.2.22	351680	MQ
MFD04651.bin.2.23	875371	MQ
MFD04651.bin.2.28	112458	MQ
MFD04651.bin.2.29	198712	MQ
MFD04651.bin.2.30	362686	MQ
MFD04651.bin.2.31	217023	MQ
MFD04651.bin.2.32	183373	MQ
MFD04651.bin.2.34	4501011	MQ
MFD04651.bin.2.36	4352734	MQ
MFD04651.bin.2.38	752117	MQ
MFD04651.bin.2.39	1281396	MQ
MFD04651.bin.2.40	173539	MQ
MFD04651.bin.2.41	1859840	MQ
MFD04651.bin.2.42	2140877	MQ
MFD04651.bin.2.43	77486	MQ
MFD04651.bin.2.44	247014	MQ
MFD04651.bin.2.46	379423	MQ
MFD04651.bin.2.48	285188	MQ
MFD04651.bin.2.49	621112	MQ
MFD04651.bin.2.52	372612	MQ
MFD04651.bin.2.53	202651	MQ
MFD04651.bin.2.55	118467	MQ
MFD04651.bin.2.57	209903	MQ
MFD04651.bin.2.58	195550	MQ
MFD04651.bin.2.6	194685	MQ
MFD04651.bin.2.61	168254	MQ
MFD04651.bin.2.62	150513	MQ
MFD04651.bin.2.7	166111	MQ
MFD04651.bin.2.72	105099	MQ
MFD04651.bin.2.75	498496	MQ
MFD04651.bin.2.77	138323	MQ
MFD04651.bin.2.8	156697	MQ
MFD04651.bin.2.81	306116	MQ
MFD04651.bin.2.84	179855	MQ
MFD04651.bin.2.88	243680	MQ
MFD04651.bin.2.9	357696	MQ
MFD04651.bin.2.90	512187	MQ
MFD04651.bin.2.91	429737	MQ
MFD04651.bin.2.94	679694	MQ
MFD04651.bin.2.95	983991	MQ
MFD04651.bin.2.97	261157	MQ
MFD04651.bin.2.98	900198	MQ
MFD04651.bin.2.99	389367	MQ
MFD04651.bin.3.107	151113	MQ
MFD04651.bin.3.129	101840	MQ
MFD04651.bin.3.130	77831	MQ
MFD04651.bin.3.154	753784	MQ
MFD04651.bin.3.182	112614	MQ
MFD04651.bin.3.237	256449	MQ
MFD04651.bin.3.366	73475	MQ
MFD04651.bin.3.44	120103	MQ
MFD04651.bin.3.7	109542	MQ
MFD04651.bin.3.78	241325	MQ
MFD04651.bin.4.368	291297	MQ
MFD04651.bin.4.75	441917	MQ
MFD04716.bin.1.121	265593	MQ
MFD04716.bin.1.126	770905	MQ
MFD04716.bin.1.162	455071	MQ
MFD04716.bin.1.223	139563	MQ
MFD04716.bin.1.357	279493	MQ
MFD04716.bin.1.69	645415	MQ
MFD04716.bin.1.80	353771	MQ
MFD04716.bin.2.100	170103	MQ
MFD04716.bin.2.101	332516	MQ
MFD04716.bin.2.102	112864	MQ
MFD04716.bin.2.103	461114	MQ
MFD04716.bin.2.104	149969	MQ
MFD04716.bin.2.108	184877	MQ
MFD04716.bin.2.109	146600	MQ
MFD04716.bin.2.110	106920	MQ
MFD04716.bin.2.111	89287	MQ
MFD04716.bin.2.112	161681	MQ
MFD04716.bin.2.115	249679	MQ
MFD04716.bin.2.116	201473	MQ
MFD04716.bin.2.120	246651	MQ
MFD04716.bin.2.127	113505	MQ
MFD04716.bin.2.130	340456	MQ
MFD04716.bin.2.14	808926	MQ
MFD04716.bin.2.141	240256	MQ
MFD04716.bin.2.143	109923	MQ
MFD04716.bin.2.148	245616	MQ
MFD04716.bin.2.159	762066	MQ
MFD04716.bin.2.161	154736	MQ
MFD04716.bin.2.168	644953	MQ
MFD04716.bin.2.17	1772513	MQ
MFD04716.bin.2.170	141272	MQ
MFD04716.bin.2.173	1521877	MQ
MFD04716.bin.2.174	367956	MQ
MFD04716.bin.2.176	578576	MQ
MFD04716.bin.2.177	96892	MQ
MFD04716.bin.2.178	941391	MQ
MFD04716.bin.2.180	220493	MQ
MFD04716.bin.2.181	458163	MQ
MFD04716.bin.2.183	520105	MQ
MFD04716.bin.2.184	417424	MQ
MFD04716.bin.2.185	703933	MQ
MFD04716.bin.2.187	660991	MQ
MFD04716.bin.2.188	211425	MQ
MFD04716.bin.2.189	2076912	MQ
MFD04716.bin.2.190	1617670	MQ
MFD04716.bin.2.191	235795	MQ
MFD04716.bin.2.192	175638	MQ
MFD04716.bin.2.193	180994	MQ
MFD04716.bin.2.196	197634	MQ
MFD04716.bin.2.212	276501	MQ
MFD04716.bin.2.213	242441	MQ
MFD04716.bin.2.215	223613	MQ
MFD04716.bin.2.216	153220	MQ
MFD04716.bin.2.217	240367	MQ
MFD04716.bin.2.219	122023	MQ
MFD04716.bin.2.223	376482	MQ
MFD04716.bin.2.225	774648	MQ
MFD04716.bin.2.226	430065	MQ
MFD04716.bin.2.229	208496	MQ
MFD04716.bin.2.232	2490257	MQ
MFD04716.bin.2.236	204742	MQ
MFD04716.bin.2.239	368677	MQ
MFD04716.bin.2.240	2207756	MQ
MFD04716.bin.2.242	589978	MQ
MFD04716.bin.2.246	3065335	MQ
MFD04716.bin.2.251	643905	MQ
MFD04716.bin.2.253	105727	MQ
MFD04716.bin.2.254	184314	MQ
MFD04716.bin.2.256	246660	MQ
MFD04716.bin.2.259	313670	MQ
MFD04716.bin.2.261	384583	MQ
MFD04716.bin.2.262	199059	MQ
MFD04716.bin.2.264	132316	MQ
MFD04716.bin.2.267	543138	MQ
MFD04716.bin.2.269	251087	MQ
MFD04716.bin.2.274	982451	MQ
MFD04716.bin.2.275	135376	MQ
MFD04716.bin.2.29	256343	MQ
MFD04716.bin.2.292	87344	MQ
MFD04716.bin.2.293	457518	MQ
MFD04716.bin.2.296	1159432	MQ
MFD04716.bin.2.297	193160	MQ
MFD04716.bin.2.298	235997	MQ
MFD04716.bin.2.305	305329	MQ
MFD04716.bin.2.306	199154	MQ
MFD04716.bin.2.307	448154	MQ
MFD04716.bin.2.31	332260	MQ
MFD04716.bin.2.310	359649	MQ
MFD04716.bin.2.314	94600	MQ
MFD04716.bin.2.315	494958	MQ
MFD04716.bin.2.316	270073	MQ
MFD04716.bin.2.32	236020	MQ
MFD04716.bin.2.320	682781	MQ
MFD04716.bin.2.322	309871	MQ
MFD04716.bin.2.33	410197	MQ
MFD04716.bin.2.35	192279	MQ
MFD04716.bin.2.36	165161	MQ
MFD04716.bin.2.43	1028812	MQ
MFD04716.bin.2.48	1285682	MQ
MFD04716.bin.2.49	305983	MQ
MFD04716.bin.2.50	307098	MQ
MFD04716.bin.2.51	755945	MQ
MFD04716.bin.2.53	327077	MQ
MFD04716.bin.2.54	84391	MQ
MFD04716.bin.2.57	152763	MQ
MFD04716.bin.2.6	290805	MQ
MFD04716.bin.2.60	580628	MQ
MFD04716.bin.2.61	1022463	MQ
MFD04716.bin.2.62	654454	MQ
MFD04716.bin.2.64	192138	MQ
MFD04716.bin.2.67	598140	MQ
MFD04716.bin.2.68	252323	MQ
MFD04716.bin.2.7	1341166	MQ
MFD04716.bin.2.70	2848236	MQ
MFD04716.bin.2.72	298422	MQ
MFD04716.bin.2.78	129471	MQ
MFD04716.bin.2.80	536846	MQ
MFD04716.bin.2.81	252735	MQ
MFD04716.bin.2.88	596007	MQ
MFD04716.bin.2.89	268238	MQ
MFD04716.bin.2.9	512790	MQ
MFD04716.bin.2.91	371668	MQ
MFD04716.bin.2.92	153317	MQ
MFD04716.bin.2.93	269749	MQ
MFD04716.bin.3.15	359334	MQ
MFD04716.bin.3.162	367290	MQ
MFD04716.bin.3.165	121532	MQ
MFD04716.bin.3.17	809920	MQ
MFD04716.bin.3.184	190586	MQ
MFD04716.bin.3.19	495018	MQ
MFD04716.bin.3.205	69632	MQ
MFD04716.bin.3.258	171956	MQ
MFD04716.bin.3.272	65515	MQ
MFD04716.bin.3.275	440863	MQ
MFD04716.bin.3.279	140464	MQ
MFD04716.bin.3.284	407431	MQ
MFD04716.bin.3.320	171552	MQ
MFD04716.bin.3.326	70044	MQ
MFD04716.bin.3.335	514690	MQ
MFD04716.bin.3.342	412681	MQ
MFD04716.bin.3.355	384938	MQ
MFD04716.bin.3.364	257474	MQ
MFD04716.bin.3.385	148815	MQ
MFD04716.bin.3.389	190022	MQ
MFD04716.bin.3.391	173098	MQ
MFD04716.bin.3.418	836743	MQ
MFD04716.bin.3.43	170859	MQ
MFD04716.bin.3.457	138204	MQ
MFD04716.bin.3.469	1335169	MQ
MFD04716.bin.3.485	180256	MQ
MFD04716.bin.3.56	155888	MQ
MFD04716.bin.3.589	65130	MQ
MFD04716.bin.3.597	188861	MQ
MFD04716.bin.3.624	536848	MQ
MFD04716.bin.3.684	230244	MQ
MFD04716.bin.3.7	175225	MQ
MFD04716.bin.3.727	254986	MQ
MFD04716.bin.3.754	408819	MQ
MFD04716.bin.3.812	211059	MQ
MFD04716.bin.3.827	206442	MQ
MFD04716.bin.4.291	130219	MQ
MFD04716.bin.4.337	368820	MQ
MFD04716.bin.4.536	132659	MQ
MFD04752.bin.1.158	161526	MQ
MFD04752.bin.1.19	90457	MQ
MFD04752.bin.1.31	134393	MQ
MFD04752.bin.1.45	43591	MQ
MFD04752.bin.2.1	32417	MQ
MFD04752.bin.2.102	30344	MQ
MFD04752.bin.2.103	9743	MQ
MFD04752.bin.2.106	722146	MQ
MFD04752.bin.2.113	24896	MQ
MFD04752.bin.2.116	6834	MQ
MFD04752.bin.2.125	62754	MQ
MFD04752.bin.2.14	164406	MQ
MFD04752.bin.2.18	105707	MQ
MFD04752.bin.2.21	15697	MQ
MFD04752.bin.2.24	2830750	MQ
MFD04752.bin.2.3	15653	MQ
MFD04752.bin.2.33	6879	MQ
MFD04752.bin.2.39	192991	MQ
MFD04752.bin.2.4	13543	MQ
MFD04752.bin.2.45	12376	MQ
MFD04752.bin.2.53	11330	MQ
MFD04752.bin.2.55	58061	MQ
MFD04752.bin.2.61	38240	MQ
MFD04752.bin.2.64	13609	MQ
MFD04752.bin.2.65	8855	MQ
MFD04752.bin.2.67	7607	MQ
MFD04752.bin.2.70	24804	MQ
MFD04752.bin.2.77	7056	MQ
MFD04752.bin.2.81	10357	MQ
MFD04752.bin.2.83	22786	MQ
MFD04752.bin.2.93	31746	MQ
MFD04752.bin.2.94	32866	MQ
MFD04752.bin.2.95	22256	MQ
MFD04752.bin.2.97	84603	MQ
MFD04752.bin.2.99	32514	MQ
MFD04752.bin.3.136	7681	MQ
MFD04752.bin.3.16	28444	MQ
MFD04752.bin.3.19	49086	MQ
MFD04752.bin.3.23	63514	MQ
MFD04752.bin.3.3	44016	MQ
MFD04752.bin.3.6	46319	MQ
MFD04752.bin.4.78	9316	MQ
MFD04780.bin.1.17	133992	MQ
MFD04780.bin.1.203	302992	MQ
MFD04780.bin.1.60	269801	MQ
MFD04780.bin.1.63	351154	MQ
MFD04780.bin.2.1	41269	MQ
MFD04780.bin.2.100	502595	MQ
MFD04780.bin.2.103	140942	MQ
MFD04780.bin.2.106	66093	MQ
MFD04780.bin.2.107	81021	MQ
MFD04780.bin.2.109	176165	MQ
MFD04780.bin.2.110	224594	MQ
MFD04780.bin.2.111	58883	MQ
MFD04780.bin.2.114	23647	MQ
MFD04780.bin.2.115	798365	MQ
MFD04780.bin.2.12	304976	MQ
MFD04780.bin.2.122	63291	MQ
MFD04780.bin.2.123	114210	MQ
MFD04780.bin.2.124	77395	MQ
MFD04780.bin.2.127	219457	MQ
MFD04780.bin.2.128	288029	MQ
MFD04780.bin.2.130	268069	MQ
MFD04780.bin.2.132	80568	MQ
MFD04780.bin.2.133	75049	MQ
MFD04780.bin.2.135	176991	MQ
MFD04780.bin.2.137	45461	MQ
MFD04780.bin.2.138	163778	MQ
MFD04780.bin.2.140	62049	MQ
MFD04780.bin.2.141	93971	MQ
MFD04780.bin.2.143	46338	MQ
MFD04780.bin.2.148	163213	MQ
MFD04780.bin.2.15	69667	MQ
MFD04780.bin.2.150	60614	MQ
MFD04780.bin.2.151	63216	MQ
MFD04780.bin.2.152	53627	MQ
MFD04780.bin.2.156	227585	MQ
MFD04780.bin.2.159	59656	MQ
MFD04780.bin.2.16	268255	MQ
MFD04780.bin.2.166	56232	MQ
MFD04780.bin.2.170	52930	MQ
MFD04780.bin.2.175	183171	MQ
MFD04780.bin.2.176	222358	MQ
MFD04780.bin.2.178	84911	MQ
MFD04780.bin.2.179	87614	MQ
MFD04780.bin.2.19	226861	MQ
MFD04780.bin.2.20	43058	MQ
MFD04780.bin.2.21	26350	MQ
MFD04780.bin.2.26	83576	MQ
MFD04780.bin.2.28	84030	MQ
MFD04780.bin.2.30	50953	MQ
MFD04780.bin.2.31	139945	MQ
MFD04780.bin.2.32	295297	MQ
MFD04780.bin.2.33	28722	MQ
MFD04780.bin.2.37	103880	MQ
MFD04780.bin.2.39	59466	MQ
MFD04780.bin.2.4	65878	MQ
MFD04780.bin.2.40	53464	MQ
MFD04780.bin.2.41	21270	MQ
MFD04780.bin.2.44	87313	MQ
MFD04780.bin.2.51	94309	MQ
MFD04780.bin.2.52	44218	MQ
MFD04780.bin.2.54	88046	MQ
MFD04780.bin.2.55	95508	MQ
MFD04780.bin.2.56	47183	MQ
MFD04780.bin.2.59	172781	MQ
MFD04780.bin.2.60	42833	MQ
MFD04780.bin.2.65	83559	MQ
MFD04780.bin.2.68	77433	MQ
MFD04780.bin.2.85	78920	MQ
MFD04780.bin.2.86	378407	MQ
MFD04780.bin.2.87	107033	MQ
MFD04780.bin.2.9	203060	MQ
MFD04780.bin.2.94	107970	MQ
MFD04780.bin.2.96	158327	MQ
MFD04780.bin.2.99	271609	MQ
MFD04780.bin.3.130	32913	MQ
MFD04780.bin.3.133	61068	MQ
MFD04780.bin.3.147	49716	MQ
MFD04780.bin.3.162	48463	MQ
MFD04780.bin.3.164	254038	MQ
MFD04780.bin.3.165	62669	MQ
MFD04780.bin.3.17	371718	MQ
MFD04780.bin.3.278	310130	MQ
MFD04780.bin.3.322	28902	MQ
MFD04780.bin.3.335	86047	MQ
MFD04780.bin.3.351	34158	MQ
MFD04780.bin.3.448	106053	MQ
MFD04780.bin.3.456	385646	MQ
MFD04780.bin.3.468	25788	MQ
MFD04780.bin.3.497	15684	MQ
MFD04780.bin.3.50	26713	MQ
MFD04780.bin.3.515	30522	MQ
MFD04780.bin.3.69	63306	MQ
MFD04780.bin.4.9	29462	MQ
MFD04850.bin.1.275	594276	MQ
MFD04850.bin.2.1	601170	MQ
MFD04850.bin.2.104	230142	MQ
MFD04850.bin.2.113	319041	MQ
MFD04850.bin.2.119	312228	MQ
MFD04850.bin.2.120	228671	MQ
MFD04850.bin.2.122	202014	MQ
MFD04850.bin.2.123	424970	MQ
MFD04850.bin.2.125	130018	MQ
MFD04850.bin.2.133	326554	MQ
MFD04850.bin.2.134	528466	MQ
MFD04850.bin.2.140	445645	MQ
MFD04850.bin.2.143	307227	MQ
MFD04850.bin.2.145	508332	MQ
MFD04850.bin.2.149	209503	MQ
MFD04850.bin.2.15	267906	MQ
MFD04850.bin.2.156	166727	MQ
MFD04850.bin.2.157	362300	MQ
MFD04850.bin.2.158	209364	MQ
MFD04850.bin.2.159	312128	MQ
MFD04850.bin.2.160	110420	MQ
MFD04850.bin.2.161	152432	MQ
MFD04850.bin.2.162	150293	MQ
MFD04850.bin.2.164	337824	MQ
MFD04850.bin.2.165	202655	MQ
MFD04850.bin.2.167	289901	MQ
MFD04850.bin.2.175	387269	MQ
MFD04850.bin.2.19	119677	MQ
MFD04850.bin.2.190	211108	MQ
MFD04850.bin.2.201	593554	MQ
MFD04850.bin.2.219	458536	MQ
MFD04850.bin.2.221	292369	MQ
MFD04850.bin.2.225	406499	MQ
MFD04850.bin.2.235	800512	MQ
MFD04850.bin.2.239	462095	MQ
MFD04850.bin.2.24	112073	MQ
MFD04850.bin.2.242	207631	MQ
MFD04850.bin.2.243	1613791	MQ
MFD04850.bin.2.245	369136	MQ
MFD04850.bin.2.252	406457	MQ
MFD04850.bin.2.254	498655	MQ
MFD04850.bin.2.257	186494	MQ
MFD04850.bin.2.263	268790	MQ
MFD04850.bin.2.266	387692	MQ
MFD04850.bin.2.268	140917	MQ
MFD04850.bin.2.27	438183	MQ
MFD04850.bin.2.271	782393	MQ
MFD04850.bin.2.276	214002	MQ
MFD04850.bin.2.281	112924	MQ
MFD04850.bin.2.282	500601	MQ
MFD04850.bin.2.284	503282	MQ
MFD04850.bin.2.285	155196	MQ
MFD04850.bin.2.287	428392	MQ
MFD04850.bin.2.293	464630	MQ
MFD04850.bin.2.297	224897	MQ
MFD04850.bin.2.306	366787	MQ
MFD04850.bin.2.307	732283	MQ
MFD04850.bin.2.308	384385	MQ
MFD04850.bin.2.312	180222	MQ
MFD04850.bin.2.314	329790	MQ
MFD04850.bin.2.323	143279	MQ
MFD04850.bin.2.326	871177	MQ
MFD04850.bin.2.328	159393	MQ
MFD04850.bin.2.33	117650	MQ
MFD04850.bin.2.330	128744	MQ
MFD04850.bin.2.333	355513	MQ
MFD04850.bin.2.335	449431	MQ
MFD04850.bin.2.341	840065	MQ
MFD04850.bin.2.344	111906	MQ
MFD04850.bin.2.350	394438	MQ
MFD04850.bin.2.356	930014	MQ
MFD04850.bin.2.360	711007	MQ
MFD04850.bin.2.364	1020333	MQ
MFD04850.bin.2.366	458549	MQ
MFD04850.bin.2.37	247065	MQ
MFD04850.bin.2.39	230147	MQ
MFD04850.bin.2.42	206226	MQ
MFD04850.bin.2.5	3341155	MQ
MFD04850.bin.2.51	282079	MQ
MFD04850.bin.2.56	214884	MQ
MFD04850.bin.2.64	192978	MQ
MFD04850.bin.2.70	243772	MQ
MFD04850.bin.2.71	337204	MQ
MFD04850.bin.2.72	340980	MQ
MFD04850.bin.2.74	348468	MQ
MFD04850.bin.2.76	230662	MQ
MFD04850.bin.2.8	489381	MQ
MFD04850.bin.2.82	265624	MQ
MFD04850.bin.2.84	616805	MQ
MFD04850.bin.2.86	142965	MQ
MFD04850.bin.2.90	163394	MQ
MFD04850.bin.2.92	730319	MQ
MFD04850.bin.2.94	383128	MQ
MFD04850.bin.2.95	1283664	MQ
MFD04850.bin.3.104	186865	MQ
MFD04850.bin.3.136	127587	MQ
MFD04850.bin.3.299	880522	MQ
MFD04850.bin.3.423	637988	MQ
MFD04850.bin.3.554	130263	MQ
MFD04850.bin.3.581	308173	MQ
MFD04850.bin.3.676	136718	MQ
MFD04850.bin.3.690	340500	MQ
MFD04850.bin.4.515	137199	MQ
MFD04926.bin.2.16	7828	MQ
MFD04926.bin.2.6	8945	MQ
MFD04935.bin.2.100	532493	MQ
MFD04935.bin.2.101	420552	MQ
MFD04935.bin.2.102	464841	MQ
MFD04935.bin.2.103	919420	MQ
MFD04935.bin.2.106	175148	MQ
MFD04935.bin.2.107	152396	MQ
MFD04935.bin.2.108	168784	MQ
MFD04935.bin.2.11	600028	MQ
MFD04935.bin.2.111	232803	MQ
MFD04935.bin.2.115	138185	MQ
MFD04935.bin.2.117	722753	MQ
MFD04935.bin.2.118	340344	MQ
MFD04935.bin.2.12	570426	MQ
MFD04935.bin.2.120	1558421	MQ
MFD04935.bin.2.121	480478	MQ
MFD04935.bin.2.122	217154	MQ
MFD04935.bin.2.126	233233	MQ
MFD04935.bin.2.127	1938501	MQ
MFD04935.bin.2.136	483436	MQ
MFD04935.bin.2.144	406380	MQ
MFD04935.bin.2.148	492086	MQ
MFD04935.bin.2.150	825253	MQ
MFD04935.bin.2.152	315484	MQ
MFD04935.bin.2.153	357099	MQ
MFD04935.bin.2.154	331948	MQ
MFD04935.bin.2.16	135620	MQ
MFD04935.bin.2.18	585403	MQ
MFD04935.bin.2.19	234200	MQ
MFD04935.bin.2.20	797289	MQ
MFD04935.bin.2.21	685153	MQ
MFD04935.bin.2.22	3573316	MQ
MFD04935.bin.2.23	527625	MQ
MFD04935.bin.2.24	2834891	MQ
MFD04935.bin.2.25	301307	MQ
MFD04935.bin.2.27	989244	MQ
MFD04935.bin.2.28	769322	MQ
MFD04935.bin.2.35	570380	MQ
MFD04935.bin.2.4	699143	MQ
MFD04935.bin.2.47	206545	MQ
MFD04935.bin.2.5	487204	MQ
MFD04935.bin.2.51	107502	MQ
MFD04935.bin.2.63	751747	MQ
MFD04935.bin.2.65	1487185	MQ
MFD04935.bin.2.7	233593	MQ
MFD04935.bin.2.71	252861	MQ
MFD04935.bin.2.72	545074	MQ
MFD04935.bin.2.73	529770	MQ
MFD04935.bin.2.74	267433	MQ
MFD04935.bin.2.79	873995	MQ
MFD04935.bin.2.80	957809	MQ
MFD04935.bin.2.81	328629	MQ
MFD04935.bin.2.84	228611	MQ
MFD04935.bin.2.85	908262	MQ
MFD04935.bin.2.92	345767	MQ
MFD04935.bin.2.93	710627	MQ
MFD04935.bin.2.95	192229	MQ
MFD04935.bin.2.97	117496	MQ
MFD04935.bin.2.98	230213	MQ
MFD04935.bin.2.99	314481	MQ
MFD04935.bin.3.116	146819	MQ
MFD04935.bin.3.117	1882379	MQ
MFD04935.bin.3.147	133036	MQ
MFD04935.bin.3.189	137260	MQ
MFD04935.bin.3.212	144472	MQ
MFD04935.bin.3.237	55065	MQ
MFD04935.bin.3.251	172389	MQ
MFD04935.bin.3.385	114042	MQ
MFD04935.bin.3.412	349858	MQ
MFD04935.bin.3.47	184576	MQ
MFD04935.bin.3.50	445505	MQ
MFD04935.bin.3.51	862254	MQ
MFD04935.bin.3.53	294891	MQ
MFD04935.bin.3.57	389233	MQ
MFD04935.bin.3.58	357647	MQ
MFD04935.bin.3.62	343278	MQ
MFD04935.bin.3.97	161863	MQ
MFD04935.bin.4.273	183556	MQ
MFD04944.bin.1.193	482505	MQ
MFD04944.bin.1.197	413817	MQ
MFD04944.bin.1.205	615534	MQ
MFD04944.bin.1.249	1621986	MQ
MFD04944.bin.1.319	774437	MQ
MFD04944.bin.2.10	823787	MQ
MFD04944.bin.2.100	446198	MQ
MFD04944.bin.2.103	340679	MQ
MFD04944.bin.2.104	214712	MQ
MFD04944.bin.2.105	414071	MQ
MFD04944.bin.2.106	328432	MQ
MFD04944.bin.2.107	231421	MQ
MFD04944.bin.2.108	3878252	MQ
MFD04944.bin.2.109	2843086	MQ
MFD04944.bin.2.113	375919	MQ
MFD04944.bin.2.114	281313	MQ
MFD04944.bin.2.116	122665	MQ
MFD04944.bin.2.117	307882	MQ
MFD04944.bin.2.119	241277	MQ
MFD04944.bin.2.12	445687	MQ
MFD04944.bin.2.121	183900	MQ
MFD04944.bin.2.122	3995207	MQ
MFD04944.bin.2.123	561583	MQ
MFD04944.bin.2.124	451547	MQ
MFD04944.bin.2.125	706855	MQ
MFD04944.bin.2.128	589977	MQ
MFD04944.bin.2.129	883503	MQ
MFD04944.bin.2.130	476631	MQ
MFD04944.bin.2.131	1458502	MQ
MFD04944.bin.2.132	197478	MQ
MFD04944.bin.2.133	385856	MQ
MFD04944.bin.2.134	890350	MQ
MFD04944.bin.2.136	757130	MQ
MFD04944.bin.2.138	141119	MQ
MFD04944.bin.2.142	2712645	MQ
MFD04944.bin.2.143	805636	MQ
MFD04944.bin.2.147	230314	MQ
MFD04944.bin.2.151	232764	MQ
MFD04944.bin.2.154	533773	MQ
MFD04944.bin.2.159	569069	MQ
MFD04944.bin.2.161	653517	MQ
MFD04944.bin.2.162	199078	MQ
MFD04944.bin.2.165	2557173	MQ
MFD04944.bin.2.166	1075889	MQ
MFD04944.bin.2.167	771666	MQ
MFD04944.bin.2.169	256354	MQ
MFD04944.bin.2.17	455418	MQ
MFD04944.bin.2.173	622485	MQ
MFD04944.bin.2.174	3060016	MQ
MFD04944.bin.2.175	1631477	MQ
MFD04944.bin.2.176	235469	MQ
MFD04944.bin.2.178	481473	MQ
MFD04944.bin.2.179	169891	MQ
MFD04944.bin.2.18	145862	MQ
MFD04944.bin.2.181	397224	MQ
MFD04944.bin.2.182	298098	MQ
MFD04944.bin.2.183	1826540	MQ
MFD04944.bin.2.184	341354	MQ
MFD04944.bin.2.185	397354	MQ
MFD04944.bin.2.186	464631	MQ
MFD04944.bin.2.189	294465	MQ
MFD04944.bin.2.19	129041	MQ
MFD04944.bin.2.190	2243402	MQ
MFD04944.bin.2.191	915393	MQ
MFD04944.bin.2.192	717503	MQ
MFD04944.bin.2.195	217223	MQ
MFD04944.bin.2.197	518280	MQ
MFD04944.bin.2.198	335126	MQ
MFD04944.bin.2.199	414756	MQ
MFD04944.bin.2.200	841232	MQ
MFD04944.bin.2.201	616617	MQ
MFD04944.bin.2.202	176435	MQ
MFD04944.bin.2.203	407632	MQ
MFD04944.bin.2.204	687547	MQ
MFD04944.bin.2.207	1668021	MQ
MFD04944.bin.2.209	284793	MQ
MFD04944.bin.2.211	1329474	MQ
MFD04944.bin.2.214	1994962	MQ
MFD04944.bin.2.217	533734	MQ
MFD04944.bin.2.223	333862	MQ
MFD04944.bin.2.224	1177722	MQ
MFD04944.bin.2.225	797781	MQ
MFD04944.bin.2.227	381461	MQ
MFD04944.bin.2.25	1233337	MQ
MFD04944.bin.2.27	3054499	MQ
MFD04944.bin.2.29	536414	MQ
MFD04944.bin.2.30	487133	MQ
MFD04944.bin.2.33	2821811	MQ
MFD04944.bin.2.34	791480	MQ
MFD04944.bin.2.35	763823	MQ
MFD04944.bin.2.38	352455	MQ
MFD04944.bin.2.39	608520	MQ
MFD04944.bin.2.40	171038	MQ
MFD04944.bin.2.41	516922	MQ
MFD04944.bin.2.42	4677420	MQ
MFD04944.bin.2.43	574893	MQ
MFD04944.bin.2.44	316334	MQ
MFD04944.bin.2.45	670586	MQ
MFD04944.bin.2.46	717590	MQ
MFD04944.bin.2.47	521366	MQ
MFD04944.bin.2.48	555958	MQ
MFD04944.bin.2.51	545735	MQ
MFD04944.bin.2.52	344450	MQ
MFD04944.bin.2.53	365312	MQ
MFD04944.bin.2.55	828923	MQ
MFD04944.bin.2.56	284022	MQ
MFD04944.bin.2.58	657511	MQ
MFD04944.bin.2.59	747015	MQ
MFD04944.bin.2.60	2629107	MQ
MFD04944.bin.2.62	611035	MQ
MFD04944.bin.2.65	3107413	MQ
MFD04944.bin.2.66	153828	MQ
MFD04944.bin.2.67	638272	MQ
MFD04944.bin.2.69	1488664	MQ
MFD04944.bin.2.70	317868	MQ
MFD04944.bin.2.71	126867	MQ
MFD04944.bin.2.72	198715	MQ
MFD04944.bin.2.73	93921	MQ
MFD04944.bin.2.74	96315	MQ
MFD04944.bin.2.75	187387	MQ
MFD04944.bin.2.8	931667	MQ
MFD04944.bin.2.82	352135	MQ
MFD04944.bin.2.84	264326	MQ
MFD04944.bin.2.90	269270	MQ
MFD04944.bin.2.93	873008	MQ
MFD04944.bin.2.99	1817509	MQ
MFD04944.bin.3.100	465480	MQ
MFD04944.bin.3.170	720273	MQ
MFD04944.bin.3.190	186923	MQ
MFD04944.bin.3.194	129419	MQ
MFD04944.bin.3.197	182253	MQ
MFD04944.bin.3.209	209364	MQ
MFD04944.bin.3.210	362828	MQ
MFD04944.bin.3.213	405719	MQ
MFD04944.bin.3.22	268677	MQ
MFD04944.bin.3.250	126293	MQ
MFD04944.bin.3.264	187828	MQ
MFD04944.bin.3.273	67846	MQ
MFD04944.bin.3.280	935020	MQ
MFD04944.bin.3.294	97467	MQ
MFD04944.bin.3.299	509143	MQ
MFD04944.bin.3.302	513298	MQ
MFD04944.bin.3.336	100493	MQ
MFD04944.bin.3.43	127700	MQ
MFD04944.bin.3.59	301797	MQ
MFD04944.bin.3.6	88838	MQ
MFD04944.bin.3.89	149398	MQ
MFD04944.bin.3.90	112217	MQ
MFD04944.bin.4.220	735938	MQ
MFD04944.bin.4.234	184792	MQ
MFD04944.bin.4.291	138901	MQ
MFD04944.bin.4.298	378413	MQ
MFD04944.bin.4.447	253399	MQ
MFD04944.bin.4.678	206269	MQ
MFD04967.bin.1.129	930309	MQ
MFD04967.bin.1.137	388445	MQ
MFD04967.bin.1.18	248241	MQ
MFD04967.bin.1.62	518651	MQ
MFD04967.bin.2.10	1027612	MQ
MFD04967.bin.2.102	313515	MQ
MFD04967.bin.2.103	786525	MQ
MFD04967.bin.2.106	273134	MQ
MFD04967.bin.2.109	903495	MQ
MFD04967.bin.2.11	478781	MQ
MFD04967.bin.2.110	436596	MQ
MFD04967.bin.2.111	676239	MQ
MFD04967.bin.2.112	362259	MQ
MFD04967.bin.2.114	93428	MQ
MFD04967.bin.2.116	578886	MQ
MFD04967.bin.2.117	121515	MQ
MFD04967.bin.2.121	263438	MQ
MFD04967.bin.2.123	748979	MQ
MFD04967.bin.2.124	415250	MQ
MFD04967.bin.2.126	629506	MQ
MFD04967.bin.2.127	1758836	MQ
MFD04967.bin.2.129	5012968	MQ
MFD04967.bin.2.13	148070	MQ
MFD04967.bin.2.130	469586	MQ
MFD04967.bin.2.132	988460	MQ
MFD04967.bin.2.133	214401	MQ
MFD04967.bin.2.141	3472295	MQ
MFD04967.bin.2.144	456356	MQ
MFD04967.bin.2.146	314898	MQ
MFD04967.bin.2.147	530022	MQ
MFD04967.bin.2.148	297834	MQ
MFD04967.bin.2.150	5393819	MQ
MFD04967.bin.2.153	497569	MQ
MFD04967.bin.2.158	372980	MQ
MFD04967.bin.2.160	994299	MQ
MFD04967.bin.2.162	175359	MQ
MFD04967.bin.2.167	2018947	MQ
MFD04967.bin.2.17	213713	MQ
MFD04967.bin.2.2	2762363	MQ
MFD04967.bin.2.22	754627	MQ
MFD04967.bin.2.23	2512891	MQ
MFD04967.bin.2.24	181817	MQ
MFD04967.bin.2.25	1913715	MQ
MFD04967.bin.2.27	134443	MQ
MFD04967.bin.2.32	1198567	MQ
MFD04967.bin.2.33	279622	MQ
MFD04967.bin.2.34	273505	MQ
MFD04967.bin.2.36	995664	MQ
MFD04967.bin.2.37	360986	MQ
MFD04967.bin.2.38	231096	MQ
MFD04967.bin.2.42	1482389	MQ
MFD04967.bin.2.43	594374	MQ
MFD04967.bin.2.44	350299	MQ
MFD04967.bin.2.5	919471	MQ
MFD04967.bin.2.50	225070	MQ
MFD04967.bin.2.51	1128804	MQ
MFD04967.bin.2.53	208883	MQ
MFD04967.bin.2.54	252969	MQ
MFD04967.bin.2.56	117941	MQ
MFD04967.bin.2.57	164811	MQ
MFD04967.bin.2.61	99480	MQ
MFD04967.bin.2.63	525464	MQ
MFD04967.bin.2.64	810359	MQ
MFD04967.bin.2.65	1090114	MQ
MFD04967.bin.2.67	465755	MQ
MFD04967.bin.2.68	374176	MQ
MFD04967.bin.2.7	1034778	MQ
MFD04967.bin.2.8	5803652	MQ
MFD04967.bin.2.85	691442	MQ
MFD04967.bin.2.86	422731	MQ
MFD04967.bin.2.91	676002	MQ
MFD04967.bin.2.94	1009333	MQ
MFD04967.bin.2.95	608745	MQ
MFD04967.bin.2.96	804076	MQ
MFD04967.bin.2.98	5125422	MQ
MFD04967.bin.2.99	690321	MQ
MFD04967.bin.3.101	132098	MQ
MFD04967.bin.3.124	288947	MQ
MFD04967.bin.3.17	975396	MQ
MFD04967.bin.3.204	134061	MQ
MFD04967.bin.3.278	44798	MQ
MFD04967.bin.3.285	616323	MQ
MFD04967.bin.3.39	136521	MQ
MFD04967.bin.3.41	137401	MQ
MFD04967.bin.3.71	615359	MQ
MFD04967.bin.4.58	79666	MQ
MFD05088.bin.2.1	163221	MQ
MFD05088.bin.2.106	252385	MQ
MFD05088.bin.2.108	295590	MQ
MFD05088.bin.2.11	49452	MQ
MFD05088.bin.2.114	211987	MQ
MFD05088.bin.2.125	90168	MQ
MFD05088.bin.2.127	122744	MQ
MFD05088.bin.2.134	42974	MQ
MFD05088.bin.2.148	96090	MQ
MFD05088.bin.2.149	210998	MQ
MFD05088.bin.2.153	153801	MQ
MFD05088.bin.2.159	137434	MQ
MFD05088.bin.2.160	187688	MQ
MFD05088.bin.2.167	236825	MQ
MFD05088.bin.2.17	250555	MQ
MFD05088.bin.2.171	155879	MQ
MFD05088.bin.2.32	196307	MQ
MFD05088.bin.2.33	207532	MQ
MFD05088.bin.2.38	691347	MQ
MFD05088.bin.2.45	696514	MQ
MFD05088.bin.2.46	179002	MQ
MFD05088.bin.2.52	41232	MQ
MFD05088.bin.2.64	79859	MQ
MFD05088.bin.2.91	222603	MQ
MFD05088.bin.2.95	79027	MQ
MFD05088.bin.2.96	111348	MQ
MFD05088.bin.3.144	98781	MQ
MFD05088.bin.3.332	102082	MQ
MFD05088.bin.3.350	297712	MQ
MFD05088.bin.3.383	79569	MQ
MFD05176.bin.1.186	359575	MQ
MFD05176.bin.1.233	973944	MQ
MFD05176.bin.2.105	103687	MQ
MFD05176.bin.2.125	1254304	MQ
MFD05176.bin.2.14	411566	MQ
MFD05176.bin.2.157	255074	MQ
MFD05176.bin.2.161	181308	MQ
MFD05176.bin.2.162	79396	MQ
MFD05176.bin.2.168	268043	MQ
MFD05176.bin.2.169	584085	MQ
MFD05176.bin.2.176	205296	MQ
MFD05176.bin.2.182	130549	MQ
MFD05176.bin.2.183	88011	MQ
MFD05176.bin.2.192	143567	MQ
MFD05176.bin.2.196	191646	MQ
MFD05176.bin.2.204	658773	MQ
MFD05176.bin.2.210	361430	MQ
MFD05176.bin.2.213	180103	MQ
MFD05176.bin.2.218	885480	MQ
MFD05176.bin.2.235	294494	MQ
MFD05176.bin.2.239	314033	MQ
MFD05176.bin.2.24	90053	MQ
MFD05176.bin.2.249	268453	MQ
MFD05176.bin.2.25	152301	MQ
MFD05176.bin.2.258	357966	MQ
MFD05176.bin.2.261	409575	MQ
MFD05176.bin.2.263	525967	MQ
MFD05176.bin.2.265	118414	MQ
MFD05176.bin.2.268	126855	MQ
MFD05176.bin.2.274	126176	MQ
MFD05176.bin.2.28	174117	MQ
MFD05176.bin.2.36	303385	MQ
MFD05176.bin.2.37	193130	MQ
MFD05176.bin.2.42	97457	MQ
MFD05176.bin.2.45	158300	MQ
MFD05176.bin.2.46	374963	MQ
MFD05176.bin.2.48	428305	MQ
MFD05176.bin.2.49	112954	MQ
MFD05176.bin.2.54	517778	MQ
MFD05176.bin.2.55	59706	MQ
MFD05176.bin.2.62	123981	MQ
MFD05176.bin.2.65	66284	MQ
MFD05176.bin.2.66	184787	MQ
MFD05176.bin.2.67	282371	MQ
MFD05176.bin.2.72	261639	MQ
MFD05176.bin.2.78	156669	MQ
MFD05176.bin.2.84	144087	MQ
MFD05176.bin.2.85	187983	MQ
MFD05176.bin.2.87	89686	MQ
MFD05176.bin.2.9	225893	MQ
MFD05176.bin.2.94	88311	MQ
MFD05176.bin.2.99	46763	MQ
MFD05176.bin.3.165	242330	MQ
MFD05176.bin.3.193	226096	MQ
MFD05176.bin.3.200	239424	MQ
MFD05176.bin.3.249	184272	MQ
MFD05176.bin.3.462	173565	MQ
MFD05176.bin.3.630	88408	MQ
MFD05176.bin.3.667	109712	MQ
MFD05176.bin.3.681	78128	MQ
MFD05176.bin.3.82	176424	MQ
MFD05176.bin.3.91	61700	MQ
MFD05176.bin.4.598	136639	MQ
MFD05377.bin.1.144	1512038	MQ
MFD05377.bin.1.149	786557	MQ
MFD05377.bin.1.7	459955	MQ
MFD05377.bin.2.102	150781	MQ
MFD05377.bin.2.104	321573	MQ
MFD05377.bin.2.108	145225	MQ
MFD05377.bin.2.109	504718	MQ
MFD05377.bin.2.110	225939	MQ
MFD05377.bin.2.113	204892	MQ
MFD05377.bin.2.114	308146	MQ
MFD05377.bin.2.117	455601	MQ
MFD05377.bin.2.119	1445631	MQ
MFD05377.bin.2.12	768648	MQ
MFD05377.bin.2.120	112786	MQ
MFD05377.bin.2.121	744474	MQ
MFD05377.bin.2.123	79000	MQ
MFD05377.bin.2.126	2197287	MQ
MFD05377.bin.2.14	320770	MQ
MFD05377.bin.2.146	1874478	MQ
MFD05377.bin.2.147	77752	MQ
MFD05377.bin.2.151	275043	MQ
MFD05377.bin.2.152	1365417	MQ
MFD05377.bin.2.153	66015	MQ
MFD05377.bin.2.155	579549	MQ
MFD05377.bin.2.157	1685529	MQ
MFD05377.bin.2.158	635710	MQ
MFD05377.bin.2.160	1416367	MQ
MFD05377.bin.2.162	1004016	MQ
MFD05377.bin.2.163	2812935	MQ
MFD05377.bin.2.169	285663	MQ
MFD05377.bin.2.17	304555	MQ
MFD05377.bin.2.170	91585	MQ
MFD05377.bin.2.18	176103	MQ
MFD05377.bin.2.2	1974750	MQ
MFD05377.bin.2.21	358753	MQ
MFD05377.bin.2.23	118292	MQ
MFD05377.bin.2.25	190927	MQ
MFD05377.bin.2.26	670905	MQ
MFD05377.bin.2.28	142273	MQ
MFD05377.bin.2.30	1148308	MQ
MFD05377.bin.2.32	544321	MQ
MFD05377.bin.2.33	2374688	MQ
MFD05377.bin.2.35	757857	MQ
MFD05377.bin.2.37	232463	MQ
MFD05377.bin.2.4	4275449	MQ
MFD05377.bin.2.41	448077	MQ
MFD05377.bin.2.43	429903	MQ
MFD05377.bin.2.44	309245	MQ
MFD05377.bin.2.46	251880	MQ
MFD05377.bin.2.47	536061	MQ
MFD05377.bin.2.5	529977	MQ
MFD05377.bin.2.7	769958	MQ
MFD05377.bin.2.70	306965	MQ
MFD05377.bin.2.76	256104	MQ
MFD05377.bin.2.79	760137	MQ
MFD05377.bin.2.80	203485	MQ
MFD05377.bin.2.82	135255	MQ
MFD05377.bin.2.87	146150	MQ
MFD05377.bin.2.88	167162	MQ
MFD05377.bin.2.91	487956	MQ
MFD05377.bin.3.144	216296	MQ
MFD05377.bin.3.173	252460	MQ
MFD05377.bin.3.230	41223	MQ
MFD05377.bin.3.25	145954	MQ
MFD05377.bin.3.283	78770	MQ
MFD05377.bin.3.303	67147	MQ
MFD05377.bin.3.35	292509	MQ
MFD05377.bin.3.358	66836	MQ
MFD05377.bin.3.46	196836	MQ
MFD05379.bin.1.4	30708	MQ
MFD05379.bin.2.10	83696	MQ
MFD05379.bin.2.13	11429	MQ
MFD05379.bin.2.14	22974	MQ
MFD05379.bin.2.2	35415	MQ
MFD05379.bin.2.20	35939	MQ
MFD05379.bin.2.6	11827	MQ
MFD05379.bin.2.7	61678	MQ
MFD05379.bin.3.52	113918	MQ
MFD05379.bin.3.55	8632	MQ
MFD05442.bin.1.249	1300107	MQ
MFD05442.bin.1.338	1067990	MQ
MFD05442.bin.1.44	2241427	MQ
MFD05442.bin.1.64	744570	MQ
MFD05442.bin.2.100	290701	MQ
MFD05442.bin.2.102	340384	MQ
MFD05442.bin.2.103	428853	MQ
MFD05442.bin.2.104	398264	MQ
MFD05442.bin.2.105	181750	MQ
MFD05442.bin.2.107	236977	MQ
MFD05442.bin.2.108	188864	MQ
MFD05442.bin.2.110	563791	MQ
MFD05442.bin.2.111	786430	MQ
MFD05442.bin.2.112	211697	MQ
MFD05442.bin.2.113	246279	MQ
MFD05442.bin.2.114	154631	MQ
MFD05442.bin.2.115	715939	MQ
MFD05442.bin.2.116	169323	MQ
MFD05442.bin.2.117	164972	MQ
MFD05442.bin.2.120	1126118	MQ
MFD05442.bin.2.121	206635	MQ
MFD05442.bin.2.122	447465	MQ
MFD05442.bin.2.123	141122	MQ
MFD05442.bin.2.126	79765	MQ
MFD05442.bin.2.127	553117	MQ
MFD05442.bin.2.128	306157	MQ
MFD05442.bin.2.129	170374	MQ
MFD05442.bin.2.133	185709	MQ
MFD05442.bin.2.134	65442	MQ
MFD05442.bin.2.137	193871	MQ
MFD05442.bin.2.155	970108	MQ
MFD05442.bin.2.159	203483	MQ
MFD05442.bin.2.16	767176	MQ
MFD05442.bin.2.162	327731	MQ
MFD05442.bin.2.170	871268	MQ
MFD05442.bin.2.174	469119	MQ
MFD05442.bin.2.18	88232	MQ
MFD05442.bin.2.181	250610	MQ
MFD05442.bin.2.182	352745	MQ
MFD05442.bin.2.184	120598	MQ
MFD05442.bin.2.187	433426	MQ
MFD05442.bin.2.188	557757	MQ
MFD05442.bin.2.189	917477	MQ
MFD05442.bin.2.193	611214	MQ
MFD05442.bin.2.194	757484	MQ
MFD05442.bin.2.195	277522	MQ
MFD05442.bin.2.197	822169	MQ
MFD05442.bin.2.198	667521	MQ
MFD05442.bin.2.199	301228	MQ
MFD05442.bin.2.2	112545	MQ
MFD05442.bin.2.200	2303884	MQ
MFD05442.bin.2.201	844938	MQ
MFD05442.bin.2.203	360031	MQ
MFD05442.bin.2.204	367654	MQ
MFD05442.bin.2.205	116121	MQ
MFD05442.bin.2.21	583390	MQ
MFD05442.bin.2.211	271822	MQ
MFD05442.bin.2.213	121038	MQ
MFD05442.bin.2.216	241616	MQ
MFD05442.bin.2.218	1699716	MQ
MFD05442.bin.2.22	197826	MQ
MFD05442.bin.2.221	205387	MQ
MFD05442.bin.2.222	3017335	MQ
MFD05442.bin.2.223	230399	MQ
MFD05442.bin.2.226	593398	MQ
MFD05442.bin.2.228	1071017	MQ
MFD05442.bin.2.230	507592	MQ
MFD05442.bin.2.231	674005	MQ
MFD05442.bin.2.232	1077171	MQ
MFD05442.bin.2.233	367329	MQ
MFD05442.bin.2.234	387550	MQ
MFD05442.bin.2.237	412090	MQ
MFD05442.bin.2.238	366261	MQ
MFD05442.bin.2.239	577786	MQ
MFD05442.bin.2.240	159200	MQ
MFD05442.bin.2.243	250977	MQ
MFD05442.bin.2.246	252384	MQ
MFD05442.bin.2.247	128803	MQ
MFD05442.bin.2.248	703713	MQ
MFD05442.bin.2.25	822312	MQ
MFD05442.bin.2.252	411125	MQ
MFD05442.bin.2.253	394796	MQ
MFD05442.bin.2.255	684357	MQ
MFD05442.bin.2.261	457359	MQ
MFD05442.bin.2.263	246198	MQ
MFD05442.bin.2.264	1292589	MQ
MFD05442.bin.2.266	527498	MQ
MFD05442.bin.2.268	72283	MQ
MFD05442.bin.2.269	1023784	MQ
MFD05442.bin.2.270	1020427	MQ
MFD05442.bin.2.271	291491	MQ
MFD05442.bin.2.272	841099	MQ
MFD05442.bin.2.274	2491580	MQ
MFD05442.bin.2.280	448443	MQ
MFD05442.bin.2.281	1506076	MQ
MFD05442.bin.2.282	269322	MQ
MFD05442.bin.2.284	221724	MQ
MFD05442.bin.2.288	316371	MQ
MFD05442.bin.2.291	489589	MQ
MFD05442.bin.2.293	1383427	MQ
MFD05442.bin.2.294	108603	MQ
MFD05442.bin.2.295	216034	MQ
MFD05442.bin.2.298	363311	MQ
MFD05442.bin.2.3	455423	MQ
MFD05442.bin.2.30	932981	MQ
MFD05442.bin.2.301	1066315	MQ
MFD05442.bin.2.302	274735	MQ
MFD05442.bin.2.303	155033	MQ
MFD05442.bin.2.304	345113	MQ
MFD05442.bin.2.307	296471	MQ
MFD05442.bin.2.308	118982	MQ
MFD05442.bin.2.31	253181	MQ
MFD05442.bin.2.310	580002	MQ
MFD05442.bin.2.311	222491	MQ
MFD05442.bin.2.312	657699	MQ
MFD05442.bin.2.315	922920	MQ
MFD05442.bin.2.316	340782	MQ
MFD05442.bin.2.318	865748	MQ
MFD05442.bin.2.32	626596	MQ
MFD05442.bin.2.323	484617	MQ
MFD05442.bin.2.324	1153934	MQ
MFD05442.bin.2.325	672658	MQ
MFD05442.bin.2.327	439855	MQ
MFD05442.bin.2.328	218146	MQ
MFD05442.bin.2.329	265031	MQ
MFD05442.bin.2.33	918867	MQ
MFD05442.bin.2.330	511723	MQ
MFD05442.bin.2.331	500430	MQ
MFD05442.bin.2.332	731616	MQ
MFD05442.bin.2.333	332372	MQ
MFD05442.bin.2.34	351477	MQ
MFD05442.bin.2.36	460654	MQ
MFD05442.bin.2.37	2347332	MQ
MFD05442.bin.2.40	748317	MQ
MFD05442.bin.2.42	155689	MQ
MFD05442.bin.2.45	215356	MQ
MFD05442.bin.2.50	459279	MQ
MFD05442.bin.2.52	2924207	MQ
MFD05442.bin.2.53	395903	MQ
MFD05442.bin.2.54	694154	MQ
MFD05442.bin.2.56	471593	MQ
MFD05442.bin.2.57	2901628	MQ
MFD05442.bin.2.58	2954713	MQ
MFD05442.bin.2.62	1884530	MQ
MFD05442.bin.2.64	219159	MQ
MFD05442.bin.2.65	1784364	MQ
MFD05442.bin.2.67	229055	MQ
MFD05442.bin.2.7	198002	MQ
MFD05442.bin.2.71	960811	MQ
MFD05442.bin.2.72	548395	MQ
MFD05442.bin.2.74	768839	MQ
MFD05442.bin.2.76	339547	MQ
MFD05442.bin.2.77	1866050	MQ
MFD05442.bin.2.78	2003887	MQ
MFD05442.bin.2.79	747217	MQ
MFD05442.bin.2.8	1783874	MQ
MFD05442.bin.2.80	335847	MQ
MFD05442.bin.2.81	170309	MQ
MFD05442.bin.2.83	250529	MQ
MFD05442.bin.2.84	339360	MQ
MFD05442.bin.2.85	1897199	MQ
MFD05442.bin.2.86	467841	MQ
MFD05442.bin.2.87	491998	MQ
MFD05442.bin.2.89	164397	MQ
MFD05442.bin.2.9	651781	MQ
MFD05442.bin.2.91	1916139	MQ
MFD05442.bin.2.92	96510	MQ
MFD05442.bin.2.93	79854	MQ
MFD05442.bin.2.94	286933	MQ
MFD05442.bin.2.97	293155	MQ
MFD05442.bin.2.98	410321	MQ
MFD05442.bin.3.121	466930	MQ
MFD05442.bin.3.150	378151	MQ
MFD05442.bin.3.195	143287	MQ
MFD05442.bin.3.20	129279	MQ
MFD05442.bin.3.221	480880	MQ
MFD05442.bin.3.225	329218	MQ
MFD05442.bin.3.269	90668	MQ
MFD05442.bin.3.281	331817	MQ
MFD05442.bin.3.300	132184	MQ
MFD05442.bin.3.338	191313	MQ
MFD05442.bin.3.37	294250	MQ
MFD05442.bin.3.397	345810	MQ
MFD05442.bin.3.399	115042	MQ
MFD05442.bin.3.421	147378	MQ
MFD05442.bin.3.447	96376	MQ
MFD05442.bin.3.478	131476	MQ
MFD05442.bin.3.505	516857	MQ
MFD05442.bin.3.528	207845	MQ
MFD05442.bin.3.531	156428	MQ
MFD05442.bin.3.54	204812	MQ
MFD05442.bin.3.542	161496	MQ
MFD05442.bin.3.622	896654	MQ
MFD05442.bin.3.641	1477094	MQ
MFD05442.bin.3.652	349912	MQ
MFD05442.bin.3.96	109964	MQ
MFD05442.bin.4.225	228505	MQ
MFD05442.bin.4.352	76581	MQ
MFD05442.bin.4.392	155963	MQ
MFD05442.bin.4.429	115343	MQ
MFD05442.bin.4.724	163251	MQ
MFD05442.bin.4.74	769530	MQ
MFD05442.bin.4.822	776005	MQ
MFD05454.bin.2.105	172670	MQ
MFD05454.bin.2.107	149442	MQ
MFD05454.bin.2.111	204165	MQ
MFD05454.bin.2.113	206486	MQ
MFD05454.bin.2.114	315242	MQ
MFD05454.bin.2.120	163730	MQ
MFD05454.bin.2.130	194734	MQ
MFD05454.bin.2.144	85737	MQ
MFD05454.bin.2.147	409761	MQ
MFD05454.bin.2.162	862485	MQ
MFD05454.bin.2.164	1363430	MQ
MFD05454.bin.2.184	172751	MQ
MFD05454.bin.2.189	538250	MQ
MFD05454.bin.2.198	143086	MQ
MFD05454.bin.2.208	81254	MQ
MFD05454.bin.2.209	505823	MQ
MFD05454.bin.2.211	125864	MQ
MFD05454.bin.2.212	225843	MQ
MFD05454.bin.2.213	313005	MQ
MFD05454.bin.2.214	394953	MQ
MFD05454.bin.2.228	977126	MQ
MFD05454.bin.2.232	107680	MQ
MFD05454.bin.2.240	1061299	MQ
MFD05454.bin.2.241	280428	MQ
MFD05454.bin.2.245	280895	MQ
MFD05454.bin.2.247	2281948	MQ
MFD05454.bin.2.248	165111	MQ
MFD05454.bin.2.252	307952	MQ
MFD05454.bin.2.256	277470	MQ
MFD05454.bin.2.263	291390	MQ
MFD05454.bin.2.264	171861	MQ
MFD05454.bin.2.267	256798	MQ
MFD05454.bin.2.27	183356	MQ
MFD05454.bin.2.274	269410	MQ
MFD05454.bin.2.277	491145	MQ
MFD05454.bin.2.279	160348	MQ
MFD05454.bin.2.29	458403	MQ
MFD05454.bin.2.291	759565	MQ
MFD05454.bin.2.293	195195	MQ
MFD05454.bin.2.296	323819	MQ
MFD05454.bin.2.298	773894	MQ
MFD05454.bin.2.299	660036	MQ
MFD05454.bin.2.30	367174	MQ
MFD05454.bin.2.306	532508	MQ
MFD05454.bin.2.307	76892	MQ
MFD05454.bin.2.37	279178	MQ
MFD05454.bin.2.45	368780	MQ
MFD05454.bin.2.5	564183	MQ
MFD05454.bin.2.50	605894	MQ
MFD05454.bin.2.51	128479	MQ
MFD05454.bin.2.52	2826303	MQ
MFD05454.bin.2.54	385378	MQ
MFD05454.bin.2.59	212298	MQ
MFD05454.bin.2.64	104072	MQ
MFD05454.bin.2.67	857755	MQ
MFD05454.bin.2.69	375237	MQ
MFD05454.bin.2.74	191598	MQ
MFD05454.bin.2.75	429144	MQ
MFD05454.bin.2.78	696308	MQ
MFD05454.bin.2.89	280918	MQ
MFD05454.bin.2.93	201683	MQ
MFD05454.bin.2.94	324655	MQ
MFD05454.bin.2.98	159909	MQ
MFD05454.bin.2.99	443563	MQ
MFD05454.bin.3.18	264353	MQ
MFD05454.bin.3.187	182745	MQ
MFD05454.bin.3.205	221463	MQ
MFD05454.bin.3.259	224838	MQ
MFD05454.bin.3.409	1225059	MQ
MFD05454.bin.3.573	233705	MQ
MFD05454.bin.3.622	2080720	MQ
MFD05454.bin.3.635	208172	MQ
MFD05454.bin.3.713	194445	MQ
MFD05454.bin.3.824	103338	MQ
MFD05454.bin.3.844	368910	MQ
MFD05454.bin.4.16	207258	MQ
MFD05454.bin.4.68	85721	MQ
MFD05502.bin.1.155	461629	MQ
MFD05502.bin.1.200	236271	MQ
MFD05502.bin.2.100	387247	MQ
MFD05502.bin.2.101	292059	MQ
MFD05502.bin.2.102	649423	MQ
MFD05502.bin.2.103	126976	MQ
MFD05502.bin.2.104	583218	MQ
MFD05502.bin.2.105	1219436	MQ
MFD05502.bin.2.108	833252	MQ
MFD05502.bin.2.11	4277331	MQ
MFD05502.bin.2.110	610665	MQ
MFD05502.bin.2.112	589040	MQ
MFD05502.bin.2.114	433464	MQ
MFD05502.bin.2.117	142087	MQ
MFD05502.bin.2.118	700604	MQ
MFD05502.bin.2.120	138538	MQ
MFD05502.bin.2.124	689720	MQ
MFD05502.bin.2.127	324624	MQ
MFD05502.bin.2.129	262437	MQ
MFD05502.bin.2.135	260644	MQ
MFD05502.bin.2.137	927020	MQ
MFD05502.bin.2.138	1248674	MQ
MFD05502.bin.2.139	357841	MQ
MFD05502.bin.2.141	935514	MQ
MFD05502.bin.2.143	386885	MQ
MFD05502.bin.2.144	515211	MQ
MFD05502.bin.2.147	1055299	MQ
MFD05502.bin.2.149	288393	MQ
MFD05502.bin.2.153	445342	MQ
MFD05502.bin.2.155	938900	MQ
MFD05502.bin.2.16	888568	MQ
MFD05502.bin.2.18	5555368	MQ
MFD05502.bin.2.23	221291	MQ
MFD05502.bin.2.24	1064180	MQ
MFD05502.bin.2.26	332287	MQ
MFD05502.bin.2.29	3235850	MQ
MFD05502.bin.2.3	215847	MQ
MFD05502.bin.2.30	4894799	MQ
MFD05502.bin.2.31	456835	MQ
MFD05502.bin.2.32	568345	MQ
MFD05502.bin.2.33	476095	MQ
MFD05502.bin.2.34	437348	MQ
MFD05502.bin.2.35	2942826	MQ
MFD05502.bin.2.37	916365	MQ
MFD05502.bin.2.38	1258853	MQ
MFD05502.bin.2.39	953578	MQ
MFD05502.bin.2.4	1517791	MQ
MFD05502.bin.2.40	764469	MQ
MFD05502.bin.2.42	1457488	MQ
MFD05502.bin.2.43	639743	MQ
MFD05502.bin.2.44	410399	MQ
MFD05502.bin.2.45	88956	MQ
MFD05502.bin.2.46	1218003	MQ
MFD05502.bin.2.48	474341	MQ
MFD05502.bin.2.50	256802	MQ
MFD05502.bin.2.59	793164	MQ
MFD05502.bin.2.6	730118	MQ
MFD05502.bin.2.61	2119012	MQ
MFD05502.bin.2.66	491222	MQ
MFD05502.bin.2.68	466117	MQ
MFD05502.bin.2.69	531937	MQ
MFD05502.bin.2.70	284526	MQ
MFD05502.bin.2.71	354615	MQ
MFD05502.bin.2.72	204468	MQ
MFD05502.bin.2.78	614065	MQ
MFD05502.bin.2.80	560578	MQ
MFD05502.bin.2.81	217232	MQ
MFD05502.bin.2.83	478927	MQ
MFD05502.bin.2.84	645613	MQ
MFD05502.bin.2.86	386463	MQ
MFD05502.bin.2.89	1071008	MQ
MFD05502.bin.2.9	495546	MQ
MFD05502.bin.2.90	380647	MQ
MFD05502.bin.2.91	1594000	MQ
MFD05502.bin.2.92	666111	MQ
MFD05502.bin.2.94	373468	MQ
MFD05502.bin.2.95	263852	MQ
MFD05502.bin.2.96	2264708	MQ
MFD05502.bin.2.98	633913	MQ
MFD05502.bin.2.99	709719	MQ
MFD05502.bin.3.12	220164	MQ
MFD05502.bin.3.177	291323	MQ
MFD05502.bin.3.223	86558	MQ
MFD05502.bin.3.224	219472	MQ
MFD05502.bin.3.230	472875	MQ
MFD05502.bin.3.243	472360	MQ
MFD05502.bin.3.254	212019	MQ
MFD05502.bin.3.26	861964	MQ
MFD05502.bin.3.261	318896	MQ
MFD05502.bin.3.281	1883812	MQ
MFD05502.bin.3.74	202584	MQ
MFD05502.bin.3.96	728436	MQ
MFD05512.bin.1.183	518499	MQ
MFD05512.bin.1.216	611610	MQ
MFD05512.bin.1.241	925433	MQ
MFD05512.bin.1.242	210039	MQ
MFD05512.bin.1.255	2086728	MQ
MFD05512.bin.1.66	870544	MQ
MFD05512.bin.1.8	478057	MQ
MFD05512.bin.2.102	232409	MQ
MFD05512.bin.2.105	1044274	MQ
MFD05512.bin.2.108	408729	MQ
MFD05512.bin.2.113	1754671	MQ
MFD05512.bin.2.115	379310	MQ
MFD05512.bin.2.116	367817	MQ
MFD05512.bin.2.117	456034	MQ
MFD05512.bin.2.118	481886	MQ
MFD05512.bin.2.12	958095	MQ
MFD05512.bin.2.120	134916	MQ
MFD05512.bin.2.123	766943	MQ
MFD05512.bin.2.128	401619	MQ
MFD05512.bin.2.130	2737583	MQ
MFD05512.bin.2.131	746618	MQ
MFD05512.bin.2.132	593880	MQ
MFD05512.bin.2.134	1253941	MQ
MFD05512.bin.2.135	827995	MQ
MFD05512.bin.2.136	586188	MQ
MFD05512.bin.2.137	1464285	MQ
MFD05512.bin.2.139	527326	MQ
MFD05512.bin.2.14	2095072	MQ
MFD05512.bin.2.140	2127396	MQ
MFD05512.bin.2.141	506363	MQ
MFD05512.bin.2.144	1211057	MQ
MFD05512.bin.2.145	1155302	MQ
MFD05512.bin.2.147	773192	MQ
MFD05512.bin.2.148	3551723	MQ
MFD05512.bin.2.149	118288	MQ
MFD05512.bin.2.152	354342	MQ
MFD05512.bin.2.153	318240	MQ
MFD05512.bin.2.159	226702	MQ
MFD05512.bin.2.16	652226	MQ
MFD05512.bin.2.161	144558	MQ
MFD05512.bin.2.162	236831	MQ
MFD05512.bin.2.165	591191	MQ
MFD05512.bin.2.166	307729	MQ
MFD05512.bin.2.168	366353	MQ
MFD05512.bin.2.170	81688	MQ
MFD05512.bin.2.178	917450	MQ
MFD05512.bin.2.179	578290	MQ
MFD05512.bin.2.18	768039	MQ
MFD05512.bin.2.180	671538	MQ
MFD05512.bin.2.184	876166	MQ
MFD05512.bin.2.185	692946	MQ
MFD05512.bin.2.186	2250778	MQ
MFD05512.bin.2.189	2871332	MQ
MFD05512.bin.2.190	1053151	MQ
MFD05512.bin.2.191	101844	MQ
MFD05512.bin.2.2	486503	MQ
MFD05512.bin.2.21	2463994	MQ
MFD05512.bin.2.27	411126	MQ
MFD05512.bin.2.29	860490	MQ
MFD05512.bin.2.30	299992	MQ
MFD05512.bin.2.32	255687	MQ
MFD05512.bin.2.35	430556	MQ
MFD05512.bin.2.36	285737	MQ
MFD05512.bin.2.37	499969	MQ
MFD05512.bin.2.45	79307	MQ
MFD05512.bin.2.47	118771	MQ
MFD05512.bin.2.48	1035091	MQ
MFD05512.bin.2.49	609920	MQ
MFD05512.bin.2.5	547257	MQ
MFD05512.bin.2.50	1938098	MQ
MFD05512.bin.2.51	259628	MQ
MFD05512.bin.2.52	1670246	MQ
MFD05512.bin.2.53	279783	MQ
MFD05512.bin.2.55	251723	MQ
MFD05512.bin.2.6	3678163	MQ
MFD05512.bin.2.60	278980	MQ
MFD05512.bin.2.63	305544	MQ
MFD05512.bin.2.64	177116	MQ
MFD05512.bin.2.69	283904	MQ
MFD05512.bin.2.7	612476	MQ
MFD05512.bin.2.71	489091	MQ
MFD05512.bin.2.74	181419	MQ
MFD05512.bin.2.8	540002	MQ
MFD05512.bin.2.83	2746883	MQ
MFD05512.bin.2.91	99372	MQ
MFD05512.bin.2.95	263582	MQ
MFD05512.bin.3.114	652088	MQ
MFD05512.bin.3.143	432223	MQ
MFD05512.bin.3.249	1240762	MQ
MFD05512.bin.3.285	230238	MQ
MFD05512.bin.3.29	587590	MQ
MFD05512.bin.3.43	366890	MQ
MFD05512.bin.4.415	119853	MQ
MFD05513.bin.1.182	2999381	MQ
MFD05513.bin.1.205	562341	MQ
MFD05513.bin.2.1	386725	MQ
MFD05513.bin.2.100	99480	MQ
MFD05513.bin.2.111	480972	MQ
MFD05513.bin.2.12	200342	MQ
MFD05513.bin.2.127	188817	MQ
MFD05513.bin.2.136	716346	MQ
MFD05513.bin.2.14	119265	MQ
MFD05513.bin.2.141	272072	MQ
MFD05513.bin.2.143	1118045	MQ
MFD05513.bin.2.145	296686	MQ
MFD05513.bin.2.146	764862	MQ
MFD05513.bin.2.148	321062	MQ
MFD05513.bin.2.149	759973	MQ
MFD05513.bin.2.151	628187	MQ
MFD05513.bin.2.152	557818	MQ
MFD05513.bin.2.158	286630	MQ
MFD05513.bin.2.159	200148	MQ
MFD05513.bin.2.166	299603	MQ
MFD05513.bin.2.168	540398	MQ
MFD05513.bin.2.169	1174422	MQ
MFD05513.bin.2.170	140926	MQ
MFD05513.bin.2.172	186344	MQ
MFD05513.bin.2.174	2196031	MQ
MFD05513.bin.2.175	158245	MQ
MFD05513.bin.2.177	892413	MQ
MFD05513.bin.2.178	522751	MQ
MFD05513.bin.2.179	147855	MQ
MFD05513.bin.2.180	1512691	MQ
MFD05513.bin.2.181	2565223	MQ
MFD05513.bin.2.182	389635	MQ
MFD05513.bin.2.184	1907202	MQ
MFD05513.bin.2.185	291872	MQ
MFD05513.bin.2.187	210596	MQ
MFD05513.bin.2.190	4759272	MQ
MFD05513.bin.2.194	431231	MQ
MFD05513.bin.2.195	162274	MQ
MFD05513.bin.2.196	408458	MQ
MFD05513.bin.2.20	4087638	MQ
MFD05513.bin.2.200	1127404	MQ
MFD05513.bin.2.203	201884	MQ
MFD05513.bin.2.204	906805	MQ
MFD05513.bin.2.205	176466	MQ
MFD05513.bin.2.206	385190	MQ
MFD05513.bin.2.208	318602	MQ
MFD05513.bin.2.21	253974	MQ
MFD05513.bin.2.211	2912037	MQ
MFD05513.bin.2.213	224449	MQ
MFD05513.bin.2.215	154228	MQ
MFD05513.bin.2.217	530577	MQ
MFD05513.bin.2.218	432108	MQ
MFD05513.bin.2.22	387208	MQ
MFD05513.bin.2.222	421222	MQ
MFD05513.bin.2.223	399280	MQ
MFD05513.bin.2.227	158432	MQ
MFD05513.bin.2.23	517128	MQ
MFD05513.bin.2.233	770151	MQ
MFD05513.bin.2.234	170741	MQ
MFD05513.bin.2.235	962350	MQ
MFD05513.bin.2.236	1388090	MQ
MFD05513.bin.2.25	543090	MQ
MFD05513.bin.2.26	149599	MQ
MFD05513.bin.2.3	1350747	MQ
MFD05513.bin.2.30	233504	MQ
MFD05513.bin.2.32	461230	MQ
MFD05513.bin.2.34	208377	MQ
MFD05513.bin.2.35	172394	MQ
MFD05513.bin.2.36	544452	MQ
MFD05513.bin.2.39	391389	MQ
MFD05513.bin.2.40	665258	MQ
MFD05513.bin.2.42	411824	MQ
MFD05513.bin.2.43	311624	MQ
MFD05513.bin.2.46	457605	MQ
MFD05513.bin.2.49	107257	MQ
MFD05513.bin.2.52	364393	MQ
MFD05513.bin.2.53	659632	MQ
MFD05513.bin.2.55	197620	MQ
MFD05513.bin.2.56	522739	MQ
MFD05513.bin.2.57	1036096	MQ
MFD05513.bin.2.62	298841	MQ
MFD05513.bin.2.64	1331386	MQ
MFD05513.bin.2.65	1917972	MQ
MFD05513.bin.2.70	942643	MQ
MFD05513.bin.2.72	878657	MQ
MFD05513.bin.2.73	63032	MQ
MFD05513.bin.2.75	195514	MQ
MFD05513.bin.2.78	154761	MQ
MFD05513.bin.2.79	616210	MQ
MFD05513.bin.2.80	362589	MQ
MFD05513.bin.2.81	244940	MQ
MFD05513.bin.2.82	848066	MQ
MFD05513.bin.2.85	296293	MQ
MFD05513.bin.2.87	238156	MQ
MFD05513.bin.2.88	236140	MQ
MFD05513.bin.2.89	908711	MQ
MFD05513.bin.2.90	220165	MQ
MFD05513.bin.2.91	154002	MQ
MFD05513.bin.2.93	361389	MQ
MFD05513.bin.2.94	445025	MQ
MFD05513.bin.3.1	285756	MQ
MFD05513.bin.3.149	178148	MQ
MFD05513.bin.3.209	218462	MQ
MFD05513.bin.3.22	218636	MQ
MFD05513.bin.3.257	389962	MQ
MFD05513.bin.3.3	131273	MQ
MFD05513.bin.3.311	440875	MQ
MFD05513.bin.3.315	123818	MQ
MFD05513.bin.3.377	375013	MQ
MFD05513.bin.3.448	166896	MQ
MFD05513.bin.3.59	122938	MQ
MFD05513.bin.3.68	223100	MQ
MFD05513.bin.3.82	236986	MQ
MFD05513.bin.3.89	331020	MQ
MFD05513.bin.3.9	182942	MQ
MFD05513.bin.4.109	328201	MQ
MFD05513.bin.4.287	269635	MQ
MFD05521.bin.1.134	386548	MQ
MFD05521.bin.1.151	252411	MQ
MFD05521.bin.1.209	704644	MQ
MFD05521.bin.2.1	552111	MQ
MFD05521.bin.2.10	218006	MQ
MFD05521.bin.2.108	1268065	MQ
MFD05521.bin.2.110	1503997	MQ
MFD05521.bin.2.117	233503	MQ
MFD05521.bin.2.119	4799201	MQ
MFD05521.bin.2.12	132817	MQ
MFD05521.bin.2.123	898022	MQ
MFD05521.bin.2.124	651893	MQ
MFD05521.bin.2.129	494417	MQ
MFD05521.bin.2.130	156019	MQ
MFD05521.bin.2.135	826706	MQ
MFD05521.bin.2.136	490754	MQ
MFD05521.bin.2.137	976953	MQ
MFD05521.bin.2.138	122882	MQ
MFD05521.bin.2.14	2287493	MQ
MFD05521.bin.2.149	241192	MQ
MFD05521.bin.2.153	481974	MQ
MFD05521.bin.2.157	121889	MQ
MFD05521.bin.2.158	150232	MQ
MFD05521.bin.2.159	4003453	MQ
MFD05521.bin.2.160	128602	MQ
MFD05521.bin.2.161	262794	MQ
MFD05521.bin.2.162	590827	MQ
MFD05521.bin.2.163	90931	MQ
MFD05521.bin.2.165	162883	MQ
MFD05521.bin.2.174	39372	MQ
MFD05521.bin.2.175	889317	MQ
MFD05521.bin.2.178	192198	MQ
MFD05521.bin.2.182	163636	MQ
MFD05521.bin.2.187	272194	MQ
MFD05521.bin.2.192	118766	MQ
MFD05521.bin.2.194	96787	MQ
MFD05521.bin.2.196	151671	MQ
MFD05521.bin.2.200	187629	MQ
MFD05521.bin.2.202	335068	MQ
MFD05521.bin.2.210	1975122	MQ
MFD05521.bin.2.215	929299	MQ
MFD05521.bin.2.221	188582	MQ
MFD05521.bin.2.222	239289	MQ
MFD05521.bin.2.226	759319	MQ
MFD05521.bin.2.227	446015	MQ
MFD05521.bin.2.25	470720	MQ
MFD05521.bin.2.29	360889	MQ
MFD05521.bin.2.31	338760	MQ
MFD05521.bin.2.35	252465	MQ
MFD05521.bin.2.38	1932570	MQ
MFD05521.bin.2.39	282582	MQ
MFD05521.bin.2.4	774611	MQ
MFD05521.bin.2.45	124829	MQ
MFD05521.bin.2.5	826759	MQ
MFD05521.bin.2.54	494703	MQ
MFD05521.bin.2.55	160710	MQ
MFD05521.bin.2.56	500265	MQ
MFD05521.bin.2.57	2475703	MQ
MFD05521.bin.2.58	2648892	MQ
MFD05521.bin.2.61	572387	MQ
MFD05521.bin.2.62	3538534	MQ
MFD05521.bin.2.63	143800	MQ
MFD05521.bin.2.66	141649	MQ
MFD05521.bin.2.67	252762	MQ
MFD05521.bin.2.68	171267	MQ
MFD05521.bin.2.7	789097	MQ
MFD05521.bin.2.72	199722	MQ
MFD05521.bin.2.76	39296	MQ
MFD05521.bin.2.79	132217	MQ
MFD05521.bin.2.80	104837	MQ
MFD05521.bin.2.83	321998	MQ
MFD05521.bin.2.84	701369	MQ
MFD05521.bin.2.89	203181	MQ
MFD05521.bin.2.91	111676	MQ
MFD05521.bin.2.95	141772	MQ
MFD05521.bin.3.132	118500	MQ
MFD05521.bin.3.166	479204	MQ
MFD05521.bin.3.212	269910	MQ
MFD05521.bin.3.22	235901	MQ
MFD05521.bin.3.34	190016	MQ
MFD05521.bin.3.347	154450	MQ
MFD05521.bin.3.443	118404	MQ
MFD05521.bin.3.444	84266	MQ
MFD05521.bin.3.460	202529	MQ
MFD05521.bin.3.462	74751	MQ
MFD05521.bin.3.609	427901	MQ
MFD05521.bin.3.61	252012	MQ
MFD05521.bin.3.82	103259	MQ
MFD05521.bin.3.92	267057	MQ
MFD05521.bin.4.280	81505	MQ
MFD05521.bin.4.316	87327	MQ
MFD05537.bin.2.18	235125	MQ
MFD05537.bin.2.22	595311	MQ
MFD05537.bin.2.27	1088627	MQ
MFD05537.bin.2.30	267548	MQ
MFD05537.bin.2.31	191077	MQ
MFD05537.bin.2.35	181461	MQ
MFD05537.bin.2.37	329744	MQ
MFD05537.bin.2.40	191729	MQ
MFD05537.bin.2.47	268153	MQ
MFD05537.bin.2.49	204070	MQ
MFD05537.bin.2.65	1289369	MQ
MFD05537.bin.2.7	1364792	MQ
MFD05537.bin.2.82	1659031	MQ
MFD05537.bin.2.84	2204060	MQ
MFD05537.bin.2.90	813422	MQ
MFD05537.bin.2.92	1767458	MQ
MFD05537.bin.3.259	561956	MQ
MFD05537.bin.3.31	218767	MQ
MFD05567.bin.2.101	217383	MQ
MFD05567.bin.2.102	122601	MQ
MFD05567.bin.2.108	1160597	MQ
MFD05567.bin.2.111	209575	MQ
MFD05567.bin.2.115	154003	MQ
MFD05567.bin.2.14	234546	MQ
MFD05567.bin.2.150	1309975	MQ
MFD05567.bin.2.152	229776	MQ
MFD05567.bin.2.153	334311	MQ
MFD05567.bin.2.154	120414	MQ
MFD05567.bin.2.160	67142	MQ
MFD05567.bin.2.161	224027	MQ
MFD05567.bin.2.167	305194	MQ
MFD05567.bin.2.176	190286	MQ
MFD05567.bin.2.179	331465	MQ
MFD05567.bin.2.181	257089	MQ
MFD05567.bin.2.183	154891	MQ
MFD05567.bin.2.185	196616	MQ
MFD05567.bin.2.187	550761	MQ
MFD05567.bin.2.189	209098	MQ
MFD05567.bin.2.19	1891812	MQ
MFD05567.bin.2.191	221409	MQ
MFD05567.bin.2.196	357686	MQ
MFD05567.bin.2.201	199216	MQ
MFD05567.bin.2.209	183080	MQ
MFD05567.bin.2.219	273545	MQ
MFD05567.bin.2.22	120206	MQ
MFD05567.bin.2.220	2794315	MQ
MFD05567.bin.2.232	597400	MQ
MFD05567.bin.2.233	197847	MQ
MFD05567.bin.2.24	115564	MQ
MFD05567.bin.2.243	412356	MQ
MFD05567.bin.2.246	238609	MQ
MFD05567.bin.2.247	406565	MQ
MFD05567.bin.2.25	152566	MQ
MFD05567.bin.2.250	107686	MQ
MFD05567.bin.2.254	95029	MQ
MFD05567.bin.2.26	479141	MQ
MFD05567.bin.2.266	673773	MQ
MFD05567.bin.2.267	551014	MQ
MFD05567.bin.2.269	387500	MQ
MFD05567.bin.2.27	206685	MQ
MFD05567.bin.2.276	550359	MQ
MFD05567.bin.2.278	399000	MQ
MFD05567.bin.2.3	258249	MQ
MFD05567.bin.2.37	143141	MQ
MFD05567.bin.2.4	173300	MQ
MFD05567.bin.2.45	3546555	MQ
MFD05567.bin.2.47	540801	MQ
MFD05567.bin.2.48	419160	MQ
MFD05567.bin.2.50	828689	MQ
MFD05567.bin.2.55	1243094	MQ
MFD05567.bin.2.57	759609	MQ
MFD05567.bin.2.61	700916	MQ
MFD05567.bin.2.62	362637	MQ
MFD05567.bin.2.64	117611	MQ
MFD05567.bin.2.7	313017	MQ
MFD05567.bin.2.74	516726	MQ
MFD05567.bin.2.76	118025	MQ
MFD05567.bin.2.77	141024	MQ
MFD05567.bin.2.78	180088	MQ
MFD05567.bin.2.80	190636	MQ
MFD05567.bin.2.81	172230	MQ
MFD05567.bin.2.83	119186	MQ
MFD05567.bin.2.84	229901	MQ
MFD05567.bin.2.88	508687	MQ
MFD05567.bin.2.9	1922083	MQ
MFD05567.bin.2.90	158034	MQ
MFD05567.bin.2.97	210931	MQ
MFD05567.bin.3.114	127680	MQ
MFD05567.bin.3.117	259636	MQ
MFD05567.bin.3.134	215161	MQ
MFD05567.bin.3.357	605169	MQ
MFD05567.bin.3.46	69934	MQ
MFD05567.bin.3.49	75356	MQ
MFD05567.bin.3.524	688668	MQ
MFD05567.bin.3.532	237135	MQ
MFD05567.bin.3.543	229773	MQ
MFD05567.bin.3.64	260527	MQ
MFD05567.bin.4.189	68996	MQ
MFD05567.bin.4.378	83067	MQ
MFD05567.bin.4.98	212496	MQ
MFD05580.bin.1.119	154366	MQ
MFD05580.bin.1.36	3041123	MQ
MFD05580.bin.1.80	256428	MQ
MFD05580.bin.2.12	417351	MQ
MFD05580.bin.2.14	2152492	MQ
MFD05580.bin.2.15	591890	MQ
MFD05580.bin.2.2	876715	MQ
MFD05580.bin.2.20	140897	MQ
MFD05580.bin.2.22	458415	MQ
MFD05580.bin.2.24	230495	MQ
MFD05580.bin.2.25	520626	MQ
MFD05580.bin.2.29	1470063	MQ
MFD05580.bin.2.3	2254146	MQ
MFD05580.bin.2.37	1449274	MQ
MFD05580.bin.2.45	1198203	MQ
MFD05580.bin.2.48	1301878	MQ
MFD05580.bin.2.50	203940	MQ
MFD05580.bin.2.60	731137	MQ
MFD05580.bin.2.62	705396	MQ
MFD05580.bin.2.68	64377	MQ
MFD05580.bin.2.69	1031697	MQ
MFD05580.bin.2.70	299608	MQ
MFD05580.bin.2.71	91191	MQ
MFD05580.bin.2.77	263830	MQ
MFD05580.bin.2.82	452400	MQ
MFD05580.bin.2.83	1480310	MQ
MFD05580.bin.2.85	236974	MQ
MFD05580.bin.2.86	72470	MQ
MFD05580.bin.2.90	818594	MQ
MFD05580.bin.2.92	170188	MQ
MFD05580.bin.3.109	104412	MQ
MFD05580.bin.3.156	511693	MQ
MFD05580.bin.3.160	49233	MQ
MFD05580.bin.3.164	159342	MQ
MFD05580.bin.3.18	558665	MQ
MFD05580.bin.3.47	263653	MQ
MFD05580.bin.3.88	154992	MQ
MFD05580.bin.3.90	833092	MQ
MFD05674.bin.1.63	418661	MQ
MFD05674.bin.2.1	179672	MQ
MFD05674.bin.2.114	104695	MQ
MFD05674.bin.2.115	448085	MQ
MFD05674.bin.2.117	78320	MQ
MFD05674.bin.2.121	203156	MQ
MFD05674.bin.2.122	116930	MQ
MFD05674.bin.2.125	176697	MQ
MFD05674.bin.2.126	262984	MQ
MFD05674.bin.2.128	229115	MQ
MFD05674.bin.2.129	158560	MQ
MFD05674.bin.2.130	454915	MQ
MFD05674.bin.2.133	288680	MQ
MFD05674.bin.2.138	133854	MQ
MFD05674.bin.2.139	907101	MQ
MFD05674.bin.2.14	75376	MQ
MFD05674.bin.2.141	79632	MQ
MFD05674.bin.2.145	329731	MQ
MFD05674.bin.2.155	304057	MQ
MFD05674.bin.2.157	315662	MQ
MFD05674.bin.2.160	259876	MQ
MFD05674.bin.2.162	332147	MQ
MFD05674.bin.2.168	712697	MQ
MFD05674.bin.2.17	126097	MQ
MFD05674.bin.2.170	296662	MQ
MFD05674.bin.2.181	652939	MQ
MFD05674.bin.2.184	287436	MQ
MFD05674.bin.2.185	1423749	MQ
MFD05674.bin.2.19	144216	MQ
MFD05674.bin.2.194	531941	MQ
MFD05674.bin.2.20	78280	MQ
MFD05674.bin.2.26	173904	MQ
MFD05674.bin.2.3	578874	MQ
MFD05674.bin.2.30	725205	MQ
MFD05674.bin.2.33	311465	MQ
MFD05674.bin.2.4	407308	MQ
MFD05674.bin.2.41	2722631	MQ
MFD05674.bin.2.46	484556	MQ
MFD05674.bin.2.49	1797902	MQ
MFD05674.bin.2.51	204754	MQ
MFD05674.bin.2.52	521592	MQ
MFD05674.bin.2.53	126436	MQ
MFD05674.bin.2.55	181934	MQ
MFD05674.bin.2.67	550540	MQ
MFD05674.bin.2.7	377667	MQ
MFD05674.bin.2.88	207695	MQ
MFD05674.bin.2.93	75030	MQ
MFD05674.bin.2.95	268801	MQ
MFD05674.bin.2.96	123273	MQ
MFD05674.bin.3.100	48219	MQ
MFD05674.bin.3.103	487730	MQ
MFD05674.bin.3.108	73004	MQ
MFD05674.bin.3.117	96097	MQ
MFD05674.bin.3.173	206697	MQ
MFD05674.bin.3.197	187694	MQ
MFD05674.bin.3.214	1252509	MQ
MFD05674.bin.3.310	303747	MQ
MFD05674.bin.3.315	93200	MQ
MFD05674.bin.3.318	98730	MQ
MFD05674.bin.3.33	170869	MQ
MFD05674.bin.3.332	87149	MQ
MFD05674.bin.3.374	470995	MQ
MFD05674.bin.3.375	93145	MQ
MFD05674.bin.3.413	133433	MQ
MFD05674.bin.3.420	77184	MQ
MFD05674.bin.3.430	143726	MQ
MFD05674.bin.3.445	132530	MQ
MFD05674.bin.3.447	170790	MQ
MFD05674.bin.3.461	208219	MQ
MFD05674.bin.3.475	73977	MQ
MFD05674.bin.3.51	65192	MQ
MFD05674.bin.3.64	103405	MQ
MFD05674.bin.4.155	72610	MQ
MFD05674.bin.4.38	354167	MQ
MFD05674.bin.4.475	112176	MQ
MFD05674.bin.4.515	185790	MQ
MFD05684.bin.1.144	746099	MQ
MFD05684.bin.1.177	284518	MQ
MFD05684.bin.1.278	311263	MQ
MFD05684.bin.1.305	692393	MQ
MFD05684.bin.1.412	450949	MQ
MFD05684.bin.2.100	145736	MQ
MFD05684.bin.2.102	1567729	MQ
MFD05684.bin.2.104	362365	MQ
MFD05684.bin.2.105	121695	MQ
MFD05684.bin.2.107	317292	MQ
MFD05684.bin.2.108	858076	MQ
MFD05684.bin.2.109	429525	MQ
MFD05684.bin.2.11	279118	MQ
MFD05684.bin.2.112	218481	MQ
MFD05684.bin.2.113	208508	MQ
MFD05684.bin.2.115	159365	MQ
MFD05684.bin.2.116	394010	MQ
MFD05684.bin.2.119	115526	MQ
MFD05684.bin.2.122	123536	MQ
MFD05684.bin.2.124	138819	MQ
MFD05684.bin.2.125	149232	MQ
MFD05684.bin.2.127	470718	MQ
MFD05684.bin.2.129	397613	MQ
MFD05684.bin.2.133	147435	MQ
MFD05684.bin.2.135	112189	MQ
MFD05684.bin.2.139	202807	MQ
MFD05684.bin.2.14	510935	MQ
MFD05684.bin.2.144	340013	MQ
MFD05684.bin.2.145	446909	MQ
MFD05684.bin.2.146	523615	MQ
MFD05684.bin.2.147	191086	MQ
MFD05684.bin.2.149	575220	MQ
MFD05684.bin.2.152	2190202	MQ
MFD05684.bin.2.158	141674	MQ
MFD05684.bin.2.163	1196430	MQ
MFD05684.bin.2.165	269005	MQ
MFD05684.bin.2.168	227230	MQ
MFD05684.bin.2.17	1498626	MQ
MFD05684.bin.2.170	339045	MQ
MFD05684.bin.2.174	2886205	MQ
MFD05684.bin.2.178	236616	MQ
MFD05684.bin.2.179	315298	MQ
MFD05684.bin.2.18	347204	MQ
MFD05684.bin.2.180	133223	MQ
MFD05684.bin.2.181	168769	MQ
MFD05684.bin.2.182	451169	MQ
MFD05684.bin.2.184	255177	MQ
MFD05684.bin.2.185	338504	MQ
MFD05684.bin.2.190	366655	MQ
MFD05684.bin.2.191	383463	MQ
MFD05684.bin.2.192	968608	MQ
MFD05684.bin.2.193	347208	MQ
MFD05684.bin.2.194	216449	MQ
MFD05684.bin.2.195	147550	MQ
MFD05684.bin.2.196	88675	MQ
MFD05684.bin.2.197	113971	MQ
MFD05684.bin.2.198	187994	MQ
MFD05684.bin.2.199	489180	MQ
MFD05684.bin.2.2	527769	MQ
MFD05684.bin.2.20	127224	MQ
MFD05684.bin.2.200	1250197	MQ
MFD05684.bin.2.204	438498	MQ
MFD05684.bin.2.206	581936	MQ
MFD05684.bin.2.207	471561	MQ
MFD05684.bin.2.208	1325368	MQ
MFD05684.bin.2.21	291240	MQ
MFD05684.bin.2.210	73974	MQ
MFD05684.bin.2.216	384311	MQ
MFD05684.bin.2.218	296892	MQ
MFD05684.bin.2.219	358368	MQ
MFD05684.bin.2.222	123163	MQ
MFD05684.bin.2.223	194394	MQ
MFD05684.bin.2.225	113183	MQ
MFD05684.bin.2.226	420539	MQ
MFD05684.bin.2.227	440925	MQ
MFD05684.bin.2.228	883312	MQ
MFD05684.bin.2.23	634563	MQ
MFD05684.bin.2.230	690790	MQ
MFD05684.bin.2.233	383987	MQ
MFD05684.bin.2.236	4049665	MQ
MFD05684.bin.2.239	158419	MQ
MFD05684.bin.2.24	293458	MQ
MFD05684.bin.2.240	502406	MQ
MFD05684.bin.2.241	99179	MQ
MFD05684.bin.2.242	289981	MQ
MFD05684.bin.2.243	663665	MQ
MFD05684.bin.2.245	134225	MQ
MFD05684.bin.2.250	356242	MQ
MFD05684.bin.2.251	757974	MQ
MFD05684.bin.2.255	668965	MQ
MFD05684.bin.2.256	79510	MQ
MFD05684.bin.2.259	213200	MQ
MFD05684.bin.2.260	641260	MQ
MFD05684.bin.2.261	293766	MQ
MFD05684.bin.2.263	249221	MQ
MFD05684.bin.2.266	227357	MQ
MFD05684.bin.2.267	476070	MQ
MFD05684.bin.2.269	582883	MQ
MFD05684.bin.2.27	868472	MQ
MFD05684.bin.2.273	1508484	MQ
MFD05684.bin.2.274	735218	MQ
MFD05684.bin.2.275	591500	MQ
MFD05684.bin.2.276	139740	MQ
MFD05684.bin.2.277	165115	MQ
MFD05684.bin.2.279	134288	MQ
MFD05684.bin.2.28	286245	MQ
MFD05684.bin.2.280	1354135	MQ
MFD05684.bin.2.281	2395330	MQ
MFD05684.bin.2.282	158373	MQ
MFD05684.bin.2.283	262210	MQ
MFD05684.bin.2.284	126119	MQ
MFD05684.bin.2.285	331457	MQ
MFD05684.bin.2.29	248539	MQ
MFD05684.bin.2.31	574873	MQ
MFD05684.bin.2.33	245430	MQ
MFD05684.bin.2.34	160130	MQ
MFD05684.bin.2.36	205080	MQ
MFD05684.bin.2.37	387810	MQ
MFD05684.bin.2.38	1794714	MQ
MFD05684.bin.2.39	331018	MQ
MFD05684.bin.2.41	390034	MQ
MFD05684.bin.2.43	542936	MQ
MFD05684.bin.2.48	821574	MQ
MFD05684.bin.2.5	118214	MQ
MFD05684.bin.2.50	237099	MQ
MFD05684.bin.2.51	365148	MQ
MFD05684.bin.2.55	123904	MQ
MFD05684.bin.2.58	108408	MQ
MFD05684.bin.2.6	200498	MQ
MFD05684.bin.2.61	307006	MQ
MFD05684.bin.2.63	232586	MQ
MFD05684.bin.2.64	3827495	MQ
MFD05684.bin.2.65	1391784	MQ
MFD05684.bin.2.66	704258	MQ
MFD05684.bin.2.67	232813	MQ
MFD05684.bin.2.68	209674	MQ
MFD05684.bin.2.69	179105	MQ
MFD05684.bin.2.72	363999	MQ
MFD05684.bin.2.73	578049	MQ
MFD05684.bin.2.75	379670	MQ
MFD05684.bin.2.78	5687249	MQ
MFD05684.bin.2.80	85262	MQ
MFD05684.bin.2.82	3747612	MQ
MFD05684.bin.2.83	1438537	MQ
MFD05684.bin.2.84	1197004	MQ
MFD05684.bin.2.88	641711	MQ
MFD05684.bin.2.91	158907	MQ
MFD05684.bin.2.92	103049	MQ
MFD05684.bin.2.93	761997	MQ
MFD05684.bin.2.95	478515	MQ
MFD05684.bin.2.96	108995	MQ
MFD05684.bin.2.98	644156	MQ
MFD05684.bin.2.99	297919	MQ
MFD05684.bin.3.1	95219	MQ
MFD05684.bin.3.129	729619	MQ
MFD05684.bin.3.142	140043	MQ
MFD05684.bin.3.143	177130	MQ
MFD05684.bin.3.151	88921	MQ
MFD05684.bin.3.160	181475	MQ
MFD05684.bin.3.171	464637	MQ
MFD05684.bin.3.180	294809	MQ
MFD05684.bin.3.198	97749	MQ
MFD05684.bin.3.29	183771	MQ
MFD05684.bin.3.306	146403	MQ
MFD05684.bin.3.313	77644	MQ
MFD05684.bin.3.333	203014	MQ
MFD05684.bin.3.34	388449	MQ
MFD05684.bin.3.341	95656	MQ
MFD05684.bin.3.391	314203	MQ
MFD05684.bin.3.402	199618	MQ
MFD05684.bin.3.404	44103	MQ
MFD05684.bin.3.421	113488	MQ
MFD05684.bin.3.44	195855	MQ
MFD05684.bin.3.60	1336554	MQ
MFD05684.bin.3.79	62839	MQ
MFD05684.bin.4.554	158654	MQ
MFD05705.bin.1.132	444034	MQ
MFD05705.bin.1.143	229482	MQ
MFD05705.bin.1.223	513819	MQ
MFD05705.bin.1.243	611652	MQ
MFD05705.bin.1.7	502558	MQ
MFD05705.bin.2.10	2267774	MQ
MFD05705.bin.2.100	234009	MQ
MFD05705.bin.2.106	3230416	MQ
MFD05705.bin.2.107	561430	MQ
MFD05705.bin.2.108	2454982	MQ
MFD05705.bin.2.110	2300534	MQ
MFD05705.bin.2.112	263171	MQ
MFD05705.bin.2.113	206174	MQ
MFD05705.bin.2.12	567220	MQ
MFD05705.bin.2.120	560803	MQ
MFD05705.bin.2.121	303072	MQ
MFD05705.bin.2.126	533620	MQ
MFD05705.bin.2.13	287181	MQ
MFD05705.bin.2.131	1611053	MQ
MFD05705.bin.2.135	319638	MQ
MFD05705.bin.2.137	564427	MQ
MFD05705.bin.2.138	731546	MQ
MFD05705.bin.2.141	618966	MQ
MFD05705.bin.2.143	986495	MQ
MFD05705.bin.2.144	215008	MQ
MFD05705.bin.2.145	670352	MQ
MFD05705.bin.2.146	369292	MQ
MFD05705.bin.2.149	2895214	MQ
MFD05705.bin.2.15	1969345	MQ
MFD05705.bin.2.152	281422	MQ
MFD05705.bin.2.2	428609	MQ
MFD05705.bin.2.20	233743	MQ
MFD05705.bin.2.22	3812581	MQ
MFD05705.bin.2.35	437987	MQ
MFD05705.bin.2.36	652207	MQ
MFD05705.bin.2.39	404786	MQ
MFD05705.bin.2.4	689594	MQ
MFD05705.bin.2.41	765546	MQ
MFD05705.bin.2.42	842964	MQ
MFD05705.bin.2.43	577116	MQ
MFD05705.bin.2.44	344575	MQ
MFD05705.bin.2.47	822841	MQ
MFD05705.bin.2.48	821696	MQ
MFD05705.bin.2.49	213284	MQ
MFD05705.bin.2.5	243437	MQ
MFD05705.bin.2.50	4383817	MQ
MFD05705.bin.2.52	228004	MQ
MFD05705.bin.2.55	143607	MQ
MFD05705.bin.2.6	465952	MQ
MFD05705.bin.2.66	521249	MQ
MFD05705.bin.2.71	317700	MQ
MFD05705.bin.2.72	489938	MQ
MFD05705.bin.2.76	531344	MQ
MFD05705.bin.2.82	442453	MQ
MFD05705.bin.2.85	1606534	MQ
MFD05705.bin.2.86	678051	MQ
MFD05705.bin.2.87	1033017	MQ
MFD05705.bin.2.88	683293	MQ
MFD05705.bin.2.89	321621	MQ
MFD05705.bin.2.90	350967	MQ
MFD05705.bin.2.92	495136	MQ
MFD05705.bin.2.94	2627913	MQ
MFD05705.bin.2.95	100978	MQ
MFD05705.bin.2.96	682101	MQ
MFD05705.bin.2.99	242661	MQ
MFD05705.bin.3.107	187269	MQ
MFD05705.bin.3.208	90654	MQ
MFD05705.bin.3.237	314619	MQ
MFD05705.bin.3.254	250585	MQ
MFD05705.bin.3.308	757695	MQ
MFD05705.bin.3.47	207630	MQ
MFD05705.bin.4.417	220083	MQ
MFD05705.bin.4.70	203699	MQ
MFD05747.bin.2.1	1246922	MQ
MFD05747.bin.2.102	219842	MQ
MFD05747.bin.2.105	461501	MQ
MFD05747.bin.2.112	222035	MQ
MFD05747.bin.2.116	399134	MQ
MFD05747.bin.2.119	651639	MQ
MFD05747.bin.2.120	228580	MQ
MFD05747.bin.2.124	196204	MQ
MFD05747.bin.2.125	526779	MQ
MFD05747.bin.2.127	835705	MQ
MFD05747.bin.2.132	463746	MQ
MFD05747.bin.2.134	428701	MQ
MFD05747.bin.2.136	396333	MQ
MFD05747.bin.2.137	127160	MQ
MFD05747.bin.2.142	140697	MQ
MFD05747.bin.2.144	322118	MQ
MFD05747.bin.2.145	3865908	MQ
MFD05747.bin.2.149	764341	MQ
MFD05747.bin.2.150	578318	MQ
MFD05747.bin.2.152	121429	MQ
MFD05747.bin.2.155	310280	MQ
MFD05747.bin.2.157	189970	MQ
MFD05747.bin.2.16	140974	MQ
MFD05747.bin.2.162	527491	MQ
MFD05747.bin.2.163	244328	MQ
MFD05747.bin.2.165	388651	MQ
MFD05747.bin.2.167	789213	MQ
MFD05747.bin.2.173	336371	MQ
MFD05747.bin.2.174	378328	MQ
MFD05747.bin.2.175	850482	MQ
MFD05747.bin.2.176	246421	MQ
MFD05747.bin.2.177	275838	MQ
MFD05747.bin.2.178	126345	MQ
MFD05747.bin.2.183	3479828	MQ
MFD05747.bin.2.188	257742	MQ
MFD05747.bin.2.193	4356551	MQ
MFD05747.bin.2.197	490730	MQ
MFD05747.bin.2.2	739541	MQ
MFD05747.bin.2.200	531577	MQ
MFD05747.bin.2.202	177198	MQ
MFD05747.bin.2.21	2383814	MQ
MFD05747.bin.2.210	836132	MQ
MFD05747.bin.2.211	313319	MQ
MFD05747.bin.2.215	3150620	MQ
MFD05747.bin.2.217	1689730	MQ
MFD05747.bin.2.221	529942	MQ
MFD05747.bin.2.223	704764	MQ
MFD05747.bin.2.224	606857	MQ
MFD05747.bin.2.23	437320	MQ
MFD05747.bin.2.24	179977	MQ
MFD05747.bin.2.28	325429	MQ
MFD05747.bin.2.29	2505406	MQ
MFD05747.bin.2.33	294701	MQ
MFD05747.bin.2.36	2214485	MQ
MFD05747.bin.2.37	149638	MQ
MFD05747.bin.2.40	558569	MQ
MFD05747.bin.2.42	717795	MQ
MFD05747.bin.2.52	417757	MQ
MFD05747.bin.2.59	629743	MQ
MFD05747.bin.2.85	262668	MQ
MFD05747.bin.2.90	797459	MQ
MFD05747.bin.2.93	1823629	MQ
MFD05747.bin.3.104	144466	MQ
MFD05747.bin.3.156	362689	MQ
MFD05747.bin.3.196	1042568	MQ
MFD05747.bin.3.237	217518	MQ
MFD05747.bin.3.238	2668405	MQ
MFD05747.bin.3.242	383670	MQ
MFD05747.bin.3.273	141195	MQ
MFD05747.bin.3.28	288947	MQ
MFD05747.bin.3.294	66178	MQ
MFD05747.bin.3.302	193417	MQ
MFD05747.bin.3.323	105669	MQ
MFD05747.bin.3.37	139586	MQ
MFD05747.bin.3.402	423270	MQ
MFD05747.bin.3.574	682383	MQ
MFD05747.bin.3.79	378950	MQ
MFD05747.bin.4.134	111258	MQ
MFD05747.bin.4.161	206456	MQ
MFD05841.bin.2.1	869688	MQ
MFD05841.bin.2.10	1288239	MQ
MFD05841.bin.2.100	233293	MQ
MFD05841.bin.2.102	232044	MQ
MFD05841.bin.2.109	184063	MQ
MFD05841.bin.2.11	82106	MQ
MFD05841.bin.2.110	486629	MQ
MFD05841.bin.2.111	379925	MQ
MFD05841.bin.2.112	350948	MQ
MFD05841.bin.2.116	196414	MQ
MFD05841.bin.2.117	2542916	MQ
MFD05841.bin.2.118	267381	MQ
MFD05841.bin.2.119	92348	MQ
MFD05841.bin.2.12	253183	MQ
MFD05841.bin.2.120	83946	MQ
MFD05841.bin.2.123	2713226	MQ
MFD05841.bin.2.124	386706	MQ
MFD05841.bin.2.128	340468	MQ
MFD05841.bin.2.129	519495	MQ
MFD05841.bin.2.132	138519	MQ
MFD05841.bin.2.133	134853	MQ
MFD05841.bin.2.137	847199	MQ
MFD05841.bin.2.14	250038	MQ
MFD05841.bin.2.140	154582	MQ
MFD05841.bin.2.150	1495107	MQ
MFD05841.bin.2.159	398731	MQ
MFD05841.bin.2.163	194304	MQ
MFD05841.bin.2.164	353033	MQ
MFD05841.bin.2.165	282870	MQ
MFD05841.bin.2.169	69462	MQ
MFD05841.bin.2.175	2362755	MQ
MFD05841.bin.2.176	308817	MQ
MFD05841.bin.2.177	190317	MQ
MFD05841.bin.2.190	121269	MQ
MFD05841.bin.2.193	605736	MQ
MFD05841.bin.2.194	269064	MQ
MFD05841.bin.2.196	112732	MQ
MFD05841.bin.2.197	257882	MQ
MFD05841.bin.2.2	154192	MQ
MFD05841.bin.2.20	367968	MQ
MFD05841.bin.2.204	674831	MQ
MFD05841.bin.2.205	183715	MQ
MFD05841.bin.2.206	416048	MQ
MFD05841.bin.2.207	345870	MQ
MFD05841.bin.2.209	547180	MQ
MFD05841.bin.2.21	189225	MQ
MFD05841.bin.2.212	168828	MQ
MFD05841.bin.2.213	470975	MQ
MFD05841.bin.2.214	1789996	MQ
MFD05841.bin.2.220	1488007	MQ
MFD05841.bin.2.228	2959052	MQ
MFD05841.bin.2.23	890760	MQ
MFD05841.bin.2.230	2468497	MQ
MFD05841.bin.2.27	234060	MQ
MFD05841.bin.2.28	263800	MQ
MFD05841.bin.2.31	144275	MQ
MFD05841.bin.2.34	337013	MQ
MFD05841.bin.2.36	247414	MQ
MFD05841.bin.2.37	639855	MQ
MFD05841.bin.2.38	509217	MQ
MFD05841.bin.2.39	1559165	MQ
MFD05841.bin.2.4	221205	MQ
MFD05841.bin.2.41	422248	MQ
MFD05841.bin.2.43	244809	MQ
MFD05841.bin.2.44	155385	MQ
MFD05841.bin.2.45	470421	MQ
MFD05841.bin.2.49	669349	MQ
MFD05841.bin.2.51	128157	MQ
MFD05841.bin.2.56	260923	MQ
MFD05841.bin.2.57	160079	MQ
MFD05841.bin.2.58	133132	MQ
MFD05841.bin.2.6	278268	MQ
MFD05841.bin.2.60	60070	MQ
MFD05841.bin.2.61	378458	MQ
MFD05841.bin.2.63	155671	MQ
MFD05841.bin.2.64	339220	MQ
MFD05841.bin.2.67	134969	MQ
MFD05841.bin.2.68	363504	MQ
MFD05841.bin.2.69	181584	MQ
MFD05841.bin.2.7	175637	MQ
MFD05841.bin.2.70	249764	MQ
MFD05841.bin.2.71	102486	MQ
MFD05841.bin.2.72	1297942	MQ
MFD05841.bin.2.73	526895	MQ
MFD05841.bin.2.8	227759	MQ
MFD05841.bin.2.96	3051429	MQ
MFD05841.bin.3.119	223456	MQ
MFD05841.bin.3.121	99488	MQ
MFD05841.bin.3.160	319982	MQ
MFD05841.bin.3.161	159204	MQ
MFD05841.bin.3.176	72943	MQ
MFD05841.bin.3.184	260052	MQ
MFD05841.bin.3.233	258213	MQ
MFD05841.bin.3.236	500013	MQ
MFD05841.bin.3.261	491136	MQ
MFD05841.bin.3.277	124416	MQ
MFD05841.bin.3.284	173555	MQ
MFD05841.bin.3.285	198176	MQ
MFD05841.bin.3.297	256957	MQ
MFD05841.bin.3.299	88799	MQ
MFD05841.bin.3.37	49265	MQ
MFD05841.bin.3.38	92589	MQ
MFD05841.bin.3.387	273421	MQ
MFD05841.bin.3.431	97157	MQ
MFD05841.bin.3.435	108261	MQ
MFD05841.bin.3.44	301528	MQ
MFD05841.bin.3.60	143346	MQ
MFD05841.bin.3.68	315938	MQ
MFD05841.bin.4.342	45321	MQ
MFD05841.bin.4.455	261641	MQ
MFD05942.bin.1.100	366005	MQ
MFD05942.bin.1.129	1077156	MQ
MFD05942.bin.1.211	567027	MQ
MFD05942.bin.1.304	2693466	MQ
MFD05942.bin.1.391	223795	MQ
MFD05942.bin.1.431	573021	MQ
MFD05942.bin.1.468	383665	MQ
MFD05942.bin.1.63	2028939	MQ
MFD05942.bin.2.101	308038	MQ
MFD05942.bin.2.102	190678	MQ
MFD05942.bin.2.103	317163	MQ
MFD05942.bin.2.106	267260	MQ
MFD05942.bin.2.108	721644	MQ
MFD05942.bin.2.109	173036	MQ
MFD05942.bin.2.111	236826	MQ
MFD05942.bin.2.112	172304	MQ
MFD05942.bin.2.113	153812	MQ
MFD05942.bin.2.114	644868	MQ
MFD05942.bin.2.115	384599	MQ
MFD05942.bin.2.117	487078	MQ
MFD05942.bin.2.118	97844	MQ
MFD05942.bin.2.119	168861	MQ
MFD05942.bin.2.12	2875816	MQ
MFD05942.bin.2.120	165909	MQ
MFD05942.bin.2.121	110613	MQ
MFD05942.bin.2.122	221463	MQ
MFD05942.bin.2.123	123079	MQ
MFD05942.bin.2.125	61671	MQ
MFD05942.bin.2.127	233181	MQ
MFD05942.bin.2.130	592725	MQ
MFD05942.bin.2.131	127697	MQ
MFD05942.bin.2.132	188950	MQ
MFD05942.bin.2.133	600386	MQ
MFD05942.bin.2.135	79806	MQ
MFD05942.bin.2.136	566090	MQ
MFD05942.bin.2.137	112461	MQ
MFD05942.bin.2.150	177186	MQ
MFD05942.bin.2.155	237700	MQ
MFD05942.bin.2.163	88015	MQ
MFD05942.bin.2.166	137889	MQ
MFD05942.bin.2.169	572365	MQ
MFD05942.bin.2.176	338877	MQ
MFD05942.bin.2.177	638371	MQ
MFD05942.bin.2.197	229361	MQ
MFD05942.bin.2.198	690256	MQ
MFD05942.bin.2.20	1366748	MQ
MFD05942.bin.2.206	385889	MQ
MFD05942.bin.2.207	308848	MQ
MFD05942.bin.2.209	270483	MQ
MFD05942.bin.2.211	410252	MQ
MFD05942.bin.2.212	237790	MQ
MFD05942.bin.2.216	284695	MQ
MFD05942.bin.2.221	1103951	MQ
MFD05942.bin.2.225	232543	MQ
MFD05942.bin.2.234	329183	MQ
MFD05942.bin.2.238	115605	MQ
MFD05942.bin.2.242	538533	MQ
MFD05942.bin.2.244	187941	MQ
MFD05942.bin.2.246	151825	MQ
MFD05942.bin.2.248	473871	MQ
MFD05942.bin.2.249	322841	MQ
MFD05942.bin.2.252	342007	MQ
MFD05942.bin.2.254	583449	MQ
MFD05942.bin.2.255	1129639	MQ
MFD05942.bin.2.258	333841	MQ
MFD05942.bin.2.261	2587028	MQ
MFD05942.bin.2.262	1997497	MQ
MFD05942.bin.2.266	428289	MQ
MFD05942.bin.2.269	476158	MQ
MFD05942.bin.2.270	867959	MQ
MFD05942.bin.2.272	1042463	MQ
MFD05942.bin.2.28	596966	MQ
MFD05942.bin.2.281	232050	MQ
MFD05942.bin.2.285	115836	MQ
MFD05942.bin.2.29	127986	MQ
MFD05942.bin.2.290	1042058	MQ
MFD05942.bin.2.296	253996	MQ
MFD05942.bin.2.299	75598	MQ
MFD05942.bin.2.30	322422	MQ
MFD05942.bin.2.302	859141	MQ
MFD05942.bin.2.303	252637	MQ
MFD05942.bin.2.306	956446	MQ
MFD05942.bin.2.307	227388	MQ
MFD05942.bin.2.31	765704	MQ
MFD05942.bin.2.313	335036	MQ
MFD05942.bin.2.318	814259	MQ
MFD05942.bin.2.32	160772	MQ
MFD05942.bin.2.320	165454	MQ
MFD05942.bin.2.325	783973	MQ
MFD05942.bin.2.329	202384	MQ
MFD05942.bin.2.33	221869	MQ
MFD05942.bin.2.330	347680	MQ
MFD05942.bin.2.336	148556	MQ
MFD05942.bin.2.338	546483	MQ
MFD05942.bin.2.339	828610	MQ
MFD05942.bin.2.34	358631	MQ
MFD05942.bin.2.344	180195	MQ
MFD05942.bin.2.345	189575	MQ
MFD05942.bin.2.346	593061	MQ
MFD05942.bin.2.347	481867	MQ
MFD05942.bin.2.348	588122	MQ
MFD05942.bin.2.349	1064262	MQ
MFD05942.bin.2.353	403261	MQ
MFD05942.bin.2.354	143292	MQ
MFD05942.bin.2.36	476149	MQ
MFD05942.bin.2.361	1194818	MQ
MFD05942.bin.2.38	205541	MQ
MFD05942.bin.2.39	312741	MQ
MFD05942.bin.2.40	285313	MQ
MFD05942.bin.2.44	213397	MQ
MFD05942.bin.2.45	1919958	MQ
MFD05942.bin.2.46	617560	MQ
MFD05942.bin.2.47	520231	MQ
MFD05942.bin.2.49	237899	MQ
MFD05942.bin.2.55	870853	MQ
MFD05942.bin.2.56	256193	MQ
MFD05942.bin.2.60	150971	MQ
MFD05942.bin.2.61	519264	MQ
MFD05942.bin.2.64	466515	MQ
MFD05942.bin.2.66	1425728	MQ
MFD05942.bin.2.67	722289	MQ
MFD05942.bin.2.68	392109	MQ
MFD05942.bin.2.69	2337315	MQ
MFD05942.bin.2.7	1004257	MQ
MFD05942.bin.2.78	223020	MQ
MFD05942.bin.2.79	1505158	MQ
MFD05942.bin.2.8	256625	MQ
MFD05942.bin.2.81	213673	MQ
MFD05942.bin.2.82	349740	MQ
MFD05942.bin.2.84	339653	MQ
MFD05942.bin.2.85	306546	MQ
MFD05942.bin.2.86	783335	MQ
MFD05942.bin.2.87	440206	MQ
MFD05942.bin.2.89	218335	MQ
MFD05942.bin.2.9	328350	MQ
MFD05942.bin.2.91	148021	MQ
MFD05942.bin.2.93	216585	MQ
MFD05942.bin.2.95	196104	MQ
MFD05942.bin.2.96	105855	MQ
MFD05942.bin.2.97	423924	MQ
MFD05942.bin.2.99	167810	MQ
MFD05942.bin.3.126	916996	MQ
MFD05942.bin.3.128	60255	MQ
MFD05942.bin.3.131	125905	MQ
MFD05942.bin.3.140	348469	MQ
MFD05942.bin.3.17	218917	MQ
MFD05942.bin.3.192	232643	MQ
MFD05942.bin.3.222	75760	MQ
MFD05942.bin.3.249	220784	MQ
MFD05942.bin.3.254	351093	MQ
MFD05942.bin.3.255	331173	MQ
MFD05942.bin.3.267	973351	MQ
MFD05942.bin.3.275	160533	MQ
MFD05942.bin.3.283	181899	MQ
MFD05942.bin.3.284	439481	MQ
MFD05942.bin.3.300	172264	MQ
MFD05942.bin.3.322	128040	MQ
MFD05942.bin.3.327	1033304	MQ
MFD05942.bin.3.333	227535	MQ
MFD05942.bin.3.344	116417	MQ
MFD05942.bin.3.361	225826	MQ
MFD05942.bin.3.4	204647	MQ
MFD05942.bin.3.408	803377	MQ
MFD05942.bin.3.425	308090	MQ
MFD05942.bin.3.478	268695	MQ
MFD05942.bin.3.50	117247	MQ
MFD05942.bin.3.550	100497	MQ
MFD05942.bin.3.623	233156	MQ
MFD05942.bin.3.643	130261	MQ
MFD05942.bin.3.656	123813	MQ
MFD05942.bin.3.727	529425	MQ
MFD05942.bin.3.80	175280	MQ
MFD05942.bin.3.94	200451	MQ
MFD05942.bin.4.194	127559	MQ
MFD05942.bin.4.397	98348	MQ
MFD05942.bin.4.459	114471	MQ
MFD05942.bin.4.462	225419	MQ
MFD05942.bin.4.8	358217	MQ
MFD06085.bin.1.183	333931	MQ
MFD06085.bin.1.38	1445071	MQ
MFD06085.bin.1.62	841999	MQ
MFD06085.bin.2.1	683032	MQ
MFD06085.bin.2.107	123853	MQ
MFD06085.bin.2.117	280097	MQ
MFD06085.bin.2.120	436051	MQ
MFD06085.bin.2.125	937715	MQ
MFD06085.bin.2.126	199399	MQ
MFD06085.bin.2.133	326977	MQ
MFD06085.bin.2.142	906988	MQ
MFD06085.bin.2.143	1303902	MQ
MFD06085.bin.2.144	463439	MQ
MFD06085.bin.2.155	815173	MQ
MFD06085.bin.2.158	425095	MQ
MFD06085.bin.2.162	276501	MQ
MFD06085.bin.2.163	235866	MQ
MFD06085.bin.2.19	147717	MQ
MFD06085.bin.2.31	636454	MQ
MFD06085.bin.2.33	531352	MQ
MFD06085.bin.2.34	127080	MQ
MFD06085.bin.2.35	80757	MQ
MFD06085.bin.2.4	1968795	MQ
MFD06085.bin.2.60	4017900	MQ
MFD06085.bin.2.66	163098	MQ
MFD06085.bin.2.74	1868252	MQ
MFD06085.bin.2.75	501479	MQ
MFD06085.bin.2.78	151501	MQ
MFD06085.bin.2.89	917191	MQ
MFD06085.bin.2.9	245029	MQ
MFD06085.bin.2.91	424170	MQ
MFD06085.bin.2.93	270300	MQ
MFD06085.bin.2.96	72058	MQ
MFD06085.bin.2.97	98462	MQ
MFD06085.bin.3.113	825507	MQ
MFD06085.bin.3.177	74533	MQ
MFD06085.bin.3.239	237719	MQ
MFD06085.bin.3.256	181002	MQ
MFD06085.bin.3.380	7809271	MQ
MFD06085.bin.3.398	182350	MQ
MFD06085.bin.3.51	275180	MQ
MFD06085.bin.3.99	318397	MQ
MFD06085.bin.4.391	251326	MQ
MFD06092.bin.1.170	807384	MQ
MFD06092.bin.1.173	484214	MQ
MFD06092.bin.1.198	786497	MQ
MFD06092.bin.1.210	1342248	MQ
MFD06092.bin.1.211	420740	MQ
MFD06092.bin.1.223	393309	MQ
MFD06092.bin.1.77	465833	MQ
MFD06092.bin.1.78	909497	MQ
MFD06092.bin.2.10	2473011	MQ
MFD06092.bin.2.113	1531733	MQ
MFD06092.bin.2.117	1473474	MQ
MFD06092.bin.2.119	2645326	MQ
MFD06092.bin.2.122	113421	MQ
MFD06092.bin.2.129	903444	MQ
MFD06092.bin.2.137	173797	MQ
MFD06092.bin.2.138	630358	MQ
MFD06092.bin.2.139	486301	MQ
MFD06092.bin.2.145	160293	MQ
MFD06092.bin.2.146	410473	MQ
MFD06092.bin.2.148	328719	MQ
MFD06092.bin.2.152	209515	MQ
MFD06092.bin.2.154	1549209	MQ
MFD06092.bin.2.155	120208	MQ
MFD06092.bin.2.158	735898	MQ
MFD06092.bin.2.160	1046562	MQ
MFD06092.bin.2.163	1053408	MQ
MFD06092.bin.2.164	287775	MQ
MFD06092.bin.2.165	304552	MQ
MFD06092.bin.2.171	1139160	MQ
MFD06092.bin.2.173	2642517	MQ
MFD06092.bin.2.175	184551	MQ
MFD06092.bin.2.176	7333967	MQ
MFD06092.bin.2.177	773714	MQ
MFD06092.bin.2.179	190744	MQ
MFD06092.bin.2.180	56049	MQ
MFD06092.bin.2.181	1142307	MQ
MFD06092.bin.2.189	855279	MQ
MFD06092.bin.2.198	3137550	MQ
MFD06092.bin.2.203	2689285	MQ
MFD06092.bin.2.205	1764071	MQ
MFD06092.bin.2.3	1310060	MQ
MFD06092.bin.2.37	390251	MQ
MFD06092.bin.2.38	503904	MQ
MFD06092.bin.2.39	635108	MQ
MFD06092.bin.2.40	510615	MQ
MFD06092.bin.2.46	762894	MQ
MFD06092.bin.2.47	2724324	MQ
MFD06092.bin.2.48	2075816	MQ
MFD06092.bin.2.49	663694	MQ
MFD06092.bin.2.5	380620	MQ
MFD06092.bin.2.51	325894	MQ
MFD06092.bin.2.54	423589	MQ
MFD06092.bin.2.57	120849	MQ
MFD06092.bin.2.58	167645	MQ
MFD06092.bin.2.63	167625	MQ
MFD06092.bin.2.66	128617	MQ
MFD06092.bin.2.68	292447	MQ
MFD06092.bin.2.7	1752374	MQ
MFD06092.bin.2.73	413159	MQ
MFD06092.bin.2.74	968444	MQ
MFD06092.bin.2.75	700360	MQ
MFD06092.bin.2.76	844498	MQ
MFD06092.bin.2.78	75590	MQ
MFD06092.bin.2.81	155505	MQ
MFD06092.bin.2.82	146092	MQ
MFD06092.bin.2.85	39925	MQ
MFD06092.bin.2.86	500809	MQ
MFD06092.bin.2.87	242670	MQ
MFD06092.bin.2.89	796974	MQ
MFD06092.bin.2.94	117820	MQ
MFD06092.bin.2.96	446195	MQ
MFD06092.bin.2.99	246879	MQ
MFD06092.bin.3.114	300870	MQ
MFD06092.bin.3.249	69525	MQ
MFD06092.bin.3.285	130605	MQ
MFD06092.bin.3.326	224202	MQ
MFD06092.bin.4.257	43758	MQ
MFD06229.bin.2.115	594322	MQ
MFD06229.bin.2.122	1587001	MQ
MFD06229.bin.2.124	2851332	MQ
MFD06229.bin.2.134	140185	MQ
MFD06229.bin.2.137	1150361	MQ
MFD06229.bin.2.138	163510	MQ
MFD06229.bin.2.140	662585	MQ
MFD06229.bin.2.149	2607490	MQ
MFD06229.bin.2.150	1929626	MQ
MFD06229.bin.2.154	1029628	MQ
MFD06229.bin.2.155	223839	MQ
MFD06229.bin.2.157	197085	MQ
MFD06229.bin.2.159	450201	MQ
MFD06229.bin.2.162	1687762	MQ
MFD06229.bin.2.168	371587	MQ
MFD06229.bin.2.17	629327	MQ
MFD06229.bin.2.181	166119	MQ
MFD06229.bin.2.185	755457	MQ
MFD06229.bin.2.186	102903	MQ
MFD06229.bin.2.191	365586	MQ
MFD06229.bin.2.204	1801064	MQ
MFD06229.bin.2.210	417663	MQ
MFD06229.bin.2.215	467821	MQ
MFD06229.bin.2.219	843846	MQ
MFD06229.bin.2.225	89957	MQ
MFD06229.bin.2.226	465354	MQ
MFD06229.bin.2.227	311950	MQ
MFD06229.bin.2.230	142143	MQ
MFD06229.bin.2.236	868165	MQ
MFD06229.bin.2.238	1659814	MQ
MFD06229.bin.2.24	299628	MQ
MFD06229.bin.2.240	315117	MQ
MFD06229.bin.2.245	345270	MQ
MFD06229.bin.2.246	355189	MQ
MFD06229.bin.2.252	1522512	MQ
MFD06229.bin.2.258	309680	MQ
MFD06229.bin.2.259	694489	MQ
MFD06229.bin.2.262	580212	MQ
MFD06229.bin.2.265	346147	MQ
MFD06229.bin.2.32	5374118	MQ
MFD06229.bin.2.38	1026984	MQ
MFD06229.bin.2.4	2889863	MQ
MFD06229.bin.2.40	215391	MQ
MFD06229.bin.2.41	454619	MQ
MFD06229.bin.2.42	634909	MQ
MFD06229.bin.2.5	3485440	MQ
MFD06229.bin.2.51	506888	MQ
MFD06229.bin.2.55	111586	MQ
MFD06229.bin.2.57	244880	MQ
MFD06229.bin.2.61	820831	MQ
MFD06229.bin.2.63	323442	MQ
MFD06229.bin.2.64	463176	MQ
MFD06229.bin.2.69	203918	MQ
MFD06229.bin.2.70	335881	MQ
MFD06229.bin.2.72	777562	MQ
MFD06229.bin.2.77	573756	MQ
MFD06229.bin.2.89	686893	MQ
MFD06229.bin.3.102	979797	MQ
MFD06229.bin.3.208	4731796	MQ
MFD06229.bin.3.228	99382	MQ
MFD06229.bin.3.372	205832	MQ
MFD06229.bin.3.42	379284	MQ
MFD06229.bin.3.461	84206	MQ
MFD06229.bin.3.483	204109	MQ
MFD06229.bin.3.491	359191	MQ
MFD06229.bin.3.554	1765492	MQ
MFD06229.bin.3.581	152639	MQ
MFD06229.bin.3.98	371379	MQ
MFD06229.bin.4.101	547958	MQ
MFD06229.bin.4.403	212694	MQ
MFD06229.bin.4.496	764070	MQ
MFD06298.bin.1.142	560285	MQ
MFD06298.bin.2.10	508553	MQ
MFD06298.bin.2.114	247762	MQ
MFD06298.bin.2.116	227265	MQ
MFD06298.bin.2.118	553828	MQ
MFD06298.bin.2.127	282977	MQ
MFD06298.bin.2.13	340137	MQ
MFD06298.bin.2.131	1675664	MQ
MFD06298.bin.2.132	505325	MQ
MFD06298.bin.2.137	299827	MQ
MFD06298.bin.2.146	300084	MQ
MFD06298.bin.2.154	826318	MQ
MFD06298.bin.2.160	247639	MQ
MFD06298.bin.2.166	797567	MQ
MFD06298.bin.2.175	215716	MQ
MFD06298.bin.2.185	1015790	MQ
MFD06298.bin.2.192	210642	MQ
MFD06298.bin.2.195	183220	MQ
MFD06298.bin.2.198	318199	MQ
MFD06298.bin.2.20	76166	MQ
MFD06298.bin.2.202	269719	MQ
MFD06298.bin.2.208	985870	MQ
MFD06298.bin.2.211	382278	MQ
MFD06298.bin.2.213	1344205	MQ
MFD06298.bin.2.218	2453951	MQ
MFD06298.bin.2.219	321108	MQ
MFD06298.bin.2.22	92494	MQ
MFD06298.bin.2.220	662262	MQ
MFD06298.bin.2.224	209034	MQ
MFD06298.bin.2.225	534772	MQ
MFD06298.bin.2.226	693845	MQ
MFD06298.bin.2.34	112069	MQ
MFD06298.bin.2.59	2679021	MQ
MFD06298.bin.2.62	164633	MQ
MFD06298.bin.2.64	799849	MQ
MFD06298.bin.2.66	112604	MQ
MFD06298.bin.2.67	788666	MQ
MFD06298.bin.2.69	357581	MQ
MFD06298.bin.2.71	548625	MQ
MFD06298.bin.2.72	200563	MQ
MFD06298.bin.2.74	173640	MQ
MFD06298.bin.2.77	91901	MQ
MFD06298.bin.2.78	2665711	MQ
MFD06298.bin.3.105	312037	MQ
MFD06298.bin.3.125	177187	MQ
MFD06298.bin.3.148	104594	MQ
MFD06298.bin.3.315	242698	MQ
MFD06298.bin.3.339	569935	MQ
MFD06298.bin.3.39	975065	MQ
MFD06298.bin.3.525	392807	MQ
MFD06298.bin.3.54	128993	MQ
MFD06298.bin.3.556	753177	MQ
MFD06435.bin.1.130	513726	MQ
MFD06435.bin.1.72	783413	MQ
MFD06435.bin.2.10	266966	MQ
MFD06435.bin.2.101	473177	MQ
MFD06435.bin.2.11	401868	MQ
MFD06435.bin.2.110	441116	MQ
MFD06435.bin.2.111	3282690	MQ
MFD06435.bin.2.113	995813	MQ
MFD06435.bin.2.114	331453	MQ
MFD06435.bin.2.116	520887	MQ
MFD06435.bin.2.117	396199	MQ
MFD06435.bin.2.119	562147	MQ
MFD06435.bin.2.120	264511	MQ
MFD06435.bin.2.125	163705	MQ
MFD06435.bin.2.126	267213	MQ
MFD06435.bin.2.13	167491	MQ
MFD06435.bin.2.132	269672	MQ
MFD06435.bin.2.134	1216870	MQ
MFD06435.bin.2.137	157231	MQ
MFD06435.bin.2.138	509543	MQ
MFD06435.bin.2.140	2003908	MQ
MFD06435.bin.2.142	112485	MQ
MFD06435.bin.2.143	221682	MQ
MFD06435.bin.2.144	481037	MQ
MFD06435.bin.2.145	235225	MQ
MFD06435.bin.2.146	258756	MQ
MFD06435.bin.2.147	871060	MQ
MFD06435.bin.2.148	232067	MQ
MFD06435.bin.2.159	1133462	MQ
MFD06435.bin.2.160	333573	MQ
MFD06435.bin.2.165	90186	MQ
MFD06435.bin.2.166	768149	MQ
MFD06435.bin.2.170	702719	MQ
MFD06435.bin.2.174	157469	MQ
MFD06435.bin.2.176	131611	MQ
MFD06435.bin.2.178	2961085	MQ
MFD06435.bin.2.181	998202	MQ
MFD06435.bin.2.183	880700	MQ
MFD06435.bin.2.192	4047605	MQ
MFD06435.bin.2.193	514160	MQ
MFD06435.bin.2.195	411948	MQ
MFD06435.bin.2.21	236535	MQ
MFD06435.bin.2.24	3405598	MQ
MFD06435.bin.2.33	734503	MQ
MFD06435.bin.2.44	141571	MQ
MFD06435.bin.2.45	2852120	MQ
MFD06435.bin.2.58	656491	MQ
MFD06435.bin.2.59	79973	MQ
MFD06435.bin.2.61	389188	MQ
MFD06435.bin.2.63	932532	MQ
MFD06435.bin.2.65	301263	MQ
MFD06435.bin.2.68	1737393	MQ
MFD06435.bin.2.7	1135261	MQ
MFD06435.bin.2.8	207152	MQ
MFD06435.bin.2.88	126353	MQ
MFD06435.bin.2.9	4639047	MQ
MFD06435.bin.2.90	322150	MQ
MFD06435.bin.2.94	558609	MQ
MFD06435.bin.3.124	127336	MQ
MFD06435.bin.3.22	158604	MQ
MFD06435.bin.3.280	67635	MQ
MFD06435.bin.3.313	44844	MQ
MFD06435.bin.3.317	87362	MQ
MFD06435.bin.3.333	2739372	MQ
MFD06435.bin.3.359	378294	MQ
MFD06435.bin.3.419	187832	MQ
MFD06435.bin.3.5	312007	MQ
MFD06435.bin.3.50	230934	MQ
MFD06435.bin.4.572	72908	MQ
MFD06526.bin.1.2	378853	MQ
MFD06526.bin.2.101	184097	MQ
MFD06526.bin.2.110	609775	MQ
MFD06526.bin.2.113	759579	MQ
MFD06526.bin.2.119	185458	MQ
MFD06526.bin.2.13	184751	MQ
MFD06526.bin.2.18	188534	MQ
MFD06526.bin.2.19	318139	MQ
MFD06526.bin.2.21	82736	MQ
MFD06526.bin.2.24	681855	MQ
MFD06526.bin.2.47	267146	MQ
MFD06526.bin.2.56	154496	MQ
MFD06526.bin.2.58	245892	MQ
MFD06526.bin.2.59	157648	MQ
MFD06526.bin.2.60	344539	MQ
MFD06526.bin.2.61	732266	MQ
MFD06526.bin.2.69	2061472	MQ
MFD06526.bin.2.73	276973	MQ
MFD06526.bin.2.74	175586	MQ
MFD06526.bin.2.75	150591	MQ
MFD06526.bin.2.76	206866	MQ
MFD06526.bin.2.81	148250	MQ
MFD06526.bin.2.89	375689	MQ
MFD06526.bin.2.9	198859	MQ
MFD06526.bin.2.99	356690	MQ
MFD06526.bin.3.100	1420603	MQ
MFD06526.bin.3.188	189979	MQ
MFD06526.bin.3.235	63132	MQ
MFD06526.bin.3.285	99540	MQ
MFD06526.bin.3.31	149887	MQ
MFD06526.bin.3.329	90507	MQ
MFD06526.bin.3.363	375091	MQ
MFD06526.bin.3.41	191031	MQ
MFD06526.bin.3.427	149533	MQ
MFD06526.bin.3.74	369429	MQ
MFD06714.bin.1.113	521198	MQ
MFD06714.bin.1.121	447310	MQ
MFD06714.bin.2.100	1260441	MQ
MFD06714.bin.2.102	231424	MQ
MFD06714.bin.2.104	243986	MQ
MFD06714.bin.2.110	214538	MQ
MFD06714.bin.2.111	115640	MQ
MFD06714.bin.2.115	392965	MQ
MFD06714.bin.2.116	189399	MQ
MFD06714.bin.2.117	478397	MQ
MFD06714.bin.2.118	382284	MQ
MFD06714.bin.2.119	1023636	MQ
MFD06714.bin.2.12	394307	MQ
MFD06714.bin.2.120	331931	MQ
MFD06714.bin.2.121	327683	MQ
MFD06714.bin.2.122	363148	MQ
MFD06714.bin.2.127	147285	MQ
MFD06714.bin.2.128	1243258	MQ
MFD06714.bin.2.13	2519565	MQ
MFD06714.bin.2.130	120308	MQ
MFD06714.bin.2.131	435322	MQ
MFD06714.bin.2.137	1723376	MQ
MFD06714.bin.2.139	267763	MQ
MFD06714.bin.2.142	167474	MQ
MFD06714.bin.2.143	309811	MQ
MFD06714.bin.2.146	677131	MQ
MFD06714.bin.2.15	338773	MQ
MFD06714.bin.2.153	764575	MQ
MFD06714.bin.2.159	75469	MQ
MFD06714.bin.2.161	1033464	MQ
MFD06714.bin.2.162	1072787	MQ
MFD06714.bin.2.165	1556052	MQ
MFD06714.bin.2.171	626435	MQ
MFD06714.bin.2.174	1082551	MQ
MFD06714.bin.2.177	185829	MQ
MFD06714.bin.2.179	908406	MQ
MFD06714.bin.2.182	204394	MQ
MFD06714.bin.2.184	1546544	MQ
MFD06714.bin.2.186	722375	MQ
MFD06714.bin.2.190	166628	MQ
MFD06714.bin.2.2	422622	MQ
MFD06714.bin.2.20	162380	MQ
MFD06714.bin.2.22	392105	MQ
MFD06714.bin.2.25	945717	MQ
MFD06714.bin.2.28	534544	MQ
MFD06714.bin.2.29	639894	MQ
MFD06714.bin.2.31	3428063	MQ
MFD06714.bin.2.32	2901864	MQ
MFD06714.bin.2.36	145565	MQ
MFD06714.bin.2.37	130838	MQ
MFD06714.bin.2.40	574513	MQ
MFD06714.bin.2.41	138661	MQ
MFD06714.bin.2.42	184822	MQ
MFD06714.bin.2.43	420534	MQ
MFD06714.bin.2.47	490548	MQ
MFD06714.bin.2.5	1604641	MQ
MFD06714.bin.2.50	182322	MQ
MFD06714.bin.2.53	234145	MQ
MFD06714.bin.2.55	631546	MQ
MFD06714.bin.2.56	266343	MQ
MFD06714.bin.2.71	123946	MQ
MFD06714.bin.2.77	471802	MQ
MFD06714.bin.2.78	209833	MQ
MFD06714.bin.2.83	281060	MQ
MFD06714.bin.2.85	184658	MQ
MFD06714.bin.2.86	205359	MQ
MFD06714.bin.2.90	537989	MQ
MFD06714.bin.2.92	219148	MQ
MFD06714.bin.2.93	1006446	MQ
MFD06714.bin.2.94	580081	MQ
MFD06714.bin.2.97	340273	MQ
MFD06714.bin.2.98	521272	MQ
MFD06714.bin.2.99	4290948	MQ
MFD06714.bin.3.132	123931	MQ
MFD06714.bin.3.179	341210	MQ
MFD06714.bin.3.18	78947	MQ
MFD06714.bin.3.186	735723	MQ
MFD06714.bin.3.228	174665	MQ
MFD06714.bin.3.250	1647324	MQ
MFD06714.bin.3.252	181733	MQ
MFD06714.bin.3.256	264193	MQ
MFD06714.bin.3.278	105085	MQ
MFD06714.bin.3.280	313010	MQ
MFD06714.bin.3.429	95961	MQ
MFD06714.bin.3.442	468796	MQ
MFD06714.bin.3.60	203027	MQ
MFD06714.bin.3.9	245854	MQ
MFD06714.bin.4.187	332007	MQ
MFD06714.bin.4.213	159948	MQ
MFD06742.bin.2.1	154140	MQ
MFD06742.bin.2.100	303539	MQ
MFD06742.bin.2.103	201493	MQ
MFD06742.bin.2.104	349492	MQ
MFD06742.bin.2.106	1189844	MQ
MFD06742.bin.2.107	183678	MQ
MFD06742.bin.2.109	805750	MQ
MFD06742.bin.2.110	227382	MQ
MFD06742.bin.2.111	178849	MQ
MFD06742.bin.2.117	818844	MQ
MFD06742.bin.2.125	620656	MQ
MFD06742.bin.2.126	195185	MQ
MFD06742.bin.2.128	177745	MQ
MFD06742.bin.2.133	591982	MQ
MFD06742.bin.2.143	196471	MQ
MFD06742.bin.2.147	1583019	MQ
MFD06742.bin.2.154	211268	MQ
MFD06742.bin.2.168	179210	MQ
MFD06742.bin.2.180	327201	MQ
MFD06742.bin.2.182	241628	MQ
MFD06742.bin.2.185	319976	MQ
MFD06742.bin.2.191	525144	MQ
MFD06742.bin.2.193	217363	MQ
MFD06742.bin.2.194	1363586	MQ
MFD06742.bin.2.196	413803	MQ
MFD06742.bin.2.198	2570625	MQ
MFD06742.bin.2.199	363476	MQ
MFD06742.bin.2.201	132169	MQ
MFD06742.bin.2.204	72871	MQ
MFD06742.bin.2.208	170712	MQ
MFD06742.bin.2.209	258293	MQ
MFD06742.bin.2.211	309291	MQ
MFD06742.bin.2.218	288781	MQ
MFD06742.bin.2.219	567365	MQ
MFD06742.bin.2.229	192787	MQ
MFD06742.bin.2.231	868028	MQ
MFD06742.bin.2.233	965908	MQ
MFD06742.bin.2.24	144599	MQ
MFD06742.bin.2.250	890781	MQ
MFD06742.bin.2.253	798180	MQ
MFD06742.bin.2.263	175465	MQ
MFD06742.bin.2.265	619503	MQ
MFD06742.bin.2.272	379276	MQ
MFD06742.bin.2.274	262887	MQ
MFD06742.bin.2.278	484742	MQ
MFD06742.bin.2.280	231268	MQ
MFD06742.bin.2.29	174870	MQ
MFD06742.bin.2.290	201241	MQ
MFD06742.bin.2.292	236659	MQ
MFD06742.bin.2.297	441191	MQ
MFD06742.bin.2.298	2289433	MQ
MFD06742.bin.2.3	222582	MQ
MFD06742.bin.2.302	569647	MQ
MFD06742.bin.2.304	485041	MQ
MFD06742.bin.2.305	212331	MQ
MFD06742.bin.2.308	821663	MQ
MFD06742.bin.2.309	2034190	MQ
MFD06742.bin.2.313	1375094	MQ
MFD06742.bin.2.315	245864	MQ
MFD06742.bin.2.318	2144066	MQ
MFD06742.bin.2.34	143280	MQ
MFD06742.bin.2.37	288679	MQ
MFD06742.bin.2.42	896999	MQ
MFD06742.bin.2.47	187958	MQ
MFD06742.bin.2.52	1338952	MQ
MFD06742.bin.2.54	379891	MQ
MFD06742.bin.2.59	221408	MQ
MFD06742.bin.2.61	636475	MQ
MFD06742.bin.2.68	742220	MQ
MFD06742.bin.2.71	786763	MQ
MFD06742.bin.2.74	552502	MQ
MFD06742.bin.2.77	136310	MQ
MFD06742.bin.2.8	1485445	MQ
MFD06742.bin.2.80	79033	MQ
MFD06742.bin.2.84	187128	MQ
MFD06742.bin.2.90	1569122	MQ
MFD06742.bin.2.93	304631	MQ
MFD06742.bin.2.94	273201	MQ
MFD06742.bin.2.97	402822	MQ
MFD06742.bin.2.99	1287741	MQ
MFD06742.bin.3.269	439316	MQ
MFD06742.bin.3.321	347346	MQ
MFD06742.bin.3.344	864631	MQ
MFD06742.bin.3.350	82047	MQ
MFD06742.bin.3.373	271946	MQ
MFD06742.bin.3.374	140604	MQ
MFD06742.bin.3.485	185559	MQ
MFD06742.bin.3.549	78213	MQ
MFD06742.bin.3.587	339445	MQ
MFD06742.bin.3.593	336670	MQ
MFD06742.bin.3.630	121961	MQ
MFD06742.bin.3.716	90265	MQ
MFD06742.bin.3.739	311337	MQ
MFD06742.bin.3.752	283307	MQ
MFD06742.bin.3.764	803623	MQ
MFD06742.bin.3.826	231743	MQ
MFD06742.bin.3.840	333023	MQ
MFD06742.bin.4.28	167383	MQ
MFD06742.bin.4.49	121221	MQ
MFD07386.bin.2.1	5080856	MQ
MFD07386.bin.2.16	82094	MQ
MFD07386.bin.2.19	413871	MQ
MFD07386.bin.2.20	278847	MQ
MFD07386.bin.2.22	194110	MQ
MFD07386.bin.2.23	88091	MQ
MFD07386.bin.2.29	222948	MQ
MFD07386.bin.2.49	654430	MQ
MFD07386.bin.2.54	702869	MQ
MFD07386.bin.2.6	167896	MQ
MFD07639.bin.1.1	161249	MQ
MFD07639.bin.2.1	412554	MQ
MFD07639.bin.2.20	143932	MQ
MFD07639.bin.2.22	158368	MQ
MFD07639.bin.2.26	234021	MQ
MFD07639.bin.2.3	2894038	MQ
MFD07639.bin.2.32	559151	MQ
MFD07639.bin.2.34	349788	MQ
MFD07639.bin.2.9	48948	MQ
MFD07639.bin.3.12	164447	MQ
MFD07639.bin.3.37	162968	MQ
MFD07639.bin.3.4	195363	MQ
MFD07691.bin.2.43	784771	MQ
MFD07691.bin.2.58	239027	MQ
MFD07737.bin.2.13	107385	MQ
MFD07737.bin.2.31	138888	MQ
MFD07737.bin.2.34	450738	MQ
MFD07737.bin.2.36	222376	MQ
MFD07737.bin.2.44	62200	MQ
MFD07737.bin.3.13	140498	MQ
MFD07737.bin.4.76	82960	MQ
MFD07751.bin.2.43	45951	MQ
MFD07841.bin.2.19	68223	MQ
MFD07841.bin.2.22	84512	MQ
MFD07841.bin.2.26	20987	MQ
MFD07841.bin.2.41	79498	MQ
MFD07841.bin.2.44	46140	MQ
MFD07841.bin.2.5	162079	MQ
MFD07841.bin.2.61	392450	MQ
MFD07841.bin.2.63	202241	MQ
MFD07841.bin.2.7	40648	MQ
MFD07841.bin.3.176	40888	MQ
MFD07841.bin.3.5	28593	MQ
MFD07841.bin.3.76	239467	MQ
MFD07987.bin.2.12	42483	MQ
MFD07987.bin.2.15	76373	MQ
MFD07987.bin.2.19	52937	MQ
MFD07987.bin.2.3	25414	MQ
MFD07987.bin.4.25	73079	MQ
MFD08079.bin.2.21	97514	MQ
MFD08079.bin.2.23	65848	MQ
MFD08079.bin.2.54	228540	MQ
MFD08079.bin.2.6	109765	MQ
MFD08203.bin.2.11	47638	MQ
MFD08353.bin.2.2	35485	MQ
MFD08353.bin.2.20	127806	MQ
MFD08353.bin.2.24	110569	MQ
MFD08353.bin.2.25	43617	MQ
MFD08353.bin.2.3	137569	MQ
MFD08353.bin.3.25	190427	MQ
MFD08353.bin.3.26	30511	MQ
MFD08416.bin.2.10	32008	MQ
MFD08416.bin.2.15	339385	MQ
MFD08416.bin.2.21	41357	MQ
MFD08416.bin.2.27	46464	MQ
MFD08416.bin.2.30	67510	MQ
MFD08416.bin.2.34	53261	MQ
MFD08416.bin.2.38	44881	MQ
MFD08416.bin.2.45	183631	MQ
MFD08416.bin.2.48	201391	MQ
MFD08416.bin.2.56	178096	MQ
MFD08416.bin.2.6	47703	MQ
MFD08416.bin.2.62	41997	MQ
MFD08416.bin.2.66	100859	MQ
MFD08416.bin.2.70	114636	MQ
MFD08416.bin.2.72	29839	MQ
MFD08416.bin.2.73	72414	MQ
MFD08416.bin.2.74	116458	MQ
MFD08416.bin.2.75	53555	MQ
MFD08416.bin.2.80	454661	MQ
MFD08416.bin.2.83	56886	MQ
MFD08416.bin.3.150	44172	MQ
MFD08416.bin.3.168	44917	MQ
MFD08416.bin.3.88	270575	MQ
MFD08447.bin.2.1	62379	MQ
MFD08447.bin.2.10	304559	MQ
MFD08447.bin.2.12	32911	MQ
MFD08447.bin.2.13	63033	MQ
MFD08447.bin.2.14	41281	MQ
MFD08447.bin.2.17	43165	MQ
MFD08447.bin.2.2	164798	MQ
MFD08447.bin.2.37	48790	MQ
MFD08447.bin.2.45	59552	MQ
MFD08447.bin.2.46	90808	MQ
MFD08447.bin.2.9	55365	MQ
MFD08462.bin.2.40	151609	MQ
MFD08462.bin.2.50	60127	MQ
MFD08462.bin.2.79	82425	MQ
MFD08462.bin.2.82	196336	MQ
MFD08462.bin.2.88	38724	MQ
MFD08462.bin.3.52	61567	MQ
MFD08462.bin.3.59	83089	MQ
MFD08497.bin.1.157	398999	MQ
MFD08497.bin.1.25	185651	MQ
MFD08497.bin.2.104	81328	MQ
MFD08497.bin.2.106	41130	MQ
MFD08497.bin.2.117	192397	MQ
MFD08497.bin.2.119	157776	MQ
MFD08497.bin.2.122	385821	MQ
MFD08497.bin.2.128	228027	MQ
MFD08497.bin.2.136	85362	MQ
MFD08497.bin.2.144	2244988	MQ
MFD08497.bin.2.147	227322	MQ
MFD08497.bin.2.148	560847	MQ
MFD08497.bin.2.149	94531	MQ
MFD08497.bin.2.150	199533	MQ
MFD08497.bin.2.151	196036	MQ
MFD08497.bin.2.23	52266	MQ
MFD08497.bin.2.25	31322	MQ
MFD08497.bin.2.28	90344	MQ
MFD08497.bin.2.33	784836	MQ
MFD08497.bin.2.46	187219	MQ
MFD08497.bin.2.49	288247	MQ
MFD08497.bin.2.57	335788	MQ
MFD08497.bin.2.61	185348	MQ
MFD08497.bin.2.63	96332	MQ
MFD08497.bin.2.65	197263	MQ
MFD08497.bin.2.67	565145	MQ
MFD08497.bin.2.70	64009	MQ
MFD08497.bin.2.71	79318	MQ
MFD08497.bin.2.79	50343	MQ
MFD08497.bin.2.80	50157	MQ
MFD08497.bin.2.86	536750	MQ
MFD08497.bin.2.96	159505	MQ
MFD08497.bin.3.103	151648	MQ
MFD08497.bin.3.29	47371	MQ
MFD08497.bin.3.77	106374	MQ
MFD08497.bin.3.97	162620	MQ
MFD08497.bin.4.268	84168	MQ
MFD08669.bin.2.1	21022	MQ
MFD08669.bin.2.100	117442	MQ
MFD08669.bin.2.102	448554	MQ
MFD08669.bin.2.107	290329	MQ
MFD08669.bin.2.108	110239	MQ
MFD08669.bin.2.17	36925	MQ
MFD08669.bin.2.19	73711	MQ
MFD08669.bin.2.2	47363	MQ
MFD08669.bin.2.21	348549	MQ
MFD08669.bin.2.25	368498	MQ
MFD08669.bin.2.26	365581	MQ
MFD08669.bin.2.27	298179	MQ
MFD08669.bin.2.29	218408	MQ
MFD08669.bin.2.3	1082893	MQ
MFD08669.bin.2.31	237595	MQ
MFD08669.bin.2.32	118191	MQ
MFD08669.bin.2.33	317888	MQ
MFD08669.bin.2.35	703816	MQ
MFD08669.bin.2.37	59495	MQ
MFD08669.bin.2.38	297255	MQ
MFD08669.bin.2.39	699452	MQ
MFD08669.bin.2.5	27988	MQ
MFD08669.bin.2.53	91810	MQ
MFD08669.bin.2.6	44785	MQ
MFD08669.bin.2.62	68068	MQ
MFD08669.bin.2.63	76819	MQ
MFD08669.bin.2.65	66774	MQ
MFD08669.bin.2.74	428395	MQ
MFD08669.bin.2.81	360377	MQ
MFD08669.bin.2.82	50025	MQ
MFD08669.bin.2.89	82503	MQ
MFD08669.bin.2.94	487517	MQ
MFD08669.bin.2.95	399259	MQ
MFD08669.bin.2.96	127071	MQ
MFD08669.bin.3.113	21436	MQ
MFD08669.bin.3.115	53942	MQ
MFD08669.bin.3.247	69702	MQ
MFD08669.bin.3.42	53070	MQ
MFD08669.bin.3.52	31731	MQ
MFD08669.bin.3.78	21828	MQ
MFD08669.bin.3.86	42616	MQ
MFD08669.bin.3.91	89654	MQ
MFD08669.bin.4.149	39337	MQ
MFD08669.bin.4.151	85059	MQ
MFD08691.bin.2.26	121151	MQ
MFD08691.bin.2.32	34472	MQ
MFD08691.bin.2.47	47688	MQ
MFD08691.bin.2.75	41126	MQ
MFD08691.bin.2.86	160468	MQ
MFD08691.bin.4.118	49729	MQ
MFD08691.bin.4.59	64307	MQ
MFD08700.bin.2.13	53065	MQ
MFD08700.bin.2.15	153605	MQ
MFD08700.bin.2.17	90351	MQ
MFD08700.bin.2.18	210422	MQ
MFD08700.bin.2.22	187986	MQ
MFD08700.bin.2.26	129673	MQ
MFD08700.bin.2.32	294900	MQ
MFD08700.bin.2.34	229481	MQ
MFD08700.bin.2.39	59694	MQ
MFD08700.bin.2.40	63216	MQ
MFD08700.bin.2.8	139573	MQ
MFD08700.bin.2.86	71285	MQ
MFD08700.bin.2.91	89294	MQ
MFD08700.bin.2.93	163631	MQ
MFD08700.bin.2.94	455537	MQ
MFD08700.bin.3.153	273141	MQ
MFD08700.bin.3.2	40001	MQ
MFD08700.bin.3.300	70000	MQ
MFD08700.bin.3.34	119311	MQ
MFD08700.bin.3.6	48581	MQ
MFD08700.bin.3.67	98838	MQ
MFD08700.bin.4.239	59190	MQ
MFD08767.bin.2.16	255036	MQ
MFD08767.bin.2.29	65263	MQ
MFD08767.bin.2.61	1196874	MQ
MFD08767.bin.4.208	113034	MQ
MFD08821.bin.1.21	361153	MQ
MFD08821.bin.2.18	39785	MQ
MFD08821.bin.2.25	162351	MQ
MFD08821.bin.2.28	286902	MQ
MFD08821.bin.2.30	198702	MQ
MFD08821.bin.2.33	240654	MQ
MFD08821.bin.2.47	96171	MQ
MFD08821.bin.2.51	121274	MQ
MFD08821.bin.2.56	69569	MQ
MFD08821.bin.2.74	246670	MQ
MFD08821.bin.2.76	92163	MQ
MFD08821.bin.2.85	245158	MQ
MFD08821.bin.2.93	113821	MQ
MFD08821.bin.2.94	67952	MQ
MFD08821.bin.2.98	161682	MQ
MFD08821.bin.3.40	41410	MQ
MFD08821.bin.3.72	51037	MQ
MFD08821.bin.4.239	32375	MQ
MFD08821.bin.4.32	150776	MQ
MFD08988.bin.2.11	234768	MQ
MFD08988.bin.2.20	407034	MQ
MFD08988.bin.2.29	94215	MQ
MFD08988.bin.2.30	113836	MQ
MFD08988.bin.2.35	58359	MQ
MFD08988.bin.2.58	190689	MQ
MFD08988.bin.2.9	132182	MQ
MFD08988.bin.3.114	191199	MQ
MFD08988.bin.3.3	102362	MQ
MFD09018.bin.2.1	252776	MQ
MFD09018.bin.2.10	180836	MQ
MFD09018.bin.2.101	753551	MQ
MFD09018.bin.2.104	1361774	MQ
MFD09018.bin.2.105	1376797	MQ
MFD09018.bin.2.112	142675	MQ
MFD09018.bin.2.12	121634	MQ
MFD09018.bin.2.20	210519	MQ
MFD09018.bin.2.34	52791	MQ
MFD09018.bin.2.42	543961	MQ
MFD09018.bin.2.44	129920	MQ
MFD09018.bin.2.62	113691	MQ
MFD09018.bin.2.72	172303	MQ
MFD09018.bin.2.85	574997	MQ
MFD09018.bin.3.3	156926	MQ
MFD09018.bin.3.73	173455	MQ
MFD09018.bin.4.46	106660	MQ
MFD09018.bin.4.83	188360	MQ
MFD09055.bin.2.15	262970	MQ
MFD09055.bin.2.17	88492	MQ
MFD09055.bin.2.42	85620	MQ
MFD09055.bin.2.52	22963	MQ
MFD09055.bin.2.55	98731	MQ
MFD09055.bin.2.61	57117	MQ
MFD09055.bin.2.99	313789	MQ
MFD09055.bin.3.41	135214	MQ
MFD09055.bin.3.78	138586	MQ
MFD09126.bin.2.1	357993	MQ
MFD09126.bin.2.24	162199	MQ
MFD09126.bin.2.28	73350	MQ
MFD09126.bin.2.34	252221	MQ
MFD09126.bin.2.44	197415	MQ
MFD09126.bin.2.47	124245	MQ
MFD09126.bin.2.61	211105	MQ
MFD09126.bin.2.67	128661	MQ
MFD09126.bin.2.73	100134	MQ
MFD09126.bin.2.77	155328	MQ
MFD09126.bin.2.9	316962	MQ
MFD09126.bin.3.1	61054	MQ
MFD09126.bin.3.124	49554	MQ
MFD09126.bin.3.185	117140	MQ
MFD09126.bin.3.30	90018	MQ
MFD09206.bin.1.106	583208	MQ
MFD09206.bin.1.119	409384	MQ
MFD09206.bin.1.124	4677520	MQ
MFD09206.bin.1.36	1568495	MQ
MFD09206.bin.1.39	831307	MQ
MFD09206.bin.2.1	284075	MQ
MFD09206.bin.2.100	289644	MQ
MFD09206.bin.2.101	104742	MQ
MFD09206.bin.2.102	293434	MQ
MFD09206.bin.2.103	148406	MQ
MFD09206.bin.2.109	806779	MQ
MFD09206.bin.2.110	61419	MQ
MFD09206.bin.2.122	92345	MQ
MFD09206.bin.2.123	922328	MQ
MFD09206.bin.2.124	196658	MQ
MFD09206.bin.2.125	187539	MQ
MFD09206.bin.2.128	136245	MQ
MFD09206.bin.2.130	80922	MQ
MFD09206.bin.2.138	170005	MQ
MFD09206.bin.2.141	1141814	MQ
MFD09206.bin.2.142	160028	MQ
MFD09206.bin.2.144	194346	MQ
MFD09206.bin.2.146	138849	MQ
MFD09206.bin.2.149	495211	MQ
MFD09206.bin.2.157	166575	MQ
MFD09206.bin.2.159	762667	MQ
MFD09206.bin.2.162	307778	MQ
MFD09206.bin.2.167	178936	MQ
MFD09206.bin.2.168	312844	MQ
MFD09206.bin.2.17	2296402	MQ
MFD09206.bin.2.175	143720	MQ
MFD09206.bin.2.176	258005	MQ
MFD09206.bin.2.177	179483	MQ
MFD09206.bin.2.181	181969	MQ
MFD09206.bin.2.183	746664	MQ
MFD09206.bin.2.185	266944	MQ
MFD09206.bin.2.188	2342697	MQ
MFD09206.bin.2.192	326766	MQ
MFD09206.bin.2.195	399543	MQ
MFD09206.bin.2.196	357134	MQ
MFD09206.bin.2.198	133874	MQ
MFD09206.bin.2.199	203077	MQ
MFD09206.bin.2.2	716335	MQ
MFD09206.bin.2.201	290588	MQ
MFD09206.bin.2.202	568233	MQ
MFD09206.bin.2.203	221981	MQ
MFD09206.bin.2.206	874829	MQ
MFD09206.bin.2.22	243216	MQ
MFD09206.bin.2.23	644680	MQ
MFD09206.bin.2.25	187139	MQ
MFD09206.bin.2.29	643616	MQ
MFD09206.bin.2.30	458431	MQ
MFD09206.bin.2.34	872875	MQ
MFD09206.bin.2.36	472835	MQ
MFD09206.bin.2.37	107146	MQ
MFD09206.bin.2.39	375483	MQ
MFD09206.bin.2.53	406393	MQ
MFD09206.bin.2.54	686246	MQ
MFD09206.bin.2.58	179336	MQ
MFD09206.bin.2.6	1474179	MQ
MFD09206.bin.2.60	264377	MQ
MFD09206.bin.2.66	229899	MQ
MFD09206.bin.2.83	231586	MQ
MFD09206.bin.2.84	449185	MQ
MFD09206.bin.2.86	185854	MQ
MFD09206.bin.2.89	359398	MQ
MFD09206.bin.2.9	151655	MQ
MFD09206.bin.2.91	236086	MQ
MFD09206.bin.2.92	190824	MQ
MFD09206.bin.2.96	300673	MQ
MFD09206.bin.2.97	207123	MQ
MFD09206.bin.2.99	257473	MQ
MFD09206.bin.3.265	189491	MQ
MFD09206.bin.3.266	381255	MQ
MFD09206.bin.3.351	237312	MQ
MFD09206.bin.3.357	122370	MQ
MFD09206.bin.3.364	141161	MQ
MFD09206.bin.3.389	770617	MQ
MFD09206.bin.3.42	177412	MQ
MFD09206.bin.3.447	239996	MQ
MFD09206.bin.3.490	157934	MQ
MFD09206.bin.3.9	263948	MQ
MFD09206.bin.4.184	158545	MQ
MFD09206.bin.4.58	151408	MQ
MFD09212.bin.2.10	228124	MQ
MFD09212.bin.2.103	638360	MQ
MFD09212.bin.2.107	171023	MQ
MFD09212.bin.2.109	642205	MQ
MFD09212.bin.2.11	90413	MQ
MFD09212.bin.2.110	654864	MQ
MFD09212.bin.2.111	2319914	MQ
MFD09212.bin.2.112	212585	MQ
MFD09212.bin.2.114	305947	MQ
MFD09212.bin.2.115	550134	MQ
MFD09212.bin.2.119	236030	MQ
MFD09212.bin.2.121	1454025	MQ
MFD09212.bin.2.123	409126	MQ
MFD09212.bin.2.125	868025	MQ
MFD09212.bin.2.127	1288817	MQ
MFD09212.bin.2.128	297227	MQ
MFD09212.bin.2.129	843305	MQ
MFD09212.bin.2.132	143921	MQ
MFD09212.bin.2.142	851607	MQ
MFD09212.bin.2.143	605855	MQ
MFD09212.bin.2.144	122468	MQ
MFD09212.bin.2.145	591416	MQ
MFD09212.bin.2.146	150126	MQ
MFD09212.bin.2.148	199706	MQ
MFD09212.bin.2.149	379110	MQ
MFD09212.bin.2.151	455850	MQ
MFD09212.bin.2.155	1385240	MQ
MFD09212.bin.2.167	1428363	MQ
MFD09212.bin.2.172	1018134	MQ
MFD09212.bin.2.173	268499	MQ
MFD09212.bin.2.177	158135	MQ
MFD09212.bin.2.179	290238	MQ
MFD09212.bin.2.184	270578	MQ
MFD09212.bin.2.188	6995498	MQ
MFD09212.bin.2.192	184042	MQ
MFD09212.bin.2.193	1435198	MQ
MFD09212.bin.2.194	1159090	MQ
MFD09212.bin.2.195	128632	MQ
MFD09212.bin.2.196	2005450	MQ
MFD09212.bin.2.197	593298	MQ
MFD09212.bin.2.201	2669355	MQ
MFD09212.bin.2.202	495843	MQ
MFD09212.bin.2.205	767680	MQ
MFD09212.bin.2.209	971474	MQ
MFD09212.bin.2.211	458034	MQ
MFD09212.bin.2.212	200379	MQ
MFD09212.bin.2.23	578198	MQ
MFD09212.bin.2.24	248716	MQ
MFD09212.bin.2.26	258510	MQ
MFD09212.bin.2.27	115097	MQ
MFD09212.bin.2.31	149754	MQ
MFD09212.bin.2.35	1568767	MQ
MFD09212.bin.2.37	532155	MQ
MFD09212.bin.2.38	411799	MQ
MFD09212.bin.2.4	941045	MQ
MFD09212.bin.2.40	503198	MQ
MFD09212.bin.2.46	739310	MQ
MFD09212.bin.2.51	463629	MQ
MFD09212.bin.2.52	1504341	MQ
MFD09212.bin.2.54	1034986	MQ
MFD09212.bin.2.56	413606	MQ
MFD09212.bin.2.59	455547	MQ
MFD09212.bin.2.71	254474	MQ
MFD09212.bin.2.80	506589	MQ
MFD09212.bin.2.90	450984	MQ
MFD09212.bin.2.99	651467	MQ
MFD09212.bin.3.104	147605	MQ
MFD09212.bin.3.159	194997	MQ
MFD09212.bin.3.24	246852	MQ
MFD09212.bin.3.261	520616	MQ
MFD09212.bin.3.282	444293	MQ
MFD09212.bin.3.335	385177	MQ
MFD09212.bin.3.416	264095	MQ
MFD09212.bin.3.427	180527	MQ
MFD09212.bin.3.466	339756	MQ
MFD09212.bin.3.520	158307	MQ
MFD09212.bin.3.554	256406	MQ
MFD09212.bin.3.603	397201	MQ
MFD09212.bin.3.610	318484	MQ
MFD09212.bin.4.167	988170	MQ
MFD09212.bin.4.173	229527	MQ
MFD09212.bin.4.303	212746	MQ
MFD09212.bin.4.413	457162	MQ
MFD09212.bin.4.524	801711	MQ
MFD09212.bin.4.535	971757	MQ
MFD09222.bin.1.119	491209	MQ
MFD09222.bin.1.125	677182	MQ
MFD09222.bin.1.179	341280	MQ
MFD09222.bin.1.241	1030979	MQ
MFD09222.bin.2.1	246400	MQ
MFD09222.bin.2.10	277951	MQ
MFD09222.bin.2.103	139399	MQ
MFD09222.bin.2.108	178265	MQ
MFD09222.bin.2.11	68606	MQ
MFD09222.bin.2.110	38254	MQ
MFD09222.bin.2.113	295362	MQ
MFD09222.bin.2.117	559526	MQ
MFD09222.bin.2.119	293724	MQ
MFD09222.bin.2.123	172842	MQ
MFD09222.bin.2.125	49958	MQ
MFD09222.bin.2.126	1682159	MQ
MFD09222.bin.2.131	895923	MQ
MFD09222.bin.2.139	588556	MQ
MFD09222.bin.2.142	19631	MQ
MFD09222.bin.2.145	47656	MQ
MFD09222.bin.2.146	504845	MQ
MFD09222.bin.2.155	78514	MQ
MFD09222.bin.2.16	51760	MQ
MFD09222.bin.2.166	1349080	MQ
MFD09222.bin.2.174	164899	MQ
MFD09222.bin.2.18	199315	MQ
MFD09222.bin.2.23	117522	MQ
MFD09222.bin.2.26	368677	MQ
MFD09222.bin.2.29	343241	MQ
MFD09222.bin.2.30	60559	MQ
MFD09222.bin.2.33	565621	MQ
MFD09222.bin.2.34	1569408	MQ
MFD09222.bin.2.35	264821	MQ
MFD09222.bin.2.46	339090	MQ
MFD09222.bin.2.51	153621	MQ
MFD09222.bin.2.6	75901	MQ
MFD09222.bin.2.60	463909	MQ
MFD09222.bin.2.68	388293	MQ
MFD09222.bin.2.76	410501	MQ
MFD09222.bin.2.77	54196	MQ
MFD09222.bin.2.82	86615	MQ
MFD09222.bin.2.84	1372627	MQ
MFD09222.bin.2.91	74655	MQ
MFD09222.bin.2.93	430667	MQ
MFD09222.bin.2.94	266269	MQ
MFD09222.bin.2.96	93327	MQ
MFD09222.bin.3.117	63114	MQ
MFD09222.bin.3.13	165011	MQ
MFD09222.bin.3.133	315201	MQ
MFD09222.bin.3.186	512332	MQ
MFD09222.bin.3.213	78110	MQ
MFD09222.bin.3.24	141122	MQ
MFD09222.bin.3.28	45852	MQ
MFD09222.bin.3.315	405342	MQ
MFD09222.bin.3.337	153664	MQ
MFD09222.bin.3.34	59072	MQ
MFD09222.bin.3.374	34987	MQ
MFD09222.bin.3.40	225367	MQ
MFD09222.bin.3.414	39754	MQ
MFD09222.bin.3.45	68904	MQ
MFD09222.bin.3.460	176391	MQ
MFD09222.bin.3.67	71553	MQ
MFD09222.bin.4.501	69097	MQ
MFD09222.bin.4.8	81089	MQ
MFD09267.bin.1.185	140296	MQ
MFD09267.bin.2.103	153843	MQ
MFD09267.bin.2.11	193344	MQ
MFD09267.bin.2.111	556157	MQ
MFD09267.bin.2.121	81544	MQ
MFD09267.bin.2.124	253733	MQ
MFD09267.bin.2.127	66372	MQ
MFD09267.bin.2.128	332254	MQ
MFD09267.bin.2.130	480230	MQ
MFD09267.bin.2.131	194994	MQ
MFD09267.bin.2.133	106976	MQ
MFD09267.bin.2.134	171071	MQ
MFD09267.bin.2.135	237301	MQ
MFD09267.bin.2.138	170674	MQ
MFD09267.bin.2.141	157507	MQ
MFD09267.bin.2.142	144304	MQ
MFD09267.bin.2.144	574566	MQ
MFD09267.bin.2.149	440369	MQ
MFD09267.bin.2.152	189013	MQ
MFD09267.bin.2.155	102878	MQ
MFD09267.bin.2.157	341805	MQ
MFD09267.bin.2.159	234160	MQ
MFD09267.bin.2.16	252912	MQ
MFD09267.bin.2.165	186196	MQ
MFD09267.bin.2.170	212940	MQ
MFD09267.bin.2.177	288126	MQ
MFD09267.bin.2.184	378200	MQ
MFD09267.bin.2.200	1545233	MQ
MFD09267.bin.2.205	581524	MQ
MFD09267.bin.2.207	528104	MQ
MFD09267.bin.2.21	148884	MQ
MFD09267.bin.2.210	353307	MQ
MFD09267.bin.2.214	365138	MQ
MFD09267.bin.2.216	471226	MQ
MFD09267.bin.2.218	298247	MQ
MFD09267.bin.2.22	225552	MQ
MFD09267.bin.2.223	256779	MQ
MFD09267.bin.2.228	893360	MQ
MFD09267.bin.2.230	265806	MQ
MFD09267.bin.2.231	703366	MQ
MFD09267.bin.2.234	2045680	MQ
MFD09267.bin.2.236	351952	MQ
MFD09267.bin.2.240	322592	MQ
MFD09267.bin.2.253	640365	MQ
MFD09267.bin.2.255	230681	MQ
MFD09267.bin.2.256	177801	MQ
MFD09267.bin.2.26	488132	MQ
MFD09267.bin.2.262	211900	MQ
MFD09267.bin.2.264	477959	MQ
MFD09267.bin.2.281	256248	MQ
MFD09267.bin.2.292	89532	MQ
MFD09267.bin.2.297	380355	MQ
MFD09267.bin.2.298	315099	MQ
MFD09267.bin.2.30	167979	MQ
MFD09267.bin.2.303	216654	MQ
MFD09267.bin.2.304	314881	MQ
MFD09267.bin.2.308	600165	MQ
MFD09267.bin.2.309	573104	MQ
MFD09267.bin.2.310	64676	MQ
MFD09267.bin.2.318	259652	MQ
MFD09267.bin.2.322	374398	MQ
MFD09267.bin.2.329	164482	MQ
MFD09267.bin.2.330	232510	MQ
MFD09267.bin.2.331	65745	MQ
MFD09267.bin.2.334	1408960	MQ
MFD09267.bin.2.335	1518042	MQ
MFD09267.bin.2.346	808409	MQ
MFD09267.bin.2.351	2655721	MQ
MFD09267.bin.2.38	95866	MQ
MFD09267.bin.2.42	98758	MQ
MFD09267.bin.2.56	1576729	MQ
MFD09267.bin.2.59	88836	MQ
MFD09267.bin.2.64	480313	MQ
MFD09267.bin.2.65	103421	MQ
MFD09267.bin.2.66	110742	MQ
MFD09267.bin.2.72	405570	MQ
MFD09267.bin.2.73	207088	MQ
MFD09267.bin.2.75	687997	MQ
MFD09267.bin.2.77	741178	MQ
MFD09267.bin.2.78	188931	MQ
MFD09267.bin.2.87	582801	MQ
MFD09267.bin.2.90	302812	MQ
MFD09267.bin.2.93	149096	MQ
MFD09267.bin.2.94	408140	MQ
MFD09267.bin.2.97	439595	MQ
MFD09267.bin.2.99	595235	MQ
MFD09267.bin.3.132	138396	MQ
MFD09267.bin.3.158	148899	MQ
MFD09267.bin.3.248	118614	MQ
MFD09267.bin.3.343	103417	MQ
MFD09267.bin.3.399	464953	MQ
MFD09267.bin.3.402	232561	MQ
MFD09267.bin.3.508	118965	MQ
MFD09267.bin.3.65	127878	MQ
MFD09267.bin.3.700	321679	MQ
MFD09267.bin.3.85	176002	MQ
MFD09267.bin.4.169	85716	MQ
MFD09267.bin.4.481	123862	MQ
MFD09267.bin.4.722	248928	MQ
MFD09286.bin.1.126	289257	MQ
MFD09286.bin.1.190	252150	MQ
MFD09286.bin.1.229	375915	MQ
MFD09286.bin.1.244	405606	MQ
MFD09286.bin.1.6	1413843	MQ
MFD09286.bin.2.1	1211846	MQ
MFD09286.bin.2.100	813986	MQ
MFD09286.bin.2.102	223608	MQ
MFD09286.bin.2.106	292791	MQ
MFD09286.bin.2.109	144235	MQ
MFD09286.bin.2.11	294223	MQ
MFD09286.bin.2.112	368637	MQ
MFD09286.bin.2.114	130210	MQ
MFD09286.bin.2.117	167932	MQ
MFD09286.bin.2.119	277636	MQ
MFD09286.bin.2.12	249917	MQ
MFD09286.bin.2.120	540564	MQ
MFD09286.bin.2.121	607888	MQ
MFD09286.bin.2.122	3027650	MQ
MFD09286.bin.2.123	60103	MQ
MFD09286.bin.2.125	266761	MQ
MFD09286.bin.2.126	242799	MQ
MFD09286.bin.2.127	151578	MQ
MFD09286.bin.2.129	313095	MQ
MFD09286.bin.2.130	390765	MQ
MFD09286.bin.2.134	185348	MQ
MFD09286.bin.2.136	89158	MQ
MFD09286.bin.2.137	522996	MQ
MFD09286.bin.2.138	283225	MQ
MFD09286.bin.2.14	3001507	MQ
MFD09286.bin.2.143	454713	MQ
MFD09286.bin.2.146	134221	MQ
MFD09286.bin.2.15	254291	MQ
MFD09286.bin.2.150	263701	MQ
MFD09286.bin.2.151	365397	MQ
MFD09286.bin.2.153	240475	MQ
MFD09286.bin.2.154	110069	MQ
MFD09286.bin.2.160	721081	MQ
MFD09286.bin.2.163	326297	MQ
MFD09286.bin.2.167	54785	MQ
MFD09286.bin.2.169	157081	MQ
MFD09286.bin.2.170	898399	MQ
MFD09286.bin.2.171	172502	MQ
MFD09286.bin.2.172	394031	MQ
MFD09286.bin.2.173	140224	MQ
MFD09286.bin.2.174	83203	MQ
MFD09286.bin.2.177	881547	MQ
MFD09286.bin.2.181	1750024	MQ
MFD09286.bin.2.187	364126	MQ
MFD09286.bin.2.19	995952	MQ
MFD09286.bin.2.24	366067	MQ
MFD09286.bin.2.25	106838	MQ
MFD09286.bin.2.29	378229	MQ
MFD09286.bin.2.3	259229	MQ
MFD09286.bin.2.30	2409556	MQ
MFD09286.bin.2.34	391535	MQ
MFD09286.bin.2.37	248250	MQ
MFD09286.bin.2.41	825924	MQ
MFD09286.bin.2.43	1121462	MQ
MFD09286.bin.2.47	176076	MQ
MFD09286.bin.2.48	169491	MQ
MFD09286.bin.2.49	443563	MQ
MFD09286.bin.2.50	168221	MQ
MFD09286.bin.2.51	296122	MQ
MFD09286.bin.2.54	100649	MQ
MFD09286.bin.2.68	367829	MQ
MFD09286.bin.2.79	444917	MQ
MFD09286.bin.2.81	290022	MQ
MFD09286.bin.2.82	574067	MQ
MFD09286.bin.2.83	306180	MQ
MFD09286.bin.2.84	195606	MQ
MFD09286.bin.2.87	264597	MQ
MFD09286.bin.2.88	200574	MQ
MFD09286.bin.2.92	194543	MQ
MFD09286.bin.2.93	291797	MQ
MFD09286.bin.2.95	393659	MQ
MFD09286.bin.2.97	252954	MQ
MFD09286.bin.2.99	680142	MQ
MFD09286.bin.3.127	110690	MQ
MFD09286.bin.3.15	197591	MQ
MFD09286.bin.3.221	437469	MQ
MFD09286.bin.3.32	130040	MQ
MFD09286.bin.3.35	95137	MQ
MFD09286.bin.3.352	153289	MQ
MFD09286.bin.3.375	195823	MQ
MFD09286.bin.3.59	115161	MQ
MFD09286.bin.3.60	344922	MQ
MFD09286.bin.3.73	275311	MQ
MFD09286.bin.4.160	73824	MQ
MFD09368.bin.1.213	537111	MQ
MFD09368.bin.2.10	523681	MQ
MFD09368.bin.2.101	880902	MQ
MFD09368.bin.2.11	289755	MQ
MFD09368.bin.2.110	800280	MQ
MFD09368.bin.2.111	158720	MQ
MFD09368.bin.2.119	500098	MQ
MFD09368.bin.2.121	496278	MQ
MFD09368.bin.2.124	153263	MQ
MFD09368.bin.2.126	289186	MQ
MFD09368.bin.2.127	465393	MQ
MFD09368.bin.2.129	141922	MQ
MFD09368.bin.2.13	480791	MQ
MFD09368.bin.2.137	158025	MQ
MFD09368.bin.2.139	699600	MQ
MFD09368.bin.2.142	300269	MQ
MFD09368.bin.2.144	290489	MQ
MFD09368.bin.2.146	83437	MQ
MFD09368.bin.2.148	546424	MQ
MFD09368.bin.2.149	315009	MQ
MFD09368.bin.2.151	188856	MQ
MFD09368.bin.2.153	994375	MQ
MFD09368.bin.2.155	2648074	MQ
MFD09368.bin.2.156	65233	MQ
MFD09368.bin.2.157	194460	MQ
MFD09368.bin.2.158	134693	MQ
MFD09368.bin.2.162	654079	MQ
MFD09368.bin.2.163	201655	MQ
MFD09368.bin.2.164	719680	MQ
MFD09368.bin.2.165	207230	MQ
MFD09368.bin.2.167	337186	MQ
MFD09368.bin.2.169	90067	MQ
MFD09368.bin.2.17	139840	MQ
MFD09368.bin.2.175	588195	MQ
MFD09368.bin.2.178	348251	MQ
MFD09368.bin.2.18	492924	MQ
MFD09368.bin.2.184	422467	MQ
MFD09368.bin.2.187	209327	MQ
MFD09368.bin.2.188	149301	MQ
MFD09368.bin.2.19	2833756	MQ
MFD09368.bin.2.193	484804	MQ
MFD09368.bin.2.196	478817	MQ
MFD09368.bin.2.199	1037895	MQ
MFD09368.bin.2.2	2065638	MQ
MFD09368.bin.2.20	299086	MQ
MFD09368.bin.2.204	549751	MQ
MFD09368.bin.2.208	968266	MQ
MFD09368.bin.2.21	357348	MQ
MFD09368.bin.2.211	353641	MQ
MFD09368.bin.2.24	5408661	MQ
MFD09368.bin.2.25	153320	MQ
MFD09368.bin.2.27	543430	MQ
MFD09368.bin.2.31	500385	MQ
MFD09368.bin.2.32	254283	MQ
MFD09368.bin.2.33	259140	MQ
MFD09368.bin.2.34	433291	MQ
MFD09368.bin.2.35	226168	MQ
MFD09368.bin.2.38	234495	MQ
MFD09368.bin.2.40	650831	MQ
MFD09368.bin.2.41	1632195	MQ
MFD09368.bin.2.45	832190	MQ
MFD09368.bin.2.46	112821	MQ
MFD09368.bin.2.47	3308381	MQ
MFD09368.bin.2.48	1104944	MQ
MFD09368.bin.2.49	1020555	MQ
MFD09368.bin.2.5	212899	MQ
MFD09368.bin.2.50	436384	MQ
MFD09368.bin.2.51	267787	MQ
MFD09368.bin.2.62	757801	MQ
MFD09368.bin.2.65	442700	MQ
MFD09368.bin.2.67	374118	MQ
MFD09368.bin.2.69	249684	MQ
MFD09368.bin.2.7	919981	MQ
MFD09368.bin.2.9	273520	MQ
MFD09368.bin.2.94	463954	MQ
MFD09368.bin.2.99	349246	MQ
MFD09368.bin.3.1	66527	MQ
MFD09368.bin.3.189	457136	MQ
MFD09368.bin.3.206	387541	MQ
MFD09368.bin.3.216	293670	MQ
MFD09368.bin.3.325	238255	MQ
MFD09368.bin.3.343	150257	MQ
MFD09368.bin.3.355	125376	MQ
MFD09368.bin.3.364	57385	MQ
MFD09368.bin.3.381	313182	MQ
MFD09368.bin.3.407	170564	MQ
MFD09368.bin.3.47	222596	MQ
MFD09368.bin.3.68	100540	MQ
MFD09368.bin.3.70	194535	MQ
MFD09368.bin.4.118	130132	MQ
MFD09368.bin.4.357	125691	MQ
MFD09400.bin.2.1	161834	MQ
MFD09400.bin.3.34	92631	MQ
MFD09495.bin.1.137	593796	MQ
MFD09495.bin.1.56	762839	MQ
MFD09495.bin.1.74	982997	MQ
MFD09495.bin.2.10	1206569	MQ
MFD09495.bin.2.12	450967	MQ
MFD09495.bin.2.13	4735474	MQ
MFD09495.bin.2.14	3709636	MQ
MFD09495.bin.2.15	419778	MQ
MFD09495.bin.2.17	1549303	MQ
MFD09495.bin.2.2	534026	MQ
MFD09495.bin.2.21	346343	MQ
MFD09495.bin.2.25	191132	MQ
MFD09495.bin.2.3	307279	MQ
MFD09495.bin.2.30	276723	MQ
MFD09495.bin.2.31	929975	MQ
MFD09495.bin.2.33	1160215	MQ
MFD09495.bin.2.39	488192	MQ
MFD09495.bin.2.4	482313	MQ
MFD09495.bin.2.45	160061	MQ
MFD09495.bin.2.46	158265	MQ
MFD09495.bin.2.48	249904	MQ
MFD09495.bin.2.49	430167	MQ
MFD09495.bin.2.5	98792	MQ
MFD09495.bin.2.51	1360925	MQ
MFD09495.bin.2.54	2145382	MQ
MFD09495.bin.2.55	259672	MQ
MFD09495.bin.2.56	783294	MQ
MFD09495.bin.2.58	122166	MQ
MFD09495.bin.2.59	629339	MQ
MFD09495.bin.2.6	517425	MQ
MFD09495.bin.2.60	486072	MQ
MFD09495.bin.2.64	94036	MQ
MFD09495.bin.2.65	565105	MQ
MFD09495.bin.2.66	710612	MQ
MFD09495.bin.2.75	1591418	MQ
MFD09495.bin.2.79	673401	MQ
MFD09495.bin.2.81	1115743	MQ
MFD09495.bin.2.82	850672	MQ
MFD09495.bin.2.84	1460431	MQ
MFD09495.bin.2.89	371240	MQ
MFD09495.bin.2.92	358057	MQ
MFD09495.bin.2.96	133602	MQ
MFD09495.bin.3.122	308641	MQ
MFD09495.bin.3.197	557720	MQ
MFD09495.bin.3.20	271023	MQ
MFD09495.bin.3.22	483017	MQ
MFD09495.bin.3.53	304187	MQ
MFD09495.bin.3.65	540517	MQ
MFD09495.bin.3.69	645299	MQ
MFD09495.bin.3.99	779761	MQ
MFD09567.bin.1.118	111110	MQ
MFD09567.bin.1.13	1967747	MQ
MFD09567.bin.1.40	651862	MQ
MFD09567.bin.2.100	237773	MQ
MFD09567.bin.2.12	76110	MQ
MFD09567.bin.2.15	70323	MQ
MFD09567.bin.2.16	38869	MQ
MFD09567.bin.2.2	933315	MQ
MFD09567.bin.2.23	1125851	MQ
MFD09567.bin.2.39	565775	MQ
MFD09567.bin.2.46	211331	MQ
MFD09567.bin.2.51	127885	MQ
MFD09567.bin.2.56	244638	MQ
MFD09567.bin.2.58	96105	MQ
MFD09567.bin.2.6	368916	MQ
MFD09567.bin.2.64	105621	MQ
MFD09567.bin.2.77	639477	MQ
MFD09567.bin.2.79	37172	MQ
MFD09567.bin.2.8	426211	MQ
MFD09567.bin.2.88	99233	MQ
MFD09567.bin.2.92	30822	MQ
MFD09567.bin.2.94	96607	MQ
MFD09567.bin.3.118	60753	MQ
MFD09567.bin.3.28	849089	MQ
MFD09567.bin.4.252	92563	MQ
MFD09567.bin.4.322	652504	MQ
MFD09567.bin.4.38	82043	MQ
MFD09603.bin.1.108	1074464	MQ
MFD09603.bin.1.14	482980	MQ
MFD09603.bin.1.250	792452	MQ
MFD09603.bin.1.254	659789	MQ
MFD09603.bin.1.257	836705	MQ
MFD09603.bin.1.259	782988	MQ
MFD09603.bin.1.289	833514	MQ
MFD09603.bin.1.339	263390	MQ
MFD09603.bin.1.44	633683	MQ
MFD09603.bin.1.55	515173	MQ
MFD09603.bin.1.72	495447	MQ
MFD09603.bin.2.1	2098797	MQ
MFD09603.bin.2.10	323404	MQ
MFD09603.bin.2.101	297875	MQ
MFD09603.bin.2.102	352193	MQ
MFD09603.bin.2.103	2566747	MQ
MFD09603.bin.2.104	450802	MQ
MFD09603.bin.2.105	365128	MQ
MFD09603.bin.2.108	297669	MQ
MFD09603.bin.2.109	218476	MQ
MFD09603.bin.2.11	140567	MQ
MFD09603.bin.2.110	222822	MQ
MFD09603.bin.2.111	1517265	MQ
MFD09603.bin.2.112	180754	MQ
MFD09603.bin.2.113	122277	MQ
MFD09603.bin.2.115	1360924	MQ
MFD09603.bin.2.117	386320	MQ
MFD09603.bin.2.118	794946	MQ
MFD09603.bin.2.12	2058253	MQ
MFD09603.bin.2.120	256013	MQ
MFD09603.bin.2.124	99168	MQ
MFD09603.bin.2.126	536723	MQ
MFD09603.bin.2.127	7978397	MQ
MFD09603.bin.2.129	491726	MQ
MFD09603.bin.2.130	563014	MQ
MFD09603.bin.2.132	2170250	MQ
MFD09603.bin.2.134	312990	MQ
MFD09603.bin.2.14	1080489	MQ
MFD09603.bin.2.158	394770	MQ
MFD09603.bin.2.16	3139489	MQ
MFD09603.bin.2.164	865904	MQ
MFD09603.bin.2.165	276150	MQ
MFD09603.bin.2.168	1081087	MQ
MFD09603.bin.2.17	623834	MQ
MFD09603.bin.2.172	723688	MQ
MFD09603.bin.2.173	916815	MQ
MFD09603.bin.2.175	412353	MQ
MFD09603.bin.2.176	729081	MQ
MFD09603.bin.2.177	577785	MQ
MFD09603.bin.2.178	1255573	MQ
MFD09603.bin.2.179	289184	MQ
MFD09603.bin.2.180	311983	MQ
MFD09603.bin.2.181	621470	MQ
MFD09603.bin.2.182	449345	MQ
MFD09603.bin.2.183	563359	MQ
MFD09603.bin.2.184	959356	MQ
MFD09603.bin.2.185	459791	MQ
MFD09603.bin.2.186	599512	MQ
MFD09603.bin.2.187	353535	MQ
MFD09603.bin.2.19	2465041	MQ
MFD09603.bin.2.190	667699	MQ
MFD09603.bin.2.192	287831	MQ
MFD09603.bin.2.193	667511	MQ
MFD09603.bin.2.196	317743	MQ
MFD09603.bin.2.197	235723	MQ
MFD09603.bin.2.199	462007	MQ
MFD09603.bin.2.20	312810	MQ
MFD09603.bin.2.200	488888	MQ
MFD09603.bin.2.201	217776	MQ
MFD09603.bin.2.202	173104	MQ
MFD09603.bin.2.204	319081	MQ
MFD09603.bin.2.206	632071	MQ
MFD09603.bin.2.207	1056415	MQ
MFD09603.bin.2.208	719495	MQ
MFD09603.bin.2.21	445935	MQ
MFD09603.bin.2.210	635727	MQ
MFD09603.bin.2.211	502480	MQ
MFD09603.bin.2.213	1037546	MQ
MFD09603.bin.2.215	519359	MQ
MFD09603.bin.2.216	902569	MQ
MFD09603.bin.2.218	290186	MQ
MFD09603.bin.2.22	1761349	MQ
MFD09603.bin.2.221	246117	MQ
MFD09603.bin.2.222	3539441	MQ
MFD09603.bin.2.223	144094	MQ
MFD09603.bin.2.226	1500423	MQ
MFD09603.bin.2.227	172266	MQ
MFD09603.bin.2.228	444592	MQ
MFD09603.bin.2.229	188759	MQ
MFD09603.bin.2.231	319046	MQ
MFD09603.bin.2.232	164735	MQ
MFD09603.bin.2.233	1809186	MQ
MFD09603.bin.2.234	207452	MQ
MFD09603.bin.2.237	658934	MQ
MFD09603.bin.2.24	890336	MQ
MFD09603.bin.2.242	197799	MQ
MFD09603.bin.2.243	526128	MQ
MFD09603.bin.2.246	261968	MQ
MFD09603.bin.2.247	508256	MQ
MFD09603.bin.2.248	1184794	MQ
MFD09603.bin.2.249	502230	MQ
MFD09603.bin.2.250	615684	MQ
MFD09603.bin.2.251	602319	MQ
MFD09603.bin.2.254	181433	MQ
MFD09603.bin.2.255	3576660	MQ
MFD09603.bin.2.256	294614	MQ
MFD09603.bin.2.258	411337	MQ
MFD09603.bin.2.26	1234000	MQ
MFD09603.bin.2.261	422246	MQ
MFD09603.bin.2.264	386690	MQ
MFD09603.bin.2.265	279141	MQ
MFD09603.bin.2.268	507097	MQ
MFD09603.bin.2.27	1059608	MQ
MFD09603.bin.2.270	311375	MQ
MFD09603.bin.2.272	178738	MQ
MFD09603.bin.2.275	158504	MQ
MFD09603.bin.2.276	254181	MQ
MFD09603.bin.2.277	1176753	MQ
MFD09603.bin.2.278	1979302	MQ
MFD09603.bin.2.28	1094669	MQ
MFD09603.bin.2.280	2138274	MQ
MFD09603.bin.2.281	213407	MQ
MFD09603.bin.2.282	207583	MQ
MFD09603.bin.2.283	98383	MQ
MFD09603.bin.2.284	180981	MQ
MFD09603.bin.2.285	614590	MQ
MFD09603.bin.2.287	1076814	MQ
MFD09603.bin.2.288	833489	MQ
MFD09603.bin.2.292	2955449	MQ
MFD09603.bin.2.293	94710	MQ
MFD09603.bin.2.294	801522	MQ
MFD09603.bin.2.295	565321	MQ
MFD09603.bin.2.3	704806	MQ
MFD09603.bin.2.302	928703	MQ
MFD09603.bin.2.303	1148351	MQ
MFD09603.bin.2.305	583488	MQ
MFD09603.bin.2.306	820190	MQ
MFD09603.bin.2.34	148721	MQ
MFD09603.bin.2.4	3592518	MQ
MFD09603.bin.2.40	1423087	MQ
MFD09603.bin.2.42	179692	MQ
MFD09603.bin.2.47	382561	MQ
MFD09603.bin.2.48	219599	MQ
MFD09603.bin.2.49	517660	MQ
MFD09603.bin.2.50	1224434	MQ
MFD09603.bin.2.51	1103086	MQ
MFD09603.bin.2.52	422889	MQ
MFD09603.bin.2.53	559455	MQ
MFD09603.bin.2.55	1127871	MQ
MFD09603.bin.2.56	102877	MQ
MFD09603.bin.2.58	766964	MQ
MFD09603.bin.2.59	1766639	MQ
MFD09603.bin.2.60	207224	MQ
MFD09603.bin.2.61	871862	MQ
MFD09603.bin.2.62	590082	MQ
MFD09603.bin.2.63	1457339	MQ
MFD09603.bin.2.64	513156	MQ
MFD09603.bin.2.66	1579397	MQ
MFD09603.bin.2.68	406693	MQ
MFD09603.bin.2.70	795608	MQ
MFD09603.bin.2.71	1218044	MQ
MFD09603.bin.2.73	846284	MQ
MFD09603.bin.2.74	309287	MQ
MFD09603.bin.2.75	862947	MQ
MFD09603.bin.2.76	305951	MQ
MFD09603.bin.2.77	275819	MQ
MFD09603.bin.2.78	85521	MQ
MFD09603.bin.2.79	90090	MQ
MFD09603.bin.2.8	573678	MQ
MFD09603.bin.2.80	200018	MQ
MFD09603.bin.2.82	261497	MQ
MFD09603.bin.2.83	120625	MQ
MFD09603.bin.2.84	441140	MQ
MFD09603.bin.2.85	329491	MQ
MFD09603.bin.2.86	2994549	MQ
MFD09603.bin.2.87	124184	MQ
MFD09603.bin.2.88	235456	MQ
MFD09603.bin.2.9	959606	MQ
MFD09603.bin.2.90	331023	MQ
MFD09603.bin.2.91	231379	MQ
MFD09603.bin.2.92	176488	MQ
MFD09603.bin.2.93	347455	MQ
MFD09603.bin.2.95	1523505	MQ
MFD09603.bin.2.96	223889	MQ
MFD09603.bin.2.97	187315	MQ
MFD09603.bin.2.98	204910	MQ
MFD09603.bin.2.99	153044	MQ
MFD09603.bin.3.129	269577	MQ
MFD09603.bin.3.130	130570	MQ
MFD09603.bin.3.139	588950	MQ
MFD09603.bin.3.152	375289	MQ
MFD09603.bin.3.171	214707	MQ
MFD09603.bin.3.205	273688	MQ
MFD09603.bin.3.217	223962	MQ
MFD09603.bin.3.218	256026	MQ
MFD09603.bin.3.229	296348	MQ
MFD09603.bin.3.241	395531	MQ
MFD09603.bin.3.249	530501	MQ
MFD09603.bin.3.250	649504	MQ
MFD09603.bin.3.268	328757	MQ
MFD09603.bin.3.288	414575	MQ
MFD09603.bin.3.290	247249	MQ
MFD09603.bin.3.31	154075	MQ
MFD09603.bin.3.358	335865	MQ
MFD09603.bin.3.408	329352	MQ
MFD09603.bin.3.415	223601	MQ
MFD09603.bin.3.428	335624	MQ
MFD09603.bin.3.442	184162	MQ
MFD09603.bin.3.46	97092	MQ
MFD09603.bin.3.486	231167	MQ
MFD09603.bin.3.494	110905	MQ
MFD09603.bin.3.517	465431	MQ
MFD09603.bin.3.522	224266	MQ
MFD09603.bin.3.536	1161030	MQ
MFD09603.bin.3.55	132491	MQ
MFD09603.bin.3.558	294724	MQ
MFD09603.bin.3.579	498527	MQ
MFD09603.bin.3.631	916678	MQ
MFD09603.bin.3.79	175912	MQ
MFD09603.bin.3.91	364217	MQ
MFD09603.bin.4.106	791932	MQ
MFD09603.bin.4.259	161809	MQ
MFD09603.bin.4.285	126486	MQ
MFD09603.bin.4.330	238009	MQ
MFD09603.bin.4.564	221438	MQ
MFD09603.bin.4.654	155100	MQ
MFD09603.bin.4.668	304949	MQ
MFD09603.bin.4.860	471003	MQ
MFD09671.bin.1.104	3646838	MQ
MFD09671.bin.1.176	284774	MQ
MFD09671.bin.1.185	918075	MQ
MFD09671.bin.1.202	351946	MQ
MFD09671.bin.1.37	1140416	MQ
MFD09671.bin.1.61	792301	MQ
MFD09671.bin.2.1	2225093	MQ
MFD09671.bin.2.10	315595	MQ
MFD09671.bin.2.102	1469607	MQ
MFD09671.bin.2.103	813361	MQ
MFD09671.bin.2.104	7301412	MQ
MFD09671.bin.2.105	5041155	MQ
MFD09671.bin.2.108	420555	MQ
MFD09671.bin.2.109	4270418	MQ
MFD09671.bin.2.11	432763	MQ
MFD09671.bin.2.110	232999	MQ
MFD09671.bin.2.111	325913	MQ
MFD09671.bin.2.113	377046	MQ
MFD09671.bin.2.114	1385340	MQ
MFD09671.bin.2.115	308386	MQ
MFD09671.bin.2.116	245286	MQ
MFD09671.bin.2.119	350614	MQ
MFD09671.bin.2.120	961287	MQ
MFD09671.bin.2.121	2692182	MQ
MFD09671.bin.2.123	282242	MQ
MFD09671.bin.2.125	216295	MQ
MFD09671.bin.2.127	626100	MQ
MFD09671.bin.2.128	387535	MQ
MFD09671.bin.2.130	100467	MQ
MFD09671.bin.2.132	360983	MQ
MFD09671.bin.2.133	266475	MQ
MFD09671.bin.2.136	606415	MQ
MFD09671.bin.2.137	1804633	MQ
MFD09671.bin.2.138	1308426	MQ
MFD09671.bin.2.139	905261	MQ
MFD09671.bin.2.14	5339307	MQ
MFD09671.bin.2.141	2024629	MQ
MFD09671.bin.2.144	755052	MQ
MFD09671.bin.2.145	569379	MQ
MFD09671.bin.2.148	2900357	MQ
MFD09671.bin.2.150	430726	MQ
MFD09671.bin.2.152	590712	MQ
MFD09671.bin.2.153	879836	MQ
MFD09671.bin.2.154	960664	MQ
MFD09671.bin.2.16	2004003	MQ
MFD09671.bin.2.2	1911136	MQ
MFD09671.bin.2.20	157381	MQ
MFD09671.bin.2.21	3032181	MQ
MFD09671.bin.2.23	428645	MQ
MFD09671.bin.2.25	446360	MQ
MFD09671.bin.2.28	3570223	MQ
MFD09671.bin.2.3	554649	MQ
MFD09671.bin.2.31	4313388	MQ
MFD09671.bin.2.33	278374	MQ
MFD09671.bin.2.35	551643	MQ
MFD09671.bin.2.39	553137	MQ
MFD09671.bin.2.4	117193	MQ
MFD09671.bin.2.41	47719	MQ
MFD09671.bin.2.42	246729	MQ
MFD09671.bin.2.46	241874	MQ
MFD09671.bin.2.55	230739	MQ
MFD09671.bin.2.6	7603827	MQ
MFD09671.bin.2.63	877532	MQ
MFD09671.bin.2.66	1465941	MQ
MFD09671.bin.2.67	464198	MQ
MFD09671.bin.2.69	414840	MQ
MFD09671.bin.2.72	1017406	MQ
MFD09671.bin.2.76	433279	MQ
MFD09671.bin.2.77	691859	MQ
MFD09671.bin.2.78	281264	MQ
MFD09671.bin.2.79	956894	MQ
MFD09671.bin.2.8	755603	MQ
MFD09671.bin.2.80	2125743	MQ
MFD09671.bin.2.81	378289	MQ
MFD09671.bin.2.82	703943	MQ
MFD09671.bin.2.83	295025	MQ
MFD09671.bin.2.84	61077	MQ
MFD09671.bin.2.85	654826	MQ
MFD09671.bin.2.87	374911	MQ
MFD09671.bin.2.88	311348	MQ
MFD09671.bin.2.90	119801	MQ
MFD09671.bin.2.91	615362	MQ
MFD09671.bin.2.92	437214	MQ
MFD09671.bin.2.94	270487	MQ
MFD09671.bin.2.96	237000	MQ
MFD09671.bin.2.98	1813681	MQ
MFD09671.bin.2.99	318209	MQ
MFD09671.bin.3.108	95893	MQ
MFD09671.bin.3.137	51071	MQ
MFD09671.bin.3.142	36467	MQ
MFD09671.bin.3.178	780242	MQ
MFD09671.bin.3.189	56765	MQ
MFD09671.bin.3.199	40768	MQ
MFD09671.bin.3.206	490405	MQ
MFD09671.bin.3.22	354455	MQ
MFD09671.bin.3.245	196012	MQ
MFD09671.bin.3.246	684844	MQ
MFD09671.bin.3.249	129419	MQ
MFD09671.bin.3.290	499437	MQ
MFD09671.bin.3.297	278566	MQ
MFD09671.bin.3.303	215141	MQ
MFD09671.bin.3.309	650509	MQ
MFD09671.bin.3.315	115518	MQ
MFD09671.bin.3.4	65848	MQ
MFD09671.bin.3.41	285712	MQ
MFD09671.bin.3.58	898158	MQ
MFD09671.bin.3.6	135844	MQ
MFD09671.bin.3.64	124051	MQ
MFD09671.bin.3.67	570801	MQ
MFD09671.bin.4.10	308900	MQ
MFD09671.bin.4.222	558208	MQ
MFD09730.bin.2.10	217294	MQ
MFD09730.bin.2.102	268195	MQ
MFD09730.bin.2.106	2171539	MQ
MFD09730.bin.2.107	246314	MQ
MFD09730.bin.2.108	127958	MQ
MFD09730.bin.2.109	210080	MQ
MFD09730.bin.2.11	264371	MQ
MFD09730.bin.2.110	305820	MQ
MFD09730.bin.2.111	239209	MQ
MFD09730.bin.2.112	302519	MQ
MFD09730.bin.2.116	308972	MQ
MFD09730.bin.2.123	108347	MQ
MFD09730.bin.2.125	130949	MQ
MFD09730.bin.2.126	322067	MQ
MFD09730.bin.2.127	181329	MQ
MFD09730.bin.2.128	516569	MQ
MFD09730.bin.2.131	317367	MQ
MFD09730.bin.2.132	216502	MQ
MFD09730.bin.2.133	143601	MQ
MFD09730.bin.2.138	376946	MQ
MFD09730.bin.2.14	55295	MQ
MFD09730.bin.2.140	655755	MQ
MFD09730.bin.2.141	792787	MQ
MFD09730.bin.2.143	272442	MQ
MFD09730.bin.2.144	99144	MQ
MFD09730.bin.2.145	149384	MQ
MFD09730.bin.2.147	176829	MQ
MFD09730.bin.2.148	462287	MQ
MFD09730.bin.2.15	2464766	MQ
MFD09730.bin.2.153	596501	MQ
MFD09730.bin.2.158	151881	MQ
MFD09730.bin.2.16	210225	MQ
MFD09730.bin.2.161	160078	MQ
MFD09730.bin.2.164	212725	MQ
MFD09730.bin.2.167	180029	MQ
MFD09730.bin.2.168	211291	MQ
MFD09730.bin.2.17	104084	MQ
MFD09730.bin.2.170	186564	MQ
MFD09730.bin.2.171	478630	MQ
MFD09730.bin.2.172	696147	MQ
MFD09730.bin.2.18	192465	MQ
MFD09730.bin.2.180	278391	MQ
MFD09730.bin.2.181	74678	MQ
MFD09730.bin.2.187	328452	MQ
MFD09730.bin.2.19	184503	MQ
MFD09730.bin.2.192	316361	MQ
MFD09730.bin.2.194	230571	MQ
MFD09730.bin.2.20	110089	MQ
MFD09730.bin.2.23	371944	MQ
MFD09730.bin.2.24	852680	MQ
MFD09730.bin.2.29	807007	MQ
MFD09730.bin.2.32	5893072	MQ
MFD09730.bin.2.34	2146989	MQ
MFD09730.bin.2.35	289679	MQ
MFD09730.bin.2.36	260301	MQ
MFD09730.bin.2.39	885399	MQ
MFD09730.bin.2.41	1332291	MQ
MFD09730.bin.2.43	521638	MQ
MFD09730.bin.2.45	537636	MQ
MFD09730.bin.2.47	1396963	MQ
MFD09730.bin.2.49	698876	MQ
MFD09730.bin.2.50	184268	MQ
MFD09730.bin.2.52	811108	MQ
MFD09730.bin.2.53	156414	MQ
MFD09730.bin.2.54	475349	MQ
MFD09730.bin.2.57	62887	MQ
MFD09730.bin.2.61	147464	MQ
MFD09730.bin.2.64	80413	MQ
MFD09730.bin.2.67	228542	MQ
MFD09730.bin.2.68	160117	MQ
MFD09730.bin.2.70	58105	MQ
MFD09730.bin.2.77	865753	MQ
MFD09730.bin.2.80	232149	MQ
MFD09730.bin.2.84	479602	MQ
MFD09730.bin.2.86	94314	MQ
MFD09730.bin.2.88	362524	MQ
MFD09730.bin.2.97	263253	MQ
MFD09730.bin.2.99	488569	MQ
MFD09730.bin.3.100	252356	MQ
MFD09730.bin.3.121	133148	MQ
MFD09730.bin.3.152	153906	MQ
MFD09730.bin.3.172	199471	MQ
MFD09730.bin.3.219	231881	MQ
MFD09730.bin.3.244	328924	MQ
MFD09730.bin.3.255	214454	MQ
MFD09730.bin.3.281	323597	MQ
MFD09730.bin.3.316	131712	MQ
MFD09730.bin.3.337	411749	MQ
MFD09730.bin.3.34	81352	MQ
MFD09730.bin.3.37	891719	MQ
MFD09730.bin.3.75	89301	MQ
MFD09730.bin.3.85	129890	MQ
MFD09730.bin.4.145	243781	MQ
MFD09730.bin.4.339	226725	MQ
MFD09730.bin.4.67	238058	MQ
MFD09779.bin.1.206	604723	MQ
MFD09779.bin.1.214	554435	MQ
MFD09779.bin.1.217	568756	MQ
MFD09779.bin.1.236	427891	MQ
MFD09779.bin.1.290	286169	MQ
MFD09779.bin.1.333	923417	MQ
MFD09779.bin.1.334	552212	MQ
MFD09779.bin.1.35	1214591	MQ
MFD09779.bin.2.10	362368	MQ
MFD09779.bin.2.107	262004	MQ
MFD09779.bin.2.118	248994	MQ
MFD09779.bin.2.122	608522	MQ
MFD09779.bin.2.128	274307	MQ
MFD09779.bin.2.131	527207	MQ
MFD09779.bin.2.135	324556	MQ
MFD09779.bin.2.137	163567	MQ
MFD09779.bin.2.14	190859	MQ
MFD09779.bin.2.140	419826	MQ
MFD09779.bin.2.141	1072839	MQ
MFD09779.bin.2.144	475262	MQ
MFD09779.bin.2.146	261660	MQ
MFD09779.bin.2.149	179999	MQ
MFD09779.bin.2.150	520301	MQ
MFD09779.bin.2.151	703743	MQ
MFD09779.bin.2.16	859215	MQ
MFD09779.bin.2.162	438304	MQ
MFD09779.bin.2.163	178785	MQ
MFD09779.bin.2.165	358449	MQ
MFD09779.bin.2.167	294591	MQ
MFD09779.bin.2.168	625087	MQ
MFD09779.bin.2.169	355318	MQ
MFD09779.bin.2.170	943306	MQ
MFD09779.bin.2.171	456338	MQ
MFD09779.bin.2.172	124406	MQ
MFD09779.bin.2.173	378856	MQ
MFD09779.bin.2.174	303202	MQ
MFD09779.bin.2.175	245163	MQ
MFD09779.bin.2.176	92523	MQ
MFD09779.bin.2.177	179666	MQ
MFD09779.bin.2.179	215670	MQ
MFD09779.bin.2.18	370774	MQ
MFD09779.bin.2.180	766720	MQ
MFD09779.bin.2.182	902955	MQ
MFD09779.bin.2.185	559541	MQ
MFD09779.bin.2.186	584210	MQ
MFD09779.bin.2.188	200843	MQ
MFD09779.bin.2.190	467727	MQ
MFD09779.bin.2.191	683874	MQ
MFD09779.bin.2.192	319038	MQ
MFD09779.bin.2.194	103263	MQ
MFD09779.bin.2.195	394525	MQ
MFD09779.bin.2.196	136853	MQ
MFD09779.bin.2.197	863978	MQ
MFD09779.bin.2.198	580131	MQ
MFD09779.bin.2.199	207992	MQ
MFD09779.bin.2.2	1732787	MQ
MFD09779.bin.2.20	140564	MQ
MFD09779.bin.2.200	663649	MQ
MFD09779.bin.2.201	795127	MQ
MFD09779.bin.2.202	193612	MQ
MFD09779.bin.2.203	769236	MQ
MFD09779.bin.2.206	618416	MQ
MFD09779.bin.2.207	121091	MQ
MFD09779.bin.2.210	401240	MQ
MFD09779.bin.2.211	91296	MQ
MFD09779.bin.2.214	171737	MQ
MFD09779.bin.2.216	369091	MQ
MFD09779.bin.2.217	448403	MQ
MFD09779.bin.2.218	242120	MQ
MFD09779.bin.2.219	141745	MQ
MFD09779.bin.2.222	214314	MQ
MFD09779.bin.2.225	1411123	MQ
MFD09779.bin.2.226	1023451	MQ
MFD09779.bin.2.228	387568	MQ
MFD09779.bin.2.231	242216	MQ
MFD09779.bin.2.233	175855	MQ
MFD09779.bin.2.234	252316	MQ
MFD09779.bin.2.236	164410	MQ
MFD09779.bin.2.237	96355	MQ
MFD09779.bin.2.240	100591	MQ
MFD09779.bin.2.242	117259	MQ
MFD09779.bin.2.244	279340	MQ
MFD09779.bin.2.246	319892	MQ
MFD09779.bin.2.248	1999351	MQ
MFD09779.bin.2.249	526100	MQ
MFD09779.bin.2.253	403013	MQ
MFD09779.bin.2.254	314840	MQ
MFD09779.bin.2.255	997668	MQ
MFD09779.bin.2.256	511664	MQ
MFD09779.bin.2.257	178344	MQ
MFD09779.bin.2.259	1334337	MQ
MFD09779.bin.2.26	532561	MQ
MFD09779.bin.2.260	264969	MQ
MFD09779.bin.2.28	234162	MQ
MFD09779.bin.2.29	223791	MQ
MFD09779.bin.2.3	3281984	MQ
MFD09779.bin.2.30	180149	MQ
MFD09779.bin.2.31	300236	MQ
MFD09779.bin.2.32	2211040	MQ
MFD09779.bin.2.33	305219	MQ
MFD09779.bin.2.34	251721	MQ
MFD09779.bin.2.36	553614	MQ
MFD09779.bin.2.38	642945	MQ
MFD09779.bin.2.39	311047	MQ
MFD09779.bin.2.4	595504	MQ
MFD09779.bin.2.42	671755	MQ
MFD09779.bin.2.43	1057274	MQ
MFD09779.bin.2.46	846240	MQ
MFD09779.bin.2.47	181815	MQ
MFD09779.bin.2.50	327005	MQ
MFD09779.bin.2.51	270125	MQ
MFD09779.bin.2.52	264120	MQ
MFD09779.bin.2.53	107671	MQ
MFD09779.bin.2.54	222448	MQ
MFD09779.bin.2.55	345863	MQ
MFD09779.bin.2.56	67176	MQ
MFD09779.bin.2.57	114422	MQ
MFD09779.bin.2.58	344126	MQ
MFD09779.bin.2.61	198050	MQ
MFD09779.bin.2.64	124231	MQ
MFD09779.bin.2.66	851957	MQ
MFD09779.bin.2.67	131142	MQ
MFD09779.bin.2.71	267359	MQ
MFD09779.bin.2.73	525771	MQ
MFD09779.bin.2.77	372244	MQ
MFD09779.bin.2.78	220513	MQ
MFD09779.bin.2.8	462307	MQ
MFD09779.bin.2.80	160407	MQ
MFD09779.bin.2.82	354121	MQ
MFD09779.bin.2.83	96417	MQ
MFD09779.bin.2.87	264707	MQ
MFD09779.bin.2.89	256728	MQ
MFD09779.bin.2.9	1998270	MQ
MFD09779.bin.2.91	141888	MQ
MFD09779.bin.2.93	727777	MQ
MFD09779.bin.2.94	243627	MQ
MFD09779.bin.2.97	176226	MQ
MFD09779.bin.3.106	157443	MQ
MFD09779.bin.3.137	270933	MQ
MFD09779.bin.3.15	215675	MQ
MFD09779.bin.3.159	149685	MQ
MFD09779.bin.3.162	504486	MQ
MFD09779.bin.3.176	178414	MQ
MFD09779.bin.3.209	129442	MQ
MFD09779.bin.3.231	489118	MQ
MFD09779.bin.3.232	176592	MQ
MFD09779.bin.3.236	172343	MQ
MFD09779.bin.3.245	112557	MQ
MFD09779.bin.3.249	369884	MQ
MFD09779.bin.3.295	251249	MQ
MFD09779.bin.3.296	868832	MQ
MFD09779.bin.3.299	192399	MQ
MFD09779.bin.3.305	196705	MQ
MFD09779.bin.3.322	126387	MQ
MFD09779.bin.3.343	405399	MQ
MFD09779.bin.3.373	169575	MQ
MFD09779.bin.3.381	92281	MQ
MFD09779.bin.3.39	189056	MQ
MFD09779.bin.3.409	133360	MQ
MFD09779.bin.3.41	144755	MQ
MFD09779.bin.3.410	462081	MQ
MFD09779.bin.3.420	500172	MQ
MFD09779.bin.3.436	283310	MQ
MFD09779.bin.3.441	157224	MQ
MFD09779.bin.3.464	333460	MQ
MFD09779.bin.3.474	80343	MQ
MFD09779.bin.3.497	180624	MQ
MFD09779.bin.3.68	305348	MQ
MFD09779.bin.4.73	185993	MQ
MFD09848.bin.2.101	888153	MQ
MFD09848.bin.2.104	431418	MQ
MFD09848.bin.2.105	402964	MQ
MFD09848.bin.2.106	177347	MQ
MFD09848.bin.2.108	552204	MQ
MFD09848.bin.2.112	308225	MQ
MFD09848.bin.2.114	384965	MQ
MFD09848.bin.2.119	166766	MQ
MFD09848.bin.2.12	618233	MQ
MFD09848.bin.2.17	236827	MQ
MFD09848.bin.2.19	577706	MQ
MFD09848.bin.2.23	683476	MQ
MFD09848.bin.2.28	899710	MQ
MFD09848.bin.2.30	270806	MQ
MFD09848.bin.2.4	404453	MQ
MFD09848.bin.2.42	477179	MQ
MFD09848.bin.2.44	210019	MQ
MFD09848.bin.2.47	388730	MQ
MFD09848.bin.2.53	555220	MQ
MFD09848.bin.2.54	1888697	MQ
MFD09848.bin.2.59	355932	MQ
MFD09848.bin.2.6	2198391	MQ
MFD09848.bin.2.68	79118	MQ
MFD09848.bin.2.72	101678	MQ
MFD09848.bin.2.80	503708	MQ
MFD09848.bin.2.88	265801	MQ
MFD09848.bin.2.89	769595	MQ
MFD09848.bin.2.92	805296	MQ
MFD09848.bin.2.94	368232	MQ
MFD09848.bin.2.96	600411	MQ
MFD09848.bin.2.99	114491	MQ
MFD09848.bin.3.153	643064	MQ
MFD09848.bin.3.17	129873	MQ
MFD09848.bin.3.172	532504	MQ
MFD09848.bin.3.263	336045	MQ
MFD09848.bin.3.304	261028	MQ
MFD09848.bin.3.44	272872	MQ
MFD09848.bin.3.93	164544	MQ
MFD09848.bin.3.94	136672	MQ
MFD09848.bin.4.36	352830	MQ
MFD09964.bin.1.137	368104	MQ
MFD09964.bin.1.219	341110	MQ
MFD09964.bin.1.237	138528	MQ
MFD09964.bin.1.338	550191	MQ
MFD09964.bin.1.372	1270560	MQ
MFD09964.bin.1.38	622372	MQ
MFD09964.bin.1.39	898947	MQ
MFD09964.bin.1.75	1329340	MQ
MFD09964.bin.2.1	2089028	MQ
MFD09964.bin.2.102	408940	MQ
MFD09964.bin.2.103	251239	MQ
MFD09964.bin.2.105	59819	MQ
MFD09964.bin.2.108	82366	MQ
MFD09964.bin.2.110	636389	MQ
MFD09964.bin.2.116	114294	MQ
MFD09964.bin.2.119	473694	MQ
MFD09964.bin.2.12	745390	MQ
MFD09964.bin.2.124	198477	MQ
MFD09964.bin.2.127	129057	MQ
MFD09964.bin.2.131	93529	MQ
MFD09964.bin.2.132	262081	MQ
MFD09964.bin.2.136	293378	MQ
MFD09964.bin.2.137	102907	MQ
MFD09964.bin.2.14	313995	MQ
MFD09964.bin.2.140	228188	MQ
MFD09964.bin.2.142	1680659	MQ
MFD09964.bin.2.145	228723	MQ
MFD09964.bin.2.149	408410	MQ
MFD09964.bin.2.15	3129801	MQ
MFD09964.bin.2.150	173466	MQ
MFD09964.bin.2.151	377587	MQ
MFD09964.bin.2.153	527061	MQ
MFD09964.bin.2.154	93129	MQ
MFD09964.bin.2.155	349348	MQ
MFD09964.bin.2.156	265752	MQ
MFD09964.bin.2.157	177771	MQ
MFD09964.bin.2.159	1524802	MQ
MFD09964.bin.2.160	706701	MQ
MFD09964.bin.2.161	144829	MQ
MFD09964.bin.2.163	198234	MQ
MFD09964.bin.2.167	266451	MQ
MFD09964.bin.2.168	242000	MQ
MFD09964.bin.2.17	353391	MQ
MFD09964.bin.2.170	840976	MQ
MFD09964.bin.2.171	490951	MQ
MFD09964.bin.2.176	455013	MQ
MFD09964.bin.2.179	446014	MQ
MFD09964.bin.2.180	162660	MQ
MFD09964.bin.2.182	210937	MQ
MFD09964.bin.2.183	270533	MQ
MFD09964.bin.2.189	307408	MQ
MFD09964.bin.2.192	146622	MQ
MFD09964.bin.2.193	787580	MQ
MFD09964.bin.2.197	769198	MQ
MFD09964.bin.2.198	4322629	MQ
MFD09964.bin.2.199	310384	MQ
MFD09964.bin.2.20	158594	MQ
MFD09964.bin.2.200	71396	MQ
MFD09964.bin.2.201	666944	MQ
MFD09964.bin.2.204	269500	MQ
MFD09964.bin.2.205	278861	MQ
MFD09964.bin.2.208	1848100	MQ
MFD09964.bin.2.209	645647	MQ
MFD09964.bin.2.211	191436	MQ
MFD09964.bin.2.212	95510	MQ
MFD09964.bin.2.214	132876	MQ
MFD09964.bin.2.216	229026	MQ
MFD09964.bin.2.219	276633	MQ
MFD09964.bin.2.220	239079	MQ
MFD09964.bin.2.221	206181	MQ
MFD09964.bin.2.222	407681	MQ
MFD09964.bin.2.223	276890	MQ
MFD09964.bin.2.226	165554	MQ
MFD09964.bin.2.227	165112	MQ
MFD09964.bin.2.228	347209	MQ
MFD09964.bin.2.229	1020116	MQ
MFD09964.bin.2.23	235049	MQ
MFD09964.bin.2.230	624221	MQ
MFD09964.bin.2.231	1682687	MQ
MFD09964.bin.2.232	1334846	MQ
MFD09964.bin.2.233	397737	MQ
MFD09964.bin.2.234	322858	MQ
MFD09964.bin.2.238	366622	MQ
MFD09964.bin.2.239	260549	MQ
MFD09964.bin.2.24	1699221	MQ
MFD09964.bin.2.240	341495	MQ
MFD09964.bin.2.241	567333	MQ
MFD09964.bin.2.242	403574	MQ
MFD09964.bin.2.243	154312	MQ
MFD09964.bin.2.244	370639	MQ
MFD09964.bin.2.246	787886	MQ
MFD09964.bin.2.248	585010	MQ
MFD09964.bin.2.249	611189	MQ
MFD09964.bin.2.251	169862	MQ
MFD09964.bin.2.252	183369	MQ
MFD09964.bin.2.256	939600	MQ
MFD09964.bin.2.259	2512052	MQ
MFD09964.bin.2.26	276215	MQ
MFD09964.bin.2.262	612216	MQ
MFD09964.bin.2.263	2148961	MQ
MFD09964.bin.2.264	167875	MQ
MFD09964.bin.2.265	386205	MQ
MFD09964.bin.2.266	558841	MQ
MFD09964.bin.2.268	955764	MQ
MFD09964.bin.2.27	192399	MQ
MFD09964.bin.2.270	239311	MQ
MFD09964.bin.2.274	639130	MQ
MFD09964.bin.2.275	1289281	MQ
MFD09964.bin.2.277	322203	MQ
MFD09964.bin.2.29	202299	MQ
MFD09964.bin.2.31	228901	MQ
MFD09964.bin.2.35	365658	MQ
MFD09964.bin.2.36	787390	MQ
MFD09964.bin.2.39	704073	MQ
MFD09964.bin.2.4	421143	MQ
MFD09964.bin.2.42	927052	MQ
MFD09964.bin.2.44	419712	MQ
MFD09964.bin.2.45	275644	MQ
MFD09964.bin.2.46	181115	MQ
MFD09964.bin.2.47	149845	MQ
MFD09964.bin.2.5	1029881	MQ
MFD09964.bin.2.52	241280	MQ
MFD09964.bin.2.53	867627	MQ
MFD09964.bin.2.54	864140	MQ
MFD09964.bin.2.55	119012	MQ
MFD09964.bin.2.57	185071	MQ
MFD09964.bin.2.58	311805	MQ
MFD09964.bin.2.59	658323	MQ
MFD09964.bin.2.6	138365	MQ
MFD09964.bin.2.60	503239	MQ
MFD09964.bin.2.61	69381	MQ
MFD09964.bin.2.62	1754723	MQ
MFD09964.bin.2.63	2651131	MQ
MFD09964.bin.2.65	377280	MQ
MFD09964.bin.2.67	503396	MQ
MFD09964.bin.2.68	520666	MQ
MFD09964.bin.2.69	187382	MQ
MFD09964.bin.2.7	454384	MQ
MFD09964.bin.2.70	458576	MQ
MFD09964.bin.2.71	186128	MQ
MFD09964.bin.2.74	117367	MQ
MFD09964.bin.2.75	114513	MQ
MFD09964.bin.2.76	72716	MQ
MFD09964.bin.2.77	173203	MQ
MFD09964.bin.2.79	267661	MQ
MFD09964.bin.2.81	394703	MQ
MFD09964.bin.2.82	338818	MQ
MFD09964.bin.2.83	292927	MQ
MFD09964.bin.2.84	478045	MQ
MFD09964.bin.2.86	232835	MQ
MFD09964.bin.2.87	643240	MQ
MFD09964.bin.2.88	229049	MQ
MFD09964.bin.2.89	162996	MQ
MFD09964.bin.2.9	397426	MQ
MFD09964.bin.2.92	55506	MQ
MFD09964.bin.2.95	167663	MQ
MFD09964.bin.2.97	282675	MQ
MFD09964.bin.2.98	196122	MQ
MFD09964.bin.2.99	366184	MQ
MFD09964.bin.3.150	103921	MQ
MFD09964.bin.3.171	276233	MQ
MFD09964.bin.3.18	248671	MQ
MFD09964.bin.3.206	455890	MQ
MFD09964.bin.3.223	78949	MQ
MFD09964.bin.3.264	147164	MQ
MFD09964.bin.3.265	322215	MQ
MFD09964.bin.3.267	518103	MQ
MFD09964.bin.3.278	95369	MQ
MFD09964.bin.3.281	191158	MQ
MFD09964.bin.3.283	374936	MQ
MFD09964.bin.3.287	499217	MQ
MFD09964.bin.3.354	243046	MQ
MFD09964.bin.3.365	456094	MQ
MFD09964.bin.3.386	435356	MQ
MFD09964.bin.3.395	708288	MQ
MFD09964.bin.3.400	144994	MQ
MFD09964.bin.3.441	332417	MQ
MFD09964.bin.3.499	105062	MQ
MFD09964.bin.3.503	706837	MQ
MFD09964.bin.3.87	84037	MQ
MFD09964.bin.3.9	177250	MQ
MFD09964.bin.4.240	54387	MQ
MFD09964.bin.4.255	285810	MQ
MFD09964.bin.4.319	390291	MQ
MFD09964.bin.4.370	2936700	MQ
MFD09964.bin.4.455	66760	MQ
MFD09964.bin.4.484	93629	MQ
MFD09964.bin.4.609	125176	MQ
MFD10007.bin.2.1	249441	MQ
MFD10007.bin.2.10	102910	MQ
MFD10007.bin.2.102	3024956	MQ
MFD10007.bin.2.11	982878	MQ
MFD10007.bin.2.113	211775	MQ
MFD10007.bin.2.114	1298296	MQ
MFD10007.bin.2.117	249207	MQ
MFD10007.bin.2.118	308229	MQ
MFD10007.bin.2.119	208654	MQ
MFD10007.bin.2.125	231266	MQ
MFD10007.bin.2.126	290035	MQ
MFD10007.bin.2.127	135469	MQ
MFD10007.bin.2.128	211038	MQ
MFD10007.bin.2.129	106969	MQ
MFD10007.bin.2.133	833754	MQ
MFD10007.bin.2.135	87389	MQ
MFD10007.bin.2.136	223552	MQ
MFD10007.bin.2.137	268417	MQ
MFD10007.bin.2.138	127761	MQ
MFD10007.bin.2.139	83034	MQ
MFD10007.bin.2.140	182907	MQ
MFD10007.bin.2.143	1404771	MQ
MFD10007.bin.2.144	356927	MQ
MFD10007.bin.2.149	421771	MQ
MFD10007.bin.2.150	170346	MQ
MFD10007.bin.2.152	274124	MQ
MFD10007.bin.2.153	943938	MQ
MFD10007.bin.2.158	157847	MQ
MFD10007.bin.2.159	470067	MQ
MFD10007.bin.2.16	145998	MQ
MFD10007.bin.2.164	495338	MQ
MFD10007.bin.2.165	446224	MQ
MFD10007.bin.2.167	448467	MQ
MFD10007.bin.2.168	326250	MQ
MFD10007.bin.2.175	396352	MQ
MFD10007.bin.2.180	130594	MQ
MFD10007.bin.2.182	459716	MQ
MFD10007.bin.2.183	89834	MQ
MFD10007.bin.2.186	269164	MQ
MFD10007.bin.2.187	467118	MQ
MFD10007.bin.2.188	142403	MQ
MFD10007.bin.2.189	83097	MQ
MFD10007.bin.2.19	544360	MQ
MFD10007.bin.2.190	110168	MQ
MFD10007.bin.2.196	397881	MQ
MFD10007.bin.2.199	2050806	MQ
MFD10007.bin.2.20	311768	MQ
MFD10007.bin.2.203	129255	MQ
MFD10007.bin.2.204	911544	MQ
MFD10007.bin.2.206	705176	MQ
MFD10007.bin.2.207	490992	MQ
MFD10007.bin.2.208	312413	MQ
MFD10007.bin.2.212	2240224	MQ
MFD10007.bin.2.215	2863365	MQ
MFD10007.bin.2.27	1982546	MQ
MFD10007.bin.2.30	528505	MQ
MFD10007.bin.2.31	251567	MQ
MFD10007.bin.2.34	236477	MQ
MFD10007.bin.2.35	2674008	MQ
MFD10007.bin.2.36	370490	MQ
MFD10007.bin.2.4	3574754	MQ
MFD10007.bin.2.43	2793441	MQ
MFD10007.bin.2.46	137369	MQ
MFD10007.bin.2.47	184395	MQ
MFD10007.bin.2.52	364357	MQ
MFD10007.bin.2.56	454168	MQ
MFD10007.bin.2.58	176979	MQ
MFD10007.bin.2.59	742703	MQ
MFD10007.bin.2.66	98400	MQ
MFD10007.bin.2.71	339355	MQ
MFD10007.bin.2.82	648857	MQ
MFD10007.bin.2.9	2780033	MQ
MFD10007.bin.2.94	196674	MQ
MFD10007.bin.2.97	617680	MQ
MFD10007.bin.3.11	467399	MQ
MFD10007.bin.3.145	371705	MQ
MFD10007.bin.3.214	95321	MQ
MFD10007.bin.3.259	660662	MQ
MFD10007.bin.3.293	131149	MQ
MFD10007.bin.3.323	289792	MQ
MFD10007.bin.3.336	246994	MQ
MFD10007.bin.3.341	623629	MQ
MFD10007.bin.3.355	63783	MQ
MFD10007.bin.3.387	920882	MQ
MFD10007.bin.3.423	472081	MQ
MFD10007.bin.3.59	76442	MQ
MFD10007.bin.3.87	305025	MQ
MFD10007.bin.3.88	182848	MQ
MFD10007.bin.3.89	102956	MQ
MFD10043.bin.2.10	2216926	MQ
MFD10043.bin.2.11	144426	MQ
MFD10043.bin.2.21	789450	MQ
MFD10043.bin.2.27	2655591	MQ
MFD10043.bin.2.3	1002552	MQ
MFD10043.bin.2.33	1490916	MQ
MFD10043.bin.2.35	1367768	MQ
MFD10043.bin.2.39	1852916	MQ
MFD10043.bin.2.4	3118709	MQ
MFD10043.bin.2.45	246721	MQ
MFD10043.bin.2.48	132835	MQ
MFD10043.bin.2.49	87837	MQ
MFD10043.bin.2.50	381500	MQ
MFD10043.bin.2.76	753419	MQ
MFD10043.bin.2.85	811797	MQ
MFD10043.bin.3.25	295971	MQ
MFD10043.bin.3.87	124104	MQ
MFD10043.bin.3.99	265373	MQ
MFD10064.bin.1.138	276775	MQ
MFD10064.bin.1.22	244590	MQ
MFD10064.bin.1.5	154559	MQ
MFD10064.bin.2.102	120033	MQ
MFD10064.bin.2.104	146216	MQ
MFD10064.bin.2.107	546743	MQ
MFD10064.bin.2.108	72120	MQ
MFD10064.bin.2.110	186934	MQ
MFD10064.bin.2.112	113276	MQ
MFD10064.bin.2.113	133054	MQ
MFD10064.bin.2.115	43084	MQ
MFD10064.bin.2.116	161373	MQ
MFD10064.bin.2.118	307593	MQ
MFD10064.bin.2.119	79848	MQ
MFD10064.bin.2.12	66718	MQ
MFD10064.bin.2.120	40600	MQ
MFD10064.bin.2.13	55944	MQ
MFD10064.bin.2.14	31197	MQ
MFD10064.bin.2.15	123210	MQ
MFD10064.bin.2.16	23460	MQ
MFD10064.bin.2.18	522068	MQ
MFD10064.bin.2.2	235716	MQ
MFD10064.bin.2.20	196891	MQ
MFD10064.bin.2.21	152019	MQ
MFD10064.bin.2.22	262041	MQ
MFD10064.bin.2.23	101937	MQ
MFD10064.bin.2.25	123481	MQ
MFD10064.bin.2.28	1025582	MQ
MFD10064.bin.2.30	51347	MQ
MFD10064.bin.2.32	220351	MQ
MFD10064.bin.2.33	30355	MQ
MFD10064.bin.2.41	102539	MQ
MFD10064.bin.2.45	362760	MQ
MFD10064.bin.2.48	115082	MQ
MFD10064.bin.2.53	247962	MQ
MFD10064.bin.2.54	570114	MQ
MFD10064.bin.2.56	24191	MQ
MFD10064.bin.2.57	84897	MQ
MFD10064.bin.2.61	291306	MQ
MFD10064.bin.2.62	21913	MQ
MFD10064.bin.2.63	28266	MQ
MFD10064.bin.2.65	193384	MQ
MFD10064.bin.2.66	70006	MQ
MFD10064.bin.2.68	181038	MQ
MFD10064.bin.2.71	29536	MQ
MFD10064.bin.2.72	55391	MQ
MFD10064.bin.2.73	84411	MQ
MFD10064.bin.2.75	63846	MQ
MFD10064.bin.2.77	48537	MQ
MFD10064.bin.2.79	45442	MQ
MFD10064.bin.2.8	52621	MQ
MFD10064.bin.2.80	337267	MQ
MFD10064.bin.2.84	69333	MQ
MFD10064.bin.2.86	98491	MQ
MFD10064.bin.2.87	81361	MQ
MFD10064.bin.2.89	21435	MQ
MFD10064.bin.2.91	97856	MQ
MFD10064.bin.2.92	25650	MQ
MFD10064.bin.2.93	105536	MQ
MFD10064.bin.2.94	70224	MQ
MFD10064.bin.2.95	96654	MQ
MFD10064.bin.2.98	89976	MQ
MFD10064.bin.3.130	60527	MQ
MFD10064.bin.3.15	90857	MQ
MFD10064.bin.3.163	53435	MQ
MFD10064.bin.3.50	202780	MQ
MFD10064.bin.3.58	38821	MQ
MFD10064.bin.3.75	84670	MQ
MFD10064.bin.4.34	118678	MQ
MFD10064.bin.4.41	35501	MQ
MFD10064.bin.4.64	32468	MQ
MFD10071.bin.1.63	239980	MQ
MFD10071.bin.2.106	55286	MQ
MFD10071.bin.2.108	99683	MQ
MFD10071.bin.2.117	2572244	MQ
MFD10071.bin.2.18	184793	MQ
MFD10071.bin.2.24	4691534	MQ
MFD10071.bin.2.32	81879	MQ
MFD10071.bin.2.44	595158	MQ
MFD10071.bin.2.47	177788	MQ
MFD10071.bin.2.51	90981	MQ
MFD10071.bin.2.53	322817	MQ
MFD10071.bin.2.55	97611	MQ
MFD10071.bin.2.60	846631	MQ
MFD10071.bin.2.66	157559	MQ
MFD10071.bin.2.74	124996	MQ
MFD10071.bin.2.78	76870	MQ
MFD10071.bin.2.8	54060	MQ
MFD10071.bin.2.80	166334	MQ
MFD10071.bin.2.84	79074	MQ
MFD10071.bin.2.96	448287	MQ
MFD10071.bin.3.205	214460	MQ
MFD10071.bin.3.36	250592	MQ
MFD10071.bin.4.152	60518	MQ
MFD10071.bin.4.177	105578	MQ
MFD10071.bin.4.224	692854	MQ
MFD10097.bin.1.1	16035	MQ
MFD10097.bin.1.2	73050	MQ
MFD10097.bin.1.20	32793	MQ
MFD10097.bin.1.22	39601	MQ
MFD10097.bin.1.30	47741	MQ
MFD10097.bin.1.33	26984	MQ
MFD10097.bin.1.9	59615	MQ
MFD10097.bin.2.1	54173	MQ
MFD10097.bin.2.10	19403	MQ
MFD10097.bin.2.12	17004	MQ
MFD10097.bin.2.13	31390	MQ
MFD10097.bin.2.14	39812	MQ
MFD10097.bin.2.15	31357	MQ
MFD10097.bin.2.18	35834	MQ
MFD10097.bin.2.19	15860	MQ
MFD10097.bin.2.2	74025	MQ
MFD10097.bin.2.21	9793	MQ
MFD10097.bin.2.22	13981	MQ
MFD10097.bin.2.25	9127	MQ
MFD10097.bin.2.26	22011	MQ
MFD10097.bin.2.4	16897	MQ
MFD10097.bin.2.7	18193	MQ
MFD10097.bin.2.8	38806	MQ
MFD10097.bin.2.9	12752	MQ
MFD10097.bin.3.10	55828	MQ
MFD10097.bin.3.13	107319	MQ
MFD10097.bin.3.18	46057	MQ
MFD10097.bin.3.34	8315	MQ
MFD10097.bin.3.44	11184	MQ
MFD10097.bin.3.8	12058	MQ
MFD10097.bin.3.9	88332	MQ
MFD10113.bin.2.104	839439	MQ
MFD10113.bin.2.105	517387	MQ
MFD10113.bin.2.107	294162	MQ
MFD10113.bin.2.113	462855	MQ
MFD10113.bin.2.114	1325296	MQ
MFD10113.bin.2.119	764084	MQ
MFD10113.bin.2.12	1168674	MQ
MFD10113.bin.2.120	606991	MQ
MFD10113.bin.2.121	2941716	MQ
MFD10113.bin.2.122	300340	MQ
MFD10113.bin.2.123	522932	MQ
MFD10113.bin.2.125	438765	MQ
MFD10113.bin.2.13	291640	MQ
MFD10113.bin.2.131	2248903	MQ
MFD10113.bin.2.132	456879	MQ
MFD10113.bin.2.138	1973064	MQ
MFD10113.bin.2.144	873203	MQ
MFD10113.bin.2.145	350411	MQ
MFD10113.bin.2.15	3315691	MQ
MFD10113.bin.2.151	151080	MQ
MFD10113.bin.2.158	2081203	MQ
MFD10113.bin.2.159	317535	MQ
MFD10113.bin.2.16	1008764	MQ
MFD10113.bin.2.160	922064	MQ
MFD10113.bin.2.163	619664	MQ
MFD10113.bin.2.17	392744	MQ
MFD10113.bin.2.172	334443	MQ
MFD10113.bin.2.174	1177913	MQ
MFD10113.bin.2.175	613002	MQ
MFD10113.bin.2.178	3214431	MQ
MFD10113.bin.2.179	272905	MQ
MFD10113.bin.2.18	735208	MQ
MFD10113.bin.2.184	710403	MQ
MFD10113.bin.2.189	806194	MQ
MFD10113.bin.2.191	3139722	MQ
MFD10113.bin.2.197	684609	MQ
MFD10113.bin.2.198	676504	MQ
MFD10113.bin.2.199	627651	MQ
MFD10113.bin.2.200	2211251	MQ
MFD10113.bin.2.201	479471	MQ
MFD10113.bin.2.202	333325	MQ
MFD10113.bin.2.204	1497542	MQ
MFD10113.bin.2.205	684937	MQ
MFD10113.bin.2.21	310993	MQ
MFD10113.bin.2.24	600042	MQ
MFD10113.bin.2.25	314901	MQ
MFD10113.bin.2.28	552848	MQ
MFD10113.bin.2.3	268054	MQ
MFD10113.bin.2.30	2081270	MQ
MFD10113.bin.2.31	286507	MQ
MFD10113.bin.2.32	2813024	MQ
MFD10113.bin.2.33	3379502	MQ
MFD10113.bin.2.34	627458	MQ
MFD10113.bin.2.37	2103880	MQ
MFD10113.bin.2.39	448172	MQ
MFD10113.bin.2.41	2117769	MQ
MFD10113.bin.2.42	2369256	MQ
MFD10113.bin.2.45	286098	MQ
MFD10113.bin.2.47	658699	MQ
MFD10113.bin.2.49	172640	MQ
MFD10113.bin.2.52	485662	MQ
MFD10113.bin.2.53	432192	MQ
MFD10113.bin.2.55	226413	MQ
MFD10113.bin.2.56	1031076	MQ
MFD10113.bin.2.58	674642	MQ
MFD10113.bin.2.60	349768	MQ
MFD10113.bin.2.61	267808	MQ
MFD10113.bin.2.70	1225301	MQ
MFD10113.bin.2.75	1338428	MQ
MFD10113.bin.2.86	647946	MQ
MFD10113.bin.2.98	175052	MQ
MFD10113.bin.3.119	575465	MQ
MFD10113.bin.3.134	316386	MQ
MFD10113.bin.3.139	763175	MQ
MFD10113.bin.3.154	269163	MQ
MFD10113.bin.3.240	1107210	MQ
MFD10113.bin.3.264	2589238	MQ
MFD10113.bin.3.285	281800	MQ
MFD10113.bin.3.397	634371	MQ
MFD10113.bin.3.423	256735	MQ
MFD10113.bin.3.468	136798	MQ
MFD10113.bin.3.495	1312738	MQ
MFD10113.bin.3.514	1657613	MQ
MFD10113.bin.3.520	859549	MQ
MFD10113.bin.3.547	328758	MQ
MFD10113.bin.3.55	309456	MQ
MFD10113.bin.3.65	2677001	MQ
MFD10113.bin.4.205	476300	MQ
MFD10113.bin.4.266	200457	MQ
MFD00008.bin.2.14	317347	MQ
MFD00008.bin.2.157	1657015	MQ
MFD00008.bin.2.88	916005	MQ
MFD00008.bin.2.90	1612039	MQ
MFD00008.bin.3.129	396868	MQ
MFD00031.bin.2.179	131239	MQ
MFD00031.bin.2.47	80318	MQ
MFD00032.bin.2.113	70279	MQ
MFD00032.bin.2.117	120656	MQ
MFD00032.bin.2.120	249300	MQ
MFD00032.bin.2.124	224612	MQ
MFD00032.bin.2.169	223664	MQ
MFD00032.bin.2.30	359737	MQ
MFD00032.bin.2.53	269452	MQ
MFD00032.bin.3.14	37370	MQ
MFD00072.bin.2.138	1130675	MQ
MFD00392.bin.2.257	122826	MQ
MFD00392.bin.2.382	79532	MQ
MFD00709.bin.2.100	225568	MQ
MFD00709.bin.2.105	1141713	MQ
MFD00709.bin.2.106	170546	MQ
MFD00709.bin.2.110	147161	MQ
MFD00709.bin.2.119	137761	MQ
MFD00709.bin.2.126	66840	MQ
MFD00709.bin.2.183	102032	MQ
MFD00709.bin.2.210	121844	MQ
MFD00709.bin.2.214	201298	MQ
MFD00709.bin.2.218	646615	MQ
MFD00709.bin.2.23	89547	MQ
MFD00709.bin.3.190	100839	MQ
MFD00709.bin.3.51	76898	MQ
MFD00905.bin.2.112	2561992	MQ
MFD00905.bin.2.113	255793	MQ
MFD00905.bin.2.116	253102	MQ
MFD00905.bin.2.119	54914	MQ
MFD00905.bin.2.124	131442	MQ
MFD00905.bin.2.197	233682	MQ
MFD00905.bin.2.207	340540	MQ
MFD00905.bin.2.46	187804	MQ
MFD00905.bin.3.332	107752	MQ
MFD00905.bin.3.440	103108	MQ
MFD00991.bin.2.123	169531	MQ
MFD00991.bin.2.13	134426	MQ
MFD00991.bin.2.14	2182341	MQ
MFD00991.bin.2.19	77330	MQ
MFD00991.bin.2.53	168041	MQ
MFD00991.bin.4.171	337492	MQ
MFD01112.bin.2.53	9904	MQ
MFD01112.bin.2.61	45953	MQ
MFD01188.bin.2.105	313064	MQ
MFD01188.bin.2.21	38274	MQ
MFD01223.bin.2.83	54392	MQ
MFD01231.bin.2.71	443783	MQ
MFD01231.bin.3.50	55871	MQ
MFD01231.bin.3.58	475598	MQ
MFD01299.bin.2.10	135276	MQ
MFD01299.bin.2.100	677350	MQ
MFD01299.bin.2.101	61286	MQ
MFD01299.bin.2.103	33796	MQ
MFD01299.bin.2.105	1032112	MQ
MFD01299.bin.2.167	98055	MQ
MFD01299.bin.2.173	82454	MQ
MFD01299.bin.2.19	92582	MQ
MFD01299.bin.2.199	101183	MQ
MFD01299.bin.2.21	133262	MQ
MFD01299.bin.2.33	427330	MQ
MFD01299.bin.2.37	187304	MQ
MFD01299.bin.2.43	130187	MQ
MFD01299.bin.2.50	677964	MQ
MFD01299.bin.2.82	198771	MQ
MFD01299.bin.2.83	300208	MQ
MFD01299.bin.2.89	160679	MQ
MFD01299.bin.2.98	436481	MQ
MFD01299.bin.2.99	100792	MQ
MFD01299.bin.3.215	549764	MQ
MFD01299.bin.3.370	70224	MQ
MFD01299.bin.3.410	128852	MQ
MFD01299.bin.4.239	79673	MQ
MFD01476.bin.2.11	457983	MQ
MFD01476.bin.2.165	240868	MQ
MFD01476.bin.2.176	295401	MQ
MFD01476.bin.2.20	142537	MQ
MFD01476.bin.2.27	68593	MQ
MFD01476.bin.2.3	714015	MQ
MFD01476.bin.2.32	201553	MQ
MFD01476.bin.2.40	2557147	MQ
MFD01476.bin.2.7	355583	MQ
MFD01476.bin.2.74	269538	MQ
MFD01476.bin.2.78	130979	MQ
MFD01476.bin.2.82	336023	MQ
MFD01476.bin.2.83	1600909	MQ
MFD01476.bin.2.84	180742	MQ
MFD01476.bin.2.86	1705498	MQ
MFD01476.bin.2.93	126468	MQ
MFD01476.bin.2.96	664989	MQ
MFD01476.bin.3.211	188469	MQ
MFD01476.bin.3.39	81351	MQ
MFD01476.bin.4.277	81389	MQ
MFD01689.bin.2.62	135783	MQ
MFD01689.bin.2.81	67931	MQ
MFD01721.bin.2.213	376700	MQ
MFD01721.bin.2.48	648434	MQ
MFD01828.bin.2.33	217713	MQ
MFD01872.bin.1.202	173941	MQ
MFD01872.bin.2.143	573527	MQ
MFD01872.bin.2.149	390008	MQ
MFD01872.bin.2.150	1058941	MQ
MFD01872.bin.2.152	81461	MQ
MFD01872.bin.2.277	194345	MQ
MFD01872.bin.2.58	257867	MQ
MFD01872.bin.2.69	115444	MQ
MFD01916.bin.2.26	32572	MQ
MFD01916.bin.2.53	217104	MQ
MFD01916.bin.2.60	313848	MQ
MFD02138.bin.1.27	26155	MQ
MFD02138.bin.2.10	11599	MQ
MFD02138.bin.2.15	76228	MQ
MFD02138.bin.2.5	119918	MQ
MFD02248.bin.2.124	192498	MQ
MFD02248.bin.2.56	1572808	MQ
MFD02360.bin.2.223	132675	MQ
MFD02360.bin.3.762	552558	MQ
MFD02416.bin.1.399	221950	MQ
MFD02416.bin.2.146	299927	MQ
MFD02416.bin.2.151	117407	MQ
MFD02416.bin.2.21	376052	MQ
MFD02416.bin.2.236	95005	MQ
MFD02416.bin.2.245	363350	MQ
MFD02416.bin.2.266	1587370	MQ
MFD02416.bin.2.52	1857426	MQ
MFD02416.bin.3.38	259967	MQ
MFD02809.bin.2.11	106240	MQ
MFD02809.bin.2.176	89790	MQ
MFD02809.bin.2.177	178126	MQ
MFD02809.bin.2.186	91893	MQ
MFD02809.bin.2.187	85796	MQ
MFD02809.bin.2.217	128998	MQ
MFD02809.bin.2.58	30411	MQ
MFD02809.bin.2.74	64127	MQ
MFD02809.bin.3.50	80465	MQ
MFD02809.bin.4.549	77345	MQ
MFD02809.bin.4.709	24145	MQ
MFD02832.bin.2.135	39423	MQ
MFD02832.bin.4.205	43871	MQ
MFD02923.bin.1.72	306469	MQ
MFD02923.bin.2.77	133969	MQ
MFD02979.bin.2.102	116670	MQ
MFD02979.bin.2.20	79868	MQ
MFD02979.bin.2.28	252942	MQ
MFD02979.bin.2.96	190708	MQ
MFD02979.bin.2.97	245828	MQ
MFD02979.bin.2.99	87620	MQ
MFD03044.bin.2.8	418864	MQ
MFD03323.bin.2.126	301129	MQ
MFD03323.bin.2.40	55043	MQ
MFD03323.bin.3.269	12858	MQ
MFD03399.bin.2.1	833701	MQ
MFD03399.bin.2.114	365943	MQ
MFD03399.bin.2.20	616756	MQ
MFD03399.bin.2.22	1252328	MQ
MFD03726.bin.1.103	1330312	MQ
MFD03726.bin.1.104	900798	MQ
MFD03726.bin.1.202	179192	MQ
MFD03726.bin.2.128	38217	MQ
MFD03726.bin.2.13	374879	MQ
MFD03726.bin.2.137	58531	MQ
MFD03726.bin.2.157	157307	MQ
MFD03726.bin.2.16	51482	MQ
MFD03726.bin.2.165	525926	MQ
MFD03726.bin.2.171	116888	MQ
MFD03726.bin.2.21	48567	MQ
MFD03726.bin.2.37	44848	MQ
MFD03726.bin.2.66	156995	MQ
MFD03726.bin.2.69	1355405	MQ
MFD03726.bin.2.70	224696	MQ
MFD03726.bin.2.72	106498	MQ
MFD03726.bin.2.73	242588	MQ
MFD03726.bin.2.74	178082	MQ
MFD03726.bin.2.75	157522	MQ
MFD03726.bin.2.76	992379	MQ
MFD03726.bin.2.79	60433	MQ
MFD03726.bin.2.83	140384	MQ
MFD03726.bin.2.95	38959	MQ
MFD03726.bin.3.148	164579	MQ
MFD03726.bin.3.151	189212	MQ
MFD03726.bin.3.157	310215	MQ
MFD03726.bin.3.184	67789	MQ
MFD03804.bin.2.25	404548	MQ
MFD03804.bin.2.26	276174	MQ
MFD03804.bin.2.28	208858	MQ
MFD03804.bin.2.29	184895	MQ
MFD03899.bin.2.167	137582	MQ
MFD03899.bin.2.175	197039	MQ
MFD03899.bin.2.188	150928	MQ
MFD03899.bin.2.81	475091	MQ
MFD03899.bin.2.83	202930	MQ
MFD03899.bin.2.88	60829	MQ
MFD03899.bin.2.91	498207	MQ
MFD03899.bin.3.124	407114	MQ
MFD04212.bin.2.239	1459688	MQ
MFD04408.bin.1.57	135998	MQ
MFD04408.bin.1.92	863169	MQ
MFD04408.bin.1.95	152477	MQ
MFD04408.bin.1.98	76324	MQ
MFD04408.bin.2.1	143386	MQ
MFD04408.bin.2.141	66448	MQ
MFD04408.bin.2.152	83912	MQ
MFD04408.bin.2.156	146374	MQ
MFD04408.bin.2.157	289674	MQ
MFD04408.bin.2.158	291355	MQ
MFD04408.bin.2.167	401841	MQ
MFD04408.bin.2.179	2363725	MQ
MFD04408.bin.2.183	578315	MQ
MFD04408.bin.2.185	1998007	MQ
MFD04408.bin.2.191	489294	MQ
MFD04408.bin.2.24	1780888	MQ
MFD04408.bin.2.30	123056	MQ
MFD04408.bin.2.4	199828	MQ
MFD04408.bin.2.41	29322	MQ
MFD04408.bin.2.45	1105251	MQ
MFD04408.bin.2.62	110599	MQ
MFD04408.bin.2.64	84564	MQ
MFD04408.bin.2.68	117523	MQ
MFD04408.bin.2.7	199371	MQ
MFD04408.bin.2.70	69656	MQ
MFD04408.bin.2.74	59926	MQ
MFD04408.bin.2.75	28682	MQ
MFD04408.bin.2.76	85686	MQ
MFD04408.bin.2.78	28439	MQ
MFD04408.bin.2.81	51646	MQ
MFD04408.bin.3.313	39736	MQ
MFD04408.bin.4.231	96084	MQ
MFD04428.bin.2.124	1626204	MQ
MFD04492.bin.2.126	164654	MQ
MFD04492.bin.2.141	153005	MQ
MFD04492.bin.2.160	442140	MQ
MFD04492.bin.2.19	45668	MQ
MFD04492.bin.2.23	31137	MQ
MFD04492.bin.2.24	53136	MQ
MFD04492.bin.2.30	70250	MQ
MFD04492.bin.2.48	2739868	MQ
MFD04492.bin.2.72	263878	MQ
MFD04492.bin.2.77	68128	MQ
MFD04492.bin.4.157	204093	MQ
MFD04492.bin.4.65	539350	MQ
MFD04716.bin.2.147	906198	MQ
MFD04716.bin.2.156	499195	MQ
MFD04716.bin.2.158	646454	MQ
MFD04716.bin.2.164	306793	MQ
MFD04716.bin.2.169	351115	MQ
MFD04716.bin.2.227	455485	MQ
MFD04716.bin.2.283	212518	MQ
MFD04716.bin.2.55	608763	MQ
MFD04716.bin.3.303	109819	MQ
MFD04716.bin.3.572	102328	MQ
MFD04752.bin.1.72	461396	MQ
MFD04752.bin.2.124	14015	MQ
MFD04780.bin.2.14	242177	MQ
MFD04780.bin.2.174	120817	MQ
MFD04780.bin.2.2	659142	MQ
MFD04780.bin.2.43	423000	MQ
MFD04780.bin.2.92	224293	MQ
MFD04780.bin.2.98	36899	MQ
MFD04850.bin.2.231	178319	MQ
MFD04926.bin.2.4	6498	MQ
MFD04935.bin.2.64	100794	MQ
MFD05088.bin.2.12	392367	MQ
MFD05176.bin.2.146	185741	MQ
MFD05176.bin.3.288	143192	MQ
MFD05377.bin.2.136	1059097	MQ
MFD05377.bin.2.16	348451	MQ
MFD05377.bin.2.168	326895	MQ
MFD05377.bin.2.74	75160	MQ
MFD05502.bin.2.123	914864	MQ
MFD05512.bin.2.17	373898	MQ
MFD05512.bin.2.3	735287	MQ
MFD05512.bin.2.38	1165901	MQ
MFD05512.bin.2.41	1048676	MQ
MFD05512.bin.2.90	323975	MQ
MFD05580.bin.1.37	776853	MQ
MFD05580.bin.2.18	1808284	MQ
MFD05674.bin.2.10	55804	MQ
MFD05674.bin.2.11	53088	MQ
MFD05674.bin.2.15	53786	MQ
MFD05674.bin.2.158	149111	MQ
MFD05674.bin.2.161	181996	MQ
MFD05674.bin.2.193	230700	MQ
MFD05674.bin.2.42	408934	MQ
MFD05674.bin.2.44	95779	MQ
MFD05674.bin.2.77	464732	MQ
MFD05674.bin.2.79	143805	MQ
MFD05674.bin.2.86	156695	MQ
MFD05684.bin.2.278	280035	MQ
MFD05942.bin.1.294	111517	MQ
MFD05942.bin.1.303	165744	MQ
MFD05942.bin.2.186	136150	MQ
MFD05942.bin.2.190	475701	MQ
MFD05942.bin.2.191	139910	MQ
MFD05942.bin.2.192	246254	MQ
MFD05942.bin.2.194	164846	MQ
MFD05942.bin.2.195	587194	MQ
MFD05942.bin.2.196	212679	MQ
MFD05942.bin.2.200	395174	MQ
MFD05942.bin.2.205	123818	MQ
MFD05942.bin.2.208	136580	MQ
MFD05942.bin.2.268	72965	MQ
MFD05942.bin.2.335	46494	MQ
MFD05942.bin.2.357	185662	MQ
MFD05942.bin.2.360	243189	MQ
MFD05942.bin.2.57	302159	MQ
MFD05942.bin.3.28	176454	MQ
MFD05942.bin.3.281	724752	MQ
MFD06085.bin.2.65	275573	MQ
MFD06435.bin.2.17	117298	MQ
MFD06435.bin.2.182	900723	MQ
MFD06435.bin.2.96	167012	MQ
MFD06435.bin.4.368	416872	MQ
MFD07386.bin.2.15	34596	MQ
MFD07691.bin.2.1	42806	MQ
MFD08203.bin.3.40	28233	MQ
MFD08416.bin.2.20	205768	MQ
MFD08497.bin.2.116	72859	MQ
MFD08497.bin.2.47	215830	MQ
MFD08497.bin.2.50	152637	MQ
MFD08497.bin.2.97	105870	MQ
MFD08669.bin.2.10	38966	MQ
MFD08669.bin.2.99	130879	MQ
MFD08691.bin.2.6	95472	MQ
MFD08700.bin.2.2	44129	MQ
MFD08700.bin.2.37	13903	MQ
MFD09055.bin.2.18	418403	MQ
MFD09126.bin.2.22	1825495	MQ
MFD09126.bin.2.23	135930	MQ
MFD09206.bin.2.90	145115	MQ
MFD09222.bin.2.129	214583	MQ
MFD09222.bin.2.134	198599	MQ
MFD09222.bin.2.15	154633	MQ
MFD09222.bin.2.157	317804	MQ
MFD09222.bin.2.158	349645	MQ
MFD09222.bin.2.161	216460	MQ
MFD09222.bin.2.162	1068446	MQ
MFD09222.bin.2.165	2056127	MQ
MFD09222.bin.2.168	1714801	MQ
MFD09222.bin.2.172	226950	MQ
MFD09222.bin.2.173	1751265	MQ
MFD09222.bin.2.175	613634	MQ
MFD09222.bin.2.20	656717	MQ
MFD09222.bin.2.31	594764	MQ
MFD09222.bin.2.58	942606	MQ
MFD09222.bin.2.62	1478529	MQ
MFD09222.bin.2.65	109502	MQ
MFD09222.bin.2.66	97763	MQ
MFD09222.bin.2.67	170834	MQ
MFD09222.bin.2.69	398320	MQ
MFD09222.bin.2.70	273097	MQ
MFD09267.bin.2.280	148908	MQ
MFD09267.bin.2.29	190095	MQ
MFD09267.bin.2.320	184142	MQ
MFD09267.bin.3.622	266800	MQ
MFD09286.bin.2.135	477187	MQ
MFD09286.bin.2.140	443052	MQ
MFD09286.bin.2.142	661278	MQ
MFD09286.bin.2.178	105673	MQ
MFD09495.bin.2.8	281564	MQ
MFD09567.bin.2.29	57199	MQ
MFD09779.bin.1.203	460034	MQ
MFD09779.bin.2.125	64260	MQ
MFD09779.bin.2.126	129312	MQ
MFD09779.bin.2.127	146326	MQ
MFD09779.bin.2.44	223102	MQ
MFD09848.bin.2.39	360099	MQ
MFD09964.bin.2.143	169285	MQ
MFD10007.bin.2.103	173343	MQ
MFD10007.bin.2.108	680141	MQ
MFD00008.bin.1.10	1047456	HQ
MFD00008.bin.1.116	567105	HQ
MFD00008.bin.1.117	4227881	HQ
MFD00008.bin.1.121	1000301	HQ
MFD00008.bin.1.123	4864187	HQ
MFD00008.bin.1.128	187332	HQ
MFD00008.bin.1.129	565803	HQ
MFD00008.bin.1.132	2862869	HQ
MFD00008.bin.1.139	773636	HQ
MFD00008.bin.1.15	1147877	HQ
MFD00008.bin.1.150	1630524	HQ
MFD00008.bin.1.161	242398	HQ
MFD00008.bin.1.168	529101	HQ
MFD00008.bin.1.197	784924	HQ
MFD00008.bin.1.21	1601607	HQ
MFD00008.bin.1.221	338036	HQ
MFD00008.bin.1.228	1783088	HQ
MFD00008.bin.1.30	1085927	HQ
MFD00008.bin.1.45	353809	HQ
MFD00008.bin.1.47	561920	HQ
MFD00008.bin.1.5	3121378	HQ
MFD00008.bin.1.51	2391133	HQ
MFD00008.bin.1.63	3878339	HQ
MFD00008.bin.1.84	390298	HQ
MFD00008.bin.1.87	219197	HQ
MFD00008.bin.1.9	886170	HQ
MFD00008.bin.2.10	582055	HQ
MFD00008.bin.2.100	1185399	HQ
MFD00008.bin.2.180	1571525	HQ
MFD00008.bin.2.87	306612	HQ
MFD00008.bin.3.241	2250663	HQ
MFD00031.bin.1.1	304508	HQ
MFD00031.bin.1.107	539782	HQ
MFD00031.bin.1.108	522062	HQ
MFD00031.bin.1.111	246757	HQ
MFD00031.bin.1.117	480969	HQ
MFD00031.bin.1.165	1184497	HQ
MFD00031.bin.1.167	699430	HQ
MFD00031.bin.1.169	857403	HQ
MFD00031.bin.1.177	910535	HQ
MFD00031.bin.1.178	373170	HQ
MFD00031.bin.1.180	658634	HQ
MFD00031.bin.1.196	1890473	HQ
MFD00031.bin.1.201	1099763	HQ
MFD00031.bin.1.208	1044555	HQ
MFD00031.bin.1.29	396662	HQ
MFD00031.bin.1.47	899987	HQ
MFD00031.bin.1.56	431988	HQ
MFD00031.bin.1.58	949429	HQ
MFD00031.bin.1.66	536278	HQ
MFD00031.bin.1.8	176320	HQ
MFD00031.bin.1.92	476441	HQ
MFD00031.bin.2.81	594446	HQ
MFD00032.bin.1.110	408937	HQ
MFD00032.bin.1.124	131938	HQ
MFD00032.bin.1.138	230893	HQ
MFD00032.bin.1.140	270555	HQ
MFD00032.bin.1.149	274222	HQ
MFD00032.bin.1.150	228148	HQ
MFD00032.bin.1.156	271415	HQ
MFD00032.bin.1.157	314256	HQ
MFD00032.bin.1.166	279407	HQ
MFD00032.bin.1.190	856507	HQ
MFD00032.bin.1.201	916539	HQ
MFD00032.bin.1.211	563664	HQ
MFD00032.bin.1.221	437077	HQ
MFD00032.bin.1.232	2890125	HQ
MFD00032.bin.1.235	2278901	HQ
MFD00032.bin.1.256	426948	HQ
MFD00032.bin.1.257	613086	HQ
MFD00032.bin.1.264	560282	HQ
MFD00032.bin.1.267	1591289	HQ
MFD00032.bin.1.44	680702	HQ
MFD00032.bin.1.47	2265288	HQ
MFD00032.bin.1.60	1597911	HQ
MFD00032.bin.1.63	607149	HQ
MFD00032.bin.1.65	322844	HQ
MFD00032.bin.1.71	644183	HQ
MFD00032.bin.1.77	316743	HQ
MFD00032.bin.1.80	633122	HQ
MFD00032.bin.1.90	429472	HQ
MFD00032.bin.2.184	669940	HQ
MFD00032.bin.2.79	205011	HQ
MFD00032.bin.2.89	403336	HQ
MFD00032.bin.3.528	281549	HQ
MFD00072.bin.1.109	377642	HQ
MFD00072.bin.1.11	393491	HQ
MFD00072.bin.1.52	238311	HQ
MFD00082.bin.1.10	1040038	HQ
MFD00082.bin.1.12	373356	HQ
MFD00082.bin.1.126	1643721	HQ
MFD00082.bin.1.127	666319	HQ
MFD00082.bin.1.133	1107422	HQ
MFD00082.bin.1.138	787994	HQ
MFD00082.bin.1.143	1469573	HQ
MFD00082.bin.1.144	636530	HQ
MFD00082.bin.1.148	1291322	HQ
MFD00082.bin.1.149	1355192	HQ
MFD00082.bin.1.153	858224	HQ
MFD00082.bin.1.156	1108744	HQ
MFD00082.bin.1.161	494034	HQ
MFD00082.bin.1.163	549080	HQ
MFD00082.bin.1.166	3340551	HQ
MFD00082.bin.1.17	364708	HQ
MFD00082.bin.1.18	3904876	HQ
MFD00082.bin.1.2	3775581	HQ
MFD00082.bin.1.20	2519072	HQ
MFD00082.bin.1.22	3277904	HQ
MFD00082.bin.1.23	3298190	HQ
MFD00082.bin.1.24	1891956	HQ
MFD00082.bin.1.38	1637181	HQ
MFD00082.bin.1.40	268717	HQ
MFD00082.bin.1.80	1171704	HQ
MFD00082.bin.1.82	514302	HQ
MFD00082.bin.1.92	294801	HQ
MFD00082.bin.2.118	1115080	HQ
MFD00082.bin.3.91	87220	HQ
MFD00125.bin.1.38	2724998	HQ
MFD00125.bin.1.39	805101	HQ
MFD00125.bin.1.5	1350627	HQ
MFD00125.bin.1.99	1158063	HQ
MFD00125.bin.2.11	351188	HQ
MFD00125.bin.2.26	189567	HQ
MFD00392.bin.1.1	2325887	HQ
MFD00392.bin.1.14	546716	HQ
MFD00392.bin.1.141	518215	HQ
MFD00392.bin.1.17	649367	HQ
MFD00392.bin.1.247	251739	HQ
MFD00392.bin.1.285	1916370	HQ
MFD00392.bin.1.297	399776	HQ
MFD00392.bin.1.3	1722325	HQ
MFD00392.bin.1.301	381779	HQ
MFD00392.bin.1.305	766898	HQ
MFD00392.bin.1.317	360779	HQ
MFD00392.bin.1.331	435994	HQ
MFD00392.bin.1.337	923906	HQ
MFD00392.bin.1.345	684099	HQ
MFD00392.bin.1.354	4635829	HQ
MFD00392.bin.1.367	307148	HQ
MFD00392.bin.1.375	226187	HQ
MFD00392.bin.1.411	735787	HQ
MFD00392.bin.1.415	1058215	HQ
MFD00392.bin.1.422	427864	HQ
MFD00392.bin.1.427	322834	HQ
MFD00392.bin.1.69	986480	HQ
MFD00392.bin.1.82	653684	HQ
MFD00392.bin.1.91	1136030	HQ
MFD00392.bin.2.172	532763	HQ
MFD00392.bin.2.54	310602	HQ
MFD00392.bin.2.84	122865	HQ
MFD00392.bin.3.201	144538	HQ
MFD00392.bin.3.577	551221	HQ
MFD00709.bin.1.19	509078	HQ
MFD00709.bin.1.205	435259	HQ
MFD00709.bin.1.229	683768	HQ
MFD00709.bin.1.50	311559	HQ
MFD00709.bin.1.57	1726212	HQ
MFD00709.bin.1.68	119559	HQ
MFD00709.bin.2.76	496226	HQ
MFD00731.bin.1.11	2065893	HQ
MFD00731.bin.1.113	2962893	HQ
MFD00731.bin.1.138	232487	HQ
MFD00731.bin.1.142	735475	HQ
MFD00731.bin.1.159	6633477	HQ
MFD00731.bin.1.162	836991	HQ
MFD00731.bin.1.164	472462	HQ
MFD00731.bin.1.165	638106	HQ
MFD00731.bin.1.166	705293	HQ
MFD00731.bin.1.167	898821	HQ
MFD00731.bin.1.188	490864	HQ
MFD00731.bin.1.195	602205	HQ
MFD00731.bin.1.198	686068	HQ
MFD00731.bin.1.199	663548	HQ
MFD00731.bin.1.2	3730372	HQ
MFD00731.bin.1.201	184639	HQ
MFD00731.bin.1.202	445059	HQ
MFD00731.bin.1.206	866452	HQ
MFD00731.bin.1.211	609377	HQ
MFD00731.bin.1.212	582977	HQ
MFD00731.bin.1.214	553106	HQ
MFD00731.bin.1.217	952754	HQ
MFD00731.bin.1.218	196109	HQ
MFD00731.bin.1.220	1574313	HQ
MFD00731.bin.1.223	401513	HQ
MFD00731.bin.1.225	703743	HQ
MFD00731.bin.1.228	208977	HQ
MFD00731.bin.1.235	353623	HQ
MFD00731.bin.1.245	1328540	HQ
MFD00731.bin.1.248	2175898	HQ
MFD00731.bin.1.258	559072	HQ
MFD00731.bin.1.270	2989280	HQ
MFD00731.bin.1.272	1175135	HQ
MFD00731.bin.1.279	2311542	HQ
MFD00731.bin.1.28	458567	HQ
MFD00731.bin.1.32	4788720	HQ
MFD00731.bin.1.33	573886	HQ
MFD00731.bin.1.5	3927877	HQ
MFD00731.bin.1.64	703996	HQ
MFD00731.bin.1.74	314411	HQ
MFD00731.bin.2.106	1367409	HQ
MFD00731.bin.2.122	410343	HQ
MFD00731.bin.2.189	1267203	HQ
MFD00731.bin.2.52	173789	HQ
MFD00731.bin.2.71	2270997	HQ
MFD00731.bin.3.104	481411	HQ
MFD00731.bin.3.147	369584	HQ
MFD00731.bin.3.26	1151044	HQ
MFD00731.bin.3.48	173460	HQ
MFD00731.bin.3.65	723511	HQ
MFD00731.bin.3.67	1853862	HQ
MFD00822.bin.1.1	2284794	HQ
MFD00822.bin.1.10	620451	HQ
MFD00822.bin.1.116	2952554	HQ
MFD00822.bin.1.131	1576398	HQ
MFD00822.bin.1.141	321484	HQ
MFD00822.bin.1.145	2962046	HQ
MFD00822.bin.1.151	2773324	HQ
MFD00822.bin.1.152	117814	HQ
MFD00822.bin.1.156	845475	HQ
MFD00822.bin.1.167	480076	HQ
MFD00822.bin.1.182	319436	HQ
MFD00822.bin.1.183	880452	HQ
MFD00822.bin.1.185	859962	HQ
MFD00822.bin.1.197	378367	HQ
MFD00822.bin.1.199	1242719	HQ
MFD00822.bin.1.206	528090	HQ
MFD00822.bin.1.211	3809913	HQ
MFD00822.bin.1.215	4327592	HQ
MFD00822.bin.1.216	1283991	HQ
MFD00822.bin.1.227	1164462	HQ
MFD00822.bin.1.230	262404	HQ
MFD00822.bin.1.231	1259670	HQ
MFD00822.bin.1.232	863327	HQ
MFD00822.bin.1.237	673704	HQ
MFD00822.bin.1.245	745779	HQ
MFD00822.bin.1.250	1801076	HQ
MFD00822.bin.1.253	3658989	HQ
MFD00822.bin.1.254	2873026	HQ
MFD00822.bin.1.257	669229	HQ
MFD00822.bin.1.29	1272521	HQ
MFD00822.bin.1.39	317196	HQ
MFD00822.bin.1.4	381145	HQ
MFD00822.bin.1.42	480778	HQ
MFD00822.bin.1.61	769453	HQ
MFD00822.bin.1.63	659065	HQ
MFD00822.bin.1.66	355395	HQ
MFD00822.bin.1.72	317676	HQ
MFD00822.bin.1.74	2401461	HQ
MFD00822.bin.1.75	2233577	HQ
MFD00822.bin.1.76	1555167	HQ
MFD00822.bin.1.79	167637	HQ
MFD00822.bin.1.85	3226042	HQ
MFD00822.bin.1.89	397340	HQ
MFD00822.bin.1.91	1384924	HQ
MFD00822.bin.2.133	180757	HQ
MFD00822.bin.2.80	779662	HQ
MFD00822.bin.2.98	320685	HQ
MFD00822.bin.3.161	822053	HQ
MFD00905.bin.1.120	864561	HQ
MFD00905.bin.1.128	439259	HQ
MFD00905.bin.1.144	658294	HQ
MFD00905.bin.1.160	438816	HQ
MFD00905.bin.1.196	596316	HQ
MFD00905.bin.1.20	3859400	HQ
MFD00905.bin.1.203	3451651	HQ
MFD00905.bin.1.230	1120072	HQ
MFD00905.bin.1.232	725200	HQ
MFD00905.bin.1.253	1353195	HQ
MFD00905.bin.1.257	822365	HQ
MFD00905.bin.1.260	314152	HQ
MFD00905.bin.1.267	573657	HQ
MFD00905.bin.1.35	1188223	HQ
MFD00905.bin.1.36	2522402	HQ
MFD00905.bin.1.42	710084	HQ
MFD00905.bin.1.44	858488	HQ
MFD00905.bin.1.53	530121	HQ
MFD00905.bin.1.54	5351130	HQ
MFD00905.bin.1.6	2100303	HQ
MFD00905.bin.1.61	1173991	HQ
MFD00905.bin.1.63	679959	HQ
MFD00905.bin.1.69	1276713	HQ
MFD00905.bin.1.72	163082	HQ
MFD00905.bin.1.76	277785	HQ
MFD00905.bin.1.81	218934	HQ
MFD00905.bin.1.96	417418	HQ
MFD00905.bin.2.117	113808	HQ
MFD00905.bin.2.211	347313	HQ
MFD00905.bin.2.66	236574	HQ
MFD00905.bin.3.301	641752	HQ
MFD00962.bin.1.10	516106	HQ
MFD00962.bin.1.108	2153350	HQ
MFD00962.bin.1.127	326622	HQ
MFD00962.bin.1.147	447296	HQ
MFD00962.bin.1.162	671510	HQ
MFD00962.bin.1.19	2855788	HQ
MFD00962.bin.1.200	159007	HQ
MFD00962.bin.1.206	265763	HQ
MFD00962.bin.1.253	166327	HQ
MFD00962.bin.1.284	384990	HQ
MFD00962.bin.1.289	726138	HQ
MFD00962.bin.1.295	509323	HQ
MFD00962.bin.1.31	1744085	HQ
MFD00962.bin.1.317	289857	HQ
MFD00962.bin.1.324	145163	HQ
MFD00962.bin.1.329	260095	HQ
MFD00962.bin.1.43	269533	HQ
MFD00962.bin.1.54	333083	HQ
MFD00962.bin.1.65	228506	HQ
MFD00962.bin.1.69	459591	HQ
MFD00962.bin.1.7	207396	HQ
MFD00962.bin.1.9	628970	HQ
MFD00962.bin.1.94	205648	HQ
MFD00962.bin.2.1	598663	HQ
MFD00962.bin.2.139	163961	HQ
MFD00962.bin.2.146	101579	HQ
MFD00962.bin.2.180	692989	HQ
MFD00962.bin.2.24	231917	HQ
MFD00962.bin.2.37	723419	HQ
MFD00962.bin.2.52	206102	HQ
MFD00962.bin.2.81	211369	HQ
MFD00964.bin.1.103	585288	HQ
MFD00964.bin.1.13	496747	HQ
MFD00964.bin.1.131	777869	HQ
MFD00964.bin.1.138	2626715	HQ
MFD00964.bin.1.159	1262072	HQ
MFD00964.bin.1.16	2910053	HQ
MFD00964.bin.1.163	844069	HQ
MFD00964.bin.1.185	864872	HQ
MFD00964.bin.1.196	5040315	HQ
MFD00964.bin.1.198	946318	HQ
MFD00964.bin.1.217	1159959	HQ
MFD00964.bin.1.235	1550903	HQ
MFD00964.bin.1.243	261377	HQ
MFD00964.bin.1.245	548068	HQ
MFD00964.bin.1.252	1318983	HQ
MFD00964.bin.1.254	298776	HQ
MFD00964.bin.1.257	201975	HQ
MFD00964.bin.1.268	839042	HQ
MFD00964.bin.1.271	708040	HQ
MFD00964.bin.1.274	552941	HQ
MFD00964.bin.1.275	1166394	HQ
MFD00964.bin.1.287	531672	HQ
MFD00964.bin.1.294	617375	HQ
MFD00964.bin.1.303	377005	HQ
MFD00964.bin.1.307	2092702	HQ
MFD00964.bin.1.317	554339	HQ
MFD00964.bin.1.323	758353	HQ
MFD00964.bin.1.43	680785	HQ
MFD00964.bin.1.44	770938	HQ
MFD00964.bin.1.50	2585610	HQ
MFD00964.bin.1.57	1035043	HQ
MFD00964.bin.1.67	2749641	HQ
MFD00964.bin.1.68	2867333	HQ
MFD00964.bin.1.7	2112169	HQ
MFD00964.bin.1.74	5832828	HQ
MFD00964.bin.2.116	1069072	HQ
MFD00964.bin.2.215	730403	HQ
MFD00964.bin.2.52	246073	HQ
MFD00964.bin.2.61	1019117	HQ
MFD00991.bin.1.132	724614	HQ
MFD00991.bin.1.137	351069	HQ
MFD00991.bin.1.150	1248738	HQ
MFD00991.bin.1.2	172413	HQ
MFD00991.bin.1.29	325381	HQ
MFD00991.bin.1.80	1003758	HQ
MFD00991.bin.1.91	238904	HQ
MFD00991.bin.2.63	825579	HQ
MFD01112.bin.1.17	2460995	HQ
MFD01112.bin.1.26	523278	HQ
MFD01112.bin.1.38	487790	HQ
MFD01112.bin.1.68	424984	HQ
MFD01112.bin.1.69	334138	HQ
MFD01138.bin.1.135	697930	HQ
MFD01138.bin.1.144	1305552	HQ
MFD01138.bin.1.15	3849788	HQ
MFD01138.bin.1.150	1344337	HQ
MFD01138.bin.1.16	4290878	HQ
MFD01138.bin.1.18	2972112	HQ
MFD01138.bin.1.24	1123761	HQ
MFD01138.bin.1.30	294299	HQ
MFD01138.bin.1.34	1271895	HQ
MFD01138.bin.1.37	1509155	HQ
MFD01138.bin.1.4	3598095	HQ
MFD01138.bin.1.47	394669	HQ
MFD01138.bin.1.5	1856561	HQ
MFD01138.bin.1.51	963421	HQ
MFD01138.bin.1.8	217145	HQ
MFD01138.bin.1.83	497725	HQ
MFD01138.bin.1.84	298996	HQ
MFD01138.bin.1.9	351826	HQ
MFD01138.bin.1.98	417519	HQ
MFD01138.bin.3.178	832048	HQ
MFD01138.bin.3.205	589279	HQ
MFD01188.bin.1.141	292461	HQ
MFD01188.bin.1.19	1758355	HQ
MFD01188.bin.1.39	2093975	HQ
MFD01188.bin.1.43	331635	HQ
MFD01188.bin.1.44	1482134	HQ
MFD01188.bin.1.46	3732657	HQ
MFD01188.bin.1.50	1828420	HQ
MFD01188.bin.1.51	1092182	HQ
MFD01188.bin.1.69	242707	HQ
MFD01188.bin.1.7	779183	HQ
MFD01188.bin.2.63	65357	HQ
MFD01213.bin.1.109	2485255	HQ
MFD01213.bin.1.111	1648858	HQ
MFD01213.bin.1.132	727559	HQ
MFD01213.bin.1.136	4323405	HQ
MFD01213.bin.1.143	829741	HQ
MFD01213.bin.1.162	4268965	HQ
MFD01213.bin.1.169	741162	HQ
MFD01213.bin.1.173	2144494	HQ
MFD01213.bin.1.175	1527375	HQ
MFD01213.bin.1.178	2376213	HQ
MFD01213.bin.1.187	634446	HQ
MFD01213.bin.1.189	267895	HQ
MFD01213.bin.1.190	2998713	HQ
MFD01213.bin.1.21	3525767	HQ
MFD01213.bin.1.210	921900	HQ
MFD01213.bin.1.215	411172	HQ
MFD01213.bin.1.234	787922	HQ
MFD01213.bin.1.238	1037753	HQ
MFD01213.bin.1.239	1071726	HQ
MFD01213.bin.1.241	2250990	HQ
MFD01213.bin.1.36	3780704	HQ
MFD01213.bin.1.41	818365	HQ
MFD01213.bin.1.42	3464281	HQ
MFD01213.bin.1.46	1063872	HQ
MFD01213.bin.1.50	1087533	HQ
MFD01213.bin.1.53	710414	HQ
MFD01213.bin.1.65	496930	HQ
MFD01213.bin.1.88	1045393	HQ
MFD01213.bin.1.9	2733829	HQ
MFD01213.bin.1.93	1310948	HQ
MFD01213.bin.2.184	4220542	HQ
MFD01213.bin.3.418	489960	HQ
MFD01223.bin.1.112	332811	HQ
MFD01223.bin.1.113	391111	HQ
MFD01223.bin.1.12	46117	HQ
MFD01223.bin.1.133	1446160	HQ
MFD01223.bin.1.14	3979865	HQ
MFD01223.bin.1.23	993452	HQ
MFD01223.bin.1.26	432723	HQ
MFD01223.bin.1.30	1022918	HQ
MFD01223.bin.1.34	321506	HQ
MFD01223.bin.1.4	3064136	HQ
MFD01223.bin.1.54	689498	HQ
MFD01223.bin.1.57	115099	HQ
MFD01223.bin.1.59	235692	HQ
MFD01223.bin.1.73	726381	HQ
MFD01223.bin.1.8	469809	HQ
MFD01223.bin.1.83	1487887	HQ
MFD01223.bin.1.97	220169	HQ
MFD01223.bin.2.34	134723	HQ
MFD01223.bin.2.73	197139	HQ
MFD01231.bin.1.10	2067739	HQ
MFD01231.bin.1.102	999089	HQ
MFD01231.bin.1.11	995499	HQ
MFD01231.bin.1.14	295632	HQ
MFD01231.bin.1.21	284912	HQ
MFD01231.bin.1.29	1677069	HQ
MFD01231.bin.1.32	1132534	HQ
MFD01231.bin.1.33	543837	HQ
MFD01231.bin.1.34	402901	HQ
MFD01231.bin.1.36	1154328	HQ
MFD01231.bin.1.4	933552	HQ
MFD01231.bin.1.41	918340	HQ
MFD01231.bin.1.45	3822982	HQ
MFD01231.bin.1.48	2103992	HQ
MFD01231.bin.1.54	1161880	HQ
MFD01231.bin.1.59	166551	HQ
MFD01231.bin.1.77	666285	HQ
MFD01231.bin.1.87	2089375	HQ
MFD01231.bin.1.95	2380539	HQ
MFD01231.bin.1.98	4688629	HQ
MFD01231.bin.1.99	460820	HQ
MFD01248.bin.1.104	1022339	HQ
MFD01248.bin.1.11	332981	HQ
MFD01248.bin.1.15	142265	HQ
MFD01248.bin.1.16	124700	HQ
MFD01248.bin.1.17	272617	HQ
MFD01248.bin.1.21	1570405	HQ
MFD01248.bin.1.23	184061	HQ
MFD01248.bin.1.25	241908	HQ
MFD01248.bin.1.34	227013	HQ
MFD01248.bin.1.36	183147	HQ
MFD01248.bin.1.4	1406220	HQ
MFD01248.bin.1.41	551706	HQ
MFD01248.bin.1.5	215210	HQ
MFD01248.bin.1.68	837763	HQ
MFD01248.bin.1.77	2153187	HQ
MFD01248.bin.1.83	374920	HQ
MFD01248.bin.1.85	1047215	HQ
MFD01248.bin.1.88	801133	HQ
MFD01248.bin.1.9	3199827	HQ
MFD01248.bin.1.94	356829	HQ
MFD01275.bin.1.1	2893915	HQ
MFD01275.bin.1.11	1482052	HQ
MFD01275.bin.1.111	931309	HQ
MFD01275.bin.1.121	565938	HQ
MFD01275.bin.1.124	1123424	HQ
MFD01275.bin.1.13	3510991	HQ
MFD01275.bin.1.139	610691	HQ
MFD01275.bin.1.162	1046416	HQ
MFD01275.bin.1.17	1875607	HQ
MFD01275.bin.1.171	383336	HQ
MFD01275.bin.1.173	3166134	HQ
MFD01275.bin.1.178	1648833	HQ
MFD01275.bin.1.180	273358	HQ
MFD01275.bin.1.183	263079	HQ
MFD01275.bin.1.187	1092179	HQ
MFD01275.bin.1.188	808220	HQ
MFD01275.bin.1.189	428686	HQ
MFD01275.bin.1.196	1862755	HQ
MFD01275.bin.1.198	380095	HQ
MFD01275.bin.1.204	4433247	HQ
MFD01275.bin.1.206	871937	HQ
MFD01275.bin.1.213	910795	HQ
MFD01275.bin.1.224	395510	HQ
MFD01275.bin.1.228	168215	HQ
MFD01275.bin.1.240	2612304	HQ
MFD01275.bin.1.242	859785	HQ
MFD01275.bin.1.243	956177	HQ
MFD01275.bin.1.247	822285	HQ
MFD01275.bin.1.248	3726184	HQ
MFD01275.bin.1.25	1636636	HQ
MFD01275.bin.1.251	507851	HQ
MFD01275.bin.1.254	2679859	HQ
MFD01275.bin.1.257	280264	HQ
MFD01275.bin.1.258	2926200	HQ
MFD01275.bin.1.259	588714	HQ
MFD01275.bin.1.26	2852951	HQ
MFD01275.bin.1.263	384240	HQ
MFD01275.bin.1.267	2947186	HQ
MFD01275.bin.1.271	3016588	HQ
MFD01275.bin.1.272	1057877	HQ
MFD01275.bin.1.276	844137	HQ
MFD01275.bin.1.277	1003205	HQ
MFD01275.bin.1.283	2433845	HQ
MFD01275.bin.1.285	1027010	HQ
MFD01275.bin.1.41	986284	HQ
MFD01275.bin.1.42	3411546	HQ
MFD01275.bin.1.44	805434	HQ
MFD01275.bin.1.45	879332	HQ
MFD01275.bin.1.46	1410113	HQ
MFD01275.bin.1.48	4156129	HQ
MFD01275.bin.1.5	444453	HQ
MFD01275.bin.1.55	851397	HQ
MFD01275.bin.1.56	2975869	HQ
MFD01275.bin.1.63	2996101	HQ
MFD01275.bin.1.67	2073304	HQ
MFD01275.bin.1.7	1908423	HQ
MFD01275.bin.1.70	1474222	HQ
MFD01275.bin.1.71	1043191	HQ
MFD01275.bin.1.74	5656392	HQ
MFD01275.bin.1.75	1148686	HQ
MFD01275.bin.1.76	2891444	HQ
MFD01275.bin.1.77	594792	HQ
MFD01275.bin.1.78	2622034	HQ
MFD01275.bin.1.85	2879235	HQ
MFD01275.bin.1.87	2479855	HQ
MFD01275.bin.1.89	720390	HQ
MFD01275.bin.1.9	2063634	HQ
MFD01275.bin.1.92	1566957	HQ
MFD01275.bin.1.95	405478	HQ
MFD01275.bin.2.172	463357	HQ
MFD01275.bin.2.29	285430	HQ
MFD01275.bin.3.10	349416	HQ
MFD01275.bin.3.366	252931	HQ
MFD01275.bin.3.42	333793	HQ
MFD01299.bin.1.116	86306	HQ
MFD01299.bin.1.126	1403234	HQ
MFD01299.bin.1.127	1512218	HQ
MFD01299.bin.1.132	531544	HQ
MFD01299.bin.1.141	254409	HQ
MFD01299.bin.1.15	1087021	HQ
MFD01299.bin.1.174	2510915	HQ
MFD01299.bin.1.182	1861721	HQ
MFD01299.bin.1.187	476452	HQ
MFD01299.bin.1.190	1053451	HQ
MFD01299.bin.1.197	350472	HQ
MFD01299.bin.1.204	277185	HQ
MFD01299.bin.1.229	1280467	HQ
MFD01299.bin.1.23	904606	HQ
MFD01299.bin.1.237	1239244	HQ
MFD01299.bin.1.238	161362	HQ
MFD01299.bin.1.239	239168	HQ
MFD01299.bin.1.245	1547165	HQ
MFD01299.bin.1.246	254399	HQ
MFD01299.bin.1.39	2059229	HQ
MFD01299.bin.1.47	647416	HQ
MFD01299.bin.1.55	382917	HQ
MFD01299.bin.1.58	1547672	HQ
MFD01299.bin.1.7	253980	HQ
MFD01299.bin.1.79	2283752	HQ
MFD01299.bin.1.98	672300	HQ
MFD01299.bin.2.17	189469	HQ
MFD01299.bin.2.24	1203477	HQ
MFD01299.bin.2.91	335898	HQ
MFD01476.bin.1.124	1291877	HQ
MFD01476.bin.1.131	1469938	HQ
MFD01476.bin.1.135	662307	HQ
MFD01476.bin.1.136	891376	HQ
MFD01476.bin.1.137	808799	HQ
MFD01476.bin.1.140	1118694	HQ
MFD01476.bin.1.143	184959	HQ
MFD01476.bin.1.148	2228293	HQ
MFD01476.bin.1.149	513214	HQ
MFD01476.bin.1.15	264505	HQ
MFD01476.bin.1.150	1141615	HQ
MFD01476.bin.1.151	1380231	HQ
MFD01476.bin.1.152	395566	HQ
MFD01476.bin.1.154	598137	HQ
MFD01476.bin.1.163	224058	HQ
MFD01476.bin.1.164	638646	HQ
MFD01476.bin.1.169	965899	HQ
MFD01476.bin.1.182	955599	HQ
MFD01476.bin.1.183	730982	HQ
MFD01476.bin.1.191	776857	HQ
MFD01476.bin.1.197	633469	HQ
MFD01476.bin.1.209	196464	HQ
MFD01476.bin.1.210	310893	HQ
MFD01476.bin.1.214	241652	HQ
MFD01476.bin.1.216	637742	HQ
MFD01476.bin.1.22	5337484	HQ
MFD01476.bin.1.224	1091406	HQ
MFD01476.bin.1.226	835564	HQ
MFD01476.bin.1.234	1736176	HQ
MFD01476.bin.1.246	1195143	HQ
MFD01476.bin.1.25	115134	HQ
MFD01476.bin.1.32	3603319	HQ
MFD01476.bin.1.33	1513409	HQ
MFD01476.bin.1.4	633769	HQ
MFD01476.bin.1.56	5249395	HQ
MFD01476.bin.1.65	2461326	HQ
MFD01476.bin.1.72	751017	HQ
MFD01476.bin.1.74	2914874	HQ
MFD01476.bin.1.81	3518113	HQ
MFD01476.bin.1.82	300754	HQ
MFD01476.bin.1.83	1856431	HQ
MFD01476.bin.1.95	679204	HQ
MFD01476.bin.1.98	551795	HQ
MFD01476.bin.2.37	562361	HQ
MFD01561.bin.1.13	352121	HQ
MFD01561.bin.1.20	508088	HQ
MFD01561.bin.1.3	386607	HQ
MFD01561.bin.1.78	296993	HQ
MFD01561.bin.2.89	347798	HQ
MFD01561.bin.3.249	149811	HQ
MFD01633.bin.1.119	359550	HQ
MFD01633.bin.1.131	1302740	HQ
MFD01633.bin.1.170	482040	HQ
MFD01633.bin.1.176	250393	HQ
MFD01633.bin.1.196	411347	HQ
MFD01633.bin.1.201	493631	HQ
MFD01633.bin.1.206	284509	HQ
MFD01633.bin.1.212	538376	HQ
MFD01633.bin.1.213	600117	HQ
MFD01633.bin.1.223	378254	HQ
MFD01633.bin.1.224	736713	HQ
MFD01633.bin.1.225	370718	HQ
MFD01633.bin.1.226	610959	HQ
MFD01633.bin.1.230	2698795	HQ
MFD01633.bin.1.241	444561	HQ
MFD01633.bin.1.28	340221	HQ
MFD01633.bin.1.32	292306	HQ
MFD01633.bin.1.33	348050	HQ
MFD01633.bin.1.46	436317	HQ
MFD01689.bin.1.1	2922298	HQ
MFD01689.bin.1.101	529643	HQ
MFD01689.bin.1.102	390487	HQ
MFD01689.bin.1.106	192259	HQ
MFD01689.bin.1.110	254737	HQ
MFD01689.bin.1.114	2775159	HQ
MFD01689.bin.1.12	801017	HQ
MFD01689.bin.1.120	310048	HQ
MFD01689.bin.1.19	1248677	HQ
MFD01689.bin.1.23	3389886	HQ
MFD01689.bin.1.32	4046401	HQ
MFD01689.bin.1.35	7634710	HQ
MFD01689.bin.1.40	1139478	HQ
MFD01689.bin.1.48	1305100	HQ
MFD01689.bin.1.5	318034	HQ
MFD01689.bin.1.50	948610	HQ
MFD01689.bin.1.51	839012	HQ
MFD01689.bin.1.60	182507	HQ
MFD01689.bin.1.61	494445	HQ
MFD01689.bin.1.7	1040114	HQ
MFD01689.bin.1.72	2979520	HQ
MFD01689.bin.1.76	2513026	HQ
MFD01689.bin.1.89	341537	HQ
MFD01689.bin.2.84	402455	HQ
MFD01716.bin.1.10	2201587	HQ
MFD01716.bin.1.112	796324	HQ
MFD01716.bin.1.115	962805	HQ
MFD01716.bin.1.117	913594	HQ
MFD01716.bin.1.118	550321	HQ
MFD01716.bin.1.125	2528822	HQ
MFD01716.bin.1.126	891550	HQ
MFD01716.bin.1.127	5241559	HQ
MFD01716.bin.1.129	497989	HQ
MFD01716.bin.1.135	1619242	HQ
MFD01716.bin.1.139	169581	HQ
MFD01716.bin.1.142	610938	HQ
MFD01716.bin.1.15	784036	HQ
MFD01716.bin.1.159	612053	HQ
MFD01716.bin.1.166	739828	HQ
MFD01716.bin.1.17	1060994	HQ
MFD01716.bin.1.171	2084523	HQ
MFD01716.bin.1.173	539711	HQ
MFD01716.bin.1.177	1029905	HQ
MFD01716.bin.1.181	496450	HQ
MFD01716.bin.1.185	3280573	HQ
MFD01716.bin.1.190	629823	HQ
MFD01716.bin.1.191	280649	HQ
MFD01716.bin.1.195	1209349	HQ
MFD01716.bin.1.196	490600	HQ
MFD01716.bin.1.202	1118085	HQ
MFD01716.bin.1.21	602019	HQ
MFD01716.bin.1.225	990049	HQ
MFD01716.bin.1.226	1297895	HQ
MFD01716.bin.1.229	987642	HQ
MFD01716.bin.1.23	3764199	HQ
MFD01716.bin.1.232	3550305	HQ
MFD01716.bin.1.24	674049	HQ
MFD01716.bin.1.31	1772813	HQ
MFD01716.bin.1.35	3215616	HQ
MFD01716.bin.1.49	815392	HQ
MFD01716.bin.1.5	1141885	HQ
MFD01716.bin.1.50	295469	HQ
MFD01716.bin.1.59	586973	HQ
MFD01716.bin.1.60	631054	HQ
MFD01716.bin.1.7	916342	HQ
MFD01716.bin.1.8	835943	HQ
MFD01716.bin.1.86	2348467	HQ
MFD01716.bin.1.99	1410177	HQ
MFD01716.bin.3.239	1154052	HQ
MFD01716.bin.3.307	175969	HQ
MFD01716.bin.3.4	1318849	HQ
MFD01721.bin.1.10	678763	HQ
MFD01721.bin.1.101	281546	HQ
MFD01721.bin.1.102	355540	HQ
MFD01721.bin.1.104	443208	HQ
MFD01721.bin.1.106	923595	HQ
MFD01721.bin.1.108	2531740	HQ
MFD01721.bin.1.11	487288	HQ
MFD01721.bin.1.113	692469	HQ
MFD01721.bin.1.114	1016357	HQ
MFD01721.bin.1.117	705304	HQ
MFD01721.bin.1.119	512629	HQ
MFD01721.bin.1.120	2080625	HQ
MFD01721.bin.1.121	495008	HQ
MFD01721.bin.1.123	586100	HQ
MFD01721.bin.1.124	2429122	HQ
MFD01721.bin.1.126	1213096	HQ
MFD01721.bin.1.127	998928	HQ
MFD01721.bin.1.128	417318	HQ
MFD01721.bin.1.13	3133461	HQ
MFD01721.bin.1.130	633853	HQ
MFD01721.bin.1.134	281902	HQ
MFD01721.bin.1.137	484228	HQ
MFD01721.bin.1.139	462169	HQ
MFD01721.bin.1.141	725969	HQ
MFD01721.bin.1.156	213586	HQ
MFD01721.bin.1.158	133280	HQ
MFD01721.bin.1.168	234650	HQ
MFD01721.bin.1.169	892488	HQ
MFD01721.bin.1.17	358742	HQ
MFD01721.bin.1.18	2454541	HQ
MFD01721.bin.1.192	1080904	HQ
MFD01721.bin.1.199	875797	HQ
MFD01721.bin.1.2	877589	HQ
MFD01721.bin.1.20	418598	HQ
MFD01721.bin.1.203	362344	HQ
MFD01721.bin.1.211	282365	HQ
MFD01721.bin.1.213	853611	HQ
MFD01721.bin.1.215	1299627	HQ
MFD01721.bin.1.219	576986	HQ
MFD01721.bin.1.220	1173696	HQ
MFD01721.bin.1.223	602119	HQ
MFD01721.bin.1.226	689332	HQ
MFD01721.bin.1.227	428708	HQ
MFD01721.bin.1.228	2276462	HQ
MFD01721.bin.1.229	341052	HQ
MFD01721.bin.1.23	1036770	HQ
MFD01721.bin.1.231	347666	HQ
MFD01721.bin.1.239	3075622	HQ
MFD01721.bin.1.240	655510	HQ
MFD01721.bin.1.242	1097957	HQ
MFD01721.bin.1.244	2287222	HQ
MFD01721.bin.1.246	1529136	HQ
MFD01721.bin.1.247	2640860	HQ
MFD01721.bin.1.248	2405465	HQ
MFD01721.bin.1.25	507399	HQ
MFD01721.bin.1.252	412902	HQ
MFD01721.bin.1.253	437919	HQ
MFD01721.bin.1.254	436342	HQ
MFD01721.bin.1.258	794568	HQ
MFD01721.bin.1.259	872401	HQ
MFD01721.bin.1.26	272955	HQ
MFD01721.bin.1.262	205288	HQ
MFD01721.bin.1.268	2004778	HQ
MFD01721.bin.1.271	393537	HQ
MFD01721.bin.1.273	905078	HQ
MFD01721.bin.1.274	2150001	HQ
MFD01721.bin.1.277	352677	HQ
MFD01721.bin.1.283	472721	HQ
MFD01721.bin.1.284	270619	HQ
MFD01721.bin.1.29	330425	HQ
MFD01721.bin.1.290	716919	HQ
MFD01721.bin.1.295	358057	HQ
MFD01721.bin.1.305	786779	HQ
MFD01721.bin.1.308	916283	HQ
MFD01721.bin.1.309	533295	HQ
MFD01721.bin.1.310	172911	HQ
MFD01721.bin.1.313	679459	HQ
MFD01721.bin.1.315	3415820	HQ
MFD01721.bin.1.317	267391	HQ
MFD01721.bin.1.322	520222	HQ
MFD01721.bin.1.324	2525951	HQ
MFD01721.bin.1.326	371345	HQ
MFD01721.bin.1.328	442798	HQ
MFD01721.bin.1.331	1530647	HQ
MFD01721.bin.1.333	863171	HQ
MFD01721.bin.1.336	453131	HQ
MFD01721.bin.1.338	257080	HQ
MFD01721.bin.1.343	256154	HQ
MFD01721.bin.1.346	309695	HQ
MFD01721.bin.1.348	1340049	HQ
MFD01721.bin.1.355	370523	HQ
MFD01721.bin.1.359	533352	HQ
MFD01721.bin.1.363	683905	HQ
MFD01721.bin.1.365	464376	HQ
MFD01721.bin.1.367	660372	HQ
MFD01721.bin.1.368	350134	HQ
MFD01721.bin.1.37	922594	HQ
MFD01721.bin.1.374	609471	HQ
MFD01721.bin.1.375	2238515	HQ
MFD01721.bin.1.379	361786	HQ
MFD01721.bin.1.38	3266763	HQ
MFD01721.bin.1.380	853133	HQ
MFD01721.bin.1.384	545422	HQ
MFD01721.bin.1.4	654889	HQ
MFD01721.bin.1.43	1888309	HQ
MFD01721.bin.1.46	535770	HQ
MFD01721.bin.1.47	750362	HQ
MFD01721.bin.1.50	759608	HQ
MFD01721.bin.1.53	898057	HQ
MFD01721.bin.1.56	1303629	HQ
MFD01721.bin.1.59	2423812	HQ
MFD01721.bin.1.62	1299493	HQ
MFD01721.bin.1.65	1008395	HQ
MFD01721.bin.1.66	288057	HQ
MFD01721.bin.1.67	490324	HQ
MFD01721.bin.1.68	366820	HQ
MFD01721.bin.1.71	1236571	HQ
MFD01721.bin.1.72	238697	HQ
MFD01721.bin.1.74	945072	HQ
MFD01721.bin.1.77	2903995	HQ
MFD01721.bin.1.79	2435694	HQ
MFD01721.bin.1.80	575937	HQ
MFD01721.bin.1.82	1885830	HQ
MFD01721.bin.1.83	2365665	HQ
MFD01721.bin.1.86	821789	HQ
MFD01721.bin.1.87	923049	HQ
MFD01721.bin.1.88	3146790	HQ
MFD01721.bin.1.94	1012379	HQ
MFD01721.bin.1.97	2292258	HQ
MFD01721.bin.1.99	3694445	HQ
MFD01721.bin.2.122	1120394	HQ
MFD01721.bin.2.183	372474	HQ
MFD01721.bin.2.71	470309	HQ
MFD01721.bin.2.72	170662	HQ
MFD01721.bin.2.92	241049	HQ
MFD01721.bin.3.318	220005	HQ
MFD01828.bin.1.100	387256	HQ
MFD01828.bin.1.115	231099	HQ
MFD01828.bin.1.12	512690	HQ
MFD01828.bin.1.14	409980	HQ
MFD01828.bin.1.38	3049580	HQ
MFD01828.bin.1.43	2979663	HQ
MFD01828.bin.1.47	4689530	HQ
MFD01828.bin.1.64	692929	HQ
MFD01828.bin.1.70	2777347	HQ
MFD01828.bin.1.81	3723817	HQ
MFD01828.bin.1.96	542143	HQ
MFD01872.bin.1.10	909337	HQ
MFD01872.bin.1.103	4153430	HQ
MFD01872.bin.1.105	1301516	HQ
MFD01872.bin.1.109	879069	HQ
MFD01872.bin.1.11	1007910	HQ
MFD01872.bin.1.111	407216	HQ
MFD01872.bin.1.112	318890	HQ
MFD01872.bin.1.12	1025103	HQ
MFD01872.bin.1.132	3183188	HQ
MFD01872.bin.1.174	2241742	HQ
MFD01872.bin.1.18	1616179	HQ
MFD01872.bin.1.196	126902	HQ
MFD01872.bin.1.198	1198225	HQ
MFD01872.bin.1.2	462214	HQ
MFD01872.bin.1.203	820779	HQ
MFD01872.bin.1.207	445624	HQ
MFD01872.bin.1.210	391254	HQ
MFD01872.bin.1.212	386958	HQ
MFD01872.bin.1.215	616793	HQ
MFD01872.bin.1.220	824738	HQ
MFD01872.bin.1.223	560916	HQ
MFD01872.bin.1.224	2184206	HQ
MFD01872.bin.1.230	243332	HQ
MFD01872.bin.1.24	264891	HQ
MFD01872.bin.1.255	271866	HQ
MFD01872.bin.1.260	641547	HQ
MFD01872.bin.1.270	3216417	HQ
MFD01872.bin.1.273	682755	HQ
MFD01872.bin.1.276	708266	HQ
MFD01872.bin.1.283	664272	HQ
MFD01872.bin.1.291	816680	HQ
MFD01872.bin.1.293	538170	HQ
MFD01872.bin.1.311	535109	HQ
MFD01872.bin.1.312	206838	HQ
MFD01872.bin.1.315	335377	HQ
MFD01872.bin.1.321	258132	HQ
MFD01872.bin.1.327	1511117	HQ
MFD01872.bin.1.329	1195257	HQ
MFD01872.bin.1.352	1026735	HQ
MFD01872.bin.1.36	855510	HQ
MFD01872.bin.1.361	742920	HQ
MFD01872.bin.1.37	481264	HQ
MFD01872.bin.1.40	248984	HQ
MFD01872.bin.1.6	581733	HQ
MFD01872.bin.1.63	612095	HQ
MFD01872.bin.1.66	808012	HQ
MFD01872.bin.1.72	902542	HQ
MFD01872.bin.1.75	505269	HQ
MFD01872.bin.1.83	2021320	HQ
MFD01872.bin.1.85	676308	HQ
MFD01872.bin.1.96	1296209	HQ
MFD01872.bin.2.115	388396	HQ
MFD01872.bin.2.12	307600	HQ
MFD01872.bin.2.120	1325978	HQ
MFD01872.bin.2.154	379628	HQ
MFD01872.bin.2.219	312830	HQ
MFD01872.bin.3.168	2254488	HQ
MFD01916.bin.1.1	4177484	HQ
MFD01916.bin.1.10	1468026	HQ
MFD01916.bin.1.104	1732860	HQ
MFD01916.bin.1.142	1187432	HQ
MFD01916.bin.1.143	4694285	HQ
MFD01916.bin.1.150	624030	HQ
MFD01916.bin.1.16	399718	HQ
MFD01916.bin.1.17	8381596	HQ
MFD01916.bin.1.18	1385808	HQ
MFD01916.bin.1.28	3124037	HQ
MFD01916.bin.1.31	216589	HQ
MFD01916.bin.1.57	572000	HQ
MFD01916.bin.1.7	890989	HQ
MFD01916.bin.1.71	1729358	HQ
MFD01916.bin.1.77	968208	HQ
MFD01916.bin.1.82	2863572	HQ
MFD01916.bin.2.2	2779936	HQ
MFD01916.bin.3.179	561140	HQ
MFD02134.bin.1.103	576572	HQ
MFD02134.bin.1.117	257394	HQ
MFD02134.bin.1.143	714220	HQ
MFD02134.bin.1.147	471896	HQ
MFD02134.bin.1.149	236515	HQ
MFD02134.bin.1.156	171446	HQ
MFD02134.bin.1.158	956564	HQ
MFD02134.bin.1.160	348200	HQ
MFD02134.bin.1.165	2816581	HQ
MFD02134.bin.1.166	1516276	HQ
MFD02134.bin.1.179	2337999	HQ
MFD02134.bin.1.198	560294	HQ
MFD02134.bin.1.199	557055	HQ
MFD02134.bin.1.209	353703	HQ
MFD02134.bin.1.210	843355	HQ
MFD02134.bin.1.216	2466736	HQ
MFD02134.bin.1.217	843033	HQ
MFD02134.bin.1.225	1485589	HQ
MFD02134.bin.1.228	664378	HQ
MFD02134.bin.1.239	1443516	HQ
MFD02134.bin.1.245	283287	HQ
MFD02134.bin.1.261	992629	HQ
MFD02134.bin.1.263	332246	HQ
MFD02134.bin.1.264	645302	HQ
MFD02134.bin.1.272	551177	HQ
MFD02134.bin.1.280	1215472	HQ
MFD02134.bin.1.286	278376	HQ
MFD02134.bin.1.37	249585	HQ
MFD02134.bin.1.56	924065	HQ
MFD02134.bin.1.61	2297317	HQ
MFD02134.bin.1.63	961194	HQ
MFD02134.bin.1.91	385113	HQ
MFD02134.bin.2.167	310408	HQ
MFD02134.bin.2.242	363841	HQ
MFD02134.bin.2.38	212862	HQ
MFD02134.bin.2.43	154864	HQ
MFD02134.bin.3.166	269514	HQ
MFD02138.bin.1.15	131474	HQ
MFD02138.bin.1.23	597316	HQ
MFD02138.bin.1.26	1649671	HQ
MFD02138.bin.1.64	171589	HQ
MFD02138.bin.1.87	221738	HQ
MFD02138.bin.2.36	28487	HQ
MFD02138.bin.2.6	347000	HQ
MFD02159.bin.1.126	283425	HQ
MFD02159.bin.1.2	210019	HQ
MFD02159.bin.1.20	507766	HQ
MFD02159.bin.1.34	278816	HQ
MFD02159.bin.1.72	230014	HQ
MFD02159.bin.1.78	255996	HQ
MFD02159.bin.1.80	1338263	HQ
MFD02159.bin.1.81	194359	HQ
MFD02159.bin.1.87	189412	HQ
MFD02159.bin.1.95	485121	HQ
MFD02159.bin.2.116	94664	HQ
MFD02199.bin.1.123	273370	HQ
MFD02199.bin.1.134	489108	HQ
MFD02199.bin.1.2	953620	HQ
MFD02199.bin.1.209	1119627	HQ
MFD02199.bin.1.40	868256	HQ
MFD02199.bin.1.52	952850	HQ
MFD02199.bin.1.54	2465587	HQ
MFD02199.bin.1.56	724922	HQ
MFD02199.bin.1.6	4227830	HQ
MFD02199.bin.1.8	325841	HQ
MFD02199.bin.2.51	1281538	HQ
MFD02199.bin.2.61	2058824	HQ
MFD02242.bin.1.1	1074665	HQ
MFD02242.bin.1.123	432403	HQ
MFD02242.bin.1.124	610108	HQ
MFD02242.bin.1.156	495624	HQ
MFD02242.bin.1.17	234138	HQ
MFD02242.bin.1.183	720360	HQ
MFD02242.bin.1.209	2055473	HQ
MFD02242.bin.1.226	523080	HQ
MFD02242.bin.1.229	762955	HQ
MFD02242.bin.1.231	155307	HQ
MFD02242.bin.1.235	467607	HQ
MFD02242.bin.1.245	172242	HQ
MFD02242.bin.1.262	469375	HQ
MFD02242.bin.1.279	1026560	HQ
MFD02242.bin.1.295	1950140	HQ
MFD02242.bin.1.297	1444140	HQ
MFD02242.bin.1.310	1911416	HQ
MFD02242.bin.1.317	459194	HQ
MFD02242.bin.1.318	2099827	HQ
MFD02242.bin.1.319	582249	HQ
MFD02242.bin.1.32	3203431	HQ
MFD02242.bin.1.322	551723	HQ
MFD02242.bin.1.331	161123	HQ
MFD02242.bin.1.340	222207	HQ
MFD02242.bin.1.342	1074844	HQ
MFD02242.bin.1.36	2274758	HQ
MFD02242.bin.1.362	440791	HQ
MFD02242.bin.1.368	531590	HQ
MFD02242.bin.1.57	472112	HQ
MFD02242.bin.1.77	401168	HQ
MFD02242.bin.1.84	149407	HQ
MFD02242.bin.1.86	1873196	HQ
MFD02242.bin.2.101	192177	HQ
MFD02242.bin.2.200	215906	HQ
MFD02242.bin.3.224	194154	HQ
MFD02248.bin.1.108	347809	HQ
MFD02248.bin.1.112	1838006	HQ
MFD02248.bin.1.115	355118	HQ
MFD02248.bin.1.117	2695729	HQ
MFD02248.bin.1.118	336639	HQ
MFD02248.bin.1.12	677803	HQ
MFD02248.bin.1.120	5425299	HQ
MFD02248.bin.1.121	1413655	HQ
MFD02248.bin.1.122	825069	HQ
MFD02248.bin.1.125	534137	HQ
MFD02248.bin.1.126	574253	HQ
MFD02248.bin.1.134	169516	HQ
MFD02248.bin.1.137	1926685	HQ
MFD02248.bin.1.138	379775	HQ
MFD02248.bin.1.139	411016	HQ
MFD02248.bin.1.141	5183562	HQ
MFD02248.bin.1.145	226343	HQ
MFD02248.bin.1.147	976980	HQ
MFD02248.bin.1.15	1416666	HQ
MFD02248.bin.1.150	303717	HQ
MFD02248.bin.1.166	1284035	HQ
MFD02248.bin.1.176	244581	HQ
MFD02248.bin.1.183	1405085	HQ
MFD02248.bin.1.185	2235832	HQ
MFD02248.bin.1.187	331174	HQ
MFD02248.bin.1.193	752877	HQ
MFD02248.bin.1.194	561930	HQ
MFD02248.bin.1.195	406345	HQ
MFD02248.bin.1.208	2918952	HQ
MFD02248.bin.1.211	542549	HQ
MFD02248.bin.1.22	2954438	HQ
MFD02248.bin.1.24	7243441	HQ
MFD02248.bin.1.32	471201	HQ
MFD02248.bin.1.37	485636	HQ
MFD02248.bin.1.4	1194802	HQ
MFD02248.bin.1.43	1200866	HQ
MFD02248.bin.1.46	3418075	HQ
MFD02248.bin.1.47	1003515	HQ
MFD02248.bin.1.51	2582235	HQ
MFD02248.bin.1.53	370918	HQ
MFD02248.bin.1.55	1681302	HQ
MFD02248.bin.1.56	506554	HQ
MFD02248.bin.1.58	581117	HQ
MFD02248.bin.1.59	759677	HQ
MFD02248.bin.1.6	210401	HQ
MFD02248.bin.1.60	1779024	HQ
MFD02248.bin.1.65	708086	HQ
MFD02248.bin.1.69	213992	HQ
MFD02248.bin.1.96	1087511	HQ
MFD02248.bin.2.132	566394	HQ
MFD02248.bin.2.70	966727	HQ
MFD02360.bin.1.121	319235	HQ
MFD02360.bin.1.161	192304	HQ
MFD02360.bin.1.179	386744	HQ
MFD02360.bin.1.180	178748	HQ
MFD02360.bin.1.202	2534965	HQ
MFD02360.bin.1.206	2832470	HQ
MFD02360.bin.1.21	335263	HQ
MFD02360.bin.1.235	341525	HQ
MFD02360.bin.1.259	269297	HQ
MFD02360.bin.1.271	1539771	HQ
MFD02360.bin.1.3	3103205	HQ
MFD02360.bin.1.316	779623	HQ
MFD02360.bin.1.334	434926	HQ
MFD02360.bin.1.34	284951	HQ
MFD02360.bin.1.39	677834	HQ
MFD02360.bin.1.49	826483	HQ
MFD02360.bin.1.60	943569	HQ
MFD02360.bin.1.63	227273	HQ
MFD02360.bin.1.92	566238	HQ
MFD02360.bin.2.216	266148	HQ
MFD02360.bin.2.91	1554656	HQ
MFD02360.bin.3.300	186757	HQ
MFD02416.bin.1.10	2657406	HQ
MFD02416.bin.1.105	3743834	HQ
MFD02416.bin.1.108	409656	HQ
MFD02416.bin.1.110	2146305	HQ
MFD02416.bin.1.114	2226485	HQ
MFD02416.bin.1.115	3803166	HQ
MFD02416.bin.1.116	2415775	HQ
MFD02416.bin.1.121	916683	HQ
MFD02416.bin.1.123	547309	HQ
MFD02416.bin.1.124	740146	HQ
MFD02416.bin.1.126	520798	HQ
MFD02416.bin.1.127	468678	HQ
MFD02416.bin.1.129	774299	HQ
MFD02416.bin.1.130	1145716	HQ
MFD02416.bin.1.132	261651	HQ
MFD02416.bin.1.133	330745	HQ
MFD02416.bin.1.135	793867	HQ
MFD02416.bin.1.136	1390679	HQ
MFD02416.bin.1.138	368149	HQ
MFD02416.bin.1.14	330433	HQ
MFD02416.bin.1.144	307210	HQ
MFD02416.bin.1.147	1009001	HQ
MFD02416.bin.1.149	354129	HQ
MFD02416.bin.1.157	1194016	HQ
MFD02416.bin.1.163	5453612	HQ
MFD02416.bin.1.164	334846	HQ
MFD02416.bin.1.17	4477495	HQ
MFD02416.bin.1.176	1556392	HQ
MFD02416.bin.1.18	775872	HQ
MFD02416.bin.1.194	658576	HQ
MFD02416.bin.1.208	432155	HQ
MFD02416.bin.1.219	1206589	HQ
MFD02416.bin.1.241	492781	HQ
MFD02416.bin.1.244	531012	HQ
MFD02416.bin.1.258	619224	HQ
MFD02416.bin.1.262	831605	HQ
MFD02416.bin.1.267	793384	HQ
MFD02416.bin.1.269	287755	HQ
MFD02416.bin.1.270	475853	HQ
MFD02416.bin.1.272	902496	HQ
MFD02416.bin.1.274	553150	HQ
MFD02416.bin.1.275	880352	HQ
MFD02416.bin.1.276	1259176	HQ
MFD02416.bin.1.279	4414072	HQ
MFD02416.bin.1.28	764515	HQ
MFD02416.bin.1.280	626290	HQ
MFD02416.bin.1.281	3073156	HQ
MFD02416.bin.1.282	302332	HQ
MFD02416.bin.1.284	890428	HQ
MFD02416.bin.1.290	1299727	HQ
MFD02416.bin.1.291	1891453	HQ
MFD02416.bin.1.293	2349021	HQ
MFD02416.bin.1.295	1156210	HQ
MFD02416.bin.1.3	1377662	HQ
MFD02416.bin.1.30	594533	HQ
MFD02416.bin.1.311	1508563	HQ
MFD02416.bin.1.313	509224	HQ
MFD02416.bin.1.315	422668	HQ
MFD02416.bin.1.317	6245679	HQ
MFD02416.bin.1.319	2258738	HQ
MFD02416.bin.1.321	3489515	HQ
MFD02416.bin.1.322	381334	HQ
MFD02416.bin.1.324	466908	HQ
MFD02416.bin.1.328	4483369	HQ
MFD02416.bin.1.329	1128882	HQ
MFD02416.bin.1.333	245251	HQ
MFD02416.bin.1.334	580720	HQ
MFD02416.bin.1.337	1461628	HQ
MFD02416.bin.1.343	719271	HQ
MFD02416.bin.1.345	333996	HQ
MFD02416.bin.1.346	220961	HQ
MFD02416.bin.1.350	1413474	HQ
MFD02416.bin.1.351	887215	HQ
MFD02416.bin.1.36	3019963	HQ
MFD02416.bin.1.360	426182	HQ
MFD02416.bin.1.362	689612	HQ
MFD02416.bin.1.365	1005963	HQ
MFD02416.bin.1.37	3306430	HQ
MFD02416.bin.1.373	232463	HQ
MFD02416.bin.1.374	314415	HQ
MFD02416.bin.1.379	559111	HQ
MFD02416.bin.1.382	444532	HQ
MFD02416.bin.1.390	684572	HQ
MFD02416.bin.1.391	221098	HQ
MFD02416.bin.1.395	968691	HQ
MFD02416.bin.1.397	1274625	HQ
MFD02416.bin.1.398	172583	HQ
MFD02416.bin.1.4	3345861	HQ
MFD02416.bin.1.403	629327	HQ
MFD02416.bin.1.409	390158	HQ
MFD02416.bin.1.410	790482	HQ
MFD02416.bin.1.411	472979	HQ
MFD02416.bin.1.414	803446	HQ
MFD02416.bin.1.415	2015335	HQ
MFD02416.bin.1.417	1167908	HQ
MFD02416.bin.1.418	634574	HQ
MFD02416.bin.1.42	1067390	HQ
MFD02416.bin.1.43	2495792	HQ
MFD02416.bin.1.44	1469001	HQ
MFD02416.bin.1.48	2220367	HQ
MFD02416.bin.1.50	347398	HQ
MFD02416.bin.1.53	151352	HQ
MFD02416.bin.1.57	656670	HQ
MFD02416.bin.1.58	3156826	HQ
MFD02416.bin.1.61	1028868	HQ
MFD02416.bin.1.65	3560348	HQ
MFD02416.bin.1.66	2009320	HQ
MFD02416.bin.1.7	939464	HQ
MFD02416.bin.1.74	1222462	HQ
MFD02416.bin.1.76	2585090	HQ
MFD02416.bin.1.77	913480	HQ
MFD02416.bin.1.78	176729	HQ
MFD02416.bin.1.81	3201621	HQ
MFD02416.bin.1.82	668676	HQ
MFD02416.bin.1.83	767137	HQ
MFD02416.bin.1.84	2130860	HQ
MFD02416.bin.1.89	1239444	HQ
MFD02416.bin.1.9	537760	HQ
MFD02416.bin.1.93	161122	HQ
MFD02416.bin.1.94	963353	HQ
MFD02416.bin.1.95	4223452	HQ
MFD02416.bin.1.98	7003164	HQ
MFD02416.bin.2.141	261224	HQ
MFD02416.bin.2.150	371364	HQ
MFD02416.bin.2.172	259306	HQ
MFD02416.bin.2.189	288937	HQ
MFD02416.bin.2.190	1545541	HQ
MFD02416.bin.2.73	465189	HQ
MFD02416.bin.3.134	1211920	HQ
MFD02416.bin.3.238	175333	HQ
MFD02416.bin.3.269	450122	HQ
MFD02472.bin.1.12	1599260	HQ
MFD02472.bin.1.18	523471	HQ
MFD02472.bin.1.46	361480	HQ
MFD02472.bin.1.50	961593	HQ
MFD02579.bin.1.106	757160	HQ
MFD02579.bin.1.11	2348269	HQ
MFD02579.bin.1.110	465785	HQ
MFD02579.bin.1.114	1839942	HQ
MFD02579.bin.1.115	1325117	HQ
MFD02579.bin.1.116	723721	HQ
MFD02579.bin.1.12	1143217	HQ
MFD02579.bin.1.14	496740	HQ
MFD02579.bin.1.15	504918	HQ
MFD02579.bin.1.16	235547	HQ
MFD02579.bin.1.26	1285897	HQ
MFD02579.bin.1.29	1271905	HQ
MFD02579.bin.1.31	911121	HQ
MFD02579.bin.1.39	341367	HQ
MFD02579.bin.1.41	278987	HQ
MFD02579.bin.1.50	783488	HQ
MFD02579.bin.1.51	1272827	HQ
MFD02579.bin.1.52	495606	HQ
MFD02579.bin.1.54	493969	HQ
MFD02579.bin.1.63	599360	HQ
MFD02579.bin.1.65	153296	HQ
MFD02579.bin.1.71	1521901	HQ
MFD02579.bin.1.77	981686	HQ
MFD02579.bin.2.2	5965187	HQ
MFD02581.bin.1.1	346786	HQ
MFD02581.bin.1.10	1775971	HQ
MFD02581.bin.1.105	419006	HQ
MFD02581.bin.1.106	271146	HQ
MFD02581.bin.1.11	922134	HQ
MFD02581.bin.1.116	790233	HQ
MFD02581.bin.1.122	474299	HQ
MFD02581.bin.1.138	2115248	HQ
MFD02581.bin.1.145	2135499	HQ
MFD02581.bin.1.149	2323158	HQ
MFD02581.bin.1.159	580039	HQ
MFD02581.bin.1.162	775461	HQ
MFD02581.bin.1.167	298011	HQ
MFD02581.bin.1.168	852749	HQ
MFD02581.bin.1.176	617388	HQ
MFD02581.bin.1.182	216775	HQ
MFD02581.bin.1.187	647092	HQ
MFD02581.bin.1.188	2255609	HQ
MFD02581.bin.1.193	1035158	HQ
MFD02581.bin.1.196	664891	HQ
MFD02581.bin.1.2	890391	HQ
MFD02581.bin.1.20	1248601	HQ
MFD02581.bin.1.200	298210	HQ
MFD02581.bin.1.203	481978	HQ
MFD02581.bin.1.209	2183294	HQ
MFD02581.bin.1.211	1896631	HQ
MFD02581.bin.1.216	437753	HQ
MFD02581.bin.1.222	3091252	HQ
MFD02581.bin.1.225	430418	HQ
MFD02581.bin.1.230	435714	HQ
MFD02581.bin.1.234	279114	HQ
MFD02581.bin.1.237	2924568	HQ
MFD02581.bin.1.244	913005	HQ
MFD02581.bin.1.259	752977	HQ
MFD02581.bin.1.268	347936	HQ
MFD02581.bin.1.270	649051	HQ
MFD02581.bin.1.271	408578	HQ
MFD02581.bin.1.277	740686	HQ
MFD02581.bin.1.279	423314	HQ
MFD02581.bin.1.282	1260919	HQ
MFD02581.bin.1.289	1169343	HQ
MFD02581.bin.1.29	1276849	HQ
MFD02581.bin.1.31	2288569	HQ
MFD02581.bin.1.32	2844765	HQ
MFD02581.bin.1.4	433752	HQ
MFD02581.bin.1.41	588992	HQ
MFD02581.bin.1.52	1931932	HQ
MFD02581.bin.1.56	1098398	HQ
MFD02581.bin.1.61	3623414	HQ
MFD02581.bin.1.63	944721	HQ
MFD02581.bin.1.67	3497463	HQ
MFD02581.bin.1.69	2848723	HQ
MFD02581.bin.1.72	1978748	HQ
MFD02581.bin.1.75	2500653	HQ
MFD02581.bin.1.86	454380	HQ
MFD02581.bin.2.150	601215	HQ
MFD02581.bin.2.210	332733	HQ
MFD02581.bin.2.25	498131	HQ
MFD02581.bin.2.30	568951	HQ
MFD02581.bin.2.47	309572	HQ
MFD02581.bin.3.121	736362	HQ
MFD02581.bin.3.38	656210	HQ
MFD02581.bin.3.437	1605509	HQ
MFD02581.bin.3.448	561758	HQ
MFD02581.bin.3.460	1975790	HQ
MFD02671.bin.1.117	378058	HQ
MFD02671.bin.1.13	443489	HQ
MFD02671.bin.1.139	741283	HQ
MFD02671.bin.1.140	1719856	HQ
MFD02671.bin.1.18	374330	HQ
MFD02671.bin.1.25	1463244	HQ
MFD02671.bin.1.30	288647	HQ
MFD02671.bin.1.46	804983	HQ
MFD02671.bin.1.56	999012	HQ
MFD02671.bin.1.57	452039	HQ
MFD02671.bin.1.59	318018	HQ
MFD02671.bin.1.63	206731	HQ
MFD02671.bin.1.70	1342158	HQ
MFD02671.bin.1.9	951674	HQ
MFD02671.bin.1.97	630706	HQ
MFD02671.bin.1.99	167222	HQ
MFD02809.bin.1.101	103390	HQ
MFD02809.bin.1.112	427553	HQ
MFD02809.bin.1.145	196967	HQ
MFD02809.bin.1.206	140584	HQ
MFD02809.bin.1.217	694685	HQ
MFD02809.bin.1.237	231906	HQ
MFD02809.bin.1.263	981892	HQ
MFD02809.bin.1.264	285094	HQ
MFD02809.bin.1.277	232508	HQ
MFD02809.bin.1.312	410065	HQ
MFD02809.bin.1.313	101691	HQ
MFD02809.bin.1.331	236462	HQ
MFD02809.bin.1.359	691108	HQ
MFD02809.bin.1.58	249896	HQ
MFD02809.bin.1.75	456610	HQ
MFD02809.bin.1.83	630251	HQ
MFD02809.bin.2.53	252609	HQ
MFD02832.bin.1.100	673155	HQ
MFD02832.bin.1.105	89172	HQ
MFD02832.bin.1.108	2597484	HQ
MFD02832.bin.1.115	3758812	HQ
MFD02832.bin.1.129	745076	HQ
MFD02832.bin.1.134	761192	HQ
MFD02832.bin.1.135	433441	HQ
MFD02832.bin.1.142	268629	HQ
MFD02832.bin.1.145	754901	HQ
MFD02832.bin.1.149	113607	HQ
MFD02832.bin.1.152	507845	HQ
MFD02832.bin.1.154	336370	HQ
MFD02832.bin.1.158	734986	HQ
MFD02832.bin.1.159	2758296	HQ
MFD02832.bin.1.170	342345	HQ
MFD02832.bin.1.173	206736	HQ
MFD02832.bin.1.176	284724	HQ
MFD02832.bin.1.177	801160	HQ
MFD02832.bin.1.178	510426	HQ
MFD02832.bin.1.179	352527	HQ
MFD02832.bin.1.183	604724	HQ
MFD02832.bin.1.184	412389	HQ
MFD02832.bin.1.185	874369	HQ
MFD02832.bin.1.191	414376	HQ
MFD02832.bin.1.21	189710	HQ
MFD02832.bin.1.22	328582	HQ
MFD02832.bin.1.25	2909511	HQ
MFD02832.bin.1.27	1126218	HQ
MFD02832.bin.1.28	4042234	HQ
MFD02832.bin.1.3	2230977	HQ
MFD02832.bin.1.30	436713	HQ
MFD02832.bin.1.31	332835	HQ
MFD02832.bin.1.36	3142693	HQ
MFD02832.bin.1.37	1267896	HQ
MFD02832.bin.1.4	2553536	HQ
MFD02832.bin.1.42	81577	HQ
MFD02832.bin.1.55	4743223	HQ
MFD02832.bin.1.63	443362	HQ
MFD02832.bin.1.64	1130364	HQ
MFD02832.bin.1.68	179722	HQ
MFD02832.bin.1.72	1269878	HQ
MFD02832.bin.1.77	339037	HQ
MFD02832.bin.1.79	636565	HQ
MFD02832.bin.1.88	380913	HQ
MFD02832.bin.1.89	369718	HQ
MFD02832.bin.1.9	646999	HQ
MFD02832.bin.1.93	497692	HQ
MFD02832.bin.1.96	64718	HQ
MFD02832.bin.1.97	2108340	HQ
MFD02832.bin.2.132	395096	HQ
MFD02832.bin.2.48	382990	HQ
MFD02832.bin.3.66	521146	HQ
MFD02840.bin.1.11	885334	HQ
MFD02840.bin.1.123	497905	HQ
MFD02840.bin.1.13	2872611	HQ
MFD02840.bin.1.134	611870	HQ
MFD02840.bin.1.155	316354	HQ
MFD02840.bin.1.159	217480	HQ
MFD02840.bin.1.166	329808	HQ
MFD02840.bin.1.179	2480430	HQ
MFD02840.bin.1.19	1884348	HQ
MFD02840.bin.1.192	510783	HQ
MFD02840.bin.1.199	447667	HQ
MFD02840.bin.1.2	1832229	HQ
MFD02840.bin.1.22	1199902	HQ
MFD02840.bin.1.220	663787	HQ
MFD02840.bin.1.226	897280	HQ
MFD02840.bin.1.228	304364	HQ
MFD02840.bin.1.229	373779	HQ
MFD02840.bin.1.230	561038	HQ
MFD02840.bin.1.231	571597	HQ
MFD02840.bin.1.233	148186	HQ
MFD02840.bin.1.236	1256175	HQ
MFD02840.bin.1.238	216318	HQ
MFD02840.bin.1.240	395550	HQ
MFD02840.bin.1.241	670038	HQ
MFD02840.bin.1.248	229160	HQ
MFD02840.bin.1.249	261743	HQ
MFD02840.bin.1.255	291639	HQ
MFD02840.bin.1.258	500321	HQ
MFD02840.bin.1.259	288628	HQ
MFD02840.bin.1.26	1336666	HQ
MFD02840.bin.1.264	1449632	HQ
MFD02840.bin.1.267	750074	HQ
MFD02840.bin.1.268	1438651	HQ
MFD02840.bin.1.278	319473	HQ
MFD02840.bin.1.279	740284	HQ
MFD02840.bin.1.283	980059	HQ
MFD02840.bin.1.289	747386	HQ
MFD02840.bin.1.295	2326921	HQ
MFD02840.bin.1.296	493606	HQ
MFD02840.bin.1.3	530120	HQ
MFD02840.bin.1.300	731093	HQ
MFD02840.bin.1.302	2421368	HQ
MFD02840.bin.1.303	241697	HQ
MFD02840.bin.1.307	579771	HQ
MFD02840.bin.1.311	1643780	HQ
MFD02840.bin.1.317	1161824	HQ
MFD02840.bin.1.319	140738	HQ
MFD02840.bin.1.32	1619062	HQ
MFD02840.bin.1.327	346463	HQ
MFD02840.bin.1.33	729802	HQ
MFD02840.bin.1.354	112579	HQ
MFD02840.bin.1.357	167224	HQ
MFD02840.bin.1.372	299823	HQ
MFD02840.bin.1.376	386793	HQ
MFD02840.bin.1.380	263095	HQ
MFD02840.bin.1.387	215463	HQ
MFD02840.bin.1.397	793571	HQ
MFD02840.bin.1.400	261401	HQ
MFD02840.bin.1.405	703220	HQ
MFD02840.bin.1.406	2177323	HQ
MFD02840.bin.1.414	831296	HQ
MFD02840.bin.1.418	707778	HQ
MFD02840.bin.1.419	315449	HQ
MFD02840.bin.1.420	379565	HQ
MFD02840.bin.1.423	620648	HQ
MFD02840.bin.1.46	419654	HQ
MFD02840.bin.1.5	912569	HQ
MFD02840.bin.1.57	1203801	HQ
MFD02840.bin.1.69	345926	HQ
MFD02840.bin.1.7	841867	HQ
MFD02840.bin.1.73	654503	HQ
MFD02840.bin.1.77	898995	HQ
MFD02840.bin.1.91	724261	HQ
MFD02840.bin.1.97	7719408	HQ
MFD02840.bin.2.129	351144	HQ
MFD02840.bin.2.141	366823	HQ
MFD02840.bin.2.252	572099	HQ
MFD02840.bin.2.274	419930	HQ
MFD02840.bin.3.332	271068	HQ
MFD02840.bin.3.481	398973	HQ
MFD02840.bin.3.587	145625	HQ
MFD02840.bin.3.7	481606	HQ
MFD02923.bin.1.10	365346	HQ
MFD02923.bin.1.116	512586	HQ
MFD02923.bin.1.118	103070	HQ
MFD02923.bin.1.123	69811	HQ
MFD02923.bin.1.129	463594	HQ
MFD02923.bin.1.131	781153	HQ
MFD02923.bin.1.132	886246	HQ
MFD02923.bin.1.133	2080901	HQ
MFD02923.bin.1.139	899823	HQ
MFD02923.bin.1.142	529709	HQ
MFD02923.bin.1.143	371494	HQ
MFD02923.bin.1.144	322518	HQ
MFD02923.bin.1.145	457835	HQ
MFD02923.bin.1.148	478726	HQ
MFD02923.bin.1.150	885634	HQ
MFD02923.bin.1.151	775564	HQ
MFD02923.bin.1.160	575954	HQ
MFD02923.bin.1.166	323769	HQ
MFD02923.bin.1.168	1864348	HQ
MFD02923.bin.1.27	530999	HQ
MFD02923.bin.1.29	709889	HQ
MFD02923.bin.1.35	537624	HQ
MFD02923.bin.1.36	562676	HQ
MFD02923.bin.1.41	2696672	HQ
MFD02923.bin.1.43	622757	HQ
MFD02923.bin.1.44	313778	HQ
MFD02923.bin.1.45	647908	HQ
MFD02923.bin.1.48	530709	HQ
MFD02923.bin.1.49	197246	HQ
MFD02923.bin.1.74	281686	HQ
MFD02923.bin.1.75	2084500	HQ
MFD02923.bin.1.83	270194	HQ
MFD02923.bin.1.85	514291	HQ
MFD02923.bin.1.9	293259	HQ
MFD02923.bin.1.90	126534	HQ
MFD02923.bin.1.91	454785	HQ
MFD02923.bin.1.92	292102	HQ
MFD02923.bin.1.97	230697	HQ
MFD02923.bin.1.99	312930	HQ
MFD02923.bin.2.9	1695367	HQ
MFD02979.bin.1.10	3680685	HQ
MFD02979.bin.1.11	527644	HQ
MFD02979.bin.1.123	274103	HQ
MFD02979.bin.1.133	220734	HQ
MFD02979.bin.1.139	582117	HQ
MFD02979.bin.1.14	908629	HQ
MFD02979.bin.1.141	483961	HQ
MFD02979.bin.1.144	456688	HQ
MFD02979.bin.1.145	1029811	HQ
MFD02979.bin.1.148	1123294	HQ
MFD02979.bin.1.149	373154	HQ
MFD02979.bin.1.152	215556	HQ
MFD02979.bin.1.154	582624	HQ
MFD02979.bin.1.169	217374	HQ
MFD02979.bin.1.171	456102	HQ
MFD02979.bin.1.195	225861	HQ
MFD02979.bin.1.202	226459	HQ
MFD02979.bin.1.204	940781	HQ
MFD02979.bin.1.207	174215	HQ
MFD02979.bin.1.211	323683	HQ
MFD02979.bin.1.23	138724	HQ
MFD02979.bin.1.237	704235	HQ
MFD02979.bin.1.243	464991	HQ
MFD02979.bin.1.39	2941646	HQ
MFD02979.bin.1.4	857083	HQ
MFD02979.bin.1.41	513848	HQ
MFD02979.bin.1.60	201606	HQ
MFD02979.bin.1.62	1056182	HQ
MFD02979.bin.1.65	4802620	HQ
MFD02979.bin.1.67	674528	HQ
MFD02979.bin.1.73	818806	HQ
MFD02979.bin.1.76	477674	HQ
MFD02979.bin.1.79	2521466	HQ
MFD02979.bin.1.8	3616488	HQ
MFD02979.bin.1.81	3269294	HQ
MFD02979.bin.1.82	319666	HQ
MFD02979.bin.1.88	1365951	HQ
MFD02979.bin.1.94	224825	HQ
MFD02979.bin.2.126	142083	HQ
MFD02979.bin.2.51	759103	HQ
MFD02979.bin.2.74	250494	HQ
MFD02979.bin.2.87	89571	HQ
MFD02979.bin.2.89	274730	HQ
MFD02979.bin.2.93	366078	HQ
MFD03044.bin.1.1	334981	HQ
MFD03044.bin.1.101	363294	HQ
MFD03044.bin.1.103	558920	HQ
MFD03044.bin.1.106	518034	HQ
MFD03044.bin.1.108	2275075	HQ
MFD03044.bin.1.109	135378	HQ
MFD03044.bin.1.111	310748	HQ
MFD03044.bin.1.118	337776	HQ
MFD03044.bin.1.135	317602	HQ
MFD03044.bin.1.139	1297630	HQ
MFD03044.bin.1.148	662575	HQ
MFD03044.bin.1.149	2440612	HQ
MFD03044.bin.1.150	862364	HQ
MFD03044.bin.1.155	916658	HQ
MFD03044.bin.1.157	767198	HQ
MFD03044.bin.1.163	905451	HQ
MFD03044.bin.1.165	448818	HQ
MFD03044.bin.1.2	1274462	HQ
MFD03044.bin.1.20	2697848	HQ
MFD03044.bin.1.21	3999070	HQ
MFD03044.bin.1.24	1630778	HQ
MFD03044.bin.1.30	541974	HQ
MFD03044.bin.1.43	1272456	HQ
MFD03044.bin.1.45	3241547	HQ
MFD03044.bin.1.46	1068604	HQ
MFD03044.bin.1.47	2636848	HQ
MFD03044.bin.1.49	619396	HQ
MFD03044.bin.1.55	2945175	HQ
MFD03044.bin.1.56	2474951	HQ
MFD03044.bin.1.57	693444	HQ
MFD03044.bin.1.7	1055617	HQ
MFD03044.bin.1.95	354867	HQ
MFD03044.bin.2.104	209357	HQ
MFD03044.bin.2.51	172511	HQ
MFD03044.bin.2.66	244900	HQ
MFD03044.bin.2.89	600200	HQ
MFD03066.bin.1.130	433624	HQ
MFD03066.bin.1.176	352094	HQ
MFD03066.bin.1.18	2446817	HQ
MFD03066.bin.1.201	381033	HQ
MFD03066.bin.1.215	172245	HQ
MFD03066.bin.1.230	235935	HQ
MFD03066.bin.1.24	505528	HQ
MFD03066.bin.1.255	2069131	HQ
MFD03066.bin.1.35	280726	HQ
MFD03066.bin.1.45	3740380	HQ
MFD03066.bin.1.51	877882	HQ
MFD03066.bin.1.56	1351384	HQ
MFD03066.bin.1.8	2637868	HQ
MFD03066.bin.1.83	447656	HQ
MFD03066.bin.3.192	737846	HQ
MFD03250.bin.1.1	3599660	HQ
MFD03250.bin.1.10	842097	HQ
MFD03250.bin.1.107	273347	HQ
MFD03250.bin.1.109	960881	HQ
MFD03250.bin.1.112	835226	HQ
MFD03250.bin.1.113	2749258	HQ
MFD03250.bin.1.114	4843919	HQ
MFD03250.bin.1.115	3985412	HQ
MFD03250.bin.1.116	2584427	HQ
MFD03250.bin.1.117	509866	HQ
MFD03250.bin.1.118	375525	HQ
MFD03250.bin.1.119	587202	HQ
MFD03250.bin.1.121	1741513	HQ
MFD03250.bin.1.122	1716526	HQ
MFD03250.bin.1.123	1748237	HQ
MFD03250.bin.1.125	3561919	HQ
MFD03250.bin.1.126	589555	HQ
MFD03250.bin.1.129	5286571	HQ
MFD03250.bin.1.13	548054	HQ
MFD03250.bin.1.130	1103440	HQ
MFD03250.bin.1.131	1628860	HQ
MFD03250.bin.1.133	2144686	HQ
MFD03250.bin.1.134	1193549	HQ
MFD03250.bin.1.135	545355	HQ
MFD03250.bin.1.141	809658	HQ
MFD03250.bin.1.142	554392	HQ
MFD03250.bin.1.143	204090	HQ
MFD03250.bin.1.144	646550	HQ
MFD03250.bin.1.145	4786958	HQ
MFD03250.bin.1.149	4177940	HQ
MFD03250.bin.1.151	959011	HQ
MFD03250.bin.1.152	306340	HQ
MFD03250.bin.1.16	2331622	HQ
MFD03250.bin.1.160	328328	HQ
MFD03250.bin.1.161	546122	HQ
MFD03250.bin.1.162	1221396	HQ
MFD03250.bin.1.163	327294	HQ
MFD03250.bin.1.164	714996	HQ
MFD03250.bin.1.165	769739	HQ
MFD03250.bin.1.167	282625	HQ
MFD03250.bin.1.168	250270	HQ
MFD03250.bin.1.169	1314716	HQ
MFD03250.bin.1.17	408881	HQ
MFD03250.bin.1.170	501979	HQ
MFD03250.bin.1.175	3124754	HQ
MFD03250.bin.1.178	605564	HQ
MFD03250.bin.1.182	995988	HQ
MFD03250.bin.1.183	961516	HQ
MFD03250.bin.1.184	2408278	HQ
MFD03250.bin.1.187	338184	HQ
MFD03250.bin.1.188	416388	HQ
MFD03250.bin.1.19	1208586	HQ
MFD03250.bin.1.191	2963022	HQ
MFD03250.bin.1.193	1139066	HQ
MFD03250.bin.1.194	3260422	HQ
MFD03250.bin.1.197	360811	HQ
MFD03250.bin.1.200	294890	HQ
MFD03250.bin.1.23	535071	HQ
MFD03250.bin.1.24	3855810	HQ
MFD03250.bin.1.25	1332565	HQ
MFD03250.bin.1.26	2051762	HQ
MFD03250.bin.1.32	5185458	HQ
MFD03250.bin.1.36	3231199	HQ
MFD03250.bin.1.38	1249513	HQ
MFD03250.bin.1.39	601412	HQ
MFD03250.bin.1.42	1100792	HQ
MFD03250.bin.1.43	401964	HQ
MFD03250.bin.1.45	1231361	HQ
MFD03250.bin.1.46	4286759	HQ
MFD03250.bin.1.47	2332521	HQ
MFD03250.bin.1.48	1922938	HQ
MFD03250.bin.1.51	1117391	HQ
MFD03250.bin.1.52	667770	HQ
MFD03250.bin.1.53	525141	HQ
MFD03250.bin.1.55	1753415	HQ
MFD03250.bin.1.57	575177	HQ
MFD03250.bin.1.59	3648608	HQ
MFD03250.bin.1.6	853141	HQ
MFD03250.bin.1.61	1491359	HQ
MFD03250.bin.1.64	273784	HQ
MFD03250.bin.1.66	1165650	HQ
MFD03250.bin.1.67	2445385	HQ
MFD03250.bin.1.69	1843676	HQ
MFD03250.bin.1.70	374619	HQ
MFD03250.bin.1.74	731291	HQ
MFD03250.bin.1.86	4912337	HQ
MFD03250.bin.1.9	1764673	HQ
MFD03250.bin.1.95	718449	HQ
MFD03250.bin.2.77	667613	HQ
MFD03250.bin.2.95	355494	HQ
MFD03250.bin.3.145	213629	HQ
MFD03323.bin.1.10	69905	HQ
MFD03323.bin.1.108	646706	HQ
MFD03323.bin.1.124	38389	HQ
MFD03323.bin.1.136	1602649	HQ
MFD03323.bin.1.140	567647	HQ
MFD03323.bin.1.143	279886	HQ
MFD03323.bin.1.18	3659033	HQ
MFD03323.bin.1.56	31217	HQ
MFD03323.bin.1.82	348043	HQ
MFD03323.bin.1.98	578866	HQ
MFD03323.bin.2.33	585661	HQ
MFD03323.bin.2.59	96128	HQ
MFD03346.bin.1.1	3739060	HQ
MFD03346.bin.1.10	2583106	HQ
MFD03346.bin.1.121	1162527	HQ
MFD03346.bin.1.125	611792	HQ
MFD03346.bin.1.129	4036521	HQ
MFD03346.bin.1.13	6568462	HQ
MFD03346.bin.1.134	532270	HQ
MFD03346.bin.1.136	772954	HQ
MFD03346.bin.1.139	854015	HQ
MFD03346.bin.1.142	572083	HQ
MFD03346.bin.1.144	449765	HQ
MFD03346.bin.1.148	779588	HQ
MFD03346.bin.1.149	493911	HQ
MFD03346.bin.1.30	2762856	HQ
MFD03346.bin.1.39	2317850	HQ
MFD03346.bin.1.44	2933723	HQ
MFD03346.bin.1.46	349803	HQ
MFD03346.bin.1.51	931356	HQ
MFD03346.bin.1.6	3046000	HQ
MFD03346.bin.1.66	359071	HQ
MFD03346.bin.1.71	607063	HQ
MFD03346.bin.1.72	353006	HQ
MFD03346.bin.1.73	132553	HQ
MFD03346.bin.1.74	838395	HQ
MFD03346.bin.1.77	613147	HQ
MFD03346.bin.1.85	727150	HQ
MFD03346.bin.1.9	4350582	HQ
MFD03346.bin.1.90	433157	HQ
MFD03346.bin.1.92	565874	HQ
MFD03346.bin.1.96	437244	HQ
MFD03346.bin.2.106	2270219	HQ
MFD03346.bin.2.46	182016	HQ
MFD03346.bin.2.88	429702	HQ
MFD03346.bin.2.99	433098	HQ
MFD03399.bin.1.108	346469	HQ
MFD03399.bin.1.110	932763	HQ
MFD03399.bin.1.12	289069	HQ
MFD03399.bin.1.125	808418	HQ
MFD03399.bin.1.129	850603	HQ
MFD03399.bin.1.130	398216	HQ
MFD03399.bin.1.132	2950132	HQ
MFD03399.bin.1.133	1427071	HQ
MFD03399.bin.1.134	891613	HQ
MFD03399.bin.1.137	320540	HQ
MFD03399.bin.1.157	630431	HQ
MFD03399.bin.1.164	1023338	HQ
MFD03399.bin.1.170	885974	HQ
MFD03399.bin.1.177	2047789	HQ
MFD03399.bin.1.20	3064374	HQ
MFD03399.bin.1.21	1648696	HQ
MFD03399.bin.1.26	3321915	HQ
MFD03399.bin.1.28	2320272	HQ
MFD03399.bin.1.3	453181	HQ
MFD03399.bin.1.31	800122	HQ
MFD03399.bin.1.33	2674459	HQ
MFD03399.bin.1.35	958965	HQ
MFD03399.bin.1.4	3352299	HQ
MFD03399.bin.1.45	1083684	HQ
MFD03399.bin.1.51	796419	HQ
MFD03399.bin.1.53	585591	HQ
MFD03399.bin.1.54	339017	HQ
MFD03399.bin.1.55	4172008	HQ
MFD03399.bin.1.6	403848	HQ
MFD03399.bin.1.67	1018563	HQ
MFD03399.bin.1.71	2334561	HQ
MFD03399.bin.1.73	1605129	HQ
MFD03399.bin.1.83	2218647	HQ
MFD03399.bin.1.9	960480	HQ
MFD03399.bin.1.95	2127886	HQ
MFD03399.bin.1.96	1155517	HQ
MFD03399.bin.2.118	1402209	HQ
MFD03399.bin.2.54	531614	HQ
MFD03551.bin.1.10	228691	HQ
MFD03551.bin.1.105	281173	HQ
MFD03551.bin.1.110	113228	HQ
MFD03551.bin.1.13	571694	HQ
MFD03551.bin.1.130	172815	HQ
MFD03551.bin.1.131	2469951	HQ
MFD03551.bin.1.137	671071	HQ
MFD03551.bin.1.140	190175	HQ
MFD03551.bin.1.144	398333	HQ
MFD03551.bin.1.145	329011	HQ
MFD03551.bin.1.147	266502	HQ
MFD03551.bin.1.153	101750	HQ
MFD03551.bin.1.155	1881123	HQ
MFD03551.bin.1.156	900805	HQ
MFD03551.bin.1.158	263640	HQ
MFD03551.bin.1.18	200457	HQ
MFD03551.bin.1.37	459554	HQ
MFD03551.bin.1.48	1160386	HQ
MFD03551.bin.1.5	512899	HQ
MFD03551.bin.1.73	187263	HQ
MFD03551.bin.1.74	88558	HQ
MFD03551.bin.1.83	161890	HQ
MFD03551.bin.2.20	187346	HQ
MFD03551.bin.2.28	192348	HQ
MFD03551.bin.2.49	116894	HQ
MFD03551.bin.2.61	101184	HQ
MFD03551.bin.2.90	78690	HQ
MFD03602.bin.1.61	1241036	HQ
MFD03602.bin.1.67	778023	HQ
MFD03602.bin.1.72	229446	HQ
MFD03726.bin.1.10	1748546	HQ
MFD03726.bin.1.113	3244910	HQ
MFD03726.bin.1.123	419523	HQ
MFD03726.bin.1.124	122253	HQ
MFD03726.bin.1.125	1760202	HQ
MFD03726.bin.1.127	913645	HQ
MFD03726.bin.1.13	4567335	HQ
MFD03726.bin.1.133	2744431	HQ
MFD03726.bin.1.138	1337115	HQ
MFD03726.bin.1.14	431530	HQ
MFD03726.bin.1.148	244205	HQ
MFD03726.bin.1.149	142073	HQ
MFD03726.bin.1.150	63295	HQ
MFD03726.bin.1.151	218183	HQ
MFD03726.bin.1.17	379531	HQ
MFD03726.bin.1.170	427206	HQ
MFD03726.bin.1.177	845616	HQ
MFD03726.bin.1.19	2268521	HQ
MFD03726.bin.1.194	151322	HQ
MFD03726.bin.1.195	709892	HQ
MFD03726.bin.1.201	934554	HQ
MFD03726.bin.1.203	58738	HQ
MFD03726.bin.1.208	722180	HQ
MFD03726.bin.1.212	1521719	HQ
MFD03726.bin.1.218	430583	HQ
MFD03726.bin.1.222	726335	HQ
MFD03726.bin.1.226	2094169	HQ
MFD03726.bin.1.229	488081	HQ
MFD03726.bin.1.230	558870	HQ
MFD03726.bin.1.241	197764	HQ
MFD03726.bin.1.243	1435755	HQ
MFD03726.bin.1.27	230001	HQ
MFD03726.bin.1.29	804691	HQ
MFD03726.bin.1.3	1888111	HQ
MFD03726.bin.1.47	245893	HQ
MFD03726.bin.1.49	475427	HQ
MFD03726.bin.1.50	1066873	HQ
MFD03726.bin.1.54	3942921	HQ
MFD03726.bin.1.57	695596	HQ
MFD03726.bin.1.6	2045318	HQ
MFD03726.bin.1.60	606401	HQ
MFD03726.bin.1.62	1996400	HQ
MFD03726.bin.1.63	1468922	HQ
MFD03726.bin.1.65	908139	HQ
MFD03726.bin.1.68	1017555	HQ
MFD03726.bin.1.73	525822	HQ
MFD03726.bin.1.74	949077	HQ
MFD03726.bin.1.76	337777	HQ
MFD03726.bin.1.80	156184	HQ
MFD03726.bin.2.26	176518	HQ
MFD03726.bin.2.46	308839	HQ
MFD03726.bin.2.9	228583	HQ
MFD03804.bin.1.100	705129	HQ
MFD03804.bin.1.101	579645	HQ
MFD03804.bin.1.111	360295	HQ
MFD03804.bin.1.12	394375	HQ
MFD03804.bin.1.13	417429	HQ
MFD03804.bin.1.132	637106	HQ
MFD03804.bin.1.151	357942	HQ
MFD03804.bin.1.157	418193	HQ
MFD03804.bin.1.160	283857	HQ
MFD03804.bin.1.162	253925	HQ
MFD03804.bin.1.164	276283	HQ
MFD03804.bin.1.166	375460	HQ
MFD03804.bin.1.167	3516849	HQ
MFD03804.bin.1.168	275164	HQ
MFD03804.bin.1.169	906910	HQ
MFD03804.bin.1.170	284137	HQ
MFD03804.bin.1.183	1062256	HQ
MFD03804.bin.1.185	1306262	HQ
MFD03804.bin.1.187	1188121	HQ
MFD03804.bin.1.189	653222	HQ
MFD03804.bin.1.194	619955	HQ
MFD03804.bin.1.198	1087116	HQ
MFD03804.bin.1.2	1091574	HQ
MFD03804.bin.1.203	753734	HQ
MFD03804.bin.1.207	454631	HQ
MFD03804.bin.1.209	888646	HQ
MFD03804.bin.1.21	1094627	HQ
MFD03804.bin.1.213	630823	HQ
MFD03804.bin.1.224	337571	HQ
MFD03804.bin.1.229	423309	HQ
MFD03804.bin.1.231	1142209	HQ
MFD03804.bin.1.232	853341	HQ
MFD03804.bin.1.235	476713	HQ
MFD03804.bin.1.238	714331	HQ
MFD03804.bin.1.24	481745	HQ
MFD03804.bin.1.241	327294	HQ
MFD03804.bin.1.249	283511	HQ
MFD03804.bin.1.251	830699	HQ
MFD03804.bin.1.257	816261	HQ
MFD03804.bin.1.262	1376000	HQ
MFD03804.bin.1.265	1232887	HQ
MFD03804.bin.1.269	880517	HQ
MFD03804.bin.1.273	569924	HQ
MFD03804.bin.1.279	472222	HQ
MFD03804.bin.1.32	311696	HQ
MFD03804.bin.1.34	2314873	HQ
MFD03804.bin.1.36	259331	HQ
MFD03804.bin.1.37	319562	HQ
MFD03804.bin.1.39	790277	HQ
MFD03804.bin.1.4	622100	HQ
MFD03804.bin.1.42	259189	HQ
MFD03804.bin.1.44	956414	HQ
MFD03804.bin.1.47	379316	HQ
MFD03804.bin.1.5	285807	HQ
MFD03804.bin.1.53	699215	HQ
MFD03804.bin.1.56	2006075	HQ
MFD03804.bin.1.6	2450829	HQ
MFD03804.bin.1.60	1294968	HQ
MFD03804.bin.1.66	810788	HQ
MFD03804.bin.1.67	760984	HQ
MFD03804.bin.1.68	489849	HQ
MFD03804.bin.1.74	1152319	HQ
MFD03804.bin.1.76	644549	HQ
MFD03804.bin.1.79	1228958	HQ
MFD03804.bin.1.8	200371	HQ
MFD03804.bin.1.81	1843751	HQ
MFD03804.bin.1.84	171000	HQ
MFD03804.bin.1.88	289825	HQ
MFD03804.bin.1.93	548502	HQ
MFD03804.bin.1.96	124016	HQ
MFD03804.bin.2.106	354939	HQ
MFD03804.bin.2.135	259738	HQ
MFD03804.bin.2.142	263669	HQ
MFD03804.bin.2.57	234154	HQ
MFD03804.bin.3.132	564289	HQ
MFD03899.bin.1.111	397381	HQ
MFD03899.bin.1.130	696163	HQ
MFD03899.bin.1.137	1758208	HQ
MFD03899.bin.1.178	476340	HQ
MFD03899.bin.1.184	507089	HQ
MFD03899.bin.1.187	556491	HQ
MFD03899.bin.1.231	904876	HQ
MFD03899.bin.1.233	737754	HQ
MFD03899.bin.1.28	361225	HQ
MFD03899.bin.1.41	1061499	HQ
MFD03899.bin.1.52	1789060	HQ
MFD03899.bin.3.121	113422	HQ
MFD03899.bin.3.229	200129	HQ
MFD03975.bin.1.103	2514665	HQ
MFD03975.bin.1.150	1933972	HQ
MFD03975.bin.1.151	386579	HQ
MFD03975.bin.1.166	2578058	HQ
MFD03975.bin.1.169	462633	HQ
MFD03975.bin.1.215	261504	HQ
MFD03975.bin.1.217	182891	HQ
MFD03975.bin.1.240	287028	HQ
MFD03975.bin.1.244	725085	HQ
MFD03975.bin.1.276	454486	HQ
MFD03975.bin.1.282	583192	HQ
MFD03975.bin.1.3	389144	HQ
MFD03975.bin.1.33	137792	HQ
MFD03975.bin.1.47	584781	HQ
MFD03975.bin.1.62	359361	HQ
MFD03975.bin.1.9	407371	HQ
MFD03975.bin.2.71	348020	HQ
MFD04212.bin.1.1	4646531	HQ
MFD04212.bin.1.10	2431710	HQ
MFD04212.bin.1.11	2582451	HQ
MFD04212.bin.1.130	491285	HQ
MFD04212.bin.1.138	939772	HQ
MFD04212.bin.1.152	608563	HQ
MFD04212.bin.1.158	760292	HQ
MFD04212.bin.1.16	7050730	HQ
MFD04212.bin.1.161	368506	HQ
MFD04212.bin.1.165	3570021	HQ
MFD04212.bin.1.169	1621894	HQ
MFD04212.bin.1.17	1697743	HQ
MFD04212.bin.1.177	2366115	HQ
MFD04212.bin.1.179	648649	HQ
MFD04212.bin.1.180	154453	HQ
MFD04212.bin.1.184	2016436	HQ
MFD04212.bin.1.186	2008399	HQ
MFD04212.bin.1.19	3087658	HQ
MFD04212.bin.1.190	4068781	HQ
MFD04212.bin.1.193	454826	HQ
MFD04212.bin.1.198	1797533	HQ
MFD04212.bin.1.200	577252	HQ
MFD04212.bin.1.205	689625	HQ
MFD04212.bin.1.206	1664807	HQ
MFD04212.bin.1.208	255487	HQ
MFD04212.bin.1.21	3459351	HQ
MFD04212.bin.1.211	3104705	HQ
MFD04212.bin.1.214	1589631	HQ
MFD04212.bin.1.232	4087509	HQ
MFD04212.bin.1.234	1045517	HQ
MFD04212.bin.1.237	740879	HQ
MFD04212.bin.1.24	1344811	HQ
MFD04212.bin.1.25	1316884	HQ
MFD04212.bin.1.269	1604940	HQ
MFD04212.bin.1.289	786377	HQ
MFD04212.bin.1.291	1142214	HQ
MFD04212.bin.1.292	1342383	HQ
MFD04212.bin.1.294	5037831	HQ
MFD04212.bin.1.298	2981848	HQ
MFD04212.bin.1.3	3357067	HQ
MFD04212.bin.1.303	4614813	HQ
MFD04212.bin.1.309	1724197	HQ
MFD04212.bin.1.315	2052088	HQ
MFD04212.bin.1.32	1061894	HQ
MFD04212.bin.1.320	1579657	HQ
MFD04212.bin.1.326	902672	HQ
MFD04212.bin.1.40	510948	HQ
MFD04212.bin.1.42	848191	HQ
MFD04212.bin.1.43	2669953	HQ
MFD04212.bin.1.44	2018507	HQ
MFD04212.bin.1.45	2870481	HQ
MFD04212.bin.1.56	2826778	HQ
MFD04212.bin.1.59	3779720	HQ
MFD04212.bin.1.65	645662	HQ
MFD04212.bin.1.66	925328	HQ
MFD04212.bin.1.67	1142330	HQ
MFD04212.bin.1.71	754433	HQ
MFD04212.bin.1.72	2336287	HQ
MFD04212.bin.1.81	1706033	HQ
MFD04212.bin.1.86	314221	HQ
MFD04212.bin.1.89	751939	HQ
MFD04212.bin.1.9	389783	HQ
MFD04212.bin.1.94	587322	HQ
MFD04212.bin.2.100	360099	HQ
MFD04212.bin.2.233	277905	HQ
MFD04212.bin.3.167	508042	HQ
MFD04408.bin.1.1	4560930	HQ
MFD04408.bin.1.100	1465721	HQ
MFD04408.bin.1.126	43444	HQ
MFD04408.bin.1.13	3311678	HQ
MFD04408.bin.1.133	344796	HQ
MFD04408.bin.1.134	2626303	HQ
MFD04408.bin.1.14	4309361	HQ
MFD04408.bin.1.141	408072	HQ
MFD04408.bin.1.159	1110825	HQ
MFD04408.bin.1.165	272537	HQ
MFD04408.bin.1.172	698664	HQ
MFD04408.bin.1.174	4359072	HQ
MFD04408.bin.1.18	3203908	HQ
MFD04408.bin.1.182	1559876	HQ
MFD04408.bin.1.221	353761	HQ
MFD04408.bin.1.29	4283307	HQ
MFD04408.bin.1.36	875461	HQ
MFD04408.bin.1.44	2723046	HQ
MFD04408.bin.1.52	538786	HQ
MFD04408.bin.1.55	224652	HQ
MFD04408.bin.1.58	615295	HQ
MFD04408.bin.1.61	1231892	HQ
MFD04408.bin.1.9	461184	HQ
MFD04408.bin.1.96	268182	HQ
MFD04428.bin.1.10	447928	HQ
MFD04428.bin.1.101	152303	HQ
MFD04428.bin.1.112	174933	HQ
MFD04428.bin.1.147	266840	HQ
MFD04428.bin.1.152	455216	HQ
MFD04428.bin.1.167	3673862	HQ
MFD04428.bin.1.17	167129	HQ
MFD04428.bin.1.177	785779	HQ
MFD04428.bin.1.181	222644	HQ
MFD04428.bin.1.20	253365	HQ
MFD04428.bin.1.4	924192	HQ
MFD04428.bin.1.55	1215143	HQ
MFD04428.bin.1.58	346467	HQ
MFD04428.bin.1.66	1310562	HQ
MFD04428.bin.1.71	524347	HQ
MFD04428.bin.1.72	154525	HQ
MFD04428.bin.1.96	419470	HQ
MFD04428.bin.2.2	311104	HQ
MFD04428.bin.2.43	405128	HQ
MFD04434.bin.1.109	667656	HQ
MFD04434.bin.1.11	3748688	HQ
MFD04434.bin.1.116	367980	HQ
MFD04434.bin.1.117	901051	HQ
MFD04434.bin.1.119	3848513	HQ
MFD04434.bin.1.123	1072246	HQ
MFD04434.bin.1.124	315203	HQ
MFD04434.bin.1.125	2611327	HQ
MFD04434.bin.1.131	1482700	HQ
MFD04434.bin.1.136	883545	HQ
MFD04434.bin.1.140	318163	HQ
MFD04434.bin.1.145	932327	HQ
MFD04434.bin.1.151	1524154	HQ
MFD04434.bin.1.159	428011	HQ
MFD04434.bin.1.16	1296603	HQ
MFD04434.bin.1.169	1136171	HQ
MFD04434.bin.1.17	585947	HQ
MFD04434.bin.1.171	471278	HQ
MFD04434.bin.1.18	2137138	HQ
MFD04434.bin.1.184	648445	HQ
MFD04434.bin.1.190	384628	HQ
MFD04434.bin.1.31	1341826	HQ
MFD04434.bin.1.33	851423	HQ
MFD04434.bin.1.35	367805	HQ
MFD04434.bin.1.36	868218	HQ
MFD04434.bin.1.37	1386423	HQ
MFD04434.bin.1.39	748993	HQ
MFD04434.bin.1.41	1169372	HQ
MFD04434.bin.1.44	1187557	HQ
MFD04434.bin.1.46	1574768	HQ
MFD04434.bin.1.49	3174595	HQ
MFD04434.bin.1.50	3668645	HQ
MFD04434.bin.1.60	3155586	HQ
MFD04434.bin.1.61	683889	HQ
MFD04434.bin.1.78	1299826	HQ
MFD04434.bin.1.80	2183429	HQ
MFD04434.bin.2.133	728506	HQ
MFD04434.bin.3.232	199931	HQ
MFD04463.bin.1.10	992776	HQ
MFD04463.bin.1.103	1743868	HQ
MFD04463.bin.1.106	2358169	HQ
MFD04463.bin.1.108	749078	HQ
MFD04463.bin.1.121	495177	HQ
MFD04463.bin.1.126	1059267	HQ
MFD04463.bin.1.133	650858	HQ
MFD04463.bin.1.137	2666967	HQ
MFD04463.bin.1.138	343471	HQ
MFD04463.bin.1.14	1209941	HQ
MFD04463.bin.1.146	1901429	HQ
MFD04463.bin.1.148	584255	HQ
MFD04463.bin.1.15	5407162	HQ
MFD04463.bin.1.172	1017273	HQ
MFD04463.bin.1.19	4159512	HQ
MFD04463.bin.1.193	846920	HQ
MFD04463.bin.1.197	998721	HQ
MFD04463.bin.1.204	652715	HQ
MFD04463.bin.1.206	428609	HQ
MFD04463.bin.1.207	435331	HQ
MFD04463.bin.1.211	2086020	HQ
MFD04463.bin.1.212	461177	HQ
MFD04463.bin.1.216	508984	HQ
MFD04463.bin.1.219	1084594	HQ
MFD04463.bin.1.221	789459	HQ
MFD04463.bin.1.222	226115	HQ
MFD04463.bin.1.226	3466798	HQ
MFD04463.bin.1.241	2274173	HQ
MFD04463.bin.1.248	852308	HQ
MFD04463.bin.1.253	3060010	HQ
MFD04463.bin.1.255	777713	HQ
MFD04463.bin.1.256	904995	HQ
MFD04463.bin.1.273	1394238	HQ
MFD04463.bin.1.282	321999	HQ
MFD04463.bin.1.284	4709754	HQ
MFD04463.bin.1.288	732559	HQ
MFD04463.bin.1.295	815812	HQ
MFD04463.bin.1.296	596729	HQ
MFD04463.bin.1.298	778785	HQ
MFD04463.bin.1.306	1068119	HQ
MFD04463.bin.1.321	705974	HQ
MFD04463.bin.1.35	803456	HQ
MFD04463.bin.1.41	3280065	HQ
MFD04463.bin.1.43	760550	HQ
MFD04463.bin.1.45	727455	HQ
MFD04463.bin.1.49	503329	HQ
MFD04463.bin.1.56	3652599	HQ
MFD04463.bin.1.58	1108292	HQ
MFD04463.bin.1.59	744030	HQ
MFD04463.bin.1.65	3003312	HQ
MFD04463.bin.1.72	1834618	HQ
MFD04463.bin.1.82	740043	HQ
MFD04463.bin.1.91	719646	HQ
MFD04463.bin.1.93	3053044	HQ
MFD04463.bin.2.22	273789	HQ
MFD04463.bin.2.77	404496	HQ
MFD04463.bin.2.78	232187	HQ
MFD04463.bin.3.24	278851	HQ
MFD04463.bin.3.58	385674	HQ
MFD04492.bin.1.1	498222	HQ
MFD04492.bin.1.102	895799	HQ
MFD04492.bin.1.108	634317	HQ
MFD04492.bin.1.120	784190	HQ
MFD04492.bin.1.127	745943	HQ
MFD04492.bin.1.129	117101	HQ
MFD04492.bin.1.138	116801	HQ
MFD04492.bin.1.14	788937	HQ
MFD04492.bin.1.142	1733188	HQ
MFD04492.bin.1.143	1746605	HQ
MFD04492.bin.1.15	316907	HQ
MFD04492.bin.1.18	5320406	HQ
MFD04492.bin.1.183	1001449	HQ
MFD04492.bin.1.190	143481	HQ
MFD04492.bin.1.203	3271526	HQ
MFD04492.bin.1.27	1201413	HQ
MFD04492.bin.1.43	2494565	HQ
MFD04492.bin.1.56	599729	HQ
MFD04492.bin.1.74	411030	HQ
MFD04492.bin.2.88	276062	HQ
MFD04540.bin.1.1	2976686	HQ
MFD04540.bin.1.106	596164	HQ
MFD04540.bin.1.109	223729	HQ
MFD04540.bin.1.115	228828	HQ
MFD04540.bin.1.122	695673	HQ
MFD04540.bin.1.126	995137	HQ
MFD04540.bin.1.129	537215	HQ
MFD04540.bin.1.13	361616	HQ
MFD04540.bin.1.132	126082	HQ
MFD04540.bin.1.137	1313503	HQ
MFD04540.bin.1.138	510363	HQ
MFD04540.bin.1.139	1815451	HQ
MFD04540.bin.1.14	476779	HQ
MFD04540.bin.1.142	1694540	HQ
MFD04540.bin.1.144	875803	HQ
MFD04540.bin.1.145	382656	HQ
MFD04540.bin.1.147	987759	HQ
MFD04540.bin.1.150	988909	HQ
MFD04540.bin.1.152	501333	HQ
MFD04540.bin.1.154	551117	HQ
MFD04540.bin.1.17	584804	HQ
MFD04540.bin.1.19	448281	HQ
MFD04540.bin.1.21	235148	HQ
MFD04540.bin.1.23	750121	HQ
MFD04540.bin.1.24	1278655	HQ
MFD04540.bin.1.26	466321	HQ
MFD04540.bin.1.28	546360	HQ
MFD04540.bin.1.29	1316652	HQ
MFD04540.bin.1.3	687765	HQ
MFD04540.bin.1.34	1146890	HQ
MFD04540.bin.1.38	8340193	HQ
MFD04540.bin.1.39	783986	HQ
MFD04540.bin.1.4	2997966	HQ
MFD04540.bin.1.40	1287077	HQ
MFD04540.bin.1.59	2224719	HQ
MFD04540.bin.1.6	1036176	HQ
MFD04540.bin.1.68	3429082	HQ
MFD04540.bin.1.70	4014820	HQ
MFD04540.bin.1.71	573073	HQ
MFD04540.bin.1.72	1133263	HQ
MFD04540.bin.1.73	376559	HQ
MFD04540.bin.1.74	304854	HQ
MFD04540.bin.1.76	3025850	HQ
MFD04540.bin.1.79	263957	HQ
MFD04540.bin.1.82	5153049	HQ
MFD04540.bin.1.84	848130	HQ
MFD04540.bin.1.88	656882	HQ
MFD04540.bin.2.100	722444	HQ
MFD04570.bin.1.1	866544	HQ
MFD04570.bin.1.109	550396	HQ
MFD04570.bin.1.112	909628	HQ
MFD04570.bin.1.113	377847	HQ
MFD04570.bin.1.153	335367	HQ
MFD04570.bin.1.19	356930	HQ
MFD04570.bin.1.28	182474	HQ
MFD04570.bin.1.3	1574633	HQ
MFD04570.bin.1.38	272781	HQ
MFD04580.bin.1.117	772084	HQ
MFD04580.bin.1.119	1033837	HQ
MFD04580.bin.1.121	532868	HQ
MFD04580.bin.1.124	2486712	HQ
MFD04580.bin.1.135	2802256	HQ
MFD04580.bin.1.136	480644	HQ
MFD04580.bin.1.141	910327	HQ
MFD04580.bin.1.150	3880321	HQ
MFD04580.bin.1.152	1979381	HQ
MFD04580.bin.1.159	960629	HQ
MFD04580.bin.1.163	504593	HQ
MFD04580.bin.1.164	1054784	HQ
MFD04580.bin.1.17	826801	HQ
MFD04580.bin.1.170	4376578	HQ
MFD04580.bin.1.172	2101175	HQ
MFD04580.bin.1.178	775090	HQ
MFD04580.bin.1.18	581184	HQ
MFD04580.bin.1.19	4098766	HQ
MFD04580.bin.1.28	3438743	HQ
MFD04580.bin.1.32	756176	HQ
MFD04580.bin.1.34	471653	HQ
MFD04580.bin.1.35	2302542	HQ
MFD04580.bin.1.37	3144606	HQ
MFD04580.bin.1.38	964156	HQ
MFD04580.bin.1.40	2160728	HQ
MFD04580.bin.1.42	348907	HQ
MFD04580.bin.1.45	4263133	HQ
MFD04580.bin.1.47	902261	HQ
MFD04580.bin.1.48	547926	HQ
MFD04580.bin.1.6	1661087	HQ
MFD04580.bin.1.68	787607	HQ
MFD04580.bin.1.79	734606	HQ
MFD04580.bin.1.80	509288	HQ
MFD04580.bin.1.82	1315869	HQ
MFD04580.bin.1.85	783267	HQ
MFD04580.bin.1.87	3123268	HQ
MFD04580.bin.1.88	680566	HQ
MFD04580.bin.1.89	572683	HQ
MFD04580.bin.1.9	3617947	HQ
MFD04580.bin.1.91	183435	HQ
MFD04580.bin.2.108	649561	HQ
MFD04580.bin.3.330	967496	HQ
MFD04651.bin.1.106	708673	HQ
MFD04651.bin.1.122	555941	HQ
MFD04651.bin.1.124	847349	HQ
MFD04651.bin.1.127	514621	HQ
MFD04651.bin.1.131	210402	HQ
MFD04651.bin.1.135	253188	HQ
MFD04651.bin.1.136	3568027	HQ
MFD04651.bin.1.138	241733	HQ
MFD04651.bin.1.139	248427	HQ
MFD04651.bin.1.140	417089	HQ
MFD04651.bin.1.141	396355	HQ
MFD04651.bin.1.148	1246730	HQ
MFD04651.bin.1.149	170506	HQ
MFD04651.bin.1.151	2661952	HQ
MFD04651.bin.1.164	1123287	HQ
MFD04651.bin.1.166	1949463	HQ
MFD04651.bin.1.168	692165	HQ
MFD04651.bin.1.17	3701726	HQ
MFD04651.bin.1.172	511741	HQ
MFD04651.bin.1.173	1558466	HQ
MFD04651.bin.1.175	1214086	HQ
MFD04651.bin.1.176	447075	HQ
MFD04651.bin.1.18	731077	HQ
MFD04651.bin.1.182	376354	HQ
MFD04651.bin.1.196	2074241	HQ
MFD04651.bin.1.201	749066	HQ
MFD04651.bin.1.211	3369787	HQ
MFD04651.bin.1.215	1633744	HQ
MFD04651.bin.1.216	1914283	HQ
MFD04651.bin.1.217	672894	HQ
MFD04651.bin.1.22	1399454	HQ
MFD04651.bin.1.221	1347099	HQ
MFD04651.bin.1.223	1449591	HQ
MFD04651.bin.1.226	1239146	HQ
MFD04651.bin.1.228	640756	HQ
MFD04651.bin.1.23	4694772	HQ
MFD04651.bin.1.230	366007	HQ
MFD04651.bin.1.233	1177239	HQ
MFD04651.bin.1.234	1187647	HQ
MFD04651.bin.1.237	3711851	HQ
MFD04651.bin.1.238	475455	HQ
MFD04651.bin.1.239	1217558	HQ
MFD04651.bin.1.240	2048232	HQ
MFD04651.bin.1.26	794360	HQ
MFD04651.bin.1.29	568743	HQ
MFD04651.bin.1.44	841209	HQ
MFD04651.bin.1.47	228612	HQ
MFD04651.bin.1.48	435950	HQ
MFD04651.bin.1.50	287662	HQ
MFD04651.bin.1.52	1029484	HQ
MFD04651.bin.1.55	1390071	HQ
MFD04651.bin.1.60	488862	HQ
MFD04651.bin.1.61	529057	HQ
MFD04651.bin.1.78	459277	HQ
MFD04651.bin.1.92	832021	HQ
MFD04651.bin.2.135	977701	HQ
MFD04651.bin.2.179	707438	HQ
MFD04651.bin.2.4	737186	HQ
MFD04716.bin.1.102	570477	HQ
MFD04716.bin.1.11	862366	HQ
MFD04716.bin.1.114	2138985	HQ
MFD04716.bin.1.116	3753814	HQ
MFD04716.bin.1.117	3624741	HQ
MFD04716.bin.1.125	628439	HQ
MFD04716.bin.1.136	491195	HQ
MFD04716.bin.1.139	539025	HQ
MFD04716.bin.1.149	301075	HQ
MFD04716.bin.1.159	325602	HQ
MFD04716.bin.1.179	418738	HQ
MFD04716.bin.1.185	482252	HQ
MFD04716.bin.1.213	422668	HQ
MFD04716.bin.1.227	1426148	HQ
MFD04716.bin.1.235	1144965	HQ
MFD04716.bin.1.243	122773	HQ
MFD04716.bin.1.245	320945	HQ
MFD04716.bin.1.249	1410117	HQ
MFD04716.bin.1.251	426540	HQ
MFD04716.bin.1.258	419990	HQ
MFD04716.bin.1.266	456045	HQ
MFD04716.bin.1.269	489211	HQ
MFD04716.bin.1.273	330899	HQ
MFD04716.bin.1.274	363196	HQ
MFD04716.bin.1.276	813132	HQ
MFD04716.bin.1.277	386201	HQ
MFD04716.bin.1.280	390639	HQ
MFD04716.bin.1.291	2314610	HQ
MFD04716.bin.1.293	723379	HQ
MFD04716.bin.1.297	245312	HQ
MFD04716.bin.1.3	560194	HQ
MFD04716.bin.1.302	1359999	HQ
MFD04716.bin.1.308	605267	HQ
MFD04716.bin.1.309	1323527	HQ
MFD04716.bin.1.311	534989	HQ
MFD04716.bin.1.312	497320	HQ
MFD04716.bin.1.315	258284	HQ
MFD04716.bin.1.327	363899	HQ
MFD04716.bin.1.353	634367	HQ
MFD04716.bin.1.355	210945	HQ
MFD04716.bin.1.360	476112	HQ
MFD04716.bin.1.37	843242	HQ
MFD04716.bin.1.370	685632	HQ
MFD04716.bin.1.373	396619	HQ
MFD04716.bin.1.381	559232	HQ
MFD04716.bin.1.388	206292	HQ
MFD04716.bin.1.394	276374	HQ
MFD04716.bin.1.395	503027	HQ
MFD04716.bin.1.396	438874	HQ
MFD04716.bin.1.399	2109999	HQ
MFD04716.bin.1.4	808993	HQ
MFD04716.bin.1.40	4037919	HQ
MFD04716.bin.1.405	2376131	HQ
MFD04716.bin.1.406	829341	HQ
MFD04716.bin.1.408	189827	HQ
MFD04716.bin.1.412	319916	HQ
MFD04716.bin.1.416	743149	HQ
MFD04716.bin.1.418	3136011	HQ
MFD04716.bin.1.419	361733	HQ
MFD04716.bin.1.420	552036	HQ
MFD04716.bin.1.45	2201670	HQ
MFD04716.bin.1.53	628163	HQ
MFD04716.bin.1.58	318040	HQ
MFD04716.bin.1.59	436152	HQ
MFD04716.bin.1.66	760572	HQ
MFD04716.bin.1.71	6095823	HQ
MFD04716.bin.1.74	882570	HQ
MFD04716.bin.1.76	2067562	HQ
MFD04716.bin.1.82	2435865	HQ
MFD04716.bin.1.84	941710	HQ
MFD04716.bin.1.85	3389817	HQ
MFD04716.bin.1.88	1074024	HQ
MFD04716.bin.1.95	589869	HQ
MFD04716.bin.1.98	548919	HQ
MFD04716.bin.2.107	165616	HQ
MFD04716.bin.2.163	344290	HQ
MFD04716.bin.2.165	1178113	HQ
MFD04716.bin.2.270	206479	HQ
MFD04716.bin.2.288	1025475	HQ
MFD04716.bin.2.290	425596	HQ
MFD04716.bin.2.301	106499	HQ
MFD04716.bin.2.40	550243	HQ
MFD04716.bin.2.71	455249	HQ
MFD04716.bin.3.317	774646	HQ
MFD04716.bin.3.528	249735	HQ
MFD04716.bin.3.834	1191617	HQ
MFD04752.bin.1.121	357323	HQ
MFD04752.bin.1.127	340841	HQ
MFD04752.bin.1.131	388819	HQ
MFD04752.bin.1.137	1131419	HQ
MFD04752.bin.1.152	407884	HQ
MFD04752.bin.1.164	132449	HQ
MFD04752.bin.1.17	311766	HQ
MFD04752.bin.1.29	497792	HQ
MFD04752.bin.1.3	506120	HQ
MFD04752.bin.1.33	879045	HQ
MFD04752.bin.1.37	607452	HQ
MFD04752.bin.1.7	153472	HQ
MFD04752.bin.1.81	36815	HQ
MFD04752.bin.1.84	211614	HQ
MFD04752.bin.1.91	31370	HQ
MFD04752.bin.1.93	65074	HQ
MFD04752.bin.3.293	105062	HQ
MFD04780.bin.1.106	169935	HQ
MFD04780.bin.1.108	191101	HQ
MFD04780.bin.1.109	520646	HQ
MFD04780.bin.1.111	235140	HQ
MFD04780.bin.1.112	411177	HQ
MFD04780.bin.1.113	690284	HQ
MFD04780.bin.1.147	1918476	HQ
MFD04780.bin.1.16	398891	HQ
MFD04780.bin.1.172	310719	HQ
MFD04780.bin.1.177	3053010	HQ
MFD04780.bin.1.195	1640152	HQ
MFD04780.bin.1.197	387450	HQ
MFD04780.bin.1.202	275533	HQ
MFD04780.bin.1.207	602393	HQ
MFD04780.bin.1.216	292841	HQ
MFD04780.bin.1.217	792559	HQ
MFD04780.bin.1.218	1953777	HQ
MFD04780.bin.1.32	1921053	HQ
MFD04780.bin.1.33	346836	HQ
MFD04780.bin.1.84	124733	HQ
MFD04780.bin.2.113	226187	HQ
MFD04780.bin.2.74	411288	HQ
MFD04780.bin.3.483	467823	HQ
MFD04850.bin.1.1	272011	HQ
MFD04850.bin.1.100	246877	HQ
MFD04850.bin.1.102	518723	HQ
MFD04850.bin.1.105	311865	HQ
MFD04850.bin.1.21	170003	HQ
MFD04850.bin.1.214	466890	HQ
MFD04850.bin.1.220	532005	HQ
MFD04850.bin.1.225	1031997	HQ
MFD04850.bin.1.232	451994	HQ
MFD04850.bin.1.243	230839	HQ
MFD04850.bin.1.250	286764	HQ
MFD04850.bin.1.280	483669	HQ
MFD04850.bin.1.304	137009	HQ
MFD04850.bin.1.353	280355	HQ
MFD04850.bin.1.410	889220	HQ
MFD04850.bin.1.411	746170	HQ
MFD04850.bin.1.43	428593	HQ
MFD04850.bin.1.52	569167	HQ
MFD04850.bin.1.53	2204116	HQ
MFD04850.bin.1.63	725396	HQ
MFD04850.bin.1.72	429437	HQ
MFD04850.bin.1.9	853429	HQ
MFD04850.bin.2.111	338513	HQ
MFD04850.bin.2.129	212474	HQ
MFD04850.bin.2.48	246154	HQ
MFD04935.bin.1.10	4181877	HQ
MFD04935.bin.1.119	639868	HQ
MFD04935.bin.1.13	823627	HQ
MFD04935.bin.1.141	2021497	HQ
MFD04935.bin.1.142	1960533	HQ
MFD04935.bin.1.144	1165399	HQ
MFD04935.bin.1.146	2367134	HQ
MFD04935.bin.1.153	782152	HQ
MFD04935.bin.1.162	2544498	HQ
MFD04935.bin.1.171	1522936	HQ
MFD04935.bin.1.176	2169515	HQ
MFD04935.bin.1.19	1244042	HQ
MFD04935.bin.1.24	649473	HQ
MFD04935.bin.1.25	1025469	HQ
MFD04935.bin.1.3	3749070	HQ
MFD04935.bin.1.4	1244426	HQ
MFD04935.bin.1.50	7921682	HQ
MFD04935.bin.1.56	2449200	HQ
MFD04935.bin.1.62	1864310	HQ
MFD04935.bin.1.7	793293	HQ
MFD04935.bin.1.79	748769	HQ
MFD04935.bin.1.80	1076316	HQ
MFD04935.bin.1.81	1297114	HQ
MFD04935.bin.1.83	760498	HQ
MFD04935.bin.1.89	579553	HQ
MFD04935.bin.1.95	1263367	HQ
MFD04935.bin.2.124	716991	HQ
MFD04935.bin.3.187	466874	HQ
MFD04935.bin.3.316	225818	HQ
MFD04935.bin.3.46	299381	HQ
MFD04935.bin.3.85	1340157	HQ
MFD04944.bin.1.1	4276312	HQ
MFD04944.bin.1.10	570234	HQ
MFD04944.bin.1.103	406210	HQ
MFD04944.bin.1.104	710209	HQ
MFD04944.bin.1.105	1340252	HQ
MFD04944.bin.1.106	608137	HQ
MFD04944.bin.1.11	855649	HQ
MFD04944.bin.1.111	714998	HQ
MFD04944.bin.1.114	954475	HQ
MFD04944.bin.1.137	552915	HQ
MFD04944.bin.1.147	1094589	HQ
MFD04944.bin.1.15	2314346	HQ
MFD04944.bin.1.16	1903852	HQ
MFD04944.bin.1.167	1414866	HQ
MFD04944.bin.1.178	247275	HQ
MFD04944.bin.1.18	1032555	HQ
MFD04944.bin.1.187	187600	HQ
MFD04944.bin.1.190	4577037	HQ
MFD04944.bin.1.191	539297	HQ
MFD04944.bin.1.194	1228244	HQ
MFD04944.bin.1.206	459082	HQ
MFD04944.bin.1.208	1723479	HQ
MFD04944.bin.1.209	2423598	HQ
MFD04944.bin.1.213	682090	HQ
MFD04944.bin.1.216	1144028	HQ
MFD04944.bin.1.217	986159	HQ
MFD04944.bin.1.225	1128721	HQ
MFD04944.bin.1.226	454167	HQ
MFD04944.bin.1.227	4050878	HQ
MFD04944.bin.1.23	1977364	HQ
MFD04944.bin.1.237	962919	HQ
MFD04944.bin.1.246	839943	HQ
MFD04944.bin.1.250	221837	HQ
MFD04944.bin.1.263	3901148	HQ
MFD04944.bin.1.265	1125332	HQ
MFD04944.bin.1.267	1797266	HQ
MFD04944.bin.1.27	982123	HQ
MFD04944.bin.1.270	613695	HQ
MFD04944.bin.1.277	2689925	HQ
MFD04944.bin.1.279	1165930	HQ
MFD04944.bin.1.282	2969263	HQ
MFD04944.bin.1.29	1448225	HQ
MFD04944.bin.1.290	592536	HQ
MFD04944.bin.1.291	3034792	HQ
MFD04944.bin.1.300	488902	HQ
MFD04944.bin.1.302	1746486	HQ
MFD04944.bin.1.304	1029925	HQ
MFD04944.bin.1.305	397469	HQ
MFD04944.bin.1.307	2167168	HQ
MFD04944.bin.1.309	574564	HQ
MFD04944.bin.1.31	3450992	HQ
MFD04944.bin.1.310	810475	HQ
MFD04944.bin.1.316	891044	HQ
MFD04944.bin.1.317	696772	HQ
MFD04944.bin.1.318	611072	HQ
MFD04944.bin.1.320	1434293	HQ
MFD04944.bin.1.323	466069	HQ
MFD04944.bin.1.326	1588111	HQ
MFD04944.bin.1.328	717427	HQ
MFD04944.bin.1.332	552987	HQ
MFD04944.bin.1.334	1527850	HQ
MFD04944.bin.1.336	4462701	HQ
MFD04944.bin.1.337	410292	HQ
MFD04944.bin.1.34	385229	HQ
MFD04944.bin.1.36	4344026	HQ
MFD04944.bin.1.39	2797396	HQ
MFD04944.bin.1.4	1427689	HQ
MFD04944.bin.1.40	1551364	HQ
MFD04944.bin.1.41	1207957	HQ
MFD04944.bin.1.43	1060373	HQ
MFD04944.bin.1.51	2663370	HQ
MFD04944.bin.1.53	1347280	HQ
MFD04944.bin.1.54	5010067	HQ
MFD04944.bin.1.57	685558	HQ
MFD04944.bin.1.58	506743	HQ
MFD04944.bin.1.60	1605021	HQ
MFD04944.bin.1.66	1095826	HQ
MFD04944.bin.1.68	537909	HQ
MFD04944.bin.1.7	508815	HQ
MFD04944.bin.1.71	967655	HQ
MFD04944.bin.1.72	1416788	HQ
MFD04944.bin.1.73	855425	HQ
MFD04944.bin.1.75	4105976	HQ
MFD04944.bin.1.79	902718	HQ
MFD04944.bin.1.85	442758	HQ
MFD04944.bin.1.87	2165143	HQ
MFD04944.bin.1.9	1125088	HQ
MFD04944.bin.1.90	3727537	HQ
MFD04944.bin.1.92	754304	HQ
MFD04944.bin.1.93	762437	HQ
MFD04944.bin.1.97	860804	HQ
MFD04944.bin.2.102	1686996	HQ
MFD04944.bin.2.140	305538	HQ
MFD04944.bin.2.141	292548	HQ
MFD04944.bin.2.148	841257	HQ
MFD04944.bin.2.196	331025	HQ
MFD04944.bin.2.208	212018	HQ
MFD04944.bin.2.216	302274	HQ
MFD04944.bin.2.220	540026	HQ
MFD04944.bin.2.36	336332	HQ
MFD04944.bin.2.37	3313751	HQ
MFD04944.bin.2.54	3566354	HQ
MFD04944.bin.2.63	3706001	HQ
MFD04944.bin.3.75	332330	HQ
MFD04967.bin.1.10	729479	HQ
MFD04967.bin.1.106	866386	HQ
MFD04967.bin.1.114	324777	HQ
MFD04967.bin.1.127	696225	HQ
MFD04967.bin.1.135	705982	HQ
MFD04967.bin.1.138	855843	HQ
MFD04967.bin.1.141	279746	HQ
MFD04967.bin.1.142	561118	HQ
MFD04967.bin.1.146	120694	HQ
MFD04967.bin.1.154	155949	HQ
MFD04967.bin.1.157	5922632	HQ
MFD04967.bin.1.168	545768	HQ
MFD04967.bin.1.171	3054237	HQ
MFD04967.bin.1.175	569411	HQ
MFD04967.bin.1.177	1533537	HQ
MFD04967.bin.1.181	279355	HQ
MFD04967.bin.1.193	776152	HQ
MFD04967.bin.1.194	448423	HQ
MFD04967.bin.1.195	1319051	HQ
MFD04967.bin.1.197	4041207	HQ
MFD04967.bin.1.206	313980	HQ
MFD04967.bin.1.212	979045	HQ
MFD04967.bin.1.213	770154	HQ
MFD04967.bin.1.219	208783	HQ
MFD04967.bin.1.220	607780	HQ
MFD04967.bin.1.221	3770209	HQ
MFD04967.bin.1.226	2870709	HQ
MFD04967.bin.1.230	8672098	HQ
MFD04967.bin.1.231	731425	HQ
MFD04967.bin.1.28	809459	HQ
MFD04967.bin.1.30	477998	HQ
MFD04967.bin.1.31	1257924	HQ
MFD04967.bin.1.34	5116566	HQ
MFD04967.bin.1.35	494083	HQ
MFD04967.bin.1.42	782259	HQ
MFD04967.bin.1.50	767330	HQ
MFD04967.bin.1.52	231032	HQ
MFD04967.bin.1.53	3252086	HQ
MFD04967.bin.1.54	1077693	HQ
MFD04967.bin.1.57	3194671	HQ
MFD04967.bin.1.58	2041098	HQ
MFD04967.bin.1.59	196356	HQ
MFD04967.bin.1.6	4005159	HQ
MFD04967.bin.1.60	4615241	HQ
MFD04967.bin.1.64	373141	HQ
MFD04967.bin.1.78	1500192	HQ
MFD04967.bin.2.159	253625	HQ
MFD04967.bin.2.87	236309	HQ
MFD05088.bin.1.104	264652	HQ
MFD05088.bin.1.118	166406	HQ
MFD05088.bin.1.150	253788	HQ
MFD05088.bin.1.169	808565	HQ
MFD05088.bin.1.176	742235	HQ
MFD05088.bin.1.31	280083	HQ
MFD05088.bin.2.40	172183	HQ
MFD05176.bin.1.125	352625	HQ
MFD05176.bin.1.171	138471	HQ
MFD05176.bin.1.177	433884	HQ
MFD05176.bin.1.208	219454	HQ
MFD05176.bin.1.230	882793	HQ
MFD05176.bin.1.238	377653	HQ
MFD05176.bin.1.278	360183	HQ
MFD05176.bin.1.306	620652	HQ
MFD05176.bin.1.47	297217	HQ
MFD05176.bin.1.61	253779	HQ
MFD05176.bin.1.65	296844	HQ
MFD05176.bin.2.32	215102	HQ
MFD05377.bin.1.102	1783675	HQ
MFD05377.bin.1.113	234353	HQ
MFD05377.bin.1.115	312101	HQ
MFD05377.bin.1.117	3536005	HQ
MFD05377.bin.1.119	289672	HQ
MFD05377.bin.1.126	541032	HQ
MFD05377.bin.1.127	412555	HQ
MFD05377.bin.1.141	183382	HQ
MFD05377.bin.1.15	535089	HQ
MFD05377.bin.1.164	394823	HQ
MFD05377.bin.1.171	3127438	HQ
MFD05377.bin.1.176	668721	HQ
MFD05377.bin.1.182	1312852	HQ
MFD05377.bin.1.184	271912	HQ
MFD05377.bin.1.191	879820	HQ
MFD05377.bin.1.204	1579061	HQ
MFD05377.bin.1.214	509404	HQ
MFD05377.bin.1.218	221652	HQ
MFD05377.bin.1.220	504870	HQ
MFD05377.bin.1.24	1809966	HQ
MFD05377.bin.1.45	191366	HQ
MFD05377.bin.1.47	1084803	HQ
MFD05377.bin.1.52	1726623	HQ
MFD05377.bin.1.56	4085789	HQ
MFD05377.bin.1.58	274037	HQ
MFD05377.bin.1.61	755751	HQ
MFD05377.bin.1.62	3977095	HQ
MFD05377.bin.1.65	1856506	HQ
MFD05377.bin.1.66	844126	HQ
MFD05377.bin.1.8	889033	HQ
MFD05377.bin.1.97	435440	HQ
MFD05377.bin.2.13	941281	HQ
MFD05377.bin.2.149	503456	HQ
MFD05377.bin.2.20	197601	HQ
MFD05377.bin.2.34	358524	HQ
MFD05377.bin.2.85	186127	HQ
MFD05377.bin.3.143	215628	HQ
MFD05377.bin.3.80	396344	HQ
MFD05442.bin.1.1	2463246	HQ
MFD05442.bin.1.101	469937	HQ
MFD05442.bin.1.105	1141328	HQ
MFD05442.bin.1.11	2199336	HQ
MFD05442.bin.1.110	1639360	HQ
MFD05442.bin.1.117	679651	HQ
MFD05442.bin.1.124	452616	HQ
MFD05442.bin.1.13	3455904	HQ
MFD05442.bin.1.130	292785	HQ
MFD05442.bin.1.134	1255132	HQ
MFD05442.bin.1.135	616588	HQ
MFD05442.bin.1.140	563897	HQ
MFD05442.bin.1.152	886284	HQ
MFD05442.bin.1.16	701094	HQ
MFD05442.bin.1.17	2410422	HQ
MFD05442.bin.1.18	2030089	HQ
MFD05442.bin.1.204	501985	HQ
MFD05442.bin.1.21	3539228	HQ
MFD05442.bin.1.213	937471	HQ
MFD05442.bin.1.25	949910	HQ
MFD05442.bin.1.261	226354	HQ
MFD05442.bin.1.269	342296	HQ
MFD05442.bin.1.277	496668	HQ
MFD05442.bin.1.279	5906996	HQ
MFD05442.bin.1.28	1539570	HQ
MFD05442.bin.1.280	202010	HQ
MFD05442.bin.1.283	1969161	HQ
MFD05442.bin.1.287	708981	HQ
MFD05442.bin.1.288	513737	HQ
MFD05442.bin.1.290	2761525	HQ
MFD05442.bin.1.291	782170	HQ
MFD05442.bin.1.293	348934	HQ
MFD05442.bin.1.296	1276632	HQ
MFD05442.bin.1.298	1548170	HQ
MFD05442.bin.1.300	1690349	HQ
MFD05442.bin.1.302	595647	HQ
MFD05442.bin.1.303	298624	HQ
MFD05442.bin.1.308	605411	HQ
MFD05442.bin.1.31	879010	HQ
MFD05442.bin.1.311	1524002	HQ
MFD05442.bin.1.315	597833	HQ
MFD05442.bin.1.317	1215901	HQ
MFD05442.bin.1.323	896709	HQ
MFD05442.bin.1.324	838189	HQ
MFD05442.bin.1.327	698110	HQ
MFD05442.bin.1.330	2204411	HQ
MFD05442.bin.1.334	702828	HQ
MFD05442.bin.1.34	921683	HQ
MFD05442.bin.1.340	458351	HQ
MFD05442.bin.1.346	862379	HQ
MFD05442.bin.1.349	2582453	HQ
MFD05442.bin.1.350	426925	HQ
MFD05442.bin.1.359	604992	HQ
MFD05442.bin.1.36	1252598	HQ
MFD05442.bin.1.360	414053	HQ
MFD05442.bin.1.363	1374601	HQ
MFD05442.bin.1.365	738931	HQ
MFD05442.bin.1.371	1142206	HQ
MFD05442.bin.1.377	398515	HQ
MFD05442.bin.1.379	748872	HQ
MFD05442.bin.1.381	1516991	HQ
MFD05442.bin.1.385	429176	HQ
MFD05442.bin.1.39	588473	HQ
MFD05442.bin.1.394	635510	HQ
MFD05442.bin.1.398	922768	HQ
MFD05442.bin.1.410	467256	HQ
MFD05442.bin.1.415	516130	HQ
MFD05442.bin.1.417	478264	HQ
MFD05442.bin.1.419	282145	HQ
MFD05442.bin.1.421	451142	HQ
MFD05442.bin.1.422	434761	HQ
MFD05442.bin.1.427	996987	HQ
MFD05442.bin.1.433	1517902	HQ
MFD05442.bin.1.436	1043389	HQ
MFD05442.bin.1.45	989063	HQ
MFD05442.bin.1.55	2265056	HQ
MFD05442.bin.1.6	891858	HQ
MFD05442.bin.1.63	3564844	HQ
MFD05442.bin.1.69	926898	HQ
MFD05442.bin.1.76	2620601	HQ
MFD05442.bin.1.77	553501	HQ
MFD05442.bin.1.80	1126931	HQ
MFD05442.bin.1.81	2707718	HQ
MFD05442.bin.1.86	770010	HQ
MFD05442.bin.1.92	535954	HQ
MFD05442.bin.1.93	582332	HQ
MFD05442.bin.1.94	868655	HQ
MFD05442.bin.1.98	608436	HQ
MFD05442.bin.2.192	421585	HQ
MFD05442.bin.2.235	240495	HQ
MFD05442.bin.2.256	1271921	HQ
MFD05442.bin.2.26	392400	HQ
MFD05442.bin.2.267	373953	HQ
MFD05442.bin.2.69	705193	HQ
MFD05442.bin.3.550	1183645	HQ
MFD05454.bin.1.18	227496	HQ
MFD05454.bin.1.192	247714	HQ
MFD05454.bin.1.194	251655	HQ
MFD05454.bin.1.2	3232534	HQ
MFD05454.bin.1.246	408577	HQ
MFD05454.bin.1.254	449910	HQ
MFD05454.bin.1.262	526738	HQ
MFD05454.bin.1.266	691615	HQ
MFD05454.bin.1.273	631631	HQ
MFD05454.bin.1.313	1627676	HQ
MFD05454.bin.1.63	2561778	HQ
MFD05502.bin.1.1	1716594	HQ
MFD05502.bin.1.113	1031370	HQ
MFD05502.bin.1.117	1079541	HQ
MFD05502.bin.1.12	611953	HQ
MFD05502.bin.1.121	440927	HQ
MFD05502.bin.1.125	2212446	HQ
MFD05502.bin.1.129	700756	HQ
MFD05502.bin.1.13	4320569	HQ
MFD05502.bin.1.132	4578945	HQ
MFD05502.bin.1.136	477136	HQ
MFD05502.bin.1.138	278771	HQ
MFD05502.bin.1.139	288650	HQ
MFD05502.bin.1.14	728948	HQ
MFD05502.bin.1.141	479327	HQ
MFD05502.bin.1.142	593772	HQ
MFD05502.bin.1.143	337329	HQ
MFD05502.bin.1.145	258739	HQ
MFD05502.bin.1.146	694896	HQ
MFD05502.bin.1.147	1125989	HQ
MFD05502.bin.1.148	389061	HQ
MFD05502.bin.1.150	1280012	HQ
MFD05502.bin.1.151	842230	HQ
MFD05502.bin.1.152	219745	HQ
MFD05502.bin.1.154	2827758	HQ
MFD05502.bin.1.157	322758	HQ
MFD05502.bin.1.159	204607	HQ
MFD05502.bin.1.161	388559	HQ
MFD05502.bin.1.162	436059	HQ
MFD05502.bin.1.165	770907	HQ
MFD05502.bin.1.166	953822	HQ
MFD05502.bin.1.167	843547	HQ
MFD05502.bin.1.172	248489	HQ
MFD05502.bin.1.175	5097100	HQ
MFD05502.bin.1.177	1589254	HQ
MFD05502.bin.1.178	1002134	HQ
MFD05502.bin.1.179	989946	HQ
MFD05502.bin.1.183	872323	HQ
MFD05502.bin.1.185	588540	HQ
MFD05502.bin.1.186	717592	HQ
MFD05502.bin.1.187	1656404	HQ
MFD05502.bin.1.19	4512595	HQ
MFD05502.bin.1.194	660157	HQ
MFD05502.bin.1.195	451931	HQ
MFD05502.bin.1.196	668574	HQ
MFD05502.bin.1.197	637677	HQ
MFD05502.bin.1.198	1791968	HQ
MFD05502.bin.1.2	2337271	HQ
MFD05502.bin.1.202	1904795	HQ
MFD05502.bin.1.211	547715	HQ
MFD05502.bin.1.220	187830	HQ
MFD05502.bin.1.225	321779	HQ
MFD05502.bin.1.232	961865	HQ
MFD05502.bin.1.233	1909701	HQ
MFD05502.bin.1.234	438498	HQ
MFD05502.bin.1.24	342064	HQ
MFD05502.bin.1.240	714696	HQ
MFD05502.bin.1.241	896954	HQ
MFD05502.bin.1.243	773074	HQ
MFD05502.bin.1.25	1058612	HQ
MFD05502.bin.1.27	5320686	HQ
MFD05502.bin.1.29	900845	HQ
MFD05502.bin.1.3	3754783	HQ
MFD05502.bin.1.31	621631	HQ
MFD05502.bin.1.34	3314882	HQ
MFD05502.bin.1.35	1194259	HQ
MFD05502.bin.1.36	1466986	HQ
MFD05502.bin.1.37	739767	HQ
MFD05502.bin.1.39	1024918	HQ
MFD05502.bin.1.41	1247766	HQ
MFD05502.bin.1.47	3209449	HQ
MFD05502.bin.1.50	2262315	HQ
MFD05502.bin.1.55	1817233	HQ
MFD05502.bin.1.61	1379734	HQ
MFD05502.bin.1.63	272172	HQ
MFD05502.bin.1.65	995898	HQ
MFD05502.bin.1.7	689817	HQ
MFD05502.bin.1.70	1113260	HQ
MFD05502.bin.1.72	341696	HQ
MFD05502.bin.1.78	325048	HQ
MFD05502.bin.2.63	153236	HQ
MFD05502.bin.4.212	3581381	HQ
MFD05512.bin.1.10	4432003	HQ
MFD05512.bin.1.122	627708	HQ
MFD05512.bin.1.126	616297	HQ
MFD05512.bin.1.139	933350	HQ
MFD05512.bin.1.14	189730	HQ
MFD05512.bin.1.144	3429286	HQ
MFD05512.bin.1.147	387778	HQ
MFD05512.bin.1.15	1166548	HQ
MFD05512.bin.1.150	1069984	HQ
MFD05512.bin.1.151	3356343	HQ
MFD05512.bin.1.16	1106365	HQ
MFD05512.bin.1.161	196629	HQ
MFD05512.bin.1.162	337761	HQ
MFD05512.bin.1.164	2634515	HQ
MFD05512.bin.1.165	839531	HQ
MFD05512.bin.1.167	420503	HQ
MFD05512.bin.1.169	1409733	HQ
MFD05512.bin.1.17	603516	HQ
MFD05512.bin.1.170	362478	HQ
MFD05512.bin.1.172	935480	HQ
MFD05512.bin.1.178	558504	HQ
MFD05512.bin.1.184	816242	HQ
MFD05512.bin.1.187	2916519	HQ
MFD05512.bin.1.188	622922	HQ
MFD05512.bin.1.20	1615645	HQ
MFD05512.bin.1.212	2285623	HQ
MFD05512.bin.1.214	286459	HQ
MFD05512.bin.1.215	833956	HQ
MFD05512.bin.1.221	656428	HQ
MFD05512.bin.1.230	698470	HQ
MFD05512.bin.1.231	290706	HQ
MFD05512.bin.1.248	902096	HQ
MFD05512.bin.1.251	1391089	HQ
MFD05512.bin.1.252	851753	HQ
MFD05512.bin.1.254	574167	HQ
MFD05512.bin.1.260	672632	HQ
MFD05512.bin.1.261	644615	HQ
MFD05512.bin.1.274	706210	HQ
MFD05512.bin.1.275	457860	HQ
MFD05512.bin.1.276	1093537	HQ
MFD05512.bin.1.277	3890444	HQ
MFD05512.bin.1.28	455631	HQ
MFD05512.bin.1.30	527290	HQ
MFD05512.bin.1.36	2339704	HQ
MFD05512.bin.1.38	1075295	HQ
MFD05512.bin.1.40	3933080	HQ
MFD05512.bin.1.44	901537	HQ
MFD05512.bin.1.45	1583859	HQ
MFD05512.bin.1.61	2856856	HQ
MFD05512.bin.1.62	433272	HQ
MFD05512.bin.1.63	2618122	HQ
MFD05512.bin.1.68	855606	HQ
MFD05512.bin.1.7	2604410	HQ
MFD05512.bin.1.74	1576621	HQ
MFD05512.bin.1.77	696632	HQ
MFD05512.bin.1.82	462754	HQ
MFD05512.bin.1.92	648866	HQ
MFD05512.bin.2.101	1507389	HQ
MFD05513.bin.1.110	612688	HQ
MFD05513.bin.1.120	535665	HQ
MFD05513.bin.1.141	825236	HQ
MFD05513.bin.1.159	2668118	HQ
MFD05513.bin.1.16	890163	HQ
MFD05513.bin.1.166	1137018	HQ
MFD05513.bin.1.175	412792	HQ
MFD05513.bin.1.180	282778	HQ
MFD05513.bin.1.189	2845902	HQ
MFD05513.bin.1.190	811786	HQ
MFD05513.bin.1.192	418284	HQ
MFD05513.bin.1.196	1125460	HQ
MFD05513.bin.1.198	451749	HQ
MFD05513.bin.1.199	666615	HQ
MFD05513.bin.1.2	1802239	HQ
MFD05513.bin.1.20	5465010	HQ
MFD05513.bin.1.202	382949	HQ
MFD05513.bin.1.224	1017461	HQ
MFD05513.bin.1.23	288419	HQ
MFD05513.bin.1.255	924346	HQ
MFD05513.bin.1.260	3119497	HQ
MFD05513.bin.1.261	1239806	HQ
MFD05513.bin.1.263	2497027	HQ
MFD05513.bin.1.269	1151735	HQ
MFD05513.bin.1.273	1102462	HQ
MFD05513.bin.1.274	1073495	HQ
MFD05513.bin.1.278	3292141	HQ
MFD05513.bin.1.279	1541330	HQ
MFD05513.bin.1.283	2840676	HQ
MFD05513.bin.1.3	4131239	HQ
MFD05513.bin.1.32	589331	HQ
MFD05513.bin.1.41	211471	HQ
MFD05513.bin.1.42	6643497	HQ
MFD05513.bin.1.5	3021333	HQ
MFD05513.bin.1.55	146295	HQ
MFD05513.bin.1.6	1923018	HQ
MFD05513.bin.1.68	1784695	HQ
MFD05513.bin.1.7	397937	HQ
MFD05513.bin.1.78	1574152	HQ
MFD05513.bin.1.81	1164105	HQ
MFD05513.bin.2.150	407484	HQ
MFD05513.bin.2.164	497542	HQ
MFD05513.bin.2.193	339240	HQ
MFD05513.bin.2.44	1091390	HQ
MFD05513.bin.2.61	147775	HQ
MFD05513.bin.3.117	446904	HQ
MFD05521.bin.1.1	606027	HQ
MFD05521.bin.1.111	207319	HQ
MFD05521.bin.1.148	1752630	HQ
MFD05521.bin.1.156	218949	HQ
MFD05521.bin.1.158	350442	HQ
MFD05521.bin.1.164	421345	HQ
MFD05521.bin.1.165	735243	HQ
MFD05521.bin.1.182	469446	HQ
MFD05521.bin.1.185	171284	HQ
MFD05521.bin.1.187	555543	HQ
MFD05521.bin.1.19	3135749	HQ
MFD05521.bin.1.193	668947	HQ
MFD05521.bin.1.2	231908	HQ
MFD05521.bin.1.213	1110777	HQ
MFD05521.bin.1.214	1212105	HQ
MFD05521.bin.1.216	642156	HQ
MFD05521.bin.1.219	591418	HQ
MFD05521.bin.1.220	430049	HQ
MFD05521.bin.1.222	1095915	HQ
MFD05521.bin.1.223	685032	HQ
MFD05521.bin.1.238	2475848	HQ
MFD05521.bin.1.25	1054388	HQ
MFD05521.bin.1.250	474532	HQ
MFD05521.bin.1.264	381030	HQ
MFD05521.bin.1.267	1482592	HQ
MFD05521.bin.1.278	593194	HQ
MFD05521.bin.1.284	526376	HQ
MFD05521.bin.1.286	347985	HQ
MFD05521.bin.1.288	1302207	HQ
MFD05521.bin.1.29	526652	HQ
MFD05521.bin.1.30	1932665	HQ
MFD05521.bin.1.38	407480	HQ
MFD05521.bin.1.4	2415413	HQ
MFD05521.bin.1.44	1084686	HQ
MFD05521.bin.1.48	1035019	HQ
MFD05521.bin.1.51	3419430	HQ
MFD05521.bin.1.59	1001105	HQ
MFD05521.bin.1.66	484077	HQ
MFD05521.bin.1.70	876258	HQ
MFD05521.bin.1.74	767092	HQ
MFD05521.bin.1.8	366103	HQ
MFD05521.bin.1.80	874100	HQ
MFD05521.bin.2.132	772820	HQ
MFD05521.bin.2.65	217856	HQ
MFD05537.bin.1.20	4673726	HQ
MFD05537.bin.1.28	1911809	HQ
MFD05537.bin.1.31	2204513	HQ
MFD05537.bin.1.91	843021	HQ
MFD05537.bin.2.59	164070	HQ
MFD05567.bin.1.1	1008120	HQ
MFD05567.bin.1.13	623144	HQ
MFD05567.bin.1.159	230703	HQ
MFD05567.bin.1.164	171592	HQ
MFD05567.bin.1.191	631333	HQ
MFD05567.bin.1.192	1552896	HQ
MFD05567.bin.1.200	135848	HQ
MFD05567.bin.1.201	369102	HQ
MFD05567.bin.1.208	233990	HQ
MFD05567.bin.1.209	946382	HQ
MFD05567.bin.1.210	530878	HQ
MFD05567.bin.1.23	466223	HQ
MFD05567.bin.1.238	378837	HQ
MFD05567.bin.1.253	248578	HQ
MFD05567.bin.1.264	412495	HQ
MFD05567.bin.1.272	236452	HQ
MFD05567.bin.1.281	1137218	HQ
MFD05567.bin.1.54	450679	HQ
MFD05567.bin.1.68	164936	HQ
MFD05567.bin.1.91	1490584	HQ
MFD05567.bin.2.192	327616	HQ
MFD05567.bin.2.20	191354	HQ
MFD05567.bin.3.520	362225	HQ
MFD05580.bin.1.113	1074104	HQ
MFD05580.bin.1.114	762560	HQ
MFD05580.bin.1.115	3469643	HQ
MFD05580.bin.1.123	709557	HQ
MFD05580.bin.1.127	2136623	HQ
MFD05580.bin.1.128	1418565	HQ
MFD05580.bin.1.134	354893	HQ
MFD05580.bin.1.136	1609889	HQ
MFD05580.bin.1.148	4034055	HQ
MFD05580.bin.1.149	2900700	HQ
MFD05580.bin.1.2	2293688	HQ
MFD05580.bin.1.24	546536	HQ
MFD05580.bin.1.26	622808	HQ
MFD05580.bin.1.34	2000787	HQ
MFD05580.bin.1.43	7004543	HQ
MFD05580.bin.1.47	1916168	HQ
MFD05580.bin.1.5	619381	HQ
MFD05580.bin.1.50	379204	HQ
MFD05580.bin.1.53	1991266	HQ
MFD05580.bin.1.54	3971082	HQ
MFD05580.bin.1.58	346076	HQ
MFD05580.bin.1.59	905774	HQ
MFD05580.bin.1.6	1255920	HQ
MFD05580.bin.1.8	1342172	HQ
MFD05580.bin.1.81	386845	HQ
MFD05580.bin.1.84	344744	HQ
MFD05580.bin.1.88	433705	HQ
MFD05580.bin.1.89	1406996	HQ
MFD05580.bin.1.91	179866	HQ
MFD05580.bin.1.93	1708902	HQ
MFD05580.bin.1.96	575482	HQ
MFD05580.bin.1.97	1268486	HQ
MFD05580.bin.1.99	274896	HQ
MFD05580.bin.2.4	1125190	HQ
MFD05580.bin.2.5	129736	HQ
MFD05580.bin.2.6	415652	HQ
MFD05580.bin.2.80	224653	HQ
MFD05674.bin.1.102	126663	HQ
MFD05674.bin.1.108	576353	HQ
MFD05674.bin.1.115	1719585	HQ
MFD05674.bin.1.135	1894535	HQ
MFD05674.bin.1.155	264830	HQ
MFD05674.bin.1.159	292936	HQ
MFD05674.bin.1.183	110585	HQ
MFD05674.bin.1.188	2928518	HQ
MFD05674.bin.1.215	451941	HQ
MFD05674.bin.1.229	693344	HQ
MFD05674.bin.1.232	553201	HQ
MFD05674.bin.1.236	678447	HQ
MFD05674.bin.1.26	1639966	HQ
MFD05674.bin.1.49	416298	HQ
MFD05674.bin.1.60	4253742	HQ
MFD05674.bin.1.62	3202015	HQ
MFD05674.bin.1.96	504738	HQ
MFD05674.bin.2.111	337069	HQ
MFD05674.bin.2.90	646796	HQ
MFD05684.bin.1.104	1041257	HQ
MFD05684.bin.1.105	647489	HQ
MFD05684.bin.1.110	1000470	HQ
MFD05684.bin.1.112	1483033	HQ
MFD05684.bin.1.113	921513	HQ
MFD05684.bin.1.120	280811	HQ
MFD05684.bin.1.123	2426661	HQ
MFD05684.bin.1.125	1895089	HQ
MFD05684.bin.1.130	3614371	HQ
MFD05684.bin.1.131	2663593	HQ
MFD05684.bin.1.137	2027501	HQ
MFD05684.bin.1.14	3078942	HQ
MFD05684.bin.1.141	580978	HQ
MFD05684.bin.1.143	1827269	HQ
MFD05684.bin.1.145	710378	HQ
MFD05684.bin.1.15	822872	HQ
MFD05684.bin.1.151	674428	HQ
MFD05684.bin.1.154	461047	HQ
MFD05684.bin.1.155	302389	HQ
MFD05684.bin.1.156	360654	HQ
MFD05684.bin.1.163	585795	HQ
MFD05684.bin.1.164	533221	HQ
MFD05684.bin.1.168	180488	HQ
MFD05684.bin.1.171	661289	HQ
MFD05684.bin.1.174	668929	HQ
MFD05684.bin.1.178	2000243	HQ
MFD05684.bin.1.182	299343	HQ
MFD05684.bin.1.19	839836	HQ
MFD05684.bin.1.2	908267	HQ
MFD05684.bin.1.219	376562	HQ
MFD05684.bin.1.22	768395	HQ
MFD05684.bin.1.223	236916	HQ
MFD05684.bin.1.228	1873826	HQ
MFD05684.bin.1.245	185431	HQ
MFD05684.bin.1.257	513050	HQ
MFD05684.bin.1.259	302441	HQ
MFD05684.bin.1.26	599931	HQ
MFD05684.bin.1.262	722492	HQ
MFD05684.bin.1.263	2365901	HQ
MFD05684.bin.1.267	514457	HQ
MFD05684.bin.1.277	456094	HQ
MFD05684.bin.1.282	310399	HQ
MFD05684.bin.1.283	337742	HQ
MFD05684.bin.1.284	729692	HQ
MFD05684.bin.1.285	970736	HQ
MFD05684.bin.1.290	583718	HQ
MFD05684.bin.1.294	508503	HQ
MFD05684.bin.1.295	2526572	HQ
MFD05684.bin.1.297	175904	HQ
MFD05684.bin.1.299	516896	HQ
MFD05684.bin.1.301	298274	HQ
MFD05684.bin.1.307	482131	HQ
MFD05684.bin.1.309	378800	HQ
MFD05684.bin.1.310	1500157	HQ
MFD05684.bin.1.321	282066	HQ
MFD05684.bin.1.323	505042	HQ
MFD05684.bin.1.327	205384	HQ
MFD05684.bin.1.331	703022	HQ
MFD05684.bin.1.338	333117	HQ
MFD05684.bin.1.340	847857	HQ
MFD05684.bin.1.343	744875	HQ
MFD05684.bin.1.344	236728	HQ
MFD05684.bin.1.347	894047	HQ
MFD05684.bin.1.348	404238	HQ
MFD05684.bin.1.350	185611	HQ
MFD05684.bin.1.351	1059582	HQ
MFD05684.bin.1.352	786112	HQ
MFD05684.bin.1.356	721553	HQ
MFD05684.bin.1.360	2785528	HQ
MFD05684.bin.1.363	289850	HQ
MFD05684.bin.1.364	513359	HQ
MFD05684.bin.1.373	186937	HQ
MFD05684.bin.1.374	1372680	HQ
MFD05684.bin.1.376	2293731	HQ
MFD05684.bin.1.38	484694	HQ
MFD05684.bin.1.381	3682771	HQ
MFD05684.bin.1.382	257826	HQ
MFD05684.bin.1.387	733153	HQ
MFD05684.bin.1.388	538945	HQ
MFD05684.bin.1.398	2139301	HQ
MFD05684.bin.1.40	503104	HQ
MFD05684.bin.1.401	1249990	HQ
MFD05684.bin.1.402	1439534	HQ
MFD05684.bin.1.403	554366	HQ
MFD05684.bin.1.407	328389	HQ
MFD05684.bin.1.416	745448	HQ
MFD05684.bin.1.417	2374235	HQ
MFD05684.bin.1.418	481509	HQ
MFD05684.bin.1.422	1252212	HQ
MFD05684.bin.1.427	2680648	HQ
MFD05684.bin.1.428	531174	HQ
MFD05684.bin.1.429	199541	HQ
MFD05684.bin.1.45	957777	HQ
MFD05684.bin.1.46	582411	HQ
MFD05684.bin.1.47	685987	HQ
MFD05684.bin.1.48	493434	HQ
MFD05684.bin.1.49	585884	HQ
MFD05684.bin.1.50	257878	HQ
MFD05684.bin.1.58	730343	HQ
MFD05684.bin.1.65	4090922	HQ
MFD05684.bin.1.68	838221	HQ
MFD05684.bin.1.74	1052962	HQ
MFD05684.bin.1.75	821387	HQ
MFD05684.bin.1.80	736992	HQ
MFD05684.bin.1.84	457736	HQ
MFD05684.bin.1.85	1533905	HQ
MFD05684.bin.1.87	1169196	HQ
MFD05684.bin.1.89	601298	HQ
MFD05684.bin.1.9	370124	HQ
MFD05684.bin.1.93	775086	HQ
MFD05684.bin.1.96	1432627	HQ
MFD05684.bin.2.106	244757	HQ
MFD05684.bin.2.114	844687	HQ
MFD05684.bin.2.118	160288	HQ
MFD05684.bin.2.166	356843	HQ
MFD05684.bin.2.188	419309	HQ
MFD05684.bin.2.19	180352	HQ
MFD05684.bin.2.217	423455	HQ
MFD05684.bin.2.254	349261	HQ
MFD05684.bin.2.262	215658	HQ
MFD05684.bin.2.286	188286	HQ
MFD05684.bin.2.86	253074	HQ
MFD05684.bin.3.152	716218	HQ
MFD05684.bin.3.200	171871	HQ
MFD05684.bin.3.35	304247	HQ
MFD05684.bin.3.432	762090	HQ
MFD05705.bin.1.100	339443	HQ
MFD05705.bin.1.131	351596	HQ
MFD05705.bin.1.139	215641	HQ
MFD05705.bin.1.141	453165	HQ
MFD05705.bin.1.149	262531	HQ
MFD05705.bin.1.150	108722	HQ
MFD05705.bin.1.152	2797323	HQ
MFD05705.bin.1.153	1011633	HQ
MFD05705.bin.1.154	247775	HQ
MFD05705.bin.1.155	586836	HQ
MFD05705.bin.1.156	706342	HQ
MFD05705.bin.1.158	2479286	HQ
MFD05705.bin.1.159	123453	HQ
MFD05705.bin.1.16	637967	HQ
MFD05705.bin.1.160	449659	HQ
MFD05705.bin.1.162	494856	HQ
MFD05705.bin.1.164	2370120	HQ
MFD05705.bin.1.166	1163325	HQ
MFD05705.bin.1.174	2754716	HQ
MFD05705.bin.1.184	789204	HQ
MFD05705.bin.1.186	1458056	HQ
MFD05705.bin.1.187	702924	HQ
MFD05705.bin.1.189	976640	HQ
MFD05705.bin.1.193	321056	HQ
MFD05705.bin.1.194	809475	HQ
MFD05705.bin.1.195	436045	HQ
MFD05705.bin.1.20	341592	HQ
MFD05705.bin.1.204	944905	HQ
MFD05705.bin.1.205	654679	HQ
MFD05705.bin.1.209	591766	HQ
MFD05705.bin.1.211	626498	HQ
MFD05705.bin.1.215	319294	HQ
MFD05705.bin.1.22	312312	HQ
MFD05705.bin.1.221	913351	HQ
MFD05705.bin.1.224	726071	HQ
MFD05705.bin.1.23	1513668	HQ
MFD05705.bin.1.231	392652	HQ
MFD05705.bin.1.234	451782	HQ
MFD05705.bin.1.239	1275868	HQ
MFD05705.bin.1.25	1161064	HQ
MFD05705.bin.1.27	492667	HQ
MFD05705.bin.1.3	1714994	HQ
MFD05705.bin.1.30	821525	HQ
MFD05705.bin.1.31	3401686	HQ
MFD05705.bin.1.32	438595	HQ
MFD05705.bin.1.33	1400620	HQ
MFD05705.bin.1.35	1189168	HQ
MFD05705.bin.1.43	1461435	HQ
MFD05705.bin.1.45	614458	HQ
MFD05705.bin.1.51	2258080	HQ
MFD05705.bin.1.56	860432	HQ
MFD05705.bin.1.57	1235064	HQ
MFD05705.bin.1.61	3933705	HQ
MFD05705.bin.1.72	312296	HQ
MFD05705.bin.1.73	2779684	HQ
MFD05705.bin.1.75	741707	HQ
MFD05705.bin.1.76	955699	HQ
MFD05705.bin.1.79	339477	HQ
MFD05705.bin.1.81	388088	HQ
MFD05705.bin.1.83	443234	HQ
MFD05705.bin.1.84	197499	HQ
MFD05705.bin.2.153	433674	HQ
MFD05705.bin.2.69	523818	HQ
MFD05705.bin.3.155	680719	HQ
MFD05705.bin.3.69	189638	HQ
MFD05747.bin.1.108	1426494	HQ
MFD05747.bin.1.115	2792801	HQ
MFD05747.bin.1.116	512184	HQ
MFD05747.bin.1.131	5455767	HQ
MFD05747.bin.1.146	388389	HQ
MFD05747.bin.1.151	649653	HQ
MFD05747.bin.1.159	2259355	HQ
MFD05747.bin.1.166	390125	HQ
MFD05747.bin.1.28	1246780	HQ
MFD05747.bin.1.35	781770	HQ
MFD05747.bin.1.75	2358839	HQ
MFD05747.bin.1.85	2545174	HQ
MFD05747.bin.3.202	739791	HQ
MFD05841.bin.1.1	2466336	HQ
MFD05841.bin.1.101	297190	HQ
MFD05841.bin.1.109	276887	HQ
MFD05841.bin.1.111	532866	HQ
MFD05841.bin.1.117	1666501	HQ
MFD05841.bin.1.133	355371	HQ
MFD05841.bin.1.138	235558	HQ
MFD05841.bin.1.14	483485	HQ
MFD05841.bin.1.147	506739	HQ
MFD05841.bin.1.15	4003794	HQ
MFD05841.bin.1.157	1177387	HQ
MFD05841.bin.1.158	325589	HQ
MFD05841.bin.1.161	368141	HQ
MFD05841.bin.1.162	537558	HQ
MFD05841.bin.1.191	510842	HQ
MFD05841.bin.1.192	536949	HQ
MFD05841.bin.1.21	438736	HQ
MFD05841.bin.1.227	370213	HQ
MFD05841.bin.1.229	816719	HQ
MFD05841.bin.1.230	627545	HQ
MFD05841.bin.1.238	672252	HQ
MFD05841.bin.1.269	430834	HQ
MFD05841.bin.1.270	1112495	HQ
MFD05841.bin.1.273	327045	HQ
MFD05841.bin.1.33	2652954	HQ
MFD05841.bin.1.39	1057656	HQ
MFD05841.bin.1.46	2998066	HQ
MFD05841.bin.1.51	2594274	HQ
MFD05841.bin.1.64	394248	HQ
MFD05841.bin.1.71	459105	HQ
MFD05841.bin.1.8	518619	HQ
MFD05841.bin.2.125	309887	HQ
MFD05841.bin.2.62	170270	HQ
MFD05942.bin.1.102	902951	HQ
MFD05942.bin.1.105	463469	HQ
MFD05942.bin.1.108	2127318	HQ
MFD05942.bin.1.109	2473145	HQ
MFD05942.bin.1.115	2024441	HQ
MFD05942.bin.1.117	773115	HQ
MFD05942.bin.1.119	1436571	HQ
MFD05942.bin.1.131	623674	HQ
MFD05942.bin.1.132	2046574	HQ
MFD05942.bin.1.135	386037	HQ
MFD05942.bin.1.141	594084	HQ
MFD05942.bin.1.145	707176	HQ
MFD05942.bin.1.149	286040	HQ
MFD05942.bin.1.16	1265228	HQ
MFD05942.bin.1.169	750613	HQ
MFD05942.bin.1.17	980006	HQ
MFD05942.bin.1.195	203538	HQ
MFD05942.bin.1.2	710147	HQ
MFD05942.bin.1.20	665461	HQ
MFD05942.bin.1.21	296689	HQ
MFD05942.bin.1.218	321185	HQ
MFD05942.bin.1.227	767893	HQ
MFD05942.bin.1.240	724405	HQ
MFD05942.bin.1.268	509947	HQ
MFD05942.bin.1.295	563744	HQ
MFD05942.bin.1.3	638642	HQ
MFD05942.bin.1.306	826651	HQ
MFD05942.bin.1.310	622280	HQ
MFD05942.bin.1.314	2150939	HQ
MFD05942.bin.1.318	454093	HQ
MFD05942.bin.1.319	245377	HQ
MFD05942.bin.1.32	1447420	HQ
MFD05942.bin.1.323	657428	HQ
MFD05942.bin.1.327	891523	HQ
MFD05942.bin.1.33	1680576	HQ
MFD05942.bin.1.336	451504	HQ
MFD05942.bin.1.345	1444783	HQ
MFD05942.bin.1.35	193404	HQ
MFD05942.bin.1.356	411955	HQ
MFD05942.bin.1.358	457780	HQ
MFD05942.bin.1.36	1594956	HQ
MFD05942.bin.1.360	1078379	HQ
MFD05942.bin.1.364	265654	HQ
MFD05942.bin.1.375	1039334	HQ
MFD05942.bin.1.38	1106662	HQ
MFD05942.bin.1.380	979142	HQ
MFD05942.bin.1.384	639707	HQ
MFD05942.bin.1.387	266140	HQ
MFD05942.bin.1.404	989190	HQ
MFD05942.bin.1.417	471154	HQ
MFD05942.bin.1.428	1898640	HQ
MFD05942.bin.1.432	267116	HQ
MFD05942.bin.1.436	1501611	HQ
MFD05942.bin.1.444	534666	HQ
MFD05942.bin.1.451	435126	HQ
MFD05942.bin.1.462	468637	HQ
MFD05942.bin.1.463	630661	HQ
MFD05942.bin.1.466	844200	HQ
MFD05942.bin.1.467	483449	HQ
MFD05942.bin.1.56	518981	HQ
MFD05942.bin.1.64	2977894	HQ
MFD05942.bin.1.7	2718118	HQ
MFD05942.bin.1.73	3479100	HQ
MFD05942.bin.1.74	3025578	HQ
MFD05942.bin.1.84	5366867	HQ
MFD05942.bin.1.91	344239	HQ
MFD05942.bin.1.94	777094	HQ
MFD05942.bin.1.95	664059	HQ
MFD05942.bin.1.97	1105769	HQ
MFD05942.bin.2.148	352524	HQ
MFD05942.bin.2.42	779646	HQ
MFD05942.bin.3.282	128426	HQ
MFD06085.bin.1.10	410515	HQ
MFD06085.bin.1.132	1786349	HQ
MFD06085.bin.1.160	2934016	HQ
MFD06085.bin.1.163	1020331	HQ
MFD06085.bin.1.165	477717	HQ
MFD06085.bin.1.170	540085	HQ
MFD06085.bin.1.175	496392	HQ
MFD06085.bin.1.176	1859321	HQ
MFD06085.bin.1.22	243332	HQ
MFD06085.bin.1.35	254335	HQ
MFD06085.bin.1.42	637403	HQ
MFD06085.bin.1.47	2400389	HQ
MFD06085.bin.1.51	315648	HQ
MFD06085.bin.1.67	615216	HQ
MFD06085.bin.1.7	1224228	HQ
MFD06085.bin.1.86	533281	HQ
MFD06085.bin.1.89	400961	HQ
MFD06085.bin.1.94	217796	HQ
MFD06085.bin.2.69	151393	HQ
MFD06085.bin.2.87	763941	HQ
MFD06092.bin.1.119	688597	HQ
MFD06092.bin.1.125	1188986	HQ
MFD06092.bin.1.131	4078324	HQ
MFD06092.bin.1.148	3408083	HQ
MFD06092.bin.1.15	3298389	HQ
MFD06092.bin.1.171	4102735	HQ
MFD06092.bin.1.174	1425099	HQ
MFD06092.bin.1.175	917954	HQ
MFD06092.bin.1.176	2217981	HQ
MFD06092.bin.1.177	1380050	HQ
MFD06092.bin.1.18	376323	HQ
MFD06092.bin.1.181	486798	HQ
MFD06092.bin.1.203	2777882	HQ
MFD06092.bin.1.220	4228038	HQ
MFD06092.bin.1.224	1787693	HQ
MFD06092.bin.1.228	1511749	HQ
MFD06092.bin.1.230	664791	HQ
MFD06092.bin.1.235	1151211	HQ
MFD06092.bin.1.246	232522	HQ
MFD06092.bin.1.248	765386	HQ
MFD06092.bin.1.253	1131338	HQ
MFD06092.bin.1.260	791746	HQ
MFD06092.bin.1.266	228248	HQ
MFD06092.bin.1.269	1799068	HQ
MFD06092.bin.1.270	1436574	HQ
MFD06092.bin.1.32	2247636	HQ
MFD06092.bin.1.40	661927	HQ
MFD06092.bin.1.41	384744	HQ
MFD06092.bin.1.45	1151695	HQ
MFD06092.bin.1.47	2712858	HQ
MFD06092.bin.1.49	1587074	HQ
MFD06092.bin.1.58	396045	HQ
MFD06092.bin.1.70	1864454	HQ
MFD06092.bin.1.94	931422	HQ
MFD06092.bin.2.149	305319	HQ
MFD06092.bin.2.193	1073321	HQ
MFD06092.bin.3.112	291429	HQ
MFD06092.bin.3.244	359287	HQ
MFD06092.bin.3.266	316686	HQ
MFD06229.bin.1.1	678873	HQ
MFD06229.bin.1.101	261475	HQ
MFD06229.bin.1.13	1344531	HQ
MFD06229.bin.1.145	634685	HQ
MFD06229.bin.1.171	3254181	HQ
MFD06229.bin.1.185	492673	HQ
MFD06229.bin.1.199	554614	HQ
MFD06229.bin.1.238	420340	HQ
MFD06229.bin.1.242	387583	HQ
MFD06229.bin.1.246	1494871	HQ
MFD06229.bin.1.26	2566502	HQ
MFD06229.bin.1.266	729397	HQ
MFD06229.bin.1.275	4054983	HQ
MFD06229.bin.1.279	1152915	HQ
MFD06229.bin.1.283	552914	HQ
MFD06229.bin.1.289	1220182	HQ
MFD06229.bin.1.44	437856	HQ
MFD06229.bin.1.58	2865998	HQ
MFD06229.bin.1.60	147653	HQ
MFD06229.bin.1.61	214345	HQ
MFD06229.bin.2.170	3283468	HQ
MFD06229.bin.2.49	208966	HQ
MFD06298.bin.1.10	242627	HQ
MFD06298.bin.1.103	640652	HQ
MFD06298.bin.1.108	440260	HQ
MFD06298.bin.1.123	1638761	HQ
MFD06298.bin.1.126	367822	HQ
MFD06298.bin.1.135	276129	HQ
MFD06298.bin.1.144	572520	HQ
MFD06298.bin.1.191	906295	HQ
MFD06298.bin.1.193	243189	HQ
MFD06298.bin.1.197	513415	HQ
MFD06298.bin.1.21	184625	HQ
MFD06298.bin.1.211	226099	HQ
MFD06298.bin.1.216	1152874	HQ
MFD06298.bin.1.233	1177921	HQ
MFD06298.bin.1.242	1265471	HQ
MFD06298.bin.1.3	544750	HQ
MFD06298.bin.1.5	1029721	HQ
MFD06298.bin.1.62	118669	HQ
MFD06298.bin.1.70	522422	HQ
MFD06298.bin.3.255	329835	HQ
MFD06298.bin.3.355	454682	HQ
MFD06435.bin.1.100	402177	HQ
MFD06435.bin.1.116	312855	HQ
MFD06435.bin.1.124	2243156	HQ
MFD06435.bin.1.129	4989276	HQ
MFD06435.bin.1.139	1897463	HQ
MFD06435.bin.1.175	488311	HQ
MFD06435.bin.1.188	359864	HQ
MFD06435.bin.1.192	194752	HQ
MFD06435.bin.1.194	1456684	HQ
MFD06435.bin.1.198	5419901	HQ
MFD06435.bin.1.213	1626551	HQ
MFD06435.bin.1.230	500066	HQ
MFD06435.bin.1.27	1089864	HQ
MFD06435.bin.1.31	585644	HQ
MFD06435.bin.1.39	195160	HQ
MFD06435.bin.1.47	2787247	HQ
MFD06435.bin.1.50	191203	HQ
MFD06435.bin.1.8	790148	HQ
MFD06435.bin.1.80	210238	HQ
MFD06435.bin.2.53	358704	HQ
MFD06526.bin.1.107	354683	HQ
MFD06526.bin.1.139	552874	HQ
MFD06526.bin.1.142	662433	HQ
MFD06526.bin.1.22	870877	HQ
MFD06526.bin.1.51	299119	HQ
MFD06526.bin.1.61	358135	HQ
MFD06526.bin.1.90	476094	HQ
MFD06714.bin.1.101	265325	HQ
MFD06714.bin.1.11	499306	HQ
MFD06714.bin.1.120	678437	HQ
MFD06714.bin.1.126	1201357	HQ
MFD06714.bin.1.129	228376	HQ
MFD06714.bin.1.140	204806	HQ
MFD06714.bin.1.149	569695	HQ
MFD06714.bin.1.152	299321	HQ
MFD06714.bin.1.155	1116288	HQ
MFD06714.bin.1.160	378439	HQ
MFD06714.bin.1.176	206392	HQ
MFD06714.bin.1.18	162804	HQ
MFD06714.bin.1.19	1276263	HQ
MFD06714.bin.1.192	267446	HQ
MFD06714.bin.1.217	647886	HQ
MFD06714.bin.1.224	922174	HQ
MFD06714.bin.1.225	706546	HQ
MFD06714.bin.1.226	340087	HQ
MFD06714.bin.1.228	117521	HQ
MFD06714.bin.1.229	2607212	HQ
MFD06714.bin.1.234	468438	HQ
MFD06714.bin.1.236	2618350	HQ
MFD06714.bin.1.31	215115	HQ
MFD06714.bin.1.34	1740187	HQ
MFD06714.bin.1.36	149861	HQ
MFD06714.bin.1.37	4860239	HQ
MFD06714.bin.1.47	715790	HQ
MFD06714.bin.1.49	1091196	HQ
MFD06714.bin.1.6	1352406	HQ
MFD06714.bin.1.68	331321	HQ
MFD06714.bin.1.74	548593	HQ
MFD06714.bin.1.81	419498	HQ
MFD06714.bin.1.9	263142	HQ
MFD06714.bin.2.140	2137884	HQ
MFD06714.bin.3.19	1832149	HQ
MFD06714.bin.3.94	116751	HQ
MFD06742.bin.1.1	1827003	HQ
MFD06742.bin.1.113	1792136	HQ
MFD06742.bin.1.131	350485	HQ
MFD06742.bin.1.139	959127	HQ
MFD06742.bin.1.142	231186	HQ
MFD06742.bin.1.165	121340	HQ
MFD06742.bin.1.182	980354	HQ
MFD06742.bin.1.206	221612	HQ
MFD06742.bin.1.259	3658216	HQ
MFD06742.bin.1.261	973051	HQ
MFD06742.bin.1.32	1020903	HQ
MFD06742.bin.1.336	3612476	HQ
MFD06742.bin.1.53	529903	HQ
MFD06742.bin.1.58	4198113	HQ
MFD06742.bin.2.122	505605	HQ
MFD06742.bin.2.158	490821	HQ
MFD06742.bin.2.202	719778	HQ
MFD06742.bin.2.23	329429	HQ
MFD07386.bin.1.14	478019	HQ
MFD07639.bin.1.10	344773	HQ
MFD07639.bin.1.13	468340	HQ
MFD07639.bin.1.66	591218	HQ
MFD07639.bin.1.71	520937	HQ
MFD07737.bin.1.21	292314	HQ
MFD07737.bin.1.43	1158598	HQ
MFD07737.bin.1.47	2540018	HQ
MFD07987.bin.1.10	241699	HQ
MFD08203.bin.1.4	528876	HQ
MFD08353.bin.1.29	384015	HQ
MFD08416.bin.1.19	1317796	HQ
MFD08416.bin.1.3	310508	HQ
MFD08416.bin.1.79	294462	HQ
MFD08416.bin.1.86	275389	HQ
MFD08497.bin.1.115	404615	HQ
MFD08497.bin.1.135	346242	HQ
MFD08497.bin.1.32	198456	HQ
MFD08497.bin.2.53	161122	HQ
MFD08669.bin.1.116	298530	HQ
MFD08669.bin.1.13	1819343	HQ
MFD08669.bin.1.20	804385	HQ
MFD08669.bin.1.39	661429	HQ
MFD08669.bin.1.44	843427	HQ
MFD08669.bin.1.45	600871	HQ
MFD08669.bin.1.5	313166	HQ
MFD08669.bin.1.88	331652	HQ
MFD08669.bin.2.15	209035	HQ
MFD08691.bin.1.114	445182	HQ
MFD08691.bin.1.35	926726	HQ
MFD08691.bin.1.5	127831	HQ
MFD08700.bin.1.19	243879	HQ
MFD08700.bin.1.2	317936	HQ
MFD08700.bin.1.4	168328	HQ
MFD08700.bin.1.44	227765	HQ
MFD08700.bin.1.66	399057	HQ
MFD08700.bin.1.74	311973	HQ
MFD08700.bin.1.95	741222	HQ
MFD08700.bin.2.48	212944	HQ
MFD08821.bin.1.112	279131	HQ
MFD08821.bin.1.29	198648	HQ
MFD08821.bin.1.92	720392	HQ
MFD09018.bin.1.114	1915832	HQ
MFD09018.bin.1.23	193839	HQ
MFD09018.bin.1.47	138067	HQ
MFD09018.bin.1.6	193216	HQ
MFD09018.bin.1.68	2078143	HQ
MFD09018.bin.2.22	159170	HQ
MFD09126.bin.1.47	237534	HQ
MFD09126.bin.1.74	402615	HQ
MFD09126.bin.1.77	429546	HQ
MFD09206.bin.1.100	3481158	HQ
MFD09206.bin.1.107	499803	HQ
MFD09206.bin.1.115	731427	HQ
MFD09206.bin.1.132	228163	HQ
MFD09206.bin.1.14	182541	HQ
MFD09206.bin.1.160	716197	HQ
MFD09206.bin.1.167	638597	HQ
MFD09206.bin.1.191	739713	HQ
MFD09206.bin.1.2	3292206	HQ
MFD09206.bin.1.206	869150	HQ
MFD09206.bin.1.208	1112844	HQ
MFD09206.bin.1.210	245621	HQ
MFD09206.bin.1.212	4386545	HQ
MFD09206.bin.1.218	472740	HQ
MFD09206.bin.1.221	737255	HQ
MFD09206.bin.1.225	620687	HQ
MFD09206.bin.1.227	702882	HQ
MFD09206.bin.1.230	477661	HQ
MFD09206.bin.1.237	255115	HQ
MFD09206.bin.1.40	478674	HQ
MFD09206.bin.1.42	7491284	HQ
MFD09206.bin.1.5	753296	HQ
MFD09206.bin.1.6	854076	HQ
MFD09206.bin.1.69	409010	HQ
MFD09206.bin.1.75	1822585	HQ
MFD09206.bin.1.90	1934206	HQ
MFD09206.bin.1.94	202869	HQ
MFD09206.bin.2.153	420893	HQ
MFD09206.bin.2.20	494050	HQ
MFD09206.bin.3.348	346396	HQ
MFD09212.bin.1.104	1580604	HQ
MFD09212.bin.1.122	2404470	HQ
MFD09212.bin.1.129	1203956	HQ
MFD09212.bin.1.13	2624304	HQ
MFD09212.bin.1.130	409793	HQ
MFD09212.bin.1.133	961364	HQ
MFD09212.bin.1.134	2128273	HQ
MFD09212.bin.1.136	764603	HQ
MFD09212.bin.1.137	390861	HQ
MFD09212.bin.1.138	745093	HQ
MFD09212.bin.1.139	712572	HQ
MFD09212.bin.1.140	1645592	HQ
MFD09212.bin.1.141	1372118	HQ
MFD09212.bin.1.142	313540	HQ
MFD09212.bin.1.144	1872174	HQ
MFD09212.bin.1.147	2770466	HQ
MFD09212.bin.1.165	2723528	HQ
MFD09212.bin.1.18	1438305	HQ
MFD09212.bin.1.19	3160731	HQ
MFD09212.bin.1.196	1080441	HQ
MFD09212.bin.1.210	617051	HQ
MFD09212.bin.1.217	5699685	HQ
MFD09212.bin.1.219	896364	HQ
MFD09212.bin.1.232	1312406	HQ
MFD09212.bin.1.234	852920	HQ
MFD09212.bin.1.240	555323	HQ
MFD09212.bin.1.244	462579	HQ
MFD09212.bin.1.252	2116870	HQ
MFD09212.bin.1.28	2095873	HQ
MFD09212.bin.1.3	1278279	HQ
MFD09212.bin.1.30	2641031	HQ
MFD09212.bin.1.36	511231	HQ
MFD09212.bin.1.4	518183	HQ
MFD09212.bin.1.43	558368	HQ
MFD09212.bin.1.47	690876	HQ
MFD09212.bin.1.66	1626420	HQ
MFD09212.bin.1.85	1016950	HQ
MFD09222.bin.1.102	253597	HQ
MFD09222.bin.1.109	660116	HQ
MFD09222.bin.1.118	446988	HQ
MFD09222.bin.1.124	670335	HQ
MFD09222.bin.1.128	113339	HQ
MFD09222.bin.1.129	1288116	HQ
MFD09222.bin.1.130	2720477	HQ
MFD09222.bin.1.131	520612	HQ
MFD09222.bin.1.14	576432	HQ
MFD09222.bin.1.147	1108940	HQ
MFD09222.bin.1.150	1348123	HQ
MFD09222.bin.1.161	4160179	HQ
MFD09222.bin.1.171	1623187	HQ
MFD09222.bin.1.174	338398	HQ
MFD09222.bin.1.18	287569	HQ
MFD09222.bin.1.180	412657	HQ
MFD09222.bin.1.182	591425	HQ
MFD09222.bin.1.185	924737	HQ
MFD09222.bin.1.196	350975	HQ
MFD09222.bin.1.2	518058	HQ
MFD09222.bin.1.200	204403	HQ
MFD09222.bin.1.212	288230	HQ
MFD09222.bin.1.214	429701	HQ
MFD09222.bin.1.216	432675	HQ
MFD09222.bin.1.22	3244341	HQ
MFD09222.bin.1.222	759730	HQ
MFD09222.bin.1.225	234202	HQ
MFD09222.bin.1.227	2751319	HQ
MFD09222.bin.1.228	2010674	HQ
MFD09222.bin.1.238	1130579	HQ
MFD09222.bin.1.32	1359476	HQ
MFD09222.bin.1.41	4932645	HQ
MFD09222.bin.1.46	539541	HQ
MFD09222.bin.1.50	1093926	HQ
MFD09222.bin.1.52	5556121	HQ
MFD09222.bin.1.53	2404681	HQ
MFD09222.bin.1.59	1206173	HQ
MFD09222.bin.1.65	506691	HQ
MFD09222.bin.1.71	405532	HQ
MFD09222.bin.1.8	157626	HQ
MFD09222.bin.1.96	2957747	HQ
MFD09222.bin.2.120	776441	HQ
MFD09222.bin.2.148	2987670	HQ
MFD09267.bin.1.107	135547	HQ
MFD09267.bin.1.130	614406	HQ
MFD09267.bin.1.140	389031	HQ
MFD09267.bin.1.152	201329	HQ
MFD09267.bin.1.158	1587868	HQ
MFD09267.bin.1.163	284244	HQ
MFD09267.bin.1.194	2343529	HQ
MFD09267.bin.1.216	2560231	HQ
MFD09267.bin.1.221	1966261	HQ
MFD09267.bin.1.232	432121	HQ
MFD09267.bin.1.238	497169	HQ
MFD09267.bin.1.253	3315447	HQ
MFD09267.bin.1.261	177231	HQ
MFD09267.bin.1.264	141621	HQ
MFD09267.bin.1.271	262706	HQ
MFD09267.bin.1.277	1669942	HQ
MFD09267.bin.1.290	360162	HQ
MFD09267.bin.1.321	563712	HQ
MFD09267.bin.1.346	1046069	HQ
MFD09267.bin.1.350	764969	HQ
MFD09267.bin.1.353	697566	HQ
MFD09267.bin.1.386	499516	HQ
MFD09267.bin.1.5	2039081	HQ
MFD09267.bin.1.83	367116	HQ
MFD09267.bin.1.89	365733	HQ
MFD09267.bin.1.92	2641084	HQ
MFD09267.bin.1.95	163213	HQ
MFD09267.bin.2.120	221811	HQ
MFD09267.bin.2.222	189258	HQ
MFD09267.bin.3.238	240662	HQ
MFD09267.bin.3.5	644971	HQ
MFD09267.bin.3.51	191774	HQ
MFD09286.bin.1.1	374763	HQ
MFD09286.bin.1.102	2035286	HQ
MFD09286.bin.1.109	260501	HQ
MFD09286.bin.1.124	693701	HQ
MFD09286.bin.1.132	216087	HQ
MFD09286.bin.1.138	400372	HQ
MFD09286.bin.1.139	658770	HQ
MFD09286.bin.1.140	5046666	HQ
MFD09286.bin.1.141	147647	HQ
MFD09286.bin.1.148	3056905	HQ
MFD09286.bin.1.150	325284	HQ
MFD09286.bin.1.157	196886	HQ
MFD09286.bin.1.158	812205	HQ
MFD09286.bin.1.160	570877	HQ
MFD09286.bin.1.167	423497	HQ
MFD09286.bin.1.170	780640	HQ
MFD09286.bin.1.172	312900	HQ
MFD09286.bin.1.180	472232	HQ
MFD09286.bin.1.183	418150	HQ
MFD09286.bin.1.185	279161	HQ
MFD09286.bin.1.186	3261729	HQ
MFD09286.bin.1.187	714883	HQ
MFD09286.bin.1.194	3125049	HQ
MFD09286.bin.1.20	2323344	HQ
MFD09286.bin.1.203	1267096	HQ
MFD09286.bin.1.210	607485	HQ
MFD09286.bin.1.212	231755	HQ
MFD09286.bin.1.235	550466	HQ
MFD09286.bin.1.248	1692729	HQ
MFD09286.bin.1.251	887116	HQ
MFD09286.bin.1.254	596016	HQ
MFD09286.bin.1.255	1122380	HQ
MFD09286.bin.1.36	2771650	HQ
MFD09286.bin.1.44	6696006	HQ
MFD09286.bin.1.46	4802401	HQ
MFD09286.bin.1.47	320301	HQ
MFD09286.bin.1.55	782508	HQ
MFD09286.bin.1.60	3188490	HQ
MFD09286.bin.1.62	1056072	HQ
MFD09286.bin.1.8	1921373	HQ
MFD09286.bin.1.87	1892548	HQ
MFD09286.bin.2.44	2054119	HQ
MFD09286.bin.4.273	377339	HQ
MFD09368.bin.1.121	1079495	HQ
MFD09368.bin.1.136	4531295	HQ
MFD09368.bin.1.142	4383581	HQ
MFD09368.bin.1.157	492413	HQ
MFD09368.bin.1.176	1295516	HQ
MFD09368.bin.1.178	1029157	HQ
MFD09368.bin.1.179	542134	HQ
MFD09368.bin.1.186	2888916	HQ
MFD09368.bin.1.187	1017010	HQ
MFD09368.bin.1.188	1353762	HQ
MFD09368.bin.1.2	2375725	HQ
MFD09368.bin.1.203	1396040	HQ
MFD09368.bin.1.210	3162070	HQ
MFD09368.bin.1.217	340414	HQ
MFD09368.bin.1.220	418977	HQ
MFD09368.bin.1.227	944457	HQ
MFD09368.bin.1.228	392478	HQ
MFD09368.bin.1.229	243786	HQ
MFD09368.bin.1.23	3077836	HQ
MFD09368.bin.1.27	1098517	HQ
MFD09368.bin.1.28	3150968	HQ
MFD09368.bin.1.34	533180	HQ
MFD09368.bin.1.39	697834	HQ
MFD09368.bin.1.55	1032475	HQ
MFD09368.bin.1.57	3156343	HQ
MFD09368.bin.1.59	475136	HQ
MFD09368.bin.1.64	1681059	HQ
MFD09368.bin.1.7	355506	HQ
MFD09368.bin.1.80	3086345	HQ
MFD09368.bin.1.84	2824987	HQ
MFD09368.bin.1.87	3141760	HQ
MFD09368.bin.1.91	1405109	HQ
MFD09368.bin.2.160	635746	HQ
MFD09368.bin.2.205	3161445	HQ
MFD09368.bin.3.158	413146	HQ
MFD09368.bin.3.159	158880	HQ
MFD09495.bin.1.102	512888	HQ
MFD09495.bin.1.108	1856025	HQ
MFD09495.bin.1.110	3920623	HQ
MFD09495.bin.1.112	1871032	HQ
MFD09495.bin.1.125	2980657	HQ
MFD09495.bin.1.126	1454906	HQ
MFD09495.bin.1.128	183919	HQ
MFD09495.bin.1.131	590926	HQ
MFD09495.bin.1.132	997460	HQ
MFD09495.bin.1.134	1728640	HQ
MFD09495.bin.1.135	406127	HQ
MFD09495.bin.1.136	886486	HQ
MFD09495.bin.1.139	849340	HQ
MFD09495.bin.1.14	2357203	HQ
MFD09495.bin.1.18	6645659	HQ
MFD09495.bin.1.19	475916	HQ
MFD09495.bin.1.2	688476	HQ
MFD09495.bin.1.27	1421854	HQ
MFD09495.bin.1.3	2136551	HQ
MFD09495.bin.1.30	829232	HQ
MFD09495.bin.1.31	1138561	HQ
MFD09495.bin.1.45	373365	HQ
MFD09495.bin.1.5	3391405	HQ
MFD09495.bin.1.50	246744	HQ
MFD09495.bin.1.52	553283	HQ
MFD09495.bin.1.53	741237	HQ
MFD09495.bin.1.55	1290392	HQ
MFD09495.bin.1.59	1128179	HQ
MFD09495.bin.1.6	415400	HQ
MFD09495.bin.1.66	4742498	HQ
MFD09495.bin.1.69	691328	HQ
MFD09495.bin.1.73	635424	HQ
MFD09495.bin.1.76	468287	HQ
MFD09495.bin.1.81	428350	HQ
MFD09495.bin.2.19	908634	HQ
MFD09495.bin.2.27	284164	HQ
MFD09567.bin.1.113	800495	HQ
MFD09567.bin.1.136	859133	HQ
MFD09567.bin.1.139	646721	HQ
MFD09567.bin.1.143	2440157	HQ
MFD09567.bin.1.28	3078661	HQ
MFD09567.bin.1.5	421951	HQ
MFD09567.bin.1.55	198899	HQ
MFD09567.bin.1.66	2004263	HQ
MFD09567.bin.1.70	292779	HQ
MFD09567.bin.1.71	955199	HQ
MFD09567.bin.1.80	1237500	HQ
MFD09567.bin.2.17	495396	HQ
MFD09603.bin.1.1	827250	HQ
MFD09603.bin.1.101	791977	HQ
MFD09603.bin.1.103	2032086	HQ
MFD09603.bin.1.104	1172336	HQ
MFD09603.bin.1.106	396450	HQ
MFD09603.bin.1.11	1407524	HQ
MFD09603.bin.1.110	340661	HQ
MFD09603.bin.1.112	178670	HQ
MFD09603.bin.1.114	414514	HQ
MFD09603.bin.1.115	1152398	HQ
MFD09603.bin.1.116	418398	HQ
MFD09603.bin.1.119	2349993	HQ
MFD09603.bin.1.123	2176540	HQ
MFD09603.bin.1.124	3421103	HQ
MFD09603.bin.1.127	375884	HQ
MFD09603.bin.1.131	879539	HQ
MFD09603.bin.1.137	1134728	HQ
MFD09603.bin.1.144	173095	HQ
MFD09603.bin.1.156	1188597	HQ
MFD09603.bin.1.169	2497063	HQ
MFD09603.bin.1.193	1288899	HQ
MFD09603.bin.1.2	1593001	HQ
MFD09603.bin.1.21	741071	HQ
MFD09603.bin.1.211	1245754	HQ
MFD09603.bin.1.217	817157	HQ
MFD09603.bin.1.231	2276742	HQ
MFD09603.bin.1.24	1149850	HQ
MFD09603.bin.1.252	965297	HQ
MFD09603.bin.1.255	435014	HQ
MFD09603.bin.1.256	848509	HQ
MFD09603.bin.1.265	711431	HQ
MFD09603.bin.1.268	2827001	HQ
MFD09603.bin.1.269	358857	HQ
MFD09603.bin.1.270	2478255	HQ
MFD09603.bin.1.271	768160	HQ
MFD09603.bin.1.272	783901	HQ
MFD09603.bin.1.273	2713059	HQ
MFD09603.bin.1.275	393848	HQ
MFD09603.bin.1.278	595449	HQ
MFD09603.bin.1.279	723667	HQ
MFD09603.bin.1.281	1370053	HQ
MFD09603.bin.1.283	3495153	HQ
MFD09603.bin.1.284	748429	HQ
MFD09603.bin.1.285	357933	HQ
MFD09603.bin.1.286	981547	HQ
MFD09603.bin.1.288	1054651	HQ
MFD09603.bin.1.298	944416	HQ
MFD09603.bin.1.304	478054	HQ
MFD09603.bin.1.312	2860024	HQ
MFD09603.bin.1.313	806350	HQ
MFD09603.bin.1.315	654175	HQ
MFD09603.bin.1.316	821915	HQ
MFD09603.bin.1.317	2916319	HQ
MFD09603.bin.1.32	1089104	HQ
MFD09603.bin.1.324	2222265	HQ
MFD09603.bin.1.325	5934077	HQ
MFD09603.bin.1.33	3594748	HQ
MFD09603.bin.1.340	481736	HQ
MFD09603.bin.1.341	925712	HQ
MFD09603.bin.1.350	1062002	HQ
MFD09603.bin.1.351	2067124	HQ
MFD09603.bin.1.362	903672	HQ
MFD09603.bin.1.365	2653270	HQ
MFD09603.bin.1.367	2883239	HQ
MFD09603.bin.1.369	432904	HQ
MFD09603.bin.1.37	840963	HQ
MFD09603.bin.1.371	1421619	HQ
MFD09603.bin.1.377	2422878	HQ
MFD09603.bin.1.382	1325746	HQ
MFD09603.bin.1.392	307600	HQ
MFD09603.bin.1.394	352279	HQ
MFD09603.bin.1.396	1044976	HQ
MFD09603.bin.1.397	651300	HQ
MFD09603.bin.1.4	855761	HQ
MFD09603.bin.1.401	559486	HQ
MFD09603.bin.1.402	369460	HQ
MFD09603.bin.1.409	1093266	HQ
MFD09603.bin.1.413	231492	HQ
MFD09603.bin.1.43	3827830	HQ
MFD09603.bin.1.46	2485618	HQ
MFD09603.bin.1.48	543604	HQ
MFD09603.bin.1.49	1415506	HQ
MFD09603.bin.1.5	2117848	HQ
MFD09603.bin.1.51	1830603	HQ
MFD09603.bin.1.64	866557	HQ
MFD09603.bin.1.68	1128174	HQ
MFD09603.bin.1.77	283602	HQ
MFD09603.bin.1.8	4159613	HQ
MFD09603.bin.1.80	3008604	HQ
MFD09603.bin.1.83	678797	HQ
MFD09603.bin.1.86	2266265	HQ
MFD09603.bin.1.87	554823	HQ
MFD09603.bin.1.95	1543846	HQ
MFD09603.bin.1.97	2665925	HQ
MFD09603.bin.1.99	1112088	HQ
MFD09603.bin.2.107	416102	HQ
MFD09603.bin.2.159	423887	HQ
MFD09603.bin.2.160	163329	HQ
MFD09603.bin.2.166	3556595	HQ
MFD09603.bin.2.169	2466984	HQ
MFD09603.bin.2.203	472092	HQ
MFD09603.bin.2.224	202353	HQ
MFD09603.bin.2.235	2107770	HQ
MFD09603.bin.2.240	223902	HQ
MFD09603.bin.2.72	423583	HQ
MFD09671.bin.1.108	326461	HQ
MFD09671.bin.1.113	2003787	HQ
MFD09671.bin.1.114	1107183	HQ
MFD09671.bin.1.115	461768	HQ
MFD09671.bin.1.12	1086970	HQ
MFD09671.bin.1.120	538330	HQ
MFD09671.bin.1.121	1019127	HQ
MFD09671.bin.1.122	1373717	HQ
MFD09671.bin.1.125	2483544	HQ
MFD09671.bin.1.132	410358	HQ
MFD09671.bin.1.136	1092658	HQ
MFD09671.bin.1.140	643272	HQ
MFD09671.bin.1.150	1297900	HQ
MFD09671.bin.1.153	242460	HQ
MFD09671.bin.1.154	764604	HQ
MFD09671.bin.1.159	643137	HQ
MFD09671.bin.1.161	1178673	HQ
MFD09671.bin.1.162	567240	HQ
MFD09671.bin.1.182	667637	HQ
MFD09671.bin.1.184	2778129	HQ
MFD09671.bin.1.186	1721837	HQ
MFD09671.bin.1.189	1364614	HQ
MFD09671.bin.1.19	5070229	HQ
MFD09671.bin.1.193	777177	HQ
MFD09671.bin.1.194	282479	HQ
MFD09671.bin.1.197	1131682	HQ
MFD09671.bin.1.200	725124	HQ
MFD09671.bin.1.201	887486	HQ
MFD09671.bin.1.203	615656	HQ
MFD09671.bin.1.206	487872	HQ
MFD09671.bin.1.22	3672009	HQ
MFD09671.bin.1.3	3615160	HQ
MFD09671.bin.1.34	959363	HQ
MFD09671.bin.1.35	751748	HQ
MFD09671.bin.1.4	1022151	HQ
MFD09671.bin.1.41	2261456	HQ
MFD09671.bin.1.42	2203953	HQ
MFD09671.bin.1.43	1316285	HQ
MFD09671.bin.1.44	3393393	HQ
MFD09671.bin.1.46	5960098	HQ
MFD09671.bin.1.48	953095	HQ
MFD09671.bin.1.5	961282	HQ
MFD09671.bin.1.50	1116034	HQ
MFD09671.bin.1.53	2127292	HQ
MFD09671.bin.1.54	890938	HQ
MFD09671.bin.1.56	1236672	HQ
MFD09671.bin.1.63	1039903	HQ
MFD09671.bin.1.74	593779	HQ
MFD09671.bin.1.78	1755316	HQ
MFD09671.bin.1.97	4468144	HQ
MFD09671.bin.4.117	3419140	HQ
MFD09730.bin.1.101	705113	HQ
MFD09730.bin.1.114	511984	HQ
MFD09730.bin.1.117	1483163	HQ
MFD09730.bin.1.134	324241	HQ
MFD09730.bin.1.146	443233	HQ
MFD09730.bin.1.148	132974	HQ
MFD09730.bin.1.164	657997	HQ
MFD09730.bin.1.17	652564	HQ
MFD09730.bin.1.170	954581	HQ
MFD09730.bin.1.55	595237	HQ
MFD09730.bin.1.56	2173036	HQ
MFD09730.bin.1.57	338882	HQ
MFD09730.bin.1.8	477632	HQ
MFD09730.bin.1.81	412939	HQ
MFD09730.bin.1.93	1257308	HQ
MFD09730.bin.1.97	182281	HQ
MFD09779.bin.1.101	190206	HQ
MFD09779.bin.1.102	660688	HQ
MFD09779.bin.1.108	736786	HQ
MFD09779.bin.1.114	165558	HQ
MFD09779.bin.1.115	1503358	HQ
MFD09779.bin.1.123	546660	HQ
MFD09779.bin.1.125	104300	HQ
MFD09779.bin.1.13	2135151	HQ
MFD09779.bin.1.133	426789	HQ
MFD09779.bin.1.15	954010	HQ
MFD09779.bin.1.20	263298	HQ
MFD09779.bin.1.200	495110	HQ
MFD09779.bin.1.202	501922	HQ
MFD09779.bin.1.204	1819799	HQ
MFD09779.bin.1.205	3126581	HQ
MFD09779.bin.1.207	482550	HQ
MFD09779.bin.1.209	380200	HQ
MFD09779.bin.1.212	203284	HQ
MFD09779.bin.1.213	238734	HQ
MFD09779.bin.1.215	475924	HQ
MFD09779.bin.1.219	337359	HQ
MFD09779.bin.1.220	178847	HQ
MFD09779.bin.1.221	706571	HQ
MFD09779.bin.1.222	541160	HQ
MFD09779.bin.1.231	1224492	HQ
MFD09779.bin.1.234	481060	HQ
MFD09779.bin.1.235	749570	HQ
MFD09779.bin.1.237	221607	HQ
MFD09779.bin.1.238	1181915	HQ
MFD09779.bin.1.239	970076	HQ
MFD09779.bin.1.24	495544	HQ
MFD09779.bin.1.242	317515	HQ
MFD09779.bin.1.243	573102	HQ
MFD09779.bin.1.244	1870592	HQ
MFD09779.bin.1.245	632923	HQ
MFD09779.bin.1.250	1062474	HQ
MFD09779.bin.1.252	169952	HQ
MFD09779.bin.1.256	299255	HQ
MFD09779.bin.1.259	903322	HQ
MFD09779.bin.1.263	2102459	HQ
MFD09779.bin.1.273	1700501	HQ
MFD09779.bin.1.277	547174	HQ
MFD09779.bin.1.280	393007	HQ
MFD09779.bin.1.281	347817	HQ
MFD09779.bin.1.284	747091	HQ
MFD09779.bin.1.286	716534	HQ
MFD09779.bin.1.292	558816	HQ
MFD09779.bin.1.294	1194023	HQ
MFD09779.bin.1.300	331730	HQ
MFD09779.bin.1.308	263159	HQ
MFD09779.bin.1.311	179685	HQ
MFD09779.bin.1.312	2700352	HQ
MFD09779.bin.1.317	562658	HQ
MFD09779.bin.1.323	790378	HQ
MFD09779.bin.1.324	464560	HQ
MFD09779.bin.1.325	2536415	HQ
MFD09779.bin.1.328	2686480	HQ
MFD09779.bin.1.329	1647876	HQ
MFD09779.bin.1.338	959450	HQ
MFD09779.bin.1.340	1142237	HQ
MFD09779.bin.1.345	766924	HQ
MFD09779.bin.1.346	516384	HQ
MFD09779.bin.1.351	424888	HQ
MFD09779.bin.1.356	2371360	HQ
MFD09779.bin.1.358	2842253	HQ
MFD09779.bin.1.359	310706	HQ
MFD09779.bin.1.362	702861	HQ
MFD09779.bin.1.363	2091661	HQ
MFD09779.bin.1.366	1047739	HQ
MFD09779.bin.1.373	956878	HQ
MFD09779.bin.1.375	1770949	HQ
MFD09779.bin.1.378	3191312	HQ
MFD09779.bin.1.4	128312	HQ
MFD09779.bin.1.42	238270	HQ
MFD09779.bin.1.45	662680	HQ
MFD09779.bin.1.47	707984	HQ
MFD09779.bin.1.48	833498	HQ
MFD09779.bin.1.49	2040519	HQ
MFD09779.bin.1.51	418681	HQ
MFD09779.bin.1.57	1507527	HQ
MFD09779.bin.1.6	1125380	HQ
MFD09779.bin.1.63	424860	HQ
MFD09779.bin.1.64	3119517	HQ
MFD09779.bin.1.65	675355	HQ
MFD09779.bin.1.66	544012	HQ
MFD09779.bin.1.69	4741237	HQ
MFD09779.bin.1.7	2012218	HQ
MFD09779.bin.1.71	1685433	HQ
MFD09779.bin.1.73	501889	HQ
MFD09779.bin.1.77	852213	HQ
MFD09779.bin.1.78	395910	HQ
MFD09779.bin.1.81	695455	HQ
MFD09779.bin.1.82	520615	HQ
MFD09779.bin.1.83	3831139	HQ
MFD09779.bin.1.84	336349	HQ
MFD09779.bin.1.86	775074	HQ
MFD09779.bin.1.87	364168	HQ
MFD09779.bin.1.88	161802	HQ
MFD09779.bin.1.9	2638849	HQ
MFD09779.bin.1.91	1278309	HQ
MFD09779.bin.1.96	345475	HQ
MFD09779.bin.1.97	292453	HQ
MFD09779.bin.1.99	599701	HQ
MFD09779.bin.2.245	479325	HQ
MFD09779.bin.2.74	339626	HQ
MFD09779.bin.3.448	396222	HQ
MFD09848.bin.1.108	1367820	HQ
MFD09848.bin.1.114	781835	HQ
MFD09848.bin.1.116	238552	HQ
MFD09848.bin.1.119	271780	HQ
MFD09848.bin.1.27	439930	HQ
MFD09848.bin.1.29	477944	HQ
MFD09848.bin.1.64	304377	HQ
MFD09848.bin.1.96	739865	HQ
MFD09848.bin.3.70	491899	HQ
MFD09964.bin.1.10	741584	HQ
MFD09964.bin.1.100	189872	HQ
MFD09964.bin.1.108	260110	HQ
MFD09964.bin.1.111	537671	HQ
MFD09964.bin.1.113	503344	HQ
MFD09964.bin.1.117	92102	HQ
MFD09964.bin.1.132	278271	HQ
MFD09964.bin.1.142	324339	HQ
MFD09964.bin.1.155	453879	HQ
MFD09964.bin.1.169	165337	HQ
MFD09964.bin.1.174	544771	HQ
MFD09964.bin.1.182	629675	HQ
MFD09964.bin.1.189	500436	HQ
MFD09964.bin.1.191	97240	HQ
MFD09964.bin.1.195	1094109	HQ
MFD09964.bin.1.198	477574	HQ
MFD09964.bin.1.200	1209026	HQ
MFD09964.bin.1.201	276399	HQ
MFD09964.bin.1.206	896030	HQ
MFD09964.bin.1.207	344797	HQ
MFD09964.bin.1.209	636757	HQ
MFD09964.bin.1.214	441293	HQ
MFD09964.bin.1.215	1001241	HQ
MFD09964.bin.1.222	218429	HQ
MFD09964.bin.1.228	893742	HQ
MFD09964.bin.1.233	362988	HQ
MFD09964.bin.1.234	325247	HQ
MFD09964.bin.1.235	612786	HQ
MFD09964.bin.1.236	910646	HQ
MFD09964.bin.1.24	1144990	HQ
MFD09964.bin.1.240	2566589	HQ
MFD09964.bin.1.247	441865	HQ
MFD09964.bin.1.258	1863959	HQ
MFD09964.bin.1.27	889045	HQ
MFD09964.bin.1.272	1807414	HQ
MFD09964.bin.1.275	828336	HQ
MFD09964.bin.1.28	437021	HQ
MFD09964.bin.1.280	706995	HQ
MFD09964.bin.1.283	559223	HQ
MFD09964.bin.1.284	540354	HQ
MFD09964.bin.1.29	496721	HQ
MFD09964.bin.1.290	308920	HQ
MFD09964.bin.1.292	566716	HQ
MFD09964.bin.1.297	279448	HQ
MFD09964.bin.1.3	656159	HQ
MFD09964.bin.1.301	638380	HQ
MFD09964.bin.1.307	466569	HQ
MFD09964.bin.1.308	2192300	HQ
MFD09964.bin.1.31	343673	HQ
MFD09964.bin.1.311	379616	HQ
MFD09964.bin.1.312	2022327	HQ
MFD09964.bin.1.317	1123987	HQ
MFD09964.bin.1.32	502828	HQ
MFD09964.bin.1.333	435868	HQ
MFD09964.bin.1.336	1867267	HQ
MFD09964.bin.1.34	777044	HQ
MFD09964.bin.1.340	454679	HQ
MFD09964.bin.1.345	657547	HQ
MFD09964.bin.1.347	584975	HQ
MFD09964.bin.1.35	2617087	HQ
MFD09964.bin.1.357	418577	HQ
MFD09964.bin.1.36	374276	HQ
MFD09964.bin.1.362	1624403	HQ
MFD09964.bin.1.363	312770	HQ
MFD09964.bin.1.364	492364	HQ
MFD09964.bin.1.366	454417	HQ
MFD09964.bin.1.373	632859	HQ
MFD09964.bin.1.374	3042978	HQ
MFD09964.bin.1.383	1476413	HQ
MFD09964.bin.1.42	446879	HQ
MFD09964.bin.1.44	285718	HQ
MFD09964.bin.1.5	4275982	HQ
MFD09964.bin.1.53	870094	HQ
MFD09964.bin.1.59	2897450	HQ
MFD09964.bin.1.60	552412	HQ
MFD09964.bin.1.62	1071963	HQ
MFD09964.bin.1.66	645397	HQ
MFD09964.bin.1.67	1050646	HQ
MFD09964.bin.1.68	1117877	HQ
MFD09964.bin.1.69	517434	HQ
MFD09964.bin.1.7	1286639	HQ
MFD09964.bin.1.70	751211	HQ
MFD09964.bin.1.74	3610528	HQ
MFD09964.bin.1.76	734403	HQ
MFD09964.bin.1.77	2474507	HQ
MFD09964.bin.1.78	363076	HQ
MFD09964.bin.1.79	2170217	HQ
MFD09964.bin.1.80	1032466	HQ
MFD09964.bin.1.83	786333	HQ
MFD09964.bin.1.87	772908	HQ
MFD09964.bin.1.93	1914858	HQ
MFD09964.bin.1.96	236046	HQ
MFD09964.bin.1.97	243073	HQ
MFD09964.bin.1.98	1563215	HQ
MFD09964.bin.2.104	115584	HQ
MFD09964.bin.2.144	1362397	HQ
MFD09964.bin.2.169	406195	HQ
MFD09964.bin.2.177	1706004	HQ
MFD09964.bin.2.187	268447	HQ
MFD09964.bin.2.250	317137	HQ
MFD09964.bin.2.260	177383	HQ
MFD09964.bin.2.30	417755	HQ
MFD09964.bin.2.64	653820	HQ
MFD09964.bin.2.72	156756	HQ
MFD09964.bin.3.183	279748	HQ
MFD09964.bin.3.367	271626	HQ
MFD10007.bin.1.1	661648	HQ
MFD10007.bin.1.10	222630	HQ
MFD10007.bin.1.118	425783	HQ
MFD10007.bin.1.119	2924987	HQ
MFD10007.bin.1.123	708450	HQ
MFD10007.bin.1.132	820518	HQ
MFD10007.bin.1.148	2994754	HQ
MFD10007.bin.1.169	821072	HQ
MFD10007.bin.1.171	254793	HQ
MFD10007.bin.1.176	1498229	HQ
MFD10007.bin.1.19	213461	HQ
MFD10007.bin.1.200	640848	HQ
MFD10007.bin.1.21	285718	HQ
MFD10007.bin.1.210	362745	HQ
MFD10007.bin.1.230	1061423	HQ
MFD10007.bin.1.237	972036	HQ
MFD10007.bin.1.241	204948	HQ
MFD10007.bin.1.245	970194	HQ
MFD10007.bin.1.248	556445	HQ
MFD10007.bin.1.27	646027	HQ
MFD10007.bin.1.28	1923476	HQ
MFD10007.bin.1.33	596499	HQ
MFD10007.bin.1.37	1159350	HQ
MFD10007.bin.1.45	737190	HQ
MFD10007.bin.1.48	1826265	HQ
MFD10007.bin.1.59	334872	HQ
MFD10007.bin.1.62	1677817	HQ
MFD10007.bin.1.78	623391	HQ
MFD10007.bin.2.2	140891	HQ
MFD10043.bin.1.17	6168405	HQ
MFD10043.bin.1.19	555279	HQ
MFD10064.bin.1.1	388489	HQ
MFD10064.bin.1.109	139509	HQ
MFD10064.bin.1.114	267935	HQ
MFD10064.bin.1.12	697426	HQ
MFD10064.bin.1.125	135322	HQ
MFD10064.bin.1.144	550252	HQ
MFD10064.bin.1.147	587083	HQ
MFD10064.bin.1.149	661960	HQ
MFD10064.bin.1.15	633290	HQ
MFD10064.bin.1.151	361452	HQ
MFD10064.bin.1.16	514479	HQ
MFD10064.bin.1.18	723959	HQ
MFD10064.bin.1.2	769169	HQ
MFD10064.bin.1.20	4098448	HQ
MFD10064.bin.1.24	3267514	HQ
MFD10064.bin.1.26	2402231	HQ
MFD10064.bin.1.32	150605	HQ
MFD10064.bin.1.39	200208	HQ
MFD10064.bin.1.43	1024276	HQ
MFD10064.bin.1.46	641542	HQ
MFD10064.bin.1.47	3041396	HQ
MFD10064.bin.1.59	638357	HQ
MFD10064.bin.1.74	357124	HQ
MFD10064.bin.1.75	253696	HQ
MFD10064.bin.1.78	511297	HQ
MFD10064.bin.1.81	597365	HQ
MFD10064.bin.1.84	224712	HQ
MFD10064.bin.1.97	386071	HQ
MFD10064.bin.2.52	375117	HQ
MFD10064.bin.3.223	343780	HQ
MFD10071.bin.1.10	3202287	HQ
MFD10071.bin.1.120	542409	HQ
MFD10071.bin.1.134	333814	HQ
MFD10071.bin.1.136	223080	HQ
MFD10071.bin.1.140	182649	HQ
MFD10071.bin.1.144	1621569	HQ
MFD10071.bin.1.145	1794937	HQ
MFD10071.bin.1.35	440549	HQ
MFD10071.bin.1.44	691509	HQ
MFD10071.bin.1.48	245339	HQ
MFD10071.bin.1.71	526701	HQ
MFD10071.bin.1.72	934047	HQ
MFD10071.bin.1.76	265743	HQ
MFD10071.bin.1.91	678667	HQ
MFD10071.bin.2.26	411504	HQ
MFD10071.bin.3.21	148574	HQ
MFD10097.bin.1.10	25984	HQ
MFD10097.bin.1.12	67626	HQ
MFD10097.bin.1.23	36275	HQ
MFD10097.bin.1.24	122363	HQ
MFD10097.bin.1.3	119533	HQ
MFD10097.bin.1.32	102572	HQ
MFD10097.bin.1.35	247034	HQ
MFD10097.bin.1.37	174198	HQ
MFD10097.bin.1.39	442256	HQ
MFD10097.bin.1.40	142284	HQ
MFD10097.bin.1.8	226389	HQ
MFD10097.bin.2.3	186207	HQ
MFD10113.bin.1.111	182790	HQ
MFD10113.bin.1.126	575367	HQ
MFD10113.bin.1.130	252079	HQ
MFD10113.bin.1.138	515012	HQ
MFD10113.bin.1.14	1019290	HQ
MFD10113.bin.1.142	797423	HQ
MFD10113.bin.1.15	715655	HQ
MFD10113.bin.1.151	1910198	HQ
MFD10113.bin.1.179	837679	HQ
MFD10113.bin.1.188	773545	HQ
MFD10113.bin.1.191	2502653	HQ
MFD10113.bin.1.199	346854	HQ
MFD10113.bin.1.20	2396924	HQ
MFD10113.bin.1.207	300159	HQ
MFD10113.bin.1.227	868023	HQ
MFD10113.bin.1.27	1062627	HQ
MFD10113.bin.1.28	1495884	HQ
MFD10113.bin.1.29	2287811	HQ
MFD10113.bin.1.38	3423420	HQ
MFD10113.bin.1.44	486538	HQ
MFD10113.bin.1.46	612046	HQ
MFD10113.bin.1.57	830238	HQ
MFD10113.bin.1.77	1204981	HQ
MFD10113.bin.1.80	391679	HQ
MFD10113.bin.2.190	606338	HQ
MFD10113.bin.2.63	909345	HQ
MFD10113.bin.3.538	1053980	HQ
MFD00008.bin.1.167	393082	HQ
MFD00031.bin.1.112	1270608	HQ
MFD00032.bin.1.135	345166	HQ
MFD00032.bin.1.220	222568	HQ
MFD00032.bin.1.38	630502	HQ
MFD00032.bin.1.50	463897	HQ
MFD00032.bin.1.54	505799	HQ
MFD00082.bin.1.130	500705	HQ
MFD00822.bin.1.234	1531540	HQ
MFD00905.bin.1.137	301711	HQ
MFD01112.bin.1.15	296451	HQ
MFD01112.bin.2.5	200576	HQ
MFD01188.bin.1.48	758460	HQ
MFD01188.bin.2.15	225913	HQ
MFD01231.bin.1.25	731606	HQ
MFD01299.bin.1.1	402315	HQ
MFD01299.bin.1.8	425051	HQ
MFD01476.bin.1.122	742574	HQ
MFD01476.bin.1.202	641783	HQ
MFD01476.bin.1.217	695272	HQ
MFD01476.bin.1.243	327155	HQ
MFD01689.bin.1.29	198308	HQ
MFD01689.bin.1.3	535123	HQ
MFD01689.bin.1.58	60605	HQ
MFD01689.bin.1.59	311504	HQ
MFD01716.bin.1.165	417453	HQ
MFD01716.bin.1.47	814081	HQ
MFD01872.bin.1.205	181241	HQ
MFD01872.bin.1.306	299679	HQ
MFD01872.bin.1.337	267469	HQ
MFD01872.bin.2.229	666983	HQ
MFD01916.bin.1.74	879687	HQ
MFD02134.bin.1.155	442028	HQ
MFD02138.bin.1.8	2504878	HQ
MFD02138.bin.1.89	143746	HQ
MFD02138.bin.1.95	508058	HQ
MFD02360.bin.2.160	154708	HQ
MFD02360.bin.3.578	135391	HQ
MFD02416.bin.1.122	686689	HQ
MFD02416.bin.1.248	2385948	HQ
MFD02416.bin.1.250	412164	HQ
MFD02416.bin.1.252	783554	HQ
MFD02416.bin.1.253	296990	HQ
MFD02416.bin.1.259	800587	HQ
MFD02416.bin.1.260	192039	HQ
MFD02416.bin.1.261	2683460	HQ
MFD02416.bin.1.263	534325	HQ
MFD02416.bin.1.292	536262	HQ
MFD02416.bin.1.348	2096218	HQ
MFD02416.bin.2.149	336742	HQ
MFD02809.bin.1.192	662503	HQ
MFD02809.bin.1.329	228996	HQ
MFD02809.bin.1.56	374397	HQ
MFD02923.bin.1.1	64905	HQ
MFD02979.bin.1.52	384800	HQ
MFD03323.bin.1.25	417698	HQ
MFD03726.bin.1.102	2354843	HQ
MFD03726.bin.1.105	189629	HQ
MFD03726.bin.1.205	210021	HQ
MFD03726.bin.1.224	732006	HQ
MFD03726.bin.1.7	681493	HQ
MFD03899.bin.1.101	943852	HQ
MFD03899.bin.1.103	1311545	HQ
MFD03899.bin.1.38	416354	HQ
MFD03899.bin.2.194	119403	HQ
MFD04408.bin.1.101	159449	HQ
MFD04408.bin.1.228	544787	HQ
MFD04408.bin.1.32	1693162	HQ
MFD04408.bin.1.91	564162	HQ
MFD04492.bin.1.118	591341	HQ
MFD04492.bin.1.23	2222592	HQ
MFD04492.bin.2.70	189275	HQ
MFD04716.bin.1.234	265316	HQ
MFD04716.bin.1.240	597854	HQ
MFD04716.bin.1.246	215458	HQ
MFD04716.bin.1.417	586852	HQ
MFD04716.bin.1.87	1418823	HQ
MFD04716.bin.3.283	188148	HQ
MFD04850.bin.1.355	789435	HQ
MFD04935.bin.2.128	296709	HQ
MFD05088.bin.1.88	126829	HQ
MFD05176.bin.1.11	119635	HQ
MFD05442.bin.1.295	2467400	HQ
MFD05512.bin.1.236	2531687	HQ
MFD05580.bin.1.33	1315766	HQ
MFD05580.bin.1.78	2252123	HQ
MFD05674.bin.1.100	361202	HQ
MFD05674.bin.1.171	26060	HQ
MFD05674.bin.3.274	69515	HQ
MFD05747.bin.1.218	386990	HQ
MFD05942.bin.1.278	123664	HQ
MFD05942.bin.1.284	355869	HQ
MFD05942.bin.1.286	213713	HQ
MFD05942.bin.2.52	421850	HQ
MFD07691.bin.2.42	93934	HQ
MFD07830.bin.1.11	154272	HQ
MFD07830.bin.2.9	35288	HQ
MFD09055.bin.1.28	77518	HQ
MFD09126.bin.1.22	120035	HQ
MFD09212.bin.1.10	153813	HQ
MFD09212.bin.1.231	218249	HQ
MFD09222.bin.1.10	766950	HQ
MFD09222.bin.1.112	376112	HQ
MFD09222.bin.1.113	624111	HQ
MFD09222.bin.1.114	1817757	HQ
MFD09222.bin.1.12	2307657	HQ
MFD09222.bin.1.49	449484	HQ
MFD09567.bin.1.8	2426821	HQ
MFD09603.bin.1.314	581079	HQ
MFD09603.bin.1.404	2206616	HQ
MFD10007.bin.1.192	1805656	HQ
MFD10007.bin.1.217	96880	HQ
MFD10007.bin.4.328	90177	HQ
MFD00008.bin.c.1	5675650	HQ
MFD00008.bin.c.2	5357122	HQ
MFD00008.bin.c.3	3572410	HQ
MFD00031.bin.c.1	3331632	MQ
MFD00031.bin.c.2	3292296	MQ
MFD00031.bin.c.3	2851686	HQ
MFD00032.bin.c.1	2724539	HQ
MFD00082.bin.c.1	2635134	HQ
MFD00082.bin.c.3	2419002	MQ
MFD00082.bin.c.5	2051574	HQ
MFD00082.bin.c.6	1091075	MQ
MFD00082.bin.c.7	881652	MQ
MFD00082.bin.c.8	681747	HQ
MFD00125.bin.c.1	2875956	HQ
MFD00731.bin.c.1	7736568	MQ
MFD00731.bin.c.2	4696003	HQ
MFD00731.bin.c.3	3834914	HQ
MFD00731.bin.c.4	3791386	HQ
MFD00731.bin.c.6	2966170	MQ
MFD00822.bin.c.1	2932357	HQ
MFD00822.bin.c.2	2613703	HQ
MFD00905.bin.c.1	7515525	HQ
MFD00905.bin.c.3	1421954	HQ
MFD00964.bin.c.1	2585133	MQ
MFD00991.bin.c.1	3564111	HQ
MFD01112.bin.c.2	1318721	HQ
MFD01188.bin.c.1	3151091	HQ
MFD01213.bin.c.1	4885564	HQ
MFD01213.bin.c.2	4517628	HQ
MFD01213.bin.c.3	3998552	MQ
MFD01213.bin.c.4	3851219	HQ
MFD01231.bin.c.1	5645311	MQ
MFD01231.bin.c.2	4966075	HQ
MFD01231.bin.c.3	3380409	HQ
MFD01231.bin.c.4	2610871	HQ
MFD01248.bin.c.1	5139509	HQ
MFD01248.bin.c.2	4364292	HQ
MFD01275.bin.c.1	10090195	MQ
MFD01275.bin.c.12	8423711	HQ
MFD01275.bin.c.18	5350129	HQ
MFD01275.bin.c.19	5196240	HQ
MFD01275.bin.c.2	2877064	HQ
MFD01275.bin.c.20	4132591	MQ
MFD01275.bin.c.21	3875872	MQ
MFD01275.bin.c.22	3629208	HQ
MFD01275.bin.c.23	3565998	MQ
MFD01275.bin.c.24	3010287	HQ
MFD01275.bin.c.3	2865460	HQ
MFD01275.bin.c.4	2635460	HQ
MFD01275.bin.c.5	2433234	MQ
MFD01275.bin.c.6	2185534	HQ
MFD01275.bin.c.7	1191543	HQ
MFD01275.bin.c.8	1189924	HQ
MFD01299.bin.c.1	5036327	MQ
MFD01299.bin.c.2	3776135	MQ
MFD01299.bin.c.3	3585087	HQ
MFD01299.bin.c.4	2656704	HQ
MFD01299.bin.c.5	982852	HQ
MFD01476.bin.c.1	7039462	HQ
MFD01476.bin.c.5	2459993	HQ
MFD01476.bin.c.8	1298077	HQ
MFD01561.bin.c.1	3617538	MQ
MFD01633.bin.c.1	3970189	HQ
MFD01633.bin.c.2	3373860	HQ
MFD01633.bin.c.3	1198634	HQ
MFD01689.bin.c.1	4069481	MQ
MFD01689.bin.c.2	3328376	HQ
MFD01689.bin.c.3	1088247	HQ
MFD01716.bin.c.1	1731632	HQ
MFD01721.bin.c.1	7504895	MQ
MFD01721.bin.c.4	5569666	HQ
MFD01721.bin.c.5	5445952	HQ
MFD01721.bin.c.7	2781007	HQ
MFD01828.bin.c.1	3445514	HQ
MFD01872.bin.c.1	3552794	MQ
MFD01872.bin.c.2	2456764	MQ
MFD01916.bin.c.1	5186909	HQ
MFD01916.bin.c.3	5170222	HQ
MFD01916.bin.c.4	4850502	HQ
MFD01916.bin.c.5	4841888	HQ
MFD01916.bin.c.6	4089372	HQ
MFD01916.bin.c.7	2620312	HQ
MFD01916.bin.c.8	1142061	HQ
MFD02134.bin.c.1	3678338	MQ
MFD02134.bin.c.2	3352264	MQ
MFD02134.bin.c.3	2867974	MQ
MFD02242.bin.c.1	4162540	MQ
MFD02242.bin.c.2	2509776	HQ
MFD02248.bin.c.1	3687845	HQ
MFD02416.bin.c.1	4871623	MQ
MFD02416.bin.c.12	4594535	MQ
MFD02416.bin.c.14	3865732	HQ
MFD02416.bin.c.16	2847203	HQ
MFD02416.bin.c.17	2560249	HQ
MFD02416.bin.c.2	1374545	HQ
MFD02416.bin.c.20	1437033	HQ
MFD02416.bin.c.3	1140724	HQ
MFD02416.bin.c.4	1084458	HQ
MFD02579.bin.c.1	8310967	HQ
MFD02581.bin.c.1	6517676	HQ
MFD02832.bin.c.1	4565174	HQ
MFD02832.bin.c.2	4121607	HQ
MFD02832.bin.c.3	2646069	MQ
MFD02840.bin.c.1	5811497	HQ
MFD02840.bin.c.2	2600124	HQ
MFD02840.bin.c.3	2497770	HQ
MFD02923.bin.c.1	3434971	HQ
MFD02979.bin.c.1	3823457	MQ
MFD02979.bin.c.2	2375573	MQ
MFD02979.bin.c.4	1253067	HQ
MFD02979.bin.c.5	1055620	HQ
MFD03066.bin.c.1	10076357	HQ
MFD03066.bin.c.2	4607533	HQ
MFD03066.bin.c.3	3167587	HQ
MFD03250.bin.c.1	6192661	HQ
MFD03250.bin.c.2	3952231	HQ
MFD03250.bin.c.3	3753895	HQ
MFD03250.bin.c.4	3096048	HQ
MFD03250.bin.c.5	2483271	HQ
MFD03250.bin.c.6	2165533	HQ
MFD03250.bin.c.7	1867446	HQ
MFD03399.bin.c.2	5273929	HQ
MFD03399.bin.c.3	4222056	HQ
MFD03399.bin.c.4	2743348	HQ
MFD03602.bin.c.1	2520594	MQ
MFD03726.bin.c.1	5561946	HQ
MFD03726.bin.c.10	4179387	HQ
MFD03726.bin.c.11	3643693	HQ
MFD03726.bin.c.12	3239482	HQ
MFD03726.bin.c.14	2314715	HQ
MFD03726.bin.c.2	1839548	MQ
MFD03726.bin.c.3	1770855	HQ
MFD03726.bin.c.4	898885	HQ
MFD03726.bin.c.5	887956	HQ
MFD03726.bin.c.7	4724160	HQ
MFD03726.bin.c.8	4559501	HQ
MFD03726.bin.c.9	4529109	HQ
MFD03899.bin.c.1	995214	HQ
MFD03975.bin.c.1	2938435	HQ
MFD03975.bin.c.2	2770803	HQ
MFD04212.bin.c.1	5711090	HQ
MFD04212.bin.c.10	2827934	HQ
MFD04212.bin.c.11	2636599	HQ
MFD04212.bin.c.12	2531847	HQ
MFD04212.bin.c.13	1264584	HQ
MFD04212.bin.c.6	4737850	HQ
MFD04212.bin.c.7	4099595	HQ
MFD04212.bin.c.8	4074096	HQ
MFD04212.bin.c.9	3300104	HQ
MFD04408.bin.c.1	3183124	HQ
MFD04408.bin.c.6	929420	HQ
MFD04434.bin.c.1	2967470	HQ
MFD04434.bin.c.2	1337192	HQ
MFD04463.bin.c.1	4540669	HQ
MFD04463.bin.c.10	3274130	HQ
MFD04463.bin.c.11	3234319	HQ
MFD04463.bin.c.12	3176085	HQ
MFD04463.bin.c.13	3166583	HQ
MFD04463.bin.c.14	2399326	HQ
MFD04463.bin.c.15	2284058	HQ
MFD04463.bin.c.16	1478608	HQ
MFD04463.bin.c.9	4191459	HQ
MFD04492.bin.c.2	3227742	HQ
MFD04492.bin.c.3	3150729	HQ
MFD04540.bin.c.1	4976927	HQ
MFD04540.bin.c.2	3549455	HQ
MFD04540.bin.c.3	2067302	HQ
MFD04580.bin.c.1	6868257	MQ
MFD04580.bin.c.2	6489944	HQ
MFD04580.bin.c.3	4025492	HQ
MFD04580.bin.c.4	3014400	MQ
MFD04716.bin.c.2	2396049	HQ
MFD04716.bin.c.3	799209	HQ
MFD04780.bin.c.1	3481983	HQ
MFD04850.bin.c.1	3879407	HQ
MFD04850.bin.c.2	2648419	HQ
MFD04850.bin.c.3	2626406	MQ
MFD04944.bin.c.1	3311769	HQ
MFD04944.bin.c.2	2895190	HQ
MFD04944.bin.c.3	2787458	HQ
MFD04967.bin.c.1	8764536	HQ
MFD04967.bin.c.2	6027559	MQ
MFD04967.bin.c.3	5487933	MQ
MFD04967.bin.c.4	5095278	HQ
MFD04967.bin.c.5	4695024	MQ
MFD04967.bin.c.6	3837011	HQ
MFD04967.bin.c.7	3449515	MQ
MFD05377.bin.c.1	2583589	MQ
MFD05442.bin.c.1	4413049	HQ
MFD05442.bin.c.2	4246306	HQ
MFD05502.bin.c.1	5166029	HQ
MFD05502.bin.c.2	2955820	HQ
MFD05502.bin.c.3	2668820	HQ
MFD05512.bin.c.1	4235171	HQ
MFD05512.bin.c.11	3403373	MQ
MFD05512.bin.c.13	3208285	HQ
MFD05512.bin.c.14	2654132	HQ
MFD05512.bin.c.16	1865056	HQ
MFD05512.bin.c.17	1366684	HQ
MFD05512.bin.c.2	1099440	HQ
MFD05512.bin.c.3	827485	HQ
MFD05513.bin.c.1	3798486	HQ
MFD05513.bin.c.2	3207672	HQ
MFD05513.bin.c.3	2295861	HQ
MFD05521.bin.c.1	2089781	HQ
MFD05537.bin.c.1	8777251	HQ
MFD05537.bin.c.2	5889301	HQ
MFD05537.bin.c.3	4692975	MQ
MFD05567.bin.c.1	2625534	HQ
MFD05580.bin.c.4	1461658	HQ
MFD05674.bin.c.1	3705400	HQ
MFD05674.bin.c.2	3184076	HQ
MFD05684.bin.c.1	4456228	HQ
MFD05684.bin.c.4	778136	HQ
MFD05705.bin.c.1	5157034	MQ
MFD05705.bin.c.2	3577925	HQ
MFD05705.bin.c.3	3571385	MQ
MFD05705.bin.c.4	2648196	HQ
MFD05705.bin.c.5	2625816	HQ
MFD05747.bin.c.1	3236923	MQ
MFD05747.bin.c.2	2887417	MQ
MFD05747.bin.c.3	2697468	MQ
MFD05747.bin.c.4	2668048	HQ
MFD05841.bin.c.1	3250836	HQ
MFD05942.bin.c.1	3623634	HQ
MFD05942.bin.c.2	2668373	HQ
MFD06092.bin.c.1	5456889	HQ
MFD06092.bin.c.3	5146968	HQ
MFD06092.bin.c.4	4962453	MQ
MFD06229.bin.c.1	2086592	MQ
MFD06298.bin.c.1	2963556	HQ
MFD06435.bin.c.1	3440573	MQ
MFD06435.bin.c.2	3196394	HQ
MFD06435.bin.c.3	3116973	HQ
MFD06526.bin.c.1	2818473	HQ
MFD06742.bin.c.1	8725057	HQ
MFD06742.bin.c.2	2576001	HQ
MFD09206.bin.c.1	5542310	HQ
MFD09206.bin.c.2	2766948	HQ
MFD09212.bin.c.1	9536885	HQ
MFD09212.bin.c.2	6270518	HQ
MFD09212.bin.c.3	3119018	HQ
MFD09212.bin.c.4	2292144	HQ
MFD09222.bin.c.1	4450498	HQ
MFD09222.bin.c.2	3330922	HQ
MFD09267.bin.c.1	2615118	MQ
MFD09286.bin.c.1	4466598	HQ
MFD09286.bin.c.2	4084008	HQ
MFD09286.bin.c.3	3748080	HQ
MFD09286.bin.c.4	2931659	HQ
MFD09286.bin.c.6	2131910	HQ
MFD09286.bin.c.7	1406942	MQ
MFD09286.bin.c.8	876331	HQ
MFD09368.bin.c.1	7663956	HQ
MFD09368.bin.c.2	3234808	HQ
MFD09368.bin.c.3	3170370	MQ
MFD09368.bin.c.4	2887072	HQ
MFD09368.bin.c.5	2838737	HQ
MFD09368.bin.c.6	2739614	HQ
MFD09495.bin.c.1	7080295	HQ
MFD09495.bin.c.10	1596033	HQ
MFD09495.bin.c.5	3702043	MQ
MFD09495.bin.c.6	3646083	HQ
MFD09495.bin.c.7	3380366	MQ
MFD09495.bin.c.8	3195523	HQ
MFD09567.bin.c.1	764076	HQ
MFD09603.bin.c.1	7233062	HQ
MFD09603.bin.c.4	5018718	HQ
MFD09603.bin.c.5	3562638	MQ
MFD09603.bin.c.6	3341457	MQ
MFD09603.bin.c.7	3249030	MQ
MFD09671.bin.c.1	4760643	HQ
MFD09671.bin.c.2	4158686	HQ
MFD09671.bin.c.3	3853943	HQ
MFD09671.bin.c.4	3244924	HQ
MFD09671.bin.c.5	1415691	HQ
MFD09730.bin.c.1	2069280	MQ
MFD09779.bin.c.1	3431135	HQ
MFD09964.bin.c.1	3290973	HQ
MFD10007.bin.c.1	4208850	MQ
MFD10007.bin.c.2	4072281	HQ
MFD10007.bin.c.3	3589015	HQ
MFD10007.bin.c.4	3123862	HQ
MFD10007.bin.c.5	2994873	HQ
MFD10043.bin.c.1	4517147	HQ
MFD10064.bin.c.1	3336189	MQ
MFD10064.bin.c.2	3154596	HQ
MFD10064.bin.c.3	2486370	HQ
MFD10113.bin.c.1	3992824	HQ
MFD10113.bin.c.2	3811056	HQ
MFD10113.bin.c.3	3650803	HQ
MFD10113.bin.c.4	3174868	HQ
MFD10113.bin.c.5	2989140	MQ
MFD00082.bin.c.4	2288003	MQ
MFD01231.bin.c.5	2600650	MQ
MFD01231.bin.c.6	2313764	HQ
MFD01231.bin.c.7	1959773	HQ
MFD01476.bin.c.10	852977	HQ
MFD01476.bin.c.6	1571539	MQ
MFD01476.bin.c.9	1209602	HQ
MFD01721.bin.c.6	3436794	HQ
MFD02138.bin.c.1	2625686	MQ
MFD02416.bin.c.15	2937366	HQ
MFD02416.bin.c.18	1838930	MQ
MFD03726.bin.c.13	2346764	MQ
MFD04408.bin.c.2	2585060	MQ
MFD04408.bin.c.3	2172046	MQ
MFD04408.bin.c.4	2115296	HQ
MFD04408.bin.c.5	1975906	HQ
MFD04492.bin.c.5	3053889	MQ
MFD04716.bin.c.1	2722903	HQ
MFD05512.bin.c.15	1915938	HQ
MFD05580.bin.c.3	2258456	MQ
MFD05684.bin.c.2	2902543	HQ
MFD09286.bin.c.5	2713201	HQ
MFD10007.bin.c.6	2091725	HQ
