bin	Coding_Density	MAG_status
MFD00008.bin.1.215	0.851	MQ
MFD00008.bin.1.91	0.875	MQ
MFD00008.bin.2.1	0.811	MQ
MFD00008.bin.2.102	0.87	MQ
MFD00008.bin.2.103	0.829	MQ
MFD00008.bin.2.104	0.82	MQ
MFD00008.bin.2.115	0.845	MQ
MFD00008.bin.2.116	0.812	MQ
MFD00008.bin.2.117	0.831	MQ
MFD00008.bin.2.118	0.856	MQ
MFD00008.bin.2.120	0.84	MQ
MFD00008.bin.2.123	0.868	MQ
MFD00008.bin.2.127	0.841	MQ
MFD00008.bin.2.129	0.89	MQ
MFD00008.bin.2.132	0.838	MQ
MFD00008.bin.2.133	0.86	MQ
MFD00008.bin.2.135	0.792	MQ
MFD00008.bin.2.138	0.864	MQ
MFD00008.bin.2.149	0.816	MQ
MFD00008.bin.2.151	0.868	MQ
MFD00008.bin.2.152	0.806	MQ
MFD00008.bin.2.153	0.895	MQ
MFD00008.bin.2.164	0.855	MQ
MFD00008.bin.2.165	0.82	MQ
MFD00008.bin.2.17	0.857	MQ
MFD00008.bin.2.170	0.824	MQ
MFD00008.bin.2.171	0.871	MQ
MFD00008.bin.2.178	0.87	MQ
MFD00008.bin.2.19	0.894	MQ
MFD00008.bin.2.2	0.814	MQ
MFD00008.bin.2.20	0.907	MQ
MFD00008.bin.2.22	0.824	MQ
MFD00008.bin.2.26	0.867	MQ
MFD00008.bin.2.28	0.854	MQ
MFD00008.bin.2.29	0.911	MQ
MFD00008.bin.2.30	0.82	MQ
MFD00008.bin.2.35	0.86	MQ
MFD00008.bin.2.40	0.867	MQ
MFD00008.bin.2.41	0.833	MQ
MFD00008.bin.2.45	0.904	MQ
MFD00008.bin.2.49	0.877	MQ
MFD00008.bin.2.5	0.912	MQ
MFD00008.bin.2.54	0.868	MQ
MFD00008.bin.2.56	0.815	MQ
MFD00008.bin.2.63	0.799	MQ
MFD00008.bin.2.65	0.818	MQ
MFD00008.bin.2.66	0.855	MQ
MFD00008.bin.2.70	0.844	MQ
MFD00008.bin.2.72	0.859	MQ
MFD00008.bin.2.74	0.824	MQ
MFD00008.bin.2.80	0.825	MQ
MFD00008.bin.2.98	0.875	MQ
MFD00008.bin.3.132	0.833	MQ
MFD00008.bin.3.143	0.87	MQ
MFD00008.bin.3.171	0.858	MQ
MFD00008.bin.3.313	0.837	MQ
MFD00008.bin.3.39	0.896	MQ
MFD00008.bin.3.78	0.901	MQ
MFD00008.bin.4.505	0.861	MQ
MFD00031.bin.1.203	0.876	MQ
MFD00031.bin.2.10	0.873	MQ
MFD00031.bin.2.102	0.855	MQ
MFD00031.bin.2.104	0.827	MQ
MFD00031.bin.2.107	0.852	MQ
MFD00031.bin.2.11	0.823	MQ
MFD00031.bin.2.110	0.854	MQ
MFD00031.bin.2.112	0.838	MQ
MFD00031.bin.2.114	0.854	MQ
MFD00031.bin.2.116	0.874	MQ
MFD00031.bin.2.117	0.842	MQ
MFD00031.bin.2.119	0.887	MQ
MFD00031.bin.2.123	0.809	MQ
MFD00031.bin.2.126	0.867	MQ
MFD00031.bin.2.135	0.854	MQ
MFD00031.bin.2.139	0.834	MQ
MFD00031.bin.2.14	0.85	MQ
MFD00031.bin.2.140	0.834	MQ
MFD00031.bin.2.144	0.86	MQ
MFD00031.bin.2.145	0.901	MQ
MFD00031.bin.2.146	0.82	MQ
MFD00031.bin.2.147	0.878	MQ
MFD00031.bin.2.149	0.871	MQ
MFD00031.bin.2.153	0.874	MQ
MFD00031.bin.2.154	0.874	MQ
MFD00031.bin.2.16	0.862	MQ
MFD00031.bin.2.164	0.848	MQ
MFD00031.bin.2.166	0.835	MQ
MFD00031.bin.2.172	0.847	MQ
MFD00031.bin.2.173	0.86	MQ
MFD00031.bin.2.175	0.814	MQ
MFD00031.bin.2.176	0.817	MQ
MFD00031.bin.2.178	0.817	MQ
MFD00031.bin.2.181	0.86	MQ
MFD00031.bin.2.19	0.843	MQ
MFD00031.bin.2.23	0.859	MQ
MFD00031.bin.2.24	0.87	MQ
MFD00031.bin.2.3	0.909	MQ
MFD00031.bin.2.32	0.845	MQ
MFD00031.bin.2.36	0.867	MQ
MFD00031.bin.2.48	0.787	MQ
MFD00031.bin.2.49	0.851	MQ
MFD00031.bin.2.5	0.864	MQ
MFD00031.bin.2.50	0.841	MQ
MFD00031.bin.2.51	0.837	MQ
MFD00031.bin.2.52	0.828	MQ
MFD00031.bin.2.58	0.847	MQ
MFD00031.bin.2.59	0.854	MQ
MFD00031.bin.2.6	0.839	MQ
MFD00031.bin.2.61	0.819	MQ
MFD00031.bin.2.65	0.82	MQ
MFD00031.bin.2.66	0.801	MQ
MFD00031.bin.2.7	0.837	MQ
MFD00031.bin.2.73	0.838	MQ
MFD00031.bin.2.74	0.803	MQ
MFD00031.bin.2.75	0.825	MQ
MFD00031.bin.2.84	0.877	MQ
MFD00031.bin.2.90	0.856	MQ
MFD00031.bin.2.92	0.891	MQ
MFD00031.bin.2.93	0.834	MQ
MFD00031.bin.3.170	0.828	MQ
MFD00031.bin.3.182	0.76	MQ
MFD00031.bin.3.285	0.82	MQ
MFD00031.bin.3.307	0.835	MQ
MFD00031.bin.3.59	0.845	MQ
MFD00031.bin.3.60	0.824	MQ
MFD00031.bin.3.69	0.824	MQ
MFD00031.bin.3.7	0.824	MQ
MFD00031.bin.3.83	0.846	MQ
MFD00031.bin.3.84	0.841	MQ
MFD00032.bin.1.209	0.87	MQ
MFD00032.bin.1.36	0.874	MQ
MFD00032.bin.2.1	0.827	MQ
MFD00032.bin.2.104	0.899	MQ
MFD00032.bin.2.105	0.889	MQ
MFD00032.bin.2.110	0.863	MQ
MFD00032.bin.2.121	0.864	MQ
MFD00032.bin.2.128	0.901	MQ
MFD00032.bin.2.129	0.875	MQ
MFD00032.bin.2.131	0.849	MQ
MFD00032.bin.2.132	0.845	MQ
MFD00032.bin.2.135	0.867	MQ
MFD00032.bin.2.137	0.868	MQ
MFD00032.bin.2.138	0.86	MQ
MFD00032.bin.2.146	0.9	MQ
MFD00032.bin.2.147	0.872	MQ
MFD00032.bin.2.149	0.85	MQ
MFD00032.bin.2.15	0.882	MQ
MFD00032.bin.2.155	0.856	MQ
MFD00032.bin.2.158	0.838	MQ
MFD00032.bin.2.160	0.854	MQ
MFD00032.bin.2.161	0.818	MQ
MFD00032.bin.2.163	0.869	MQ
MFD00032.bin.2.164	0.885	MQ
MFD00032.bin.2.165	0.862	MQ
MFD00032.bin.2.166	0.853	MQ
MFD00032.bin.2.168	0.863	MQ
MFD00032.bin.2.174	0.849	MQ
MFD00032.bin.2.178	0.893	MQ
MFD00032.bin.2.18	0.829	MQ
MFD00032.bin.2.189	0.853	MQ
MFD00032.bin.2.19	0.858	MQ
MFD00032.bin.2.190	0.887	MQ
MFD00032.bin.2.192	0.854	MQ
MFD00032.bin.2.194	0.859	MQ
MFD00032.bin.2.196	0.856	MQ
MFD00032.bin.2.2	0.86	MQ
MFD00032.bin.2.201	0.816	MQ
MFD00032.bin.2.202	0.828	MQ
MFD00032.bin.2.207	0.837	MQ
MFD00032.bin.2.209	0.84	MQ
MFD00032.bin.2.210	0.853	MQ
MFD00032.bin.2.218	0.796	MQ
MFD00032.bin.2.219	0.853	MQ
MFD00032.bin.2.221	0.869	MQ
MFD00032.bin.2.224	0.857	MQ
MFD00032.bin.2.225	0.916	MQ
MFD00032.bin.2.227	0.841	MQ
MFD00032.bin.2.231	0.878	MQ
MFD00032.bin.2.233	0.845	MQ
MFD00032.bin.2.234	0.869	MQ
MFD00032.bin.2.24	0.822	MQ
MFD00032.bin.2.25	0.818	MQ
MFD00032.bin.2.26	0.855	MQ
MFD00032.bin.2.3	0.862	MQ
MFD00032.bin.2.31	0.893	MQ
MFD00032.bin.2.33	0.859	MQ
MFD00032.bin.2.34	0.864	MQ
MFD00032.bin.2.35	0.871	MQ
MFD00032.bin.2.39	0.868	MQ
MFD00032.bin.2.41	0.875	MQ
MFD00032.bin.2.42	0.863	MQ
MFD00032.bin.2.43	0.883	MQ
MFD00032.bin.2.44	0.859	MQ
MFD00032.bin.2.47	0.883	MQ
MFD00032.bin.2.48	0.857	MQ
MFD00032.bin.2.51	0.89	MQ
MFD00032.bin.2.52	0.84	MQ
MFD00032.bin.2.54	0.849	MQ
MFD00032.bin.2.55	0.817	MQ
MFD00032.bin.2.56	0.867	MQ
MFD00032.bin.2.57	0.892	MQ
MFD00032.bin.2.58	0.841	MQ
MFD00032.bin.2.59	0.874	MQ
MFD00032.bin.2.60	0.83	MQ
MFD00032.bin.2.63	0.843	MQ
MFD00032.bin.2.65	0.85	MQ
MFD00032.bin.2.67	0.837	MQ
MFD00032.bin.2.68	0.809	MQ
MFD00032.bin.2.69	0.86	MQ
MFD00032.bin.2.70	0.858	MQ
MFD00032.bin.2.71	0.872	MQ
MFD00032.bin.2.77	0.821	MQ
MFD00032.bin.2.78	0.856	MQ
MFD00032.bin.2.8	0.829	MQ
MFD00032.bin.2.80	0.854	MQ
MFD00032.bin.2.81	0.808	MQ
MFD00032.bin.2.86	0.869	MQ
MFD00032.bin.2.88	0.849	MQ
MFD00032.bin.2.91	0.844	MQ
MFD00032.bin.2.92	0.836	MQ
MFD00032.bin.2.94	0.906	MQ
MFD00032.bin.2.97	0.858	MQ
MFD00032.bin.3.102	0.854	MQ
MFD00032.bin.3.136	0.887	MQ
MFD00032.bin.3.158	0.823	MQ
MFD00032.bin.3.166	0.88	MQ
MFD00032.bin.3.177	0.892	MQ
MFD00032.bin.3.204	0.889	MQ
MFD00032.bin.3.205	0.846	MQ
MFD00032.bin.3.232	0.882	MQ
MFD00032.bin.3.236	0.866	MQ
MFD00032.bin.3.254	0.868	MQ
MFD00032.bin.3.31	0.866	MQ
MFD00032.bin.3.322	0.885	MQ
MFD00032.bin.3.335	0.889	MQ
MFD00032.bin.3.338	0.887	MQ
MFD00032.bin.3.351	0.838	MQ
MFD00032.bin.3.371	0.865	MQ
MFD00032.bin.3.403	0.838	MQ
MFD00032.bin.3.405	0.885	MQ
MFD00032.bin.3.452	0.868	MQ
MFD00032.bin.3.53	0.871	MQ
MFD00032.bin.3.532	0.9	MQ
MFD00032.bin.3.64	0.831	MQ
MFD00032.bin.3.74	0.832	MQ
MFD00032.bin.3.85	0.851	MQ
MFD00032.bin.3.97	0.888	MQ
MFD00032.bin.4.54	0.882	MQ
MFD00072.bin.2.110	0.845	MQ
MFD00072.bin.2.112	0.85	MQ
MFD00072.bin.2.114	0.812	MQ
MFD00072.bin.2.131	0.873	MQ
MFD00072.bin.2.166	0.835	MQ
MFD00072.bin.2.169	0.845	MQ
MFD00072.bin.2.25	0.851	MQ
MFD00072.bin.2.49	0.823	MQ
MFD00072.bin.2.63	0.868	MQ
MFD00072.bin.2.96	0.831	MQ
MFD00072.bin.2.98	0.852	MQ
MFD00072.bin.3.234	0.799	MQ
MFD00082.bin.1.43	0.914	MQ
MFD00082.bin.2.1	0.825	MQ
MFD00082.bin.2.100	0.802	MQ
MFD00082.bin.2.102	0.871	MQ
MFD00082.bin.2.104	0.848	MQ
MFD00082.bin.2.107	0.814	MQ
MFD00082.bin.2.108	0.842	MQ
MFD00082.bin.2.109	0.812	MQ
MFD00082.bin.2.11	0.882	MQ
MFD00082.bin.2.111	0.844	MQ
MFD00082.bin.2.115	0.845	MQ
MFD00082.bin.2.117	0.91	MQ
MFD00082.bin.2.122	0.826	MQ
MFD00082.bin.2.13	0.908	MQ
MFD00082.bin.2.14	0.86	MQ
MFD00082.bin.2.15	0.806	MQ
MFD00082.bin.2.16	0.848	MQ
MFD00082.bin.2.17	0.833	MQ
MFD00082.bin.2.19	0.831	MQ
MFD00082.bin.2.20	0.8	MQ
MFD00082.bin.2.21	0.896	MQ
MFD00082.bin.2.22	0.787	MQ
MFD00082.bin.2.23	0.874	MQ
MFD00082.bin.2.24	0.823	MQ
MFD00082.bin.2.3	0.881	MQ
MFD00082.bin.2.31	0.776	MQ
MFD00082.bin.2.33	0.899	MQ
MFD00082.bin.2.34	0.858	MQ
MFD00082.bin.2.35	0.808	MQ
MFD00082.bin.2.38	0.843	MQ
MFD00082.bin.2.4	0.874	MQ
MFD00082.bin.2.49	0.859	MQ
MFD00082.bin.2.52	0.856	MQ
MFD00082.bin.2.55	0.893	MQ
MFD00082.bin.2.56	0.828	MQ
MFD00082.bin.2.57	0.82	MQ
MFD00082.bin.2.6	0.856	MQ
MFD00082.bin.2.60	0.835	MQ
MFD00082.bin.2.61	0.835	MQ
MFD00082.bin.2.63	0.85	MQ
MFD00082.bin.2.65	0.9	MQ
MFD00082.bin.2.67	0.889	MQ
MFD00082.bin.2.75	0.813	MQ
MFD00082.bin.2.79	0.829	MQ
MFD00082.bin.2.81	0.897	MQ
MFD00082.bin.2.82	0.874	MQ
MFD00082.bin.2.84	0.837	MQ
MFD00082.bin.2.86	0.888	MQ
MFD00082.bin.2.88	0.836	MQ
MFD00082.bin.2.9	0.812	MQ
MFD00082.bin.2.91	0.84	MQ
MFD00082.bin.2.93	0.829	MQ
MFD00082.bin.2.96	0.9	MQ
MFD00082.bin.3.110	0.827	MQ
MFD00082.bin.3.17	0.826	MQ
MFD00082.bin.3.65	0.903	MQ
MFD00082.bin.3.95	0.873	MQ
MFD00123.bin.2.2	0.841	MQ
MFD00123.bin.2.6	0.775	MQ
MFD00123.bin.3.2	0.824	MQ
MFD00125.bin.1.50	0.846	MQ
MFD00125.bin.2.15	0.808	MQ
MFD00125.bin.2.36	0.853	MQ
MFD00125.bin.2.43	0.829	MQ
MFD00125.bin.2.44	0.845	MQ
MFD00125.bin.2.47	0.81	MQ
MFD00125.bin.2.52	0.825	MQ
MFD00125.bin.2.56	0.863	MQ
MFD00125.bin.2.61	0.809	MQ
MFD00125.bin.2.62	0.814	MQ
MFD00125.bin.2.65	0.808	MQ
MFD00125.bin.2.70	0.864	MQ
MFD00125.bin.2.73	0.841	MQ
MFD00125.bin.2.82	0.845	MQ
MFD00125.bin.2.84	0.819	MQ
MFD00125.bin.2.87	0.802	MQ
MFD00125.bin.2.93	0.815	MQ
MFD00125.bin.2.97	0.81	MQ
MFD00125.bin.2.98	0.877	MQ
MFD00125.bin.3.20	0.839	MQ
MFD00125.bin.3.45	0.849	MQ
MFD00125.bin.3.95	0.859	MQ
MFD00392.bin.1.420	0.861	MQ
MFD00392.bin.2.10	0.828	MQ
MFD00392.bin.2.103	0.877	MQ
MFD00392.bin.2.108	0.836	MQ
MFD00392.bin.2.11	0.846	MQ
MFD00392.bin.2.110	0.838	MQ
MFD00392.bin.2.112	0.843	MQ
MFD00392.bin.2.113	0.861	MQ
MFD00392.bin.2.114	0.886	MQ
MFD00392.bin.2.115	0.891	MQ
MFD00392.bin.2.118	0.871	MQ
MFD00392.bin.2.119	0.86	MQ
MFD00392.bin.2.12	0.866	MQ
MFD00392.bin.2.120	0.866	MQ
MFD00392.bin.2.122	0.861	MQ
MFD00392.bin.2.124	0.888	MQ
MFD00392.bin.2.125	0.844	MQ
MFD00392.bin.2.126	0.861	MQ
MFD00392.bin.2.127	0.87	MQ
MFD00392.bin.2.129	0.854	MQ
MFD00392.bin.2.13	0.878	MQ
MFD00392.bin.2.132	0.841	MQ
MFD00392.bin.2.134	0.852	MQ
MFD00392.bin.2.135	0.835	MQ
MFD00392.bin.2.136	0.849	MQ
MFD00392.bin.2.137	0.845	MQ
MFD00392.bin.2.138	0.826	MQ
MFD00392.bin.2.140	0.834	MQ
MFD00392.bin.2.141	0.852	MQ
MFD00392.bin.2.143	0.873	MQ
MFD00392.bin.2.144	0.868	MQ
MFD00392.bin.2.145	0.841	MQ
MFD00392.bin.2.146	0.784	MQ
MFD00392.bin.2.149	0.855	MQ
MFD00392.bin.2.15	0.863	MQ
MFD00392.bin.2.152	0.91	MQ
MFD00392.bin.2.156	0.888	MQ
MFD00392.bin.2.160	0.82	MQ
MFD00392.bin.2.170	0.828	MQ
MFD00392.bin.2.171	0.853	MQ
MFD00392.bin.2.174	0.839	MQ
MFD00392.bin.2.175	0.893	MQ
MFD00392.bin.2.186	0.829	MQ
MFD00392.bin.2.193	0.879	MQ
MFD00392.bin.2.194	0.836	MQ
MFD00392.bin.2.2	0.864	MQ
MFD00392.bin.2.206	0.887	MQ
MFD00392.bin.2.213	0.809	MQ
MFD00392.bin.2.216	0.869	MQ
MFD00392.bin.2.23	0.882	MQ
MFD00392.bin.2.235	0.836	MQ
MFD00392.bin.2.237	0.783	MQ
MFD00392.bin.2.241	0.879	MQ
MFD00392.bin.2.245	0.866	MQ
MFD00392.bin.2.250	0.882	MQ
MFD00392.bin.2.252	0.889	MQ
MFD00392.bin.2.254	0.868	MQ
MFD00392.bin.2.260	0.856	MQ
MFD00392.bin.2.271	0.862	MQ
MFD00392.bin.2.275	0.882	MQ
MFD00392.bin.2.276	0.833	MQ
MFD00392.bin.2.277	0.845	MQ
MFD00392.bin.2.278	0.868	MQ
MFD00392.bin.2.279	0.863	MQ
MFD00392.bin.2.280	0.868	MQ
MFD00392.bin.2.284	0.87	MQ
MFD00392.bin.2.285	0.842	MQ
MFD00392.bin.2.289	0.883	MQ
MFD00392.bin.2.291	0.851	MQ
MFD00392.bin.2.292	0.834	MQ
MFD00392.bin.2.294	0.861	MQ
MFD00392.bin.2.295	0.835	MQ
MFD00392.bin.2.297	0.857	MQ
MFD00392.bin.2.300	0.88	MQ
MFD00392.bin.2.302	0.847	MQ
MFD00392.bin.2.307	0.832	MQ
MFD00392.bin.2.313	0.875	MQ
MFD00392.bin.2.316	0.83	MQ
MFD00392.bin.2.318	0.853	MQ
MFD00392.bin.2.319	0.882	MQ
MFD00392.bin.2.324	0.87	MQ
MFD00392.bin.2.326	0.89	MQ
MFD00392.bin.2.330	0.822	MQ
MFD00392.bin.2.333	0.911	MQ
MFD00392.bin.2.336	0.892	MQ
MFD00392.bin.2.340	0.863	MQ
MFD00392.bin.2.342	0.866	MQ
MFD00392.bin.2.345	0.879	MQ
MFD00392.bin.2.348	0.857	MQ
MFD00392.bin.2.353	0.858	MQ
MFD00392.bin.2.355	0.822	MQ
MFD00392.bin.2.36	0.852	MQ
MFD00392.bin.2.360	0.821	MQ
MFD00392.bin.2.363	0.861	MQ
MFD00392.bin.2.365	0.851	MQ
MFD00392.bin.2.371	0.84	MQ
MFD00392.bin.2.372	0.874	MQ
MFD00392.bin.2.374	0.881	MQ
MFD00392.bin.2.375	0.838	MQ
MFD00392.bin.2.381	0.874	MQ
MFD00392.bin.2.384	0.846	MQ
MFD00392.bin.2.387	0.822	MQ
MFD00392.bin.2.39	0.861	MQ
MFD00392.bin.2.40	0.844	MQ
MFD00392.bin.2.401	0.867	MQ
MFD00392.bin.2.402	0.852	MQ
MFD00392.bin.2.404	0.858	MQ
MFD00392.bin.2.405	0.906	MQ
MFD00392.bin.2.43	0.871	MQ
MFD00392.bin.2.44	0.837	MQ
MFD00392.bin.2.46	0.872	MQ
MFD00392.bin.2.48	0.895	MQ
MFD00392.bin.2.49	0.865	MQ
MFD00392.bin.2.52	0.856	MQ
MFD00392.bin.2.55	0.901	MQ
MFD00392.bin.2.59	0.864	MQ
MFD00392.bin.2.6	0.829	MQ
MFD00392.bin.2.63	0.854	MQ
MFD00392.bin.2.64	0.903	MQ
MFD00392.bin.2.65	0.848	MQ
MFD00392.bin.2.68	0.887	MQ
MFD00392.bin.2.69	0.884	MQ
MFD00392.bin.2.7	0.887	MQ
MFD00392.bin.2.71	0.837	MQ
MFD00392.bin.2.78	0.834	MQ
MFD00392.bin.2.80	0.864	MQ
MFD00392.bin.2.81	0.83	MQ
MFD00392.bin.2.85	0.853	MQ
MFD00392.bin.2.86	0.869	MQ
MFD00392.bin.2.99	0.86	MQ
MFD00392.bin.3.141	0.839	MQ
MFD00392.bin.3.147	0.858	MQ
MFD00392.bin.3.167	0.889	MQ
MFD00392.bin.3.170	0.854	MQ
MFD00392.bin.3.203	0.875	MQ
MFD00392.bin.3.204	0.89	MQ
MFD00392.bin.3.213	0.859	MQ
MFD00392.bin.3.302	0.828	MQ
MFD00392.bin.3.308	0.886	MQ
MFD00392.bin.3.431	0.854	MQ
MFD00392.bin.3.433	0.905	MQ
MFD00392.bin.3.529	0.902	MQ
MFD00392.bin.3.547	0.856	MQ
MFD00392.bin.3.555	0.827	MQ
MFD00392.bin.3.570	0.845	MQ
MFD00392.bin.3.594	0.82	MQ
MFD00392.bin.3.628	0.874	MQ
MFD00392.bin.3.648	0.831	MQ
MFD00392.bin.3.658	0.914	MQ
MFD00392.bin.3.673	0.875	MQ
MFD00392.bin.3.715	0.913	MQ
MFD00392.bin.3.720	0.893	MQ
MFD00392.bin.3.723	0.839	MQ
MFD00392.bin.3.744	0.868	MQ
MFD00392.bin.3.845	0.867	MQ
MFD00392.bin.3.88	0.815	MQ
MFD00392.bin.3.929	0.903	MQ
MFD00392.bin.3.937	0.86	MQ
MFD00392.bin.4.109	0.891	MQ
MFD00392.bin.4.475	0.87	MQ
MFD00392.bin.4.653	0.873	MQ
MFD00392.bin.4.807	0.818	MQ
MFD00392.bin.4.906	0.845	MQ
MFD00709.bin.1.4	0.828	MQ
MFD00709.bin.2.102	0.831	MQ
MFD00709.bin.2.104	0.832	MQ
MFD00709.bin.2.114	0.886	MQ
MFD00709.bin.2.117	0.898	MQ
MFD00709.bin.2.118	0.826	MQ
MFD00709.bin.2.122	0.824	MQ
MFD00709.bin.2.131	0.82	MQ
MFD00709.bin.2.137	0.832	MQ
MFD00709.bin.2.142	0.854	MQ
MFD00709.bin.2.144	0.873	MQ
MFD00709.bin.2.146	0.845	MQ
MFD00709.bin.2.147	0.807	MQ
MFD00709.bin.2.150	0.829	MQ
MFD00709.bin.2.153	0.841	MQ
MFD00709.bin.2.155	0.856	MQ
MFD00709.bin.2.156	0.846	MQ
MFD00709.bin.2.157	0.854	MQ
MFD00709.bin.2.159	0.828	MQ
MFD00709.bin.2.162	0.855	MQ
MFD00709.bin.2.166	0.822	MQ
MFD00709.bin.2.17	0.858	MQ
MFD00709.bin.2.174	0.811	MQ
MFD00709.bin.2.175	0.815	MQ
MFD00709.bin.2.182	0.789	MQ
MFD00709.bin.2.187	0.819	MQ
MFD00709.bin.2.20	0.84	MQ
MFD00709.bin.2.201	0.829	MQ
MFD00709.bin.2.207	0.783	MQ
MFD00709.bin.2.211	0.836	MQ
MFD00709.bin.2.216	0.843	MQ
MFD00709.bin.2.28	0.89	MQ
MFD00709.bin.2.3	0.83	MQ
MFD00709.bin.2.32	0.844	MQ
MFD00709.bin.2.34	0.846	MQ
MFD00709.bin.2.4	0.874	MQ
MFD00709.bin.2.40	0.827	MQ
MFD00709.bin.2.41	0.835	MQ
MFD00709.bin.2.42	0.86	MQ
MFD00709.bin.2.44	0.795	MQ
MFD00709.bin.2.45	0.883	MQ
MFD00709.bin.2.48	0.855	MQ
MFD00709.bin.2.5	0.81	MQ
MFD00709.bin.2.50	0.83	MQ
MFD00709.bin.2.54	0.835	MQ
MFD00709.bin.2.55	0.881	MQ
MFD00709.bin.2.62	0.807	MQ
MFD00709.bin.2.64	0.836	MQ
MFD00709.bin.2.65	0.85	MQ
MFD00709.bin.2.7	0.829	MQ
MFD00709.bin.2.72	0.833	MQ
MFD00709.bin.2.75	0.833	MQ
MFD00709.bin.2.8	0.814	MQ
MFD00709.bin.2.91	0.83	MQ
MFD00709.bin.3.102	0.84	MQ
MFD00709.bin.3.105	0.848	MQ
MFD00709.bin.3.125	0.854	MQ
MFD00709.bin.3.130	0.831	MQ
MFD00709.bin.3.153	0.842	MQ
MFD00709.bin.3.160	0.853	MQ
MFD00709.bin.3.183	0.848	MQ
MFD00709.bin.3.2	0.818	MQ
MFD00709.bin.3.294	0.849	MQ
MFD00709.bin.3.31	0.832	MQ
MFD00709.bin.3.321	0.823	MQ
MFD00709.bin.3.343	0.841	MQ
MFD00709.bin.3.465	0.823	MQ
MFD00709.bin.3.484	0.877	MQ
MFD00709.bin.3.77	0.872	MQ
MFD00731.bin.1.153	0.883	MQ
MFD00731.bin.1.234	0.868	MQ
MFD00731.bin.2.1	0.845	MQ
MFD00731.bin.2.11	0.85	MQ
MFD00731.bin.2.111	0.874	MQ
MFD00731.bin.2.112	0.823	MQ
MFD00731.bin.2.114	0.84	MQ
MFD00731.bin.2.120	0.848	MQ
MFD00731.bin.2.127	0.862	MQ
MFD00731.bin.2.129	0.853	MQ
MFD00731.bin.2.132	0.909	MQ
MFD00731.bin.2.133	0.884	MQ
MFD00731.bin.2.137	0.849	MQ
MFD00731.bin.2.14	0.804	MQ
MFD00731.bin.2.142	0.845	MQ
MFD00731.bin.2.145	0.866	MQ
MFD00731.bin.2.149	0.849	MQ
MFD00731.bin.2.150	0.85	MQ
MFD00731.bin.2.157	0.854	MQ
MFD00731.bin.2.159	0.815	MQ
MFD00731.bin.2.164	0.865	MQ
MFD00731.bin.2.166	0.858	MQ
MFD00731.bin.2.167	0.838	MQ
MFD00731.bin.2.169	0.869	MQ
MFD00731.bin.2.17	0.859	MQ
MFD00731.bin.2.170	0.822	MQ
MFD00731.bin.2.173	0.864	MQ
MFD00731.bin.2.174	0.885	MQ
MFD00731.bin.2.180	0.878	MQ
MFD00731.bin.2.183	0.879	MQ
MFD00731.bin.2.187	0.811	MQ
MFD00731.bin.2.193	0.843	MQ
MFD00731.bin.2.198	0.866	MQ
MFD00731.bin.2.2	0.848	MQ
MFD00731.bin.2.20	0.87	MQ
MFD00731.bin.2.201	0.824	MQ
MFD00731.bin.2.202	0.861	MQ
MFD00731.bin.2.203	0.85	MQ
MFD00731.bin.2.205	0.862	MQ
MFD00731.bin.2.212	0.859	MQ
MFD00731.bin.2.216	0.817	MQ
MFD00731.bin.2.220	0.876	MQ
MFD00731.bin.2.26	0.802	MQ
MFD00731.bin.2.35	0.856	MQ
MFD00731.bin.2.4	0.845	MQ
MFD00731.bin.2.47	0.858	MQ
MFD00731.bin.2.48	0.904	MQ
MFD00731.bin.2.49	0.861	MQ
MFD00731.bin.2.57	0.844	MQ
MFD00731.bin.2.58	0.872	MQ
MFD00731.bin.2.6	0.889	MQ
MFD00731.bin.2.60	0.845	MQ
MFD00731.bin.2.62	0.864	MQ
MFD00731.bin.2.63	0.817	MQ
MFD00731.bin.2.65	0.817	MQ
MFD00731.bin.2.67	0.826	MQ
MFD00731.bin.2.72	0.807	MQ
MFD00731.bin.2.73	0.832	MQ
MFD00731.bin.2.74	0.894	MQ
MFD00731.bin.2.8	0.888	MQ
MFD00731.bin.2.81	0.815	MQ
MFD00731.bin.2.91	0.857	MQ
MFD00731.bin.2.93	0.84	MQ
MFD00731.bin.3.121	0.871	MQ
MFD00731.bin.3.122	0.881	MQ
MFD00731.bin.3.174	0.82	MQ
MFD00731.bin.3.176	0.861	MQ
MFD00731.bin.3.201	0.883	MQ
MFD00731.bin.3.247	0.87	MQ
MFD00731.bin.3.259	0.872	MQ
MFD00731.bin.3.307	0.846	MQ
MFD00731.bin.3.357	0.848	MQ
MFD00731.bin.3.385	0.863	MQ
MFD00731.bin.3.415	0.811	MQ
MFD00731.bin.3.428	0.861	MQ
MFD00731.bin.3.52	0.835	MQ
MFD00731.bin.3.66	0.856	MQ
MFD00731.bin.3.75	0.868	MQ
MFD00731.bin.4.171	0.861	MQ
MFD00731.bin.4.227	0.853	MQ
MFD00731.bin.4.272	0.844	MQ
MFD00731.bin.4.712	0.826	MQ
MFD00822.bin.1.150	0.849	MQ
MFD00822.bin.1.51	0.864	MQ
MFD00822.bin.1.7	0.853	MQ
MFD00822.bin.2.104	0.869	MQ
MFD00822.bin.2.108	0.889	MQ
MFD00822.bin.2.11	0.847	MQ
MFD00822.bin.2.110	0.82	MQ
MFD00822.bin.2.115	0.846	MQ
MFD00822.bin.2.117	0.846	MQ
MFD00822.bin.2.119	0.859	MQ
MFD00822.bin.2.12	0.859	MQ
MFD00822.bin.2.120	0.82	MQ
MFD00822.bin.2.121	0.828	MQ
MFD00822.bin.2.122	0.875	MQ
MFD00822.bin.2.123	0.787	MQ
MFD00822.bin.2.124	0.831	MQ
MFD00822.bin.2.126	0.837	MQ
MFD00822.bin.2.127	0.867	MQ
MFD00822.bin.2.129	0.889	MQ
MFD00822.bin.2.130	0.863	MQ
MFD00822.bin.2.131	0.837	MQ
MFD00822.bin.2.134	0.844	MQ
MFD00822.bin.2.135	0.843	MQ
MFD00822.bin.2.136	0.891	MQ
MFD00822.bin.2.138	0.845	MQ
MFD00822.bin.2.143	0.85	MQ
MFD00822.bin.2.149	0.881	MQ
MFD00822.bin.2.15	0.9	MQ
MFD00822.bin.2.150	0.803	MQ
MFD00822.bin.2.151	0.899	MQ
MFD00822.bin.2.156	0.835	MQ
MFD00822.bin.2.162	0.837	MQ
MFD00822.bin.2.163	0.866	MQ
MFD00822.bin.2.168	0.827	MQ
MFD00822.bin.2.172	0.828	MQ
MFD00822.bin.2.173	0.857	MQ
MFD00822.bin.2.174	0.9	MQ
MFD00822.bin.2.176	0.911	MQ
MFD00822.bin.2.179	0.888	MQ
MFD00822.bin.2.18	0.863	MQ
MFD00822.bin.2.181	0.834	MQ
MFD00822.bin.2.182	0.835	MQ
MFD00822.bin.2.186	0.908	MQ
MFD00822.bin.2.2	0.855	MQ
MFD00822.bin.2.24	0.867	MQ
MFD00822.bin.2.25	0.858	MQ
MFD00822.bin.2.30	0.852	MQ
MFD00822.bin.2.33	0.82	MQ
MFD00822.bin.2.36	0.862	MQ
MFD00822.bin.2.37	0.848	MQ
MFD00822.bin.2.42	0.845	MQ
MFD00822.bin.2.45	0.904	MQ
MFD00822.bin.2.48	0.884	MQ
MFD00822.bin.2.53	0.83	MQ
MFD00822.bin.2.55	0.849	MQ
MFD00822.bin.2.56	0.863	MQ
MFD00822.bin.2.57	0.815	MQ
MFD00822.bin.2.59	0.86	MQ
MFD00822.bin.2.60	0.816	MQ
MFD00822.bin.2.62	0.821	MQ
MFD00822.bin.2.7	0.851	MQ
MFD00822.bin.2.84	0.825	MQ
MFD00822.bin.2.9	0.893	MQ
MFD00822.bin.2.91	0.825	MQ
MFD00822.bin.2.93	0.904	MQ
MFD00822.bin.2.97	0.845	MQ
MFD00822.bin.3.117	0.84	MQ
MFD00822.bin.3.118	0.842	MQ
MFD00822.bin.3.124	0.814	MQ
MFD00822.bin.3.16	0.854	MQ
MFD00822.bin.3.221	0.807	MQ
MFD00822.bin.3.272	0.878	MQ
MFD00822.bin.3.292	0.778	MQ
MFD00822.bin.3.377	0.848	MQ
MFD00822.bin.3.61	0.812	MQ
MFD00822.bin.3.64	0.874	MQ
MFD00822.bin.3.94	0.827	MQ
MFD00822.bin.4.14	0.793	MQ
MFD00905.bin.1.58	0.83	MQ
MFD00905.bin.2.1	0.871	MQ
MFD00905.bin.2.105	0.858	MQ
MFD00905.bin.2.108	0.841	MQ
MFD00905.bin.2.121	0.874	MQ
MFD00905.bin.2.125	0.869	MQ
MFD00905.bin.2.126	0.859	MQ
MFD00905.bin.2.13	0.838	MQ
MFD00905.bin.2.131	0.843	MQ
MFD00905.bin.2.133	0.876	MQ
MFD00905.bin.2.134	0.826	MQ
MFD00905.bin.2.145	0.829	MQ
MFD00905.bin.2.151	0.822	MQ
MFD00905.bin.2.152	0.819	MQ
MFD00905.bin.2.153	0.846	MQ
MFD00905.bin.2.154	0.821	MQ
MFD00905.bin.2.155	0.81	MQ
MFD00905.bin.2.158	0.815	MQ
MFD00905.bin.2.159	0.915	MQ
MFD00905.bin.2.16	0.847	MQ
MFD00905.bin.2.162	0.864	MQ
MFD00905.bin.2.170	0.807	MQ
MFD00905.bin.2.172	0.862	MQ
MFD00905.bin.2.174	0.826	MQ
MFD00905.bin.2.180	0.821	MQ
MFD00905.bin.2.184	0.89	MQ
MFD00905.bin.2.185	0.895	MQ
MFD00905.bin.2.186	0.87	MQ
MFD00905.bin.2.187	0.881	MQ
MFD00905.bin.2.19	0.85	MQ
MFD00905.bin.2.190	0.866	MQ
MFD00905.bin.2.193	0.849	MQ
MFD00905.bin.2.194	0.809	MQ
MFD00905.bin.2.198	0.824	MQ
MFD00905.bin.2.2	0.828	MQ
MFD00905.bin.2.20	0.886	MQ
MFD00905.bin.2.202	0.853	MQ
MFD00905.bin.2.208	0.835	MQ
MFD00905.bin.2.21	0.835	MQ
MFD00905.bin.2.212	0.845	MQ
MFD00905.bin.2.215	0.843	MQ
MFD00905.bin.2.216	0.834	MQ
MFD00905.bin.2.220	0.852	MQ
MFD00905.bin.2.222	0.839	MQ
MFD00905.bin.2.223	0.855	MQ
MFD00905.bin.2.225	0.9	MQ
MFD00905.bin.2.226	0.835	MQ
MFD00905.bin.2.232	0.849	MQ
MFD00905.bin.2.233	0.853	MQ
MFD00905.bin.2.30	0.816	MQ
MFD00905.bin.2.32	0.876	MQ
MFD00905.bin.2.34	0.86	MQ
MFD00905.bin.2.35	0.829	MQ
MFD00905.bin.2.38	0.85	MQ
MFD00905.bin.2.43	0.83	MQ
MFD00905.bin.2.44	0.874	MQ
MFD00905.bin.2.47	0.872	MQ
MFD00905.bin.2.49	0.873	MQ
MFD00905.bin.2.5	0.853	MQ
MFD00905.bin.2.50	0.896	MQ
MFD00905.bin.2.51	0.822	MQ
MFD00905.bin.2.53	0.896	MQ
MFD00905.bin.2.55	0.918	MQ
MFD00905.bin.2.59	0.846	MQ
MFD00905.bin.2.60	0.824	MQ
MFD00905.bin.2.62	0.828	MQ
MFD00905.bin.2.63	0.839	MQ
MFD00905.bin.2.65	0.834	MQ
MFD00905.bin.2.68	0.822	MQ
MFD00905.bin.2.7	0.848	MQ
MFD00905.bin.2.71	0.885	MQ
MFD00905.bin.2.72	0.809	MQ
MFD00905.bin.2.73	0.815	MQ
MFD00905.bin.2.74	0.84	MQ
MFD00905.bin.2.75	0.778	MQ
MFD00905.bin.2.8	0.868	MQ
MFD00905.bin.2.82	0.813	MQ
MFD00905.bin.2.87	0.869	MQ
MFD00905.bin.2.93	0.86	MQ
MFD00905.bin.3.122	0.852	MQ
MFD00905.bin.3.13	0.819	MQ
MFD00905.bin.3.155	0.883	MQ
MFD00905.bin.3.183	0.863	MQ
MFD00905.bin.3.204	0.844	MQ
MFD00905.bin.3.260	0.849	MQ
MFD00905.bin.3.287	0.872	MQ
MFD00905.bin.3.32	0.855	MQ
MFD00905.bin.3.330	0.892	MQ
MFD00905.bin.3.435	0.884	MQ
MFD00905.bin.3.493	0.822	MQ
MFD00905.bin.3.507	0.804	MQ
MFD00905.bin.3.577	0.834	MQ
MFD00905.bin.3.591	0.906	MQ
MFD00905.bin.4.163	0.815	MQ
MFD00962.bin.1.263	0.895	MQ
MFD00962.bin.2.100	0.873	MQ
MFD00962.bin.2.101	0.827	MQ
MFD00962.bin.2.102	0.866	MQ
MFD00962.bin.2.103	0.876	MQ
MFD00962.bin.2.105	0.837	MQ
MFD00962.bin.2.106	0.864	MQ
MFD00962.bin.2.107	0.881	MQ
MFD00962.bin.2.108	0.818	MQ
MFD00962.bin.2.109	0.829	MQ
MFD00962.bin.2.111	0.81	MQ
MFD00962.bin.2.113	0.915	MQ
MFD00962.bin.2.114	0.836	MQ
MFD00962.bin.2.115	0.87	MQ
MFD00962.bin.2.116	0.871	MQ
MFD00962.bin.2.117	0.831	MQ
MFD00962.bin.2.118	0.83	MQ
MFD00962.bin.2.119	0.841	MQ
MFD00962.bin.2.12	0.803	MQ
MFD00962.bin.2.120	0.816	MQ
MFD00962.bin.2.121	0.829	MQ
MFD00962.bin.2.122	0.859	MQ
MFD00962.bin.2.125	0.774	MQ
MFD00962.bin.2.127	0.895	MQ
MFD00962.bin.2.128	0.862	MQ
MFD00962.bin.2.135	0.882	MQ
MFD00962.bin.2.140	0.834	MQ
MFD00962.bin.2.143	0.827	MQ
MFD00962.bin.2.159	0.892	MQ
MFD00962.bin.2.16	0.858	MQ
MFD00962.bin.2.166	0.888	MQ
MFD00962.bin.2.17	0.833	MQ
MFD00962.bin.2.176	0.885	MQ
MFD00962.bin.2.181	0.825	MQ
MFD00962.bin.2.182	0.822	MQ
MFD00962.bin.2.184	0.845	MQ
MFD00962.bin.2.188	0.878	MQ
MFD00962.bin.2.19	0.877	MQ
MFD00962.bin.2.190	0.858	MQ
MFD00962.bin.2.191	0.896	MQ
MFD00962.bin.2.198	0.863	MQ
MFD00962.bin.2.2	0.801	MQ
MFD00962.bin.2.20	0.907	MQ
MFD00962.bin.2.200	0.831	MQ
MFD00962.bin.2.203	0.876	MQ
MFD00962.bin.2.204	0.887	MQ
MFD00962.bin.2.205	0.85	MQ
MFD00962.bin.2.206	0.845	MQ
MFD00962.bin.2.208	0.902	MQ
MFD00962.bin.2.211	0.819	MQ
MFD00962.bin.2.218	0.87	MQ
MFD00962.bin.2.219	0.873	MQ
MFD00962.bin.2.221	0.83	MQ
MFD00962.bin.2.224	0.816	MQ
MFD00962.bin.2.226	0.823	MQ
MFD00962.bin.2.228	0.835	MQ
MFD00962.bin.2.231	0.872	MQ
MFD00962.bin.2.232	0.842	MQ
MFD00962.bin.2.238	0.828	MQ
MFD00962.bin.2.241	0.855	MQ
MFD00962.bin.2.244	0.814	MQ
MFD00962.bin.2.254	0.823	MQ
MFD00962.bin.2.262	0.865	MQ
MFD00962.bin.2.266	0.847	MQ
MFD00962.bin.2.269	0.815	MQ
MFD00962.bin.2.270	0.865	MQ
MFD00962.bin.2.274	0.905	MQ
MFD00962.bin.2.277	0.878	MQ
MFD00962.bin.2.283	0.846	MQ
MFD00962.bin.2.29	0.845	MQ
MFD00962.bin.2.291	0.843	MQ
MFD00962.bin.2.292	0.824	MQ
MFD00962.bin.2.293	0.888	MQ
MFD00962.bin.2.294	0.844	MQ
MFD00962.bin.2.297	0.837	MQ
MFD00962.bin.2.32	0.857	MQ
MFD00962.bin.2.35	0.852	MQ
MFD00962.bin.2.40	0.86	MQ
MFD00962.bin.2.53	0.845	MQ
MFD00962.bin.2.55	0.862	MQ
MFD00962.bin.2.59	0.876	MQ
MFD00962.bin.2.64	0.823	MQ
MFD00962.bin.2.65	0.852	MQ
MFD00962.bin.2.69	0.817	MQ
MFD00962.bin.2.7	0.849	MQ
MFD00962.bin.2.72	0.821	MQ
MFD00962.bin.2.73	0.846	MQ
MFD00962.bin.2.76	0.838	MQ
MFD00962.bin.2.77	0.888	MQ
MFD00962.bin.2.83	0.876	MQ
MFD00962.bin.2.84	0.853	MQ
MFD00962.bin.2.86	0.877	MQ
MFD00962.bin.2.87	0.827	MQ
MFD00962.bin.2.90	0.863	MQ
MFD00962.bin.2.91	0.88	MQ
MFD00962.bin.2.92	0.86	MQ
MFD00962.bin.2.93	0.806	MQ
MFD00962.bin.2.94	0.847	MQ
MFD00962.bin.2.96	0.873	MQ
MFD00962.bin.2.98	0.847	MQ
MFD00962.bin.3.102	0.867	MQ
MFD00962.bin.3.138	0.83	MQ
MFD00962.bin.3.153	0.864	MQ
MFD00962.bin.3.166	0.86	MQ
MFD00962.bin.3.285	0.835	MQ
MFD00962.bin.3.339	0.833	MQ
MFD00962.bin.3.421	0.912	MQ
MFD00962.bin.3.436	0.836	MQ
MFD00962.bin.3.492	0.876	MQ
MFD00962.bin.3.533	0.846	MQ
MFD00962.bin.3.541	0.895	MQ
MFD00962.bin.3.584	0.893	MQ
MFD00962.bin.3.604	0.832	MQ
MFD00962.bin.3.615	0.828	MQ
MFD00962.bin.3.622	0.863	MQ
MFD00962.bin.3.89	0.823	MQ
MFD00962.bin.3.90	0.868	MQ
MFD00962.bin.4.197	0.852	MQ
MFD00964.bin.2.105	0.85	MQ
MFD00964.bin.2.126	0.803	MQ
MFD00964.bin.2.133	0.815	MQ
MFD00964.bin.2.146	0.893	MQ
MFD00964.bin.2.152	0.861	MQ
MFD00964.bin.2.160	0.837	MQ
MFD00964.bin.2.162	0.814	MQ
MFD00964.bin.2.169	0.835	MQ
MFD00964.bin.2.170	0.847	MQ
MFD00964.bin.2.171	0.876	MQ
MFD00964.bin.2.173	0.862	MQ
MFD00964.bin.2.177	0.827	MQ
MFD00964.bin.2.180	0.861	MQ
MFD00964.bin.2.181	0.809	MQ
MFD00964.bin.2.183	0.863	MQ
MFD00964.bin.2.188	0.867	MQ
MFD00964.bin.2.193	0.83	MQ
MFD00964.bin.2.194	0.862	MQ
MFD00964.bin.2.196	0.792	MQ
MFD00964.bin.2.201	0.893	MQ
MFD00964.bin.2.204	0.882	MQ
MFD00964.bin.2.207	0.886	MQ
MFD00964.bin.2.209	0.843	MQ
MFD00964.bin.2.210	0.902	MQ
MFD00964.bin.2.214	0.819	MQ
MFD00964.bin.2.219	0.871	MQ
MFD00964.bin.2.22	0.857	MQ
MFD00964.bin.2.220	0.858	MQ
MFD00964.bin.2.24	0.828	MQ
MFD00964.bin.2.241	0.853	MQ
MFD00964.bin.2.248	0.83	MQ
MFD00964.bin.2.25	0.835	MQ
MFD00964.bin.2.251	0.809	MQ
MFD00964.bin.2.254	0.865	MQ
MFD00964.bin.2.255	0.818	MQ
MFD00964.bin.2.256	0.835	MQ
MFD00964.bin.2.258	0.893	MQ
MFD00964.bin.2.259	0.864	MQ
MFD00964.bin.2.26	0.848	MQ
MFD00964.bin.2.264	0.822	MQ
MFD00964.bin.2.265	0.844	MQ
MFD00964.bin.2.270	0.863	MQ
MFD00964.bin.2.271	0.859	MQ
MFD00964.bin.2.272	0.853	MQ
MFD00964.bin.2.3	0.863	MQ
MFD00964.bin.2.34	0.869	MQ
MFD00964.bin.2.36	0.853	MQ
MFD00964.bin.2.4	0.862	MQ
MFD00964.bin.2.40	0.841	MQ
MFD00964.bin.2.46	0.874	MQ
MFD00964.bin.2.48	0.871	MQ
MFD00964.bin.2.53	0.893	MQ
MFD00964.bin.2.63	0.842	MQ
MFD00964.bin.2.65	0.866	MQ
MFD00964.bin.2.66	0.818	MQ
MFD00964.bin.2.67	0.864	MQ
MFD00964.bin.2.69	0.848	MQ
MFD00964.bin.2.7	0.804	MQ
MFD00964.bin.2.75	0.843	MQ
MFD00964.bin.2.76	0.862	MQ
MFD00964.bin.2.78	0.853	MQ
MFD00964.bin.2.79	0.843	MQ
MFD00964.bin.2.8	0.853	MQ
MFD00964.bin.2.80	0.814	MQ
MFD00964.bin.2.83	0.826	MQ
MFD00964.bin.2.86	0.832	MQ
MFD00964.bin.2.88	0.806	MQ
MFD00964.bin.2.89	0.827	MQ
MFD00964.bin.3.104	0.855	MQ
MFD00964.bin.3.147	0.839	MQ
MFD00964.bin.3.150	0.884	MQ
MFD00964.bin.3.173	0.807	MQ
MFD00964.bin.3.184	0.816	MQ
MFD00964.bin.3.23	0.827	MQ
MFD00964.bin.3.252	0.833	MQ
MFD00964.bin.3.253	0.826	MQ
MFD00964.bin.3.405	0.837	MQ
MFD00964.bin.3.426	0.879	MQ
MFD00964.bin.3.45	0.797	MQ
MFD00964.bin.3.473	0.833	MQ
MFD00964.bin.3.510	0.814	MQ
MFD00964.bin.3.532	0.88	MQ
MFD00964.bin.3.553	0.873	MQ
MFD00964.bin.3.580	0.864	MQ
MFD00964.bin.3.598	0.868	MQ
MFD00964.bin.3.619	0.859	MQ
MFD00964.bin.4.433	0.83	MQ
MFD00964.bin.4.630	0.881	MQ
MFD00964.bin.4.962	0.883	MQ
MFD00991.bin.1.10	0.819	MQ
MFD00991.bin.1.136	0.875	MQ
MFD00991.bin.1.39	0.847	MQ
MFD00991.bin.2.103	0.864	MQ
MFD00991.bin.2.104	0.796	MQ
MFD00991.bin.2.105	0.851	MQ
MFD00991.bin.2.112	0.847	MQ
MFD00991.bin.2.118	0.812	MQ
MFD00991.bin.2.121	0.885	MQ
MFD00991.bin.2.126	0.82	MQ
MFD00991.bin.2.130	0.886	MQ
MFD00991.bin.2.133	0.818	MQ
MFD00991.bin.2.15	0.849	MQ
MFD00991.bin.2.17	0.864	MQ
MFD00991.bin.2.2	0.848	MQ
MFD00991.bin.2.21	0.798	MQ
MFD00991.bin.2.24	0.79	MQ
MFD00991.bin.2.28	0.846	MQ
MFD00991.bin.2.29	0.883	MQ
MFD00991.bin.2.32	0.865	MQ
MFD00991.bin.2.34	0.813	MQ
MFD00991.bin.2.37	0.822	MQ
MFD00991.bin.2.4	0.866	MQ
MFD00991.bin.2.41	0.848	MQ
MFD00991.bin.2.51	0.839	MQ
MFD00991.bin.2.67	0.828	MQ
MFD00991.bin.2.70	0.831	MQ
MFD00991.bin.2.73	0.856	MQ
MFD00991.bin.2.75	0.826	MQ
MFD00991.bin.2.78	0.841	MQ
MFD00991.bin.2.79	0.807	MQ
MFD00991.bin.2.80	0.786	MQ
MFD00991.bin.2.81	0.786	MQ
MFD00991.bin.2.82	0.868	MQ
MFD00991.bin.2.86	0.832	MQ
MFD00991.bin.2.87	0.804	MQ
MFD00991.bin.2.88	0.85	MQ
MFD00991.bin.2.9	0.87	MQ
MFD00991.bin.2.96	0.837	MQ
MFD00991.bin.3.14	0.857	MQ
MFD00991.bin.3.206	0.857	MQ
MFD00991.bin.3.207	0.825	MQ
MFD00991.bin.3.222	0.817	MQ
MFD00991.bin.3.233	0.847	MQ
MFD00991.bin.3.29	0.853	MQ
MFD00991.bin.3.73	0.81	MQ
MFD01112.bin.1.4	0.861	MQ
MFD01112.bin.1.8	0.88	MQ
MFD01112.bin.2.1	0.816	MQ
MFD01112.bin.2.11	0.817	MQ
MFD01112.bin.2.12	0.846	MQ
MFD01112.bin.2.16	0.829	MQ
MFD01112.bin.2.18	0.868	MQ
MFD01112.bin.2.19	0.886	MQ
MFD01112.bin.2.2	0.824	MQ
MFD01112.bin.2.20	0.857	MQ
MFD01112.bin.2.36	0.78	MQ
MFD01112.bin.2.37	0.813	MQ
MFD01112.bin.2.4	0.803	MQ
MFD01112.bin.2.43	0.851	MQ
MFD01112.bin.2.55	0.832	MQ
MFD01112.bin.2.56	0.851	MQ
MFD01112.bin.2.58	0.873	MQ
MFD01112.bin.2.59	0.84	MQ
MFD01112.bin.2.68	0.838	MQ
MFD01112.bin.3.14	0.884	MQ
MFD01112.bin.3.37	0.885	MQ
MFD01138.bin.1.27	0.855	MQ
MFD01138.bin.2.1	0.869	MQ
MFD01138.bin.2.121	0.812	MQ
MFD01138.bin.2.123	0.851	MQ
MFD01138.bin.2.15	0.853	MQ
MFD01138.bin.2.2	0.853	MQ
MFD01138.bin.2.28	0.866	MQ
MFD01138.bin.2.29	0.837	MQ
MFD01138.bin.2.30	0.838	MQ
MFD01138.bin.2.43	0.861	MQ
MFD01138.bin.2.60	0.866	MQ
MFD01138.bin.2.62	0.834	MQ
MFD01138.bin.2.63	0.891	MQ
MFD01138.bin.2.64	0.868	MQ
MFD01138.bin.2.7	0.845	MQ
MFD01138.bin.2.70	0.858	MQ
MFD01138.bin.2.71	0.823	MQ
MFD01138.bin.2.73	0.823	MQ
MFD01138.bin.2.75	0.848	MQ
MFD01138.bin.2.8	0.842	MQ
MFD01138.bin.2.80	0.857	MQ
MFD01138.bin.2.81	0.787	MQ
MFD01138.bin.2.82	0.876	MQ
MFD01138.bin.2.83	0.814	MQ
MFD01138.bin.2.88	0.824	MQ
MFD01138.bin.2.90	0.88	MQ
MFD01138.bin.2.94	0.863	MQ
MFD01138.bin.2.95	0.863	MQ
MFD01138.bin.2.97	0.809	MQ
MFD01138.bin.3.14	0.853	MQ
MFD01138.bin.3.248	0.815	MQ
MFD01138.bin.3.259	0.84	MQ
MFD01138.bin.3.34	0.861	MQ
MFD01138.bin.3.50	0.831	MQ
MFD01138.bin.3.6	0.847	MQ
MFD01138.bin.3.73	0.844	MQ
MFD01138.bin.3.74	0.86	MQ
MFD01188.bin.2.11	0.825	MQ
MFD01188.bin.2.114	0.861	MQ
MFD01188.bin.2.119	0.867	MQ
MFD01188.bin.2.12	0.827	MQ
MFD01188.bin.2.120	0.845	MQ
MFD01188.bin.2.122	0.854	MQ
MFD01188.bin.2.123	0.841	MQ
MFD01188.bin.2.127	0.803	MQ
MFD01188.bin.2.18	0.792	MQ
MFD01188.bin.2.2	0.796	MQ
MFD01188.bin.2.25	0.803	MQ
MFD01188.bin.2.32	0.812	MQ
MFD01188.bin.2.38	0.82	MQ
MFD01188.bin.2.44	0.924	MQ
MFD01188.bin.2.45	0.882	MQ
MFD01188.bin.2.55	0.864	MQ
MFD01188.bin.2.56	0.889	MQ
MFD01188.bin.2.57	0.804	MQ
MFD01188.bin.2.72	0.794	MQ
MFD01188.bin.2.73	0.802	MQ
MFD01188.bin.2.74	0.833	MQ
MFD01188.bin.2.75	0.815	MQ
MFD01188.bin.2.79	0.855	MQ
MFD01188.bin.2.97	0.852	MQ
MFD01188.bin.3.109	0.874	MQ
MFD01188.bin.3.138	0.818	MQ
MFD01188.bin.3.182	0.873	MQ
MFD01188.bin.3.31	0.77	MQ
MFD01188.bin.3.372	0.82	MQ
MFD01188.bin.4.248	0.834	MQ
MFD01188.bin.4.386	0.79	MQ
MFD01188.bin.4.86	0.853	MQ
MFD01213.bin.1.135	0.839	MQ
MFD01213.bin.1.138	0.829	MQ
MFD01213.bin.1.206	0.911	MQ
MFD01213.bin.2.10	0.849	MQ
MFD01213.bin.2.104	0.903	MQ
MFD01213.bin.2.105	0.851	MQ
MFD01213.bin.2.106	0.848	MQ
MFD01213.bin.2.107	0.874	MQ
MFD01213.bin.2.108	0.877	MQ
MFD01213.bin.2.11	0.864	MQ
MFD01213.bin.2.110	0.853	MQ
MFD01213.bin.2.111	0.874	MQ
MFD01213.bin.2.112	0.855	MQ
MFD01213.bin.2.113	0.873	MQ
MFD01213.bin.2.116	0.836	MQ
MFD01213.bin.2.117	0.829	MQ
MFD01213.bin.2.119	0.87	MQ
MFD01213.bin.2.121	0.878	MQ
MFD01213.bin.2.122	0.852	MQ
MFD01213.bin.2.125	0.898	MQ
MFD01213.bin.2.128	0.822	MQ
MFD01213.bin.2.129	0.842	MQ
MFD01213.bin.2.13	0.811	MQ
MFD01213.bin.2.130	0.83	MQ
MFD01213.bin.2.131	0.863	MQ
MFD01213.bin.2.132	0.825	MQ
MFD01213.bin.2.133	0.84	MQ
MFD01213.bin.2.134	0.857	MQ
MFD01213.bin.2.135	0.85	MQ
MFD01213.bin.2.137	0.855	MQ
MFD01213.bin.2.138	0.861	MQ
MFD01213.bin.2.143	0.868	MQ
MFD01213.bin.2.144	0.905	MQ
MFD01213.bin.2.146	0.863	MQ
MFD01213.bin.2.149	0.844	MQ
MFD01213.bin.2.150	0.853	MQ
MFD01213.bin.2.152	0.893	MQ
MFD01213.bin.2.155	0.818	MQ
MFD01213.bin.2.156	0.836	MQ
MFD01213.bin.2.157	0.877	MQ
MFD01213.bin.2.159	0.919	MQ
MFD01213.bin.2.162	0.881	MQ
MFD01213.bin.2.163	0.841	MQ
MFD01213.bin.2.165	0.841	MQ
MFD01213.bin.2.166	0.85	MQ
MFD01213.bin.2.168	0.857	MQ
MFD01213.bin.2.17	0.838	MQ
MFD01213.bin.2.170	0.845	MQ
MFD01213.bin.2.171	0.824	MQ
MFD01213.bin.2.174	0.818	MQ
MFD01213.bin.2.175	0.832	MQ
MFD01213.bin.2.176	0.833	MQ
MFD01213.bin.2.18	0.838	MQ
MFD01213.bin.2.180	0.851	MQ
MFD01213.bin.2.185	0.876	MQ
MFD01213.bin.2.189	0.832	MQ
MFD01213.bin.2.19	0.832	MQ
MFD01213.bin.2.191	0.889	MQ
MFD01213.bin.2.193	0.866	MQ
MFD01213.bin.2.194	0.874	MQ
MFD01213.bin.2.196	0.847	MQ
MFD01213.bin.2.197	0.857	MQ
MFD01213.bin.2.20	0.85	MQ
MFD01213.bin.2.21	0.82	MQ
MFD01213.bin.2.22	0.855	MQ
MFD01213.bin.2.23	0.827	MQ
MFD01213.bin.2.27	0.85	MQ
MFD01213.bin.2.29	0.88	MQ
MFD01213.bin.2.30	0.842	MQ
MFD01213.bin.2.31	0.855	MQ
MFD01213.bin.2.32	0.871	MQ
MFD01213.bin.2.33	0.891	MQ
MFD01213.bin.2.34	0.851	MQ
MFD01213.bin.2.36	0.838	MQ
MFD01213.bin.2.38	0.854	MQ
MFD01213.bin.2.39	0.893	MQ
MFD01213.bin.2.4	0.861	MQ
MFD01213.bin.2.40	0.907	MQ
MFD01213.bin.2.41	0.871	MQ
MFD01213.bin.2.42	0.858	MQ
MFD01213.bin.2.44	0.91	MQ
MFD01213.bin.2.49	0.898	MQ
MFD01213.bin.2.5	0.904	MQ
MFD01213.bin.2.51	0.876	MQ
MFD01213.bin.2.53	0.81	MQ
MFD01213.bin.2.54	0.859	MQ
MFD01213.bin.2.55	0.858	MQ
MFD01213.bin.2.58	0.841	MQ
MFD01213.bin.2.61	0.829	MQ
MFD01213.bin.2.71	0.854	MQ
MFD01213.bin.2.74	0.808	MQ
MFD01213.bin.2.81	0.826	MQ
MFD01213.bin.2.92	0.872	MQ
MFD01213.bin.2.94	0.875	MQ
MFD01213.bin.2.95	0.878	MQ
MFD01213.bin.2.97	0.839	MQ
MFD01213.bin.2.98	0.835	MQ
MFD01213.bin.3.118	0.862	MQ
MFD01213.bin.3.154	0.813	MQ
MFD01213.bin.3.157	0.827	MQ
MFD01213.bin.3.214	0.854	MQ
MFD01213.bin.3.243	0.841	MQ
MFD01213.bin.3.251	0.824	MQ
MFD01213.bin.3.295	0.907	MQ
MFD01213.bin.3.342	0.842	MQ
MFD01213.bin.3.363	0.832	MQ
MFD01213.bin.3.367	0.829	MQ
MFD01213.bin.3.396	0.849	MQ
MFD01213.bin.3.422	0.879	MQ
MFD01213.bin.3.448	0.863	MQ
MFD01213.bin.3.530	0.828	MQ
MFD01213.bin.3.552	0.857	MQ
MFD01213.bin.3.560	0.833	MQ
MFD01213.bin.3.581	0.853	MQ
MFD01213.bin.3.8	0.898	MQ
MFD01213.bin.3.93	0.85	MQ
MFD01213.bin.4.384	0.85	MQ
MFD01213.bin.4.502	0.844	MQ
MFD01223.bin.1.101	0.864	MQ
MFD01223.bin.1.107	0.878	MQ
MFD01223.bin.1.110	0.861	MQ
MFD01223.bin.1.111	0.842	MQ
MFD01223.bin.1.127	0.86	MQ
MFD01223.bin.1.27	0.853	MQ
MFD01223.bin.1.35	0.834	MQ
MFD01223.bin.1.40	0.894	MQ
MFD01223.bin.1.55	0.903	MQ
MFD01223.bin.1.58	0.861	MQ
MFD01223.bin.1.7	0.907	MQ
MFD01223.bin.1.99	0.862	MQ
MFD01223.bin.2.14	0.81	MQ
MFD01223.bin.2.21	0.879	MQ
MFD01223.bin.2.25	0.817	MQ
MFD01223.bin.2.30	0.849	MQ
MFD01223.bin.2.31	0.85	MQ
MFD01223.bin.2.32	0.905	MQ
MFD01223.bin.2.33	0.85	MQ
MFD01223.bin.2.37	0.835	MQ
MFD01223.bin.2.4	0.89	MQ
MFD01223.bin.2.40	0.882	MQ
MFD01223.bin.2.42	0.852	MQ
MFD01223.bin.2.44	0.852	MQ
MFD01223.bin.2.47	0.858	MQ
MFD01223.bin.2.48	0.808	MQ
MFD01223.bin.2.5	0.83	MQ
MFD01223.bin.2.50	0.841	MQ
MFD01223.bin.2.69	0.859	MQ
MFD01223.bin.2.71	0.857	MQ
MFD01223.bin.2.76	0.784	MQ
MFD01223.bin.2.77	0.865	MQ
MFD01223.bin.2.87	0.862	MQ
MFD01223.bin.2.9	0.866	MQ
MFD01223.bin.2.90	0.865	MQ
MFD01223.bin.3.14	0.854	MQ
MFD01223.bin.3.150	0.848	MQ
MFD01223.bin.3.47	0.851	MQ
MFD01223.bin.3.50	0.798	MQ
MFD01223.bin.4.19	0.845	MQ
MFD01223.bin.4.238	0.848	MQ
MFD01231.bin.1.3	0.887	MQ
MFD01231.bin.1.64	0.892	MQ
MFD01231.bin.2.10	0.829	MQ
MFD01231.bin.2.11	0.894	MQ
MFD01231.bin.2.2	0.871	MQ
MFD01231.bin.2.20	0.847	MQ
MFD01231.bin.2.26	0.855	MQ
MFD01231.bin.2.28	0.831	MQ
MFD01231.bin.2.30	0.847	MQ
MFD01231.bin.2.31	0.853	MQ
MFD01231.bin.2.32	0.852	MQ
MFD01231.bin.2.34	0.799	MQ
MFD01231.bin.2.35	0.826	MQ
MFD01231.bin.2.36	0.842	MQ
MFD01231.bin.2.4	0.836	MQ
MFD01231.bin.2.48	0.813	MQ
MFD01231.bin.2.49	0.888	MQ
MFD01231.bin.2.51	0.907	MQ
MFD01231.bin.2.53	0.875	MQ
MFD01231.bin.2.57	0.858	MQ
MFD01231.bin.2.65	0.832	MQ
MFD01231.bin.2.69	0.818	MQ
MFD01231.bin.2.72	0.81	MQ
MFD01231.bin.2.73	0.867	MQ
MFD01231.bin.2.76	0.81	MQ
MFD01231.bin.2.77	0.84	MQ
MFD01231.bin.3.30	0.882	MQ
MFD01231.bin.3.74	0.903	MQ
MFD01231.bin.4.123	0.85	MQ
MFD01248.bin.1.14	0.901	MQ
MFD01248.bin.1.32	0.864	MQ
MFD01248.bin.2.14	0.884	MQ
MFD01248.bin.2.15	0.849	MQ
MFD01248.bin.2.16	0.89	MQ
MFD01248.bin.2.17	0.892	MQ
MFD01248.bin.2.19	0.818	MQ
MFD01248.bin.2.23	0.849	MQ
MFD01248.bin.2.29	0.823	MQ
MFD01248.bin.2.30	0.838	MQ
MFD01248.bin.2.31	0.847	MQ
MFD01248.bin.2.33	0.821	MQ
MFD01248.bin.2.4	0.85	MQ
MFD01248.bin.2.46	0.827	MQ
MFD01248.bin.2.49	0.828	MQ
MFD01248.bin.2.52	0.829	MQ
MFD01248.bin.2.56	0.821	MQ
MFD01248.bin.2.60	0.832	MQ
MFD01248.bin.2.66	0.872	MQ
MFD01248.bin.2.67	0.88	MQ
MFD01248.bin.2.68	0.854	MQ
MFD01248.bin.2.7	0.874	MQ
MFD01248.bin.2.71	0.874	MQ
MFD01248.bin.2.72	0.848	MQ
MFD01248.bin.2.76	0.868	MQ
MFD01248.bin.2.77	0.868	MQ
MFD01248.bin.2.78	0.867	MQ
MFD01248.bin.2.8	0.808	MQ
MFD01248.bin.3.122	0.816	MQ
MFD01248.bin.3.30	0.815	MQ
MFD01248.bin.3.64	0.867	MQ
MFD01248.bin.3.81	0.852	MQ
MFD01275.bin.1.253	0.877	MQ
MFD01275.bin.1.261	0.899	MQ
MFD01275.bin.2.1	0.834	MQ
MFD01275.bin.2.10	0.864	MQ
MFD01275.bin.2.11	0.897	MQ
MFD01275.bin.2.116	0.868	MQ
MFD01275.bin.2.119	0.874	MQ
MFD01275.bin.2.120	0.881	MQ
MFD01275.bin.2.121	0.866	MQ
MFD01275.bin.2.122	0.875	MQ
MFD01275.bin.2.123	0.857	MQ
MFD01275.bin.2.126	0.895	MQ
MFD01275.bin.2.129	0.842	MQ
MFD01275.bin.2.131	0.858	MQ
MFD01275.bin.2.132	0.88	MQ
MFD01275.bin.2.134	0.814	MQ
MFD01275.bin.2.135	0.863	MQ
MFD01275.bin.2.136	0.835	MQ
MFD01275.bin.2.138	0.853	MQ
MFD01275.bin.2.140	0.832	MQ
MFD01275.bin.2.141	0.828	MQ
MFD01275.bin.2.142	0.895	MQ
MFD01275.bin.2.143	0.908	MQ
MFD01275.bin.2.144	0.879	MQ
MFD01275.bin.2.145	0.911	MQ
MFD01275.bin.2.147	0.888	MQ
MFD01275.bin.2.148	0.876	MQ
MFD01275.bin.2.15	0.797	MQ
MFD01275.bin.2.152	0.91	MQ
MFD01275.bin.2.154	0.904	MQ
MFD01275.bin.2.156	0.908	MQ
MFD01275.bin.2.158	0.845	MQ
MFD01275.bin.2.164	0.877	MQ
MFD01275.bin.2.166	0.831	MQ
MFD01275.bin.2.168	0.879	MQ
MFD01275.bin.2.170	0.853	MQ
MFD01275.bin.2.173	0.888	MQ
MFD01275.bin.2.175	0.875	MQ
MFD01275.bin.2.178	0.846	MQ
MFD01275.bin.2.18	0.868	MQ
MFD01275.bin.2.180	0.892	MQ
MFD01275.bin.2.181	0.883	MQ
MFD01275.bin.2.182	0.892	MQ
MFD01275.bin.2.185	0.829	MQ
MFD01275.bin.2.188	0.876	MQ
MFD01275.bin.2.189	0.803	MQ
MFD01275.bin.2.19	0.833	MQ
MFD01275.bin.2.190	0.794	MQ
MFD01275.bin.2.192	0.837	MQ
MFD01275.bin.2.194	0.922	MQ
MFD01275.bin.2.196	0.861	MQ
MFD01275.bin.2.197	0.823	MQ
MFD01275.bin.2.198	0.854	MQ
MFD01275.bin.2.199	0.852	MQ
MFD01275.bin.2.2	0.869	MQ
MFD01275.bin.2.200	0.92	MQ
MFD01275.bin.2.201	0.833	MQ
MFD01275.bin.2.203	0.832	MQ
MFD01275.bin.2.204	0.893	MQ
MFD01275.bin.2.205	0.917	MQ
MFD01275.bin.2.206	0.863	MQ
MFD01275.bin.2.207	0.871	MQ
MFD01275.bin.2.21	0.834	MQ
MFD01275.bin.2.210	0.872	MQ
MFD01275.bin.2.211	0.837	MQ
MFD01275.bin.2.212	0.865	MQ
MFD01275.bin.2.22	0.894	MQ
MFD01275.bin.2.23	0.871	MQ
MFD01275.bin.2.24	0.87	MQ
MFD01275.bin.2.26	0.891	MQ
MFD01275.bin.2.3	0.881	MQ
MFD01275.bin.2.31	0.841	MQ
MFD01275.bin.2.32	0.833	MQ
MFD01275.bin.2.33	0.867	MQ
MFD01275.bin.2.34	0.835	MQ
MFD01275.bin.2.37	0.859	MQ
MFD01275.bin.2.38	0.863	MQ
MFD01275.bin.2.4	0.822	MQ
MFD01275.bin.2.41	0.862	MQ
MFD01275.bin.2.46	0.885	MQ
MFD01275.bin.2.47	0.911	MQ
MFD01275.bin.2.48	0.86	MQ
MFD01275.bin.2.5	0.889	MQ
MFD01275.bin.2.50	0.878	MQ
MFD01275.bin.2.52	0.872	MQ
MFD01275.bin.2.53	0.829	MQ
MFD01275.bin.2.56	0.862	MQ
MFD01275.bin.2.57	0.868	MQ
MFD01275.bin.2.59	0.821	MQ
MFD01275.bin.2.60	0.873	MQ
MFD01275.bin.2.62	0.89	MQ
MFD01275.bin.2.63	0.835	MQ
MFD01275.bin.2.65	0.872	MQ
MFD01275.bin.2.67	0.863	MQ
MFD01275.bin.2.68	0.894	MQ
MFD01275.bin.2.69	0.777	MQ
MFD01275.bin.2.7	0.902	MQ
MFD01275.bin.2.70	0.83	MQ
MFD01275.bin.2.72	0.817	MQ
MFD01275.bin.2.73	0.818	MQ
MFD01275.bin.2.76	0.83	MQ
MFD01275.bin.2.79	0.822	MQ
MFD01275.bin.2.8	0.915	MQ
MFD01275.bin.2.81	0.901	MQ
MFD01275.bin.2.84	0.838	MQ
MFD01275.bin.2.89	0.836	MQ
MFD01275.bin.2.9	0.867	MQ
MFD01275.bin.2.96	0.858	MQ
MFD01275.bin.3.1	0.918	MQ
MFD01275.bin.3.107	0.878	MQ
MFD01275.bin.3.128	0.912	MQ
MFD01275.bin.3.162	0.883	MQ
MFD01275.bin.3.2	0.882	MQ
MFD01275.bin.3.241	0.87	MQ
MFD01275.bin.3.249	0.808	MQ
MFD01275.bin.3.271	0.902	MQ
MFD01275.bin.3.280	0.9	MQ
MFD01275.bin.3.287	0.845	MQ
MFD01275.bin.3.320	0.845	MQ
MFD01275.bin.3.354	0.907	MQ
MFD01275.bin.3.362	0.862	MQ
MFD01275.bin.3.391	0.845	MQ
MFD01275.bin.3.41	0.904	MQ
MFD01275.bin.3.48	0.867	MQ
MFD01275.bin.3.83	0.8	MQ
MFD01275.bin.4.324	0.866	MQ
MFD01299.bin.1.111	0.862	MQ
MFD01299.bin.1.122	0.876	MQ
MFD01299.bin.1.129	0.845	MQ
MFD01299.bin.1.168	0.868	MQ
MFD01299.bin.1.188	0.891	MQ
MFD01299.bin.1.71	0.85	MQ
MFD01299.bin.1.92	0.911	MQ
MFD01299.bin.1.95	0.871	MQ
MFD01299.bin.2.1	0.876	MQ
MFD01299.bin.2.104	0.828	MQ
MFD01299.bin.2.106	0.847	MQ
MFD01299.bin.2.108	0.878	MQ
MFD01299.bin.2.115	0.85	MQ
MFD01299.bin.2.117	0.803	MQ
MFD01299.bin.2.118	0.88	MQ
MFD01299.bin.2.119	0.863	MQ
MFD01299.bin.2.120	0.858	MQ
MFD01299.bin.2.127	0.87	MQ
MFD01299.bin.2.13	0.809	MQ
MFD01299.bin.2.132	0.854	MQ
MFD01299.bin.2.133	0.858	MQ
MFD01299.bin.2.136	0.889	MQ
MFD01299.bin.2.138	0.828	MQ
MFD01299.bin.2.142	0.809	MQ
MFD01299.bin.2.143	0.827	MQ
MFD01299.bin.2.145	0.856	MQ
MFD01299.bin.2.146	0.862	MQ
MFD01299.bin.2.147	0.853	MQ
MFD01299.bin.2.148	0.86	MQ
MFD01299.bin.2.149	0.86	MQ
MFD01299.bin.2.150	0.854	MQ
MFD01299.bin.2.151	0.812	MQ
MFD01299.bin.2.154	0.841	MQ
MFD01299.bin.2.156	0.782	MQ
MFD01299.bin.2.159	0.819	MQ
MFD01299.bin.2.160	0.85	MQ
MFD01299.bin.2.163	0.822	MQ
MFD01299.bin.2.165	0.86	MQ
MFD01299.bin.2.166	0.837	MQ
MFD01299.bin.2.171	0.853	MQ
MFD01299.bin.2.175	0.852	MQ
MFD01299.bin.2.18	0.87	MQ
MFD01299.bin.2.183	0.848	MQ
MFD01299.bin.2.187	0.852	MQ
MFD01299.bin.2.189	0.822	MQ
MFD01299.bin.2.200	0.896	MQ
MFD01299.bin.2.207	0.834	MQ
MFD01299.bin.2.208	0.832	MQ
MFD01299.bin.2.209	0.832	MQ
MFD01299.bin.2.210	0.792	MQ
MFD01299.bin.2.211	0.852	MQ
MFD01299.bin.2.212	0.849	MQ
MFD01299.bin.2.213	0.845	MQ
MFD01299.bin.2.214	0.849	MQ
MFD01299.bin.2.216	0.845	MQ
MFD01299.bin.2.218	0.866	MQ
MFD01299.bin.2.22	0.841	MQ
MFD01299.bin.2.23	0.874	MQ
MFD01299.bin.2.25	0.843	MQ
MFD01299.bin.2.28	0.869	MQ
MFD01299.bin.2.3	0.858	MQ
MFD01299.bin.2.34	0.87	MQ
MFD01299.bin.2.36	0.855	MQ
MFD01299.bin.2.38	0.856	MQ
MFD01299.bin.2.4	0.84	MQ
MFD01299.bin.2.41	0.819	MQ
MFD01299.bin.2.44	0.869	MQ
MFD01299.bin.2.45	0.846	MQ
MFD01299.bin.2.46	0.892	MQ
MFD01299.bin.2.48	0.835	MQ
MFD01299.bin.2.49	0.821	MQ
MFD01299.bin.2.51	0.872	MQ
MFD01299.bin.2.57	0.821	MQ
MFD01299.bin.2.59	0.883	MQ
MFD01299.bin.2.76	0.842	MQ
MFD01299.bin.2.79	0.837	MQ
MFD01299.bin.2.84	0.909	MQ
MFD01299.bin.2.92	0.845	MQ
MFD01299.bin.2.97	0.923	MQ
MFD01299.bin.3.1	0.84	MQ
MFD01299.bin.3.111	0.836	MQ
MFD01299.bin.3.120	0.834	MQ
MFD01299.bin.3.139	0.853	MQ
MFD01299.bin.3.141	0.845	MQ
MFD01299.bin.3.148	0.85	MQ
MFD01299.bin.3.165	0.831	MQ
MFD01299.bin.3.198	0.857	MQ
MFD01299.bin.3.210	0.872	MQ
MFD01299.bin.3.257	0.854	MQ
MFD01299.bin.3.31	0.86	MQ
MFD01299.bin.3.325	0.813	MQ
MFD01299.bin.3.347	0.861	MQ
MFD01299.bin.3.353	0.81	MQ
MFD01299.bin.3.455	0.846	MQ
MFD01299.bin.3.5	0.8	MQ
MFD01299.bin.3.96	0.881	MQ
MFD01299.bin.4.382	0.858	MQ
MFD01476.bin.1.1	0.846	MQ
MFD01476.bin.1.165	0.884	MQ
MFD01476.bin.1.230	0.857	MQ
MFD01476.bin.2.1	0.854	MQ
MFD01476.bin.2.10	0.815	MQ
MFD01476.bin.2.101	0.827	MQ
MFD01476.bin.2.102	0.871	MQ
MFD01476.bin.2.103	0.84	MQ
MFD01476.bin.2.104	0.861	MQ
MFD01476.bin.2.105	0.866	MQ
MFD01476.bin.2.106	0.814	MQ
MFD01476.bin.2.107	0.86	MQ
MFD01476.bin.2.108	0.808	MQ
MFD01476.bin.2.114	0.814	MQ
MFD01476.bin.2.118	0.804	MQ
MFD01476.bin.2.120	0.891	MQ
MFD01476.bin.2.122	0.857	MQ
MFD01476.bin.2.125	0.845	MQ
MFD01476.bin.2.126	0.867	MQ
MFD01476.bin.2.127	0.856	MQ
MFD01476.bin.2.13	0.848	MQ
MFD01476.bin.2.130	0.82	MQ
MFD01476.bin.2.132	0.877	MQ
MFD01476.bin.2.135	0.915	MQ
MFD01476.bin.2.136	0.871	MQ
MFD01476.bin.2.137	0.838	MQ
MFD01476.bin.2.138	0.851	MQ
MFD01476.bin.2.139	0.875	MQ
MFD01476.bin.2.140	0.851	MQ
MFD01476.bin.2.15	0.852	MQ
MFD01476.bin.2.150	0.848	MQ
MFD01476.bin.2.152	0.85	MQ
MFD01476.bin.2.154	0.858	MQ
MFD01476.bin.2.155	0.822	MQ
MFD01476.bin.2.157	0.846	MQ
MFD01476.bin.2.159	0.831	MQ
MFD01476.bin.2.167	0.861	MQ
MFD01476.bin.2.169	0.872	MQ
MFD01476.bin.2.170	0.874	MQ
MFD01476.bin.2.175	0.907	MQ
MFD01476.bin.2.179	0.869	MQ
MFD01476.bin.2.180	0.84	MQ
MFD01476.bin.2.182	0.888	MQ
MFD01476.bin.2.185	0.837	MQ
MFD01476.bin.2.187	0.876	MQ
MFD01476.bin.2.188	0.835	MQ
MFD01476.bin.2.189	0.871	MQ
MFD01476.bin.2.190	0.811	MQ
MFD01476.bin.2.191	0.87	MQ
MFD01476.bin.2.2	0.89	MQ
MFD01476.bin.2.21	0.819	MQ
MFD01476.bin.2.23	0.815	MQ
MFD01476.bin.2.25	0.852	MQ
MFD01476.bin.2.26	0.84	MQ
MFD01476.bin.2.28	0.85	MQ
MFD01476.bin.2.29	0.87	MQ
MFD01476.bin.2.33	0.851	MQ
MFD01476.bin.2.34	0.866	MQ
MFD01476.bin.2.38	0.871	MQ
MFD01476.bin.2.4	0.811	MQ
MFD01476.bin.2.41	0.833	MQ
MFD01476.bin.2.43	0.859	MQ
MFD01476.bin.2.44	0.911	MQ
MFD01476.bin.2.45	0.89	MQ
MFD01476.bin.2.49	0.836	MQ
MFD01476.bin.2.50	0.864	MQ
MFD01476.bin.2.52	0.854	MQ
MFD01476.bin.2.53	0.885	MQ
MFD01476.bin.2.54	0.852	MQ
MFD01476.bin.2.55	0.833	MQ
MFD01476.bin.2.56	0.806	MQ
MFD01476.bin.2.58	0.848	MQ
MFD01476.bin.2.59	0.845	MQ
MFD01476.bin.2.68	0.881	MQ
MFD01476.bin.2.71	0.867	MQ
MFD01476.bin.2.76	0.855	MQ
MFD01476.bin.2.8	0.878	MQ
MFD01476.bin.2.85	0.836	MQ
MFD01476.bin.2.87	0.911	MQ
MFD01476.bin.2.94	0.817	MQ
MFD01476.bin.2.97	0.891	MQ
MFD01476.bin.3.120	0.825	MQ
MFD01476.bin.3.18	0.793	MQ
MFD01476.bin.3.212	0.811	MQ
MFD01476.bin.3.283	0.814	MQ
MFD01476.bin.3.3	0.819	MQ
MFD01476.bin.3.321	0.825	MQ
MFD01476.bin.3.353	0.871	MQ
MFD01476.bin.3.64	0.868	MQ
MFD01476.bin.3.65	0.886	MQ
MFD01476.bin.3.68	0.867	MQ
MFD01476.bin.3.89	0.893	MQ
MFD01476.bin.3.99	0.873	MQ
MFD01476.bin.4.90	0.875	MQ
MFD01561.bin.1.30	0.921	MQ
MFD01561.bin.2.108	0.869	MQ
MFD01561.bin.2.11	0.834	MQ
MFD01561.bin.2.114	0.817	MQ
MFD01561.bin.2.12	0.807	MQ
MFD01561.bin.2.120	0.824	MQ
MFD01561.bin.2.13	0.841	MQ
MFD01561.bin.2.25	0.825	MQ
MFD01561.bin.2.29	0.845	MQ
MFD01561.bin.2.31	0.835	MQ
MFD01561.bin.2.37	0.859	MQ
MFD01561.bin.2.42	0.902	MQ
MFD01561.bin.2.52	0.837	MQ
MFD01561.bin.2.53	0.812	MQ
MFD01561.bin.2.59	0.844	MQ
MFD01561.bin.2.67	0.836	MQ
MFD01561.bin.2.69	0.822	MQ
MFD01561.bin.2.74	0.773	MQ
MFD01561.bin.2.78	0.805	MQ
MFD01561.bin.2.82	0.84	MQ
MFD01561.bin.2.87	0.813	MQ
MFD01561.bin.3.236	0.799	MQ
MFD01561.bin.3.265	0.847	MQ
MFD01561.bin.3.308	0.8	MQ
MFD01561.bin.4.120	0.836	MQ
MFD01633.bin.2.1	0.864	MQ
MFD01633.bin.2.10	0.84	MQ
MFD01633.bin.2.111	0.873	MQ
MFD01633.bin.2.113	0.877	MQ
MFD01633.bin.2.121	0.844	MQ
MFD01633.bin.2.122	0.836	MQ
MFD01633.bin.2.129	0.842	MQ
MFD01633.bin.2.130	0.843	MQ
MFD01633.bin.2.133	0.835	MQ
MFD01633.bin.2.137	0.863	MQ
MFD01633.bin.2.141	0.847	MQ
MFD01633.bin.2.142	0.815	MQ
MFD01633.bin.2.143	0.864	MQ
MFD01633.bin.2.150	0.865	MQ
MFD01633.bin.2.154	0.848	MQ
MFD01633.bin.2.161	0.859	MQ
MFD01633.bin.2.163	0.801	MQ
MFD01633.bin.2.172	0.874	MQ
MFD01633.bin.2.174	0.871	MQ
MFD01633.bin.2.175	0.894	MQ
MFD01633.bin.2.177	0.887	MQ
MFD01633.bin.2.179	0.866	MQ
MFD01633.bin.2.18	0.816	MQ
MFD01633.bin.2.186	0.87	MQ
MFD01633.bin.2.187	0.848	MQ
MFD01633.bin.2.2	0.837	MQ
MFD01633.bin.2.23	0.898	MQ
MFD01633.bin.2.3	0.855	MQ
MFD01633.bin.2.32	0.833	MQ
MFD01633.bin.2.33	0.85	MQ
MFD01633.bin.2.38	0.833	MQ
MFD01633.bin.2.42	0.819	MQ
MFD01633.bin.2.43	0.838	MQ
MFD01633.bin.2.48	0.829	MQ
MFD01633.bin.2.50	0.854	MQ
MFD01633.bin.2.53	0.831	MQ
MFD01633.bin.2.54	0.89	MQ
MFD01633.bin.2.60	0.81	MQ
MFD01633.bin.2.71	0.794	MQ
MFD01633.bin.2.96	0.865	MQ
MFD01633.bin.3.150	0.847	MQ
MFD01633.bin.3.245	0.8	MQ
MFD01633.bin.3.416	0.871	MQ
MFD01633.bin.3.44	0.79	MQ
MFD01633.bin.3.52	0.817	MQ
MFD01633.bin.4.498	0.838	MQ
MFD01689.bin.1.112	0.893	MQ
MFD01689.bin.1.6	0.865	MQ
MFD01689.bin.2.10	0.858	MQ
MFD01689.bin.2.11	0.838	MQ
MFD01689.bin.2.12	0.886	MQ
MFD01689.bin.2.13	0.809	MQ
MFD01689.bin.2.14	0.876	MQ
MFD01689.bin.2.18	0.817	MQ
MFD01689.bin.2.19	0.866	MQ
MFD01689.bin.2.21	0.888	MQ
MFD01689.bin.2.23	0.867	MQ
MFD01689.bin.2.24	0.808	MQ
MFD01689.bin.2.26	0.792	MQ
MFD01689.bin.2.27	0.865	MQ
MFD01689.bin.2.28	0.845	MQ
MFD01689.bin.2.31	0.838	MQ
MFD01689.bin.2.35	0.799	MQ
MFD01689.bin.2.36	0.848	MQ
MFD01689.bin.2.37	0.851	MQ
MFD01689.bin.2.38	0.876	MQ
MFD01689.bin.2.4	0.802	MQ
MFD01689.bin.2.41	0.862	MQ
MFD01689.bin.2.42	0.833	MQ
MFD01689.bin.2.43	0.801	MQ
MFD01689.bin.2.45	0.873	MQ
MFD01689.bin.2.5	0.847	MQ
MFD01689.bin.2.50	0.843	MQ
MFD01689.bin.2.63	0.855	MQ
MFD01689.bin.2.66	0.861	MQ
MFD01689.bin.2.67	0.807	MQ
MFD01689.bin.2.68	0.785	MQ
MFD01689.bin.2.69	0.887	MQ
MFD01689.bin.2.70	0.832	MQ
MFD01689.bin.2.71	0.852	MQ
MFD01689.bin.2.72	0.874	MQ
MFD01689.bin.2.73	0.885	MQ
MFD01689.bin.2.74	0.81	MQ
MFD01689.bin.2.76	0.856	MQ
MFD01689.bin.2.77	0.787	MQ
MFD01689.bin.2.78	0.857	MQ
MFD01689.bin.2.82	0.875	MQ
MFD01689.bin.3.10	0.879	MQ
MFD01689.bin.3.105	0.869	MQ
MFD01689.bin.3.127	0.832	MQ
MFD01689.bin.3.32	0.813	MQ
MFD01689.bin.3.63	0.815	MQ
MFD01689.bin.3.64	0.861	MQ
MFD01689.bin.3.83	0.842	MQ
MFD01689.bin.3.88	0.859	MQ
MFD01716.bin.1.180	0.865	MQ
MFD01716.bin.1.82	0.879	MQ
MFD01716.bin.2.1	0.876	MQ
MFD01716.bin.2.10	0.846	MQ
MFD01716.bin.2.100	0.82	MQ
MFD01716.bin.2.102	0.855	MQ
MFD01716.bin.2.105	0.867	MQ
MFD01716.bin.2.110	0.832	MQ
MFD01716.bin.2.111	0.844	MQ
MFD01716.bin.2.112	0.866	MQ
MFD01716.bin.2.114	0.813	MQ
MFD01716.bin.2.115	0.789	MQ
MFD01716.bin.2.116	0.874	MQ
MFD01716.bin.2.117	0.853	MQ
MFD01716.bin.2.119	0.788	MQ
MFD01716.bin.2.12	0.862	MQ
MFD01716.bin.2.120	0.856	MQ
MFD01716.bin.2.123	0.855	MQ
MFD01716.bin.2.126	0.826	MQ
MFD01716.bin.2.127	0.861	MQ
MFD01716.bin.2.129	0.818	MQ
MFD01716.bin.2.140	0.844	MQ
MFD01716.bin.2.143	0.893	MQ
MFD01716.bin.2.147	0.849	MQ
MFD01716.bin.2.148	0.815	MQ
MFD01716.bin.2.149	0.876	MQ
MFD01716.bin.2.15	0.845	MQ
MFD01716.bin.2.152	0.84	MQ
MFD01716.bin.2.16	0.879	MQ
MFD01716.bin.2.17	0.889	MQ
MFD01716.bin.2.19	0.884	MQ
MFD01716.bin.2.24	0.848	MQ
MFD01716.bin.2.26	0.879	MQ
MFD01716.bin.2.30	0.825	MQ
MFD01716.bin.2.32	0.874	MQ
MFD01716.bin.2.33	0.85	MQ
MFD01716.bin.2.37	0.884	MQ
MFD01716.bin.2.38	0.833	MQ
MFD01716.bin.2.40	0.797	MQ
MFD01716.bin.2.43	0.783	MQ
MFD01716.bin.2.45	0.86	MQ
MFD01716.bin.2.47	0.89	MQ
MFD01716.bin.2.50	0.832	MQ
MFD01716.bin.2.64	0.883	MQ
MFD01716.bin.2.70	0.871	MQ
MFD01716.bin.2.74	0.833	MQ
MFD01716.bin.2.75	0.887	MQ
MFD01716.bin.2.82	0.838	MQ
MFD01716.bin.2.83	0.884	MQ
MFD01716.bin.2.87	0.838	MQ
MFD01716.bin.2.88	0.82	MQ
MFD01716.bin.2.9	0.88	MQ
MFD01716.bin.2.90	0.874	MQ
MFD01716.bin.2.92	0.867	MQ
MFD01716.bin.2.94	0.855	MQ
MFD01716.bin.2.96	0.828	MQ
MFD01716.bin.2.97	0.897	MQ
MFD01716.bin.3.101	0.862	MQ
MFD01716.bin.3.117	0.786	MQ
MFD01716.bin.3.121	0.872	MQ
MFD01716.bin.3.19	0.842	MQ
MFD01716.bin.3.259	0.853	MQ
MFD01716.bin.3.54	0.849	MQ
MFD01716.bin.3.59	0.84	MQ
MFD01716.bin.3.63	0.886	MQ
MFD01716.bin.3.98	0.849	MQ
MFD01716.bin.4.265	0.873	MQ
MFD01721.bin.1.111	0.867	MQ
MFD01721.bin.1.125	0.87	MQ
MFD01721.bin.1.133	0.858	MQ
MFD01721.bin.1.178	0.9	MQ
MFD01721.bin.1.282	0.88	MQ
MFD01721.bin.1.301	0.855	MQ
MFD01721.bin.1.306	0.895	MQ
MFD01721.bin.1.321	0.901	MQ
MFD01721.bin.1.362	0.888	MQ
MFD01721.bin.1.54	0.901	MQ
MFD01721.bin.1.55	0.913	MQ
MFD01721.bin.1.60	0.891	MQ
MFD01721.bin.1.89	0.855	MQ
MFD01721.bin.2.10	0.832	MQ
MFD01721.bin.2.107	0.883	MQ
MFD01721.bin.2.112	0.887	MQ
MFD01721.bin.2.113	0.86	MQ
MFD01721.bin.2.116	0.884	MQ
MFD01721.bin.2.117	0.877	MQ
MFD01721.bin.2.118	0.894	MQ
MFD01721.bin.2.120	0.865	MQ
MFD01721.bin.2.121	0.895	MQ
MFD01721.bin.2.123	0.872	MQ
MFD01721.bin.2.129	0.865	MQ
MFD01721.bin.2.131	0.843	MQ
MFD01721.bin.2.133	0.831	MQ
MFD01721.bin.2.134	0.841	MQ
MFD01721.bin.2.135	0.869	MQ
MFD01721.bin.2.137	0.885	MQ
MFD01721.bin.2.138	0.916	MQ
MFD01721.bin.2.139	0.903	MQ
MFD01721.bin.2.14	0.885	MQ
MFD01721.bin.2.141	0.879	MQ
MFD01721.bin.2.142	0.811	MQ
MFD01721.bin.2.143	0.853	MQ
MFD01721.bin.2.145	0.853	MQ
MFD01721.bin.2.147	0.829	MQ
MFD01721.bin.2.149	0.902	MQ
MFD01721.bin.2.15	0.839	MQ
MFD01721.bin.2.150	0.892	MQ
MFD01721.bin.2.153	0.827	MQ
MFD01721.bin.2.154	0.872	MQ
MFD01721.bin.2.155	0.855	MQ
MFD01721.bin.2.156	0.861	MQ
MFD01721.bin.2.157	0.852	MQ
MFD01721.bin.2.158	0.862	MQ
MFD01721.bin.2.16	0.872	MQ
MFD01721.bin.2.160	0.904	MQ
MFD01721.bin.2.161	0.853	MQ
MFD01721.bin.2.163	0.891	MQ
MFD01721.bin.2.164	0.841	MQ
MFD01721.bin.2.166	0.82	MQ
MFD01721.bin.2.167	0.874	MQ
MFD01721.bin.2.168	0.889	MQ
MFD01721.bin.2.17	0.827	MQ
MFD01721.bin.2.170	0.851	MQ
MFD01721.bin.2.172	0.851	MQ
MFD01721.bin.2.175	0.882	MQ
MFD01721.bin.2.179	0.881	MQ
MFD01721.bin.2.18	0.9	MQ
MFD01721.bin.2.180	0.867	MQ
MFD01721.bin.2.181	0.846	MQ
MFD01721.bin.2.184	0.869	MQ
MFD01721.bin.2.186	0.868	MQ
MFD01721.bin.2.189	0.876	MQ
MFD01721.bin.2.19	0.881	MQ
MFD01721.bin.2.190	0.847	MQ
MFD01721.bin.2.191	0.844	MQ
MFD01721.bin.2.195	0.837	MQ
MFD01721.bin.2.197	0.859	MQ
MFD01721.bin.2.199	0.877	MQ
MFD01721.bin.2.2	0.869	MQ
MFD01721.bin.2.20	0.854	MQ
MFD01721.bin.2.200	0.829	MQ
MFD01721.bin.2.201	0.889	MQ
MFD01721.bin.2.202	0.853	MQ
MFD01721.bin.2.204	0.82	MQ
MFD01721.bin.2.205	0.875	MQ
MFD01721.bin.2.207	0.832	MQ
MFD01721.bin.2.208	0.835	MQ
MFD01721.bin.2.209	0.914	MQ
MFD01721.bin.2.21	0.877	MQ
MFD01721.bin.2.210	0.827	MQ
MFD01721.bin.2.211	0.914	MQ
MFD01721.bin.2.212	0.879	MQ
MFD01721.bin.2.215	0.876	MQ
MFD01721.bin.2.216	0.82	MQ
MFD01721.bin.2.217	0.813	MQ
MFD01721.bin.2.218	0.898	MQ
MFD01721.bin.2.219	0.874	MQ
MFD01721.bin.2.22	0.909	MQ
MFD01721.bin.2.221	0.795	MQ
MFD01721.bin.2.222	0.847	MQ
MFD01721.bin.2.224	0.834	MQ
MFD01721.bin.2.225	0.854	MQ
MFD01721.bin.2.226	0.872	MQ
MFD01721.bin.2.228	0.903	MQ
MFD01721.bin.2.23	0.879	MQ
MFD01721.bin.2.25	0.85	MQ
MFD01721.bin.2.27	0.894	MQ
MFD01721.bin.2.28	0.867	MQ
MFD01721.bin.2.31	0.862	MQ
MFD01721.bin.2.32	0.835	MQ
MFD01721.bin.2.33	0.885	MQ
MFD01721.bin.2.34	0.858	MQ
MFD01721.bin.2.37	0.856	MQ
MFD01721.bin.2.39	0.86	MQ
MFD01721.bin.2.42	0.831	MQ
MFD01721.bin.2.43	0.912	MQ
MFD01721.bin.2.50	0.901	MQ
MFD01721.bin.2.51	0.889	MQ
MFD01721.bin.2.52	0.854	MQ
MFD01721.bin.2.55	0.803	MQ
MFD01721.bin.2.6	0.851	MQ
MFD01721.bin.2.61	0.844	MQ
MFD01721.bin.2.62	0.876	MQ
MFD01721.bin.2.63	0.893	MQ
MFD01721.bin.2.66	0.833	MQ
MFD01721.bin.2.68	0.839	MQ
MFD01721.bin.2.7	0.864	MQ
MFD01721.bin.2.73	0.855	MQ
MFD01721.bin.2.75	0.856	MQ
MFD01721.bin.2.76	0.834	MQ
MFD01721.bin.2.77	0.861	MQ
MFD01721.bin.2.78	0.878	MQ
MFD01721.bin.2.80	0.882	MQ
MFD01721.bin.2.82	0.85	MQ
MFD01721.bin.2.83	0.854	MQ
MFD01721.bin.2.84	0.865	MQ
MFD01721.bin.2.85	0.899	MQ
MFD01721.bin.2.86	0.846	MQ
MFD01721.bin.2.89	0.848	MQ
MFD01721.bin.2.9	0.88	MQ
MFD01721.bin.2.93	0.878	MQ
MFD01721.bin.2.94	0.858	MQ
MFD01721.bin.2.96	0.797	MQ
MFD01721.bin.3.116	0.895	MQ
MFD01721.bin.3.130	0.863	MQ
MFD01721.bin.3.137	0.9	MQ
MFD01721.bin.3.143	0.835	MQ
MFD01721.bin.3.164	0.819	MQ
MFD01721.bin.3.167	0.841	MQ
MFD01721.bin.3.168	0.835	MQ
MFD01721.bin.3.215	0.848	MQ
MFD01721.bin.3.216	0.839	MQ
MFD01721.bin.3.224	0.827	MQ
MFD01721.bin.3.232	0.862	MQ
MFD01721.bin.3.237	0.841	MQ
MFD01721.bin.3.252	0.846	MQ
MFD01721.bin.3.271	0.909	MQ
MFD01721.bin.3.296	0.818	MQ
MFD01721.bin.3.30	0.855	MQ
MFD01721.bin.3.303	0.883	MQ
MFD01721.bin.3.326	0.829	MQ
MFD01721.bin.3.50	0.861	MQ
MFD01721.bin.3.53	0.894	MQ
MFD01721.bin.3.59	0.87	MQ
MFD01721.bin.3.65	0.857	MQ
MFD01721.bin.4.300	0.808	MQ
MFD01721.bin.4.345	0.892	MQ
MFD01721.bin.4.8	0.874	MQ
MFD01828.bin.2.1	0.869	MQ
MFD01828.bin.2.14	0.853	MQ
MFD01828.bin.2.17	0.802	MQ
MFD01828.bin.2.18	0.826	MQ
MFD01828.bin.2.19	0.891	MQ
MFD01828.bin.2.2	0.825	MQ
MFD01828.bin.2.21	0.841	MQ
MFD01828.bin.2.27	0.838	MQ
MFD01828.bin.2.44	0.841	MQ
MFD01828.bin.2.47	0.825	MQ
MFD01828.bin.2.49	0.849	MQ
MFD01828.bin.2.50	0.856	MQ
MFD01828.bin.2.56	0.846	MQ
MFD01828.bin.2.58	0.829	MQ
MFD01828.bin.2.59	0.907	MQ
MFD01828.bin.2.72	0.834	MQ
MFD01828.bin.2.74	0.859	MQ
MFD01828.bin.2.85	0.868	MQ
MFD01828.bin.2.9	0.852	MQ
MFD01828.bin.2.90	0.859	MQ
MFD01828.bin.2.91	0.827	MQ
MFD01872.bin.1.328	0.905	MQ
MFD01872.bin.2.1	0.856	MQ
MFD01872.bin.2.100	0.84	MQ
MFD01872.bin.2.101	0.832	MQ
MFD01872.bin.2.103	0.838	MQ
MFD01872.bin.2.106	0.863	MQ
MFD01872.bin.2.107	0.835	MQ
MFD01872.bin.2.111	0.818	MQ
MFD01872.bin.2.119	0.839	MQ
MFD01872.bin.2.122	0.816	MQ
MFD01872.bin.2.126	0.829	MQ
MFD01872.bin.2.128	0.811	MQ
MFD01872.bin.2.138	0.834	MQ
MFD01872.bin.2.146	0.858	MQ
MFD01872.bin.2.148	0.888	MQ
MFD01872.bin.2.157	0.938	MQ
MFD01872.bin.2.160	0.831	MQ
MFD01872.bin.2.161	0.848	MQ
MFD01872.bin.2.162	0.816	MQ
MFD01872.bin.2.163	0.891	MQ
MFD01872.bin.2.165	0.814	MQ
MFD01872.bin.2.167	0.822	MQ
MFD01872.bin.2.168	0.872	MQ
MFD01872.bin.2.169	0.892	MQ
MFD01872.bin.2.17	0.857	MQ
MFD01872.bin.2.170	0.81	MQ
MFD01872.bin.2.171	0.865	MQ
MFD01872.bin.2.172	0.811	MQ
MFD01872.bin.2.177	0.828	MQ
MFD01872.bin.2.178	0.831	MQ
MFD01872.bin.2.18	0.901	MQ
MFD01872.bin.2.180	0.839	MQ
MFD01872.bin.2.183	0.876	MQ
MFD01872.bin.2.187	0.836	MQ
MFD01872.bin.2.193	0.808	MQ
MFD01872.bin.2.196	0.877	MQ
MFD01872.bin.2.197	0.877	MQ
MFD01872.bin.2.2	0.839	MQ
MFD01872.bin.2.20	0.844	MQ
MFD01872.bin.2.200	0.827	MQ
MFD01872.bin.2.203	0.883	MQ
MFD01872.bin.2.204	0.815	MQ
MFD01872.bin.2.207	0.861	MQ
MFD01872.bin.2.209	0.862	MQ
MFD01872.bin.2.21	0.839	MQ
MFD01872.bin.2.210	0.848	MQ
MFD01872.bin.2.211	0.822	MQ
MFD01872.bin.2.213	0.856	MQ
MFD01872.bin.2.214	0.823	MQ
MFD01872.bin.2.216	0.839	MQ
MFD01872.bin.2.217	0.883	MQ
MFD01872.bin.2.218	0.9	MQ
MFD01872.bin.2.220	0.856	MQ
MFD01872.bin.2.224	0.841	MQ
MFD01872.bin.2.225	0.855	MQ
MFD01872.bin.2.226	0.863	MQ
MFD01872.bin.2.228	0.78	MQ
MFD01872.bin.2.230	0.894	MQ
MFD01872.bin.2.231	0.823	MQ
MFD01872.bin.2.235	0.855	MQ
MFD01872.bin.2.236	0.886	MQ
MFD01872.bin.2.240	0.869	MQ
MFD01872.bin.2.241	0.86	MQ
MFD01872.bin.2.243	0.828	MQ
MFD01872.bin.2.244	0.817	MQ
MFD01872.bin.2.252	0.85	MQ
MFD01872.bin.2.253	0.847	MQ
MFD01872.bin.2.254	0.826	MQ
MFD01872.bin.2.257	0.832	MQ
MFD01872.bin.2.259	0.841	MQ
MFD01872.bin.2.260	0.831	MQ
MFD01872.bin.2.262	0.875	MQ
MFD01872.bin.2.265	0.843	MQ
MFD01872.bin.2.268	0.818	MQ
MFD01872.bin.2.273	0.868	MQ
MFD01872.bin.2.274	0.823	MQ
MFD01872.bin.2.278	0.799	MQ
MFD01872.bin.2.279	0.821	MQ
MFD01872.bin.2.28	0.813	MQ
MFD01872.bin.2.281	0.915	MQ
MFD01872.bin.2.282	0.88	MQ
MFD01872.bin.2.284	0.894	MQ
MFD01872.bin.2.285	0.854	MQ
MFD01872.bin.2.288	0.895	MQ
MFD01872.bin.2.29	0.828	MQ
MFD01872.bin.2.291	0.837	MQ
MFD01872.bin.2.30	0.844	MQ
MFD01872.bin.2.31	0.83	MQ
MFD01872.bin.2.36	0.847	MQ
MFD01872.bin.2.38	0.817	MQ
MFD01872.bin.2.39	0.826	MQ
MFD01872.bin.2.41	0.815	MQ
MFD01872.bin.2.46	0.862	MQ
MFD01872.bin.2.49	0.828	MQ
MFD01872.bin.2.50	0.867	MQ
MFD01872.bin.2.54	0.882	MQ
MFD01872.bin.2.56	0.832	MQ
MFD01872.bin.2.57	0.863	MQ
MFD01872.bin.2.59	0.827	MQ
MFD01872.bin.2.60	0.869	MQ
MFD01872.bin.2.64	0.851	MQ
MFD01872.bin.2.65	0.827	MQ
MFD01872.bin.2.71	0.85	MQ
MFD01872.bin.2.78	0.896	MQ
MFD01872.bin.2.79	0.832	MQ
MFD01872.bin.2.80	0.785	MQ
MFD01872.bin.2.82	0.854	MQ
MFD01872.bin.2.83	0.863	MQ
MFD01872.bin.2.84	0.82	MQ
MFD01872.bin.2.86	0.862	MQ
MFD01872.bin.2.87	0.843	MQ
MFD01872.bin.2.88	0.853	MQ
MFD01872.bin.2.89	0.814	MQ
MFD01872.bin.2.90	0.805	MQ
MFD01872.bin.2.91	0.798	MQ
MFD01872.bin.2.93	0.838	MQ
MFD01872.bin.2.95	0.812	MQ
MFD01872.bin.2.96	0.86	MQ
MFD01872.bin.2.99	0.828	MQ
MFD01872.bin.3.105	0.865	MQ
MFD01872.bin.3.107	0.834	MQ
MFD01872.bin.3.137	0.857	MQ
MFD01872.bin.3.152	0.826	MQ
MFD01872.bin.3.159	0.859	MQ
MFD01872.bin.3.161	0.871	MQ
MFD01872.bin.3.174	0.779	MQ
MFD01872.bin.3.201	0.898	MQ
MFD01872.bin.3.361	0.825	MQ
MFD01872.bin.3.367	0.842	MQ
MFD01872.bin.3.371	0.898	MQ
MFD01872.bin.3.390	0.836	MQ
MFD01872.bin.3.400	0.875	MQ
MFD01872.bin.3.403	0.832	MQ
MFD01872.bin.3.509	0.835	MQ
MFD01872.bin.3.534	0.907	MQ
MFD01872.bin.3.55	0.779	MQ
MFD01872.bin.3.56	0.814	MQ
MFD01872.bin.4.195	0.809	MQ
MFD01872.bin.4.464	0.8	MQ
MFD01916.bin.1.134	0.88	MQ
MFD01916.bin.1.29	0.868	MQ
MFD01916.bin.2.105	0.883	MQ
MFD01916.bin.2.108	0.91	MQ
MFD01916.bin.2.112	0.865	MQ
MFD01916.bin.2.116	0.892	MQ
MFD01916.bin.2.121	0.871	MQ
MFD01916.bin.2.123	0.847	MQ
MFD01916.bin.2.127	0.845	MQ
MFD01916.bin.2.128	0.87	MQ
MFD01916.bin.2.139	0.908	MQ
MFD01916.bin.2.14	0.818	MQ
MFD01916.bin.2.140	0.851	MQ
MFD01916.bin.2.143	0.876	MQ
MFD01916.bin.2.20	0.859	MQ
MFD01916.bin.2.21	0.863	MQ
MFD01916.bin.2.23	0.856	MQ
MFD01916.bin.2.24	0.873	MQ
MFD01916.bin.2.25	0.858	MQ
MFD01916.bin.2.34	0.874	MQ
MFD01916.bin.2.40	0.906	MQ
MFD01916.bin.2.45	0.869	MQ
MFD01916.bin.2.56	0.86	MQ
MFD01916.bin.2.57	0.827	MQ
MFD01916.bin.2.61	0.87	MQ
MFD01916.bin.2.63	0.869	MQ
MFD01916.bin.2.64	0.872	MQ
MFD01916.bin.2.65	0.814	MQ
MFD01916.bin.2.7	0.864	MQ
MFD01916.bin.2.71	0.822	MQ
MFD01916.bin.2.72	0.821	MQ
MFD01916.bin.2.77	0.847	MQ
MFD01916.bin.2.84	0.836	MQ
MFD01916.bin.2.85	0.849	MQ
MFD01916.bin.2.86	0.847	MQ
MFD01916.bin.2.96	0.846	MQ
MFD01916.bin.3.1	0.824	MQ
MFD01916.bin.3.111	0.864	MQ
MFD01916.bin.3.112	0.874	MQ
MFD01916.bin.3.131	0.845	MQ
MFD01916.bin.3.183	0.865	MQ
MFD01916.bin.3.242	0.848	MQ
MFD01916.bin.3.285	0.871	MQ
MFD01916.bin.3.39	0.856	MQ
MFD01916.bin.3.63	0.879	MQ
MFD01916.bin.3.73	0.831	MQ
MFD01916.bin.3.84	0.889	MQ
MFD01916.bin.4.248	0.811	MQ
MFD01916.bin.4.283	0.869	MQ
MFD02134.bin.1.167	0.88	MQ
MFD02134.bin.1.189	0.837	MQ
MFD02134.bin.1.196	0.826	MQ
MFD02134.bin.1.290	0.869	MQ
MFD02134.bin.1.43	0.906	MQ
MFD02134.bin.1.51	0.922	MQ
MFD02134.bin.1.66	0.857	MQ
MFD02134.bin.1.73	0.855	MQ
MFD02134.bin.1.8	0.848	MQ
MFD02134.bin.1.97	0.89	MQ
MFD02134.bin.2.1	0.89	MQ
MFD02134.bin.2.10	0.845	MQ
MFD02134.bin.2.101	0.896	MQ
MFD02134.bin.2.105	0.82	MQ
MFD02134.bin.2.107	0.79	MQ
MFD02134.bin.2.11	0.854	MQ
MFD02134.bin.2.121	0.818	MQ
MFD02134.bin.2.124	0.916	MQ
MFD02134.bin.2.129	0.875	MQ
MFD02134.bin.2.130	0.825	MQ
MFD02134.bin.2.133	0.884	MQ
MFD02134.bin.2.135	0.822	MQ
MFD02134.bin.2.136	0.875	MQ
MFD02134.bin.2.137	0.85	MQ
MFD02134.bin.2.139	0.861	MQ
MFD02134.bin.2.140	0.873	MQ
MFD02134.bin.2.142	0.865	MQ
MFD02134.bin.2.143	0.84	MQ
MFD02134.bin.2.146	0.822	MQ
MFD02134.bin.2.148	0.841	MQ
MFD02134.bin.2.15	0.887	MQ
MFD02134.bin.2.154	0.816	MQ
MFD02134.bin.2.158	0.865	MQ
MFD02134.bin.2.16	0.862	MQ
MFD02134.bin.2.160	0.818	MQ
MFD02134.bin.2.163	0.804	MQ
MFD02134.bin.2.164	0.85	MQ
MFD02134.bin.2.165	0.893	MQ
MFD02134.bin.2.166	0.869	MQ
MFD02134.bin.2.168	0.886	MQ
MFD02134.bin.2.169	0.895	MQ
MFD02134.bin.2.170	0.832	MQ
MFD02134.bin.2.171	0.85	MQ
MFD02134.bin.2.172	0.825	MQ
MFD02134.bin.2.173	0.869	MQ
MFD02134.bin.2.174	0.841	MQ
MFD02134.bin.2.175	0.852	MQ
MFD02134.bin.2.176	0.849	MQ
MFD02134.bin.2.177	0.85	MQ
MFD02134.bin.2.180	0.859	MQ
MFD02134.bin.2.181	0.861	MQ
MFD02134.bin.2.182	0.848	MQ
MFD02134.bin.2.183	0.908	MQ
MFD02134.bin.2.192	0.816	MQ
MFD02134.bin.2.198	0.848	MQ
MFD02134.bin.2.2	0.881	MQ
MFD02134.bin.2.20	0.807	MQ
MFD02134.bin.2.200	0.885	MQ
MFD02134.bin.2.203	0.807	MQ
MFD02134.bin.2.204	0.882	MQ
MFD02134.bin.2.205	0.824	MQ
MFD02134.bin.2.208	0.833	MQ
MFD02134.bin.2.21	0.816	MQ
MFD02134.bin.2.211	0.893	MQ
MFD02134.bin.2.215	0.895	MQ
MFD02134.bin.2.218	0.841	MQ
MFD02134.bin.2.219	0.86	MQ
MFD02134.bin.2.226	0.845	MQ
MFD02134.bin.2.228	0.837	MQ
MFD02134.bin.2.23	0.857	MQ
MFD02134.bin.2.230	0.898	MQ
MFD02134.bin.2.234	0.902	MQ
MFD02134.bin.2.236	0.885	MQ
MFD02134.bin.2.237	0.891	MQ
MFD02134.bin.2.238	0.893	MQ
MFD02134.bin.2.239	0.854	MQ
MFD02134.bin.2.240	0.842	MQ
MFD02134.bin.2.244	0.826	MQ
MFD02134.bin.2.245	0.855	MQ
MFD02134.bin.2.247	0.901	MQ
MFD02134.bin.2.249	0.821	MQ
MFD02134.bin.2.27	0.819	MQ
MFD02134.bin.2.3	0.851	MQ
MFD02134.bin.2.31	0.849	MQ
MFD02134.bin.2.36	0.852	MQ
MFD02134.bin.2.41	0.854	MQ
MFD02134.bin.2.46	0.888	MQ
MFD02134.bin.2.47	0.846	MQ
MFD02134.bin.2.48	0.871	MQ
MFD02134.bin.2.49	0.87	MQ
MFD02134.bin.2.51	0.805	MQ
MFD02134.bin.2.52	0.888	MQ
MFD02134.bin.2.55	0.868	MQ
MFD02134.bin.2.56	0.83	MQ
MFD02134.bin.2.57	0.845	MQ
MFD02134.bin.2.59	0.831	MQ
MFD02134.bin.2.61	0.844	MQ
MFD02134.bin.2.62	0.883	MQ
MFD02134.bin.2.64	0.839	MQ
MFD02134.bin.2.65	0.825	MQ
MFD02134.bin.2.66	0.905	MQ
MFD02134.bin.2.7	0.849	MQ
MFD02134.bin.2.72	0.807	MQ
MFD02134.bin.2.74	0.885	MQ
MFD02134.bin.2.75	0.813	MQ
MFD02134.bin.2.78	0.871	MQ
MFD02134.bin.2.8	0.795	MQ
MFD02134.bin.2.85	0.89	MQ
MFD02134.bin.2.86	0.825	MQ
MFD02134.bin.2.91	0.879	MQ
MFD02134.bin.3.124	0.835	MQ
MFD02134.bin.3.167	0.898	MQ
MFD02134.bin.3.220	0.824	MQ
MFD02134.bin.3.227	0.88	MQ
MFD02134.bin.3.237	0.889	MQ
MFD02134.bin.3.246	0.849	MQ
MFD02134.bin.3.290	0.801	MQ
MFD02134.bin.3.344	0.847	MQ
MFD02134.bin.3.392	0.841	MQ
MFD02134.bin.3.395	0.859	MQ
MFD02134.bin.3.423	0.847	MQ
MFD02134.bin.3.444	0.809	MQ
MFD02134.bin.3.455	0.881	MQ
MFD02134.bin.3.466	0.864	MQ
MFD02134.bin.3.468	0.851	MQ
MFD02134.bin.3.506	0.898	MQ
MFD02134.bin.3.61	0.814	MQ
MFD02134.bin.3.67	0.917	MQ
MFD02134.bin.4.390	0.893	MQ
MFD02134.bin.4.466	0.852	MQ
MFD02138.bin.1.79	0.902	MQ
MFD02138.bin.2.11	0.88	MQ
MFD02138.bin.2.13	0.878	MQ
MFD02138.bin.2.17	0.83	MQ
MFD02138.bin.2.26	0.849	MQ
MFD02138.bin.2.27	0.835	MQ
MFD02138.bin.2.32	0.852	MQ
MFD02138.bin.2.35	0.854	MQ
MFD02138.bin.2.38	0.854	MQ
MFD02138.bin.2.39	0.846	MQ
MFD02138.bin.2.41	0.813	MQ
MFD02138.bin.2.43	0.856	MQ
MFD02138.bin.2.47	0.82	MQ
MFD02138.bin.2.50	0.824	MQ
MFD02138.bin.2.53	0.863	MQ
MFD02138.bin.2.64	0.852	MQ
MFD02138.bin.2.69	0.869	MQ
MFD02138.bin.2.7	0.841	MQ
MFD02138.bin.2.76	0.877	MQ
MFD02138.bin.2.79	0.85	MQ
MFD02138.bin.2.9	0.787	MQ
MFD02138.bin.3.156	0.854	MQ
MFD02138.bin.3.161	0.823	MQ
MFD02138.bin.3.21	0.862	MQ
MFD02138.bin.3.55	0.848	MQ
MFD02138.bin.3.60	0.843	MQ
MFD02138.bin.3.96	0.851	MQ
MFD02138.bin.4.65	0.886	MQ
MFD02159.bin.2.100	0.85	MQ
MFD02159.bin.2.108	0.847	MQ
MFD02159.bin.2.114	0.868	MQ
MFD02159.bin.2.120	0.821	MQ
MFD02159.bin.2.123	0.832	MQ
MFD02159.bin.2.13	0.867	MQ
MFD02159.bin.2.14	0.877	MQ
MFD02159.bin.2.15	0.837	MQ
MFD02159.bin.2.18	0.857	MQ
MFD02159.bin.2.19	0.869	MQ
MFD02159.bin.2.21	0.85	MQ
MFD02159.bin.2.26	0.857	MQ
MFD02159.bin.2.38	0.847	MQ
MFD02159.bin.2.51	0.866	MQ
MFD02159.bin.2.53	0.87	MQ
MFD02159.bin.2.55	0.838	MQ
MFD02159.bin.2.56	0.892	MQ
MFD02159.bin.2.65	0.771	MQ
MFD02159.bin.2.67	0.855	MQ
MFD02159.bin.2.70	0.822	MQ
MFD02159.bin.2.77	0.837	MQ
MFD02159.bin.2.82	0.835	MQ
MFD02159.bin.2.83	0.855	MQ
MFD02159.bin.2.84	0.833	MQ
MFD02159.bin.2.86	0.822	MQ
MFD02159.bin.2.87	0.857	MQ
MFD02159.bin.2.88	0.827	MQ
MFD02159.bin.2.9	0.848	MQ
MFD02159.bin.2.90	0.831	MQ
MFD02159.bin.2.92	0.808	MQ
MFD02159.bin.3.105	0.886	MQ
MFD02159.bin.3.13	0.855	MQ
MFD02159.bin.3.28	0.838	MQ
MFD02159.bin.3.30	0.872	MQ
MFD02159.bin.3.67	0.815	MQ
MFD02159.bin.3.7	0.848	MQ
MFD02159.bin.3.86	0.863	MQ
MFD02199.bin.1.5	0.888	MQ
MFD02199.bin.1.90	0.816	MQ
MFD02199.bin.2.108	0.825	MQ
MFD02199.bin.2.111	0.86	MQ
MFD02199.bin.2.112	0.821	MQ
MFD02199.bin.2.118	0.863	MQ
MFD02199.bin.2.12	0.849	MQ
MFD02199.bin.2.120	0.858	MQ
MFD02199.bin.2.125	0.889	MQ
MFD02199.bin.2.126	0.797	MQ
MFD02199.bin.2.130	0.881	MQ
MFD02199.bin.2.138	0.868	MQ
MFD02199.bin.2.143	0.882	MQ
MFD02199.bin.2.144	0.803	MQ
MFD02199.bin.2.145	0.83	MQ
MFD02199.bin.2.148	0.865	MQ
MFD02199.bin.2.15	0.832	MQ
MFD02199.bin.2.150	0.856	MQ
MFD02199.bin.2.156	0.811	MQ
MFD02199.bin.2.159	0.816	MQ
MFD02199.bin.2.160	0.854	MQ
MFD02199.bin.2.161	0.863	MQ
MFD02199.bin.2.162	0.868	MQ
MFD02199.bin.2.168	0.838	MQ
MFD02199.bin.2.170	0.83	MQ
MFD02199.bin.2.179	0.81	MQ
MFD02199.bin.2.180	0.867	MQ
MFD02199.bin.2.181	0.876	MQ
MFD02199.bin.2.182	0.885	MQ
MFD02199.bin.2.184	0.885	MQ
MFD02199.bin.2.186	0.863	MQ
MFD02199.bin.2.187	0.849	MQ
MFD02199.bin.2.193	0.847	MQ
MFD02199.bin.2.199	0.89	MQ
MFD02199.bin.2.201	0.848	MQ
MFD02199.bin.2.202	0.866	MQ
MFD02199.bin.2.23	0.821	MQ
MFD02199.bin.2.35	0.85	MQ
MFD02199.bin.2.44	0.845	MQ
MFD02199.bin.2.45	0.85	MQ
MFD02199.bin.2.47	0.858	MQ
MFD02199.bin.2.48	0.823	MQ
MFD02199.bin.2.49	0.805	MQ
MFD02199.bin.2.5	0.851	MQ
MFD02199.bin.2.50	0.84	MQ
MFD02199.bin.2.54	0.864	MQ
MFD02199.bin.2.63	0.837	MQ
MFD02199.bin.2.64	0.834	MQ
MFD02199.bin.2.7	0.87	MQ
MFD02199.bin.2.70	0.845	MQ
MFD02199.bin.2.72	0.864	MQ
MFD02199.bin.2.74	0.855	MQ
MFD02199.bin.2.75	0.84	MQ
MFD02199.bin.2.77	0.82	MQ
MFD02199.bin.2.8	0.863	MQ
MFD02199.bin.2.82	0.832	MQ
MFD02199.bin.2.91	0.829	MQ
MFD02199.bin.2.95	0.877	MQ
MFD02199.bin.3.10	0.812	MQ
MFD02199.bin.3.183	0.863	MQ
MFD02199.bin.3.261	0.841	MQ
MFD02199.bin.3.29	0.824	MQ
MFD02199.bin.3.43	0.859	MQ
MFD02199.bin.3.44	0.837	MQ
MFD02199.bin.3.67	0.881	MQ
MFD02199.bin.4.22	0.815	MQ
MFD02242.bin.1.228	0.89	MQ
MFD02242.bin.1.73	0.877	MQ
MFD02242.bin.2.1	0.904	MQ
MFD02242.bin.2.100	0.853	MQ
MFD02242.bin.2.102	0.847	MQ
MFD02242.bin.2.104	0.863	MQ
MFD02242.bin.2.105	0.837	MQ
MFD02242.bin.2.106	0.81	MQ
MFD02242.bin.2.108	0.782	MQ
MFD02242.bin.2.109	0.857	MQ
MFD02242.bin.2.110	0.805	MQ
MFD02242.bin.2.111	0.861	MQ
MFD02242.bin.2.113	0.829	MQ
MFD02242.bin.2.115	0.858	MQ
MFD02242.bin.2.116	0.864	MQ
MFD02242.bin.2.119	0.908	MQ
MFD02242.bin.2.120	0.854	MQ
MFD02242.bin.2.124	0.881	MQ
MFD02242.bin.2.125	0.847	MQ
MFD02242.bin.2.132	0.922	MQ
MFD02242.bin.2.142	0.856	MQ
MFD02242.bin.2.15	0.862	MQ
MFD02242.bin.2.152	0.895	MQ
MFD02242.bin.2.157	0.869	MQ
MFD02242.bin.2.16	0.87	MQ
MFD02242.bin.2.167	0.841	MQ
MFD02242.bin.2.184	0.893	MQ
MFD02242.bin.2.192	0.819	MQ
MFD02242.bin.2.195	0.841	MQ
MFD02242.bin.2.2	0.898	MQ
MFD02242.bin.2.21	0.869	MQ
MFD02242.bin.2.210	0.882	MQ
MFD02242.bin.2.212	0.894	MQ
MFD02242.bin.2.214	0.91	MQ
MFD02242.bin.2.217	0.914	MQ
MFD02242.bin.2.219	0.862	MQ
MFD02242.bin.2.222	0.89	MQ
MFD02242.bin.2.223	0.803	MQ
MFD02242.bin.2.224	0.855	MQ
MFD02242.bin.2.225	0.852	MQ
MFD02242.bin.2.227	0.838	MQ
MFD02242.bin.2.228	0.859	MQ
MFD02242.bin.2.229	0.858	MQ
MFD02242.bin.2.233	0.905	MQ
MFD02242.bin.2.239	0.861	MQ
MFD02242.bin.2.242	0.845	MQ
MFD02242.bin.2.244	0.914	MQ
MFD02242.bin.2.245	0.857	MQ
MFD02242.bin.2.247	0.923	MQ
MFD02242.bin.2.248	0.84	MQ
MFD02242.bin.2.250	0.886	MQ
MFD02242.bin.2.251	0.841	MQ
MFD02242.bin.2.255	0.883	MQ
MFD02242.bin.2.257	0.887	MQ
MFD02242.bin.2.259	0.82	MQ
MFD02242.bin.2.262	0.885	MQ
MFD02242.bin.2.265	0.921	MQ
MFD02242.bin.2.266	0.808	MQ
MFD02242.bin.2.27	0.84	MQ
MFD02242.bin.2.271	0.818	MQ
MFD02242.bin.2.272	0.859	MQ
MFD02242.bin.2.277	0.852	MQ
MFD02242.bin.2.279	0.87	MQ
MFD02242.bin.2.28	0.873	MQ
MFD02242.bin.2.280	0.864	MQ
MFD02242.bin.2.293	0.893	MQ
MFD02242.bin.2.294	0.879	MQ
MFD02242.bin.2.295	0.816	MQ
MFD02242.bin.2.296	0.879	MQ
MFD02242.bin.2.3	0.82	MQ
MFD02242.bin.2.300	0.889	MQ
MFD02242.bin.2.301	0.857	MQ
MFD02242.bin.2.304	0.861	MQ
MFD02242.bin.2.305	0.885	MQ
MFD02242.bin.2.306	0.915	MQ
MFD02242.bin.2.31	0.823	MQ
MFD02242.bin.2.310	0.892	MQ
MFD02242.bin.2.312	0.884	MQ
MFD02242.bin.2.314	0.896	MQ
MFD02242.bin.2.315	0.857	MQ
MFD02242.bin.2.316	0.876	MQ
MFD02242.bin.2.318	0.912	MQ
MFD02242.bin.2.32	0.841	MQ
MFD02242.bin.2.321	0.832	MQ
MFD02242.bin.2.325	0.926	MQ
MFD02242.bin.2.34	0.87	MQ
MFD02242.bin.2.35	0.848	MQ
MFD02242.bin.2.37	0.844	MQ
MFD02242.bin.2.39	0.9	MQ
MFD02242.bin.2.43	0.865	MQ
MFD02242.bin.2.45	0.859	MQ
MFD02242.bin.2.52	0.847	MQ
MFD02242.bin.2.56	0.88	MQ
MFD02242.bin.2.58	0.865	MQ
MFD02242.bin.2.61	0.882	MQ
MFD02242.bin.2.62	0.915	MQ
MFD02242.bin.2.64	0.852	MQ
MFD02242.bin.2.66	0.859	MQ
MFD02242.bin.2.68	0.866	MQ
MFD02242.bin.2.7	0.854	MQ
MFD02242.bin.2.73	0.905	MQ
MFD02242.bin.2.74	0.862	MQ
MFD02242.bin.2.75	0.788	MQ
MFD02242.bin.2.77	0.824	MQ
MFD02242.bin.2.78	0.874	MQ
MFD02242.bin.2.79	0.867	MQ
MFD02242.bin.2.8	0.841	MQ
MFD02242.bin.2.81	0.885	MQ
MFD02242.bin.2.82	0.83	MQ
MFD02242.bin.2.83	0.826	MQ
MFD02242.bin.2.84	0.86	MQ
MFD02242.bin.2.87	0.828	MQ
MFD02242.bin.2.88	0.918	MQ
MFD02242.bin.2.89	0.862	MQ
MFD02242.bin.2.9	0.856	MQ
MFD02242.bin.2.90	0.841	MQ
MFD02242.bin.2.91	0.907	MQ
MFD02242.bin.2.92	0.841	MQ
MFD02242.bin.2.95	0.871	MQ
MFD02242.bin.2.97	0.857	MQ
MFD02242.bin.2.98	0.833	MQ
MFD02242.bin.2.99	0.802	MQ
MFD02242.bin.3.1	0.82	MQ
MFD02242.bin.3.107	0.867	MQ
MFD02242.bin.3.158	0.865	MQ
MFD02242.bin.3.162	0.882	MQ
MFD02242.bin.3.262	0.903	MQ
MFD02242.bin.3.280	0.851	MQ
MFD02242.bin.3.326	0.863	MQ
MFD02242.bin.3.346	0.869	MQ
MFD02242.bin.3.433	0.867	MQ
MFD02242.bin.3.575	0.801	MQ
MFD02242.bin.3.634	0.87	MQ
MFD02242.bin.3.645	0.814	MQ
MFD02242.bin.3.77	0.842	MQ
MFD02242.bin.4.372	0.859	MQ
MFD02248.bin.1.173	0.866	MQ
MFD02248.bin.1.206	0.87	MQ
MFD02248.bin.1.29	0.848	MQ
MFD02248.bin.2.1	0.856	MQ
MFD02248.bin.2.100	0.807	MQ
MFD02248.bin.2.101	0.772	MQ
MFD02248.bin.2.102	0.835	MQ
MFD02248.bin.2.105	0.888	MQ
MFD02248.bin.2.106	0.879	MQ
MFD02248.bin.2.108	0.847	MQ
MFD02248.bin.2.114	0.816	MQ
MFD02248.bin.2.115	0.839	MQ
MFD02248.bin.2.116	0.87	MQ
MFD02248.bin.2.119	0.881	MQ
MFD02248.bin.2.12	0.832	MQ
MFD02248.bin.2.120	0.815	MQ
MFD02248.bin.2.123	0.877	MQ
MFD02248.bin.2.125	0.864	MQ
MFD02248.bin.2.126	0.845	MQ
MFD02248.bin.2.128	0.815	MQ
MFD02248.bin.2.130	0.882	MQ
MFD02248.bin.2.133	0.816	MQ
MFD02248.bin.2.136	0.859	MQ
MFD02248.bin.2.138	0.867	MQ
MFD02248.bin.2.139	0.916	MQ
MFD02248.bin.2.141	0.87	MQ
MFD02248.bin.2.19	0.866	MQ
MFD02248.bin.2.20	0.856	MQ
MFD02248.bin.2.22	0.881	MQ
MFD02248.bin.2.23	0.85	MQ
MFD02248.bin.2.24	0.827	MQ
MFD02248.bin.2.31	0.881	MQ
MFD02248.bin.2.4	0.849	MQ
MFD02248.bin.2.43	0.788	MQ
MFD02248.bin.2.5	0.878	MQ
MFD02248.bin.2.6	0.871	MQ
MFD02248.bin.2.61	0.817	MQ
MFD02248.bin.2.62	0.879	MQ
MFD02248.bin.2.64	0.842	MQ
MFD02248.bin.2.8	0.837	MQ
MFD02248.bin.2.83	0.862	MQ
MFD02248.bin.2.85	0.831	MQ
MFD02248.bin.2.87	0.827	MQ
MFD02248.bin.2.88	0.828	MQ
MFD02248.bin.2.89	0.859	MQ
MFD02248.bin.2.90	0.836	MQ
MFD02248.bin.2.91	0.834	MQ
MFD02248.bin.2.92	0.854	MQ
MFD02248.bin.2.94	0.819	MQ
MFD02248.bin.3.127	0.862	MQ
MFD02248.bin.3.14	0.867	MQ
MFD02248.bin.3.162	0.858	MQ
MFD02248.bin.3.260	0.819	MQ
MFD02248.bin.3.276	0.883	MQ
MFD02248.bin.3.31	0.794	MQ
MFD02248.bin.3.34	0.874	MQ
MFD02248.bin.3.63	0.859	MQ
MFD02248.bin.4.147	0.843	MQ
MFD02360.bin.1.245	0.931	MQ
MFD02360.bin.2.1	0.839	MQ
MFD02360.bin.2.102	0.813	MQ
MFD02360.bin.2.135	0.841	MQ
MFD02360.bin.2.139	0.885	MQ
MFD02360.bin.2.141	0.914	MQ
MFD02360.bin.2.145	0.883	MQ
MFD02360.bin.2.146	0.843	MQ
MFD02360.bin.2.148	0.89	MQ
MFD02360.bin.2.153	0.905	MQ
MFD02360.bin.2.166	0.853	MQ
MFD02360.bin.2.170	0.9	MQ
MFD02360.bin.2.177	0.862	MQ
MFD02360.bin.2.180	0.875	MQ
MFD02360.bin.2.183	0.842	MQ
MFD02360.bin.2.184	0.854	MQ
MFD02360.bin.2.187	0.857	MQ
MFD02360.bin.2.189	0.917	MQ
MFD02360.bin.2.192	0.829	MQ
MFD02360.bin.2.2	0.872	MQ
MFD02360.bin.2.202	0.828	MQ
MFD02360.bin.2.207	0.854	MQ
MFD02360.bin.2.208	0.857	MQ
MFD02360.bin.2.213	0.902	MQ
MFD02360.bin.2.22	0.834	MQ
MFD02360.bin.2.234	0.846	MQ
MFD02360.bin.2.240	0.872	MQ
MFD02360.bin.2.265	0.848	MQ
MFD02360.bin.2.266	0.867	MQ
MFD02360.bin.2.267	0.9	MQ
MFD02360.bin.2.279	0.912	MQ
MFD02360.bin.2.280	0.879	MQ
MFD02360.bin.2.285	0.895	MQ
MFD02360.bin.2.291	0.907	MQ
MFD02360.bin.2.295	0.908	MQ
MFD02360.bin.2.30	0.826	MQ
MFD02360.bin.2.33	0.866	MQ
MFD02360.bin.2.34	0.874	MQ
MFD02360.bin.2.39	0.865	MQ
MFD02360.bin.2.44	0.894	MQ
MFD02360.bin.2.47	0.854	MQ
MFD02360.bin.2.54	0.88	MQ
MFD02360.bin.2.56	0.903	MQ
MFD02360.bin.2.57	0.86	MQ
MFD02360.bin.2.58	0.885	MQ
MFD02360.bin.2.59	0.892	MQ
MFD02360.bin.2.6	0.861	MQ
MFD02360.bin.2.66	0.851	MQ
MFD02360.bin.2.68	0.845	MQ
MFD02360.bin.2.70	0.921	MQ
MFD02360.bin.2.71	0.902	MQ
MFD02360.bin.2.75	0.851	MQ
MFD02360.bin.2.76	0.887	MQ
MFD02360.bin.2.82	0.905	MQ
MFD02360.bin.2.83	0.814	MQ
MFD02360.bin.2.86	0.927	MQ
MFD02360.bin.2.87	0.846	MQ
MFD02360.bin.2.88	0.866	MQ
MFD02360.bin.2.89	0.857	MQ
MFD02360.bin.2.9	0.848	MQ
MFD02360.bin.2.90	0.833	MQ
MFD02360.bin.2.92	0.833	MQ
MFD02360.bin.3.157	0.849	MQ
MFD02360.bin.3.191	0.828	MQ
MFD02360.bin.3.220	0.924	MQ
MFD02360.bin.3.230	0.905	MQ
MFD02360.bin.3.289	0.862	MQ
MFD02360.bin.3.315	0.855	MQ
MFD02360.bin.3.318	0.891	MQ
MFD02360.bin.3.349	0.919	MQ
MFD02360.bin.3.432	0.889	MQ
MFD02360.bin.3.51	0.89	MQ
MFD02360.bin.3.536	0.897	MQ
MFD02360.bin.3.583	0.889	MQ
MFD02360.bin.4.232	0.837	MQ
MFD02360.bin.4.563	0.848	MQ
MFD02416.bin.1.146	0.895	MQ
MFD02416.bin.1.171	0.873	MQ
MFD02416.bin.1.237	0.881	MQ
MFD02416.bin.1.273	0.819	MQ
MFD02416.bin.1.304	0.878	MQ
MFD02416.bin.1.320	0.893	MQ
MFD02416.bin.1.330	0.87	MQ
MFD02416.bin.1.340	0.903	MQ
MFD02416.bin.1.385	0.853	MQ
MFD02416.bin.1.75	0.867	MQ
MFD02416.bin.2.10	0.883	MQ
MFD02416.bin.2.101	0.867	MQ
MFD02416.bin.2.102	0.894	MQ
MFD02416.bin.2.103	0.855	MQ
MFD02416.bin.2.106	0.87	MQ
MFD02416.bin.2.107	0.823	MQ
MFD02416.bin.2.109	0.821	MQ
MFD02416.bin.2.110	0.848	MQ
MFD02416.bin.2.111	0.821	MQ
MFD02416.bin.2.113	0.852	MQ
MFD02416.bin.2.117	0.828	MQ
MFD02416.bin.2.12	0.89	MQ
MFD02416.bin.2.120	0.798	MQ
MFD02416.bin.2.121	0.851	MQ
MFD02416.bin.2.122	0.878	MQ
MFD02416.bin.2.123	0.893	MQ
MFD02416.bin.2.124	0.844	MQ
MFD02416.bin.2.126	0.839	MQ
MFD02416.bin.2.127	0.882	MQ
MFD02416.bin.2.129	0.835	MQ
MFD02416.bin.2.130	0.867	MQ
MFD02416.bin.2.131	0.83	MQ
MFD02416.bin.2.133	0.818	MQ
MFD02416.bin.2.138	0.886	MQ
MFD02416.bin.2.144	0.899	MQ
MFD02416.bin.2.152	0.85	MQ
MFD02416.bin.2.153	0.875	MQ
MFD02416.bin.2.156	0.853	MQ
MFD02416.bin.2.159	0.924	MQ
MFD02416.bin.2.160	0.914	MQ
MFD02416.bin.2.164	0.881	MQ
MFD02416.bin.2.165	0.883	MQ
MFD02416.bin.2.167	0.919	MQ
MFD02416.bin.2.168	0.867	MQ
MFD02416.bin.2.169	0.842	MQ
MFD02416.bin.2.17	0.855	MQ
MFD02416.bin.2.171	0.877	MQ
MFD02416.bin.2.174	0.846	MQ
MFD02416.bin.2.175	0.896	MQ
MFD02416.bin.2.176	0.88	MQ
MFD02416.bin.2.177	0.872	MQ
MFD02416.bin.2.178	0.876	MQ
MFD02416.bin.2.180	0.84	MQ
MFD02416.bin.2.181	0.929	MQ
MFD02416.bin.2.183	0.885	MQ
MFD02416.bin.2.186	0.824	MQ
MFD02416.bin.2.187	0.836	MQ
MFD02416.bin.2.188	0.809	MQ
MFD02416.bin.2.19	0.893	MQ
MFD02416.bin.2.191	0.825	MQ
MFD02416.bin.2.193	0.895	MQ
MFD02416.bin.2.194	0.879	MQ
MFD02416.bin.2.197	0.874	MQ
MFD02416.bin.2.198	0.911	MQ
MFD02416.bin.2.199	0.854	MQ
MFD02416.bin.2.200	0.904	MQ
MFD02416.bin.2.203	0.857	MQ
MFD02416.bin.2.204	0.86	MQ
MFD02416.bin.2.207	0.874	MQ
MFD02416.bin.2.208	0.896	MQ
MFD02416.bin.2.210	0.896	MQ
MFD02416.bin.2.211	0.882	MQ
MFD02416.bin.2.212	0.88	MQ
MFD02416.bin.2.216	0.843	MQ
MFD02416.bin.2.218	0.806	MQ
MFD02416.bin.2.219	0.859	MQ
MFD02416.bin.2.220	0.819	MQ
MFD02416.bin.2.222	0.871	MQ
MFD02416.bin.2.223	0.886	MQ
MFD02416.bin.2.227	0.912	MQ
MFD02416.bin.2.228	0.807	MQ
MFD02416.bin.2.229	0.857	MQ
MFD02416.bin.2.231	0.859	MQ
MFD02416.bin.2.232	0.844	MQ
MFD02416.bin.2.233	0.901	MQ
MFD02416.bin.2.238	0.867	MQ
MFD02416.bin.2.241	0.832	MQ
MFD02416.bin.2.242	0.848	MQ
MFD02416.bin.2.244	0.85	MQ
MFD02416.bin.2.246	0.893	MQ
MFD02416.bin.2.247	0.851	MQ
MFD02416.bin.2.248	0.847	MQ
MFD02416.bin.2.249	0.851	MQ
MFD02416.bin.2.25	0.847	MQ
MFD02416.bin.2.250	0.867	MQ
MFD02416.bin.2.251	0.825	MQ
MFD02416.bin.2.253	0.86	MQ
MFD02416.bin.2.254	0.832	MQ
MFD02416.bin.2.256	0.833	MQ
MFD02416.bin.2.258	0.846	MQ
MFD02416.bin.2.259	0.819	MQ
MFD02416.bin.2.26	0.907	MQ
MFD02416.bin.2.262	0.83	MQ
MFD02416.bin.2.265	0.825	MQ
MFD02416.bin.2.267	0.865	MQ
MFD02416.bin.2.27	0.835	MQ
MFD02416.bin.2.29	0.885	MQ
MFD02416.bin.2.31	0.874	MQ
MFD02416.bin.2.32	0.84	MQ
MFD02416.bin.2.38	0.82	MQ
MFD02416.bin.2.39	0.837	MQ
MFD02416.bin.2.4	0.811	MQ
MFD02416.bin.2.40	0.892	MQ
MFD02416.bin.2.42	0.873	MQ
MFD02416.bin.2.43	0.869	MQ
MFD02416.bin.2.48	0.901	MQ
MFD02416.bin.2.50	0.89	MQ
MFD02416.bin.2.53	0.836	MQ
MFD02416.bin.2.54	0.83	MQ
MFD02416.bin.2.55	0.913	MQ
MFD02416.bin.2.58	0.86	MQ
MFD02416.bin.2.59	0.876	MQ
MFD02416.bin.2.6	0.89	MQ
MFD02416.bin.2.60	0.858	MQ
MFD02416.bin.2.61	0.845	MQ
MFD02416.bin.2.62	0.877	MQ
MFD02416.bin.2.63	0.883	MQ
MFD02416.bin.2.64	0.842	MQ
MFD02416.bin.2.65	0.882	MQ
MFD02416.bin.2.66	0.89	MQ
MFD02416.bin.2.67	0.912	MQ
MFD02416.bin.2.68	0.845	MQ
MFD02416.bin.2.71	0.857	MQ
MFD02416.bin.2.75	0.873	MQ
MFD02416.bin.2.77	0.841	MQ
MFD02416.bin.2.78	0.913	MQ
MFD02416.bin.2.80	0.853	MQ
MFD02416.bin.2.81	0.836	MQ
MFD02416.bin.2.82	0.862	MQ
MFD02416.bin.2.84	0.825	MQ
MFD02416.bin.2.86	0.818	MQ
MFD02416.bin.2.87	0.9	MQ
MFD02416.bin.2.88	0.82	MQ
MFD02416.bin.2.89	0.828	MQ
MFD02416.bin.2.9	0.871	MQ
MFD02416.bin.2.90	0.858	MQ
MFD02416.bin.2.91	0.848	MQ
MFD02416.bin.2.92	0.843	MQ
MFD02416.bin.2.93	0.893	MQ
MFD02416.bin.2.95	0.839	MQ
MFD02416.bin.2.96	0.861	MQ
MFD02416.bin.3.135	0.879	MQ
MFD02416.bin.3.166	0.903	MQ
MFD02416.bin.3.171	0.891	MQ
MFD02416.bin.3.208	0.856	MQ
MFD02416.bin.3.229	0.888	MQ
MFD02416.bin.3.235	0.845	MQ
MFD02416.bin.3.32	0.842	MQ
MFD02416.bin.3.337	0.856	MQ
MFD02416.bin.3.343	0.858	MQ
MFD02416.bin.3.344	0.84	MQ
MFD02416.bin.3.349	0.882	MQ
MFD02416.bin.3.361	0.904	MQ
MFD02416.bin.3.381	0.876	MQ
MFD02416.bin.3.64	0.802	MQ
MFD02416.bin.3.66	0.801	MQ
MFD02416.bin.3.87	0.85	MQ
MFD02416.bin.4.153	0.846	MQ
MFD02416.bin.4.367	0.893	MQ
MFD02416.bin.4.497	0.824	MQ
MFD02416.bin.4.66	0.86	MQ
MFD02472.bin.2.10	0.889	MQ
MFD02472.bin.2.20	0.866	MQ
MFD02472.bin.2.25	0.799	MQ
MFD02472.bin.2.26	0.887	MQ
MFD02472.bin.2.29	0.809	MQ
MFD02472.bin.2.33	0.859	MQ
MFD02472.bin.2.57	0.892	MQ
MFD02472.bin.2.58	0.854	MQ
MFD02472.bin.2.73	0.86	MQ
MFD02472.bin.2.9	0.895	MQ
MFD02472.bin.3.114	0.845	MQ
MFD02472.bin.3.206	0.846	MQ
MFD02472.bin.3.240	0.865	MQ
MFD02472.bin.3.252	0.818	MQ
MFD02472.bin.3.256	0.847	MQ
MFD02472.bin.3.75	0.848	MQ
MFD02579.bin.1.4	0.886	MQ
MFD02579.bin.2.11	0.881	MQ
MFD02579.bin.2.12	0.852	MQ
MFD02579.bin.2.15	0.856	MQ
MFD02579.bin.2.17	0.865	MQ
MFD02579.bin.2.18	0.813	MQ
MFD02579.bin.2.20	0.867	MQ
MFD02579.bin.2.25	0.808	MQ
MFD02579.bin.2.28	0.812	MQ
MFD02579.bin.2.29	0.805	MQ
MFD02579.bin.2.30	0.852	MQ
MFD02579.bin.2.32	0.831	MQ
MFD02579.bin.2.34	0.774	MQ
MFD02579.bin.2.36	0.8	MQ
MFD02579.bin.2.4	0.829	MQ
MFD02579.bin.2.40	0.792	MQ
MFD02579.bin.2.41	0.794	MQ
MFD02579.bin.2.42	0.823	MQ
MFD02579.bin.2.46	0.841	MQ
MFD02579.bin.2.49	0.886	MQ
MFD02579.bin.2.5	0.911	MQ
MFD02579.bin.2.51	0.842	MQ
MFD02579.bin.2.52	0.834	MQ
MFD02579.bin.2.54	0.835	MQ
MFD02579.bin.2.56	0.863	MQ
MFD02579.bin.2.64	0.819	MQ
MFD02579.bin.2.68	0.845	MQ
MFD02579.bin.2.7	0.834	MQ
MFD02579.bin.2.70	0.84	MQ
MFD02579.bin.2.73	0.825	MQ
MFD02579.bin.2.78	0.802	MQ
MFD02579.bin.2.79	0.873	MQ
MFD02579.bin.2.83	0.796	MQ
MFD02579.bin.3.105	0.862	MQ
MFD02579.bin.3.2	0.813	MQ
MFD02579.bin.3.20	0.848	MQ
MFD02579.bin.4.12	0.85	MQ
MFD02581.bin.1.108	0.92	MQ
MFD02581.bin.1.121	0.888	MQ
MFD02581.bin.1.161	0.904	MQ
MFD02581.bin.1.164	0.923	MQ
MFD02581.bin.1.171	0.883	MQ
MFD02581.bin.1.174	0.914	MQ
MFD02581.bin.1.19	0.918	MQ
MFD02581.bin.1.212	0.879	MQ
MFD02581.bin.1.242	0.905	MQ
MFD02581.bin.1.27	0.913	MQ
MFD02581.bin.1.281	0.92	MQ
MFD02581.bin.1.3	0.915	MQ
MFD02581.bin.1.73	0.911	MQ
MFD02581.bin.1.85	0.888	MQ
MFD02581.bin.1.89	0.923	MQ
MFD02581.bin.1.91	0.916	MQ
MFD02581.bin.1.98	0.88	MQ
MFD02581.bin.2.1	0.861	MQ
MFD02581.bin.2.107	0.882	MQ
MFD02581.bin.2.12	0.819	MQ
MFD02581.bin.2.120	0.843	MQ
MFD02581.bin.2.121	0.843	MQ
MFD02581.bin.2.122	0.899	MQ
MFD02581.bin.2.124	0.838	MQ
MFD02581.bin.2.125	0.845	MQ
MFD02581.bin.2.127	0.904	MQ
MFD02581.bin.2.128	0.833	MQ
MFD02581.bin.2.13	0.894	MQ
MFD02581.bin.2.130	0.856	MQ
MFD02581.bin.2.132	0.916	MQ
MFD02581.bin.2.133	0.871	MQ
MFD02581.bin.2.134	0.897	MQ
MFD02581.bin.2.137	0.828	MQ
MFD02581.bin.2.138	0.931	MQ
MFD02581.bin.2.14	0.847	MQ
MFD02581.bin.2.140	0.86	MQ
MFD02581.bin.2.143	0.837	MQ
MFD02581.bin.2.144	0.887	MQ
MFD02581.bin.2.145	0.86	MQ
MFD02581.bin.2.146	0.845	MQ
MFD02581.bin.2.147	0.84	MQ
MFD02581.bin.2.148	0.831	MQ
MFD02581.bin.2.149	0.849	MQ
MFD02581.bin.2.15	0.888	MQ
MFD02581.bin.2.151	0.858	MQ
MFD02581.bin.2.152	0.89	MQ
MFD02581.bin.2.153	0.833	MQ
MFD02581.bin.2.154	0.867	MQ
MFD02581.bin.2.156	0.893	MQ
MFD02581.bin.2.159	0.849	MQ
MFD02581.bin.2.160	0.86	MQ
MFD02581.bin.2.161	0.819	MQ
MFD02581.bin.2.164	0.898	MQ
MFD02581.bin.2.166	0.85	MQ
MFD02581.bin.2.167	0.89	MQ
MFD02581.bin.2.169	0.84	MQ
MFD02581.bin.2.17	0.878	MQ
MFD02581.bin.2.172	0.844	MQ
MFD02581.bin.2.178	0.881	MQ
MFD02581.bin.2.179	0.829	MQ
MFD02581.bin.2.180	0.911	MQ
MFD02581.bin.2.182	0.837	MQ
MFD02581.bin.2.183	0.92	MQ
MFD02581.bin.2.193	0.886	MQ
MFD02581.bin.2.195	0.868	MQ
MFD02581.bin.2.196	0.941	MQ
MFD02581.bin.2.198	0.919	MQ
MFD02581.bin.2.199	0.881	MQ
MFD02581.bin.2.2	0.867	MQ
MFD02581.bin.2.20	0.834	MQ
MFD02581.bin.2.200	0.837	MQ
MFD02581.bin.2.202	0.83	MQ
MFD02581.bin.2.203	0.829	MQ
MFD02581.bin.2.204	0.857	MQ
MFD02581.bin.2.205	0.83	MQ
MFD02581.bin.2.206	0.814	MQ
MFD02581.bin.2.207	0.889	MQ
MFD02581.bin.2.209	0.822	MQ
MFD02581.bin.2.211	0.89	MQ
MFD02581.bin.2.213	0.897	MQ
MFD02581.bin.2.214	0.852	MQ
MFD02581.bin.2.22	0.836	MQ
MFD02581.bin.2.29	0.841	MQ
MFD02581.bin.2.31	0.858	MQ
MFD02581.bin.2.36	0.836	MQ
MFD02581.bin.2.39	0.883	MQ
MFD02581.bin.2.4	0.797	MQ
MFD02581.bin.2.40	0.839	MQ
MFD02581.bin.2.41	0.866	MQ
MFD02581.bin.2.42	0.926	MQ
MFD02581.bin.2.43	0.906	MQ
MFD02581.bin.2.44	0.909	MQ
MFD02581.bin.2.45	0.888	MQ
MFD02581.bin.2.46	0.894	MQ
MFD02581.bin.2.48	0.829	MQ
MFD02581.bin.2.49	0.892	MQ
MFD02581.bin.2.50	0.853	MQ
MFD02581.bin.2.51	0.865	MQ
MFD02581.bin.2.54	0.901	MQ
MFD02581.bin.2.55	0.864	MQ
MFD02581.bin.2.57	0.882	MQ
MFD02581.bin.2.58	0.842	MQ
MFD02581.bin.2.59	0.854	MQ
MFD02581.bin.2.60	0.861	MQ
MFD02581.bin.2.62	0.875	MQ
MFD02581.bin.2.64	0.839	MQ
MFD02581.bin.2.65	0.889	MQ
MFD02581.bin.2.66	0.822	MQ
MFD02581.bin.2.68	0.81	MQ
MFD02581.bin.2.69	0.865	MQ
MFD02581.bin.2.7	0.83	MQ
MFD02581.bin.2.70	0.811	MQ
MFD02581.bin.2.72	0.885	MQ
MFD02581.bin.2.73	0.826	MQ
MFD02581.bin.2.75	0.887	MQ
MFD02581.bin.2.76	0.837	MQ
MFD02581.bin.2.79	0.834	MQ
MFD02581.bin.2.82	0.823	MQ
MFD02581.bin.2.85	0.81	MQ
MFD02581.bin.2.86	0.819	MQ
MFD02581.bin.2.87	0.828	MQ
MFD02581.bin.2.90	0.827	MQ
MFD02581.bin.2.93	0.897	MQ
MFD02581.bin.2.95	0.83	MQ
MFD02581.bin.2.97	0.849	MQ
MFD02581.bin.3.113	0.851	MQ
MFD02581.bin.3.13	0.847	MQ
MFD02581.bin.3.133	0.887	MQ
MFD02581.bin.3.14	0.8	MQ
MFD02581.bin.3.146	0.91	MQ
MFD02581.bin.3.147	0.865	MQ
MFD02581.bin.3.151	0.881	MQ
MFD02581.bin.3.159	0.893	MQ
MFD02581.bin.3.173	0.857	MQ
MFD02581.bin.3.268	0.813	MQ
MFD02581.bin.3.271	0.924	MQ
MFD02581.bin.3.276	0.896	MQ
MFD02581.bin.3.312	0.819	MQ
MFD02581.bin.3.326	0.876	MQ
MFD02581.bin.3.33	0.82	MQ
MFD02581.bin.3.389	0.903	MQ
MFD02581.bin.3.391	0.91	MQ
MFD02581.bin.3.41	0.838	MQ
MFD02581.bin.3.435	0.873	MQ
MFD02581.bin.3.467	0.868	MQ
MFD02581.bin.3.53	0.919	MQ
MFD02581.bin.3.61	0.851	MQ
MFD02581.bin.3.92	0.808	MQ
MFD02581.bin.3.93	0.881	MQ
MFD02671.bin.2.100	0.843	MQ
MFD02671.bin.2.104	0.818	MQ
MFD02671.bin.2.13	0.855	MQ
MFD02671.bin.2.19	0.802	MQ
MFD02671.bin.2.22	0.825	MQ
MFD02671.bin.2.32	0.847	MQ
MFD02671.bin.2.36	0.863	MQ
MFD02671.bin.2.38	0.853	MQ
MFD02671.bin.2.45	0.828	MQ
MFD02671.bin.2.46	0.87	MQ
MFD02671.bin.2.50	0.84	MQ
MFD02671.bin.2.58	0.83	MQ
MFD02671.bin.2.59	0.844	MQ
MFD02671.bin.2.62	0.879	MQ
MFD02671.bin.2.63	0.844	MQ
MFD02671.bin.2.76	0.858	MQ
MFD02671.bin.2.82	0.829	MQ
MFD02671.bin.2.83	0.811	MQ
MFD02671.bin.2.9	0.808	MQ
MFD02671.bin.2.90	0.88	MQ
MFD02671.bin.2.98	0.838	MQ
MFD02671.bin.2.99	0.87	MQ
MFD02671.bin.3.111	0.837	MQ
MFD02671.bin.3.178	0.821	MQ
MFD02671.bin.3.195	0.89	MQ
MFD02671.bin.3.216	0.857	MQ
MFD02671.bin.3.52	0.853	MQ
MFD02671.bin.3.6	0.833	MQ
MFD02809.bin.1.200	0.865	MQ
MFD02809.bin.1.41	0.86	MQ
MFD02809.bin.1.68	0.831	MQ
MFD02809.bin.1.70	0.852	MQ
MFD02809.bin.2.1	0.861	MQ
MFD02809.bin.2.10	0.854	MQ
MFD02809.bin.2.101	0.853	MQ
MFD02809.bin.2.102	0.853	MQ
MFD02809.bin.2.107	0.84	MQ
MFD02809.bin.2.111	0.848	MQ
MFD02809.bin.2.119	0.824	MQ
MFD02809.bin.2.124	0.827	MQ
MFD02809.bin.2.128	0.84	MQ
MFD02809.bin.2.139	0.816	MQ
MFD02809.bin.2.15	0.844	MQ
MFD02809.bin.2.16	0.833	MQ
MFD02809.bin.2.174	0.813	MQ
MFD02809.bin.2.179	0.83	MQ
MFD02809.bin.2.180	0.871	MQ
MFD02809.bin.2.181	0.864	MQ
MFD02809.bin.2.188	0.878	MQ
MFD02809.bin.2.194	0.876	MQ
MFD02809.bin.2.197	0.838	MQ
MFD02809.bin.2.204	0.816	MQ
MFD02809.bin.2.206	0.876	MQ
MFD02809.bin.2.209	0.845	MQ
MFD02809.bin.2.210	0.894	MQ
MFD02809.bin.2.211	0.842	MQ
MFD02809.bin.2.213	0.837	MQ
MFD02809.bin.2.224	0.858	MQ
MFD02809.bin.2.225	0.884	MQ
MFD02809.bin.2.228	0.847	MQ
MFD02809.bin.2.230	0.874	MQ
MFD02809.bin.2.232	0.849	MQ
MFD02809.bin.2.233	0.865	MQ
MFD02809.bin.2.237	0.855	MQ
MFD02809.bin.2.238	0.829	MQ
MFD02809.bin.2.24	0.858	MQ
MFD02809.bin.2.240	0.824	MQ
MFD02809.bin.2.243	0.876	MQ
MFD02809.bin.2.247	0.831	MQ
MFD02809.bin.2.249	0.882	MQ
MFD02809.bin.2.25	0.8	MQ
MFD02809.bin.2.265	0.825	MQ
MFD02809.bin.2.267	0.845	MQ
MFD02809.bin.2.268	0.862	MQ
MFD02809.bin.2.271	0.829	MQ
MFD02809.bin.2.278	0.87	MQ
MFD02809.bin.2.279	0.822	MQ
MFD02809.bin.2.285	0.851	MQ
MFD02809.bin.2.299	0.9	MQ
MFD02809.bin.2.302	0.88	MQ
MFD02809.bin.2.305	0.854	MQ
MFD02809.bin.2.313	0.864	MQ
MFD02809.bin.2.314	0.852	MQ
MFD02809.bin.2.319	0.874	MQ
MFD02809.bin.2.332	0.841	MQ
MFD02809.bin.2.335	0.804	MQ
MFD02809.bin.2.39	0.826	MQ
MFD02809.bin.2.4	0.853	MQ
MFD02809.bin.2.45	0.827	MQ
MFD02809.bin.2.5	0.868	MQ
MFD02809.bin.2.57	0.853	MQ
MFD02809.bin.2.60	0.808	MQ
MFD02809.bin.2.7	0.861	MQ
MFD02809.bin.2.71	0.863	MQ
MFD02809.bin.2.75	0.87	MQ
MFD02809.bin.2.78	0.843	MQ
MFD02809.bin.2.80	0.865	MQ
MFD02809.bin.2.82	0.869	MQ
MFD02809.bin.2.83	0.855	MQ
MFD02809.bin.2.84	0.831	MQ
MFD02809.bin.2.86	0.835	MQ
MFD02809.bin.2.89	0.841	MQ
MFD02809.bin.2.90	0.887	MQ
MFD02809.bin.2.91	0.839	MQ
MFD02809.bin.2.92	0.847	MQ
MFD02809.bin.2.93	0.849	MQ
MFD02809.bin.2.94	0.831	MQ
MFD02809.bin.2.98	0.856	MQ
MFD02809.bin.3.105	0.852	MQ
MFD02809.bin.3.107	0.876	MQ
MFD02809.bin.3.108	0.821	MQ
MFD02809.bin.3.167	0.815	MQ
MFD02809.bin.3.174	0.87	MQ
MFD02809.bin.3.248	0.826	MQ
MFD02809.bin.3.360	0.864	MQ
MFD02809.bin.3.45	0.857	MQ
MFD02809.bin.3.52	0.841	MQ
MFD02809.bin.3.578	0.832	MQ
MFD02809.bin.3.7	0.872	MQ
MFD02809.bin.3.94	0.814	MQ
MFD02809.bin.4.106	0.861	MQ
MFD02809.bin.4.199	0.845	MQ
MFD02832.bin.1.133	0.911	MQ
MFD02832.bin.1.153	0.905	MQ
MFD02832.bin.1.23	0.927	MQ
MFD02832.bin.1.76	0.917	MQ
MFD02832.bin.2.101	0.842	MQ
MFD02832.bin.2.104	0.88	MQ
MFD02832.bin.2.106	0.87	MQ
MFD02832.bin.2.108	0.867	MQ
MFD02832.bin.2.109	0.867	MQ
MFD02832.bin.2.11	0.909	MQ
MFD02832.bin.2.110	0.906	MQ
MFD02832.bin.2.114	0.857	MQ
MFD02832.bin.2.118	0.923	MQ
MFD02832.bin.2.119	0.91	MQ
MFD02832.bin.2.12	0.891	MQ
MFD02832.bin.2.121	0.925	MQ
MFD02832.bin.2.122	0.889	MQ
MFD02832.bin.2.125	0.867	MQ
MFD02832.bin.2.126	0.892	MQ
MFD02832.bin.2.127	0.908	MQ
MFD02832.bin.2.128	0.896	MQ
MFD02832.bin.2.129	0.911	MQ
MFD02832.bin.2.13	0.867	MQ
MFD02832.bin.2.134	0.891	MQ
MFD02832.bin.2.16	0.869	MQ
MFD02832.bin.2.17	0.838	MQ
MFD02832.bin.2.19	0.839	MQ
MFD02832.bin.2.2	0.835	MQ
MFD02832.bin.2.24	0.922	MQ
MFD02832.bin.2.31	0.907	MQ
MFD02832.bin.2.33	0.909	MQ
MFD02832.bin.2.35	0.896	MQ
MFD02832.bin.2.38	0.875	MQ
MFD02832.bin.2.39	0.904	MQ
MFD02832.bin.2.40	0.838	MQ
MFD02832.bin.2.42	0.859	MQ
MFD02832.bin.2.44	0.866	MQ
MFD02832.bin.2.45	0.851	MQ
MFD02832.bin.2.46	0.936	MQ
MFD02832.bin.2.5	0.902	MQ
MFD02832.bin.2.6	0.893	MQ
MFD02832.bin.2.60	0.86	MQ
MFD02832.bin.2.61	0.901	MQ
MFD02832.bin.2.62	0.906	MQ
MFD02832.bin.2.63	0.847	MQ
MFD02832.bin.2.64	0.847	MQ
MFD02832.bin.2.65	0.92	MQ
MFD02832.bin.2.68	0.865	MQ
MFD02832.bin.2.69	0.879	MQ
MFD02832.bin.2.70	0.872	MQ
MFD02832.bin.2.71	0.827	MQ
MFD02832.bin.2.72	0.893	MQ
MFD02832.bin.2.73	0.901	MQ
MFD02832.bin.2.75	0.864	MQ
MFD02832.bin.2.77	0.855	MQ
MFD02832.bin.2.78	0.913	MQ
MFD02832.bin.2.8	0.822	MQ
MFD02832.bin.2.83	0.862	MQ
MFD02832.bin.2.84	0.858	MQ
MFD02832.bin.2.85	0.888	MQ
MFD02832.bin.2.87	0.857	MQ
MFD02832.bin.2.91	0.85	MQ
MFD02832.bin.2.94	0.849	MQ
MFD02832.bin.2.96	0.912	MQ
MFD02832.bin.2.99	0.872	MQ
MFD02832.bin.3.10	0.897	MQ
MFD02832.bin.3.105	0.888	MQ
MFD02832.bin.3.117	0.91	MQ
MFD02832.bin.3.130	0.847	MQ
MFD02832.bin.3.132	0.903	MQ
MFD02832.bin.3.194	0.93	MQ
MFD02832.bin.3.201	0.824	MQ
MFD02832.bin.3.209	0.857	MQ
MFD02832.bin.3.230	0.902	MQ
MFD02832.bin.3.234	0.898	MQ
MFD02832.bin.3.239	0.924	MQ
MFD02832.bin.3.242	0.901	MQ
MFD02832.bin.3.246	0.874	MQ
MFD02832.bin.3.255	0.885	MQ
MFD02832.bin.3.45	0.92	MQ
MFD02832.bin.3.64	0.867	MQ
MFD02832.bin.3.67	0.922	MQ
MFD02832.bin.3.68	0.904	MQ
MFD02832.bin.3.86	0.91	MQ
MFD02832.bin.3.92	0.909	MQ
MFD02832.bin.4.16	0.855	MQ
MFD02840.bin.1.275	0.893	MQ
MFD02840.bin.1.427	0.87	MQ
MFD02840.bin.2.1	0.84	MQ
MFD02840.bin.2.100	0.852	MQ
MFD02840.bin.2.101	0.834	MQ
MFD02840.bin.2.102	0.845	MQ
MFD02840.bin.2.105	0.828	MQ
MFD02840.bin.2.106	0.846	MQ
MFD02840.bin.2.108	0.87	MQ
MFD02840.bin.2.11	0.87	MQ
MFD02840.bin.2.110	0.813	MQ
MFD02840.bin.2.111	0.814	MQ
MFD02840.bin.2.112	0.848	MQ
MFD02840.bin.2.115	0.898	MQ
MFD02840.bin.2.12	0.888	MQ
MFD02840.bin.2.120	0.836	MQ
MFD02840.bin.2.122	0.888	MQ
MFD02840.bin.2.126	0.921	MQ
MFD02840.bin.2.14	0.854	MQ
MFD02840.bin.2.144	0.891	MQ
MFD02840.bin.2.15	0.803	MQ
MFD02840.bin.2.151	0.851	MQ
MFD02840.bin.2.158	0.834	MQ
MFD02840.bin.2.161	0.846	MQ
MFD02840.bin.2.166	0.879	MQ
MFD02840.bin.2.168	0.894	MQ
MFD02840.bin.2.17	0.862	MQ
MFD02840.bin.2.170	0.826	MQ
MFD02840.bin.2.171	0.902	MQ
MFD02840.bin.2.172	0.863	MQ
MFD02840.bin.2.173	0.872	MQ
MFD02840.bin.2.176	0.899	MQ
MFD02840.bin.2.178	0.888	MQ
MFD02840.bin.2.180	0.883	MQ
MFD02840.bin.2.181	0.87	MQ
MFD02840.bin.2.183	0.903	MQ
MFD02840.bin.2.184	0.894	MQ
MFD02840.bin.2.185	0.886	MQ
MFD02840.bin.2.188	0.897	MQ
MFD02840.bin.2.189	0.887	MQ
MFD02840.bin.2.191	0.831	MQ
MFD02840.bin.2.192	0.849	MQ
MFD02840.bin.2.193	0.834	MQ
MFD02840.bin.2.2	0.824	MQ
MFD02840.bin.2.203	0.846	MQ
MFD02840.bin.2.205	0.845	MQ
MFD02840.bin.2.207	0.872	MQ
MFD02840.bin.2.208	0.887	MQ
MFD02840.bin.2.212	0.846	MQ
MFD02840.bin.2.217	0.877	MQ
MFD02840.bin.2.220	0.895	MQ
MFD02840.bin.2.222	0.885	MQ
MFD02840.bin.2.225	0.877	MQ
MFD02840.bin.2.226	0.881	MQ
MFD02840.bin.2.227	0.837	MQ
MFD02840.bin.2.230	0.877	MQ
MFD02840.bin.2.238	0.821	MQ
MFD02840.bin.2.242	0.849	MQ
MFD02840.bin.2.243	0.824	MQ
MFD02840.bin.2.246	0.857	MQ
MFD02840.bin.2.247	0.82	MQ
MFD02840.bin.2.248	0.876	MQ
MFD02840.bin.2.249	0.826	MQ
MFD02840.bin.2.253	0.855	MQ
MFD02840.bin.2.254	0.907	MQ
MFD02840.bin.2.259	0.816	MQ
MFD02840.bin.2.261	0.878	MQ
MFD02840.bin.2.263	0.821	MQ
MFD02840.bin.2.265	0.911	MQ
MFD02840.bin.2.267	0.905	MQ
MFD02840.bin.2.271	0.782	MQ
MFD02840.bin.2.275	0.838	MQ
MFD02840.bin.2.276	0.88	MQ
MFD02840.bin.2.278	0.861	MQ
MFD02840.bin.2.282	0.823	MQ
MFD02840.bin.2.284	0.848	MQ
MFD02840.bin.2.285	0.852	MQ
MFD02840.bin.2.286	0.84	MQ
MFD02840.bin.2.287	0.839	MQ
MFD02840.bin.2.288	0.851	MQ
MFD02840.bin.2.290	0.848	MQ
MFD02840.bin.2.292	0.892	MQ
MFD02840.bin.2.299	0.857	MQ
MFD02840.bin.2.30	0.897	MQ
MFD02840.bin.2.300	0.856	MQ
MFD02840.bin.2.303	0.872	MQ
MFD02840.bin.2.307	0.823	MQ
MFD02840.bin.2.308	0.856	MQ
MFD02840.bin.2.309	0.843	MQ
MFD02840.bin.2.31	0.842	MQ
MFD02840.bin.2.310	0.835	MQ
MFD02840.bin.2.311	0.848	MQ
MFD02840.bin.2.312	0.822	MQ
MFD02840.bin.2.317	0.803	MQ
MFD02840.bin.2.32	0.865	MQ
MFD02840.bin.2.321	0.858	MQ
MFD02840.bin.2.323	0.831	MQ
MFD02840.bin.2.325	0.837	MQ
MFD02840.bin.2.327	0.806	MQ
MFD02840.bin.2.33	0.9	MQ
MFD02840.bin.2.330	0.828	MQ
MFD02840.bin.2.331	0.88	MQ
MFD02840.bin.2.333	0.849	MQ
MFD02840.bin.2.336	0.897	MQ
MFD02840.bin.2.34	0.843	MQ
MFD02840.bin.2.36	0.855	MQ
MFD02840.bin.2.37	0.906	MQ
MFD02840.bin.2.38	0.856	MQ
MFD02840.bin.2.39	0.84	MQ
MFD02840.bin.2.41	0.865	MQ
MFD02840.bin.2.47	0.911	MQ
MFD02840.bin.2.48	0.833	MQ
MFD02840.bin.2.49	0.865	MQ
MFD02840.bin.2.5	0.808	MQ
MFD02840.bin.2.52	0.865	MQ
MFD02840.bin.2.57	0.885	MQ
MFD02840.bin.2.6	0.82	MQ
MFD02840.bin.2.60	0.881	MQ
MFD02840.bin.2.62	0.908	MQ
MFD02840.bin.2.63	0.869	MQ
MFD02840.bin.2.65	0.901	MQ
MFD02840.bin.2.66	0.847	MQ
MFD02840.bin.2.71	0.825	MQ
MFD02840.bin.2.73	0.899	MQ
MFD02840.bin.2.78	0.866	MQ
MFD02840.bin.2.79	0.851	MQ
MFD02840.bin.2.80	0.878	MQ
MFD02840.bin.2.82	0.867	MQ
MFD02840.bin.2.84	0.846	MQ
MFD02840.bin.2.87	0.879	MQ
MFD02840.bin.2.88	0.858	MQ
MFD02840.bin.2.89	0.82	MQ
MFD02840.bin.2.90	0.841	MQ
MFD02840.bin.2.93	0.85	MQ
MFD02840.bin.2.94	0.829	MQ
MFD02840.bin.2.95	0.822	MQ
MFD02840.bin.2.96	0.904	MQ
MFD02840.bin.2.98	0.83	MQ
MFD02840.bin.3.103	0.878	MQ
MFD02840.bin.3.118	0.83	MQ
MFD02840.bin.3.148	0.844	MQ
MFD02840.bin.3.206	0.901	MQ
MFD02840.bin.3.23	0.834	MQ
MFD02840.bin.3.282	0.825	MQ
MFD02840.bin.3.285	0.869	MQ
MFD02840.bin.3.301	0.777	MQ
MFD02840.bin.3.302	0.889	MQ
MFD02840.bin.3.305	0.863	MQ
MFD02840.bin.3.353	0.895	MQ
MFD02840.bin.3.362	0.867	MQ
MFD02840.bin.3.365	0.822	MQ
MFD02840.bin.3.400	0.882	MQ
MFD02840.bin.3.408	0.908	MQ
MFD02840.bin.3.421	0.89	MQ
MFD02840.bin.3.471	0.87	MQ
MFD02840.bin.3.489	0.86	MQ
MFD02840.bin.3.512	0.858	MQ
MFD02840.bin.3.531	0.817	MQ
MFD02840.bin.3.55	0.871	MQ
MFD02840.bin.3.554	0.86	MQ
MFD02840.bin.3.560	0.889	MQ
MFD02840.bin.3.58	0.899	MQ
MFD02840.bin.3.603	0.837	MQ
MFD02840.bin.3.608	0.83	MQ
MFD02840.bin.3.622	0.839	MQ
MFD02840.bin.3.631	0.863	MQ
MFD02840.bin.3.640	0.874	MQ
MFD02840.bin.3.655	0.819	MQ
MFD02840.bin.3.67	0.869	MQ
MFD02840.bin.3.693	0.904	MQ
MFD02840.bin.3.718	0.898	MQ
MFD02840.bin.3.746	0.832	MQ
MFD02840.bin.3.747	0.828	MQ
MFD02840.bin.3.80	0.848	MQ
MFD02840.bin.3.815	0.907	MQ
MFD02840.bin.3.827	0.887	MQ
MFD02840.bin.3.831	0.879	MQ
MFD02840.bin.3.9	0.835	MQ
MFD02840.bin.4.456	0.856	MQ
MFD02840.bin.4.46	0.847	MQ
MFD02840.bin.4.807	0.853	MQ
MFD02923.bin.1.102	0.846	MQ
MFD02923.bin.1.113	0.864	MQ
MFD02923.bin.1.89	0.847	MQ
MFD02923.bin.2.10	0.899	MQ
MFD02923.bin.2.100	0.871	MQ
MFD02923.bin.2.102	0.89	MQ
MFD02923.bin.2.105	0.84	MQ
MFD02923.bin.2.107	0.843	MQ
MFD02923.bin.2.108	0.904	MQ
MFD02923.bin.2.109	0.873	MQ
MFD02923.bin.2.11	0.835	MQ
MFD02923.bin.2.12	0.853	MQ
MFD02923.bin.2.13	0.874	MQ
MFD02923.bin.2.16	0.849	MQ
MFD02923.bin.2.2	0.858	MQ
MFD02923.bin.2.21	0.808	MQ
MFD02923.bin.2.22	0.887	MQ
MFD02923.bin.2.25	0.856	MQ
MFD02923.bin.2.3	0.816	MQ
MFD02923.bin.2.34	0.854	MQ
MFD02923.bin.2.37	0.909	MQ
MFD02923.bin.2.38	0.82	MQ
MFD02923.bin.2.39	0.87	MQ
MFD02923.bin.2.43	0.892	MQ
MFD02923.bin.2.45	0.796	MQ
MFD02923.bin.2.48	0.822	MQ
MFD02923.bin.2.49	0.879	MQ
MFD02923.bin.2.5	0.901	MQ
MFD02923.bin.2.51	0.87	MQ
MFD02923.bin.2.53	0.913	MQ
MFD02923.bin.2.54	0.901	MQ
MFD02923.bin.2.55	0.874	MQ
MFD02923.bin.2.57	0.842	MQ
MFD02923.bin.2.58	0.864	MQ
MFD02923.bin.2.59	0.889	MQ
MFD02923.bin.2.60	0.872	MQ
MFD02923.bin.2.62	0.815	MQ
MFD02923.bin.2.64	0.803	MQ
MFD02923.bin.2.67	0.855	MQ
MFD02923.bin.2.72	0.875	MQ
MFD02923.bin.2.73	0.891	MQ
MFD02923.bin.2.75	0.802	MQ
MFD02923.bin.2.8	0.906	MQ
MFD02923.bin.2.83	0.879	MQ
MFD02923.bin.2.87	0.813	MQ
MFD02923.bin.2.88	0.885	MQ
MFD02923.bin.2.89	0.845	MQ
MFD02923.bin.2.90	0.878	MQ
MFD02923.bin.2.91	0.84	MQ
MFD02923.bin.2.92	0.878	MQ
MFD02923.bin.3.121	0.869	MQ
MFD02923.bin.3.134	0.822	MQ
MFD02923.bin.3.137	0.824	MQ
MFD02923.bin.3.140	0.855	MQ
MFD02923.bin.3.159	0.875	MQ
MFD02923.bin.3.37	0.847	MQ
MFD02923.bin.3.6	0.896	MQ
MFD02923.bin.3.70	0.874	MQ
MFD02923.bin.3.71	0.928	MQ
MFD02923.bin.3.76	0.84	MQ
MFD02923.bin.3.85	0.871	MQ
MFD02923.bin.3.99	0.814	MQ
MFD02923.bin.4.129	0.892	MQ
MFD02923.bin.4.76	0.874	MQ
MFD02979.bin.1.129	0.904	MQ
MFD02979.bin.1.175	0.862	MQ
MFD02979.bin.2.100	0.844	MQ
MFD02979.bin.2.106	0.849	MQ
MFD02979.bin.2.107	0.824	MQ
MFD02979.bin.2.11	0.826	MQ
MFD02979.bin.2.110	0.832	MQ
MFD02979.bin.2.112	0.861	MQ
MFD02979.bin.2.113	0.84	MQ
MFD02979.bin.2.114	0.86	MQ
MFD02979.bin.2.115	0.858	MQ
MFD02979.bin.2.116	0.888	MQ
MFD02979.bin.2.117	0.827	MQ
MFD02979.bin.2.118	0.864	MQ
MFD02979.bin.2.12	0.88	MQ
MFD02979.bin.2.121	0.845	MQ
MFD02979.bin.2.124	0.836	MQ
MFD02979.bin.2.127	0.869	MQ
MFD02979.bin.2.128	0.842	MQ
MFD02979.bin.2.133	0.859	MQ
MFD02979.bin.2.134	0.836	MQ
MFD02979.bin.2.135	0.878	MQ
MFD02979.bin.2.136	0.852	MQ
MFD02979.bin.2.137	0.854	MQ
MFD02979.bin.2.138	0.809	MQ
MFD02979.bin.2.142	0.828	MQ
MFD02979.bin.2.143	0.836	MQ
MFD02979.bin.2.144	0.817	MQ
MFD02979.bin.2.149	0.819	MQ
MFD02979.bin.2.150	0.846	MQ
MFD02979.bin.2.151	0.83	MQ
MFD02979.bin.2.152	0.832	MQ
MFD02979.bin.2.153	0.834	MQ
MFD02979.bin.2.155	0.861	MQ
MFD02979.bin.2.161	0.825	MQ
MFD02979.bin.2.162	0.894	MQ
MFD02979.bin.2.168	0.83	MQ
MFD02979.bin.2.169	0.845	MQ
MFD02979.bin.2.17	0.816	MQ
MFD02979.bin.2.170	0.834	MQ
MFD02979.bin.2.172	0.842	MQ
MFD02979.bin.2.173	0.829	MQ
MFD02979.bin.2.175	0.786	MQ
MFD02979.bin.2.177	0.851	MQ
MFD02979.bin.2.178	0.858	MQ
MFD02979.bin.2.181	0.89	MQ
MFD02979.bin.2.183	0.878	MQ
MFD02979.bin.2.189	0.821	MQ
MFD02979.bin.2.191	0.863	MQ
MFD02979.bin.2.195	0.893	MQ
MFD02979.bin.2.196	0.868	MQ
MFD02979.bin.2.199	0.84	MQ
MFD02979.bin.2.2	0.896	MQ
MFD02979.bin.2.24	0.841	MQ
MFD02979.bin.2.25	0.821	MQ
MFD02979.bin.2.26	0.866	MQ
MFD02979.bin.2.30	0.884	MQ
MFD02979.bin.2.32	0.838	MQ
MFD02979.bin.2.36	0.852	MQ
MFD02979.bin.2.37	0.829	MQ
MFD02979.bin.2.38	0.877	MQ
MFD02979.bin.2.4	0.869	MQ
MFD02979.bin.2.46	0.828	MQ
MFD02979.bin.2.54	0.849	MQ
MFD02979.bin.2.55	0.815	MQ
MFD02979.bin.2.56	0.861	MQ
MFD02979.bin.2.57	0.894	MQ
MFD02979.bin.2.58	0.848	MQ
MFD02979.bin.2.6	0.838	MQ
MFD02979.bin.2.61	0.835	MQ
MFD02979.bin.2.62	0.856	MQ
MFD02979.bin.2.63	0.808	MQ
MFD02979.bin.2.66	0.84	MQ
MFD02979.bin.2.67	0.846	MQ
MFD02979.bin.2.68	0.822	MQ
MFD02979.bin.2.7	0.878	MQ
MFD02979.bin.2.70	0.88	MQ
MFD02979.bin.2.72	0.846	MQ
MFD02979.bin.2.75	0.839	MQ
MFD02979.bin.2.8	0.814	MQ
MFD02979.bin.2.9	0.865	MQ
MFD02979.bin.2.91	0.862	MQ
MFD02979.bin.2.94	0.902	MQ
MFD02979.bin.3.1	0.833	MQ
MFD02979.bin.3.102	0.822	MQ
MFD02979.bin.3.125	0.859	MQ
MFD02979.bin.3.149	0.851	MQ
MFD02979.bin.3.154	0.86	MQ
MFD02979.bin.3.16	0.863	MQ
MFD02979.bin.3.21	0.875	MQ
MFD02979.bin.3.217	0.825	MQ
MFD02979.bin.3.261	0.862	MQ
MFD02979.bin.3.269	0.901	MQ
MFD02979.bin.3.28	0.883	MQ
MFD02979.bin.3.320	0.83	MQ
MFD02979.bin.3.323	0.835	MQ
MFD02979.bin.3.36	0.838	MQ
MFD02979.bin.3.366	0.838	MQ
MFD02979.bin.3.436	0.843	MQ
MFD02979.bin.3.437	0.853	MQ
MFD02979.bin.3.462	0.881	MQ
MFD02979.bin.3.503	0.843	MQ
MFD02979.bin.3.66	0.876	MQ
MFD02979.bin.3.71	0.873	MQ
MFD02979.bin.3.8	0.866	MQ
MFD02979.bin.3.86	0.83	MQ
MFD02979.bin.3.90	0.852	MQ
MFD02979.bin.4.14	0.826	MQ
MFD02979.bin.4.344	0.858	MQ
MFD02979.bin.4.37	0.886	MQ
MFD02979.bin.4.532	0.822	MQ
MFD03044.bin.1.102	0.841	MQ
MFD03044.bin.1.110	0.857	MQ
MFD03044.bin.1.112	0.869	MQ
MFD03044.bin.1.137	0.847	MQ
MFD03044.bin.1.146	0.88	MQ
MFD03044.bin.1.58	0.872	MQ
MFD03044.bin.2.101	0.843	MQ
MFD03044.bin.2.105	0.874	MQ
MFD03044.bin.2.17	0.894	MQ
MFD03044.bin.2.2	0.831	MQ
MFD03044.bin.2.22	0.845	MQ
MFD03044.bin.2.26	0.899	MQ
MFD03044.bin.2.29	0.85	MQ
MFD03044.bin.2.42	0.861	MQ
MFD03044.bin.2.44	0.894	MQ
MFD03044.bin.2.49	0.84	MQ
MFD03044.bin.2.50	0.821	MQ
MFD03044.bin.2.53	0.864	MQ
MFD03044.bin.2.54	0.861	MQ
MFD03044.bin.2.56	0.827	MQ
MFD03044.bin.2.57	0.829	MQ
MFD03044.bin.2.58	0.842	MQ
MFD03044.bin.2.59	0.861	MQ
MFD03044.bin.2.6	0.848	MQ
MFD03044.bin.2.60	0.855	MQ
MFD03044.bin.2.61	0.81	MQ
MFD03044.bin.2.64	0.85	MQ
MFD03044.bin.2.69	0.836	MQ
MFD03044.bin.2.70	0.837	MQ
MFD03044.bin.2.74	0.855	MQ
MFD03044.bin.2.75	0.846	MQ
MFD03044.bin.2.80	0.878	MQ
MFD03044.bin.2.81	0.799	MQ
MFD03044.bin.2.82	0.856	MQ
MFD03044.bin.2.84	0.845	MQ
MFD03044.bin.2.93	0.864	MQ
MFD03044.bin.2.96	0.851	MQ
MFD03044.bin.2.99	0.796	MQ
MFD03044.bin.3.103	0.869	MQ
MFD03044.bin.3.130	0.865	MQ
MFD03044.bin.4.204	0.852	MQ
MFD03044.bin.4.335	0.854	MQ
MFD03044.bin.4.34	0.824	MQ
MFD03066.bin.1.57	0.872	MQ
MFD03066.bin.2.101	0.815	MQ
MFD03066.bin.2.107	0.84	MQ
MFD03066.bin.2.108	0.88	MQ
MFD03066.bin.2.131	0.849	MQ
MFD03066.bin.2.138	0.867	MQ
MFD03066.bin.2.139	0.882	MQ
MFD03066.bin.2.14	0.887	MQ
MFD03066.bin.2.140	0.892	MQ
MFD03066.bin.2.142	0.896	MQ
MFD03066.bin.2.147	0.859	MQ
MFD03066.bin.2.149	0.84	MQ
MFD03066.bin.2.151	0.829	MQ
MFD03066.bin.2.152	0.853	MQ
MFD03066.bin.2.155	0.852	MQ
MFD03066.bin.2.157	0.824	MQ
MFD03066.bin.2.161	0.875	MQ
MFD03066.bin.2.162	0.796	MQ
MFD03066.bin.2.167	0.808	MQ
MFD03066.bin.2.168	0.86	MQ
MFD03066.bin.2.169	0.839	MQ
MFD03066.bin.2.17	0.845	MQ
MFD03066.bin.2.173	0.843	MQ
MFD03066.bin.2.174	0.834	MQ
MFD03066.bin.2.176	0.824	MQ
MFD03066.bin.2.177	0.918	MQ
MFD03066.bin.2.178	0.823	MQ
MFD03066.bin.2.180	0.856	MQ
MFD03066.bin.2.184	0.819	MQ
MFD03066.bin.2.187	0.794	MQ
MFD03066.bin.2.188	0.826	MQ
MFD03066.bin.2.19	0.86	MQ
MFD03066.bin.2.191	0.804	MQ
MFD03066.bin.2.192	0.874	MQ
MFD03066.bin.2.196	0.838	MQ
MFD03066.bin.2.197	0.8	MQ
MFD03066.bin.2.2	0.819	MQ
MFD03066.bin.2.202	0.843	MQ
MFD03066.bin.2.207	0.869	MQ
MFD03066.bin.2.215	0.805	MQ
MFD03066.bin.2.217	0.813	MQ
MFD03066.bin.2.218	0.87	MQ
MFD03066.bin.2.22	0.83	MQ
MFD03066.bin.2.221	0.836	MQ
MFD03066.bin.2.222	0.822	MQ
MFD03066.bin.2.225	0.842	MQ
MFD03066.bin.2.227	0.811	MQ
MFD03066.bin.2.235	0.804	MQ
MFD03066.bin.2.236	0.826	MQ
MFD03066.bin.2.238	0.874	MQ
MFD03066.bin.2.242	0.795	MQ
MFD03066.bin.2.245	0.845	MQ
MFD03066.bin.2.248	0.859	MQ
MFD03066.bin.2.25	0.849	MQ
MFD03066.bin.2.26	0.859	MQ
MFD03066.bin.2.28	0.798	MQ
MFD03066.bin.2.29	0.844	MQ
MFD03066.bin.2.34	0.834	MQ
MFD03066.bin.2.36	0.895	MQ
MFD03066.bin.2.44	0.859	MQ
MFD03066.bin.2.46	0.835	MQ
MFD03066.bin.2.48	0.816	MQ
MFD03066.bin.2.49	0.849	MQ
MFD03066.bin.2.5	0.828	MQ
MFD03066.bin.2.50	0.894	MQ
MFD03066.bin.2.51	0.899	MQ
MFD03066.bin.2.54	0.831	MQ
MFD03066.bin.2.55	0.835	MQ
MFD03066.bin.2.60	0.92	MQ
MFD03066.bin.2.67	0.895	MQ
MFD03066.bin.2.68	0.827	MQ
MFD03066.bin.2.7	0.864	MQ
MFD03066.bin.2.72	0.827	MQ
MFD03066.bin.2.74	0.827	MQ
MFD03066.bin.2.89	0.842	MQ
MFD03066.bin.2.9	0.803	MQ
MFD03066.bin.3.106	0.887	MQ
MFD03066.bin.3.140	0.881	MQ
MFD03066.bin.3.157	0.825	MQ
MFD03066.bin.3.21	0.82	MQ
MFD03066.bin.3.22	0.845	MQ
MFD03066.bin.3.270	0.918	MQ
MFD03066.bin.3.35	0.813	MQ
MFD03066.bin.3.356	0.817	MQ
MFD03066.bin.3.412	0.813	MQ
MFD03066.bin.3.43	0.838	MQ
MFD03066.bin.3.481	0.807	MQ
MFD03066.bin.3.542	0.859	MQ
MFD03066.bin.3.569	0.807	MQ
MFD03066.bin.3.571	0.836	MQ
MFD03066.bin.3.58	0.841	MQ
MFD03066.bin.3.669	0.878	MQ
MFD03066.bin.4.194	0.875	MQ
MFD03066.bin.4.89	0.825	MQ
MFD03250.bin.1.140	0.908	MQ
MFD03250.bin.1.159	0.843	MQ
MFD03250.bin.1.44	0.917	MQ
MFD03250.bin.2.10	0.861	MQ
MFD03250.bin.2.101	0.878	MQ
MFD03250.bin.2.102	0.878	MQ
MFD03250.bin.2.104	0.865	MQ
MFD03250.bin.2.105	0.832	MQ
MFD03250.bin.2.11	0.864	MQ
MFD03250.bin.2.12	0.877	MQ
MFD03250.bin.2.13	0.897	MQ
MFD03250.bin.2.15	0.84	MQ
MFD03250.bin.2.16	0.821	MQ
MFD03250.bin.2.18	0.85	MQ
MFD03250.bin.2.20	0.883	MQ
MFD03250.bin.2.21	0.889	MQ
MFD03250.bin.2.22	0.878	MQ
MFD03250.bin.2.23	0.913	MQ
MFD03250.bin.2.27	0.869	MQ
MFD03250.bin.2.29	0.871	MQ
MFD03250.bin.2.30	0.868	MQ
MFD03250.bin.2.34	0.868	MQ
MFD03250.bin.2.36	0.886	MQ
MFD03250.bin.2.4	0.876	MQ
MFD03250.bin.2.43	0.895	MQ
MFD03250.bin.2.44	0.873	MQ
MFD03250.bin.2.45	0.882	MQ
MFD03250.bin.2.46	0.899	MQ
MFD03250.bin.2.47	0.885	MQ
MFD03250.bin.2.52	0.861	MQ
MFD03250.bin.2.54	0.874	MQ
MFD03250.bin.2.55	0.869	MQ
MFD03250.bin.2.56	0.873	MQ
MFD03250.bin.2.58	0.847	MQ
MFD03250.bin.2.59	0.875	MQ
MFD03250.bin.2.6	0.916	MQ
MFD03250.bin.2.60	0.903	MQ
MFD03250.bin.2.61	0.882	MQ
MFD03250.bin.2.62	0.885	MQ
MFD03250.bin.2.63	0.889	MQ
MFD03250.bin.2.64	0.869	MQ
MFD03250.bin.2.65	0.893	MQ
MFD03250.bin.2.66	0.904	MQ
MFD03250.bin.2.67	0.869	MQ
MFD03250.bin.2.69	0.858	MQ
MFD03250.bin.2.71	0.88	MQ
MFD03250.bin.2.72	0.817	MQ
MFD03250.bin.2.74	0.9	MQ
MFD03250.bin.2.75	0.874	MQ
MFD03250.bin.2.8	0.896	MQ
MFD03250.bin.2.83	0.79	MQ
MFD03250.bin.2.84	0.898	MQ
MFD03250.bin.2.86	0.887	MQ
MFD03250.bin.2.87	0.903	MQ
MFD03250.bin.2.88	0.869	MQ
MFD03250.bin.2.89	0.84	MQ
MFD03250.bin.2.9	0.901	MQ
MFD03250.bin.2.91	0.82	MQ
MFD03250.bin.2.93	0.915	MQ
MFD03250.bin.2.98	0.901	MQ
MFD03250.bin.2.99	0.826	MQ
MFD03250.bin.3.105	0.904	MQ
MFD03250.bin.3.11	0.882	MQ
MFD03250.bin.3.110	0.863	MQ
MFD03250.bin.3.124	0.901	MQ
MFD03250.bin.3.125	0.763	MQ
MFD03250.bin.3.131	0.861	MQ
MFD03250.bin.3.146	0.802	MQ
MFD03250.bin.3.149	0.878	MQ
MFD03250.bin.3.20	0.898	MQ
MFD03250.bin.3.3	0.871	MQ
MFD03250.bin.3.33	0.895	MQ
MFD03250.bin.3.55	0.898	MQ
MFD03250.bin.3.63	0.888	MQ
MFD03250.bin.3.66	0.795	MQ
MFD03250.bin.3.99	0.851	MQ
MFD03250.bin.4.105	0.789	MQ
MFD03250.bin.4.157	0.864	MQ
MFD03323.bin.1.128	0.856	MQ
MFD03323.bin.2.1	0.857	MQ
MFD03323.bin.2.103	0.823	MQ
MFD03323.bin.2.104	0.843	MQ
MFD03323.bin.2.105	0.869	MQ
MFD03323.bin.2.111	0.825	MQ
MFD03323.bin.2.116	0.828	MQ
MFD03323.bin.2.123	0.817	MQ
MFD03323.bin.2.129	0.836	MQ
MFD03323.bin.2.13	0.86	MQ
MFD03323.bin.2.17	0.854	MQ
MFD03323.bin.2.18	0.827	MQ
MFD03323.bin.2.41	0.853	MQ
MFD03323.bin.2.46	0.891	MQ
MFD03323.bin.2.48	0.84	MQ
MFD03323.bin.2.49	0.829	MQ
MFD03323.bin.2.63	0.855	MQ
MFD03323.bin.2.67	0.858	MQ
MFD03323.bin.2.70	0.809	MQ
MFD03323.bin.2.72	0.846	MQ
MFD03323.bin.2.74	0.829	MQ
MFD03323.bin.2.78	0.843	MQ
MFD03323.bin.2.84	0.847	MQ
MFD03323.bin.2.88	0.865	MQ
MFD03323.bin.2.95	0.806	MQ
MFD03323.bin.2.99	0.824	MQ
MFD03323.bin.3.102	0.846	MQ
MFD03323.bin.3.130	0.833	MQ
MFD03323.bin.3.142	0.83	MQ
MFD03323.bin.3.214	0.833	MQ
MFD03323.bin.3.226	0.863	MQ
MFD03323.bin.3.253	0.809	MQ
MFD03323.bin.3.266	0.836	MQ
MFD03323.bin.3.41	0.838	MQ
MFD03346.bin.1.68	0.866	MQ
MFD03346.bin.1.82	0.837	MQ
MFD03346.bin.2.1	0.877	MQ
MFD03346.bin.2.100	0.845	MQ
MFD03346.bin.2.105	0.826	MQ
MFD03346.bin.2.107	0.879	MQ
MFD03346.bin.2.14	0.858	MQ
MFD03346.bin.2.17	0.861	MQ
MFD03346.bin.2.19	0.852	MQ
MFD03346.bin.2.22	0.853	MQ
MFD03346.bin.2.24	0.89	MQ
MFD03346.bin.2.25	0.838	MQ
MFD03346.bin.2.29	0.848	MQ
MFD03346.bin.2.31	0.79	MQ
MFD03346.bin.2.36	0.854	MQ
MFD03346.bin.2.39	0.801	MQ
MFD03346.bin.2.45	0.877	MQ
MFD03346.bin.2.5	0.85	MQ
MFD03346.bin.2.54	0.829	MQ
MFD03346.bin.2.59	0.884	MQ
MFD03346.bin.2.6	0.881	MQ
MFD03346.bin.2.62	0.829	MQ
MFD03346.bin.2.63	0.8	MQ
MFD03346.bin.2.69	0.82	MQ
MFD03346.bin.2.71	0.835	MQ
MFD03346.bin.2.72	0.84	MQ
MFD03346.bin.2.73	0.803	MQ
MFD03346.bin.2.74	0.802	MQ
MFD03346.bin.2.75	0.832	MQ
MFD03346.bin.2.80	0.817	MQ
MFD03346.bin.2.9	0.889	MQ
MFD03346.bin.2.90	0.838	MQ
MFD03346.bin.2.94	0.855	MQ
MFD03346.bin.2.98	0.874	MQ
MFD03346.bin.3.102	0.821	MQ
MFD03346.bin.3.103	0.831	MQ
MFD03346.bin.3.109	0.856	MQ
MFD03346.bin.3.111	0.903	MQ
MFD03346.bin.3.119	0.848	MQ
MFD03346.bin.3.208	0.873	MQ
MFD03346.bin.3.25	0.857	MQ
MFD03346.bin.3.35	0.833	MQ
MFD03346.bin.3.38	0.866	MQ
MFD03346.bin.3.59	0.847	MQ
MFD03346.bin.3.6	0.855	MQ
MFD03399.bin.1.15	0.865	MQ
MFD03399.bin.2.10	0.851	MQ
MFD03399.bin.2.101	0.881	MQ
MFD03399.bin.2.103	0.82	MQ
MFD03399.bin.2.105	0.857	MQ
MFD03399.bin.2.106	0.836	MQ
MFD03399.bin.2.108	0.835	MQ
MFD03399.bin.2.109	0.835	MQ
MFD03399.bin.2.113	0.852	MQ
MFD03399.bin.2.119	0.842	MQ
MFD03399.bin.2.12	0.848	MQ
MFD03399.bin.2.120	0.884	MQ
MFD03399.bin.2.122	0.872	MQ
MFD03399.bin.2.123	0.827	MQ
MFD03399.bin.2.125	0.841	MQ
MFD03399.bin.2.13	0.832	MQ
MFD03399.bin.2.21	0.871	MQ
MFD03399.bin.2.23	0.863	MQ
MFD03399.bin.2.24	0.845	MQ
MFD03399.bin.2.26	0.848	MQ
MFD03399.bin.2.27	0.888	MQ
MFD03399.bin.2.28	0.839	MQ
MFD03399.bin.2.35	0.865	MQ
MFD03399.bin.2.38	0.883	MQ
MFD03399.bin.2.4	0.85	MQ
MFD03399.bin.2.41	0.896	MQ
MFD03399.bin.2.42	0.848	MQ
MFD03399.bin.2.46	0.845	MQ
MFD03399.bin.2.5	0.89	MQ
MFD03399.bin.2.55	0.856	MQ
MFD03399.bin.2.59	0.832	MQ
MFD03399.bin.2.63	0.881	MQ
MFD03399.bin.2.64	0.843	MQ
MFD03399.bin.2.65	0.887	MQ
MFD03399.bin.2.69	0.888	MQ
MFD03399.bin.2.70	0.863	MQ
MFD03399.bin.2.72	0.811	MQ
MFD03399.bin.2.73	0.83	MQ
MFD03399.bin.2.8	0.875	MQ
MFD03399.bin.2.82	0.826	MQ
MFD03399.bin.2.84	0.817	MQ
MFD03399.bin.2.88	0.885	MQ
MFD03399.bin.2.90	0.837	MQ
MFD03399.bin.2.91	0.851	MQ
MFD03399.bin.2.92	0.842	MQ
MFD03399.bin.2.95	0.869	MQ
MFD03399.bin.2.96	0.862	MQ
MFD03399.bin.2.97	0.817	MQ
MFD03399.bin.2.98	0.87	MQ
MFD03399.bin.3.157	0.889	MQ
MFD03399.bin.3.72	0.837	MQ
MFD03551.bin.1.35	0.859	MQ
MFD03551.bin.1.67	0.885	MQ
MFD03551.bin.1.69	0.862	MQ
MFD03551.bin.1.75	0.919	MQ
MFD03551.bin.1.99	0.907	MQ
MFD03551.bin.2.10	0.819	MQ
MFD03551.bin.2.100	0.841	MQ
MFD03551.bin.2.101	0.864	MQ
MFD03551.bin.2.103	0.918	MQ
MFD03551.bin.2.105	0.834	MQ
MFD03551.bin.2.107	0.82	MQ
MFD03551.bin.2.108	0.88	MQ
MFD03551.bin.2.109	0.856	MQ
MFD03551.bin.2.110	0.898	MQ
MFD03551.bin.2.114	0.888	MQ
MFD03551.bin.2.116	0.885	MQ
MFD03551.bin.2.117	0.81	MQ
MFD03551.bin.2.119	0.893	MQ
MFD03551.bin.2.12	0.898	MQ
MFD03551.bin.2.120	0.916	MQ
MFD03551.bin.2.121	0.862	MQ
MFD03551.bin.2.127	0.85	MQ
MFD03551.bin.2.128	0.844	MQ
MFD03551.bin.2.131	0.821	MQ
MFD03551.bin.2.132	0.897	MQ
MFD03551.bin.2.133	0.861	MQ
MFD03551.bin.2.14	0.898	MQ
MFD03551.bin.2.15	0.871	MQ
MFD03551.bin.2.18	0.933	MQ
MFD03551.bin.2.19	0.859	MQ
MFD03551.bin.2.2	0.912	MQ
MFD03551.bin.2.21	0.847	MQ
MFD03551.bin.2.23	0.827	MQ
MFD03551.bin.2.24	0.849	MQ
MFD03551.bin.2.26	0.895	MQ
MFD03551.bin.2.3	0.862	MQ
MFD03551.bin.2.30	0.827	MQ
MFD03551.bin.2.31	0.848	MQ
MFD03551.bin.2.35	0.92	MQ
MFD03551.bin.2.4	0.816	MQ
MFD03551.bin.2.44	0.815	MQ
MFD03551.bin.2.46	0.818	MQ
MFD03551.bin.2.47	0.883	MQ
MFD03551.bin.2.48	0.868	MQ
MFD03551.bin.2.50	0.897	MQ
MFD03551.bin.2.51	0.861	MQ
MFD03551.bin.2.54	0.873	MQ
MFD03551.bin.2.55	0.886	MQ
MFD03551.bin.2.56	0.878	MQ
MFD03551.bin.2.57	0.843	MQ
MFD03551.bin.2.58	0.887	MQ
MFD03551.bin.2.59	0.871	MQ
MFD03551.bin.2.6	0.91	MQ
MFD03551.bin.2.60	0.921	MQ
MFD03551.bin.2.65	0.874	MQ
MFD03551.bin.2.70	0.848	MQ
MFD03551.bin.2.71	0.829	MQ
MFD03551.bin.2.72	0.848	MQ
MFD03551.bin.2.73	0.905	MQ
MFD03551.bin.2.74	0.86	MQ
MFD03551.bin.2.75	0.925	MQ
MFD03551.bin.2.76	0.874	MQ
MFD03551.bin.2.79	0.911	MQ
MFD03551.bin.2.8	0.876	MQ
MFD03551.bin.2.80	0.842	MQ
MFD03551.bin.2.82	0.866	MQ
MFD03551.bin.2.83	0.887	MQ
MFD03551.bin.2.86	0.845	MQ
MFD03551.bin.2.87	0.867	MQ
MFD03551.bin.2.88	0.843	MQ
MFD03551.bin.2.9	0.873	MQ
MFD03551.bin.2.91	0.833	MQ
MFD03551.bin.2.92	0.914	MQ
MFD03551.bin.2.93	0.818	MQ
MFD03551.bin.2.97	0.826	MQ
MFD03551.bin.2.99	0.882	MQ
MFD03551.bin.3.102	0.914	MQ
MFD03551.bin.3.13	0.871	MQ
MFD03551.bin.3.136	0.866	MQ
MFD03551.bin.3.138	0.914	MQ
MFD03551.bin.3.149	0.841	MQ
MFD03551.bin.3.17	0.912	MQ
MFD03551.bin.3.181	0.86	MQ
MFD03551.bin.3.215	0.82	MQ
MFD03551.bin.3.232	0.908	MQ
MFD03551.bin.3.27	0.789	MQ
MFD03551.bin.3.4	0.852	MQ
MFD03551.bin.3.50	0.933	MQ
MFD03551.bin.3.55	0.886	MQ
MFD03551.bin.3.65	0.869	MQ
MFD03551.bin.3.68	0.926	MQ
MFD03551.bin.3.91	0.883	MQ
MFD03551.bin.3.92	0.886	MQ
MFD03602.bin.2.11	0.908	MQ
MFD03602.bin.2.12	0.872	MQ
MFD03602.bin.2.14	0.879	MQ
MFD03602.bin.2.22	0.794	MQ
MFD03602.bin.2.23	0.836	MQ
MFD03602.bin.2.3	0.849	MQ
MFD03602.bin.2.30	0.844	MQ
MFD03602.bin.2.33	0.895	MQ
MFD03602.bin.2.40	0.854	MQ
MFD03602.bin.2.6	0.854	MQ
MFD03602.bin.2.63	0.831	MQ
MFD03602.bin.2.71	0.893	MQ
MFD03602.bin.2.74	0.879	MQ
MFD03602.bin.2.9	0.905	MQ
MFD03602.bin.3.201	0.833	MQ
MFD03602.bin.3.245	0.918	MQ
MFD03638.bin.2.1	0.872	MQ
MFD03638.bin.2.4	0.843	MQ
MFD03638.bin.2.5	0.876	MQ
MFD03726.bin.1.141	0.886	MQ
MFD03726.bin.1.191	0.892	MQ
MFD03726.bin.1.231	0.903	MQ
MFD03726.bin.1.238	0.879	MQ
MFD03726.bin.1.31	0.882	MQ
MFD03726.bin.1.58	0.876	MQ
MFD03726.bin.2.100	0.811	MQ
MFD03726.bin.2.102	0.873	MQ
MFD03726.bin.2.104	0.818	MQ
MFD03726.bin.2.106	0.837	MQ
MFD03726.bin.2.108	0.912	MQ
MFD03726.bin.2.110	0.821	MQ
MFD03726.bin.2.115	0.828	MQ
MFD03726.bin.2.118	0.852	MQ
MFD03726.bin.2.119	0.768	MQ
MFD03726.bin.2.12	0.879	MQ
MFD03726.bin.2.120	0.848	MQ
MFD03726.bin.2.121	0.826	MQ
MFD03726.bin.2.125	0.885	MQ
MFD03726.bin.2.126	0.824	MQ
MFD03726.bin.2.132	0.842	MQ
MFD03726.bin.2.134	0.85	MQ
MFD03726.bin.2.136	0.815	MQ
MFD03726.bin.2.138	0.87	MQ
MFD03726.bin.2.139	0.92	MQ
MFD03726.bin.2.143	0.918	MQ
MFD03726.bin.2.145	0.823	MQ
MFD03726.bin.2.146	0.862	MQ
MFD03726.bin.2.148	0.84	MQ
MFD03726.bin.2.15	0.896	MQ
MFD03726.bin.2.151	0.864	MQ
MFD03726.bin.2.155	0.847	MQ
MFD03726.bin.2.159	0.821	MQ
MFD03726.bin.2.160	0.876	MQ
MFD03726.bin.2.162	0.875	MQ
MFD03726.bin.2.164	0.912	MQ
MFD03726.bin.2.166	0.861	MQ
MFD03726.bin.2.167	0.846	MQ
MFD03726.bin.2.168	0.859	MQ
MFD03726.bin.2.17	0.862	MQ
MFD03726.bin.2.170	0.843	MQ
MFD03726.bin.2.19	0.848	MQ
MFD03726.bin.2.22	0.829	MQ
MFD03726.bin.2.23	0.87	MQ
MFD03726.bin.2.24	0.846	MQ
MFD03726.bin.2.27	0.84	MQ
MFD03726.bin.2.30	0.853	MQ
MFD03726.bin.2.31	0.874	MQ
MFD03726.bin.2.35	0.858	MQ
MFD03726.bin.2.4	0.852	MQ
MFD03726.bin.2.40	0.851	MQ
MFD03726.bin.2.44	0.813	MQ
MFD03726.bin.2.45	0.863	MQ
MFD03726.bin.2.57	0.828	MQ
MFD03726.bin.2.7	0.807	MQ
MFD03726.bin.2.71	0.878	MQ
MFD03726.bin.2.78	0.84	MQ
MFD03726.bin.2.8	0.855	MQ
MFD03726.bin.2.91	0.811	MQ
MFD03726.bin.2.96	0.851	MQ
MFD03726.bin.2.99	0.873	MQ
MFD03726.bin.3.144	0.842	MQ
MFD03726.bin.3.214	0.828	MQ
MFD03726.bin.3.50	0.84	MQ
MFD03726.bin.3.53	0.849	MQ
MFD03726.bin.3.56	0.877	MQ
MFD03726.bin.3.71	0.857	MQ
MFD03726.bin.3.73	0.852	MQ
MFD03726.bin.3.8	0.812	MQ
MFD03726.bin.3.89	0.805	MQ
MFD03726.bin.4.172	0.819	MQ
MFD03726.bin.4.276	0.927	MQ
MFD03726.bin.4.336	0.796	MQ
MFD03804.bin.1.193	0.878	MQ
MFD03804.bin.1.259	0.854	MQ
MFD03804.bin.1.260	0.911	MQ
MFD03804.bin.1.278	0.895	MQ
MFD03804.bin.1.90	0.86	MQ
MFD03804.bin.2.1	0.917	MQ
MFD03804.bin.2.10	0.839	MQ
MFD03804.bin.2.101	0.897	MQ
MFD03804.bin.2.107	0.91	MQ
MFD03804.bin.2.108	0.891	MQ
MFD03804.bin.2.109	0.854	MQ
MFD03804.bin.2.110	0.867	MQ
MFD03804.bin.2.112	0.9	MQ
MFD03804.bin.2.113	0.886	MQ
MFD03804.bin.2.114	0.882	MQ
MFD03804.bin.2.115	0.851	MQ
MFD03804.bin.2.116	0.864	MQ
MFD03804.bin.2.117	0.87	MQ
MFD03804.bin.2.119	0.82	MQ
MFD03804.bin.2.126	0.898	MQ
MFD03804.bin.2.127	0.887	MQ
MFD03804.bin.2.128	0.854	MQ
MFD03804.bin.2.129	0.901	MQ
MFD03804.bin.2.13	0.889	MQ
MFD03804.bin.2.130	0.895	MQ
MFD03804.bin.2.131	0.894	MQ
MFD03804.bin.2.132	0.851	MQ
MFD03804.bin.2.134	0.843	MQ
MFD03804.bin.2.136	0.881	MQ
MFD03804.bin.2.139	0.889	MQ
MFD03804.bin.2.14	0.884	MQ
MFD03804.bin.2.140	0.82	MQ
MFD03804.bin.2.141	0.812	MQ
MFD03804.bin.2.143	0.906	MQ
MFD03804.bin.2.145	0.844	MQ
MFD03804.bin.2.147	0.923	MQ
MFD03804.bin.2.148	0.828	MQ
MFD03804.bin.2.150	0.862	MQ
MFD03804.bin.2.151	0.839	MQ
MFD03804.bin.2.152	0.884	MQ
MFD03804.bin.2.153	0.89	MQ
MFD03804.bin.2.157	0.9	MQ
MFD03804.bin.2.158	0.889	MQ
MFD03804.bin.2.16	0.893	MQ
MFD03804.bin.2.160	0.903	MQ
MFD03804.bin.2.161	0.811	MQ
MFD03804.bin.2.165	0.878	MQ
MFD03804.bin.2.168	0.89	MQ
MFD03804.bin.2.17	0.859	MQ
MFD03804.bin.2.172	0.893	MQ
MFD03804.bin.2.178	0.86	MQ
MFD03804.bin.2.181	0.855	MQ
MFD03804.bin.2.182	0.832	MQ
MFD03804.bin.2.183	0.894	MQ
MFD03804.bin.2.184	0.888	MQ
MFD03804.bin.2.185	0.835	MQ
MFD03804.bin.2.187	0.888	MQ
MFD03804.bin.2.188	0.847	MQ
MFD03804.bin.2.190	0.838	MQ
MFD03804.bin.2.191	0.866	MQ
MFD03804.bin.2.195	0.882	MQ
MFD03804.bin.2.198	0.833	MQ
MFD03804.bin.2.2	0.862	MQ
MFD03804.bin.2.20	0.838	MQ
MFD03804.bin.2.200	0.856	MQ
MFD03804.bin.2.201	0.866	MQ
MFD03804.bin.2.202	0.847	MQ
MFD03804.bin.2.22	0.898	MQ
MFD03804.bin.2.27	0.874	MQ
MFD03804.bin.2.3	0.864	MQ
MFD03804.bin.2.4	0.827	MQ
MFD03804.bin.2.42	0.837	MQ
MFD03804.bin.2.45	0.837	MQ
MFD03804.bin.2.46	0.839	MQ
MFD03804.bin.2.47	0.834	MQ
MFD03804.bin.2.5	0.848	MQ
MFD03804.bin.2.50	0.891	MQ
MFD03804.bin.2.51	0.849	MQ
MFD03804.bin.2.52	0.857	MQ
MFD03804.bin.2.56	0.846	MQ
MFD03804.bin.2.58	0.902	MQ
MFD03804.bin.2.63	0.839	MQ
MFD03804.bin.2.64	0.855	MQ
MFD03804.bin.2.65	0.862	MQ
MFD03804.bin.2.67	0.876	MQ
MFD03804.bin.2.68	0.872	MQ
MFD03804.bin.2.69	0.917	MQ
MFD03804.bin.2.7	0.846	MQ
MFD03804.bin.2.70	0.851	MQ
MFD03804.bin.2.71	0.847	MQ
MFD03804.bin.2.72	0.857	MQ
MFD03804.bin.2.74	0.823	MQ
MFD03804.bin.2.77	0.874	MQ
MFD03804.bin.2.8	0.883	MQ
MFD03804.bin.2.81	0.856	MQ
MFD03804.bin.2.83	0.853	MQ
MFD03804.bin.2.94	0.843	MQ
MFD03804.bin.2.98	0.863	MQ
MFD03804.bin.3.104	0.822	MQ
MFD03804.bin.3.128	0.879	MQ
MFD03804.bin.3.138	0.824	MQ
MFD03804.bin.3.143	0.903	MQ
MFD03804.bin.3.144	0.852	MQ
MFD03804.bin.3.153	0.821	MQ
MFD03804.bin.3.160	0.863	MQ
MFD03804.bin.3.221	0.845	MQ
MFD03804.bin.3.239	0.878	MQ
MFD03804.bin.3.24	0.858	MQ
MFD03804.bin.3.257	0.859	MQ
MFD03804.bin.3.291	0.801	MQ
MFD03804.bin.3.292	0.866	MQ
MFD03804.bin.3.296	0.843	MQ
MFD03804.bin.3.310	0.877	MQ
MFD03804.bin.3.322	0.896	MQ
MFD03804.bin.3.35	0.841	MQ
MFD03804.bin.3.367	0.861	MQ
MFD03804.bin.3.42	0.871	MQ
MFD03804.bin.3.6	0.825	MQ
MFD03804.bin.3.68	0.843	MQ
MFD03804.bin.3.76	0.859	MQ
MFD03804.bin.3.90	0.858	MQ
MFD03804.bin.3.97	0.898	MQ
MFD03804.bin.3.99	0.838	MQ
MFD03804.bin.4.125	0.865	MQ
MFD03804.bin.4.185	0.806	MQ
MFD03804.bin.4.483	0.896	MQ
MFD03899.bin.2.100	0.833	MQ
MFD03899.bin.2.103	0.875	MQ
MFD03899.bin.2.116	0.845	MQ
MFD03899.bin.2.122	0.848	MQ
MFD03899.bin.2.124	0.826	MQ
MFD03899.bin.2.126	0.883	MQ
MFD03899.bin.2.127	0.821	MQ
MFD03899.bin.2.128	0.825	MQ
MFD03899.bin.2.129	0.862	MQ
MFD03899.bin.2.132	0.847	MQ
MFD03899.bin.2.133	0.859	MQ
MFD03899.bin.2.134	0.849	MQ
MFD03899.bin.2.135	0.86	MQ
MFD03899.bin.2.136	0.841	MQ
MFD03899.bin.2.137	0.821	MQ
MFD03899.bin.2.138	0.813	MQ
MFD03899.bin.2.141	0.855	MQ
MFD03899.bin.2.142	0.83	MQ
MFD03899.bin.2.143	0.897	MQ
MFD03899.bin.2.147	0.86	MQ
MFD03899.bin.2.149	0.843	MQ
MFD03899.bin.2.164	0.841	MQ
MFD03899.bin.2.17	0.836	MQ
MFD03899.bin.2.171	0.845	MQ
MFD03899.bin.2.173	0.856	MQ
MFD03899.bin.2.174	0.867	MQ
MFD03899.bin.2.178	0.79	MQ
MFD03899.bin.2.182	0.842	MQ
MFD03899.bin.2.183	0.778	MQ
MFD03899.bin.2.186	0.869	MQ
MFD03899.bin.2.190	0.866	MQ
MFD03899.bin.2.192	0.842	MQ
MFD03899.bin.2.199	0.868	MQ
MFD03899.bin.2.22	0.848	MQ
MFD03899.bin.2.23	0.802	MQ
MFD03899.bin.2.25	0.857	MQ
MFD03899.bin.2.26	0.866	MQ
MFD03899.bin.2.29	0.876	MQ
MFD03899.bin.2.31	0.927	MQ
MFD03899.bin.2.34	0.864	MQ
MFD03899.bin.2.35	0.856	MQ
MFD03899.bin.2.37	0.866	MQ
MFD03899.bin.2.39	0.825	MQ
MFD03899.bin.2.42	0.867	MQ
MFD03899.bin.2.43	0.85	MQ
MFD03899.bin.2.47	0.847	MQ
MFD03899.bin.2.49	0.826	MQ
MFD03899.bin.2.50	0.818	MQ
MFD03899.bin.2.51	0.82	MQ
MFD03899.bin.2.58	0.793	MQ
MFD03899.bin.2.60	0.887	MQ
MFD03899.bin.2.89	0.862	MQ
MFD03899.bin.2.95	0.845	MQ
MFD03899.bin.3.133	0.89	MQ
MFD03899.bin.3.143	0.885	MQ
MFD03899.bin.3.172	0.822	MQ
MFD03899.bin.3.19	0.854	MQ
MFD03899.bin.3.299	0.797	MQ
MFD03899.bin.3.377	0.886	MQ
MFD03899.bin.4.53	0.868	MQ
MFD03899.bin.4.72	0.816	MQ
MFD03975.bin.2.1	0.873	MQ
MFD03975.bin.2.100	0.849	MQ
MFD03975.bin.2.101	0.815	MQ
MFD03975.bin.2.103	0.858	MQ
MFD03975.bin.2.108	0.843	MQ
MFD03975.bin.2.109	0.845	MQ
MFD03975.bin.2.110	0.847	MQ
MFD03975.bin.2.115	0.869	MQ
MFD03975.bin.2.133	0.878	MQ
MFD03975.bin.2.135	0.843	MQ
MFD03975.bin.2.138	0.875	MQ
MFD03975.bin.2.139	0.871	MQ
MFD03975.bin.2.148	0.874	MQ
MFD03975.bin.2.149	0.849	MQ
MFD03975.bin.2.154	0.86	MQ
MFD03975.bin.2.155	0.799	MQ
MFD03975.bin.2.158	0.853	MQ
MFD03975.bin.2.161	0.833	MQ
MFD03975.bin.2.162	0.835	MQ
MFD03975.bin.2.168	0.845	MQ
MFD03975.bin.2.17	0.849	MQ
MFD03975.bin.2.170	0.866	MQ
MFD03975.bin.2.171	0.834	MQ
MFD03975.bin.2.172	0.824	MQ
MFD03975.bin.2.173	0.853	MQ
MFD03975.bin.2.179	0.846	MQ
MFD03975.bin.2.184	0.835	MQ
MFD03975.bin.2.189	0.843	MQ
MFD03975.bin.2.193	0.864	MQ
MFD03975.bin.2.194	0.854	MQ
MFD03975.bin.2.195	0.827	MQ
MFD03975.bin.2.2	0.868	MQ
MFD03975.bin.2.20	0.868	MQ
MFD03975.bin.2.205	0.865	MQ
MFD03975.bin.2.213	0.838	MQ
MFD03975.bin.2.214	0.849	MQ
MFD03975.bin.2.220	0.839	MQ
MFD03975.bin.2.224	0.842	MQ
MFD03975.bin.2.228	0.829	MQ
MFD03975.bin.2.234	0.8	MQ
MFD03975.bin.2.239	0.842	MQ
MFD03975.bin.2.240	0.863	MQ
MFD03975.bin.2.245	0.849	MQ
MFD03975.bin.2.246	0.871	MQ
MFD03975.bin.2.247	0.837	MQ
MFD03975.bin.2.249	0.896	MQ
MFD03975.bin.2.257	0.836	MQ
MFD03975.bin.2.26	0.878	MQ
MFD03975.bin.2.3	0.81	MQ
MFD03975.bin.2.33	0.831	MQ
MFD03975.bin.2.34	0.855	MQ
MFD03975.bin.2.35	0.838	MQ
MFD03975.bin.2.42	0.895	MQ
MFD03975.bin.2.49	0.908	MQ
MFD03975.bin.2.54	0.838	MQ
MFD03975.bin.2.58	0.795	MQ
MFD03975.bin.2.6	0.848	MQ
MFD03975.bin.2.65	0.818	MQ
MFD03975.bin.2.67	0.839	MQ
MFD03975.bin.2.68	0.87	MQ
MFD03975.bin.2.72	0.849	MQ
MFD03975.bin.2.73	0.808	MQ
MFD03975.bin.2.76	0.836	MQ
MFD03975.bin.2.78	0.831	MQ
MFD03975.bin.2.79	0.829	MQ
MFD03975.bin.2.8	0.799	MQ
MFD03975.bin.2.83	0.814	MQ
MFD03975.bin.2.87	0.875	MQ
MFD03975.bin.2.88	0.828	MQ
MFD03975.bin.2.91	0.851	MQ
MFD03975.bin.2.93	0.817	MQ
MFD03975.bin.2.94	0.828	MQ
MFD03975.bin.3.102	0.805	MQ
MFD03975.bin.3.191	0.852	MQ
MFD03975.bin.3.203	0.845	MQ
MFD03975.bin.3.247	0.839	MQ
MFD03975.bin.3.290	0.832	MQ
MFD03975.bin.3.325	0.876	MQ
MFD03975.bin.3.344	0.844	MQ
MFD03975.bin.3.416	0.834	MQ
MFD03975.bin.3.478	0.811	MQ
MFD03975.bin.3.550	0.814	MQ
MFD03975.bin.3.589	0.841	MQ
MFD03975.bin.3.6	0.896	MQ
MFD03975.bin.3.601	0.836	MQ
MFD03975.bin.3.670	0.825	MQ
MFD03975.bin.3.687	0.871	MQ
MFD03975.bin.3.69	0.812	MQ
MFD03975.bin.3.698	0.903	MQ
MFD03975.bin.4.160	0.863	MQ
MFD03975.bin.4.163	0.813	MQ
MFD03975.bin.4.450	0.831	MQ
MFD03975.bin.4.697	0.83	MQ
MFD04212.bin.1.148	0.921	MQ
MFD04212.bin.1.195	0.914	MQ
MFD04212.bin.1.207	0.888	MQ
MFD04212.bin.1.215	0.917	MQ
MFD04212.bin.1.240	0.91	MQ
MFD04212.bin.1.249	0.927	MQ
MFD04212.bin.1.317	0.936	MQ
MFD04212.bin.2.108	0.927	MQ
MFD04212.bin.2.11	0.916	MQ
MFD04212.bin.2.111	0.842	MQ
MFD04212.bin.2.117	0.87	MQ
MFD04212.bin.2.119	0.86	MQ
MFD04212.bin.2.12	0.94	MQ
MFD04212.bin.2.122	0.897	MQ
MFD04212.bin.2.124	0.863	MQ
MFD04212.bin.2.126	0.901	MQ
MFD04212.bin.2.127	0.907	MQ
MFD04212.bin.2.128	0.848	MQ
MFD04212.bin.2.129	0.901	MQ
MFD04212.bin.2.130	0.842	MQ
MFD04212.bin.2.131	0.865	MQ
MFD04212.bin.2.132	0.868	MQ
MFD04212.bin.2.138	0.89	MQ
MFD04212.bin.2.14	0.824	MQ
MFD04212.bin.2.141	0.886	MQ
MFD04212.bin.2.142	0.853	MQ
MFD04212.bin.2.143	0.881	MQ
MFD04212.bin.2.15	0.837	MQ
MFD04212.bin.2.151	0.82	MQ
MFD04212.bin.2.152	0.873	MQ
MFD04212.bin.2.155	0.814	MQ
MFD04212.bin.2.156	0.812	MQ
MFD04212.bin.2.157	0.884	MQ
MFD04212.bin.2.159	0.909	MQ
MFD04212.bin.2.160	0.867	MQ
MFD04212.bin.2.161	0.868	MQ
MFD04212.bin.2.162	0.858	MQ
MFD04212.bin.2.163	0.886	MQ
MFD04212.bin.2.164	0.883	MQ
MFD04212.bin.2.165	0.87	MQ
MFD04212.bin.2.167	0.928	MQ
MFD04212.bin.2.169	0.891	MQ
MFD04212.bin.2.17	0.889	MQ
MFD04212.bin.2.171	0.907	MQ
MFD04212.bin.2.173	0.882	MQ
MFD04212.bin.2.175	0.912	MQ
MFD04212.bin.2.176	0.882	MQ
MFD04212.bin.2.178	0.829	MQ
MFD04212.bin.2.179	0.817	MQ
MFD04212.bin.2.181	0.88	MQ
MFD04212.bin.2.186	0.844	MQ
MFD04212.bin.2.189	0.858	MQ
MFD04212.bin.2.192	0.858	MQ
MFD04212.bin.2.193	0.877	MQ
MFD04212.bin.2.194	0.854	MQ
MFD04212.bin.2.2	0.917	MQ
MFD04212.bin.2.20	0.916	MQ
MFD04212.bin.2.205	0.89	MQ
MFD04212.bin.2.207	0.877	MQ
MFD04212.bin.2.21	0.908	MQ
MFD04212.bin.2.210	0.818	MQ
MFD04212.bin.2.216	0.829	MQ
MFD04212.bin.2.218	0.93	MQ
MFD04212.bin.2.22	0.902	MQ
MFD04212.bin.2.221	0.831	MQ
MFD04212.bin.2.222	0.891	MQ
MFD04212.bin.2.223	0.895	MQ
MFD04212.bin.2.224	0.832	MQ
MFD04212.bin.2.225	0.865	MQ
MFD04212.bin.2.227	0.827	MQ
MFD04212.bin.2.228	0.929	MQ
MFD04212.bin.2.229	0.866	MQ
MFD04212.bin.2.23	0.902	MQ
MFD04212.bin.2.232	0.835	MQ
MFD04212.bin.2.234	0.857	MQ
MFD04212.bin.2.237	0.848	MQ
MFD04212.bin.2.240	0.874	MQ
MFD04212.bin.2.241	0.863	MQ
MFD04212.bin.2.25	0.887	MQ
MFD04212.bin.2.26	0.85	MQ
MFD04212.bin.2.27	0.867	MQ
MFD04212.bin.2.28	0.815	MQ
MFD04212.bin.2.29	0.909	MQ
MFD04212.bin.2.3	0.912	MQ
MFD04212.bin.2.30	0.875	MQ
MFD04212.bin.2.33	0.884	MQ
MFD04212.bin.2.37	0.874	MQ
MFD04212.bin.2.38	0.894	MQ
MFD04212.bin.2.39	0.903	MQ
MFD04212.bin.2.42	0.91	MQ
MFD04212.bin.2.45	0.855	MQ
MFD04212.bin.2.46	0.856	MQ
MFD04212.bin.2.47	0.88	MQ
MFD04212.bin.2.48	0.927	MQ
MFD04212.bin.2.49	0.885	MQ
MFD04212.bin.2.5	0.865	MQ
MFD04212.bin.2.51	0.821	MQ
MFD04212.bin.2.52	0.898	MQ
MFD04212.bin.2.53	0.841	MQ
MFD04212.bin.2.54	0.81	MQ
MFD04212.bin.2.6	0.87	MQ
MFD04212.bin.2.60	0.838	MQ
MFD04212.bin.2.62	0.827	MQ
MFD04212.bin.2.63	0.85	MQ
MFD04212.bin.2.7	0.839	MQ
MFD04212.bin.2.71	0.911	MQ
MFD04212.bin.2.72	0.852	MQ
MFD04212.bin.2.73	0.895	MQ
MFD04212.bin.2.8	0.863	MQ
MFD04212.bin.2.81	0.828	MQ
MFD04212.bin.2.89	0.856	MQ
MFD04212.bin.2.9	0.895	MQ
MFD04212.bin.3.151	0.839	MQ
MFD04212.bin.3.240	0.896	MQ
MFD04212.bin.3.309	0.844	MQ
MFD04212.bin.3.37	0.877	MQ
MFD04212.bin.3.408	0.905	MQ
MFD04212.bin.3.468	0.829	MQ
MFD04212.bin.3.470	0.922	MQ
MFD04212.bin.3.502	0.824	MQ
MFD04212.bin.3.575	0.809	MQ
MFD04212.bin.3.614	0.88	MQ
MFD04212.bin.3.74	0.817	MQ
MFD04212.bin.3.82	0.858	MQ
MFD04408.bin.1.124	0.834	MQ
MFD04408.bin.1.190	0.799	MQ
MFD04408.bin.1.215	0.875	MQ
MFD04408.bin.1.46	0.883	MQ
MFD04408.bin.1.50	0.883	MQ
MFD04408.bin.1.59	0.832	MQ
MFD04408.bin.2.101	0.824	MQ
MFD04408.bin.2.105	0.821	MQ
MFD04408.bin.2.106	0.842	MQ
MFD04408.bin.2.108	0.861	MQ
MFD04408.bin.2.111	0.84	MQ
MFD04408.bin.2.112	0.842	MQ
MFD04408.bin.2.113	0.812	MQ
MFD04408.bin.2.114	0.832	MQ
MFD04408.bin.2.116	0.859	MQ
MFD04408.bin.2.119	0.855	MQ
MFD04408.bin.2.12	0.856	MQ
MFD04408.bin.2.120	0.821	MQ
MFD04408.bin.2.121	0.845	MQ
MFD04408.bin.2.123	0.848	MQ
MFD04408.bin.2.124	0.878	MQ
MFD04408.bin.2.125	0.816	MQ
MFD04408.bin.2.126	0.833	MQ
MFD04408.bin.2.128	0.831	MQ
MFD04408.bin.2.130	0.868	MQ
MFD04408.bin.2.132	0.846	MQ
MFD04408.bin.2.133	0.856	MQ
MFD04408.bin.2.135	0.863	MQ
MFD04408.bin.2.136	0.862	MQ
MFD04408.bin.2.137	0.818	MQ
MFD04408.bin.2.138	0.849	MQ
MFD04408.bin.2.143	0.852	MQ
MFD04408.bin.2.145	0.828	MQ
MFD04408.bin.2.149	0.829	MQ
MFD04408.bin.2.15	0.845	MQ
MFD04408.bin.2.153	0.819	MQ
MFD04408.bin.2.154	0.859	MQ
MFD04408.bin.2.160	0.816	MQ
MFD04408.bin.2.163	0.874	MQ
MFD04408.bin.2.164	0.839	MQ
MFD04408.bin.2.166	0.831	MQ
MFD04408.bin.2.169	0.797	MQ
MFD04408.bin.2.178	0.857	MQ
MFD04408.bin.2.180	0.881	MQ
MFD04408.bin.2.182	0.876	MQ
MFD04408.bin.2.184	0.849	MQ
MFD04408.bin.2.186	0.893	MQ
MFD04408.bin.2.187	0.846	MQ
MFD04408.bin.2.189	0.89	MQ
MFD04408.bin.2.19	0.867	MQ
MFD04408.bin.2.190	0.854	MQ
MFD04408.bin.2.193	0.826	MQ
MFD04408.bin.2.194	0.833	MQ
MFD04408.bin.2.195	0.856	MQ
MFD04408.bin.2.2	0.783	MQ
MFD04408.bin.2.23	0.808	MQ
MFD04408.bin.2.25	0.907	MQ
MFD04408.bin.2.28	0.836	MQ
MFD04408.bin.2.31	0.841	MQ
MFD04408.bin.2.40	0.841	MQ
MFD04408.bin.2.42	0.871	MQ
MFD04408.bin.2.47	0.865	MQ
MFD04408.bin.2.57	0.871	MQ
MFD04408.bin.2.6	0.871	MQ
MFD04408.bin.2.73	0.888	MQ
MFD04408.bin.2.83	0.861	MQ
MFD04408.bin.2.84	0.815	MQ
MFD04408.bin.2.86	0.82	MQ
MFD04408.bin.2.87	0.834	MQ
MFD04408.bin.2.88	0.832	MQ
MFD04408.bin.2.92	0.864	MQ
MFD04408.bin.2.94	0.832	MQ
MFD04408.bin.2.96	0.87	MQ
MFD04408.bin.2.99	0.824	MQ
MFD04408.bin.3.102	0.846	MQ
MFD04408.bin.3.196	0.819	MQ
MFD04408.bin.3.200	0.88	MQ
MFD04408.bin.3.226	0.849	MQ
MFD04408.bin.3.285	0.871	MQ
MFD04408.bin.3.3	0.816	MQ
MFD04408.bin.3.32	0.841	MQ
MFD04408.bin.3.343	0.841	MQ
MFD04408.bin.3.357	0.867	MQ
MFD04408.bin.3.38	0.85	MQ
MFD04408.bin.3.55	0.827	MQ
MFD04408.bin.3.73	0.777	MQ
MFD04408.bin.3.77	0.843	MQ
MFD04408.bin.3.80	0.837	MQ
MFD04408.bin.4.246	0.909	MQ
MFD04408.bin.4.34	0.868	MQ
MFD04428.bin.1.3	0.872	MQ
MFD04428.bin.2.108	0.811	MQ
MFD04428.bin.2.110	0.817	MQ
MFD04428.bin.2.117	0.862	MQ
MFD04428.bin.2.120	0.838	MQ
MFD04428.bin.2.121	0.849	MQ
MFD04428.bin.2.126	0.821	MQ
MFD04428.bin.2.139	0.827	MQ
MFD04428.bin.2.15	0.828	MQ
MFD04428.bin.2.156	0.851	MQ
MFD04428.bin.2.16	0.866	MQ
MFD04428.bin.2.19	0.841	MQ
MFD04428.bin.2.23	0.865	MQ
MFD04428.bin.2.25	0.841	MQ
MFD04428.bin.2.34	0.866	MQ
MFD04428.bin.2.39	0.87	MQ
MFD04428.bin.2.40	0.847	MQ
MFD04428.bin.2.41	0.827	MQ
MFD04428.bin.2.44	0.875	MQ
MFD04428.bin.2.46	0.815	MQ
MFD04428.bin.2.58	0.829	MQ
MFD04428.bin.2.59	0.86	MQ
MFD04428.bin.2.6	0.894	MQ
MFD04428.bin.2.7	0.797	MQ
MFD04428.bin.2.73	0.837	MQ
MFD04428.bin.2.79	0.836	MQ
MFD04428.bin.2.81	0.825	MQ
MFD04428.bin.2.85	0.838	MQ
MFD04428.bin.2.87	0.874	MQ
MFD04428.bin.2.88	0.883	MQ
MFD04428.bin.2.89	0.836	MQ
MFD04428.bin.2.9	0.873	MQ
MFD04428.bin.2.97	0.829	MQ
MFD04428.bin.3.125	0.87	MQ
MFD04428.bin.3.128	0.849	MQ
MFD04428.bin.3.385	0.823	MQ
MFD04428.bin.3.392	0.839	MQ
MFD04428.bin.3.448	0.901	MQ
MFD04428.bin.3.46	0.832	MQ
MFD04428.bin.3.55	0.801	MQ
MFD04428.bin.4.321	0.846	MQ
MFD04428.bin.4.611	0.872	MQ
MFD04434.bin.1.138	0.887	MQ
MFD04434.bin.1.14	0.854	MQ
MFD04434.bin.1.187	0.946	MQ
MFD04434.bin.1.191	0.878	MQ
MFD04434.bin.1.202	0.899	MQ
MFD04434.bin.1.48	0.89	MQ
MFD04434.bin.2.10	0.81	MQ
MFD04434.bin.2.101	0.785	MQ
MFD04434.bin.2.110	0.853	MQ
MFD04434.bin.2.117	0.831	MQ
MFD04434.bin.2.125	0.868	MQ
MFD04434.bin.2.128	0.882	MQ
MFD04434.bin.2.13	0.879	MQ
MFD04434.bin.2.131	0.861	MQ
MFD04434.bin.2.138	0.839	MQ
MFD04434.bin.2.14	0.796	MQ
MFD04434.bin.2.141	0.871	MQ
MFD04434.bin.2.142	0.902	MQ
MFD04434.bin.2.143	0.873	MQ
MFD04434.bin.2.145	0.792	MQ
MFD04434.bin.2.146	0.863	MQ
MFD04434.bin.2.15	0.83	MQ
MFD04434.bin.2.18	0.895	MQ
MFD04434.bin.2.19	0.877	MQ
MFD04434.bin.2.22	0.878	MQ
MFD04434.bin.2.23	0.912	MQ
MFD04434.bin.2.26	0.826	MQ
MFD04434.bin.2.29	0.814	MQ
MFD04434.bin.2.30	0.882	MQ
MFD04434.bin.2.32	0.86	MQ
MFD04434.bin.2.33	0.872	MQ
MFD04434.bin.2.36	0.832	MQ
MFD04434.bin.2.38	0.808	MQ
MFD04434.bin.2.40	0.85	MQ
MFD04434.bin.2.42	0.856	MQ
MFD04434.bin.2.46	0.827	MQ
MFD04434.bin.2.50	0.797	MQ
MFD04434.bin.2.51	0.87	MQ
MFD04434.bin.2.6	0.865	MQ
MFD04434.bin.2.61	0.829	MQ
MFD04434.bin.2.73	0.87	MQ
MFD04434.bin.2.75	0.854	MQ
MFD04434.bin.2.76	0.885	MQ
MFD04434.bin.2.78	0.837	MQ
MFD04434.bin.2.8	0.83	MQ
MFD04434.bin.2.88	0.855	MQ
MFD04434.bin.2.9	0.843	MQ
MFD04434.bin.2.93	0.875	MQ
MFD04434.bin.2.94	0.842	MQ
MFD04434.bin.3.182	0.857	MQ
MFD04434.bin.3.229	0.882	MQ
MFD04434.bin.3.237	0.851	MQ
MFD04434.bin.3.42	0.831	MQ
MFD04434.bin.3.45	0.902	MQ
MFD04434.bin.3.71	0.844	MQ
MFD04434.bin.4.88	0.812	MQ
MFD04463.bin.1.210	0.842	MQ
MFD04463.bin.1.228	0.835	MQ
MFD04463.bin.1.235	0.882	MQ
MFD04463.bin.1.70	0.865	MQ
MFD04463.bin.1.84	0.909	MQ
MFD04463.bin.2.10	0.873	MQ
MFD04463.bin.2.100	0.823	MQ
MFD04463.bin.2.101	0.814	MQ
MFD04463.bin.2.104	0.851	MQ
MFD04463.bin.2.105	0.816	MQ
MFD04463.bin.2.107	0.847	MQ
MFD04463.bin.2.108	0.78	MQ
MFD04463.bin.2.111	0.855	MQ
MFD04463.bin.2.113	0.868	MQ
MFD04463.bin.2.12	0.867	MQ
MFD04463.bin.2.123	0.82	MQ
MFD04463.bin.2.13	0.848	MQ
MFD04463.bin.2.136	0.837	MQ
MFD04463.bin.2.14	0.878	MQ
MFD04463.bin.2.142	0.857	MQ
MFD04463.bin.2.144	0.844	MQ
MFD04463.bin.2.145	0.859	MQ
MFD04463.bin.2.146	0.868	MQ
MFD04463.bin.2.147	0.863	MQ
MFD04463.bin.2.156	0.882	MQ
MFD04463.bin.2.157	0.901	MQ
MFD04463.bin.2.158	0.876	MQ
MFD04463.bin.2.159	0.81	MQ
MFD04463.bin.2.16	0.862	MQ
MFD04463.bin.2.162	0.874	MQ
MFD04463.bin.2.165	0.85	MQ
MFD04463.bin.2.167	0.816	MQ
MFD04463.bin.2.174	0.833	MQ
MFD04463.bin.2.175	0.85	MQ
MFD04463.bin.2.177	0.811	MQ
MFD04463.bin.2.18	0.827	MQ
MFD04463.bin.2.181	0.838	MQ
MFD04463.bin.2.184	0.849	MQ
MFD04463.bin.2.185	0.827	MQ
MFD04463.bin.2.187	0.876	MQ
MFD04463.bin.2.19	0.832	MQ
MFD04463.bin.2.191	0.832	MQ
MFD04463.bin.2.192	0.883	MQ
MFD04463.bin.2.194	0.861	MQ
MFD04463.bin.2.196	0.863	MQ
MFD04463.bin.2.20	0.85	MQ
MFD04463.bin.2.201	0.86	MQ
MFD04463.bin.2.202	0.829	MQ
MFD04463.bin.2.207	0.867	MQ
MFD04463.bin.2.208	0.828	MQ
MFD04463.bin.2.21	0.863	MQ
MFD04463.bin.2.212	0.916	MQ
MFD04463.bin.2.213	0.803	MQ
MFD04463.bin.2.214	0.831	MQ
MFD04463.bin.2.215	0.812	MQ
MFD04463.bin.2.219	0.865	MQ
MFD04463.bin.2.220	0.881	MQ
MFD04463.bin.2.221	0.86	MQ
MFD04463.bin.2.226	0.829	MQ
MFD04463.bin.2.227	0.868	MQ
MFD04463.bin.2.228	0.849	MQ
MFD04463.bin.2.229	0.817	MQ
MFD04463.bin.2.23	0.895	MQ
MFD04463.bin.2.232	0.851	MQ
MFD04463.bin.2.25	0.807	MQ
MFD04463.bin.2.28	0.867	MQ
MFD04463.bin.2.29	0.847	MQ
MFD04463.bin.2.3	0.828	MQ
MFD04463.bin.2.33	0.871	MQ
MFD04463.bin.2.34	0.831	MQ
MFD04463.bin.2.36	0.785	MQ
MFD04463.bin.2.4	0.851	MQ
MFD04463.bin.2.44	0.811	MQ
MFD04463.bin.2.45	0.838	MQ
MFD04463.bin.2.46	0.781	MQ
MFD04463.bin.2.51	0.836	MQ
MFD04463.bin.2.57	0.829	MQ
MFD04463.bin.2.6	0.895	MQ
MFD04463.bin.2.62	0.878	MQ
MFD04463.bin.2.63	0.847	MQ
MFD04463.bin.2.67	0.877	MQ
MFD04463.bin.2.69	0.81	MQ
MFD04463.bin.2.7	0.803	MQ
MFD04463.bin.2.71	0.854	MQ
MFD04463.bin.2.74	0.857	MQ
MFD04463.bin.2.76	0.893	MQ
MFD04463.bin.2.79	0.853	MQ
MFD04463.bin.2.80	0.851	MQ
MFD04463.bin.2.81	0.81	MQ
MFD04463.bin.2.82	0.813	MQ
MFD04463.bin.2.86	0.852	MQ
MFD04463.bin.2.87	0.87	MQ
MFD04463.bin.2.88	0.82	MQ
MFD04463.bin.2.96	0.86	MQ
MFD04463.bin.2.97	0.821	MQ
MFD04463.bin.3.111	0.86	MQ
MFD04463.bin.3.136	0.878	MQ
MFD04463.bin.3.148	0.848	MQ
MFD04463.bin.3.208	0.863	MQ
MFD04463.bin.3.342	0.845	MQ
MFD04463.bin.3.6	0.841	MQ
MFD04463.bin.3.94	0.82	MQ
MFD04463.bin.4.524	0.843	MQ
MFD04492.bin.1.130	0.843	MQ
MFD04492.bin.1.163	0.903	MQ
MFD04492.bin.2.1	0.823	MQ
MFD04492.bin.2.10	0.831	MQ
MFD04492.bin.2.100	0.881	MQ
MFD04492.bin.2.103	0.853	MQ
MFD04492.bin.2.104	0.827	MQ
MFD04492.bin.2.105	0.852	MQ
MFD04492.bin.2.106	0.808	MQ
MFD04492.bin.2.107	0.824	MQ
MFD04492.bin.2.109	0.837	MQ
MFD04492.bin.2.111	0.803	MQ
MFD04492.bin.2.113	0.81	MQ
MFD04492.bin.2.114	0.864	MQ
MFD04492.bin.2.115	0.822	MQ
MFD04492.bin.2.117	0.821	MQ
MFD04492.bin.2.118	0.823	MQ
MFD04492.bin.2.12	0.86	MQ
MFD04492.bin.2.120	0.874	MQ
MFD04492.bin.2.122	0.844	MQ
MFD04492.bin.2.123	0.856	MQ
MFD04492.bin.2.127	0.832	MQ
MFD04492.bin.2.129	0.837	MQ
MFD04492.bin.2.13	0.886	MQ
MFD04492.bin.2.131	0.789	MQ
MFD04492.bin.2.132	0.819	MQ
MFD04492.bin.2.134	0.839	MQ
MFD04492.bin.2.137	0.832	MQ
MFD04492.bin.2.144	0.793	MQ
MFD04492.bin.2.147	0.813	MQ
MFD04492.bin.2.15	0.874	MQ
MFD04492.bin.2.153	0.864	MQ
MFD04492.bin.2.154	0.897	MQ
MFD04492.bin.2.156	0.86	MQ
MFD04492.bin.2.157	0.872	MQ
MFD04492.bin.2.16	0.875	MQ
MFD04492.bin.2.162	0.854	MQ
MFD04492.bin.2.164	0.856	MQ
MFD04492.bin.2.165	0.856	MQ
MFD04492.bin.2.17	0.881	MQ
MFD04492.bin.2.18	0.859	MQ
MFD04492.bin.2.2	0.813	MQ
MFD04492.bin.2.22	0.899	MQ
MFD04492.bin.2.26	0.822	MQ
MFD04492.bin.2.27	0.831	MQ
MFD04492.bin.2.29	0.821	MQ
MFD04492.bin.2.31	0.889	MQ
MFD04492.bin.2.32	0.846	MQ
MFD04492.bin.2.38	0.833	MQ
MFD04492.bin.2.4	0.833	MQ
MFD04492.bin.2.43	0.845	MQ
MFD04492.bin.2.44	0.864	MQ
MFD04492.bin.2.45	0.843	MQ
MFD04492.bin.2.50	0.82	MQ
MFD04492.bin.2.51	0.78	MQ
MFD04492.bin.2.52	0.792	MQ
MFD04492.bin.2.53	0.814	MQ
MFD04492.bin.2.64	0.845	MQ
MFD04492.bin.2.7	0.842	MQ
MFD04492.bin.2.79	0.809	MQ
MFD04492.bin.2.8	0.818	MQ
MFD04492.bin.2.85	0.871	MQ
MFD04492.bin.2.86	0.885	MQ
MFD04492.bin.2.89	0.831	MQ
MFD04492.bin.2.9	0.852	MQ
MFD04492.bin.2.96	0.887	MQ
MFD04492.bin.2.97	0.852	MQ
MFD04492.bin.2.98	0.852	MQ
MFD04492.bin.2.99	0.83	MQ
MFD04492.bin.3.137	0.819	MQ
MFD04492.bin.3.148	0.853	MQ
MFD04492.bin.3.210	0.811	MQ
MFD04492.bin.3.60	0.791	MQ
MFD04492.bin.3.7	0.893	MQ
MFD04492.bin.3.97	0.827	MQ
MFD04492.bin.4.99	0.841	MQ
MFD04540.bin.1.136	0.864	MQ
MFD04540.bin.1.15	0.871	MQ
MFD04540.bin.1.156	0.86	MQ
MFD04540.bin.1.22	0.911	MQ
MFD04540.bin.1.75	0.855	MQ
MFD04540.bin.2.10	0.911	MQ
MFD04540.bin.2.101	0.881	MQ
MFD04540.bin.2.104	0.882	MQ
MFD04540.bin.2.11	0.866	MQ
MFD04540.bin.2.12	0.884	MQ
MFD04540.bin.2.13	0.816	MQ
MFD04540.bin.2.15	0.898	MQ
MFD04540.bin.2.17	0.849	MQ
MFD04540.bin.2.19	0.852	MQ
MFD04540.bin.2.21	0.868	MQ
MFD04540.bin.2.23	0.869	MQ
MFD04540.bin.2.24	0.869	MQ
MFD04540.bin.2.25	0.84	MQ
MFD04540.bin.2.26	0.86	MQ
MFD04540.bin.2.28	0.877	MQ
MFD04540.bin.2.29	0.858	MQ
MFD04540.bin.2.3	0.902	MQ
MFD04540.bin.2.30	0.857	MQ
MFD04540.bin.2.31	0.876	MQ
MFD04540.bin.2.35	0.874	MQ
MFD04540.bin.2.36	0.854	MQ
MFD04540.bin.2.38	0.808	MQ
MFD04540.bin.2.39	0.829	MQ
MFD04540.bin.2.40	0.909	MQ
MFD04540.bin.2.41	0.83	MQ
MFD04540.bin.2.42	0.792	MQ
MFD04540.bin.2.43	0.879	MQ
MFD04540.bin.2.44	0.905	MQ
MFD04540.bin.2.45	0.897	MQ
MFD04540.bin.2.46	0.887	MQ
MFD04540.bin.2.47	0.846	MQ
MFD04540.bin.2.48	0.868	MQ
MFD04540.bin.2.50	0.884	MQ
MFD04540.bin.2.51	0.842	MQ
MFD04540.bin.2.52	0.839	MQ
MFD04540.bin.2.53	0.848	MQ
MFD04540.bin.2.54	0.821	MQ
MFD04540.bin.2.55	0.846	MQ
MFD04540.bin.2.56	0.863	MQ
MFD04540.bin.2.57	0.864	MQ
MFD04540.bin.2.58	0.817	MQ
MFD04540.bin.2.59	0.874	MQ
MFD04540.bin.2.6	0.879	MQ
MFD04540.bin.2.61	0.893	MQ
MFD04540.bin.2.62	0.849	MQ
MFD04540.bin.2.63	0.896	MQ
MFD04540.bin.2.64	0.851	MQ
MFD04540.bin.2.69	0.823	MQ
MFD04540.bin.2.74	0.87	MQ
MFD04540.bin.2.77	0.821	MQ
MFD04540.bin.2.78	0.812	MQ
MFD04540.bin.2.79	0.892	MQ
MFD04540.bin.2.81	0.892	MQ
MFD04540.bin.2.84	0.904	MQ
MFD04540.bin.2.87	0.87	MQ
MFD04540.bin.2.92	0.867	MQ
MFD04540.bin.2.93	0.838	MQ
MFD04540.bin.2.95	0.87	MQ
MFD04540.bin.2.97	0.813	MQ
MFD04540.bin.2.99	0.868	MQ
MFD04540.bin.3.125	0.842	MQ
MFD04540.bin.3.143	0.875	MQ
MFD04540.bin.3.16	0.839	MQ
MFD04540.bin.3.176	0.902	MQ
MFD04540.bin.3.177	0.893	MQ
MFD04540.bin.3.21	0.873	MQ
MFD04540.bin.3.212	0.849	MQ
MFD04540.bin.3.34	0.847	MQ
MFD04540.bin.3.47	0.851	MQ
MFD04540.bin.3.53	0.892	MQ
MFD04540.bin.3.55	0.894	MQ
MFD04540.bin.3.9	0.83	MQ
MFD04540.bin.4.124	0.886	MQ
MFD04540.bin.4.14	0.826	MQ
MFD04540.bin.4.150	0.838	MQ
MFD04540.bin.4.56	0.822	MQ
MFD04570.bin.1.2	0.873	MQ
MFD04570.bin.1.50	0.866	MQ
MFD04570.bin.1.60	0.84	MQ
MFD04570.bin.2.106	0.854	MQ
MFD04570.bin.2.107	0.791	MQ
MFD04570.bin.2.112	0.87	MQ
MFD04570.bin.2.116	0.855	MQ
MFD04570.bin.2.12	0.88	MQ
MFD04570.bin.2.4	0.844	MQ
MFD04570.bin.2.48	0.875	MQ
MFD04570.bin.2.58	0.844	MQ
MFD04570.bin.2.66	0.826	MQ
MFD04570.bin.2.67	0.815	MQ
MFD04570.bin.2.80	0.85	MQ
MFD04570.bin.2.95	0.839	MQ
MFD04570.bin.3.119	0.857	MQ
MFD04570.bin.3.144	0.83	MQ
MFD04570.bin.3.19	0.862	MQ
MFD04570.bin.3.20	0.857	MQ
MFD04570.bin.3.376	0.819	MQ
MFD04570.bin.3.404	0.838	MQ
MFD04570.bin.3.94	0.811	MQ
MFD04570.bin.4.28	0.88	MQ
MFD04570.bin.4.556	0.789	MQ
MFD04570.bin.4.596	0.815	MQ
MFD04580.bin.1.142	0.884	MQ
MFD04580.bin.1.169	0.906	MQ
MFD04580.bin.1.24	0.889	MQ
MFD04580.bin.1.41	0.936	MQ
MFD04580.bin.1.75	0.921	MQ
MFD04580.bin.1.77	0.848	MQ
MFD04580.bin.2.1	0.877	MQ
MFD04580.bin.2.10	0.874	MQ
MFD04580.bin.2.104	0.847	MQ
MFD04580.bin.2.109	0.808	MQ
MFD04580.bin.2.11	0.816	MQ
MFD04580.bin.2.110	0.824	MQ
MFD04580.bin.2.111	0.856	MQ
MFD04580.bin.2.112	0.827	MQ
MFD04580.bin.2.113	0.86	MQ
MFD04580.bin.2.116	0.892	MQ
MFD04580.bin.2.117	0.859	MQ
MFD04580.bin.2.119	0.911	MQ
MFD04580.bin.2.12	0.9	MQ
MFD04580.bin.2.121	0.777	MQ
MFD04580.bin.2.122	0.885	MQ
MFD04580.bin.2.123	0.825	MQ
MFD04580.bin.2.124	0.863	MQ
MFD04580.bin.2.125	0.864	MQ
MFD04580.bin.2.129	0.83	MQ
MFD04580.bin.2.13	0.846	MQ
MFD04580.bin.2.131	0.838	MQ
MFD04580.bin.2.132	0.851	MQ
MFD04580.bin.2.14	0.87	MQ
MFD04580.bin.2.15	0.858	MQ
MFD04580.bin.2.2	0.845	MQ
MFD04580.bin.2.20	0.918	MQ
MFD04580.bin.2.21	0.851	MQ
MFD04580.bin.2.23	0.838	MQ
MFD04580.bin.2.24	0.881	MQ
MFD04580.bin.2.25	0.836	MQ
MFD04580.bin.2.26	0.881	MQ
MFD04580.bin.2.28	0.865	MQ
MFD04580.bin.2.3	0.818	MQ
MFD04580.bin.2.30	0.884	MQ
MFD04580.bin.2.47	0.865	MQ
MFD04580.bin.2.49	0.904	MQ
MFD04580.bin.2.5	0.878	MQ
MFD04580.bin.2.50	0.85	MQ
MFD04580.bin.2.53	0.845	MQ
MFD04580.bin.2.54	0.894	MQ
MFD04580.bin.2.56	0.894	MQ
MFD04580.bin.2.57	0.889	MQ
MFD04580.bin.2.58	0.823	MQ
MFD04580.bin.2.6	0.883	MQ
MFD04580.bin.2.60	0.806	MQ
MFD04580.bin.2.61	0.845	MQ
MFD04580.bin.2.66	0.904	MQ
MFD04580.bin.2.67	0.856	MQ
MFD04580.bin.2.7	0.92	MQ
MFD04580.bin.2.71	0.828	MQ
MFD04580.bin.2.72	0.894	MQ
MFD04580.bin.2.74	0.882	MQ
MFD04580.bin.2.75	0.816	MQ
MFD04580.bin.2.77	0.856	MQ
MFD04580.bin.2.78	0.848	MQ
MFD04580.bin.2.79	0.839	MQ
MFD04580.bin.2.82	0.867	MQ
MFD04580.bin.2.85	0.876	MQ
MFD04580.bin.2.86	0.815	MQ
MFD04580.bin.2.87	0.908	MQ
MFD04580.bin.2.88	0.816	MQ
MFD04580.bin.2.9	0.833	MQ
MFD04580.bin.2.91	0.851	MQ
MFD04580.bin.2.93	0.848	MQ
MFD04580.bin.2.95	0.858	MQ
MFD04580.bin.2.97	0.849	MQ
MFD04580.bin.2.99	0.908	MQ
MFD04580.bin.3.102	0.891	MQ
MFD04580.bin.3.103	0.875	MQ
MFD04580.bin.3.11	0.9	MQ
MFD04580.bin.3.130	0.854	MQ
MFD04580.bin.3.141	0.864	MQ
MFD04580.bin.3.145	0.858	MQ
MFD04580.bin.3.179	0.814	MQ
MFD04580.bin.3.181	0.846	MQ
MFD04580.bin.3.183	0.855	MQ
MFD04580.bin.3.31	0.902	MQ
MFD04580.bin.3.361	0.834	MQ
MFD04580.bin.3.64	0.845	MQ
MFD04580.bin.4.256	0.89	MQ
MFD04651.bin.1.130	0.916	MQ
MFD04651.bin.1.142	0.915	MQ
MFD04651.bin.1.20	0.912	MQ
MFD04651.bin.1.38	0.901	MQ
MFD04651.bin.1.45	0.864	MQ
MFD04651.bin.2.10	0.878	MQ
MFD04651.bin.2.101	0.9	MQ
MFD04651.bin.2.102	0.869	MQ
MFD04651.bin.2.103	0.838	MQ
MFD04651.bin.2.105	0.841	MQ
MFD04651.bin.2.106	0.843	MQ
MFD04651.bin.2.108	0.908	MQ
MFD04651.bin.2.114	0.856	MQ
MFD04651.bin.2.115	0.887	MQ
MFD04651.bin.2.116	0.831	MQ
MFD04651.bin.2.118	0.841	MQ
MFD04651.bin.2.119	0.846	MQ
MFD04651.bin.2.12	0.855	MQ
MFD04651.bin.2.120	0.899	MQ
MFD04651.bin.2.121	0.839	MQ
MFD04651.bin.2.122	0.891	MQ
MFD04651.bin.2.123	0.863	MQ
MFD04651.bin.2.124	0.796	MQ
MFD04651.bin.2.126	0.898	MQ
MFD04651.bin.2.127	0.836	MQ
MFD04651.bin.2.128	0.831	MQ
MFD04651.bin.2.129	0.782	MQ
MFD04651.bin.2.131	0.841	MQ
MFD04651.bin.2.132	0.89	MQ
MFD04651.bin.2.133	0.884	MQ
MFD04651.bin.2.136	0.878	MQ
MFD04651.bin.2.137	0.836	MQ
MFD04651.bin.2.139	0.866	MQ
MFD04651.bin.2.142	0.837	MQ
MFD04651.bin.2.145	0.853	MQ
MFD04651.bin.2.146	0.815	MQ
MFD04651.bin.2.149	0.913	MQ
MFD04651.bin.2.15	0.854	MQ
MFD04651.bin.2.152	0.872	MQ
MFD04651.bin.2.153	0.823	MQ
MFD04651.bin.2.154	0.85	MQ
MFD04651.bin.2.155	0.889	MQ
MFD04651.bin.2.156	0.84	MQ
MFD04651.bin.2.158	0.826	MQ
MFD04651.bin.2.161	0.822	MQ
MFD04651.bin.2.164	0.85	MQ
MFD04651.bin.2.165	0.879	MQ
MFD04651.bin.2.167	0.878	MQ
MFD04651.bin.2.168	0.868	MQ
MFD04651.bin.2.170	0.882	MQ
MFD04651.bin.2.171	0.858	MQ
MFD04651.bin.2.173	0.891	MQ
MFD04651.bin.2.174	0.822	MQ
MFD04651.bin.2.180	0.872	MQ
MFD04651.bin.2.182	0.883	MQ
MFD04651.bin.2.2	0.879	MQ
MFD04651.bin.2.20	0.828	MQ
MFD04651.bin.2.22	0.855	MQ
MFD04651.bin.2.23	0.834	MQ
MFD04651.bin.2.28	0.849	MQ
MFD04651.bin.2.29	0.842	MQ
MFD04651.bin.2.30	0.857	MQ
MFD04651.bin.2.31	0.816	MQ
MFD04651.bin.2.32	0.803	MQ
MFD04651.bin.2.34	0.874	MQ
MFD04651.bin.2.36	0.873	MQ
MFD04651.bin.2.38	0.869	MQ
MFD04651.bin.2.39	0.915	MQ
MFD04651.bin.2.40	0.794	MQ
MFD04651.bin.2.41	0.867	MQ
MFD04651.bin.2.42	0.901	MQ
MFD04651.bin.2.43	0.857	MQ
MFD04651.bin.2.44	0.855	MQ
MFD04651.bin.2.46	0.862	MQ
MFD04651.bin.2.48	0.812	MQ
MFD04651.bin.2.49	0.874	MQ
MFD04651.bin.2.52	0.84	MQ
MFD04651.bin.2.53	0.84	MQ
MFD04651.bin.2.55	0.866	MQ
MFD04651.bin.2.57	0.823	MQ
MFD04651.bin.2.58	0.813	MQ
MFD04651.bin.2.6	0.902	MQ
MFD04651.bin.2.61	0.825	MQ
MFD04651.bin.2.62	0.815	MQ
MFD04651.bin.2.7	0.809	MQ
MFD04651.bin.2.72	0.824	MQ
MFD04651.bin.2.75	0.863	MQ
MFD04651.bin.2.77	0.904	MQ
MFD04651.bin.2.8	0.808	MQ
MFD04651.bin.2.81	0.855	MQ
MFD04651.bin.2.84	0.913	MQ
MFD04651.bin.2.88	0.9	MQ
MFD04651.bin.2.9	0.864	MQ
MFD04651.bin.2.90	0.849	MQ
MFD04651.bin.2.91	0.857	MQ
MFD04651.bin.2.94	0.866	MQ
MFD04651.bin.2.95	0.879	MQ
MFD04651.bin.2.97	0.873	MQ
MFD04651.bin.2.98	0.864	MQ
MFD04651.bin.2.99	0.849	MQ
MFD04651.bin.3.107	0.911	MQ
MFD04651.bin.3.129	0.903	MQ
MFD04651.bin.3.130	0.822	MQ
MFD04651.bin.3.154	0.898	MQ
MFD04651.bin.3.182	0.877	MQ
MFD04651.bin.3.237	0.883	MQ
MFD04651.bin.3.366	0.898	MQ
MFD04651.bin.3.44	0.906	MQ
MFD04651.bin.3.7	0.884	MQ
MFD04651.bin.3.78	0.894	MQ
MFD04651.bin.4.368	0.836	MQ
MFD04651.bin.4.75	0.855	MQ
MFD04716.bin.1.121	0.904	MQ
MFD04716.bin.1.126	0.9	MQ
MFD04716.bin.1.162	0.86	MQ
MFD04716.bin.1.223	0.855	MQ
MFD04716.bin.1.357	0.908	MQ
MFD04716.bin.1.69	0.903	MQ
MFD04716.bin.1.80	0.846	MQ
MFD04716.bin.2.100	0.872	MQ
MFD04716.bin.2.101	0.849	MQ
MFD04716.bin.2.102	0.816	MQ
MFD04716.bin.2.103	0.831	MQ
MFD04716.bin.2.104	0.818	MQ
MFD04716.bin.2.108	0.819	MQ
MFD04716.bin.2.109	0.877	MQ
MFD04716.bin.2.110	0.762	MQ
MFD04716.bin.2.111	0.868	MQ
MFD04716.bin.2.112	0.866	MQ
MFD04716.bin.2.115	0.859	MQ
MFD04716.bin.2.116	0.862	MQ
MFD04716.bin.2.120	0.847	MQ
MFD04716.bin.2.127	0.818	MQ
MFD04716.bin.2.130	0.908	MQ
MFD04716.bin.2.14	0.917	MQ
MFD04716.bin.2.141	0.872	MQ
MFD04716.bin.2.143	0.86	MQ
MFD04716.bin.2.148	0.905	MQ
MFD04716.bin.2.159	0.887	MQ
MFD04716.bin.2.161	0.872	MQ
MFD04716.bin.2.168	0.892	MQ
MFD04716.bin.2.17	0.891	MQ
MFD04716.bin.2.170	0.852	MQ
MFD04716.bin.2.173	0.889	MQ
MFD04716.bin.2.174	0.888	MQ
MFD04716.bin.2.176	0.894	MQ
MFD04716.bin.2.177	0.865	MQ
MFD04716.bin.2.178	0.891	MQ
MFD04716.bin.2.180	0.913	MQ
MFD04716.bin.2.181	0.862	MQ
MFD04716.bin.2.183	0.875	MQ
MFD04716.bin.2.184	0.884	MQ
MFD04716.bin.2.185	0.865	MQ
MFD04716.bin.2.187	0.82	MQ
MFD04716.bin.2.188	0.825	MQ
MFD04716.bin.2.189	0.91	MQ
MFD04716.bin.2.190	0.899	MQ
MFD04716.bin.2.191	0.857	MQ
MFD04716.bin.2.192	0.871	MQ
MFD04716.bin.2.193	0.87	MQ
MFD04716.bin.2.196	0.825	MQ
MFD04716.bin.2.212	0.887	MQ
MFD04716.bin.2.213	0.844	MQ
MFD04716.bin.2.215	0.879	MQ
MFD04716.bin.2.216	0.867	MQ
MFD04716.bin.2.217	0.909	MQ
MFD04716.bin.2.219	0.888	MQ
MFD04716.bin.2.223	0.841	MQ
MFD04716.bin.2.225	0.881	MQ
MFD04716.bin.2.226	0.827	MQ
MFD04716.bin.2.229	0.861	MQ
MFD04716.bin.2.232	0.891	MQ
MFD04716.bin.2.236	0.889	MQ
MFD04716.bin.2.239	0.861	MQ
MFD04716.bin.2.240	0.879	MQ
MFD04716.bin.2.242	0.852	MQ
MFD04716.bin.2.246	0.863	MQ
MFD04716.bin.2.251	0.856	MQ
MFD04716.bin.2.253	0.851	MQ
MFD04716.bin.2.254	0.894	MQ
MFD04716.bin.2.256	0.821	MQ
MFD04716.bin.2.259	0.879	MQ
MFD04716.bin.2.261	0.877	MQ
MFD04716.bin.2.262	0.889	MQ
MFD04716.bin.2.264	0.825	MQ
MFD04716.bin.2.267	0.877	MQ
MFD04716.bin.2.269	0.875	MQ
MFD04716.bin.2.274	0.923	MQ
MFD04716.bin.2.275	0.859	MQ
MFD04716.bin.2.29	0.871	MQ
MFD04716.bin.2.292	0.87	MQ
MFD04716.bin.2.293	0.872	MQ
MFD04716.bin.2.296	0.9	MQ
MFD04716.bin.2.297	0.894	MQ
MFD04716.bin.2.298	0.843	MQ
MFD04716.bin.2.305	0.874	MQ
MFD04716.bin.2.306	0.824	MQ
MFD04716.bin.2.307	0.848	MQ
MFD04716.bin.2.31	0.884	MQ
MFD04716.bin.2.310	0.874	MQ
MFD04716.bin.2.314	0.827	MQ
MFD04716.bin.2.315	0.883	MQ
MFD04716.bin.2.316	0.876	MQ
MFD04716.bin.2.32	0.857	MQ
MFD04716.bin.2.320	0.866	MQ
MFD04716.bin.2.322	0.864	MQ
MFD04716.bin.2.33	0.862	MQ
MFD04716.bin.2.35	0.85	MQ
MFD04716.bin.2.36	0.898	MQ
MFD04716.bin.2.43	0.935	MQ
MFD04716.bin.2.48	0.89	MQ
MFD04716.bin.2.49	0.875	MQ
MFD04716.bin.2.50	0.883	MQ
MFD04716.bin.2.51	0.907	MQ
MFD04716.bin.2.53	0.919	MQ
MFD04716.bin.2.54	0.889	MQ
MFD04716.bin.2.57	0.873	MQ
MFD04716.bin.2.6	0.839	MQ
MFD04716.bin.2.60	0.894	MQ
MFD04716.bin.2.61	0.874	MQ
MFD04716.bin.2.62	0.852	MQ
MFD04716.bin.2.64	0.866	MQ
MFD04716.bin.2.67	0.876	MQ
MFD04716.bin.2.68	0.867	MQ
MFD04716.bin.2.7	0.892	MQ
MFD04716.bin.2.70	0.882	MQ
MFD04716.bin.2.72	0.895	MQ
MFD04716.bin.2.78	0.876	MQ
MFD04716.bin.2.80	0.857	MQ
MFD04716.bin.2.81	0.879	MQ
MFD04716.bin.2.88	0.874	MQ
MFD04716.bin.2.89	0.847	MQ
MFD04716.bin.2.9	0.846	MQ
MFD04716.bin.2.91	0.855	MQ
MFD04716.bin.2.92	0.91	MQ
MFD04716.bin.2.93	0.862	MQ
MFD04716.bin.3.15	0.91	MQ
MFD04716.bin.3.162	0.834	MQ
MFD04716.bin.3.165	0.862	MQ
MFD04716.bin.3.17	0.903	MQ
MFD04716.bin.3.184	0.848	MQ
MFD04716.bin.3.19	0.883	MQ
MFD04716.bin.3.205	0.814	MQ
MFD04716.bin.3.258	0.83	MQ
MFD04716.bin.3.272	0.838	MQ
MFD04716.bin.3.275	0.865	MQ
MFD04716.bin.3.279	0.845	MQ
MFD04716.bin.3.284	0.847	MQ
MFD04716.bin.3.320	0.848	MQ
MFD04716.bin.3.326	0.872	MQ
MFD04716.bin.3.335	0.899	MQ
MFD04716.bin.3.342	0.901	MQ
MFD04716.bin.3.355	0.797	MQ
MFD04716.bin.3.364	0.907	MQ
MFD04716.bin.3.385	0.914	MQ
MFD04716.bin.3.389	0.846	MQ
MFD04716.bin.3.391	0.841	MQ
MFD04716.bin.3.418	0.931	MQ
MFD04716.bin.3.43	0.866	MQ
MFD04716.bin.3.457	0.846	MQ
MFD04716.bin.3.469	0.881	MQ
MFD04716.bin.3.485	0.854	MQ
MFD04716.bin.3.56	0.892	MQ
MFD04716.bin.3.589	0.834	MQ
MFD04716.bin.3.597	0.917	MQ
MFD04716.bin.3.624	0.873	MQ
MFD04716.bin.3.684	0.875	MQ
MFD04716.bin.3.7	0.884	MQ
MFD04716.bin.3.727	0.894	MQ
MFD04716.bin.3.754	0.883	MQ
MFD04716.bin.3.812	0.862	MQ
MFD04716.bin.3.827	0.91	MQ
MFD04716.bin.4.291	0.894	MQ
MFD04716.bin.4.337	0.806	MQ
MFD04716.bin.4.536	0.858	MQ
MFD04752.bin.1.158	0.882	MQ
MFD04752.bin.1.19	0.859	MQ
MFD04752.bin.1.31	0.916	MQ
MFD04752.bin.1.45	0.863	MQ
MFD04752.bin.2.1	0.838	MQ
MFD04752.bin.2.102	0.872	MQ
MFD04752.bin.2.103	0.848	MQ
MFD04752.bin.2.106	0.858	MQ
MFD04752.bin.2.113	0.84	MQ
MFD04752.bin.2.116	0.852	MQ
MFD04752.bin.2.125	0.835	MQ
MFD04752.bin.2.14	0.806	MQ
MFD04752.bin.2.18	0.847	MQ
MFD04752.bin.2.21	0.821	MQ
MFD04752.bin.2.24	0.843	MQ
MFD04752.bin.2.3	0.805	MQ
MFD04752.bin.2.33	0.854	MQ
MFD04752.bin.2.39	0.874	MQ
MFD04752.bin.2.4	0.789	MQ
MFD04752.bin.2.45	0.862	MQ
MFD04752.bin.2.53	0.884	MQ
MFD04752.bin.2.55	0.849	MQ
MFD04752.bin.2.61	0.811	MQ
MFD04752.bin.2.64	0.874	MQ
MFD04752.bin.2.65	0.836	MQ
MFD04752.bin.2.67	0.802	MQ
MFD04752.bin.2.70	0.806	MQ
MFD04752.bin.2.77	0.86	MQ
MFD04752.bin.2.81	0.877	MQ
MFD04752.bin.2.83	0.824	MQ
MFD04752.bin.2.93	0.845	MQ
MFD04752.bin.2.94	0.849	MQ
MFD04752.bin.2.95	0.845	MQ
MFD04752.bin.2.97	0.874	MQ
MFD04752.bin.2.99	0.881	MQ
MFD04752.bin.3.136	0.836	MQ
MFD04752.bin.3.16	0.916	MQ
MFD04752.bin.3.19	0.848	MQ
MFD04752.bin.3.23	0.818	MQ
MFD04752.bin.3.3	0.863	MQ
MFD04752.bin.3.6	0.919	MQ
MFD04752.bin.4.78	0.85	MQ
MFD04780.bin.1.17	0.869	MQ
MFD04780.bin.1.203	0.855	MQ
MFD04780.bin.1.60	0.912	MQ
MFD04780.bin.1.63	0.913	MQ
MFD04780.bin.2.1	0.801	MQ
MFD04780.bin.2.100	0.8	MQ
MFD04780.bin.2.103	0.87	MQ
MFD04780.bin.2.106	0.885	MQ
MFD04780.bin.2.107	0.835	MQ
MFD04780.bin.2.109	0.89	MQ
MFD04780.bin.2.110	0.909	MQ
MFD04780.bin.2.111	0.838	MQ
MFD04780.bin.2.114	0.843	MQ
MFD04780.bin.2.115	0.906	MQ
MFD04780.bin.2.12	0.875	MQ
MFD04780.bin.2.122	0.865	MQ
MFD04780.bin.2.123	0.854	MQ
MFD04780.bin.2.124	0.854	MQ
MFD04780.bin.2.127	0.87	MQ
MFD04780.bin.2.128	0.845	MQ
MFD04780.bin.2.130	0.849	MQ
MFD04780.bin.2.132	0.856	MQ
MFD04780.bin.2.133	0.828	MQ
MFD04780.bin.2.135	0.837	MQ
MFD04780.bin.2.137	0.86	MQ
MFD04780.bin.2.138	0.803	MQ
MFD04780.bin.2.140	0.851	MQ
MFD04780.bin.2.141	0.843	MQ
MFD04780.bin.2.143	0.838	MQ
MFD04780.bin.2.148	0.845	MQ
MFD04780.bin.2.15	0.849	MQ
MFD04780.bin.2.150	0.839	MQ
MFD04780.bin.2.151	0.868	MQ
MFD04780.bin.2.152	0.817	MQ
MFD04780.bin.2.156	0.873	MQ
MFD04780.bin.2.159	0.846	MQ
MFD04780.bin.2.16	0.853	MQ
MFD04780.bin.2.166	0.843	MQ
MFD04780.bin.2.170	0.876	MQ
MFD04780.bin.2.175	0.909	MQ
MFD04780.bin.2.176	0.878	MQ
MFD04780.bin.2.178	0.848	MQ
MFD04780.bin.2.179	0.892	MQ
MFD04780.bin.2.19	0.841	MQ
MFD04780.bin.2.20	0.855	MQ
MFD04780.bin.2.21	0.844	MQ
MFD04780.bin.2.26	0.852	MQ
MFD04780.bin.2.28	0.828	MQ
MFD04780.bin.2.30	0.769	MQ
MFD04780.bin.2.31	0.885	MQ
MFD04780.bin.2.32	0.889	MQ
MFD04780.bin.2.33	0.853	MQ
MFD04780.bin.2.37	0.88	MQ
MFD04780.bin.2.39	0.838	MQ
MFD04780.bin.2.4	0.849	MQ
MFD04780.bin.2.40	0.878	MQ
MFD04780.bin.2.41	0.849	MQ
MFD04780.bin.2.44	0.835	MQ
MFD04780.bin.2.51	0.881	MQ
MFD04780.bin.2.52	0.867	MQ
MFD04780.bin.2.54	0.829	MQ
MFD04780.bin.2.55	0.896	MQ
MFD04780.bin.2.56	0.815	MQ
MFD04780.bin.2.59	0.879	MQ
MFD04780.bin.2.60	0.868	MQ
MFD04780.bin.2.65	0.828	MQ
MFD04780.bin.2.68	0.85	MQ
MFD04780.bin.2.85	0.823	MQ
MFD04780.bin.2.86	0.898	MQ
MFD04780.bin.2.87	0.855	MQ
MFD04780.bin.2.9	0.858	MQ
MFD04780.bin.2.94	0.864	MQ
MFD04780.bin.2.96	0.866	MQ
MFD04780.bin.2.99	0.857	MQ
MFD04780.bin.3.130	0.847	MQ
MFD04780.bin.3.133	0.812	MQ
MFD04780.bin.3.147	0.856	MQ
MFD04780.bin.3.162	0.82	MQ
MFD04780.bin.3.164	0.9	MQ
MFD04780.bin.3.165	0.846	MQ
MFD04780.bin.3.17	0.906	MQ
MFD04780.bin.3.278	0.883	MQ
MFD04780.bin.3.322	0.831	MQ
MFD04780.bin.3.335	0.823	MQ
MFD04780.bin.3.351	0.813	MQ
MFD04780.bin.3.448	0.86	MQ
MFD04780.bin.3.456	0.907	MQ
MFD04780.bin.3.468	0.834	MQ
MFD04780.bin.3.497	0.797	MQ
MFD04780.bin.3.50	0.847	MQ
MFD04780.bin.3.515	0.822	MQ
MFD04780.bin.3.69	0.822	MQ
MFD04780.bin.4.9	0.823	MQ
MFD04850.bin.1.275	0.864	MQ
MFD04850.bin.2.1	0.852	MQ
MFD04850.bin.2.104	0.822	MQ
MFD04850.bin.2.113	0.849	MQ
MFD04850.bin.2.119	0.851	MQ
MFD04850.bin.2.120	0.829	MQ
MFD04850.bin.2.122	0.822	MQ
MFD04850.bin.2.123	0.895	MQ
MFD04850.bin.2.125	0.804	MQ
MFD04850.bin.2.133	0.84	MQ
MFD04850.bin.2.134	0.859	MQ
MFD04850.bin.2.140	0.861	MQ
MFD04850.bin.2.143	0.847	MQ
MFD04850.bin.2.145	0.83	MQ
MFD04850.bin.2.149	0.849	MQ
MFD04850.bin.2.15	0.881	MQ
MFD04850.bin.2.156	0.834	MQ
MFD04850.bin.2.157	0.836	MQ
MFD04850.bin.2.158	0.865	MQ
MFD04850.bin.2.159	0.832	MQ
MFD04850.bin.2.160	0.807	MQ
MFD04850.bin.2.161	0.821	MQ
MFD04850.bin.2.162	0.828	MQ
MFD04850.bin.2.164	0.83	MQ
MFD04850.bin.2.165	0.799	MQ
MFD04850.bin.2.167	0.828	MQ
MFD04850.bin.2.175	0.839	MQ
MFD04850.bin.2.19	0.845	MQ
MFD04850.bin.2.190	0.825	MQ
MFD04850.bin.2.201	0.835	MQ
MFD04850.bin.2.219	0.868	MQ
MFD04850.bin.2.221	0.88	MQ
MFD04850.bin.2.225	0.874	MQ
MFD04850.bin.2.235	0.884	MQ
MFD04850.bin.2.239	0.866	MQ
MFD04850.bin.2.24	0.8	MQ
MFD04850.bin.2.242	0.866	MQ
MFD04850.bin.2.243	0.837	MQ
MFD04850.bin.2.245	0.886	MQ
MFD04850.bin.2.252	0.862	MQ
MFD04850.bin.2.254	0.895	MQ
MFD04850.bin.2.257	0.802	MQ
MFD04850.bin.2.263	0.872	MQ
MFD04850.bin.2.266	0.837	MQ
MFD04850.bin.2.268	0.833	MQ
MFD04850.bin.2.27	0.822	MQ
MFD04850.bin.2.271	0.85	MQ
MFD04850.bin.2.276	0.871	MQ
MFD04850.bin.2.281	0.904	MQ
MFD04850.bin.2.282	0.85	MQ
MFD04850.bin.2.284	0.882	MQ
MFD04850.bin.2.285	0.827	MQ
MFD04850.bin.2.287	0.845	MQ
MFD04850.bin.2.293	0.854	MQ
MFD04850.bin.2.297	0.813	MQ
MFD04850.bin.2.306	0.852	MQ
MFD04850.bin.2.307	0.923	MQ
MFD04850.bin.2.308	0.842	MQ
MFD04850.bin.2.312	0.853	MQ
MFD04850.bin.2.314	0.877	MQ
MFD04850.bin.2.323	0.846	MQ
MFD04850.bin.2.326	0.92	MQ
MFD04850.bin.2.328	0.851	MQ
MFD04850.bin.2.33	0.872	MQ
MFD04850.bin.2.330	0.893	MQ
MFD04850.bin.2.333	0.85	MQ
MFD04850.bin.2.335	0.874	MQ
MFD04850.bin.2.341	0.841	MQ
MFD04850.bin.2.344	0.86	MQ
MFD04850.bin.2.350	0.826	MQ
MFD04850.bin.2.356	0.843	MQ
MFD04850.bin.2.360	0.882	MQ
MFD04850.bin.2.364	0.854	MQ
MFD04850.bin.2.366	0.816	MQ
MFD04850.bin.2.37	0.849	MQ
MFD04850.bin.2.39	0.825	MQ
MFD04850.bin.2.42	0.831	MQ
MFD04850.bin.2.5	0.88	MQ
MFD04850.bin.2.51	0.861	MQ
MFD04850.bin.2.56	0.893	MQ
MFD04850.bin.2.64	0.828	MQ
MFD04850.bin.2.70	0.809	MQ
MFD04850.bin.2.71	0.857	MQ
MFD04850.bin.2.72	0.865	MQ
MFD04850.bin.2.74	0.814	MQ
MFD04850.bin.2.76	0.817	MQ
MFD04850.bin.2.8	0.826	MQ
MFD04850.bin.2.82	0.818	MQ
MFD04850.bin.2.84	0.877	MQ
MFD04850.bin.2.86	0.866	MQ
MFD04850.bin.2.90	0.828	MQ
MFD04850.bin.2.92	0.856	MQ
MFD04850.bin.2.94	0.832	MQ
MFD04850.bin.2.95	0.857	MQ
MFD04850.bin.3.104	0.817	MQ
MFD04850.bin.3.136	0.806	MQ
MFD04850.bin.3.299	0.89	MQ
MFD04850.bin.3.423	0.862	MQ
MFD04850.bin.3.554	0.84	MQ
MFD04850.bin.3.581	0.827	MQ
MFD04850.bin.3.676	0.81	MQ
MFD04850.bin.3.690	0.882	MQ
MFD04850.bin.4.515	0.87	MQ
MFD04926.bin.2.16	0.858	MQ
MFD04926.bin.2.6	0.849	MQ
MFD04935.bin.2.100	0.824	MQ
MFD04935.bin.2.101	0.914	MQ
MFD04935.bin.2.102	0.876	MQ
MFD04935.bin.2.103	0.898	MQ
MFD04935.bin.2.106	0.818	MQ
MFD04935.bin.2.107	0.891	MQ
MFD04935.bin.2.108	0.834	MQ
MFD04935.bin.2.11	0.919	MQ
MFD04935.bin.2.111	0.837	MQ
MFD04935.bin.2.115	0.823	MQ
MFD04935.bin.2.117	0.842	MQ
MFD04935.bin.2.118	0.878	MQ
MFD04935.bin.2.12	0.833	MQ
MFD04935.bin.2.120	0.873	MQ
MFD04935.bin.2.121	0.867	MQ
MFD04935.bin.2.122	0.84	MQ
MFD04935.bin.2.126	0.851	MQ
MFD04935.bin.2.127	0.89	MQ
MFD04935.bin.2.136	0.826	MQ
MFD04935.bin.2.144	0.819	MQ
MFD04935.bin.2.148	0.918	MQ
MFD04935.bin.2.150	0.931	MQ
MFD04935.bin.2.152	0.819	MQ
MFD04935.bin.2.153	0.861	MQ
MFD04935.bin.2.154	0.895	MQ
MFD04935.bin.2.16	0.875	MQ
MFD04935.bin.2.18	0.84	MQ
MFD04935.bin.2.19	0.901	MQ
MFD04935.bin.2.20	0.875	MQ
MFD04935.bin.2.21	0.864	MQ
MFD04935.bin.2.22	0.823	MQ
MFD04935.bin.2.23	0.875	MQ
MFD04935.bin.2.24	0.921	MQ
MFD04935.bin.2.25	0.833	MQ
MFD04935.bin.2.27	0.901	MQ
MFD04935.bin.2.28	0.859	MQ
MFD04935.bin.2.35	0.868	MQ
MFD04935.bin.2.4	0.864	MQ
MFD04935.bin.2.47	0.886	MQ
MFD04935.bin.2.5	0.904	MQ
MFD04935.bin.2.51	0.842	MQ
MFD04935.bin.2.63	0.892	MQ
MFD04935.bin.2.65	0.895	MQ
MFD04935.bin.2.7	0.824	MQ
MFD04935.bin.2.71	0.917	MQ
MFD04935.bin.2.72	0.888	MQ
MFD04935.bin.2.73	0.852	MQ
MFD04935.bin.2.74	0.829	MQ
MFD04935.bin.2.79	0.87	MQ
MFD04935.bin.2.80	0.864	MQ
MFD04935.bin.2.81	0.893	MQ
MFD04935.bin.2.84	0.882	MQ
MFD04935.bin.2.85	0.866	MQ
MFD04935.bin.2.92	0.847	MQ
MFD04935.bin.2.93	0.855	MQ
MFD04935.bin.2.95	0.817	MQ
MFD04935.bin.2.97	0.876	MQ
MFD04935.bin.2.98	0.855	MQ
MFD04935.bin.2.99	0.828	MQ
MFD04935.bin.3.116	0.835	MQ
MFD04935.bin.3.117	0.875	MQ
MFD04935.bin.3.147	0.888	MQ
MFD04935.bin.3.189	0.924	MQ
MFD04935.bin.3.212	0.821	MQ
MFD04935.bin.3.237	0.868	MQ
MFD04935.bin.3.251	0.91	MQ
MFD04935.bin.3.385	0.81	MQ
MFD04935.bin.3.412	0.846	MQ
MFD04935.bin.3.47	0.899	MQ
MFD04935.bin.3.50	0.827	MQ
MFD04935.bin.3.51	0.837	MQ
MFD04935.bin.3.53	0.848	MQ
MFD04935.bin.3.57	0.861	MQ
MFD04935.bin.3.58	0.816	MQ
MFD04935.bin.3.62	0.904	MQ
MFD04935.bin.3.97	0.882	MQ
MFD04935.bin.4.273	0.906	MQ
MFD04944.bin.1.193	0.918	MQ
MFD04944.bin.1.197	0.91	MQ
MFD04944.bin.1.205	0.902	MQ
MFD04944.bin.1.249	0.911	MQ
MFD04944.bin.1.319	0.857	MQ
MFD04944.bin.2.10	0.843	MQ
MFD04944.bin.2.100	0.89	MQ
MFD04944.bin.2.103	0.867	MQ
MFD04944.bin.2.104	0.863	MQ
MFD04944.bin.2.105	0.895	MQ
MFD04944.bin.2.106	0.913	MQ
MFD04944.bin.2.107	0.847	MQ
MFD04944.bin.2.108	0.935	MQ
MFD04944.bin.2.109	0.915	MQ
MFD04944.bin.2.113	0.841	MQ
MFD04944.bin.2.114	0.853	MQ
MFD04944.bin.2.116	0.863	MQ
MFD04944.bin.2.117	0.843	MQ
MFD04944.bin.2.119	0.894	MQ
MFD04944.bin.2.12	0.883	MQ
MFD04944.bin.2.121	0.853	MQ
MFD04944.bin.2.122	0.899	MQ
MFD04944.bin.2.123	0.867	MQ
MFD04944.bin.2.124	0.845	MQ
MFD04944.bin.2.125	0.91	MQ
MFD04944.bin.2.128	0.926	MQ
MFD04944.bin.2.129	0.883	MQ
MFD04944.bin.2.130	0.911	MQ
MFD04944.bin.2.131	0.869	MQ
MFD04944.bin.2.132	0.823	MQ
MFD04944.bin.2.133	0.888	MQ
MFD04944.bin.2.134	0.874	MQ
MFD04944.bin.2.136	0.851	MQ
MFD04944.bin.2.138	0.912	MQ
MFD04944.bin.2.142	0.878	MQ
MFD04944.bin.2.143	0.861	MQ
MFD04944.bin.2.147	0.874	MQ
MFD04944.bin.2.151	0.863	MQ
MFD04944.bin.2.154	0.816	MQ
MFD04944.bin.2.159	0.911	MQ
MFD04944.bin.2.161	0.892	MQ
MFD04944.bin.2.162	0.853	MQ
MFD04944.bin.2.165	0.864	MQ
MFD04944.bin.2.166	0.849	MQ
MFD04944.bin.2.167	0.847	MQ
MFD04944.bin.2.169	0.905	MQ
MFD04944.bin.2.17	0.777	MQ
MFD04944.bin.2.173	0.857	MQ
MFD04944.bin.2.174	0.901	MQ
MFD04944.bin.2.175	0.883	MQ
MFD04944.bin.2.176	0.866	MQ
MFD04944.bin.2.178	0.829	MQ
MFD04944.bin.2.179	0.881	MQ
MFD04944.bin.2.18	0.848	MQ
MFD04944.bin.2.181	0.827	MQ
MFD04944.bin.2.182	0.935	MQ
MFD04944.bin.2.183	0.859	MQ
MFD04944.bin.2.184	0.855	MQ
MFD04944.bin.2.185	0.866	MQ
MFD04944.bin.2.186	0.922	MQ
MFD04944.bin.2.189	0.835	MQ
MFD04944.bin.2.19	0.893	MQ
MFD04944.bin.2.190	0.875	MQ
MFD04944.bin.2.191	0.85	MQ
MFD04944.bin.2.192	0.846	MQ
MFD04944.bin.2.195	0.828	MQ
MFD04944.bin.2.197	0.905	MQ
MFD04944.bin.2.198	0.888	MQ
MFD04944.bin.2.199	0.834	MQ
MFD04944.bin.2.200	0.913	MQ
MFD04944.bin.2.201	0.869	MQ
MFD04944.bin.2.202	0.849	MQ
MFD04944.bin.2.203	0.818	MQ
MFD04944.bin.2.204	0.866	MQ
MFD04944.bin.2.207	0.887	MQ
MFD04944.bin.2.209	0.804	MQ
MFD04944.bin.2.211	0.853	MQ
MFD04944.bin.2.214	0.91	MQ
MFD04944.bin.2.217	0.872	MQ
MFD04944.bin.2.223	0.852	MQ
MFD04944.bin.2.224	0.873	MQ
MFD04944.bin.2.225	0.885	MQ
MFD04944.bin.2.227	0.9	MQ
MFD04944.bin.2.25	0.857	MQ
MFD04944.bin.2.27	0.9	MQ
MFD04944.bin.2.29	0.846	MQ
MFD04944.bin.2.30	0.885	MQ
MFD04944.bin.2.33	0.88	MQ
MFD04944.bin.2.34	0.897	MQ
MFD04944.bin.2.35	0.853	MQ
MFD04944.bin.2.38	0.873	MQ
MFD04944.bin.2.39	0.819	MQ
MFD04944.bin.2.40	0.866	MQ
MFD04944.bin.2.41	0.87	MQ
MFD04944.bin.2.42	0.85	MQ
MFD04944.bin.2.43	0.915	MQ
MFD04944.bin.2.44	0.828	MQ
MFD04944.bin.2.45	0.884	MQ
MFD04944.bin.2.46	0.858	MQ
MFD04944.bin.2.47	0.883	MQ
MFD04944.bin.2.48	0.876	MQ
MFD04944.bin.2.51	0.838	MQ
MFD04944.bin.2.52	0.841	MQ
MFD04944.bin.2.53	0.88	MQ
MFD04944.bin.2.55	0.895	MQ
MFD04944.bin.2.56	0.841	MQ
MFD04944.bin.2.58	0.816	MQ
MFD04944.bin.2.59	0.903	MQ
MFD04944.bin.2.60	0.763	MQ
MFD04944.bin.2.62	0.887	MQ
MFD04944.bin.2.65	0.848	MQ
MFD04944.bin.2.66	0.868	MQ
MFD04944.bin.2.67	0.869	MQ
MFD04944.bin.2.69	0.894	MQ
MFD04944.bin.2.70	0.825	MQ
MFD04944.bin.2.71	0.766	MQ
MFD04944.bin.2.72	0.819	MQ
MFD04944.bin.2.73	0.836	MQ
MFD04944.bin.2.74	0.829	MQ
MFD04944.bin.2.75	0.815	MQ
MFD04944.bin.2.8	0.842	MQ
MFD04944.bin.2.82	0.857	MQ
MFD04944.bin.2.84	0.829	MQ
MFD04944.bin.2.90	0.802	MQ
MFD04944.bin.2.93	0.905	MQ
MFD04944.bin.2.99	0.916	MQ
MFD04944.bin.3.100	0.859	MQ
MFD04944.bin.3.170	0.89	MQ
MFD04944.bin.3.190	0.866	MQ
MFD04944.bin.3.194	0.91	MQ
MFD04944.bin.3.197	0.833	MQ
MFD04944.bin.3.209	0.855	MQ
MFD04944.bin.3.210	0.882	MQ
MFD04944.bin.3.213	0.902	MQ
MFD04944.bin.3.22	0.82	MQ
MFD04944.bin.3.250	0.892	MQ
MFD04944.bin.3.264	0.923	MQ
MFD04944.bin.3.273	0.888	MQ
MFD04944.bin.3.280	0.853	MQ
MFD04944.bin.3.294	0.872	MQ
MFD04944.bin.3.299	0.872	MQ
MFD04944.bin.3.302	0.862	MQ
MFD04944.bin.3.336	0.925	MQ
MFD04944.bin.3.43	0.828	MQ
MFD04944.bin.3.59	0.842	MQ
MFD04944.bin.3.6	0.852	MQ
MFD04944.bin.3.89	0.855	MQ
MFD04944.bin.3.90	0.84	MQ
MFD04944.bin.4.220	0.838	MQ
MFD04944.bin.4.234	0.9	MQ
MFD04944.bin.4.291	0.887	MQ
MFD04944.bin.4.298	0.882	MQ
MFD04944.bin.4.447	0.819	MQ
MFD04944.bin.4.678	0.855	MQ
MFD04967.bin.1.129	0.875	MQ
MFD04967.bin.1.137	0.871	MQ
MFD04967.bin.1.18	0.836	MQ
MFD04967.bin.1.62	0.896	MQ
MFD04967.bin.2.10	0.88	MQ
MFD04967.bin.2.102	0.814	MQ
MFD04967.bin.2.103	0.853	MQ
MFD04967.bin.2.106	0.837	MQ
MFD04967.bin.2.109	0.872	MQ
MFD04967.bin.2.11	0.875	MQ
MFD04967.bin.2.110	0.855	MQ
MFD04967.bin.2.111	0.87	MQ
MFD04967.bin.2.112	0.842	MQ
MFD04967.bin.2.114	0.856	MQ
MFD04967.bin.2.116	0.868	MQ
MFD04967.bin.2.117	0.864	MQ
MFD04967.bin.2.121	0.868	MQ
MFD04967.bin.2.123	0.843	MQ
MFD04967.bin.2.124	0.841	MQ
MFD04967.bin.2.126	0.846	MQ
MFD04967.bin.2.127	0.8	MQ
MFD04967.bin.2.129	0.871	MQ
MFD04967.bin.2.13	0.837	MQ
MFD04967.bin.2.130	0.856	MQ
MFD04967.bin.2.132	0.888	MQ
MFD04967.bin.2.133	0.855	MQ
MFD04967.bin.2.141	0.882	MQ
MFD04967.bin.2.144	0.831	MQ
MFD04967.bin.2.146	0.916	MQ
MFD04967.bin.2.147	0.838	MQ
MFD04967.bin.2.148	0.885	MQ
MFD04967.bin.2.150	0.843	MQ
MFD04967.bin.2.153	0.916	MQ
MFD04967.bin.2.158	0.848	MQ
MFD04967.bin.2.160	0.856	MQ
MFD04967.bin.2.162	0.875	MQ
MFD04967.bin.2.167	0.841	MQ
MFD04967.bin.2.17	0.883	MQ
MFD04967.bin.2.2	0.858	MQ
MFD04967.bin.2.22	0.847	MQ
MFD04967.bin.2.23	0.929	MQ
MFD04967.bin.2.24	0.821	MQ
MFD04967.bin.2.25	0.846	MQ
MFD04967.bin.2.27	0.798	MQ
MFD04967.bin.2.32	0.886	MQ
MFD04967.bin.2.33	0.842	MQ
MFD04967.bin.2.34	0.823	MQ
MFD04967.bin.2.36	0.885	MQ
MFD04967.bin.2.37	0.871	MQ
MFD04967.bin.2.38	0.834	MQ
MFD04967.bin.2.42	0.855	MQ
MFD04967.bin.2.43	0.847	MQ
MFD04967.bin.2.44	0.826	MQ
MFD04967.bin.2.5	0.868	MQ
MFD04967.bin.2.50	0.842	MQ
MFD04967.bin.2.51	0.849	MQ
MFD04967.bin.2.53	0.862	MQ
MFD04967.bin.2.54	0.823	MQ
MFD04967.bin.2.56	0.806	MQ
MFD04967.bin.2.57	0.802	MQ
MFD04967.bin.2.61	0.802	MQ
MFD04967.bin.2.63	0.826	MQ
MFD04967.bin.2.64	0.812	MQ
MFD04967.bin.2.65	0.859	MQ
MFD04967.bin.2.67	0.897	MQ
MFD04967.bin.2.68	0.832	MQ
MFD04967.bin.2.7	0.848	MQ
MFD04967.bin.2.8	0.846	MQ
MFD04967.bin.2.85	0.842	MQ
MFD04967.bin.2.86	0.866	MQ
MFD04967.bin.2.91	0.839	MQ
MFD04967.bin.2.94	0.89	MQ
MFD04967.bin.2.95	0.893	MQ
MFD04967.bin.2.96	0.849	MQ
MFD04967.bin.2.98	0.892	MQ
MFD04967.bin.2.99	0.842	MQ
MFD04967.bin.3.101	0.811	MQ
MFD04967.bin.3.124	0.91	MQ
MFD04967.bin.3.17	0.886	MQ
MFD04967.bin.3.204	0.894	MQ
MFD04967.bin.3.278	0.786	MQ
MFD04967.bin.3.285	0.878	MQ
MFD04967.bin.3.39	0.868	MQ
MFD04967.bin.3.41	0.879	MQ
MFD04967.bin.3.71	0.868	MQ
MFD04967.bin.4.58	0.851	MQ
MFD05088.bin.2.1	0.821	MQ
MFD05088.bin.2.106	0.852	MQ
MFD05088.bin.2.108	0.864	MQ
MFD05088.bin.2.11	0.855	MQ
MFD05088.bin.2.114	0.83	MQ
MFD05088.bin.2.125	0.82	MQ
MFD05088.bin.2.127	0.839	MQ
MFD05088.bin.2.134	0.855	MQ
MFD05088.bin.2.148	0.819	MQ
MFD05088.bin.2.149	0.848	MQ
MFD05088.bin.2.153	0.819	MQ
MFD05088.bin.2.159	0.844	MQ
MFD05088.bin.2.160	0.89	MQ
MFD05088.bin.2.167	0.823	MQ
MFD05088.bin.2.17	0.801	MQ
MFD05088.bin.2.171	0.823	MQ
MFD05088.bin.2.32	0.825	MQ
MFD05088.bin.2.33	0.867	MQ
MFD05088.bin.2.38	0.852	MQ
MFD05088.bin.2.45	0.852	MQ
MFD05088.bin.2.46	0.824	MQ
MFD05088.bin.2.52	0.872	MQ
MFD05088.bin.2.64	0.803	MQ
MFD05088.bin.2.91	0.857	MQ
MFD05088.bin.2.95	0.849	MQ
MFD05088.bin.2.96	0.865	MQ
MFD05088.bin.3.144	0.802	MQ
MFD05088.bin.3.332	0.834	MQ
MFD05088.bin.3.350	0.851	MQ
MFD05088.bin.3.383	0.836	MQ
MFD05176.bin.1.186	0.868	MQ
MFD05176.bin.1.233	0.909	MQ
MFD05176.bin.2.105	0.903	MQ
MFD05176.bin.2.125	0.893	MQ
MFD05176.bin.2.14	0.834	MQ
MFD05176.bin.2.157	0.847	MQ
MFD05176.bin.2.161	0.836	MQ
MFD05176.bin.2.162	0.834	MQ
MFD05176.bin.2.168	0.822	MQ
MFD05176.bin.2.169	0.868	MQ
MFD05176.bin.2.176	0.801	MQ
MFD05176.bin.2.182	0.857	MQ
MFD05176.bin.2.183	0.831	MQ
MFD05176.bin.2.192	0.817	MQ
MFD05176.bin.2.196	0.83	MQ
MFD05176.bin.2.204	0.917	MQ
MFD05176.bin.2.210	0.863	MQ
MFD05176.bin.2.213	0.828	MQ
MFD05176.bin.2.218	0.86	MQ
MFD05176.bin.2.235	0.843	MQ
MFD05176.bin.2.239	0.831	MQ
MFD05176.bin.2.24	0.843	MQ
MFD05176.bin.2.249	0.86	MQ
MFD05176.bin.2.25	0.83	MQ
MFD05176.bin.2.258	0.844	MQ
MFD05176.bin.2.261	0.858	MQ
MFD05176.bin.2.263	0.885	MQ
MFD05176.bin.2.265	0.827	MQ
MFD05176.bin.2.268	0.822	MQ
MFD05176.bin.2.274	0.855	MQ
MFD05176.bin.2.28	0.841	MQ
MFD05176.bin.2.36	0.853	MQ
MFD05176.bin.2.37	0.824	MQ
MFD05176.bin.2.42	0.873	MQ
MFD05176.bin.2.45	0.832	MQ
MFD05176.bin.2.46	0.824	MQ
MFD05176.bin.2.48	0.836	MQ
MFD05176.bin.2.49	0.805	MQ
MFD05176.bin.2.54	0.837	MQ
MFD05176.bin.2.55	0.835	MQ
MFD05176.bin.2.62	0.841	MQ
MFD05176.bin.2.65	0.836	MQ
MFD05176.bin.2.66	0.821	MQ
MFD05176.bin.2.67	0.828	MQ
MFD05176.bin.2.72	0.821	MQ
MFD05176.bin.2.78	0.887	MQ
MFD05176.bin.2.84	0.825	MQ
MFD05176.bin.2.85	0.862	MQ
MFD05176.bin.2.87	0.837	MQ
MFD05176.bin.2.9	0.833	MQ
MFD05176.bin.2.94	0.862	MQ
MFD05176.bin.2.99	0.869	MQ
MFD05176.bin.3.165	0.875	MQ
MFD05176.bin.3.193	0.854	MQ
MFD05176.bin.3.200	0.821	MQ
MFD05176.bin.3.249	0.869	MQ
MFD05176.bin.3.462	0.868	MQ
MFD05176.bin.3.630	0.896	MQ
MFD05176.bin.3.667	0.806	MQ
MFD05176.bin.3.681	0.886	MQ
MFD05176.bin.3.82	0.821	MQ
MFD05176.bin.3.91	0.872	MQ
MFD05176.bin.4.598	0.876	MQ
MFD05377.bin.1.144	0.912	MQ
MFD05377.bin.1.149	0.836	MQ
MFD05377.bin.1.7	0.871	MQ
MFD05377.bin.2.102	0.833	MQ
MFD05377.bin.2.104	0.827	MQ
MFD05377.bin.2.108	0.785	MQ
MFD05377.bin.2.109	0.829	MQ
MFD05377.bin.2.110	0.835	MQ
MFD05377.bin.2.113	0.839	MQ
MFD05377.bin.2.114	0.823	MQ
MFD05377.bin.2.117	0.852	MQ
MFD05377.bin.2.119	0.833	MQ
MFD05377.bin.2.12	0.898	MQ
MFD05377.bin.2.120	0.782	MQ
MFD05377.bin.2.121	0.874	MQ
MFD05377.bin.2.123	0.843	MQ
MFD05377.bin.2.126	0.823	MQ
MFD05377.bin.2.14	0.819	MQ
MFD05377.bin.2.146	0.832	MQ
MFD05377.bin.2.147	0.848	MQ
MFD05377.bin.2.151	0.825	MQ
MFD05377.bin.2.152	0.838	MQ
MFD05377.bin.2.153	0.81	MQ
MFD05377.bin.2.155	0.878	MQ
MFD05377.bin.2.157	0.787	MQ
MFD05377.bin.2.158	0.871	MQ
MFD05377.bin.2.160	0.902	MQ
MFD05377.bin.2.162	0.829	MQ
MFD05377.bin.2.163	0.838	MQ
MFD05377.bin.2.169	0.854	MQ
MFD05377.bin.2.17	0.817	MQ
MFD05377.bin.2.170	0.847	MQ
MFD05377.bin.2.18	0.859	MQ
MFD05377.bin.2.2	0.812	MQ
MFD05377.bin.2.21	0.83	MQ
MFD05377.bin.2.23	0.881	MQ
MFD05377.bin.2.25	0.844	MQ
MFD05377.bin.2.26	0.791	MQ
MFD05377.bin.2.28	0.828	MQ
MFD05377.bin.2.30	0.917	MQ
MFD05377.bin.2.32	0.83	MQ
MFD05377.bin.2.33	0.865	MQ
MFD05377.bin.2.35	0.862	MQ
MFD05377.bin.2.37	0.842	MQ
MFD05377.bin.2.4	0.876	MQ
MFD05377.bin.2.41	0.85	MQ
MFD05377.bin.2.43	0.869	MQ
MFD05377.bin.2.44	0.834	MQ
MFD05377.bin.2.46	0.736	MQ
MFD05377.bin.2.47	0.853	MQ
MFD05377.bin.2.5	0.826	MQ
MFD05377.bin.2.7	0.812	MQ
MFD05377.bin.2.70	0.857	MQ
MFD05377.bin.2.76	0.79	MQ
MFD05377.bin.2.79	0.853	MQ
MFD05377.bin.2.80	0.816	MQ
MFD05377.bin.2.82	0.791	MQ
MFD05377.bin.2.87	0.878	MQ
MFD05377.bin.2.88	0.819	MQ
MFD05377.bin.2.91	0.842	MQ
MFD05377.bin.3.144	0.889	MQ
MFD05377.bin.3.173	0.861	MQ
MFD05377.bin.3.230	0.797	MQ
MFD05377.bin.3.25	0.856	MQ
MFD05377.bin.3.283	0.81	MQ
MFD05377.bin.3.303	0.863	MQ
MFD05377.bin.3.35	0.833	MQ
MFD05377.bin.3.358	0.86	MQ
MFD05377.bin.3.46	0.847	MQ
MFD05379.bin.1.4	0.882	MQ
MFD05379.bin.2.10	0.83	MQ
MFD05379.bin.2.13	0.829	MQ
MFD05379.bin.2.14	0.87	MQ
MFD05379.bin.2.2	0.873	MQ
MFD05379.bin.2.20	0.819	MQ
MFD05379.bin.2.6	0.872	MQ
MFD05379.bin.2.7	0.829	MQ
MFD05379.bin.3.52	0.867	MQ
MFD05379.bin.3.55	0.835	MQ
MFD05442.bin.1.249	0.889	MQ
MFD05442.bin.1.338	0.922	MQ
MFD05442.bin.1.44	0.881	MQ
MFD05442.bin.1.64	0.919	MQ
MFD05442.bin.2.100	0.839	MQ
MFD05442.bin.2.102	0.869	MQ
MFD05442.bin.2.103	0.842	MQ
MFD05442.bin.2.104	0.834	MQ
MFD05442.bin.2.105	0.845	MQ
MFD05442.bin.2.107	0.861	MQ
MFD05442.bin.2.108	0.829	MQ
MFD05442.bin.2.110	0.836	MQ
MFD05442.bin.2.111	0.878	MQ
MFD05442.bin.2.112	0.856	MQ
MFD05442.bin.2.113	0.825	MQ
MFD05442.bin.2.114	0.8	MQ
MFD05442.bin.2.115	0.837	MQ
MFD05442.bin.2.116	0.879	MQ
MFD05442.bin.2.117	0.83	MQ
MFD05442.bin.2.120	0.864	MQ
MFD05442.bin.2.121	0.837	MQ
MFD05442.bin.2.122	0.858	MQ
MFD05442.bin.2.123	0.807	MQ
MFD05442.bin.2.126	0.816	MQ
MFD05442.bin.2.127	0.899	MQ
MFD05442.bin.2.128	0.832	MQ
MFD05442.bin.2.129	0.836	MQ
MFD05442.bin.2.133	0.866	MQ
MFD05442.bin.2.134	0.859	MQ
MFD05442.bin.2.137	0.822	MQ
MFD05442.bin.2.155	0.903	MQ
MFD05442.bin.2.159	0.876	MQ
MFD05442.bin.2.16	0.898	MQ
MFD05442.bin.2.162	0.854	MQ
MFD05442.bin.2.170	0.889	MQ
MFD05442.bin.2.174	0.912	MQ
MFD05442.bin.2.18	0.856	MQ
MFD05442.bin.2.181	0.888	MQ
MFD05442.bin.2.182	0.855	MQ
MFD05442.bin.2.184	0.855	MQ
MFD05442.bin.2.187	0.821	MQ
MFD05442.bin.2.188	0.904	MQ
MFD05442.bin.2.189	0.869	MQ
MFD05442.bin.2.193	0.897	MQ
MFD05442.bin.2.194	0.838	MQ
MFD05442.bin.2.195	0.896	MQ
MFD05442.bin.2.197	0.889	MQ
MFD05442.bin.2.198	0.838	MQ
MFD05442.bin.2.199	0.843	MQ
MFD05442.bin.2.2	0.886	MQ
MFD05442.bin.2.200	0.874	MQ
MFD05442.bin.2.201	0.849	MQ
MFD05442.bin.2.203	0.876	MQ
MFD05442.bin.2.204	0.856	MQ
MFD05442.bin.2.205	0.866	MQ
MFD05442.bin.2.21	0.903	MQ
MFD05442.bin.2.211	0.851	MQ
MFD05442.bin.2.213	0.848	MQ
MFD05442.bin.2.216	0.823	MQ
MFD05442.bin.2.218	0.893	MQ
MFD05442.bin.2.22	0.812	MQ
MFD05442.bin.2.221	0.858	MQ
MFD05442.bin.2.222	0.878	MQ
MFD05442.bin.2.223	0.824	MQ
MFD05442.bin.2.226	0.894	MQ
MFD05442.bin.2.228	0.89	MQ
MFD05442.bin.2.230	0.847	MQ
MFD05442.bin.2.231	0.867	MQ
MFD05442.bin.2.232	0.904	MQ
MFD05442.bin.2.233	0.892	MQ
MFD05442.bin.2.234	0.881	MQ
MFD05442.bin.2.237	0.865	MQ
MFD05442.bin.2.238	0.892	MQ
MFD05442.bin.2.239	0.851	MQ
MFD05442.bin.2.240	0.882	MQ
MFD05442.bin.2.243	0.843	MQ
MFD05442.bin.2.246	0.85	MQ
MFD05442.bin.2.247	0.827	MQ
MFD05442.bin.2.248	0.892	MQ
MFD05442.bin.2.25	0.843	MQ
MFD05442.bin.2.252	0.862	MQ
MFD05442.bin.2.253	0.876	MQ
MFD05442.bin.2.255	0.862	MQ
MFD05442.bin.2.261	0.829	MQ
MFD05442.bin.2.263	0.906	MQ
MFD05442.bin.2.264	0.883	MQ
MFD05442.bin.2.266	0.85	MQ
MFD05442.bin.2.268	0.858	MQ
MFD05442.bin.2.269	0.91	MQ
MFD05442.bin.2.270	0.885	MQ
MFD05442.bin.2.271	0.847	MQ
MFD05442.bin.2.272	0.872	MQ
MFD05442.bin.2.274	0.899	MQ
MFD05442.bin.2.280	0.841	MQ
MFD05442.bin.2.281	0.839	MQ
MFD05442.bin.2.282	0.871	MQ
MFD05442.bin.2.284	0.84	MQ
MFD05442.bin.2.288	0.879	MQ
MFD05442.bin.2.291	0.855	MQ
MFD05442.bin.2.293	0.878	MQ
MFD05442.bin.2.294	0.851	MQ
MFD05442.bin.2.295	0.865	MQ
MFD05442.bin.2.298	0.853	MQ
MFD05442.bin.2.3	0.865	MQ
MFD05442.bin.2.30	0.843	MQ
MFD05442.bin.2.301	0.882	MQ
MFD05442.bin.2.302	0.87	MQ
MFD05442.bin.2.303	0.85	MQ
MFD05442.bin.2.304	0.85	MQ
MFD05442.bin.2.307	0.821	MQ
MFD05442.bin.2.308	0.814	MQ
MFD05442.bin.2.31	0.871	MQ
MFD05442.bin.2.310	0.854	MQ
MFD05442.bin.2.311	0.803	MQ
MFD05442.bin.2.312	0.822	MQ
MFD05442.bin.2.315	0.848	MQ
MFD05442.bin.2.316	0.885	MQ
MFD05442.bin.2.318	0.837	MQ
MFD05442.bin.2.32	0.837	MQ
MFD05442.bin.2.323	0.859	MQ
MFD05442.bin.2.324	0.837	MQ
MFD05442.bin.2.325	0.859	MQ
MFD05442.bin.2.327	0.803	MQ
MFD05442.bin.2.328	0.851	MQ
MFD05442.bin.2.329	0.802	MQ
MFD05442.bin.2.33	0.899	MQ
MFD05442.bin.2.330	0.864	MQ
MFD05442.bin.2.331	0.895	MQ
MFD05442.bin.2.332	0.86	MQ
MFD05442.bin.2.333	0.873	MQ
MFD05442.bin.2.34	0.873	MQ
MFD05442.bin.2.36	0.876	MQ
MFD05442.bin.2.37	0.895	MQ
MFD05442.bin.2.40	0.87	MQ
MFD05442.bin.2.42	0.877	MQ
MFD05442.bin.2.45	0.854	MQ
MFD05442.bin.2.50	0.885	MQ
MFD05442.bin.2.52	0.881	MQ
MFD05442.bin.2.53	0.82	MQ
MFD05442.bin.2.54	0.884	MQ
MFD05442.bin.2.56	0.813	MQ
MFD05442.bin.2.57	0.905	MQ
MFD05442.bin.2.58	0.875	MQ
MFD05442.bin.2.62	0.886	MQ
MFD05442.bin.2.64	0.864	MQ
MFD05442.bin.2.65	0.882	MQ
MFD05442.bin.2.67	0.864	MQ
MFD05442.bin.2.7	0.834	MQ
MFD05442.bin.2.71	0.879	MQ
MFD05442.bin.2.72	0.923	MQ
MFD05442.bin.2.74	0.828	MQ
MFD05442.bin.2.76	0.825	MQ
MFD05442.bin.2.77	0.854	MQ
MFD05442.bin.2.78	0.855	MQ
MFD05442.bin.2.79	0.855	MQ
MFD05442.bin.2.8	0.909	MQ
MFD05442.bin.2.80	0.911	MQ
MFD05442.bin.2.81	0.888	MQ
MFD05442.bin.2.83	0.857	MQ
MFD05442.bin.2.84	0.851	MQ
MFD05442.bin.2.85	0.836	MQ
MFD05442.bin.2.86	0.885	MQ
MFD05442.bin.2.87	0.87	MQ
MFD05442.bin.2.89	0.867	MQ
MFD05442.bin.2.9	0.905	MQ
MFD05442.bin.2.91	0.852	MQ
MFD05442.bin.2.92	0.858	MQ
MFD05442.bin.2.93	0.851	MQ
MFD05442.bin.2.94	0.877	MQ
MFD05442.bin.2.97	0.835	MQ
MFD05442.bin.2.98	0.822	MQ
MFD05442.bin.3.121	0.924	MQ
MFD05442.bin.3.150	0.853	MQ
MFD05442.bin.3.195	0.851	MQ
MFD05442.bin.3.20	0.802	MQ
MFD05442.bin.3.221	0.845	MQ
MFD05442.bin.3.225	0.867	MQ
MFD05442.bin.3.269	0.869	MQ
MFD05442.bin.3.281	0.842	MQ
MFD05442.bin.3.300	0.843	MQ
MFD05442.bin.3.338	0.907	MQ
MFD05442.bin.3.37	0.888	MQ
MFD05442.bin.3.397	0.906	MQ
MFD05442.bin.3.399	0.911	MQ
MFD05442.bin.3.421	0.883	MQ
MFD05442.bin.3.447	0.881	MQ
MFD05442.bin.3.478	0.877	MQ
MFD05442.bin.3.505	0.867	MQ
MFD05442.bin.3.528	0.892	MQ
MFD05442.bin.3.531	0.843	MQ
MFD05442.bin.3.54	0.858	MQ
MFD05442.bin.3.542	0.922	MQ
MFD05442.bin.3.622	0.898	MQ
MFD05442.bin.3.641	0.846	MQ
MFD05442.bin.3.652	0.787	MQ
MFD05442.bin.3.96	0.831	MQ
MFD05442.bin.4.225	0.858	MQ
MFD05442.bin.4.352	0.906	MQ
MFD05442.bin.4.392	0.839	MQ
MFD05442.bin.4.429	0.819	MQ
MFD05442.bin.4.724	0.833	MQ
MFD05442.bin.4.74	0.833	MQ
MFD05442.bin.4.822	0.863	MQ
MFD05454.bin.2.105	0.82	MQ
MFD05454.bin.2.107	0.833	MQ
MFD05454.bin.2.111	0.852	MQ
MFD05454.bin.2.113	0.822	MQ
MFD05454.bin.2.114	0.822	MQ
MFD05454.bin.2.120	0.816	MQ
MFD05454.bin.2.130	0.878	MQ
MFD05454.bin.2.144	0.826	MQ
MFD05454.bin.2.147	0.883	MQ
MFD05454.bin.2.162	0.885	MQ
MFD05454.bin.2.164	0.891	MQ
MFD05454.bin.2.184	0.891	MQ
MFD05454.bin.2.189	0.868	MQ
MFD05454.bin.2.198	0.834	MQ
MFD05454.bin.2.208	0.815	MQ
MFD05454.bin.2.209	0.832	MQ
MFD05454.bin.2.211	0.864	MQ
MFD05454.bin.2.212	0.856	MQ
MFD05454.bin.2.213	0.88	MQ
MFD05454.bin.2.214	0.866	MQ
MFD05454.bin.2.228	0.851	MQ
MFD05454.bin.2.232	0.874	MQ
MFD05454.bin.2.240	0.904	MQ
MFD05454.bin.2.241	0.84	MQ
MFD05454.bin.2.245	0.81	MQ
MFD05454.bin.2.247	0.89	MQ
MFD05454.bin.2.248	0.868	MQ
MFD05454.bin.2.252	0.841	MQ
MFD05454.bin.2.256	0.856	MQ
MFD05454.bin.2.263	0.86	MQ
MFD05454.bin.2.264	0.848	MQ
MFD05454.bin.2.267	0.884	MQ
MFD05454.bin.2.27	0.822	MQ
MFD05454.bin.2.274	0.834	MQ
MFD05454.bin.2.277	0.874	MQ
MFD05454.bin.2.279	0.837	MQ
MFD05454.bin.2.29	0.871	MQ
MFD05454.bin.2.291	0.9	MQ
MFD05454.bin.2.293	0.848	MQ
MFD05454.bin.2.296	0.878	MQ
MFD05454.bin.2.298	0.855	MQ
MFD05454.bin.2.299	0.893	MQ
MFD05454.bin.2.30	0.868	MQ
MFD05454.bin.2.306	0.847	MQ
MFD05454.bin.2.307	0.841	MQ
MFD05454.bin.2.37	0.843	MQ
MFD05454.bin.2.45	0.838	MQ
MFD05454.bin.2.5	0.892	MQ
MFD05454.bin.2.50	0.841	MQ
MFD05454.bin.2.51	0.849	MQ
MFD05454.bin.2.52	0.826	MQ
MFD05454.bin.2.54	0.865	MQ
MFD05454.bin.2.59	0.866	MQ
MFD05454.bin.2.64	0.802	MQ
MFD05454.bin.2.67	0.879	MQ
MFD05454.bin.2.69	0.873	MQ
MFD05454.bin.2.74	0.895	MQ
MFD05454.bin.2.75	0.854	MQ
MFD05454.bin.2.78	0.893	MQ
MFD05454.bin.2.89	0.88	MQ
MFD05454.bin.2.93	0.859	MQ
MFD05454.bin.2.94	0.852	MQ
MFD05454.bin.2.98	0.813	MQ
MFD05454.bin.2.99	0.84	MQ
MFD05454.bin.3.18	0.832	MQ
MFD05454.bin.3.187	0.853	MQ
MFD05454.bin.3.205	0.815	MQ
MFD05454.bin.3.259	0.819	MQ
MFD05454.bin.3.409	0.89	MQ
MFD05454.bin.3.573	0.844	MQ
MFD05454.bin.3.622	0.838	MQ
MFD05454.bin.3.635	0.875	MQ
MFD05454.bin.3.713	0.843	MQ
MFD05454.bin.3.824	0.857	MQ
MFD05454.bin.3.844	0.875	MQ
MFD05454.bin.4.16	0.869	MQ
MFD05454.bin.4.68	0.847	MQ
MFD05502.bin.1.155	0.859	MQ
MFD05502.bin.1.200	0.925	MQ
MFD05502.bin.2.100	0.884	MQ
MFD05502.bin.2.101	0.822	MQ
MFD05502.bin.2.102	0.86	MQ
MFD05502.bin.2.103	0.77	MQ
MFD05502.bin.2.104	0.808	MQ
MFD05502.bin.2.105	0.83	MQ
MFD05502.bin.2.108	0.897	MQ
MFD05502.bin.2.11	0.903	MQ
MFD05502.bin.2.110	0.848	MQ
MFD05502.bin.2.112	0.865	MQ
MFD05502.bin.2.114	0.842	MQ
MFD05502.bin.2.117	0.797	MQ
MFD05502.bin.2.118	0.886	MQ
MFD05502.bin.2.120	0.848	MQ
MFD05502.bin.2.124	0.903	MQ
MFD05502.bin.2.127	0.899	MQ
MFD05502.bin.2.129	0.901	MQ
MFD05502.bin.2.135	0.815	MQ
MFD05502.bin.2.137	0.88	MQ
MFD05502.bin.2.138	0.865	MQ
MFD05502.bin.2.139	0.859	MQ
MFD05502.bin.2.141	0.862	MQ
MFD05502.bin.2.143	0.817	MQ
MFD05502.bin.2.144	0.848	MQ
MFD05502.bin.2.147	0.842	MQ
MFD05502.bin.2.149	0.835	MQ
MFD05502.bin.2.153	0.85	MQ
MFD05502.bin.2.155	0.829	MQ
MFD05502.bin.2.16	0.865	MQ
MFD05502.bin.2.18	0.867	MQ
MFD05502.bin.2.23	0.842	MQ
MFD05502.bin.2.24	0.861	MQ
MFD05502.bin.2.26	0.883	MQ
MFD05502.bin.2.29	0.872	MQ
MFD05502.bin.2.3	0.881	MQ
MFD05502.bin.2.30	0.921	MQ
MFD05502.bin.2.31	0.865	MQ
MFD05502.bin.2.32	0.84	MQ
MFD05502.bin.2.33	0.849	MQ
MFD05502.bin.2.34	0.868	MQ
MFD05502.bin.2.35	0.863	MQ
MFD05502.bin.2.37	0.846	MQ
MFD05502.bin.2.38	0.852	MQ
MFD05502.bin.2.39	0.878	MQ
MFD05502.bin.2.4	0.888	MQ
MFD05502.bin.2.40	0.84	MQ
MFD05502.bin.2.42	0.876	MQ
MFD05502.bin.2.43	0.858	MQ
MFD05502.bin.2.44	0.827	MQ
MFD05502.bin.2.45	0.803	MQ
MFD05502.bin.2.46	0.859	MQ
MFD05502.bin.2.48	0.84	MQ
MFD05502.bin.2.50	0.855	MQ
MFD05502.bin.2.59	0.869	MQ
MFD05502.bin.2.6	0.863	MQ
MFD05502.bin.2.61	0.893	MQ
MFD05502.bin.2.66	0.843	MQ
MFD05502.bin.2.68	0.872	MQ
MFD05502.bin.2.69	0.864	MQ
MFD05502.bin.2.70	0.86	MQ
MFD05502.bin.2.71	0.86	MQ
MFD05502.bin.2.72	0.817	MQ
MFD05502.bin.2.78	0.868	MQ
MFD05502.bin.2.80	0.856	MQ
MFD05502.bin.2.81	0.821	MQ
MFD05502.bin.2.83	0.85	MQ
MFD05502.bin.2.84	0.882	MQ
MFD05502.bin.2.86	0.894	MQ
MFD05502.bin.2.89	0.871	MQ
MFD05502.bin.2.9	0.889	MQ
MFD05502.bin.2.90	0.833	MQ
MFD05502.bin.2.91	0.906	MQ
MFD05502.bin.2.92	0.813	MQ
MFD05502.bin.2.94	0.812	MQ
MFD05502.bin.2.95	0.85	MQ
MFD05502.bin.2.96	0.846	MQ
MFD05502.bin.2.98	0.83	MQ
MFD05502.bin.2.99	0.852	MQ
MFD05502.bin.3.12	0.845	MQ
MFD05502.bin.3.177	0.841	MQ
MFD05502.bin.3.223	0.853	MQ
MFD05502.bin.3.224	0.803	MQ
MFD05502.bin.3.230	0.835	MQ
MFD05502.bin.3.243	0.844	MQ
MFD05502.bin.3.254	0.843	MQ
MFD05502.bin.3.26	0.841	MQ
MFD05502.bin.3.261	0.835	MQ
MFD05502.bin.3.281	0.905	MQ
MFD05502.bin.3.74	0.809	MQ
MFD05502.bin.3.96	0.864	MQ
MFD05512.bin.1.183	0.895	MQ
MFD05512.bin.1.216	0.87	MQ
MFD05512.bin.1.241	0.876	MQ
MFD05512.bin.1.242	0.854	MQ
MFD05512.bin.1.255	0.899	MQ
MFD05512.bin.1.66	0.868	MQ
MFD05512.bin.1.8	0.859	MQ
MFD05512.bin.2.102	0.874	MQ
MFD05512.bin.2.105	0.851	MQ
MFD05512.bin.2.108	0.873	MQ
MFD05512.bin.2.113	0.874	MQ
MFD05512.bin.2.115	0.834	MQ
MFD05512.bin.2.116	0.827	MQ
MFD05512.bin.2.117	0.874	MQ
MFD05512.bin.2.118	0.845	MQ
MFD05512.bin.2.12	0.842	MQ
MFD05512.bin.2.120	0.844	MQ
MFD05512.bin.2.123	0.866	MQ
MFD05512.bin.2.128	0.825	MQ
MFD05512.bin.2.130	0.888	MQ
MFD05512.bin.2.131	0.881	MQ
MFD05512.bin.2.132	0.839	MQ
MFD05512.bin.2.134	0.862	MQ
MFD05512.bin.2.135	0.821	MQ
MFD05512.bin.2.136	0.879	MQ
MFD05512.bin.2.137	0.88	MQ
MFD05512.bin.2.139	0.896	MQ
MFD05512.bin.2.14	0.872	MQ
MFD05512.bin.2.140	0.887	MQ
MFD05512.bin.2.141	0.864	MQ
MFD05512.bin.2.144	0.876	MQ
MFD05512.bin.2.145	0.878	MQ
MFD05512.bin.2.147	0.907	MQ
MFD05512.bin.2.148	0.887	MQ
MFD05512.bin.2.149	0.824	MQ
MFD05512.bin.2.152	0.81	MQ
MFD05512.bin.2.153	0.841	MQ
MFD05512.bin.2.159	0.826	MQ
MFD05512.bin.2.16	0.859	MQ
MFD05512.bin.2.161	0.806	MQ
MFD05512.bin.2.162	0.838	MQ
MFD05512.bin.2.165	0.866	MQ
MFD05512.bin.2.166	0.803	MQ
MFD05512.bin.2.168	0.847	MQ
MFD05512.bin.2.170	0.837	MQ
MFD05512.bin.2.178	0.842	MQ
MFD05512.bin.2.179	0.862	MQ
MFD05512.bin.2.18	0.859	MQ
MFD05512.bin.2.180	0.86	MQ
MFD05512.bin.2.184	0.846	MQ
MFD05512.bin.2.185	0.866	MQ
MFD05512.bin.2.186	0.88	MQ
MFD05512.bin.2.189	0.874	MQ
MFD05512.bin.2.190	0.836	MQ
MFD05512.bin.2.191	0.855	MQ
MFD05512.bin.2.2	0.873	MQ
MFD05512.bin.2.21	0.843	MQ
MFD05512.bin.2.27	0.791	MQ
MFD05512.bin.2.29	0.882	MQ
MFD05512.bin.2.30	0.877	MQ
MFD05512.bin.2.32	0.827	MQ
MFD05512.bin.2.35	0.881	MQ
MFD05512.bin.2.36	0.85	MQ
MFD05512.bin.2.37	0.818	MQ
MFD05512.bin.2.45	0.872	MQ
MFD05512.bin.2.47	0.815	MQ
MFD05512.bin.2.48	0.892	MQ
MFD05512.bin.2.49	0.879	MQ
MFD05512.bin.2.5	0.893	MQ
MFD05512.bin.2.50	0.875	MQ
MFD05512.bin.2.51	0.83	MQ
MFD05512.bin.2.52	0.851	MQ
MFD05512.bin.2.53	0.887	MQ
MFD05512.bin.2.55	0.873	MQ
MFD05512.bin.2.6	0.888	MQ
MFD05512.bin.2.60	0.853	MQ
MFD05512.bin.2.63	0.875	MQ
MFD05512.bin.2.64	0.8	MQ
MFD05512.bin.2.69	0.83	MQ
MFD05512.bin.2.7	0.875	MQ
MFD05512.bin.2.71	0.826	MQ
MFD05512.bin.2.74	0.872	MQ
MFD05512.bin.2.8	0.91	MQ
MFD05512.bin.2.83	0.868	MQ
MFD05512.bin.2.91	0.884	MQ
MFD05512.bin.2.95	0.88	MQ
MFD05512.bin.3.114	0.813	MQ
MFD05512.bin.3.143	0.883	MQ
MFD05512.bin.3.249	0.876	MQ
MFD05512.bin.3.285	0.852	MQ
MFD05512.bin.3.29	0.854	MQ
MFD05512.bin.3.43	0.819	MQ
MFD05512.bin.4.415	0.835	MQ
MFD05513.bin.1.182	0.888	MQ
MFD05513.bin.1.205	0.839	MQ
MFD05513.bin.2.1	0.865	MQ
MFD05513.bin.2.100	0.829	MQ
MFD05513.bin.2.111	0.823	MQ
MFD05513.bin.2.12	0.828	MQ
MFD05513.bin.2.127	0.84	MQ
MFD05513.bin.2.136	0.905	MQ
MFD05513.bin.2.14	0.833	MQ
MFD05513.bin.2.141	0.86	MQ
MFD05513.bin.2.143	0.904	MQ
MFD05513.bin.2.145	0.814	MQ
MFD05513.bin.2.146	0.896	MQ
MFD05513.bin.2.148	0.86	MQ
MFD05513.bin.2.149	0.841	MQ
MFD05513.bin.2.151	0.881	MQ
MFD05513.bin.2.152	0.849	MQ
MFD05513.bin.2.158	0.854	MQ
MFD05513.bin.2.159	0.883	MQ
MFD05513.bin.2.166	0.852	MQ
MFD05513.bin.2.168	0.865	MQ
MFD05513.bin.2.169	0.845	MQ
MFD05513.bin.2.170	0.851	MQ
MFD05513.bin.2.172	0.834	MQ
MFD05513.bin.2.174	0.848	MQ
MFD05513.bin.2.175	0.805	MQ
MFD05513.bin.2.177	0.849	MQ
MFD05513.bin.2.178	0.865	MQ
MFD05513.bin.2.179	0.841	MQ
MFD05513.bin.2.180	0.793	MQ
MFD05513.bin.2.181	0.845	MQ
MFD05513.bin.2.182	0.842	MQ
MFD05513.bin.2.184	0.844	MQ
MFD05513.bin.2.185	0.84	MQ
MFD05513.bin.2.187	0.816	MQ
MFD05513.bin.2.190	0.892	MQ
MFD05513.bin.2.194	0.838	MQ
MFD05513.bin.2.195	0.827	MQ
MFD05513.bin.2.196	0.816	MQ
MFD05513.bin.2.20	0.833	MQ
MFD05513.bin.2.200	0.83	MQ
MFD05513.bin.2.203	0.833	MQ
MFD05513.bin.2.204	0.824	MQ
MFD05513.bin.2.205	0.86	MQ
MFD05513.bin.2.206	0.823	MQ
MFD05513.bin.2.208	0.885	MQ
MFD05513.bin.2.21	0.828	MQ
MFD05513.bin.2.211	0.859	MQ
MFD05513.bin.2.213	0.845	MQ
MFD05513.bin.2.215	0.821	MQ
MFD05513.bin.2.217	0.834	MQ
MFD05513.bin.2.218	0.847	MQ
MFD05513.bin.2.22	0.838	MQ
MFD05513.bin.2.222	0.913	MQ
MFD05513.bin.2.223	0.845	MQ
MFD05513.bin.2.227	0.857	MQ
MFD05513.bin.2.23	0.837	MQ
MFD05513.bin.2.233	0.867	MQ
MFD05513.bin.2.234	0.885	MQ
MFD05513.bin.2.235	0.858	MQ
MFD05513.bin.2.236	0.85	MQ
MFD05513.bin.2.25	0.815	MQ
MFD05513.bin.2.26	0.782	MQ
MFD05513.bin.2.3	0.877	MQ
MFD05513.bin.2.30	0.899	MQ
MFD05513.bin.2.32	0.842	MQ
MFD05513.bin.2.34	0.898	MQ
MFD05513.bin.2.35	0.817	MQ
MFD05513.bin.2.36	0.84	MQ
MFD05513.bin.2.39	0.841	MQ
MFD05513.bin.2.40	0.851	MQ
MFD05513.bin.2.42	0.81	MQ
MFD05513.bin.2.43	0.88	MQ
MFD05513.bin.2.46	0.831	MQ
MFD05513.bin.2.49	0.828	MQ
MFD05513.bin.2.52	0.815	MQ
MFD05513.bin.2.53	0.881	MQ
MFD05513.bin.2.55	0.849	MQ
MFD05513.bin.2.56	0.841	MQ
MFD05513.bin.2.57	0.853	MQ
MFD05513.bin.2.62	0.826	MQ
MFD05513.bin.2.64	0.845	MQ
MFD05513.bin.2.65	0.845	MQ
MFD05513.bin.2.70	0.837	MQ
MFD05513.bin.2.72	0.851	MQ
MFD05513.bin.2.73	0.797	MQ
MFD05513.bin.2.75	0.86	MQ
MFD05513.bin.2.78	0.799	MQ
MFD05513.bin.2.79	0.824	MQ
MFD05513.bin.2.80	0.827	MQ
MFD05513.bin.2.81	0.837	MQ
MFD05513.bin.2.82	0.851	MQ
MFD05513.bin.2.85	0.841	MQ
MFD05513.bin.2.87	0.834	MQ
MFD05513.bin.2.88	0.845	MQ
MFD05513.bin.2.89	0.834	MQ
MFD05513.bin.2.90	0.825	MQ
MFD05513.bin.2.91	0.867	MQ
MFD05513.bin.2.93	0.81	MQ
MFD05513.bin.2.94	0.842	MQ
MFD05513.bin.3.1	0.803	MQ
MFD05513.bin.3.149	0.863	MQ
MFD05513.bin.3.209	0.84	MQ
MFD05513.bin.3.22	0.802	MQ
MFD05513.bin.3.257	0.895	MQ
MFD05513.bin.3.3	0.871	MQ
MFD05513.bin.3.311	0.869	MQ
MFD05513.bin.3.315	0.858	MQ
MFD05513.bin.3.377	0.818	MQ
MFD05513.bin.3.448	0.876	MQ
MFD05513.bin.3.59	0.865	MQ
MFD05513.bin.3.68	0.881	MQ
MFD05513.bin.3.82	0.843	MQ
MFD05513.bin.3.89	0.835	MQ
MFD05513.bin.3.9	0.832	MQ
MFD05513.bin.4.109	0.874	MQ
MFD05513.bin.4.287	0.876	MQ
MFD05521.bin.1.134	0.831	MQ
MFD05521.bin.1.151	0.873	MQ
MFD05521.bin.1.209	0.892	MQ
MFD05521.bin.2.1	0.836	MQ
MFD05521.bin.2.10	0.851	MQ
MFD05521.bin.2.108	0.896	MQ
MFD05521.bin.2.110	0.845	MQ
MFD05521.bin.2.117	0.85	MQ
MFD05521.bin.2.119	0.871	MQ
MFD05521.bin.2.12	0.835	MQ
MFD05521.bin.2.123	0.841	MQ
MFD05521.bin.2.124	0.868	MQ
MFD05521.bin.2.129	0.831	MQ
MFD05521.bin.2.130	0.867	MQ
MFD05521.bin.2.135	0.866	MQ
MFD05521.bin.2.136	0.851	MQ
MFD05521.bin.2.137	0.825	MQ
MFD05521.bin.2.138	0.798	MQ
MFD05521.bin.2.14	0.868	MQ
MFD05521.bin.2.149	0.849	MQ
MFD05521.bin.2.153	0.846	MQ
MFD05521.bin.2.157	0.81	MQ
MFD05521.bin.2.158	0.808	MQ
MFD05521.bin.2.159	0.884	MQ
MFD05521.bin.2.160	0.834	MQ
MFD05521.bin.2.161	0.825	MQ
MFD05521.bin.2.162	0.882	MQ
MFD05521.bin.2.163	0.828	MQ
MFD05521.bin.2.165	0.856	MQ
MFD05521.bin.2.174	0.873	MQ
MFD05521.bin.2.175	0.844	MQ
MFD05521.bin.2.178	0.823	MQ
MFD05521.bin.2.182	0.846	MQ
MFD05521.bin.2.187	0.821	MQ
MFD05521.bin.2.192	0.824	MQ
MFD05521.bin.2.194	0.828	MQ
MFD05521.bin.2.196	0.82	MQ
MFD05521.bin.2.200	0.822	MQ
MFD05521.bin.2.202	0.911	MQ
MFD05521.bin.2.210	0.846	MQ
MFD05521.bin.2.215	0.906	MQ
MFD05521.bin.2.221	0.87	MQ
MFD05521.bin.2.222	0.822	MQ
MFD05521.bin.2.226	0.858	MQ
MFD05521.bin.2.227	0.873	MQ
MFD05521.bin.2.25	0.79	MQ
MFD05521.bin.2.29	0.912	MQ
MFD05521.bin.2.31	0.822	MQ
MFD05521.bin.2.35	0.803	MQ
MFD05521.bin.2.38	0.857	MQ
MFD05521.bin.2.39	0.845	MQ
MFD05521.bin.2.4	0.83	MQ
MFD05521.bin.2.45	0.817	MQ
MFD05521.bin.2.5	0.868	MQ
MFD05521.bin.2.54	0.811	MQ
MFD05521.bin.2.55	0.813	MQ
MFD05521.bin.2.56	0.878	MQ
MFD05521.bin.2.57	0.875	MQ
MFD05521.bin.2.58	0.847	MQ
MFD05521.bin.2.61	0.835	MQ
MFD05521.bin.2.62	0.848	MQ
MFD05521.bin.2.63	0.825	MQ
MFD05521.bin.2.66	0.906	MQ
MFD05521.bin.2.67	0.892	MQ
MFD05521.bin.2.68	0.834	MQ
MFD05521.bin.2.7	0.863	MQ
MFD05521.bin.2.72	0.803	MQ
MFD05521.bin.2.76	0.859	MQ
MFD05521.bin.2.79	0.824	MQ
MFD05521.bin.2.80	0.844	MQ
MFD05521.bin.2.83	0.839	MQ
MFD05521.bin.2.84	0.844	MQ
MFD05521.bin.2.89	0.896	MQ
MFD05521.bin.2.91	0.812	MQ
MFD05521.bin.2.95	0.854	MQ
MFD05521.bin.3.132	0.885	MQ
MFD05521.bin.3.166	0.825	MQ
MFD05521.bin.3.212	0.891	MQ
MFD05521.bin.3.22	0.862	MQ
MFD05521.bin.3.34	0.86	MQ
MFD05521.bin.3.347	0.794	MQ
MFD05521.bin.3.443	0.841	MQ
MFD05521.bin.3.444	0.804	MQ
MFD05521.bin.3.460	0.808	MQ
MFD05521.bin.3.462	0.81	MQ
MFD05521.bin.3.609	0.822	MQ
MFD05521.bin.3.61	0.84	MQ
MFD05521.bin.3.82	0.83	MQ
MFD05521.bin.3.92	0.858	MQ
MFD05521.bin.4.280	0.86	MQ
MFD05521.bin.4.316	0.812	MQ
MFD05537.bin.2.18	0.81	MQ
MFD05537.bin.2.22	0.881	MQ
MFD05537.bin.2.27	0.831	MQ
MFD05537.bin.2.30	0.833	MQ
MFD05537.bin.2.31	0.823	MQ
MFD05537.bin.2.35	0.835	MQ
MFD05537.bin.2.37	0.828	MQ
MFD05537.bin.2.40	0.823	MQ
MFD05537.bin.2.47	0.91	MQ
MFD05537.bin.2.49	0.807	MQ
MFD05537.bin.2.65	0.898	MQ
MFD05537.bin.2.7	0.858	MQ
MFD05537.bin.2.82	0.865	MQ
MFD05537.bin.2.84	0.843	MQ
MFD05537.bin.2.90	0.822	MQ
MFD05537.bin.2.92	0.88	MQ
MFD05537.bin.3.259	0.852	MQ
MFD05537.bin.3.31	0.79	MQ
MFD05567.bin.2.101	0.83	MQ
MFD05567.bin.2.102	0.835	MQ
MFD05567.bin.2.108	0.863	MQ
MFD05567.bin.2.111	0.823	MQ
MFD05567.bin.2.115	0.827	MQ
MFD05567.bin.2.14	0.879	MQ
MFD05567.bin.2.150	0.864	MQ
MFD05567.bin.2.152	0.823	MQ
MFD05567.bin.2.153	0.87	MQ
MFD05567.bin.2.154	0.823	MQ
MFD05567.bin.2.160	0.867	MQ
MFD05567.bin.2.161	0.843	MQ
MFD05567.bin.2.167	0.862	MQ
MFD05567.bin.2.176	0.863	MQ
MFD05567.bin.2.179	0.882	MQ
MFD05567.bin.2.181	0.87	MQ
MFD05567.bin.2.183	0.882	MQ
MFD05567.bin.2.185	0.839	MQ
MFD05567.bin.2.187	0.832	MQ
MFD05567.bin.2.189	0.868	MQ
MFD05567.bin.2.19	0.88	MQ
MFD05567.bin.2.191	0.894	MQ
MFD05567.bin.2.196	0.852	MQ
MFD05567.bin.2.201	0.874	MQ
MFD05567.bin.2.209	0.844	MQ
MFD05567.bin.2.219	0.837	MQ
MFD05567.bin.2.22	0.834	MQ
MFD05567.bin.2.220	0.853	MQ
MFD05567.bin.2.232	0.86	MQ
MFD05567.bin.2.233	0.864	MQ
MFD05567.bin.2.24	0.841	MQ
MFD05567.bin.2.243	0.878	MQ
MFD05567.bin.2.246	0.859	MQ
MFD05567.bin.2.247	0.823	MQ
MFD05567.bin.2.25	0.878	MQ
MFD05567.bin.2.250	0.858	MQ
MFD05567.bin.2.254	0.845	MQ
MFD05567.bin.2.26	0.887	MQ
MFD05567.bin.2.266	0.875	MQ
MFD05567.bin.2.267	0.908	MQ
MFD05567.bin.2.269	0.839	MQ
MFD05567.bin.2.27	0.888	MQ
MFD05567.bin.2.276	0.833	MQ
MFD05567.bin.2.278	0.809	MQ
MFD05567.bin.2.3	0.882	MQ
MFD05567.bin.2.37	0.859	MQ
MFD05567.bin.2.4	0.875	MQ
MFD05567.bin.2.45	0.916	MQ
MFD05567.bin.2.47	0.853	MQ
MFD05567.bin.2.48	0.846	MQ
MFD05567.bin.2.50	0.857	MQ
MFD05567.bin.2.55	0.866	MQ
MFD05567.bin.2.57	0.879	MQ
MFD05567.bin.2.61	0.833	MQ
MFD05567.bin.2.62	0.829	MQ
MFD05567.bin.2.64	0.832	MQ
MFD05567.bin.2.7	0.823	MQ
MFD05567.bin.2.74	0.856	MQ
MFD05567.bin.2.76	0.863	MQ
MFD05567.bin.2.77	0.843	MQ
MFD05567.bin.2.78	0.806	MQ
MFD05567.bin.2.80	0.921	MQ
MFD05567.bin.2.81	0.846	MQ
MFD05567.bin.2.83	0.863	MQ
MFD05567.bin.2.84	0.829	MQ
MFD05567.bin.2.88	0.821	MQ
MFD05567.bin.2.9	0.833	MQ
MFD05567.bin.2.90	0.824	MQ
MFD05567.bin.2.97	0.892	MQ
MFD05567.bin.3.114	0.839	MQ
MFD05567.bin.3.117	0.819	MQ
MFD05567.bin.3.134	0.844	MQ
MFD05567.bin.3.357	0.812	MQ
MFD05567.bin.3.46	0.861	MQ
MFD05567.bin.3.49	0.839	MQ
MFD05567.bin.3.524	0.868	MQ
MFD05567.bin.3.532	0.826	MQ
MFD05567.bin.3.543	0.896	MQ
MFD05567.bin.3.64	0.835	MQ
MFD05567.bin.4.189	0.907	MQ
MFD05567.bin.4.378	0.844	MQ
MFD05567.bin.4.98	0.914	MQ
MFD05580.bin.1.119	0.867	MQ
MFD05580.bin.1.36	0.881	MQ
MFD05580.bin.1.80	0.883	MQ
MFD05580.bin.2.12	0.881	MQ
MFD05580.bin.2.14	0.901	MQ
MFD05580.bin.2.15	0.839	MQ
MFD05580.bin.2.2	0.844	MQ
MFD05580.bin.2.20	0.899	MQ
MFD05580.bin.2.22	0.881	MQ
MFD05580.bin.2.24	0.833	MQ
MFD05580.bin.2.25	0.818	MQ
MFD05580.bin.2.29	0.842	MQ
MFD05580.bin.2.3	0.896	MQ
MFD05580.bin.2.37	0.904	MQ
MFD05580.bin.2.45	0.888	MQ
MFD05580.bin.2.48	0.83	MQ
MFD05580.bin.2.50	0.795	MQ
MFD05580.bin.2.60	0.818	MQ
MFD05580.bin.2.62	0.853	MQ
MFD05580.bin.2.68	0.845	MQ
MFD05580.bin.2.69	0.851	MQ
MFD05580.bin.2.70	0.834	MQ
MFD05580.bin.2.71	0.844	MQ
MFD05580.bin.2.77	0.833	MQ
MFD05580.bin.2.82	0.87	MQ
MFD05580.bin.2.83	0.847	MQ
MFD05580.bin.2.85	0.829	MQ
MFD05580.bin.2.86	0.856	MQ
MFD05580.bin.2.90	0.848	MQ
MFD05580.bin.2.92	0.836	MQ
MFD05580.bin.3.109	0.837	MQ
MFD05580.bin.3.156	0.856	MQ
MFD05580.bin.3.160	0.791	MQ
MFD05580.bin.3.164	0.844	MQ
MFD05580.bin.3.18	0.85	MQ
MFD05580.bin.3.47	0.855	MQ
MFD05580.bin.3.88	0.888	MQ
MFD05580.bin.3.90	0.824	MQ
MFD05674.bin.1.63	0.854	MQ
MFD05674.bin.2.1	0.861	MQ
MFD05674.bin.2.114	0.803	MQ
MFD05674.bin.2.115	0.834	MQ
MFD05674.bin.2.117	0.86	MQ
MFD05674.bin.2.121	0.824	MQ
MFD05674.bin.2.122	0.861	MQ
MFD05674.bin.2.125	0.904	MQ
MFD05674.bin.2.126	0.803	MQ
MFD05674.bin.2.128	0.848	MQ
MFD05674.bin.2.129	0.821	MQ
MFD05674.bin.2.130	0.847	MQ
MFD05674.bin.2.133	0.922	MQ
MFD05674.bin.2.138	0.858	MQ
MFD05674.bin.2.139	0.825	MQ
MFD05674.bin.2.14	0.842	MQ
MFD05674.bin.2.141	0.859	MQ
MFD05674.bin.2.145	0.856	MQ
MFD05674.bin.2.155	0.835	MQ
MFD05674.bin.2.157	0.854	MQ
MFD05674.bin.2.160	0.839	MQ
MFD05674.bin.2.162	0.874	MQ
MFD05674.bin.2.168	0.869	MQ
MFD05674.bin.2.17	0.795	MQ
MFD05674.bin.2.170	0.86	MQ
MFD05674.bin.2.181	0.865	MQ
MFD05674.bin.2.184	0.849	MQ
MFD05674.bin.2.185	0.874	MQ
MFD05674.bin.2.19	0.798	MQ
MFD05674.bin.2.194	0.835	MQ
MFD05674.bin.2.20	0.82	MQ
MFD05674.bin.2.26	0.857	MQ
MFD05674.bin.2.3	0.846	MQ
MFD05674.bin.2.30	0.892	MQ
MFD05674.bin.2.33	0.846	MQ
MFD05674.bin.2.4	0.838	MQ
MFD05674.bin.2.41	0.838	MQ
MFD05674.bin.2.46	0.858	MQ
MFD05674.bin.2.49	0.862	MQ
MFD05674.bin.2.51	0.826	MQ
MFD05674.bin.2.52	0.828	MQ
MFD05674.bin.2.53	0.829	MQ
MFD05674.bin.2.55	0.802	MQ
MFD05674.bin.2.67	0.863	MQ
MFD05674.bin.2.7	0.874	MQ
MFD05674.bin.2.88	0.911	MQ
MFD05674.bin.2.93	0.852	MQ
MFD05674.bin.2.95	0.893	MQ
MFD05674.bin.2.96	0.821	MQ
MFD05674.bin.3.100	0.826	MQ
MFD05674.bin.3.103	0.815	MQ
MFD05674.bin.3.108	0.881	MQ
MFD05674.bin.3.117	0.904	MQ
MFD05674.bin.3.173	0.904	MQ
MFD05674.bin.3.197	0.85	MQ
MFD05674.bin.3.214	0.916	MQ
MFD05674.bin.3.310	0.879	MQ
MFD05674.bin.3.315	0.81	MQ
MFD05674.bin.3.318	0.882	MQ
MFD05674.bin.3.33	0.804	MQ
MFD05674.bin.3.332	0.875	MQ
MFD05674.bin.3.374	0.869	MQ
MFD05674.bin.3.375	0.897	MQ
MFD05674.bin.3.413	0.791	MQ
MFD05674.bin.3.420	0.837	MQ
MFD05674.bin.3.430	0.899	MQ
MFD05674.bin.3.445	0.84	MQ
MFD05674.bin.3.447	0.834	MQ
MFD05674.bin.3.461	0.801	MQ
MFD05674.bin.3.475	0.848	MQ
MFD05674.bin.3.51	0.853	MQ
MFD05674.bin.3.64	0.838	MQ
MFD05674.bin.4.155	0.856	MQ
MFD05674.bin.4.38	0.824	MQ
MFD05674.bin.4.475	0.839	MQ
MFD05674.bin.4.515	0.832	MQ
MFD05684.bin.1.144	0.912	MQ
MFD05684.bin.1.177	0.83	MQ
MFD05684.bin.1.278	0.878	MQ
MFD05684.bin.1.305	0.9	MQ
MFD05684.bin.1.412	0.885	MQ
MFD05684.bin.2.100	0.842	MQ
MFD05684.bin.2.102	0.875	MQ
MFD05684.bin.2.104	0.845	MQ
MFD05684.bin.2.105	0.868	MQ
MFD05684.bin.2.107	0.814	MQ
MFD05684.bin.2.108	0.853	MQ
MFD05684.bin.2.109	0.868	MQ
MFD05684.bin.2.11	0.85	MQ
MFD05684.bin.2.112	0.796	MQ
MFD05684.bin.2.113	0.844	MQ
MFD05684.bin.2.115	0.895	MQ
MFD05684.bin.2.116	0.841	MQ
MFD05684.bin.2.119	0.829	MQ
MFD05684.bin.2.122	0.821	MQ
MFD05684.bin.2.124	0.835	MQ
MFD05684.bin.2.125	0.901	MQ
MFD05684.bin.2.127	0.818	MQ
MFD05684.bin.2.129	0.841	MQ
MFD05684.bin.2.133	0.87	MQ
MFD05684.bin.2.135	0.831	MQ
MFD05684.bin.2.139	0.762	MQ
MFD05684.bin.2.14	0.893	MQ
MFD05684.bin.2.144	0.901	MQ
MFD05684.bin.2.145	0.843	MQ
MFD05684.bin.2.146	0.851	MQ
MFD05684.bin.2.147	0.902	MQ
MFD05684.bin.2.149	0.797	MQ
MFD05684.bin.2.152	0.874	MQ
MFD05684.bin.2.158	0.872	MQ
MFD05684.bin.2.163	0.858	MQ
MFD05684.bin.2.165	0.829	MQ
MFD05684.bin.2.168	0.853	MQ
MFD05684.bin.2.17	0.838	MQ
MFD05684.bin.2.170	0.866	MQ
MFD05684.bin.2.174	0.862	MQ
MFD05684.bin.2.178	0.877	MQ
MFD05684.bin.2.179	0.87	MQ
MFD05684.bin.2.18	0.815	MQ
MFD05684.bin.2.180	0.84	MQ
MFD05684.bin.2.181	0.846	MQ
MFD05684.bin.2.182	0.869	MQ
MFD05684.bin.2.184	0.903	MQ
MFD05684.bin.2.185	0.845	MQ
MFD05684.bin.2.190	0.859	MQ
MFD05684.bin.2.191	0.898	MQ
MFD05684.bin.2.192	0.873	MQ
MFD05684.bin.2.193	0.871	MQ
MFD05684.bin.2.194	0.914	MQ
MFD05684.bin.2.195	0.841	MQ
MFD05684.bin.2.196	0.865	MQ
MFD05684.bin.2.197	0.808	MQ
MFD05684.bin.2.198	0.887	MQ
MFD05684.bin.2.199	0.831	MQ
MFD05684.bin.2.2	0.869	MQ
MFD05684.bin.2.20	0.866	MQ
MFD05684.bin.2.200	0.844	MQ
MFD05684.bin.2.204	0.901	MQ
MFD05684.bin.2.206	0.851	MQ
MFD05684.bin.2.207	0.861	MQ
MFD05684.bin.2.208	0.804	MQ
MFD05684.bin.2.21	0.838	MQ
MFD05684.bin.2.210	0.819	MQ
MFD05684.bin.2.216	0.839	MQ
MFD05684.bin.2.218	0.836	MQ
MFD05684.bin.2.219	0.887	MQ
MFD05684.bin.2.222	0.837	MQ
MFD05684.bin.2.223	0.827	MQ
MFD05684.bin.2.225	0.845	MQ
MFD05684.bin.2.226	0.847	MQ
MFD05684.bin.2.227	0.9	MQ
MFD05684.bin.2.228	0.824	MQ
MFD05684.bin.2.23	0.855	MQ
MFD05684.bin.2.230	0.885	MQ
MFD05684.bin.2.233	0.831	MQ
MFD05684.bin.2.236	0.863	MQ
MFD05684.bin.2.239	0.848	MQ
MFD05684.bin.2.24	0.83	MQ
MFD05684.bin.2.240	0.84	MQ
MFD05684.bin.2.241	0.845	MQ
MFD05684.bin.2.242	0.862	MQ
MFD05684.bin.2.243	0.881	MQ
MFD05684.bin.2.245	0.858	MQ
MFD05684.bin.2.250	0.851	MQ
MFD05684.bin.2.251	0.904	MQ
MFD05684.bin.2.255	0.878	MQ
MFD05684.bin.2.256	0.89	MQ
MFD05684.bin.2.259	0.893	MQ
MFD05684.bin.2.260	0.854	MQ
MFD05684.bin.2.261	0.857	MQ
MFD05684.bin.2.263	0.869	MQ
MFD05684.bin.2.266	0.867	MQ
MFD05684.bin.2.267	0.871	MQ
MFD05684.bin.2.269	0.852	MQ
MFD05684.bin.2.27	0.877	MQ
MFD05684.bin.2.273	0.857	MQ
MFD05684.bin.2.274	0.883	MQ
MFD05684.bin.2.275	0.908	MQ
MFD05684.bin.2.276	0.867	MQ
MFD05684.bin.2.277	0.822	MQ
MFD05684.bin.2.279	0.84	MQ
MFD05684.bin.2.28	0.885	MQ
MFD05684.bin.2.280	0.813	MQ
MFD05684.bin.2.281	0.873	MQ
MFD05684.bin.2.282	0.828	MQ
MFD05684.bin.2.283	0.918	MQ
MFD05684.bin.2.284	0.855	MQ
MFD05684.bin.2.285	0.848	MQ
MFD05684.bin.2.29	0.835	MQ
MFD05684.bin.2.31	0.862	MQ
MFD05684.bin.2.33	0.881	MQ
MFD05684.bin.2.34	0.843	MQ
MFD05684.bin.2.36	0.916	MQ
MFD05684.bin.2.37	0.846	MQ
MFD05684.bin.2.38	0.917	MQ
MFD05684.bin.2.39	0.878	MQ
MFD05684.bin.2.41	0.884	MQ
MFD05684.bin.2.43	0.881	MQ
MFD05684.bin.2.48	0.854	MQ
MFD05684.bin.2.5	0.864	MQ
MFD05684.bin.2.50	0.863	MQ
MFD05684.bin.2.51	0.812	MQ
MFD05684.bin.2.55	0.844	MQ
MFD05684.bin.2.58	0.834	MQ
MFD05684.bin.2.6	0.809	MQ
MFD05684.bin.2.61	0.868	MQ
MFD05684.bin.2.63	0.878	MQ
MFD05684.bin.2.64	0.907	MQ
MFD05684.bin.2.65	0.869	MQ
MFD05684.bin.2.66	0.883	MQ
MFD05684.bin.2.67	0.858	MQ
MFD05684.bin.2.68	0.899	MQ
MFD05684.bin.2.69	0.863	MQ
MFD05684.bin.2.72	0.881	MQ
MFD05684.bin.2.73	0.899	MQ
MFD05684.bin.2.75	0.824	MQ
MFD05684.bin.2.78	0.888	MQ
MFD05684.bin.2.80	0.877	MQ
MFD05684.bin.2.82	0.884	MQ
MFD05684.bin.2.83	0.874	MQ
MFD05684.bin.2.84	0.885	MQ
MFD05684.bin.2.88	0.887	MQ
MFD05684.bin.2.91	0.838	MQ
MFD05684.bin.2.92	0.863	MQ
MFD05684.bin.2.93	0.887	MQ
MFD05684.bin.2.95	0.814	MQ
MFD05684.bin.2.96	0.871	MQ
MFD05684.bin.2.98	0.894	MQ
MFD05684.bin.2.99	0.839	MQ
MFD05684.bin.3.1	0.821	MQ
MFD05684.bin.3.129	0.904	MQ
MFD05684.bin.3.142	0.843	MQ
MFD05684.bin.3.143	0.825	MQ
MFD05684.bin.3.151	0.876	MQ
MFD05684.bin.3.160	0.861	MQ
MFD05684.bin.3.171	0.899	MQ
MFD05684.bin.3.180	0.897	MQ
MFD05684.bin.3.198	0.843	MQ
MFD05684.bin.3.29	0.874	MQ
MFD05684.bin.3.306	0.898	MQ
MFD05684.bin.3.313	0.87	MQ
MFD05684.bin.3.333	0.818	MQ
MFD05684.bin.3.34	0.836	MQ
MFD05684.bin.3.341	0.915	MQ
MFD05684.bin.3.391	0.897	MQ
MFD05684.bin.3.402	0.907	MQ
MFD05684.bin.3.404	0.892	MQ
MFD05684.bin.3.421	0.844	MQ
MFD05684.bin.3.44	0.859	MQ
MFD05684.bin.3.60	0.869	MQ
MFD05684.bin.3.79	0.827	MQ
MFD05684.bin.4.554	0.861	MQ
MFD05705.bin.1.132	0.905	MQ
MFD05705.bin.1.143	0.86	MQ
MFD05705.bin.1.223	0.873	MQ
MFD05705.bin.1.243	0.85	MQ
MFD05705.bin.1.7	0.867	MQ
MFD05705.bin.2.10	0.868	MQ
MFD05705.bin.2.100	0.826	MQ
MFD05705.bin.2.106	0.895	MQ
MFD05705.bin.2.107	0.842	MQ
MFD05705.bin.2.108	0.863	MQ
MFD05705.bin.2.110	0.851	MQ
MFD05705.bin.2.112	0.869	MQ
MFD05705.bin.2.113	0.817	MQ
MFD05705.bin.2.12	0.851	MQ
MFD05705.bin.2.120	0.831	MQ
MFD05705.bin.2.121	0.847	MQ
MFD05705.bin.2.126	0.792	MQ
MFD05705.bin.2.13	0.867	MQ
MFD05705.bin.2.131	0.888	MQ
MFD05705.bin.2.135	0.853	MQ
MFD05705.bin.2.137	0.837	MQ
MFD05705.bin.2.138	0.85	MQ
MFD05705.bin.2.141	0.856	MQ
MFD05705.bin.2.143	0.856	MQ
MFD05705.bin.2.144	0.78	MQ
MFD05705.bin.2.145	0.869	MQ
MFD05705.bin.2.146	0.844	MQ
MFD05705.bin.2.149	0.849	MQ
MFD05705.bin.2.15	0.915	MQ
MFD05705.bin.2.152	0.84	MQ
MFD05705.bin.2.2	0.845	MQ
MFD05705.bin.2.20	0.822	MQ
MFD05705.bin.2.22	0.885	MQ
MFD05705.bin.2.35	0.885	MQ
MFD05705.bin.2.36	0.812	MQ
MFD05705.bin.2.39	0.842	MQ
MFD05705.bin.2.4	0.915	MQ
MFD05705.bin.2.41	0.87	MQ
MFD05705.bin.2.42	0.847	MQ
MFD05705.bin.2.43	0.859	MQ
MFD05705.bin.2.44	0.841	MQ
MFD05705.bin.2.47	0.891	MQ
MFD05705.bin.2.48	0.867	MQ
MFD05705.bin.2.49	0.895	MQ
MFD05705.bin.2.5	0.852	MQ
MFD05705.bin.2.50	0.88	MQ
MFD05705.bin.2.52	0.867	MQ
MFD05705.bin.2.55	0.821	MQ
MFD05705.bin.2.6	0.887	MQ
MFD05705.bin.2.66	0.9	MQ
MFD05705.bin.2.71	0.91	MQ
MFD05705.bin.2.72	0.899	MQ
MFD05705.bin.2.76	0.899	MQ
MFD05705.bin.2.82	0.819	MQ
MFD05705.bin.2.85	0.86	MQ
MFD05705.bin.2.86	0.887	MQ
MFD05705.bin.2.87	0.858	MQ
MFD05705.bin.2.88	0.821	MQ
MFD05705.bin.2.89	0.832	MQ
MFD05705.bin.2.90	0.893	MQ
MFD05705.bin.2.92	0.832	MQ
MFD05705.bin.2.94	0.842	MQ
MFD05705.bin.2.95	0.786	MQ
MFD05705.bin.2.96	0.84	MQ
MFD05705.bin.2.99	0.853	MQ
MFD05705.bin.3.107	0.834	MQ
MFD05705.bin.3.208	0.845	MQ
MFD05705.bin.3.237	0.86	MQ
MFD05705.bin.3.254	0.858	MQ
MFD05705.bin.3.308	0.918	MQ
MFD05705.bin.3.47	0.902	MQ
MFD05705.bin.4.417	0.869	MQ
MFD05705.bin.4.70	0.865	MQ
MFD05747.bin.2.1	0.883	MQ
MFD05747.bin.2.102	0.893	MQ
MFD05747.bin.2.105	0.822	MQ
MFD05747.bin.2.112	0.864	MQ
MFD05747.bin.2.116	0.903	MQ
MFD05747.bin.2.119	0.862	MQ
MFD05747.bin.2.120	0.864	MQ
MFD05747.bin.2.124	0.878	MQ
MFD05747.bin.2.125	0.908	MQ
MFD05747.bin.2.127	0.876	MQ
MFD05747.bin.2.132	0.829	MQ
MFD05747.bin.2.134	0.824	MQ
MFD05747.bin.2.136	0.92	MQ
MFD05747.bin.2.137	0.86	MQ
MFD05747.bin.2.142	0.837	MQ
MFD05747.bin.2.144	0.837	MQ
MFD05747.bin.2.145	0.832	MQ
MFD05747.bin.2.149	0.828	MQ
MFD05747.bin.2.150	0.862	MQ
MFD05747.bin.2.152	0.828	MQ
MFD05747.bin.2.155	0.879	MQ
MFD05747.bin.2.157	0.854	MQ
MFD05747.bin.2.16	0.884	MQ
MFD05747.bin.2.162	0.811	MQ
MFD05747.bin.2.163	0.788	MQ
MFD05747.bin.2.165	0.84	MQ
MFD05747.bin.2.167	0.855	MQ
MFD05747.bin.2.173	0.828	MQ
MFD05747.bin.2.174	0.802	MQ
MFD05747.bin.2.175	0.831	MQ
MFD05747.bin.2.176	0.858	MQ
MFD05747.bin.2.177	0.859	MQ
MFD05747.bin.2.178	0.892	MQ
MFD05747.bin.2.183	0.882	MQ
MFD05747.bin.2.188	0.815	MQ
MFD05747.bin.2.193	0.865	MQ
MFD05747.bin.2.197	0.863	MQ
MFD05747.bin.2.2	0.839	MQ
MFD05747.bin.2.200	0.881	MQ
MFD05747.bin.2.202	0.855	MQ
MFD05747.bin.2.21	0.92	MQ
MFD05747.bin.2.210	0.843	MQ
MFD05747.bin.2.211	0.842	MQ
MFD05747.bin.2.215	0.906	MQ
MFD05747.bin.2.217	0.85	MQ
MFD05747.bin.2.221	0.816	MQ
MFD05747.bin.2.223	0.861	MQ
MFD05747.bin.2.224	0.904	MQ
MFD05747.bin.2.23	0.864	MQ
MFD05747.bin.2.24	0.837	MQ
MFD05747.bin.2.28	0.84	MQ
MFD05747.bin.2.29	0.899	MQ
MFD05747.bin.2.33	0.842	MQ
MFD05747.bin.2.36	0.809	MQ
MFD05747.bin.2.37	0.815	MQ
MFD05747.bin.2.40	0.913	MQ
MFD05747.bin.2.42	0.844	MQ
MFD05747.bin.2.52	0.864	MQ
MFD05747.bin.2.59	0.888	MQ
MFD05747.bin.2.85	0.901	MQ
MFD05747.bin.2.90	0.889	MQ
MFD05747.bin.2.93	0.862	MQ
MFD05747.bin.3.104	0.854	MQ
MFD05747.bin.3.156	0.813	MQ
MFD05747.bin.3.196	0.904	MQ
MFD05747.bin.3.237	0.897	MQ
MFD05747.bin.3.238	0.91	MQ
MFD05747.bin.3.242	0.858	MQ
MFD05747.bin.3.273	0.856	MQ
MFD05747.bin.3.28	0.855	MQ
MFD05747.bin.3.294	0.825	MQ
MFD05747.bin.3.302	0.888	MQ
MFD05747.bin.3.323	0.876	MQ
MFD05747.bin.3.37	0.816	MQ
MFD05747.bin.3.402	0.84	MQ
MFD05747.bin.3.574	0.825	MQ
MFD05747.bin.3.79	0.903	MQ
MFD05747.bin.4.134	0.813	MQ
MFD05747.bin.4.161	0.818	MQ
MFD05841.bin.2.1	0.906	MQ
MFD05841.bin.2.10	0.861	MQ
MFD05841.bin.2.100	0.834	MQ
MFD05841.bin.2.102	0.865	MQ
MFD05841.bin.2.109	0.825	MQ
MFD05841.bin.2.11	0.843	MQ
MFD05841.bin.2.110	0.871	MQ
MFD05841.bin.2.111	0.894	MQ
MFD05841.bin.2.112	0.84	MQ
MFD05841.bin.2.116	0.886	MQ
MFD05841.bin.2.117	0.87	MQ
MFD05841.bin.2.118	0.847	MQ
MFD05841.bin.2.119	0.829	MQ
MFD05841.bin.2.12	0.81	MQ
MFD05841.bin.2.120	0.849	MQ
MFD05841.bin.2.123	0.884	MQ
MFD05841.bin.2.124	0.874	MQ
MFD05841.bin.2.128	0.919	MQ
MFD05841.bin.2.129	0.843	MQ
MFD05841.bin.2.132	0.822	MQ
MFD05841.bin.2.133	0.86	MQ
MFD05841.bin.2.137	0.881	MQ
MFD05841.bin.2.14	0.84	MQ
MFD05841.bin.2.140	0.832	MQ
MFD05841.bin.2.150	0.862	MQ
MFD05841.bin.2.159	0.881	MQ
MFD05841.bin.2.163	0.845	MQ
MFD05841.bin.2.164	0.92	MQ
MFD05841.bin.2.165	0.872	MQ
MFD05841.bin.2.169	0.87	MQ
MFD05841.bin.2.175	0.868	MQ
MFD05841.bin.2.176	0.823	MQ
MFD05841.bin.2.177	0.848	MQ
MFD05841.bin.2.190	0.829	MQ
MFD05841.bin.2.193	0.877	MQ
MFD05841.bin.2.194	0.851	MQ
MFD05841.bin.2.196	0.855	MQ
MFD05841.bin.2.197	0.871	MQ
MFD05841.bin.2.2	0.854	MQ
MFD05841.bin.2.20	0.849	MQ
MFD05841.bin.2.204	0.86	MQ
MFD05841.bin.2.205	0.864	MQ
MFD05841.bin.2.206	0.822	MQ
MFD05841.bin.2.207	0.861	MQ
MFD05841.bin.2.209	0.817	MQ
MFD05841.bin.2.21	0.891	MQ
MFD05841.bin.2.212	0.901	MQ
MFD05841.bin.2.213	0.889	MQ
MFD05841.bin.2.214	0.866	MQ
MFD05841.bin.2.220	0.921	MQ
MFD05841.bin.2.228	0.855	MQ
MFD05841.bin.2.23	0.855	MQ
MFD05841.bin.2.230	0.899	MQ
MFD05841.bin.2.27	0.879	MQ
MFD05841.bin.2.28	0.885	MQ
MFD05841.bin.2.31	0.903	MQ
MFD05841.bin.2.34	0.881	MQ
MFD05841.bin.2.36	0.891	MQ
MFD05841.bin.2.37	0.893	MQ
MFD05841.bin.2.38	0.873	MQ
MFD05841.bin.2.39	0.863	MQ
MFD05841.bin.2.4	0.861	MQ
MFD05841.bin.2.41	0.826	MQ
MFD05841.bin.2.43	0.835	MQ
MFD05841.bin.2.44	0.831	MQ
MFD05841.bin.2.45	0.852	MQ
MFD05841.bin.2.49	0.839	MQ
MFD05841.bin.2.51	0.848	MQ
MFD05841.bin.2.56	0.825	MQ
MFD05841.bin.2.57	0.849	MQ
MFD05841.bin.2.58	0.868	MQ
MFD05841.bin.2.6	0.834	MQ
MFD05841.bin.2.60	0.837	MQ
MFD05841.bin.2.61	0.821	MQ
MFD05841.bin.2.63	0.839	MQ
MFD05841.bin.2.64	0.841	MQ
MFD05841.bin.2.67	0.855	MQ
MFD05841.bin.2.68	0.843	MQ
MFD05841.bin.2.69	0.846	MQ
MFD05841.bin.2.7	0.848	MQ
MFD05841.bin.2.70	0.869	MQ
MFD05841.bin.2.71	0.826	MQ
MFD05841.bin.2.72	0.83	MQ
MFD05841.bin.2.73	0.891	MQ
MFD05841.bin.2.8	0.862	MQ
MFD05841.bin.2.96	0.908	MQ
MFD05841.bin.3.119	0.836	MQ
MFD05841.bin.3.121	0.833	MQ
MFD05841.bin.3.160	0.872	MQ
MFD05841.bin.3.161	0.843	MQ
MFD05841.bin.3.176	0.881	MQ
MFD05841.bin.3.184	0.847	MQ
MFD05841.bin.3.233	0.864	MQ
MFD05841.bin.3.236	0.817	MQ
MFD05841.bin.3.261	0.856	MQ
MFD05841.bin.3.277	0.833	MQ
MFD05841.bin.3.284	0.817	MQ
MFD05841.bin.3.285	0.842	MQ
MFD05841.bin.3.297	0.922	MQ
MFD05841.bin.3.299	0.819	MQ
MFD05841.bin.3.37	0.784	MQ
MFD05841.bin.3.38	0.849	MQ
MFD05841.bin.3.387	0.863	MQ
MFD05841.bin.3.431	0.826	MQ
MFD05841.bin.3.435	0.846	MQ
MFD05841.bin.3.44	0.882	MQ
MFD05841.bin.3.60	0.832	MQ
MFD05841.bin.3.68	0.85	MQ
MFD05841.bin.4.342	0.821	MQ
MFD05841.bin.4.455	0.88	MQ
MFD05942.bin.1.100	0.894	MQ
MFD05942.bin.1.129	0.881	MQ
MFD05942.bin.1.211	0.91	MQ
MFD05942.bin.1.304	0.908	MQ
MFD05942.bin.1.391	0.853	MQ
MFD05942.bin.1.431	0.844	MQ
MFD05942.bin.1.468	0.878	MQ
MFD05942.bin.1.63	0.909	MQ
MFD05942.bin.2.101	0.891	MQ
MFD05942.bin.2.102	0.881	MQ
MFD05942.bin.2.103	0.911	MQ
MFD05942.bin.2.106	0.871	MQ
MFD05942.bin.2.108	0.852	MQ
MFD05942.bin.2.109	0.871	MQ
MFD05942.bin.2.111	0.871	MQ
MFD05942.bin.2.112	0.831	MQ
MFD05942.bin.2.113	0.844	MQ
MFD05942.bin.2.114	0.836	MQ
MFD05942.bin.2.115	0.837	MQ
MFD05942.bin.2.117	0.841	MQ
MFD05942.bin.2.118	0.85	MQ
MFD05942.bin.2.119	0.837	MQ
MFD05942.bin.2.12	0.857	MQ
MFD05942.bin.2.120	0.86	MQ
MFD05942.bin.2.121	0.868	MQ
MFD05942.bin.2.122	0.822	MQ
MFD05942.bin.2.123	0.859	MQ
MFD05942.bin.2.125	0.793	MQ
MFD05942.bin.2.127	0.895	MQ
MFD05942.bin.2.130	0.879	MQ
MFD05942.bin.2.131	0.817	MQ
MFD05942.bin.2.132	0.835	MQ
MFD05942.bin.2.133	0.843	MQ
MFD05942.bin.2.135	0.801	MQ
MFD05942.bin.2.136	0.837	MQ
MFD05942.bin.2.137	0.875	MQ
MFD05942.bin.2.150	0.825	MQ
MFD05942.bin.2.155	0.882	MQ
MFD05942.bin.2.163	0.84	MQ
MFD05942.bin.2.166	0.852	MQ
MFD05942.bin.2.169	0.824	MQ
MFD05942.bin.2.176	0.825	MQ
MFD05942.bin.2.177	0.89	MQ
MFD05942.bin.2.197	0.863	MQ
MFD05942.bin.2.198	0.882	MQ
MFD05942.bin.2.20	0.862	MQ
MFD05942.bin.2.206	0.858	MQ
MFD05942.bin.2.207	0.918	MQ
MFD05942.bin.2.209	0.882	MQ
MFD05942.bin.2.211	0.875	MQ
MFD05942.bin.2.212	0.871	MQ
MFD05942.bin.2.216	0.865	MQ
MFD05942.bin.2.221	0.887	MQ
MFD05942.bin.2.225	0.854	MQ
MFD05942.bin.2.234	0.849	MQ
MFD05942.bin.2.238	0.838	MQ
MFD05942.bin.2.242	0.838	MQ
MFD05942.bin.2.244	0.841	MQ
MFD05942.bin.2.246	0.829	MQ
MFD05942.bin.2.248	0.879	MQ
MFD05942.bin.2.249	0.862	MQ
MFD05942.bin.2.252	0.839	MQ
MFD05942.bin.2.254	0.871	MQ
MFD05942.bin.2.255	0.838	MQ
MFD05942.bin.2.258	0.821	MQ
MFD05942.bin.2.261	0.85	MQ
MFD05942.bin.2.262	0.896	MQ
MFD05942.bin.2.266	0.901	MQ
MFD05942.bin.2.269	0.887	MQ
MFD05942.bin.2.270	0.898	MQ
MFD05942.bin.2.272	0.863	MQ
MFD05942.bin.2.28	0.867	MQ
MFD05942.bin.2.281	0.823	MQ
MFD05942.bin.2.285	0.877	MQ
MFD05942.bin.2.29	0.838	MQ
MFD05942.bin.2.290	0.884	MQ
MFD05942.bin.2.296	0.918	MQ
MFD05942.bin.2.299	0.837	MQ
MFD05942.bin.2.30	0.878	MQ
MFD05942.bin.2.302	0.897	MQ
MFD05942.bin.2.303	0.868	MQ
MFD05942.bin.2.306	0.905	MQ
MFD05942.bin.2.307	0.875	MQ
MFD05942.bin.2.31	0.837	MQ
MFD05942.bin.2.313	0.842	MQ
MFD05942.bin.2.318	0.904	MQ
MFD05942.bin.2.32	0.829	MQ
MFD05942.bin.2.320	0.889	MQ
MFD05942.bin.2.325	0.896	MQ
MFD05942.bin.2.329	0.849	MQ
MFD05942.bin.2.33	0.875	MQ
MFD05942.bin.2.330	0.858	MQ
MFD05942.bin.2.336	0.826	MQ
MFD05942.bin.2.338	0.9	MQ
MFD05942.bin.2.339	0.87	MQ
MFD05942.bin.2.34	0.853	MQ
MFD05942.bin.2.344	0.84	MQ
MFD05942.bin.2.345	0.846	MQ
MFD05942.bin.2.346	0.858	MQ
MFD05942.bin.2.347	0.835	MQ
MFD05942.bin.2.348	0.888	MQ
MFD05942.bin.2.349	0.907	MQ
MFD05942.bin.2.353	0.892	MQ
MFD05942.bin.2.354	0.845	MQ
MFD05942.bin.2.36	0.855	MQ
MFD05942.bin.2.361	0.903	MQ
MFD05942.bin.2.38	0.866	MQ
MFD05942.bin.2.39	0.842	MQ
MFD05942.bin.2.40	0.906	MQ
MFD05942.bin.2.44	0.831	MQ
MFD05942.bin.2.45	0.875	MQ
MFD05942.bin.2.46	0.886	MQ
MFD05942.bin.2.47	0.856	MQ
MFD05942.bin.2.49	0.872	MQ
MFD05942.bin.2.55	0.887	MQ
MFD05942.bin.2.56	0.848	MQ
MFD05942.bin.2.60	0.887	MQ
MFD05942.bin.2.61	0.852	MQ
MFD05942.bin.2.64	0.863	MQ
MFD05942.bin.2.66	0.861	MQ
MFD05942.bin.2.67	0.864	MQ
MFD05942.bin.2.68	0.883	MQ
MFD05942.bin.2.69	0.869	MQ
MFD05942.bin.2.7	0.85	MQ
MFD05942.bin.2.78	0.874	MQ
MFD05942.bin.2.79	0.857	MQ
MFD05942.bin.2.8	0.887	MQ
MFD05942.bin.2.81	0.876	MQ
MFD05942.bin.2.82	0.862	MQ
MFD05942.bin.2.84	0.873	MQ
MFD05942.bin.2.85	0.878	MQ
MFD05942.bin.2.86	0.878	MQ
MFD05942.bin.2.87	0.825	MQ
MFD05942.bin.2.89	0.862	MQ
MFD05942.bin.2.9	0.854	MQ
MFD05942.bin.2.91	0.857	MQ
MFD05942.bin.2.93	0.832	MQ
MFD05942.bin.2.95	0.856	MQ
MFD05942.bin.2.96	0.869	MQ
MFD05942.bin.2.97	0.892	MQ
MFD05942.bin.2.99	0.908	MQ
MFD05942.bin.3.126	0.878	MQ
MFD05942.bin.3.128	0.858	MQ
MFD05942.bin.3.131	0.834	MQ
MFD05942.bin.3.140	0.862	MQ
MFD05942.bin.3.17	0.848	MQ
MFD05942.bin.3.192	0.806	MQ
MFD05942.bin.3.222	0.912	MQ
MFD05942.bin.3.249	0.814	MQ
MFD05942.bin.3.254	0.88	MQ
MFD05942.bin.3.255	0.89	MQ
MFD05942.bin.3.267	0.851	MQ
MFD05942.bin.3.275	0.857	MQ
MFD05942.bin.3.283	0.893	MQ
MFD05942.bin.3.284	0.864	MQ
MFD05942.bin.3.300	0.876	MQ
MFD05942.bin.3.322	0.825	MQ
MFD05942.bin.3.327	0.854	MQ
MFD05942.bin.3.333	0.877	MQ
MFD05942.bin.3.344	0.817	MQ
MFD05942.bin.3.361	0.844	MQ
MFD05942.bin.3.4	0.857	MQ
MFD05942.bin.3.408	0.881	MQ
MFD05942.bin.3.425	0.895	MQ
MFD05942.bin.3.478	0.846	MQ
MFD05942.bin.3.50	0.844	MQ
MFD05942.bin.3.550	0.856	MQ
MFD05942.bin.3.623	0.839	MQ
MFD05942.bin.3.643	0.862	MQ
MFD05942.bin.3.656	0.822	MQ
MFD05942.bin.3.727	0.861	MQ
MFD05942.bin.3.80	0.849	MQ
MFD05942.bin.3.94	0.861	MQ
MFD05942.bin.4.194	0.817	MQ
MFD05942.bin.4.397	0.823	MQ
MFD05942.bin.4.459	0.868	MQ
MFD05942.bin.4.462	0.853	MQ
MFD05942.bin.4.8	0.898	MQ
MFD06085.bin.1.183	0.879	MQ
MFD06085.bin.1.38	0.867	MQ
MFD06085.bin.1.62	0.854	MQ
MFD06085.bin.2.1	0.861	MQ
MFD06085.bin.2.107	0.821	MQ
MFD06085.bin.2.117	0.823	MQ
MFD06085.bin.2.120	0.875	MQ
MFD06085.bin.2.125	0.906	MQ
MFD06085.bin.2.126	0.887	MQ
MFD06085.bin.2.133	0.827	MQ
MFD06085.bin.2.142	0.896	MQ
MFD06085.bin.2.143	0.895	MQ
MFD06085.bin.2.144	0.884	MQ
MFD06085.bin.2.155	0.903	MQ
MFD06085.bin.2.158	0.867	MQ
MFD06085.bin.2.162	0.862	MQ
MFD06085.bin.2.163	0.86	MQ
MFD06085.bin.2.19	0.87	MQ
MFD06085.bin.2.31	0.864	MQ
MFD06085.bin.2.33	0.889	MQ
MFD06085.bin.2.34	0.835	MQ
MFD06085.bin.2.35	0.837	MQ
MFD06085.bin.2.4	0.898	MQ
MFD06085.bin.2.60	0.873	MQ
MFD06085.bin.2.66	0.888	MQ
MFD06085.bin.2.74	0.887	MQ
MFD06085.bin.2.75	0.909	MQ
MFD06085.bin.2.78	0.864	MQ
MFD06085.bin.2.89	0.881	MQ
MFD06085.bin.2.9	0.832	MQ
MFD06085.bin.2.91	0.862	MQ
MFD06085.bin.2.93	0.899	MQ
MFD06085.bin.2.96	0.861	MQ
MFD06085.bin.2.97	0.883	MQ
MFD06085.bin.3.113	0.893	MQ
MFD06085.bin.3.177	0.816	MQ
MFD06085.bin.3.239	0.859	MQ
MFD06085.bin.3.256	0.85	MQ
MFD06085.bin.3.380	0.834	MQ
MFD06085.bin.3.398	0.874	MQ
MFD06085.bin.3.51	0.82	MQ
MFD06085.bin.3.99	0.856	MQ
MFD06085.bin.4.391	0.826	MQ
MFD06092.bin.1.170	0.872	MQ
MFD06092.bin.1.173	0.88	MQ
MFD06092.bin.1.198	0.855	MQ
MFD06092.bin.1.210	0.862	MQ
MFD06092.bin.1.211	0.918	MQ
MFD06092.bin.1.223	0.908	MQ
MFD06092.bin.1.77	0.875	MQ
MFD06092.bin.1.78	0.885	MQ
MFD06092.bin.2.10	0.883	MQ
MFD06092.bin.2.113	0.846	MQ
MFD06092.bin.2.117	0.856	MQ
MFD06092.bin.2.119	0.865	MQ
MFD06092.bin.2.122	0.838	MQ
MFD06092.bin.2.129	0.889	MQ
MFD06092.bin.2.137	0.846	MQ
MFD06092.bin.2.138	0.843	MQ
MFD06092.bin.2.139	0.877	MQ
MFD06092.bin.2.145	0.833	MQ
MFD06092.bin.2.146	0.844	MQ
MFD06092.bin.2.148	0.868	MQ
MFD06092.bin.2.152	0.855	MQ
MFD06092.bin.2.154	0.869	MQ
MFD06092.bin.2.155	0.873	MQ
MFD06092.bin.2.158	0.855	MQ
MFD06092.bin.2.160	0.811	MQ
MFD06092.bin.2.163	0.894	MQ
MFD06092.bin.2.164	0.869	MQ
MFD06092.bin.2.165	0.843	MQ
MFD06092.bin.2.171	0.859	MQ
MFD06092.bin.2.173	0.899	MQ
MFD06092.bin.2.175	0.866	MQ
MFD06092.bin.2.176	0.881	MQ
MFD06092.bin.2.177	0.84	MQ
MFD06092.bin.2.179	0.87	MQ
MFD06092.bin.2.180	0.83	MQ
MFD06092.bin.2.181	0.809	MQ
MFD06092.bin.2.189	0.849	MQ
MFD06092.bin.2.198	0.844	MQ
MFD06092.bin.2.203	0.831	MQ
MFD06092.bin.2.205	0.903	MQ
MFD06092.bin.2.3	0.909	MQ
MFD06092.bin.2.37	0.89	MQ
MFD06092.bin.2.38	0.861	MQ
MFD06092.bin.2.39	0.874	MQ
MFD06092.bin.2.40	0.843	MQ
MFD06092.bin.2.46	0.868	MQ
MFD06092.bin.2.47	0.882	MQ
MFD06092.bin.2.48	0.88	MQ
MFD06092.bin.2.49	0.887	MQ
MFD06092.bin.2.5	0.854	MQ
MFD06092.bin.2.51	0.826	MQ
MFD06092.bin.2.54	0.846	MQ
MFD06092.bin.2.57	0.894	MQ
MFD06092.bin.2.58	0.816	MQ
MFD06092.bin.2.63	0.878	MQ
MFD06092.bin.2.66	0.83	MQ
MFD06092.bin.2.68	0.844	MQ
MFD06092.bin.2.7	0.873	MQ
MFD06092.bin.2.73	0.876	MQ
MFD06092.bin.2.74	0.911	MQ
MFD06092.bin.2.75	0.861	MQ
MFD06092.bin.2.76	0.876	MQ
MFD06092.bin.2.78	0.876	MQ
MFD06092.bin.2.81	0.816	MQ
MFD06092.bin.2.82	0.879	MQ
MFD06092.bin.2.85	0.833	MQ
MFD06092.bin.2.86	0.849	MQ
MFD06092.bin.2.87	0.86	MQ
MFD06092.bin.2.89	0.877	MQ
MFD06092.bin.2.94	0.85	MQ
MFD06092.bin.2.96	0.849	MQ
MFD06092.bin.2.99	0.861	MQ
MFD06092.bin.3.114	0.868	MQ
MFD06092.bin.3.249	0.891	MQ
MFD06092.bin.3.285	0.881	MQ
MFD06092.bin.3.326	0.87	MQ
MFD06092.bin.4.257	0.826	MQ
MFD06229.bin.2.115	0.861	MQ
MFD06229.bin.2.122	0.903	MQ
MFD06229.bin.2.124	0.881	MQ
MFD06229.bin.2.134	0.906	MQ
MFD06229.bin.2.137	0.865	MQ
MFD06229.bin.2.138	0.842	MQ
MFD06229.bin.2.140	0.877	MQ
MFD06229.bin.2.149	0.856	MQ
MFD06229.bin.2.150	0.863	MQ
MFD06229.bin.2.154	0.867	MQ
MFD06229.bin.2.155	0.813	MQ
MFD06229.bin.2.157	0.824	MQ
MFD06229.bin.2.159	0.793	MQ
MFD06229.bin.2.162	0.85	MQ
MFD06229.bin.2.168	0.931	MQ
MFD06229.bin.2.17	0.848	MQ
MFD06229.bin.2.181	0.832	MQ
MFD06229.bin.2.185	0.844	MQ
MFD06229.bin.2.186	0.808	MQ
MFD06229.bin.2.191	0.856	MQ
MFD06229.bin.2.204	0.833	MQ
MFD06229.bin.2.210	0.856	MQ
MFD06229.bin.2.215	0.859	MQ
MFD06229.bin.2.219	0.85	MQ
MFD06229.bin.2.225	0.875	MQ
MFD06229.bin.2.226	0.861	MQ
MFD06229.bin.2.227	0.85	MQ
MFD06229.bin.2.230	0.84	MQ
MFD06229.bin.2.236	0.881	MQ
MFD06229.bin.2.238	0.88	MQ
MFD06229.bin.2.24	0.878	MQ
MFD06229.bin.2.240	0.859	MQ
MFD06229.bin.2.245	0.818	MQ
MFD06229.bin.2.246	0.847	MQ
MFD06229.bin.2.252	0.826	MQ
MFD06229.bin.2.258	0.844	MQ
MFD06229.bin.2.259	0.874	MQ
MFD06229.bin.2.262	0.835	MQ
MFD06229.bin.2.265	0.828	MQ
MFD06229.bin.2.32	0.871	MQ
MFD06229.bin.2.38	0.818	MQ
MFD06229.bin.2.4	0.869	MQ
MFD06229.bin.2.40	0.828	MQ
MFD06229.bin.2.41	0.867	MQ
MFD06229.bin.2.42	0.842	MQ
MFD06229.bin.2.5	0.872	MQ
MFD06229.bin.2.51	0.857	MQ
MFD06229.bin.2.55	0.872	MQ
MFD06229.bin.2.57	0.855	MQ
MFD06229.bin.2.61	0.84	MQ
MFD06229.bin.2.63	0.84	MQ
MFD06229.bin.2.64	0.836	MQ
MFD06229.bin.2.69	0.827	MQ
MFD06229.bin.2.70	0.857	MQ
MFD06229.bin.2.72	0.891	MQ
MFD06229.bin.2.77	0.827	MQ
MFD06229.bin.2.89	0.858	MQ
MFD06229.bin.3.102	0.829	MQ
MFD06229.bin.3.208	0.88	MQ
MFD06229.bin.3.228	0.807	MQ
MFD06229.bin.3.372	0.82	MQ
MFD06229.bin.3.42	0.848	MQ
MFD06229.bin.3.461	0.828	MQ
MFD06229.bin.3.483	0.852	MQ
MFD06229.bin.3.491	0.836	MQ
MFD06229.bin.3.554	0.868	MQ
MFD06229.bin.3.581	0.838	MQ
MFD06229.bin.3.98	0.827	MQ
MFD06229.bin.4.101	0.825	MQ
MFD06229.bin.4.403	0.837	MQ
MFD06229.bin.4.496	0.845	MQ
MFD06298.bin.1.142	0.862	MQ
MFD06298.bin.2.10	0.818	MQ
MFD06298.bin.2.114	0.804	MQ
MFD06298.bin.2.116	0.883	MQ
MFD06298.bin.2.118	0.785	MQ
MFD06298.bin.2.127	0.831	MQ
MFD06298.bin.2.13	0.864	MQ
MFD06298.bin.2.131	0.831	MQ
MFD06298.bin.2.132	0.861	MQ
MFD06298.bin.2.137	0.882	MQ
MFD06298.bin.2.146	0.857	MQ
MFD06298.bin.2.154	0.857	MQ
MFD06298.bin.2.160	0.812	MQ
MFD06298.bin.2.166	0.906	MQ
MFD06298.bin.2.175	0.849	MQ
MFD06298.bin.2.185	0.831	MQ
MFD06298.bin.2.192	0.798	MQ
MFD06298.bin.2.195	0.832	MQ
MFD06298.bin.2.198	0.849	MQ
MFD06298.bin.2.20	0.857	MQ
MFD06298.bin.2.202	0.828	MQ
MFD06298.bin.2.208	0.831	MQ
MFD06298.bin.2.211	0.829	MQ
MFD06298.bin.2.213	0.836	MQ
MFD06298.bin.2.218	0.851	MQ
MFD06298.bin.2.219	0.833	MQ
MFD06298.bin.2.22	0.864	MQ
MFD06298.bin.2.220	0.832	MQ
MFD06298.bin.2.224	0.843	MQ
MFD06298.bin.2.225	0.798	MQ
MFD06298.bin.2.226	0.826	MQ
MFD06298.bin.2.34	0.877	MQ
MFD06298.bin.2.59	0.927	MQ
MFD06298.bin.2.62	0.822	MQ
MFD06298.bin.2.64	0.872	MQ
MFD06298.bin.2.66	0.822	MQ
MFD06298.bin.2.67	0.832	MQ
MFD06298.bin.2.69	0.785	MQ
MFD06298.bin.2.71	0.842	MQ
MFD06298.bin.2.72	0.862	MQ
MFD06298.bin.2.74	0.838	MQ
MFD06298.bin.2.77	0.838	MQ
MFD06298.bin.2.78	0.829	MQ
MFD06298.bin.3.105	0.839	MQ
MFD06298.bin.3.125	0.884	MQ
MFD06298.bin.3.148	0.815	MQ
MFD06298.bin.3.315	0.841	MQ
MFD06298.bin.3.339	0.8	MQ
MFD06298.bin.3.39	0.864	MQ
MFD06298.bin.3.525	0.836	MQ
MFD06298.bin.3.54	0.852	MQ
MFD06298.bin.3.556	0.851	MQ
MFD06435.bin.1.130	0.86	MQ
MFD06435.bin.1.72	0.884	MQ
MFD06435.bin.2.10	0.844	MQ
MFD06435.bin.2.101	0.859	MQ
MFD06435.bin.2.11	0.854	MQ
MFD06435.bin.2.110	0.84	MQ
MFD06435.bin.2.111	0.88	MQ
MFD06435.bin.2.113	0.876	MQ
MFD06435.bin.2.114	0.865	MQ
MFD06435.bin.2.116	0.846	MQ
MFD06435.bin.2.117	0.856	MQ
MFD06435.bin.2.119	0.82	MQ
MFD06435.bin.2.120	0.825	MQ
MFD06435.bin.2.125	0.822	MQ
MFD06435.bin.2.126	0.886	MQ
MFD06435.bin.2.13	0.831	MQ
MFD06435.bin.2.132	0.854	MQ
MFD06435.bin.2.134	0.812	MQ
MFD06435.bin.2.137	0.798	MQ
MFD06435.bin.2.138	0.882	MQ
MFD06435.bin.2.140	0.885	MQ
MFD06435.bin.2.142	0.806	MQ
MFD06435.bin.2.143	0.813	MQ
MFD06435.bin.2.144	0.822	MQ
MFD06435.bin.2.145	0.791	MQ
MFD06435.bin.2.146	0.837	MQ
MFD06435.bin.2.147	0.835	MQ
MFD06435.bin.2.148	0.812	MQ
MFD06435.bin.2.159	0.875	MQ
MFD06435.bin.2.160	0.855	MQ
MFD06435.bin.2.165	0.797	MQ
MFD06435.bin.2.166	0.867	MQ
MFD06435.bin.2.170	0.861	MQ
MFD06435.bin.2.174	0.881	MQ
MFD06435.bin.2.176	0.83	MQ
MFD06435.bin.2.178	0.849	MQ
MFD06435.bin.2.181	0.886	MQ
MFD06435.bin.2.183	0.835	MQ
MFD06435.bin.2.192	0.854	MQ
MFD06435.bin.2.193	0.837	MQ
MFD06435.bin.2.195	0.908	MQ
MFD06435.bin.2.21	0.846	MQ
MFD06435.bin.2.24	0.832	MQ
MFD06435.bin.2.33	0.866	MQ
MFD06435.bin.2.44	0.809	MQ
MFD06435.bin.2.45	0.886	MQ
MFD06435.bin.2.58	0.843	MQ
MFD06435.bin.2.59	0.857	MQ
MFD06435.bin.2.61	0.793	MQ
MFD06435.bin.2.63	0.882	MQ
MFD06435.bin.2.65	0.848	MQ
MFD06435.bin.2.68	0.834	MQ
MFD06435.bin.2.7	0.844	MQ
MFD06435.bin.2.8	0.866	MQ
MFD06435.bin.2.88	0.841	MQ
MFD06435.bin.2.9	0.888	MQ
MFD06435.bin.2.90	0.861	MQ
MFD06435.bin.2.94	0.852	MQ
MFD06435.bin.3.124	0.832	MQ
MFD06435.bin.3.22	0.828	MQ
MFD06435.bin.3.280	0.865	MQ
MFD06435.bin.3.313	0.842	MQ
MFD06435.bin.3.317	0.803	MQ
MFD06435.bin.3.333	0.851	MQ
MFD06435.bin.3.359	0.839	MQ
MFD06435.bin.3.419	0.866	MQ
MFD06435.bin.3.5	0.862	MQ
MFD06435.bin.3.50	0.855	MQ
MFD06435.bin.4.572	0.83	MQ
MFD06526.bin.1.2	0.882	MQ
MFD06526.bin.2.101	0.87	MQ
MFD06526.bin.2.110	0.858	MQ
MFD06526.bin.2.113	0.872	MQ
MFD06526.bin.2.119	0.826	MQ
MFD06526.bin.2.13	0.827	MQ
MFD06526.bin.2.18	0.859	MQ
MFD06526.bin.2.19	0.854	MQ
MFD06526.bin.2.21	0.833	MQ
MFD06526.bin.2.24	0.856	MQ
MFD06526.bin.2.47	0.856	MQ
MFD06526.bin.2.56	0.803	MQ
MFD06526.bin.2.58	0.841	MQ
MFD06526.bin.2.59	0.837	MQ
MFD06526.bin.2.60	0.85	MQ
MFD06526.bin.2.61	0.859	MQ
MFD06526.bin.2.69	0.878	MQ
MFD06526.bin.2.73	0.855	MQ
MFD06526.bin.2.74	0.824	MQ
MFD06526.bin.2.75	0.847	MQ
MFD06526.bin.2.76	0.85	MQ
MFD06526.bin.2.81	0.835	MQ
MFD06526.bin.2.89	0.858	MQ
MFD06526.bin.2.9	0.841	MQ
MFD06526.bin.2.99	0.84	MQ
MFD06526.bin.3.100	0.825	MQ
MFD06526.bin.3.188	0.82	MQ
MFD06526.bin.3.235	0.825	MQ
MFD06526.bin.3.285	0.822	MQ
MFD06526.bin.3.31	0.848	MQ
MFD06526.bin.3.329	0.839	MQ
MFD06526.bin.3.363	0.852	MQ
MFD06526.bin.3.41	0.836	MQ
MFD06526.bin.3.427	0.882	MQ
MFD06526.bin.3.74	0.864	MQ
MFD06714.bin.1.113	0.835	MQ
MFD06714.bin.1.121	0.848	MQ
MFD06714.bin.2.100	0.838	MQ
MFD06714.bin.2.102	0.853	MQ
MFD06714.bin.2.104	0.868	MQ
MFD06714.bin.2.110	0.863	MQ
MFD06714.bin.2.111	0.81	MQ
MFD06714.bin.2.115	0.848	MQ
MFD06714.bin.2.116	0.86	MQ
MFD06714.bin.2.117	0.875	MQ
MFD06714.bin.2.118	0.872	MQ
MFD06714.bin.2.119	0.863	MQ
MFD06714.bin.2.12	0.838	MQ
MFD06714.bin.2.120	0.817	MQ
MFD06714.bin.2.121	0.85	MQ
MFD06714.bin.2.122	0.864	MQ
MFD06714.bin.2.127	0.88	MQ
MFD06714.bin.2.128	0.87	MQ
MFD06714.bin.2.13	0.892	MQ
MFD06714.bin.2.130	0.822	MQ
MFD06714.bin.2.131	0.862	MQ
MFD06714.bin.2.137	0.85	MQ
MFD06714.bin.2.139	0.872	MQ
MFD06714.bin.2.142	0.858	MQ
MFD06714.bin.2.143	0.849	MQ
MFD06714.bin.2.146	0.868	MQ
MFD06714.bin.2.15	0.792	MQ
MFD06714.bin.2.153	0.887	MQ
MFD06714.bin.2.159	0.804	MQ
MFD06714.bin.2.161	0.858	MQ
MFD06714.bin.2.162	0.846	MQ
MFD06714.bin.2.165	0.88	MQ
MFD06714.bin.2.171	0.867	MQ
MFD06714.bin.2.174	0.881	MQ
MFD06714.bin.2.177	0.881	MQ
MFD06714.bin.2.179	0.791	MQ
MFD06714.bin.2.182	0.853	MQ
MFD06714.bin.2.184	0.92	MQ
MFD06714.bin.2.186	0.87	MQ
MFD06714.bin.2.190	0.842	MQ
MFD06714.bin.2.2	0.879	MQ
MFD06714.bin.2.20	0.826	MQ
MFD06714.bin.2.22	0.895	MQ
MFD06714.bin.2.25	0.831	MQ
MFD06714.bin.2.28	0.828	MQ
MFD06714.bin.2.29	0.846	MQ
MFD06714.bin.2.31	0.912	MQ
MFD06714.bin.2.32	0.866	MQ
MFD06714.bin.2.36	0.843	MQ
MFD06714.bin.2.37	0.872	MQ
MFD06714.bin.2.40	0.86	MQ
MFD06714.bin.2.41	0.843	MQ
MFD06714.bin.2.42	0.872	MQ
MFD06714.bin.2.43	0.817	MQ
MFD06714.bin.2.47	0.831	MQ
MFD06714.bin.2.5	0.844	MQ
MFD06714.bin.2.50	0.81	MQ
MFD06714.bin.2.53	0.856	MQ
MFD06714.bin.2.55	0.861	MQ
MFD06714.bin.2.56	0.836	MQ
MFD06714.bin.2.71	0.886	MQ
MFD06714.bin.2.77	0.797	MQ
MFD06714.bin.2.78	0.85	MQ
MFD06714.bin.2.83	0.903	MQ
MFD06714.bin.2.85	0.838	MQ
MFD06714.bin.2.86	0.886	MQ
MFD06714.bin.2.90	0.851	MQ
MFD06714.bin.2.92	0.818	MQ
MFD06714.bin.2.93	0.883	MQ
MFD06714.bin.2.94	0.83	MQ
MFD06714.bin.2.97	0.851	MQ
MFD06714.bin.2.98	0.867	MQ
MFD06714.bin.2.99	0.865	MQ
MFD06714.bin.3.132	0.839	MQ
MFD06714.bin.3.179	0.857	MQ
MFD06714.bin.3.18	0.829	MQ
MFD06714.bin.3.186	0.85	MQ
MFD06714.bin.3.228	0.849	MQ
MFD06714.bin.3.250	0.834	MQ
MFD06714.bin.3.252	0.846	MQ
MFD06714.bin.3.256	0.839	MQ
MFD06714.bin.3.278	0.889	MQ
MFD06714.bin.3.280	0.815	MQ
MFD06714.bin.3.429	0.875	MQ
MFD06714.bin.3.442	0.874	MQ
MFD06714.bin.3.60	0.891	MQ
MFD06714.bin.3.9	0.85	MQ
MFD06714.bin.4.187	0.86	MQ
MFD06714.bin.4.213	0.862	MQ
MFD06742.bin.2.1	0.834	MQ
MFD06742.bin.2.100	0.894	MQ
MFD06742.bin.2.103	0.806	MQ
MFD06742.bin.2.104	0.865	MQ
MFD06742.bin.2.106	0.85	MQ
MFD06742.bin.2.107	0.824	MQ
MFD06742.bin.2.109	0.819	MQ
MFD06742.bin.2.110	0.829	MQ
MFD06742.bin.2.111	0.805	MQ
MFD06742.bin.2.117	0.916	MQ
MFD06742.bin.2.125	0.837	MQ
MFD06742.bin.2.126	0.825	MQ
MFD06742.bin.2.128	0.835	MQ
MFD06742.bin.2.133	0.87	MQ
MFD06742.bin.2.143	0.894	MQ
MFD06742.bin.2.147	0.888	MQ
MFD06742.bin.2.154	0.836	MQ
MFD06742.bin.2.168	0.874	MQ
MFD06742.bin.2.180	0.9	MQ
MFD06742.bin.2.182	0.825	MQ
MFD06742.bin.2.185	0.83	MQ
MFD06742.bin.2.191	0.829	MQ
MFD06742.bin.2.193	0.888	MQ
MFD06742.bin.2.194	0.875	MQ
MFD06742.bin.2.196	0.825	MQ
MFD06742.bin.2.198	0.858	MQ
MFD06742.bin.2.199	0.833	MQ
MFD06742.bin.2.201	0.832	MQ
MFD06742.bin.2.204	0.823	MQ
MFD06742.bin.2.208	0.826	MQ
MFD06742.bin.2.209	0.814	MQ
MFD06742.bin.2.211	0.803	MQ
MFD06742.bin.2.218	0.842	MQ
MFD06742.bin.2.219	0.848	MQ
MFD06742.bin.2.229	0.848	MQ
MFD06742.bin.2.231	0.852	MQ
MFD06742.bin.2.233	0.85	MQ
MFD06742.bin.2.24	0.839	MQ
MFD06742.bin.2.250	0.854	MQ
MFD06742.bin.2.253	0.885	MQ
MFD06742.bin.2.263	0.865	MQ
MFD06742.bin.2.265	0.863	MQ
MFD06742.bin.2.272	0.863	MQ
MFD06742.bin.2.274	0.863	MQ
MFD06742.bin.2.278	0.825	MQ
MFD06742.bin.2.280	0.843	MQ
MFD06742.bin.2.29	0.856	MQ
MFD06742.bin.2.290	0.795	MQ
MFD06742.bin.2.292	0.814	MQ
MFD06742.bin.2.297	0.836	MQ
MFD06742.bin.2.298	0.86	MQ
MFD06742.bin.2.3	0.87	MQ
MFD06742.bin.2.302	0.88	MQ
MFD06742.bin.2.304	0.818	MQ
MFD06742.bin.2.305	0.848	MQ
MFD06742.bin.2.308	0.865	MQ
MFD06742.bin.2.309	0.823	MQ
MFD06742.bin.2.313	0.859	MQ
MFD06742.bin.2.315	0.829	MQ
MFD06742.bin.2.318	0.81	MQ
MFD06742.bin.2.34	0.837	MQ
MFD06742.bin.2.37	0.86	MQ
MFD06742.bin.2.42	0.848	MQ
MFD06742.bin.2.47	0.889	MQ
MFD06742.bin.2.52	0.909	MQ
MFD06742.bin.2.54	0.888	MQ
MFD06742.bin.2.59	0.839	MQ
MFD06742.bin.2.61	0.836	MQ
MFD06742.bin.2.68	0.866	MQ
MFD06742.bin.2.71	0.869	MQ
MFD06742.bin.2.74	0.822	MQ
MFD06742.bin.2.77	0.81	MQ
MFD06742.bin.2.8	0.856	MQ
MFD06742.bin.2.80	0.889	MQ
MFD06742.bin.2.84	0.831	MQ
MFD06742.bin.2.90	0.879	MQ
MFD06742.bin.2.93	0.844	MQ
MFD06742.bin.2.94	0.835	MQ
MFD06742.bin.2.97	0.842	MQ
MFD06742.bin.2.99	0.915	MQ
MFD06742.bin.3.269	0.817	MQ
MFD06742.bin.3.321	0.84	MQ
MFD06742.bin.3.344	0.843	MQ
MFD06742.bin.3.350	0.892	MQ
MFD06742.bin.3.373	0.832	MQ
MFD06742.bin.3.374	0.824	MQ
MFD06742.bin.3.485	0.871	MQ
MFD06742.bin.3.549	0.859	MQ
MFD06742.bin.3.587	0.889	MQ
MFD06742.bin.3.593	0.83	MQ
MFD06742.bin.3.630	0.826	MQ
MFD06742.bin.3.716	0.828	MQ
MFD06742.bin.3.739	0.878	MQ
MFD06742.bin.3.752	0.818	MQ
MFD06742.bin.3.764	0.851	MQ
MFD06742.bin.3.826	0.87	MQ
MFD06742.bin.3.840	0.819	MQ
MFD06742.bin.4.28	0.786	MQ
MFD06742.bin.4.49	0.872	MQ
MFD07386.bin.2.1	0.877	MQ
MFD07386.bin.2.16	0.809	MQ
MFD07386.bin.2.19	0.842	MQ
MFD07386.bin.2.20	0.815	MQ
MFD07386.bin.2.22	0.871	MQ
MFD07386.bin.2.23	0.895	MQ
MFD07386.bin.2.29	0.798	MQ
MFD07386.bin.2.49	0.847	MQ
MFD07386.bin.2.54	0.842	MQ
MFD07386.bin.2.6	0.878	MQ
MFD07639.bin.1.1	0.89	MQ
MFD07639.bin.2.1	0.869	MQ
MFD07639.bin.2.20	0.863	MQ
MFD07639.bin.2.22	0.865	MQ
MFD07639.bin.2.26	0.839	MQ
MFD07639.bin.2.3	0.904	MQ
MFD07639.bin.2.32	0.853	MQ
MFD07639.bin.2.34	0.806	MQ
MFD07639.bin.2.9	0.868	MQ
MFD07639.bin.3.12	0.859	MQ
MFD07639.bin.3.37	0.853	MQ
MFD07639.bin.3.4	0.858	MQ
MFD07691.bin.2.43	0.893	MQ
MFD07691.bin.2.58	0.833	MQ
MFD07737.bin.2.13	0.86	MQ
MFD07737.bin.2.31	0.851	MQ
MFD07737.bin.2.34	0.845	MQ
MFD07737.bin.2.36	0.852	MQ
MFD07737.bin.2.44	0.8	MQ
MFD07737.bin.3.13	0.829	MQ
MFD07737.bin.4.76	0.833	MQ
MFD07751.bin.2.43	0.807	MQ
MFD07841.bin.2.19	0.873	MQ
MFD07841.bin.2.22	0.844	MQ
MFD07841.bin.2.26	0.831	MQ
MFD07841.bin.2.41	0.835	MQ
MFD07841.bin.2.44	0.85	MQ
MFD07841.bin.2.5	0.865	MQ
MFD07841.bin.2.61	0.818	MQ
MFD07841.bin.2.63	0.862	MQ
MFD07841.bin.2.7	0.831	MQ
MFD07841.bin.3.176	0.86	MQ
MFD07841.bin.3.5	0.736	MQ
MFD07841.bin.3.76	0.796	MQ
MFD07987.bin.2.12	0.803	MQ
MFD07987.bin.2.15	0.805	MQ
MFD07987.bin.2.19	0.836	MQ
MFD07987.bin.2.3	0.816	MQ
MFD07987.bin.4.25	0.817	MQ
MFD08079.bin.2.21	0.876	MQ
MFD08079.bin.2.23	0.864	MQ
MFD08079.bin.2.54	0.794	MQ
MFD08079.bin.2.6	0.819	MQ
MFD08203.bin.2.11	0.83	MQ
MFD08353.bin.2.2	0.78	MQ
MFD08353.bin.2.20	0.826	MQ
MFD08353.bin.2.24	0.855	MQ
MFD08353.bin.2.25	0.801	MQ
MFD08353.bin.2.3	0.814	MQ
MFD08353.bin.3.25	0.819	MQ
MFD08353.bin.3.26	0.794	MQ
MFD08416.bin.2.10	0.803	MQ
MFD08416.bin.2.15	0.864	MQ
MFD08416.bin.2.21	0.832	MQ
MFD08416.bin.2.27	0.796	MQ
MFD08416.bin.2.30	0.82	MQ
MFD08416.bin.2.34	0.846	MQ
MFD08416.bin.2.38	0.84	MQ
MFD08416.bin.2.45	0.852	MQ
MFD08416.bin.2.48	0.863	MQ
MFD08416.bin.2.56	0.841	MQ
MFD08416.bin.2.6	0.845	MQ
MFD08416.bin.2.62	0.788	MQ
MFD08416.bin.2.66	0.869	MQ
MFD08416.bin.2.70	0.814	MQ
MFD08416.bin.2.72	0.818	MQ
MFD08416.bin.2.73	0.815	MQ
MFD08416.bin.2.74	0.84	MQ
MFD08416.bin.2.75	0.847	MQ
MFD08416.bin.2.80	0.865	MQ
MFD08416.bin.2.83	0.812	MQ
MFD08416.bin.3.150	0.856	MQ
MFD08416.bin.3.168	0.841	MQ
MFD08416.bin.3.88	0.852	MQ
MFD08447.bin.2.1	0.866	MQ
MFD08447.bin.2.10	0.89	MQ
MFD08447.bin.2.12	0.79	MQ
MFD08447.bin.2.13	0.83	MQ
MFD08447.bin.2.14	0.849	MQ
MFD08447.bin.2.17	0.838	MQ
MFD08447.bin.2.2	0.877	MQ
MFD08447.bin.2.37	0.849	MQ
MFD08447.bin.2.45	0.838	MQ
MFD08447.bin.2.46	0.856	MQ
MFD08447.bin.2.9	0.799	MQ
MFD08462.bin.2.40	0.841	MQ
MFD08462.bin.2.50	0.841	MQ
MFD08462.bin.2.79	0.813	MQ
MFD08462.bin.2.82	0.875	MQ
MFD08462.bin.2.88	0.839	MQ
MFD08462.bin.3.52	0.761	MQ
MFD08462.bin.3.59	0.845	MQ
MFD08497.bin.1.157	0.859	MQ
MFD08497.bin.1.25	0.901	MQ
MFD08497.bin.2.104	0.811	MQ
MFD08497.bin.2.106	0.833	MQ
MFD08497.bin.2.117	0.875	MQ
MFD08497.bin.2.119	0.866	MQ
MFD08497.bin.2.122	0.811	MQ
MFD08497.bin.2.128	0.802	MQ
MFD08497.bin.2.136	0.818	MQ
MFD08497.bin.2.144	0.917	MQ
MFD08497.bin.2.147	0.844	MQ
MFD08497.bin.2.148	0.841	MQ
MFD08497.bin.2.149	0.839	MQ
MFD08497.bin.2.150	0.862	MQ
MFD08497.bin.2.151	0.871	MQ
MFD08497.bin.2.23	0.826	MQ
MFD08497.bin.2.25	0.815	MQ
MFD08497.bin.2.28	0.9	MQ
MFD08497.bin.2.33	0.883	MQ
MFD08497.bin.2.46	0.867	MQ
MFD08497.bin.2.49	0.858	MQ
MFD08497.bin.2.57	0.889	MQ
MFD08497.bin.2.61	0.887	MQ
MFD08497.bin.2.63	0.833	MQ
MFD08497.bin.2.65	0.832	MQ
MFD08497.bin.2.67	0.84	MQ
MFD08497.bin.2.70	0.817	MQ
MFD08497.bin.2.71	0.801	MQ
MFD08497.bin.2.79	0.832	MQ
MFD08497.bin.2.80	0.83	MQ
MFD08497.bin.2.86	0.851	MQ
MFD08497.bin.2.96	0.838	MQ
MFD08497.bin.3.103	0.825	MQ
MFD08497.bin.3.29	0.886	MQ
MFD08497.bin.3.77	0.884	MQ
MFD08497.bin.3.97	0.865	MQ
MFD08497.bin.4.268	0.822	MQ
MFD08669.bin.2.1	0.86	MQ
MFD08669.bin.2.100	0.785	MQ
MFD08669.bin.2.102	0.822	MQ
MFD08669.bin.2.107	0.844	MQ
MFD08669.bin.2.108	0.807	MQ
MFD08669.bin.2.17	0.801	MQ
MFD08669.bin.2.19	0.806	MQ
MFD08669.bin.2.2	0.808	MQ
MFD08669.bin.2.21	0.892	MQ
MFD08669.bin.2.25	0.85	MQ
MFD08669.bin.2.26	0.84	MQ
MFD08669.bin.2.27	0.938	MQ
MFD08669.bin.2.29	0.821	MQ
MFD08669.bin.2.3	0.897	MQ
MFD08669.bin.2.31	0.852	MQ
MFD08669.bin.2.32	0.775	MQ
MFD08669.bin.2.33	0.831	MQ
MFD08669.bin.2.35	0.922	MQ
MFD08669.bin.2.37	0.824	MQ
MFD08669.bin.2.38	0.862	MQ
MFD08669.bin.2.39	0.89	MQ
MFD08669.bin.2.5	0.858	MQ
MFD08669.bin.2.53	0.808	MQ
MFD08669.bin.2.6	0.844	MQ
MFD08669.bin.2.62	0.857	MQ
MFD08669.bin.2.63	0.805	MQ
MFD08669.bin.2.65	0.809	MQ
MFD08669.bin.2.74	0.902	MQ
MFD08669.bin.2.81	0.842	MQ
MFD08669.bin.2.82	0.852	MQ
MFD08669.bin.2.89	0.782	MQ
MFD08669.bin.2.94	0.913	MQ
MFD08669.bin.2.95	0.865	MQ
MFD08669.bin.2.96	0.831	MQ
MFD08669.bin.3.113	0.828	MQ
MFD08669.bin.3.115	0.741	MQ
MFD08669.bin.3.247	0.875	MQ
MFD08669.bin.3.42	0.802	MQ
MFD08669.bin.3.52	0.839	MQ
MFD08669.bin.3.78	0.787	MQ
MFD08669.bin.3.86	0.785	MQ
MFD08669.bin.3.91	0.87	MQ
MFD08669.bin.4.149	0.74	MQ
MFD08669.bin.4.151	0.79	MQ
MFD08691.bin.2.26	0.837	MQ
MFD08691.bin.2.32	0.781	MQ
MFD08691.bin.2.47	0.865	MQ
MFD08691.bin.2.75	0.799	MQ
MFD08691.bin.2.86	0.844	MQ
MFD08691.bin.4.118	0.857	MQ
MFD08691.bin.4.59	0.802	MQ
MFD08700.bin.2.13	0.774	MQ
MFD08700.bin.2.15	0.83	MQ
MFD08700.bin.2.17	0.821	MQ
MFD08700.bin.2.18	0.916	MQ
MFD08700.bin.2.22	0.897	MQ
MFD08700.bin.2.26	0.872	MQ
MFD08700.bin.2.32	0.865	MQ
MFD08700.bin.2.34	0.825	MQ
MFD08700.bin.2.39	0.836	MQ
MFD08700.bin.2.40	0.835	MQ
MFD08700.bin.2.8	0.871	MQ
MFD08700.bin.2.86	0.877	MQ
MFD08700.bin.2.91	0.882	MQ
MFD08700.bin.2.93	0.865	MQ
MFD08700.bin.2.94	0.883	MQ
MFD08700.bin.3.153	0.81	MQ
MFD08700.bin.3.2	0.827	MQ
MFD08700.bin.3.300	0.83	MQ
MFD08700.bin.3.34	0.913	MQ
MFD08700.bin.3.6	0.823	MQ
MFD08700.bin.3.67	0.78	MQ
MFD08700.bin.4.239	0.737	MQ
MFD08767.bin.2.16	0.775	MQ
MFD08767.bin.2.29	0.82	MQ
MFD08767.bin.2.61	0.812	MQ
MFD08767.bin.4.208	0.817	MQ
MFD08821.bin.1.21	0.855	MQ
MFD08821.bin.2.18	0.818	MQ
MFD08821.bin.2.25	0.842	MQ
MFD08821.bin.2.28	0.867	MQ
MFD08821.bin.2.30	0.843	MQ
MFD08821.bin.2.33	0.87	MQ
MFD08821.bin.2.47	0.833	MQ
MFD08821.bin.2.51	0.856	MQ
MFD08821.bin.2.56	0.801	MQ
MFD08821.bin.2.74	0.862	MQ
MFD08821.bin.2.76	0.82	MQ
MFD08821.bin.2.85	0.827	MQ
MFD08821.bin.2.93	0.822	MQ
MFD08821.bin.2.94	0.82	MQ
MFD08821.bin.2.98	0.891	MQ
MFD08821.bin.3.40	0.841	MQ
MFD08821.bin.3.72	0.716	MQ
MFD08821.bin.4.239	0.846	MQ
MFD08821.bin.4.32	0.825	MQ
MFD08988.bin.2.11	0.851	MQ
MFD08988.bin.2.20	0.859	MQ
MFD08988.bin.2.29	0.825	MQ
MFD08988.bin.2.30	0.864	MQ
MFD08988.bin.2.35	0.797	MQ
MFD08988.bin.2.58	0.842	MQ
MFD08988.bin.2.9	0.797	MQ
MFD08988.bin.3.114	0.81	MQ
MFD08988.bin.3.3	0.874	MQ
MFD09018.bin.2.1	0.863	MQ
MFD09018.bin.2.10	0.87	MQ
MFD09018.bin.2.101	0.91	MQ
MFD09018.bin.2.104	0.845	MQ
MFD09018.bin.2.105	0.84	MQ
MFD09018.bin.2.112	0.832	MQ
MFD09018.bin.2.12	0.842	MQ
MFD09018.bin.2.20	0.828	MQ
MFD09018.bin.2.34	0.867	MQ
MFD09018.bin.2.42	0.865	MQ
MFD09018.bin.2.44	0.813	MQ
MFD09018.bin.2.62	0.833	MQ
MFD09018.bin.2.72	0.895	MQ
MFD09018.bin.2.85	0.876	MQ
MFD09018.bin.3.3	0.875	MQ
MFD09018.bin.3.73	0.815	MQ
MFD09018.bin.4.46	0.826	MQ
MFD09018.bin.4.83	0.825	MQ
MFD09055.bin.2.15	0.814	MQ
MFD09055.bin.2.17	0.806	MQ
MFD09055.bin.2.42	0.807	MQ
MFD09055.bin.2.52	0.807	MQ
MFD09055.bin.2.55	0.815	MQ
MFD09055.bin.2.61	0.846	MQ
MFD09055.bin.2.99	0.838	MQ
MFD09055.bin.3.41	0.859	MQ
MFD09055.bin.3.78	0.804	MQ
MFD09126.bin.2.1	0.871	MQ
MFD09126.bin.2.24	0.876	MQ
MFD09126.bin.2.28	0.874	MQ
MFD09126.bin.2.34	0.845	MQ
MFD09126.bin.2.44	0.845	MQ
MFD09126.bin.2.47	0.816	MQ
MFD09126.bin.2.61	0.881	MQ
MFD09126.bin.2.67	0.806	MQ
MFD09126.bin.2.73	0.807	MQ
MFD09126.bin.2.77	0.854	MQ
MFD09126.bin.2.9	0.826	MQ
MFD09126.bin.3.1	0.891	MQ
MFD09126.bin.3.124	0.826	MQ
MFD09126.bin.3.185	0.839	MQ
MFD09126.bin.3.30	0.794	MQ
MFD09206.bin.1.106	0.905	MQ
MFD09206.bin.1.119	0.898	MQ
MFD09206.bin.1.124	0.907	MQ
MFD09206.bin.1.36	0.914	MQ
MFD09206.bin.1.39	0.899	MQ
MFD09206.bin.2.1	0.898	MQ
MFD09206.bin.2.100	0.89	MQ
MFD09206.bin.2.101	0.867	MQ
MFD09206.bin.2.102	0.863	MQ
MFD09206.bin.2.103	0.834	MQ
MFD09206.bin.2.109	0.856	MQ
MFD09206.bin.2.110	0.823	MQ
MFD09206.bin.2.122	0.852	MQ
MFD09206.bin.2.123	0.86	MQ
MFD09206.bin.2.124	0.843	MQ
MFD09206.bin.2.125	0.875	MQ
MFD09206.bin.2.128	0.825	MQ
MFD09206.bin.2.130	0.83	MQ
MFD09206.bin.2.138	0.84	MQ
MFD09206.bin.2.141	0.888	MQ
MFD09206.bin.2.142	0.817	MQ
MFD09206.bin.2.144	0.849	MQ
MFD09206.bin.2.146	0.855	MQ
MFD09206.bin.2.149	0.872	MQ
MFD09206.bin.2.157	0.871	MQ
MFD09206.bin.2.159	0.895	MQ
MFD09206.bin.2.162	0.924	MQ
MFD09206.bin.2.167	0.881	MQ
MFD09206.bin.2.168	0.833	MQ
MFD09206.bin.2.17	0.911	MQ
MFD09206.bin.2.175	0.817	MQ
MFD09206.bin.2.176	0.908	MQ
MFD09206.bin.2.177	0.89	MQ
MFD09206.bin.2.181	0.799	MQ
MFD09206.bin.2.183	0.904	MQ
MFD09206.bin.2.185	0.87	MQ
MFD09206.bin.2.188	0.925	MQ
MFD09206.bin.2.192	0.876	MQ
MFD09206.bin.2.195	0.902	MQ
MFD09206.bin.2.196	0.862	MQ
MFD09206.bin.2.198	0.808	MQ
MFD09206.bin.2.199	0.85	MQ
MFD09206.bin.2.2	0.908	MQ
MFD09206.bin.2.201	0.866	MQ
MFD09206.bin.2.202	0.905	MQ
MFD09206.bin.2.203	0.867	MQ
MFD09206.bin.2.206	0.909	MQ
MFD09206.bin.2.22	0.873	MQ
MFD09206.bin.2.23	0.855	MQ
MFD09206.bin.2.25	0.885	MQ
MFD09206.bin.2.29	0.891	MQ
MFD09206.bin.2.30	0.881	MQ
MFD09206.bin.2.34	0.867	MQ
MFD09206.bin.2.36	0.9	MQ
MFD09206.bin.2.37	0.894	MQ
MFD09206.bin.2.39	0.829	MQ
MFD09206.bin.2.53	0.823	MQ
MFD09206.bin.2.54	0.878	MQ
MFD09206.bin.2.58	0.873	MQ
MFD09206.bin.2.6	0.893	MQ
MFD09206.bin.2.60	0.832	MQ
MFD09206.bin.2.66	0.874	MQ
MFD09206.bin.2.83	0.87	MQ
MFD09206.bin.2.84	0.895	MQ
MFD09206.bin.2.86	0.838	MQ
MFD09206.bin.2.89	0.914	MQ
MFD09206.bin.2.9	0.866	MQ
MFD09206.bin.2.91	0.907	MQ
MFD09206.bin.2.92	0.873	MQ
MFD09206.bin.2.96	0.836	MQ
MFD09206.bin.2.97	0.871	MQ
MFD09206.bin.2.99	0.857	MQ
MFD09206.bin.3.265	0.846	MQ
MFD09206.bin.3.266	0.919	MQ
MFD09206.bin.3.351	0.89	MQ
MFD09206.bin.3.357	0.866	MQ
MFD09206.bin.3.364	0.858	MQ
MFD09206.bin.3.389	0.869	MQ
MFD09206.bin.3.42	0.878	MQ
MFD09206.bin.3.447	0.919	MQ
MFD09206.bin.3.490	0.827	MQ
MFD09206.bin.3.9	0.856	MQ
MFD09206.bin.4.184	0.866	MQ
MFD09206.bin.4.58	0.861	MQ
MFD09212.bin.2.10	0.843	MQ
MFD09212.bin.2.103	0.883	MQ
MFD09212.bin.2.107	0.855	MQ
MFD09212.bin.2.109	0.877	MQ
MFD09212.bin.2.11	0.809	MQ
MFD09212.bin.2.110	0.901	MQ
MFD09212.bin.2.111	0.864	MQ
MFD09212.bin.2.112	0.853	MQ
MFD09212.bin.2.114	0.837	MQ
MFD09212.bin.2.115	0.845	MQ
MFD09212.bin.2.119	0.857	MQ
MFD09212.bin.2.121	0.865	MQ
MFD09212.bin.2.123	0.827	MQ
MFD09212.bin.2.125	0.802	MQ
MFD09212.bin.2.127	0.821	MQ
MFD09212.bin.2.128	0.829	MQ
MFD09212.bin.2.129	0.885	MQ
MFD09212.bin.2.132	0.836	MQ
MFD09212.bin.2.142	0.835	MQ
MFD09212.bin.2.143	0.862	MQ
MFD09212.bin.2.144	0.799	MQ
MFD09212.bin.2.145	0.879	MQ
MFD09212.bin.2.146	0.82	MQ
MFD09212.bin.2.148	0.802	MQ
MFD09212.bin.2.149	0.87	MQ
MFD09212.bin.2.151	0.858	MQ
MFD09212.bin.2.155	0.847	MQ
MFD09212.bin.2.167	0.862	MQ
MFD09212.bin.2.172	0.876	MQ
MFD09212.bin.2.173	0.791	MQ
MFD09212.bin.2.177	0.809	MQ
MFD09212.bin.2.179	0.808	MQ
MFD09212.bin.2.184	0.843	MQ
MFD09212.bin.2.188	0.898	MQ
MFD09212.bin.2.192	0.833	MQ
MFD09212.bin.2.193	0.883	MQ
MFD09212.bin.2.194	0.873	MQ
MFD09212.bin.2.195	0.828	MQ
MFD09212.bin.2.196	0.869	MQ
MFD09212.bin.2.197	0.841	MQ
MFD09212.bin.2.201	0.9	MQ
MFD09212.bin.2.202	0.82	MQ
MFD09212.bin.2.205	0.882	MQ
MFD09212.bin.2.209	0.829	MQ
MFD09212.bin.2.211	0.799	MQ
MFD09212.bin.2.212	0.844	MQ
MFD09212.bin.2.23	0.854	MQ
MFD09212.bin.2.24	0.832	MQ
MFD09212.bin.2.26	0.858	MQ
MFD09212.bin.2.27	0.826	MQ
MFD09212.bin.2.31	0.843	MQ
MFD09212.bin.2.35	0.873	MQ
MFD09212.bin.2.37	0.845	MQ
MFD09212.bin.2.38	0.851	MQ
MFD09212.bin.2.4	0.86	MQ
MFD09212.bin.2.40	0.871	MQ
MFD09212.bin.2.46	0.855	MQ
MFD09212.bin.2.51	0.853	MQ
MFD09212.bin.2.52	0.857	MQ
MFD09212.bin.2.54	0.888	MQ
MFD09212.bin.2.56	0.873	MQ
MFD09212.bin.2.59	0.864	MQ
MFD09212.bin.2.71	0.92	MQ
MFD09212.bin.2.80	0.894	MQ
MFD09212.bin.2.90	0.867	MQ
MFD09212.bin.2.99	0.861	MQ
MFD09212.bin.3.104	0.79	MQ
MFD09212.bin.3.159	0.908	MQ
MFD09212.bin.3.24	0.832	MQ
MFD09212.bin.3.261	0.846	MQ
MFD09212.bin.3.282	0.813	MQ
MFD09212.bin.3.335	0.82	MQ
MFD09212.bin.3.416	0.897	MQ
MFD09212.bin.3.427	0.804	MQ
MFD09212.bin.3.466	0.863	MQ
MFD09212.bin.3.520	0.855	MQ
MFD09212.bin.3.554	0.812	MQ
MFD09212.bin.3.603	0.883	MQ
MFD09212.bin.3.610	0.814	MQ
MFD09212.bin.4.167	0.872	MQ
MFD09212.bin.4.173	0.844	MQ
MFD09212.bin.4.303	0.883	MQ
MFD09212.bin.4.413	0.878	MQ
MFD09212.bin.4.524	0.803	MQ
MFD09212.bin.4.535	0.852	MQ
MFD09222.bin.1.119	0.865	MQ
MFD09222.bin.1.125	0.853	MQ
MFD09222.bin.1.179	0.861	MQ
MFD09222.bin.1.241	0.877	MQ
MFD09222.bin.2.1	0.862	MQ
MFD09222.bin.2.10	0.837	MQ
MFD09222.bin.2.103	0.871	MQ
MFD09222.bin.2.108	0.84	MQ
MFD09222.bin.2.11	0.828	MQ
MFD09222.bin.2.110	0.907	MQ
MFD09222.bin.2.113	0.845	MQ
MFD09222.bin.2.117	0.854	MQ
MFD09222.bin.2.119	0.847	MQ
MFD09222.bin.2.123	0.87	MQ
MFD09222.bin.2.125	0.846	MQ
MFD09222.bin.2.126	0.867	MQ
MFD09222.bin.2.131	0.872	MQ
MFD09222.bin.2.139	0.84	MQ
MFD09222.bin.2.142	0.85	MQ
MFD09222.bin.2.145	0.872	MQ
MFD09222.bin.2.146	0.87	MQ
MFD09222.bin.2.155	0.856	MQ
MFD09222.bin.2.16	0.866	MQ
MFD09222.bin.2.166	0.836	MQ
MFD09222.bin.2.174	0.868	MQ
MFD09222.bin.2.18	0.847	MQ
MFD09222.bin.2.23	0.875	MQ
MFD09222.bin.2.26	0.858	MQ
MFD09222.bin.2.29	0.864	MQ
MFD09222.bin.2.30	0.851	MQ
MFD09222.bin.2.33	0.834	MQ
MFD09222.bin.2.34	0.887	MQ
MFD09222.bin.2.35	0.896	MQ
MFD09222.bin.2.46	0.875	MQ
MFD09222.bin.2.51	0.868	MQ
MFD09222.bin.2.6	0.85	MQ
MFD09222.bin.2.60	0.874	MQ
MFD09222.bin.2.68	0.875	MQ
MFD09222.bin.2.76	0.848	MQ
MFD09222.bin.2.77	0.894	MQ
MFD09222.bin.2.82	0.883	MQ
MFD09222.bin.2.84	0.89	MQ
MFD09222.bin.2.91	0.854	MQ
MFD09222.bin.2.93	0.858	MQ
MFD09222.bin.2.94	0.844	MQ
MFD09222.bin.2.96	0.826	MQ
MFD09222.bin.3.117	0.894	MQ
MFD09222.bin.3.13	0.845	MQ
MFD09222.bin.3.133	0.874	MQ
MFD09222.bin.3.186	0.855	MQ
MFD09222.bin.3.213	0.831	MQ
MFD09222.bin.3.24	0.864	MQ
MFD09222.bin.3.28	0.871	MQ
MFD09222.bin.3.315	0.855	MQ
MFD09222.bin.3.337	0.878	MQ
MFD09222.bin.3.34	0.862	MQ
MFD09222.bin.3.374	0.829	MQ
MFD09222.bin.3.40	0.864	MQ
MFD09222.bin.3.414	0.865	MQ
MFD09222.bin.3.45	0.85	MQ
MFD09222.bin.3.460	0.837	MQ
MFD09222.bin.3.67	0.862	MQ
MFD09222.bin.4.501	0.863	MQ
MFD09222.bin.4.8	0.87	MQ
MFD09267.bin.1.185	0.831	MQ
MFD09267.bin.2.103	0.909	MQ
MFD09267.bin.2.11	0.832	MQ
MFD09267.bin.2.111	0.859	MQ
MFD09267.bin.2.121	0.887	MQ
MFD09267.bin.2.124	0.826	MQ
MFD09267.bin.2.127	0.83	MQ
MFD09267.bin.2.128	0.921	MQ
MFD09267.bin.2.130	0.843	MQ
MFD09267.bin.2.131	0.846	MQ
MFD09267.bin.2.133	0.881	MQ
MFD09267.bin.2.134	0.804	MQ
MFD09267.bin.2.135	0.849	MQ
MFD09267.bin.2.138	0.832	MQ
MFD09267.bin.2.141	0.826	MQ
MFD09267.bin.2.142	0.87	MQ
MFD09267.bin.2.144	0.904	MQ
MFD09267.bin.2.149	0.889	MQ
MFD09267.bin.2.152	0.812	MQ
MFD09267.bin.2.155	0.806	MQ
MFD09267.bin.2.157	0.84	MQ
MFD09267.bin.2.159	0.869	MQ
MFD09267.bin.2.16	0.844	MQ
MFD09267.bin.2.165	0.891	MQ
MFD09267.bin.2.170	0.852	MQ
MFD09267.bin.2.177	0.822	MQ
MFD09267.bin.2.184	0.882	MQ
MFD09267.bin.2.200	0.845	MQ
MFD09267.bin.2.205	0.86	MQ
MFD09267.bin.2.207	0.867	MQ
MFD09267.bin.2.21	0.894	MQ
MFD09267.bin.2.210	0.895	MQ
MFD09267.bin.2.214	0.856	MQ
MFD09267.bin.2.216	0.887	MQ
MFD09267.bin.2.218	0.881	MQ
MFD09267.bin.2.22	0.85	MQ
MFD09267.bin.2.223	0.875	MQ
MFD09267.bin.2.228	0.871	MQ
MFD09267.bin.2.230	0.855	MQ
MFD09267.bin.2.231	0.886	MQ
MFD09267.bin.2.234	0.908	MQ
MFD09267.bin.2.236	0.889	MQ
MFD09267.bin.2.240	0.885	MQ
MFD09267.bin.2.253	0.826	MQ
MFD09267.bin.2.255	0.811	MQ
MFD09267.bin.2.256	0.871	MQ
MFD09267.bin.2.26	0.854	MQ
MFD09267.bin.2.262	0.86	MQ
MFD09267.bin.2.264	0.839	MQ
MFD09267.bin.2.281	0.89	MQ
MFD09267.bin.2.292	0.831	MQ
MFD09267.bin.2.297	0.842	MQ
MFD09267.bin.2.298	0.9	MQ
MFD09267.bin.2.30	0.863	MQ
MFD09267.bin.2.303	0.853	MQ
MFD09267.bin.2.304	0.822	MQ
MFD09267.bin.2.308	0.81	MQ
MFD09267.bin.2.309	0.868	MQ
MFD09267.bin.2.310	0.81	MQ
MFD09267.bin.2.318	0.861	MQ
MFD09267.bin.2.322	0.843	MQ
MFD09267.bin.2.329	0.855	MQ
MFD09267.bin.2.330	0.821	MQ
MFD09267.bin.2.331	0.837	MQ
MFD09267.bin.2.334	0.908	MQ
MFD09267.bin.2.335	0.905	MQ
MFD09267.bin.2.346	0.909	MQ
MFD09267.bin.2.351	0.883	MQ
MFD09267.bin.2.38	0.893	MQ
MFD09267.bin.2.42	0.805	MQ
MFD09267.bin.2.56	0.878	MQ
MFD09267.bin.2.59	0.812	MQ
MFD09267.bin.2.64	0.892	MQ
MFD09267.bin.2.65	0.847	MQ
MFD09267.bin.2.66	0.84	MQ
MFD09267.bin.2.72	0.885	MQ
MFD09267.bin.2.73	0.914	MQ
MFD09267.bin.2.75	0.834	MQ
MFD09267.bin.2.77	0.85	MQ
MFD09267.bin.2.78	0.864	MQ
MFD09267.bin.2.87	0.831	MQ
MFD09267.bin.2.90	0.875	MQ
MFD09267.bin.2.93	0.846	MQ
MFD09267.bin.2.94	0.832	MQ
MFD09267.bin.2.97	0.8	MQ
MFD09267.bin.2.99	0.85	MQ
MFD09267.bin.3.132	0.836	MQ
MFD09267.bin.3.158	0.887	MQ
MFD09267.bin.3.248	0.855	MQ
MFD09267.bin.3.343	0.902	MQ
MFD09267.bin.3.399	0.853	MQ
MFD09267.bin.3.402	0.874	MQ
MFD09267.bin.3.508	0.91	MQ
MFD09267.bin.3.65	0.828	MQ
MFD09267.bin.3.700	0.895	MQ
MFD09267.bin.3.85	0.89	MQ
MFD09267.bin.4.169	0.85	MQ
MFD09267.bin.4.481	0.811	MQ
MFD09267.bin.4.722	0.846	MQ
MFD09286.bin.1.126	0.858	MQ
MFD09286.bin.1.190	0.855	MQ
MFD09286.bin.1.229	0.861	MQ
MFD09286.bin.1.244	0.868	MQ
MFD09286.bin.1.6	0.875	MQ
MFD09286.bin.2.1	0.873	MQ
MFD09286.bin.2.100	0.824	MQ
MFD09286.bin.2.102	0.856	MQ
MFD09286.bin.2.106	0.86	MQ
MFD09286.bin.2.109	0.868	MQ
MFD09286.bin.2.11	0.854	MQ
MFD09286.bin.2.112	0.847	MQ
MFD09286.bin.2.114	0.872	MQ
MFD09286.bin.2.117	0.819	MQ
MFD09286.bin.2.119	0.873	MQ
MFD09286.bin.2.12	0.885	MQ
MFD09286.bin.2.120	0.866	MQ
MFD09286.bin.2.121	0.883	MQ
MFD09286.bin.2.122	0.895	MQ
MFD09286.bin.2.123	0.834	MQ
MFD09286.bin.2.125	0.878	MQ
MFD09286.bin.2.126	0.83	MQ
MFD09286.bin.2.127	0.841	MQ
MFD09286.bin.2.129	0.906	MQ
MFD09286.bin.2.130	0.888	MQ
MFD09286.bin.2.134	0.88	MQ
MFD09286.bin.2.136	0.875	MQ
MFD09286.bin.2.137	0.831	MQ
MFD09286.bin.2.138	0.841	MQ
MFD09286.bin.2.14	0.89	MQ
MFD09286.bin.2.143	0.888	MQ
MFD09286.bin.2.146	0.823	MQ
MFD09286.bin.2.15	0.854	MQ
MFD09286.bin.2.150	0.845	MQ
MFD09286.bin.2.151	0.862	MQ
MFD09286.bin.2.153	0.83	MQ
MFD09286.bin.2.154	0.891	MQ
MFD09286.bin.2.160	0.823	MQ
MFD09286.bin.2.163	0.857	MQ
MFD09286.bin.2.167	0.84	MQ
MFD09286.bin.2.169	0.88	MQ
MFD09286.bin.2.170	0.882	MQ
MFD09286.bin.2.171	0.85	MQ
MFD09286.bin.2.172	0.854	MQ
MFD09286.bin.2.173	0.827	MQ
MFD09286.bin.2.174	0.829	MQ
MFD09286.bin.2.177	0.858	MQ
MFD09286.bin.2.181	0.872	MQ
MFD09286.bin.2.187	0.867	MQ
MFD09286.bin.2.19	0.863	MQ
MFD09286.bin.2.24	0.817	MQ
MFD09286.bin.2.25	0.822	MQ
MFD09286.bin.2.29	0.849	MQ
MFD09286.bin.2.3	0.832	MQ
MFD09286.bin.2.30	0.839	MQ
MFD09286.bin.2.34	0.87	MQ
MFD09286.bin.2.37	0.842	MQ
MFD09286.bin.2.41	0.892	MQ
MFD09286.bin.2.43	0.863	MQ
MFD09286.bin.2.47	0.847	MQ
MFD09286.bin.2.48	0.853	MQ
MFD09286.bin.2.49	0.84	MQ
MFD09286.bin.2.50	0.875	MQ
MFD09286.bin.2.51	0.882	MQ
MFD09286.bin.2.54	0.809	MQ
MFD09286.bin.2.68	0.868	MQ
MFD09286.bin.2.79	0.848	MQ
MFD09286.bin.2.81	0.848	MQ
MFD09286.bin.2.82	0.842	MQ
MFD09286.bin.2.83	0.827	MQ
MFD09286.bin.2.84	0.89	MQ
MFD09286.bin.2.87	0.943	MQ
MFD09286.bin.2.88	0.906	MQ
MFD09286.bin.2.92	0.865	MQ
MFD09286.bin.2.93	0.898	MQ
MFD09286.bin.2.95	0.846	MQ
MFD09286.bin.2.97	0.848	MQ
MFD09286.bin.2.99	0.89	MQ
MFD09286.bin.3.127	0.862	MQ
MFD09286.bin.3.15	0.838	MQ
MFD09286.bin.3.221	0.903	MQ
MFD09286.bin.3.32	0.81	MQ
MFD09286.bin.3.35	0.857	MQ
MFD09286.bin.3.352	0.833	MQ
MFD09286.bin.3.375	0.859	MQ
MFD09286.bin.3.59	0.853	MQ
MFD09286.bin.3.60	0.866	MQ
MFD09286.bin.3.73	0.882	MQ
MFD09286.bin.4.160	0.875	MQ
MFD09368.bin.1.213	0.846	MQ
MFD09368.bin.2.10	0.881	MQ
MFD09368.bin.2.101	0.892	MQ
MFD09368.bin.2.11	0.852	MQ
MFD09368.bin.2.110	0.894	MQ
MFD09368.bin.2.111	0.908	MQ
MFD09368.bin.2.119	0.838	MQ
MFD09368.bin.2.121	0.837	MQ
MFD09368.bin.2.124	0.866	MQ
MFD09368.bin.2.126	0.888	MQ
MFD09368.bin.2.127	0.861	MQ
MFD09368.bin.2.129	0.87	MQ
MFD09368.bin.2.13	0.88	MQ
MFD09368.bin.2.137	0.858	MQ
MFD09368.bin.2.139	0.875	MQ
MFD09368.bin.2.142	0.829	MQ
MFD09368.bin.2.144	0.828	MQ
MFD09368.bin.2.146	0.789	MQ
MFD09368.bin.2.148	0.842	MQ
MFD09368.bin.2.149	0.829	MQ
MFD09368.bin.2.151	0.832	MQ
MFD09368.bin.2.153	0.899	MQ
MFD09368.bin.2.155	0.866	MQ
MFD09368.bin.2.156	0.918	MQ
MFD09368.bin.2.157	0.817	MQ
MFD09368.bin.2.158	0.815	MQ
MFD09368.bin.2.162	0.849	MQ
MFD09368.bin.2.163	0.853	MQ
MFD09368.bin.2.164	0.845	MQ
MFD09368.bin.2.165	0.811	MQ
MFD09368.bin.2.167	0.895	MQ
MFD09368.bin.2.169	0.907	MQ
MFD09368.bin.2.17	0.848	MQ
MFD09368.bin.2.175	0.903	MQ
MFD09368.bin.2.178	0.841	MQ
MFD09368.bin.2.18	0.891	MQ
MFD09368.bin.2.184	0.855	MQ
MFD09368.bin.2.187	0.878	MQ
MFD09368.bin.2.188	0.829	MQ
MFD09368.bin.2.19	0.858	MQ
MFD09368.bin.2.193	0.849	MQ
MFD09368.bin.2.196	0.916	MQ
MFD09368.bin.2.199	0.873	MQ
MFD09368.bin.2.2	0.894	MQ
MFD09368.bin.2.20	0.856	MQ
MFD09368.bin.2.204	0.918	MQ
MFD09368.bin.2.208	0.838	MQ
MFD09368.bin.2.21	0.871	MQ
MFD09368.bin.2.211	0.919	MQ
MFD09368.bin.2.24	0.865	MQ
MFD09368.bin.2.25	0.838	MQ
MFD09368.bin.2.27	0.862	MQ
MFD09368.bin.2.31	0.879	MQ
MFD09368.bin.2.32	0.887	MQ
MFD09368.bin.2.33	0.836	MQ
MFD09368.bin.2.34	0.858	MQ
MFD09368.bin.2.35	0.858	MQ
MFD09368.bin.2.38	0.841	MQ
MFD09368.bin.2.40	0.878	MQ
MFD09368.bin.2.41	0.897	MQ
MFD09368.bin.2.45	0.832	MQ
MFD09368.bin.2.46	0.84	MQ
MFD09368.bin.2.47	0.829	MQ
MFD09368.bin.2.48	0.871	MQ
MFD09368.bin.2.49	0.87	MQ
MFD09368.bin.2.5	0.857	MQ
MFD09368.bin.2.50	0.822	MQ
MFD09368.bin.2.51	0.839	MQ
MFD09368.bin.2.62	0.837	MQ
MFD09368.bin.2.65	0.827	MQ
MFD09368.bin.2.67	0.839	MQ
MFD09368.bin.2.69	0.849	MQ
MFD09368.bin.2.7	0.851	MQ
MFD09368.bin.2.9	0.858	MQ
MFD09368.bin.2.94	0.858	MQ
MFD09368.bin.2.99	0.864	MQ
MFD09368.bin.3.1	0.771	MQ
MFD09368.bin.3.189	0.838	MQ
MFD09368.bin.3.206	0.821	MQ
MFD09368.bin.3.216	0.837	MQ
MFD09368.bin.3.325	0.822	MQ
MFD09368.bin.3.343	0.895	MQ
MFD09368.bin.3.355	0.793	MQ
MFD09368.bin.3.364	0.873	MQ
MFD09368.bin.3.381	0.906	MQ
MFD09368.bin.3.407	0.861	MQ
MFD09368.bin.3.47	0.775	MQ
MFD09368.bin.3.68	0.857	MQ
MFD09368.bin.3.70	0.874	MQ
MFD09368.bin.4.118	0.844	MQ
MFD09368.bin.4.357	0.857	MQ
MFD09400.bin.2.1	0.808	MQ
MFD09400.bin.3.34	0.889	MQ
MFD09495.bin.1.137	0.895	MQ
MFD09495.bin.1.56	0.895	MQ
MFD09495.bin.1.74	0.876	MQ
MFD09495.bin.2.10	0.84	MQ
MFD09495.bin.2.12	0.912	MQ
MFD09495.bin.2.13	0.847	MQ
MFD09495.bin.2.14	0.863	MQ
MFD09495.bin.2.15	0.869	MQ
MFD09495.bin.2.17	0.83	MQ
MFD09495.bin.2.2	0.885	MQ
MFD09495.bin.2.21	0.84	MQ
MFD09495.bin.2.25	0.834	MQ
MFD09495.bin.2.3	0.903	MQ
MFD09495.bin.2.30	0.887	MQ
MFD09495.bin.2.31	0.881	MQ
MFD09495.bin.2.33	0.853	MQ
MFD09495.bin.2.39	0.836	MQ
MFD09495.bin.2.4	0.891	MQ
MFD09495.bin.2.45	0.863	MQ
MFD09495.bin.2.46	0.901	MQ
MFD09495.bin.2.48	0.852	MQ
MFD09495.bin.2.49	0.854	MQ
MFD09495.bin.2.5	0.829	MQ
MFD09495.bin.2.51	0.861	MQ
MFD09495.bin.2.54	0.873	MQ
MFD09495.bin.2.55	0.805	MQ
MFD09495.bin.2.56	0.839	MQ
MFD09495.bin.2.58	0.876	MQ
MFD09495.bin.2.59	0.898	MQ
MFD09495.bin.2.6	0.868	MQ
MFD09495.bin.2.60	0.902	MQ
MFD09495.bin.2.64	0.864	MQ
MFD09495.bin.2.65	0.83	MQ
MFD09495.bin.2.66	0.828	MQ
MFD09495.bin.2.75	0.803	MQ
MFD09495.bin.2.79	0.858	MQ
MFD09495.bin.2.81	0.806	MQ
MFD09495.bin.2.82	0.853	MQ
MFD09495.bin.2.84	0.876	MQ
MFD09495.bin.2.89	0.84	MQ
MFD09495.bin.2.92	0.842	MQ
MFD09495.bin.2.96	0.852	MQ
MFD09495.bin.3.122	0.836	MQ
MFD09495.bin.3.197	0.861	MQ
MFD09495.bin.3.20	0.883	MQ
MFD09495.bin.3.22	0.871	MQ
MFD09495.bin.3.53	0.834	MQ
MFD09495.bin.3.65	0.871	MQ
MFD09495.bin.3.69	0.871	MQ
MFD09495.bin.3.99	0.833	MQ
MFD09567.bin.1.118	0.877	MQ
MFD09567.bin.1.13	0.858	MQ
MFD09567.bin.1.40	0.888	MQ
MFD09567.bin.2.100	0.83	MQ
MFD09567.bin.2.12	0.86	MQ
MFD09567.bin.2.15	0.801	MQ
MFD09567.bin.2.16	0.879	MQ
MFD09567.bin.2.2	0.832	MQ
MFD09567.bin.2.23	0.871	MQ
MFD09567.bin.2.39	0.862	MQ
MFD09567.bin.2.46	0.869	MQ
MFD09567.bin.2.51	0.833	MQ
MFD09567.bin.2.56	0.886	MQ
MFD09567.bin.2.58	0.851	MQ
MFD09567.bin.2.6	0.826	MQ
MFD09567.bin.2.64	0.853	MQ
MFD09567.bin.2.77	0.81	MQ
MFD09567.bin.2.79	0.839	MQ
MFD09567.bin.2.8	0.875	MQ
MFD09567.bin.2.88	0.844	MQ
MFD09567.bin.2.92	0.847	MQ
MFD09567.bin.2.94	0.813	MQ
MFD09567.bin.3.118	0.859	MQ
MFD09567.bin.3.28	0.847	MQ
MFD09567.bin.4.252	0.815	MQ
MFD09567.bin.4.322	0.854	MQ
MFD09567.bin.4.38	0.845	MQ
MFD09603.bin.1.108	0.907	MQ
MFD09603.bin.1.14	0.899	MQ
MFD09603.bin.1.250	0.886	MQ
MFD09603.bin.1.254	0.878	MQ
MFD09603.bin.1.257	0.906	MQ
MFD09603.bin.1.259	0.908	MQ
MFD09603.bin.1.289	0.887	MQ
MFD09603.bin.1.339	0.882	MQ
MFD09603.bin.1.44	0.864	MQ
MFD09603.bin.1.55	0.916	MQ
MFD09603.bin.1.72	0.897	MQ
MFD09603.bin.2.1	0.863	MQ
MFD09603.bin.2.10	0.896	MQ
MFD09603.bin.2.101	0.857	MQ
MFD09603.bin.2.102	0.919	MQ
MFD09603.bin.2.103	0.856	MQ
MFD09603.bin.2.104	0.794	MQ
MFD09603.bin.2.105	0.884	MQ
MFD09603.bin.2.108	0.838	MQ
MFD09603.bin.2.109	0.864	MQ
MFD09603.bin.2.11	0.841	MQ
MFD09603.bin.2.110	0.861	MQ
MFD09603.bin.2.111	0.843	MQ
MFD09603.bin.2.112	0.784	MQ
MFD09603.bin.2.113	0.848	MQ
MFD09603.bin.2.115	0.878	MQ
MFD09603.bin.2.117	0.853	MQ
MFD09603.bin.2.118	0.826	MQ
MFD09603.bin.2.12	0.873	MQ
MFD09603.bin.2.120	0.84	MQ
MFD09603.bin.2.124	0.822	MQ
MFD09603.bin.2.126	0.85	MQ
MFD09603.bin.2.127	0.788	MQ
MFD09603.bin.2.129	0.915	MQ
MFD09603.bin.2.130	0.849	MQ
MFD09603.bin.2.132	0.87	MQ
MFD09603.bin.2.134	0.86	MQ
MFD09603.bin.2.14	0.845	MQ
MFD09603.bin.2.158	0.883	MQ
MFD09603.bin.2.16	0.855	MQ
MFD09603.bin.2.164	0.846	MQ
MFD09603.bin.2.165	0.901	MQ
MFD09603.bin.2.168	0.908	MQ
MFD09603.bin.2.17	0.892	MQ
MFD09603.bin.2.172	0.858	MQ
MFD09603.bin.2.173	0.916	MQ
MFD09603.bin.2.175	0.846	MQ
MFD09603.bin.2.176	0.897	MQ
MFD09603.bin.2.177	0.897	MQ
MFD09603.bin.2.178	0.834	MQ
MFD09603.bin.2.179	0.831	MQ
MFD09603.bin.2.180	0.816	MQ
MFD09603.bin.2.181	0.883	MQ
MFD09603.bin.2.182	0.892	MQ
MFD09603.bin.2.183	0.848	MQ
MFD09603.bin.2.184	0.874	MQ
MFD09603.bin.2.185	0.828	MQ
MFD09603.bin.2.186	0.88	MQ
MFD09603.bin.2.187	0.863	MQ
MFD09603.bin.2.19	0.879	MQ
MFD09603.bin.2.190	0.852	MQ
MFD09603.bin.2.192	0.886	MQ
MFD09603.bin.2.193	0.832	MQ
MFD09603.bin.2.196	0.859	MQ
MFD09603.bin.2.197	0.893	MQ
MFD09603.bin.2.199	0.906	MQ
MFD09603.bin.2.20	0.861	MQ
MFD09603.bin.2.200	0.856	MQ
MFD09603.bin.2.201	0.874	MQ
MFD09603.bin.2.202	0.815	MQ
MFD09603.bin.2.204	0.861	MQ
MFD09603.bin.2.206	0.819	MQ
MFD09603.bin.2.207	0.858	MQ
MFD09603.bin.2.208	0.847	MQ
MFD09603.bin.2.21	0.859	MQ
MFD09603.bin.2.210	0.858	MQ
MFD09603.bin.2.211	0.843	MQ
MFD09603.bin.2.213	0.895	MQ
MFD09603.bin.2.215	0.84	MQ
MFD09603.bin.2.216	0.855	MQ
MFD09603.bin.2.218	0.874	MQ
MFD09603.bin.2.22	0.858	MQ
MFD09603.bin.2.221	0.873	MQ
MFD09603.bin.2.222	0.906	MQ
MFD09603.bin.2.223	0.909	MQ
MFD09603.bin.2.226	0.845	MQ
MFD09603.bin.2.227	0.838	MQ
MFD09603.bin.2.228	0.839	MQ
MFD09603.bin.2.229	0.874	MQ
MFD09603.bin.2.231	0.87	MQ
MFD09603.bin.2.232	0.859	MQ
MFD09603.bin.2.233	0.885	MQ
MFD09603.bin.2.234	0.869	MQ
MFD09603.bin.2.237	0.838	MQ
MFD09603.bin.2.24	0.881	MQ
MFD09603.bin.2.242	0.91	MQ
MFD09603.bin.2.243	0.857	MQ
MFD09603.bin.2.246	0.862	MQ
MFD09603.bin.2.247	0.875	MQ
MFD09603.bin.2.248	0.807	MQ
MFD09603.bin.2.249	0.878	MQ
MFD09603.bin.2.250	0.819	MQ
MFD09603.bin.2.251	0.873	MQ
MFD09603.bin.2.254	0.868	MQ
MFD09603.bin.2.255	0.863	MQ
MFD09603.bin.2.256	0.857	MQ
MFD09603.bin.2.258	0.905	MQ
MFD09603.bin.2.26	0.905	MQ
MFD09603.bin.2.261	0.83	MQ
MFD09603.bin.2.264	0.863	MQ
MFD09603.bin.2.265	0.891	MQ
MFD09603.bin.2.268	0.877	MQ
MFD09603.bin.2.27	0.865	MQ
MFD09603.bin.2.270	0.871	MQ
MFD09603.bin.2.272	0.907	MQ
MFD09603.bin.2.275	0.875	MQ
MFD09603.bin.2.276	0.851	MQ
MFD09603.bin.2.277	0.835	MQ
MFD09603.bin.2.278	0.907	MQ
MFD09603.bin.2.28	0.905	MQ
MFD09603.bin.2.280	0.87	MQ
MFD09603.bin.2.281	0.91	MQ
MFD09603.bin.2.282	0.859	MQ
MFD09603.bin.2.283	0.898	MQ
MFD09603.bin.2.284	0.84	MQ
MFD09603.bin.2.285	0.893	MQ
MFD09603.bin.2.287	0.827	MQ
MFD09603.bin.2.288	0.874	MQ
MFD09603.bin.2.292	0.884	MQ
MFD09603.bin.2.293	0.889	MQ
MFD09603.bin.2.294	0.847	MQ
MFD09603.bin.2.295	0.838	MQ
MFD09603.bin.2.3	0.865	MQ
MFD09603.bin.2.302	0.935	MQ
MFD09603.bin.2.303	0.88	MQ
MFD09603.bin.2.305	0.865	MQ
MFD09603.bin.2.306	0.877	MQ
MFD09603.bin.2.34	0.875	MQ
MFD09603.bin.2.4	0.837	MQ
MFD09603.bin.2.40	0.9	MQ
MFD09603.bin.2.42	0.85	MQ
MFD09603.bin.2.47	0.819	MQ
MFD09603.bin.2.48	0.882	MQ
MFD09603.bin.2.49	0.886	MQ
MFD09603.bin.2.50	0.859	MQ
MFD09603.bin.2.51	0.834	MQ
MFD09603.bin.2.52	0.889	MQ
MFD09603.bin.2.53	0.909	MQ
MFD09603.bin.2.55	0.845	MQ
MFD09603.bin.2.56	0.867	MQ
MFD09603.bin.2.58	0.885	MQ
MFD09603.bin.2.59	0.892	MQ
MFD09603.bin.2.60	0.9	MQ
MFD09603.bin.2.61	0.914	MQ
MFD09603.bin.2.62	0.828	MQ
MFD09603.bin.2.63	0.879	MQ
MFD09603.bin.2.64	0.837	MQ
MFD09603.bin.2.66	0.856	MQ
MFD09603.bin.2.68	0.866	MQ
MFD09603.bin.2.70	0.847	MQ
MFD09603.bin.2.71	0.839	MQ
MFD09603.bin.2.73	0.842	MQ
MFD09603.bin.2.74	0.829	MQ
MFD09603.bin.2.75	0.893	MQ
MFD09603.bin.2.76	0.879	MQ
MFD09603.bin.2.77	0.889	MQ
MFD09603.bin.2.78	0.86	MQ
MFD09603.bin.2.79	0.889	MQ
MFD09603.bin.2.8	0.843	MQ
MFD09603.bin.2.80	0.848	MQ
MFD09603.bin.2.82	0.898	MQ
MFD09603.bin.2.83	0.835	MQ
MFD09603.bin.2.84	0.841	MQ
MFD09603.bin.2.85	0.854	MQ
MFD09603.bin.2.86	0.875	MQ
MFD09603.bin.2.87	0.841	MQ
MFD09603.bin.2.88	0.846	MQ
MFD09603.bin.2.9	0.828	MQ
MFD09603.bin.2.90	0.829	MQ
MFD09603.bin.2.91	0.879	MQ
MFD09603.bin.2.92	0.858	MQ
MFD09603.bin.2.93	0.871	MQ
MFD09603.bin.2.95	0.853	MQ
MFD09603.bin.2.96	0.835	MQ
MFD09603.bin.2.97	0.832	MQ
MFD09603.bin.2.98	0.88	MQ
MFD09603.bin.2.99	0.854	MQ
MFD09603.bin.3.129	0.894	MQ
MFD09603.bin.3.130	0.86	MQ
MFD09603.bin.3.139	0.846	MQ
MFD09603.bin.3.152	0.855	MQ
MFD09603.bin.3.171	0.817	MQ
MFD09603.bin.3.205	0.828	MQ
MFD09603.bin.3.217	0.92	MQ
MFD09603.bin.3.218	0.91	MQ
MFD09603.bin.3.229	0.829	MQ
MFD09603.bin.3.241	0.925	MQ
MFD09603.bin.3.249	0.879	MQ
MFD09603.bin.3.250	0.869	MQ
MFD09603.bin.3.268	0.827	MQ
MFD09603.bin.3.288	0.882	MQ
MFD09603.bin.3.290	0.856	MQ
MFD09603.bin.3.31	0.842	MQ
MFD09603.bin.3.358	0.878	MQ
MFD09603.bin.3.408	0.855	MQ
MFD09603.bin.3.415	0.865	MQ
MFD09603.bin.3.428	0.839	MQ
MFD09603.bin.3.442	0.878	MQ
MFD09603.bin.3.46	0.834	MQ
MFD09603.bin.3.486	0.855	MQ
MFD09603.bin.3.494	0.876	MQ
MFD09603.bin.3.517	0.864	MQ
MFD09603.bin.3.522	0.849	MQ
MFD09603.bin.3.536	0.901	MQ
MFD09603.bin.3.55	0.894	MQ
MFD09603.bin.3.558	0.846	MQ
MFD09603.bin.3.579	0.904	MQ
MFD09603.bin.3.631	0.877	MQ
MFD09603.bin.3.79	0.854	MQ
MFD09603.bin.3.91	0.857	MQ
MFD09603.bin.4.106	0.862	MQ
MFD09603.bin.4.259	0.888	MQ
MFD09603.bin.4.285	0.824	MQ
MFD09603.bin.4.330	0.849	MQ
MFD09603.bin.4.564	0.864	MQ
MFD09603.bin.4.654	0.851	MQ
MFD09603.bin.4.668	0.836	MQ
MFD09603.bin.4.860	0.825	MQ
MFD09671.bin.1.104	0.882	MQ
MFD09671.bin.1.176	0.864	MQ
MFD09671.bin.1.185	0.859	MQ
MFD09671.bin.1.202	0.913	MQ
MFD09671.bin.1.37	0.902	MQ
MFD09671.bin.1.61	0.908	MQ
MFD09671.bin.2.1	0.877	MQ
MFD09671.bin.2.10	0.884	MQ
MFD09671.bin.2.102	0.85	MQ
MFD09671.bin.2.103	0.892	MQ
MFD09671.bin.2.104	0.906	MQ
MFD09671.bin.2.105	0.856	MQ
MFD09671.bin.2.108	0.827	MQ
MFD09671.bin.2.109	0.836	MQ
MFD09671.bin.2.11	0.9	MQ
MFD09671.bin.2.110	0.843	MQ
MFD09671.bin.2.111	0.854	MQ
MFD09671.bin.2.113	0.853	MQ
MFD09671.bin.2.114	0.867	MQ
MFD09671.bin.2.115	0.825	MQ
MFD09671.bin.2.116	0.885	MQ
MFD09671.bin.2.119	0.836	MQ
MFD09671.bin.2.120	0.879	MQ
MFD09671.bin.2.121	0.881	MQ
MFD09671.bin.2.123	0.808	MQ
MFD09671.bin.2.125	0.9	MQ
MFD09671.bin.2.127	0.871	MQ
MFD09671.bin.2.128	0.808	MQ
MFD09671.bin.2.130	0.837	MQ
MFD09671.bin.2.132	0.846	MQ
MFD09671.bin.2.133	0.857	MQ
MFD09671.bin.2.136	0.852	MQ
MFD09671.bin.2.137	0.852	MQ
MFD09671.bin.2.138	0.905	MQ
MFD09671.bin.2.139	0.867	MQ
MFD09671.bin.2.14	0.881	MQ
MFD09671.bin.2.141	0.819	MQ
MFD09671.bin.2.144	0.889	MQ
MFD09671.bin.2.145	0.872	MQ
MFD09671.bin.2.148	0.905	MQ
MFD09671.bin.2.150	0.861	MQ
MFD09671.bin.2.152	0.836	MQ
MFD09671.bin.2.153	0.907	MQ
MFD09671.bin.2.154	0.787	MQ
MFD09671.bin.2.16	0.852	MQ
MFD09671.bin.2.2	0.874	MQ
MFD09671.bin.2.20	0.874	MQ
MFD09671.bin.2.21	0.85	MQ
MFD09671.bin.2.23	0.883	MQ
MFD09671.bin.2.25	0.913	MQ
MFD09671.bin.2.28	0.864	MQ
MFD09671.bin.2.3	0.85	MQ
MFD09671.bin.2.31	0.867	MQ
MFD09671.bin.2.33	0.874	MQ
MFD09671.bin.2.35	0.894	MQ
MFD09671.bin.2.39	0.865	MQ
MFD09671.bin.2.4	0.827	MQ
MFD09671.bin.2.41	0.821	MQ
MFD09671.bin.2.42	0.809	MQ
MFD09671.bin.2.46	0.817	MQ
MFD09671.bin.2.55	0.85	MQ
MFD09671.bin.2.6	0.858	MQ
MFD09671.bin.2.63	0.89	MQ
MFD09671.bin.2.66	0.857	MQ
MFD09671.bin.2.67	0.872	MQ
MFD09671.bin.2.69	0.862	MQ
MFD09671.bin.2.72	0.886	MQ
MFD09671.bin.2.76	0.82	MQ
MFD09671.bin.2.77	0.933	MQ
MFD09671.bin.2.78	0.813	MQ
MFD09671.bin.2.79	0.834	MQ
MFD09671.bin.2.8	0.832	MQ
MFD09671.bin.2.80	0.857	MQ
MFD09671.bin.2.81	0.848	MQ
MFD09671.bin.2.82	0.891	MQ
MFD09671.bin.2.83	0.829	MQ
MFD09671.bin.2.84	0.842	MQ
MFD09671.bin.2.85	0.888	MQ
MFD09671.bin.2.87	0.86	MQ
MFD09671.bin.2.88	0.87	MQ
MFD09671.bin.2.90	0.866	MQ
MFD09671.bin.2.91	0.867	MQ
MFD09671.bin.2.92	0.896	MQ
MFD09671.bin.2.94	0.826	MQ
MFD09671.bin.2.96	0.84	MQ
MFD09671.bin.2.98	0.867	MQ
MFD09671.bin.2.99	0.839	MQ
MFD09671.bin.3.108	0.819	MQ
MFD09671.bin.3.137	0.882	MQ
MFD09671.bin.3.142	0.853	MQ
MFD09671.bin.3.178	0.912	MQ
MFD09671.bin.3.189	0.85	MQ
MFD09671.bin.3.199	0.907	MQ
MFD09671.bin.3.206	0.861	MQ
MFD09671.bin.3.22	0.887	MQ
MFD09671.bin.3.245	0.912	MQ
MFD09671.bin.3.246	0.92	MQ
MFD09671.bin.3.249	0.822	MQ
MFD09671.bin.3.290	0.865	MQ
MFD09671.bin.3.297	0.878	MQ
MFD09671.bin.3.303	0.816	MQ
MFD09671.bin.3.309	0.905	MQ
MFD09671.bin.3.315	0.901	MQ
MFD09671.bin.3.4	0.867	MQ
MFD09671.bin.3.41	0.812	MQ
MFD09671.bin.3.58	0.86	MQ
MFD09671.bin.3.6	0.873	MQ
MFD09671.bin.3.64	0.895	MQ
MFD09671.bin.3.67	0.837	MQ
MFD09671.bin.4.10	0.8	MQ
MFD09671.bin.4.222	0.929	MQ
MFD09730.bin.2.10	0.817	MQ
MFD09730.bin.2.102	0.827	MQ
MFD09730.bin.2.106	0.896	MQ
MFD09730.bin.2.107	0.828	MQ
MFD09730.bin.2.108	0.89	MQ
MFD09730.bin.2.109	0.834	MQ
MFD09730.bin.2.11	0.871	MQ
MFD09730.bin.2.110	0.805	MQ
MFD09730.bin.2.111	0.865	MQ
MFD09730.bin.2.112	0.866	MQ
MFD09730.bin.2.116	0.847	MQ
MFD09730.bin.2.123	0.851	MQ
MFD09730.bin.2.125	0.859	MQ
MFD09730.bin.2.126	0.832	MQ
MFD09730.bin.2.127	0.828	MQ
MFD09730.bin.2.128	0.863	MQ
MFD09730.bin.2.131	0.836	MQ
MFD09730.bin.2.132	0.85	MQ
MFD09730.bin.2.133	0.843	MQ
MFD09730.bin.2.138	0.85	MQ
MFD09730.bin.2.14	0.835	MQ
MFD09730.bin.2.140	0.872	MQ
MFD09730.bin.2.141	0.894	MQ
MFD09730.bin.2.143	0.852	MQ
MFD09730.bin.2.144	0.833	MQ
MFD09730.bin.2.145	0.811	MQ
MFD09730.bin.2.147	0.865	MQ
MFD09730.bin.2.148	0.82	MQ
MFD09730.bin.2.15	0.832	MQ
MFD09730.bin.2.153	0.819	MQ
MFD09730.bin.2.158	0.851	MQ
MFD09730.bin.2.16	0.798	MQ
MFD09730.bin.2.161	0.846	MQ
MFD09730.bin.2.164	0.852	MQ
MFD09730.bin.2.167	0.891	MQ
MFD09730.bin.2.168	0.86	MQ
MFD09730.bin.2.17	0.834	MQ
MFD09730.bin.2.170	0.873	MQ
MFD09730.bin.2.171	0.837	MQ
MFD09730.bin.2.172	0.805	MQ
MFD09730.bin.2.18	0.819	MQ
MFD09730.bin.2.180	0.827	MQ
MFD09730.bin.2.181	0.827	MQ
MFD09730.bin.2.187	0.823	MQ
MFD09730.bin.2.19	0.9	MQ
MFD09730.bin.2.192	0.828	MQ
MFD09730.bin.2.194	0.817	MQ
MFD09730.bin.2.20	0.897	MQ
MFD09730.bin.2.23	0.846	MQ
MFD09730.bin.2.24	0.864	MQ
MFD09730.bin.2.29	0.85	MQ
MFD09730.bin.2.32	0.843	MQ
MFD09730.bin.2.34	0.815	MQ
MFD09730.bin.2.35	0.841	MQ
MFD09730.bin.2.36	0.815	MQ
MFD09730.bin.2.39	0.809	MQ
MFD09730.bin.2.41	0.878	MQ
MFD09730.bin.2.43	0.872	MQ
MFD09730.bin.2.45	0.856	MQ
MFD09730.bin.2.47	0.859	MQ
MFD09730.bin.2.49	0.86	MQ
MFD09730.bin.2.50	0.861	MQ
MFD09730.bin.2.52	0.823	MQ
MFD09730.bin.2.53	0.887	MQ
MFD09730.bin.2.54	0.893	MQ
MFD09730.bin.2.57	0.823	MQ
MFD09730.bin.2.61	0.881	MQ
MFD09730.bin.2.64	0.865	MQ
MFD09730.bin.2.67	0.812	MQ
MFD09730.bin.2.68	0.899	MQ
MFD09730.bin.2.70	0.87	MQ
MFD09730.bin.2.77	0.847	MQ
MFD09730.bin.2.80	0.89	MQ
MFD09730.bin.2.84	0.885	MQ
MFD09730.bin.2.86	0.835	MQ
MFD09730.bin.2.88	0.86	MQ
MFD09730.bin.2.97	0.865	MQ
MFD09730.bin.2.99	0.86	MQ
MFD09730.bin.3.100	0.829	MQ
MFD09730.bin.3.121	0.842	MQ
MFD09730.bin.3.152	0.806	MQ
MFD09730.bin.3.172	0.834	MQ
MFD09730.bin.3.219	0.908	MQ
MFD09730.bin.3.244	0.811	MQ
MFD09730.bin.3.255	0.882	MQ
MFD09730.bin.3.281	0.852	MQ
MFD09730.bin.3.316	0.867	MQ
MFD09730.bin.3.337	0.856	MQ
MFD09730.bin.3.34	0.823	MQ
MFD09730.bin.3.37	0.851	MQ
MFD09730.bin.3.75	0.867	MQ
MFD09730.bin.3.85	0.851	MQ
MFD09730.bin.4.145	0.817	MQ
MFD09730.bin.4.339	0.813	MQ
MFD09730.bin.4.67	0.842	MQ
MFD09779.bin.1.206	0.905	MQ
MFD09779.bin.1.214	0.908	MQ
MFD09779.bin.1.217	0.924	MQ
MFD09779.bin.1.236	0.898	MQ
MFD09779.bin.1.290	0.865	MQ
MFD09779.bin.1.333	0.876	MQ
MFD09779.bin.1.334	0.91	MQ
MFD09779.bin.1.35	0.913	MQ
MFD09779.bin.2.10	0.895	MQ
MFD09779.bin.2.107	0.832	MQ
MFD09779.bin.2.118	0.896	MQ
MFD09779.bin.2.122	0.917	MQ
MFD09779.bin.2.128	0.883	MQ
MFD09779.bin.2.131	0.844	MQ
MFD09779.bin.2.135	0.862	MQ
MFD09779.bin.2.137	0.924	MQ
MFD09779.bin.2.14	0.87	MQ
MFD09779.bin.2.140	0.893	MQ
MFD09779.bin.2.141	0.896	MQ
MFD09779.bin.2.144	0.871	MQ
MFD09779.bin.2.146	0.844	MQ
MFD09779.bin.2.149	0.887	MQ
MFD09779.bin.2.150	0.81	MQ
MFD09779.bin.2.151	0.886	MQ
MFD09779.bin.2.16	0.903	MQ
MFD09779.bin.2.162	0.838	MQ
MFD09779.bin.2.163	0.866	MQ
MFD09779.bin.2.165	0.864	MQ
MFD09779.bin.2.167	0.879	MQ
MFD09779.bin.2.168	0.883	MQ
MFD09779.bin.2.169	0.908	MQ
MFD09779.bin.2.170	0.838	MQ
MFD09779.bin.2.171	0.848	MQ
MFD09779.bin.2.172	0.849	MQ
MFD09779.bin.2.173	0.891	MQ
MFD09779.bin.2.174	0.878	MQ
MFD09779.bin.2.175	0.829	MQ
MFD09779.bin.2.176	0.853	MQ
MFD09779.bin.2.177	0.867	MQ
MFD09779.bin.2.179	0.83	MQ
MFD09779.bin.2.18	0.856	MQ
MFD09779.bin.2.180	0.907	MQ
MFD09779.bin.2.182	0.923	MQ
MFD09779.bin.2.185	0.861	MQ
MFD09779.bin.2.186	0.85	MQ
MFD09779.bin.2.188	0.844	MQ
MFD09779.bin.2.190	0.86	MQ
MFD09779.bin.2.191	0.884	MQ
MFD09779.bin.2.192	0.872	MQ
MFD09779.bin.2.194	0.836	MQ
MFD09779.bin.2.195	0.85	MQ
MFD09779.bin.2.196	0.825	MQ
MFD09779.bin.2.197	0.852	MQ
MFD09779.bin.2.198	0.833	MQ
MFD09779.bin.2.199	0.846	MQ
MFD09779.bin.2.2	0.892	MQ
MFD09779.bin.2.20	0.884	MQ
MFD09779.bin.2.200	0.862	MQ
MFD09779.bin.2.201	0.907	MQ
MFD09779.bin.2.202	0.913	MQ
MFD09779.bin.2.203	0.825	MQ
MFD09779.bin.2.206	0.851	MQ
MFD09779.bin.2.207	0.901	MQ
MFD09779.bin.2.210	0.874	MQ
MFD09779.bin.2.211	0.862	MQ
MFD09779.bin.2.214	0.869	MQ
MFD09779.bin.2.216	0.873	MQ
MFD09779.bin.2.217	0.883	MQ
MFD09779.bin.2.218	0.883	MQ
MFD09779.bin.2.219	0.822	MQ
MFD09779.bin.2.222	0.905	MQ
MFD09779.bin.2.225	0.87	MQ
MFD09779.bin.2.226	0.879	MQ
MFD09779.bin.2.228	0.849	MQ
MFD09779.bin.2.231	0.864	MQ
MFD09779.bin.2.233	0.872	MQ
MFD09779.bin.2.234	0.847	MQ
MFD09779.bin.2.236	0.852	MQ
MFD09779.bin.2.237	0.869	MQ
MFD09779.bin.2.240	0.858	MQ
MFD09779.bin.2.242	0.834	MQ
MFD09779.bin.2.244	0.844	MQ
MFD09779.bin.2.246	0.856	MQ
MFD09779.bin.2.248	0.882	MQ
MFD09779.bin.2.249	0.883	MQ
MFD09779.bin.2.253	0.861	MQ
MFD09779.bin.2.254	0.889	MQ
MFD09779.bin.2.255	0.894	MQ
MFD09779.bin.2.256	0.856	MQ
MFD09779.bin.2.257	0.832	MQ
MFD09779.bin.2.259	0.885	MQ
MFD09779.bin.2.26	0.898	MQ
MFD09779.bin.2.260	0.902	MQ
MFD09779.bin.2.28	0.871	MQ
MFD09779.bin.2.29	0.899	MQ
MFD09779.bin.2.3	0.852	MQ
MFD09779.bin.2.30	0.875	MQ
MFD09779.bin.2.31	0.858	MQ
MFD09779.bin.2.32	0.887	MQ
MFD09779.bin.2.33	0.864	MQ
MFD09779.bin.2.34	0.871	MQ
MFD09779.bin.2.36	0.875	MQ
MFD09779.bin.2.38	0.888	MQ
MFD09779.bin.2.39	0.87	MQ
MFD09779.bin.2.4	0.861	MQ
MFD09779.bin.2.42	0.858	MQ
MFD09779.bin.2.43	0.868	MQ
MFD09779.bin.2.46	0.895	MQ
MFD09779.bin.2.47	0.892	MQ
MFD09779.bin.2.50	0.85	MQ
MFD09779.bin.2.51	0.871	MQ
MFD09779.bin.2.52	0.888	MQ
MFD09779.bin.2.53	0.836	MQ
MFD09779.bin.2.54	0.865	MQ
MFD09779.bin.2.55	0.858	MQ
MFD09779.bin.2.56	0.811	MQ
MFD09779.bin.2.57	0.844	MQ
MFD09779.bin.2.58	0.85	MQ
MFD09779.bin.2.61	0.85	MQ
MFD09779.bin.2.64	0.852	MQ
MFD09779.bin.2.66	0.92	MQ
MFD09779.bin.2.67	0.825	MQ
MFD09779.bin.2.71	0.886	MQ
MFD09779.bin.2.73	0.84	MQ
MFD09779.bin.2.77	0.852	MQ
MFD09779.bin.2.78	0.848	MQ
MFD09779.bin.2.8	0.889	MQ
MFD09779.bin.2.80	0.839	MQ
MFD09779.bin.2.82	0.843	MQ
MFD09779.bin.2.83	0.831	MQ
MFD09779.bin.2.87	0.861	MQ
MFD09779.bin.2.89	0.838	MQ
MFD09779.bin.2.9	0.934	MQ
MFD09779.bin.2.91	0.883	MQ
MFD09779.bin.2.93	0.832	MQ
MFD09779.bin.2.94	0.844	MQ
MFD09779.bin.2.97	0.855	MQ
MFD09779.bin.3.106	0.893	MQ
MFD09779.bin.3.137	0.86	MQ
MFD09779.bin.3.15	0.859	MQ
MFD09779.bin.3.159	0.844	MQ
MFD09779.bin.3.162	0.848	MQ
MFD09779.bin.3.176	0.849	MQ
MFD09779.bin.3.209	0.807	MQ
MFD09779.bin.3.231	0.877	MQ
MFD09779.bin.3.232	0.864	MQ
MFD09779.bin.3.236	0.885	MQ
MFD09779.bin.3.245	0.908	MQ
MFD09779.bin.3.249	0.867	MQ
MFD09779.bin.3.295	0.829	MQ
MFD09779.bin.3.296	0.86	MQ
MFD09779.bin.3.299	0.858	MQ
MFD09779.bin.3.305	0.857	MQ
MFD09779.bin.3.322	0.87	MQ
MFD09779.bin.3.343	0.855	MQ
MFD09779.bin.3.373	0.873	MQ
MFD09779.bin.3.381	0.847	MQ
MFD09779.bin.3.39	0.829	MQ
MFD09779.bin.3.409	0.921	MQ
MFD09779.bin.3.41	0.838	MQ
MFD09779.bin.3.410	0.832	MQ
MFD09779.bin.3.420	0.835	MQ
MFD09779.bin.3.436	0.887	MQ
MFD09779.bin.3.441	0.822	MQ
MFD09779.bin.3.464	0.83	MQ
MFD09779.bin.3.474	0.883	MQ
MFD09779.bin.3.497	0.832	MQ
MFD09779.bin.3.68	0.857	MQ
MFD09779.bin.4.73	0.85	MQ
MFD09848.bin.2.101	0.817	MQ
MFD09848.bin.2.104	0.887	MQ
MFD09848.bin.2.105	0.871	MQ
MFD09848.bin.2.106	0.836	MQ
MFD09848.bin.2.108	0.847	MQ
MFD09848.bin.2.112	0.834	MQ
MFD09848.bin.2.114	0.855	MQ
MFD09848.bin.2.119	0.837	MQ
MFD09848.bin.2.12	0.859	MQ
MFD09848.bin.2.17	0.8	MQ
MFD09848.bin.2.19	0.83	MQ
MFD09848.bin.2.23	0.888	MQ
MFD09848.bin.2.28	0.88	MQ
MFD09848.bin.2.30	0.875	MQ
MFD09848.bin.2.4	0.893	MQ
MFD09848.bin.2.42	0.863	MQ
MFD09848.bin.2.44	0.844	MQ
MFD09848.bin.2.47	0.83	MQ
MFD09848.bin.2.53	0.851	MQ
MFD09848.bin.2.54	0.844	MQ
MFD09848.bin.2.59	0.822	MQ
MFD09848.bin.2.6	0.853	MQ
MFD09848.bin.2.68	0.83	MQ
MFD09848.bin.2.72	0.86	MQ
MFD09848.bin.2.80	0.843	MQ
MFD09848.bin.2.88	0.802	MQ
MFD09848.bin.2.89	0.817	MQ
MFD09848.bin.2.92	0.843	MQ
MFD09848.bin.2.94	0.863	MQ
MFD09848.bin.2.96	0.871	MQ
MFD09848.bin.2.99	0.844	MQ
MFD09848.bin.3.153	0.908	MQ
MFD09848.bin.3.17	0.872	MQ
MFD09848.bin.3.172	0.843	MQ
MFD09848.bin.3.263	0.83	MQ
MFD09848.bin.3.304	0.876	MQ
MFD09848.bin.3.44	0.845	MQ
MFD09848.bin.3.93	0.889	MQ
MFD09848.bin.3.94	0.892	MQ
MFD09848.bin.4.36	0.856	MQ
MFD09964.bin.1.137	0.843	MQ
MFD09964.bin.1.219	0.909	MQ
MFD09964.bin.1.237	0.878	MQ
MFD09964.bin.1.338	0.881	MQ
MFD09964.bin.1.372	0.873	MQ
MFD09964.bin.1.38	0.912	MQ
MFD09964.bin.1.39	0.904	MQ
MFD09964.bin.1.75	0.938	MQ
MFD09964.bin.2.1	0.865	MQ
MFD09964.bin.2.102	0.857	MQ
MFD09964.bin.2.103	0.905	MQ
MFD09964.bin.2.105	0.816	MQ
MFD09964.bin.2.108	0.837	MQ
MFD09964.bin.2.110	0.863	MQ
MFD09964.bin.2.116	0.881	MQ
MFD09964.bin.2.119	0.884	MQ
MFD09964.bin.2.12	0.875	MQ
MFD09964.bin.2.124	0.912	MQ
MFD09964.bin.2.127	0.868	MQ
MFD09964.bin.2.131	0.87	MQ
MFD09964.bin.2.132	0.885	MQ
MFD09964.bin.2.136	0.882	MQ
MFD09964.bin.2.137	0.877	MQ
MFD09964.bin.2.14	0.887	MQ
MFD09964.bin.2.140	0.872	MQ
MFD09964.bin.2.142	0.903	MQ
MFD09964.bin.2.145	0.856	MQ
MFD09964.bin.2.149	0.877	MQ
MFD09964.bin.2.15	0.854	MQ
MFD09964.bin.2.150	0.857	MQ
MFD09964.bin.2.151	0.876	MQ
MFD09964.bin.2.153	0.887	MQ
MFD09964.bin.2.154	0.815	MQ
MFD09964.bin.2.155	0.854	MQ
MFD09964.bin.2.156	0.896	MQ
MFD09964.bin.2.157	0.889	MQ
MFD09964.bin.2.159	0.873	MQ
MFD09964.bin.2.160	0.876	MQ
MFD09964.bin.2.161	0.86	MQ
MFD09964.bin.2.163	0.82	MQ
MFD09964.bin.2.167	0.856	MQ
MFD09964.bin.2.168	0.831	MQ
MFD09964.bin.2.17	0.873	MQ
MFD09964.bin.2.170	0.876	MQ
MFD09964.bin.2.171	0.855	MQ
MFD09964.bin.2.176	0.836	MQ
MFD09964.bin.2.179	0.89	MQ
MFD09964.bin.2.180	0.83	MQ
MFD09964.bin.2.182	0.858	MQ
MFD09964.bin.2.183	0.895	MQ
MFD09964.bin.2.189	0.889	MQ
MFD09964.bin.2.192	0.83	MQ
MFD09964.bin.2.193	0.874	MQ
MFD09964.bin.2.197	0.86	MQ
MFD09964.bin.2.198	0.822	MQ
MFD09964.bin.2.199	0.89	MQ
MFD09964.bin.2.20	0.82	MQ
MFD09964.bin.2.200	0.866	MQ
MFD09964.bin.2.201	0.838	MQ
MFD09964.bin.2.204	0.873	MQ
MFD09964.bin.2.205	0.857	MQ
MFD09964.bin.2.208	0.86	MQ
MFD09964.bin.2.209	0.873	MQ
MFD09964.bin.2.211	0.909	MQ
MFD09964.bin.2.212	0.882	MQ
MFD09964.bin.2.214	0.824	MQ
MFD09964.bin.2.216	0.848	MQ
MFD09964.bin.2.219	0.873	MQ
MFD09964.bin.2.220	0.866	MQ
MFD09964.bin.2.221	0.886	MQ
MFD09964.bin.2.222	0.904	MQ
MFD09964.bin.2.223	0.9	MQ
MFD09964.bin.2.226	0.912	MQ
MFD09964.bin.2.227	0.87	MQ
MFD09964.bin.2.228	0.873	MQ
MFD09964.bin.2.229	0.933	MQ
MFD09964.bin.2.23	0.84	MQ
MFD09964.bin.2.230	0.867	MQ
MFD09964.bin.2.231	0.861	MQ
MFD09964.bin.2.232	0.886	MQ
MFD09964.bin.2.233	0.827	MQ
MFD09964.bin.2.234	0.85	MQ
MFD09964.bin.2.238	0.915	MQ
MFD09964.bin.2.239	0.83	MQ
MFD09964.bin.2.24	0.89	MQ
MFD09964.bin.2.240	0.847	MQ
MFD09964.bin.2.241	0.868	MQ
MFD09964.bin.2.242	0.856	MQ
MFD09964.bin.2.243	0.85	MQ
MFD09964.bin.2.244	0.841	MQ
MFD09964.bin.2.246	0.847	MQ
MFD09964.bin.2.248	0.832	MQ
MFD09964.bin.2.249	0.866	MQ
MFD09964.bin.2.251	0.826	MQ
MFD09964.bin.2.252	0.83	MQ
MFD09964.bin.2.256	0.89	MQ
MFD09964.bin.2.259	0.814	MQ
MFD09964.bin.2.26	0.869	MQ
MFD09964.bin.2.262	0.917	MQ
MFD09964.bin.2.263	0.898	MQ
MFD09964.bin.2.264	0.857	MQ
MFD09964.bin.2.265	0.876	MQ
MFD09964.bin.2.266	0.836	MQ
MFD09964.bin.2.268	0.866	MQ
MFD09964.bin.2.27	0.848	MQ
MFD09964.bin.2.270	0.9	MQ
MFD09964.bin.2.274	0.869	MQ
MFD09964.bin.2.275	0.884	MQ
MFD09964.bin.2.277	0.816	MQ
MFD09964.bin.2.29	0.869	MQ
MFD09964.bin.2.31	0.845	MQ
MFD09964.bin.2.35	0.87	MQ
MFD09964.bin.2.36	0.835	MQ
MFD09964.bin.2.39	0.873	MQ
MFD09964.bin.2.4	0.873	MQ
MFD09964.bin.2.42	0.865	MQ
MFD09964.bin.2.44	0.871	MQ
MFD09964.bin.2.45	0.823	MQ
MFD09964.bin.2.46	0.877	MQ
MFD09964.bin.2.47	0.869	MQ
MFD09964.bin.2.5	0.882	MQ
MFD09964.bin.2.52	0.848	MQ
MFD09964.bin.2.53	0.861	MQ
MFD09964.bin.2.54	0.875	MQ
MFD09964.bin.2.55	0.848	MQ
MFD09964.bin.2.57	0.867	MQ
MFD09964.bin.2.58	0.85	MQ
MFD09964.bin.2.59	0.839	MQ
MFD09964.bin.2.6	0.85	MQ
MFD09964.bin.2.60	0.861	MQ
MFD09964.bin.2.61	0.87	MQ
MFD09964.bin.2.62	0.9	MQ
MFD09964.bin.2.63	0.89	MQ
MFD09964.bin.2.65	0.846	MQ
MFD09964.bin.2.67	0.839	MQ
MFD09964.bin.2.68	0.897	MQ
MFD09964.bin.2.69	0.864	MQ
MFD09964.bin.2.7	0.81	MQ
MFD09964.bin.2.70	0.877	MQ
MFD09964.bin.2.71	0.853	MQ
MFD09964.bin.2.74	0.849	MQ
MFD09964.bin.2.75	0.867	MQ
MFD09964.bin.2.76	0.827	MQ
MFD09964.bin.2.77	0.869	MQ
MFD09964.bin.2.79	0.836	MQ
MFD09964.bin.2.81	0.871	MQ
MFD09964.bin.2.82	0.863	MQ
MFD09964.bin.2.83	0.812	MQ
MFD09964.bin.2.84	0.868	MQ
MFD09964.bin.2.86	0.89	MQ
MFD09964.bin.2.87	0.844	MQ
MFD09964.bin.2.88	0.822	MQ
MFD09964.bin.2.89	0.843	MQ
MFD09964.bin.2.9	0.886	MQ
MFD09964.bin.2.92	0.867	MQ
MFD09964.bin.2.95	0.849	MQ
MFD09964.bin.2.97	0.842	MQ
MFD09964.bin.2.98	0.85	MQ
MFD09964.bin.2.99	0.913	MQ
MFD09964.bin.3.150	0.876	MQ
MFD09964.bin.3.171	0.83	MQ
MFD09964.bin.3.18	0.824	MQ
MFD09964.bin.3.206	0.863	MQ
MFD09964.bin.3.223	0.861	MQ
MFD09964.bin.3.264	0.798	MQ
MFD09964.bin.3.265	0.838	MQ
MFD09964.bin.3.267	0.829	MQ
MFD09964.bin.3.278	0.884	MQ
MFD09964.bin.3.281	0.863	MQ
MFD09964.bin.3.283	0.869	MQ
MFD09964.bin.3.287	0.899	MQ
MFD09964.bin.3.354	0.889	MQ
MFD09964.bin.3.365	0.865	MQ
MFD09964.bin.3.386	0.894	MQ
MFD09964.bin.3.395	0.854	MQ
MFD09964.bin.3.400	0.849	MQ
MFD09964.bin.3.441	0.91	MQ
MFD09964.bin.3.499	0.859	MQ
MFD09964.bin.3.503	0.865	MQ
MFD09964.bin.3.87	0.831	MQ
MFD09964.bin.3.9	0.865	MQ
MFD09964.bin.4.240	0.823	MQ
MFD09964.bin.4.255	0.827	MQ
MFD09964.bin.4.319	0.893	MQ
MFD09964.bin.4.370	0.867	MQ
MFD09964.bin.4.455	0.852	MQ
MFD09964.bin.4.484	0.846	MQ
MFD09964.bin.4.609	0.898	MQ
MFD10007.bin.2.1	0.822	MQ
MFD10007.bin.2.10	0.841	MQ
MFD10007.bin.2.102	0.863	MQ
MFD10007.bin.2.11	0.868	MQ
MFD10007.bin.2.113	0.871	MQ
MFD10007.bin.2.114	0.881	MQ
MFD10007.bin.2.117	0.815	MQ
MFD10007.bin.2.118	0.859	MQ
MFD10007.bin.2.119	0.867	MQ
MFD10007.bin.2.125	0.913	MQ
MFD10007.bin.2.126	0.866	MQ
MFD10007.bin.2.127	0.801	MQ
MFD10007.bin.2.128	0.847	MQ
MFD10007.bin.2.129	0.813	MQ
MFD10007.bin.2.133	0.849	MQ
MFD10007.bin.2.135	0.833	MQ
MFD10007.bin.2.136	0.837	MQ
MFD10007.bin.2.137	0.858	MQ
MFD10007.bin.2.138	0.86	MQ
MFD10007.bin.2.139	0.815	MQ
MFD10007.bin.2.140	0.81	MQ
MFD10007.bin.2.143	0.841	MQ
MFD10007.bin.2.144	0.904	MQ
MFD10007.bin.2.149	0.902	MQ
MFD10007.bin.2.150	0.834	MQ
MFD10007.bin.2.152	0.867	MQ
MFD10007.bin.2.153	0.896	MQ
MFD10007.bin.2.158	0.875	MQ
MFD10007.bin.2.159	0.873	MQ
MFD10007.bin.2.16	0.822	MQ
MFD10007.bin.2.164	0.804	MQ
MFD10007.bin.2.165	0.886	MQ
MFD10007.bin.2.167	0.862	MQ
MFD10007.bin.2.168	0.86	MQ
MFD10007.bin.2.175	0.868	MQ
MFD10007.bin.2.180	0.885	MQ
MFD10007.bin.2.182	0.798	MQ
MFD10007.bin.2.183	0.881	MQ
MFD10007.bin.2.186	0.817	MQ
MFD10007.bin.2.187	0.863	MQ
MFD10007.bin.2.188	0.844	MQ
MFD10007.bin.2.189	0.833	MQ
MFD10007.bin.2.19	0.815	MQ
MFD10007.bin.2.190	0.837	MQ
MFD10007.bin.2.196	0.852	MQ
MFD10007.bin.2.199	0.863	MQ
MFD10007.bin.2.20	0.845	MQ
MFD10007.bin.2.203	0.818	MQ
MFD10007.bin.2.204	0.86	MQ
MFD10007.bin.2.206	0.852	MQ
MFD10007.bin.2.207	0.866	MQ
MFD10007.bin.2.208	0.863	MQ
MFD10007.bin.2.212	0.887	MQ
MFD10007.bin.2.215	0.856	MQ
MFD10007.bin.2.27	0.853	MQ
MFD10007.bin.2.30	0.856	MQ
MFD10007.bin.2.31	0.835	MQ
MFD10007.bin.2.34	0.847	MQ
MFD10007.bin.2.35	0.856	MQ
MFD10007.bin.2.36	0.824	MQ
MFD10007.bin.2.4	0.877	MQ
MFD10007.bin.2.43	0.903	MQ
MFD10007.bin.2.46	0.845	MQ
MFD10007.bin.2.47	0.826	MQ
MFD10007.bin.2.52	0.848	MQ
MFD10007.bin.2.56	0.846	MQ
MFD10007.bin.2.58	0.832	MQ
MFD10007.bin.2.59	0.841	MQ
MFD10007.bin.2.66	0.796	MQ
MFD10007.bin.2.71	0.839	MQ
MFD10007.bin.2.82	0.884	MQ
MFD10007.bin.2.9	0.877	MQ
MFD10007.bin.2.94	0.816	MQ
MFD10007.bin.2.97	0.855	MQ
MFD10007.bin.3.11	0.867	MQ
MFD10007.bin.3.145	0.808	MQ
MFD10007.bin.3.214	0.876	MQ
MFD10007.bin.3.259	0.842	MQ
MFD10007.bin.3.293	0.842	MQ
MFD10007.bin.3.323	0.852	MQ
MFD10007.bin.3.336	0.899	MQ
MFD10007.bin.3.341	0.791	MQ
MFD10007.bin.3.355	0.857	MQ
MFD10007.bin.3.387	0.816	MQ
MFD10007.bin.3.423	0.82	MQ
MFD10007.bin.3.59	0.829	MQ
MFD10007.bin.3.87	0.836	MQ
MFD10007.bin.3.88	0.89	MQ
MFD10007.bin.3.89	0.899	MQ
MFD10043.bin.2.10	0.849	MQ
MFD10043.bin.2.11	0.845	MQ
MFD10043.bin.2.21	0.883	MQ
MFD10043.bin.2.27	0.88	MQ
MFD10043.bin.2.3	0.881	MQ
MFD10043.bin.2.33	0.908	MQ
MFD10043.bin.2.35	0.868	MQ
MFD10043.bin.2.39	0.904	MQ
MFD10043.bin.2.4	0.875	MQ
MFD10043.bin.2.45	0.854	MQ
MFD10043.bin.2.48	0.82	MQ
MFD10043.bin.2.49	0.78	MQ
MFD10043.bin.2.50	0.833	MQ
MFD10043.bin.2.76	0.858	MQ
MFD10043.bin.2.85	0.855	MQ
MFD10043.bin.3.25	0.875	MQ
MFD10043.bin.3.87	0.831	MQ
MFD10043.bin.3.99	0.838	MQ
MFD10064.bin.1.138	0.882	MQ
MFD10064.bin.1.22	0.845	MQ
MFD10064.bin.1.5	0.861	MQ
MFD10064.bin.2.102	0.829	MQ
MFD10064.bin.2.104	0.872	MQ
MFD10064.bin.2.107	0.819	MQ
MFD10064.bin.2.108	0.838	MQ
MFD10064.bin.2.110	0.897	MQ
MFD10064.bin.2.112	0.845	MQ
MFD10064.bin.2.113	0.896	MQ
MFD10064.bin.2.115	0.839	MQ
MFD10064.bin.2.116	0.869	MQ
MFD10064.bin.2.118	0.887	MQ
MFD10064.bin.2.119	0.84	MQ
MFD10064.bin.2.12	0.855	MQ
MFD10064.bin.2.120	0.825	MQ
MFD10064.bin.2.13	0.87	MQ
MFD10064.bin.2.14	0.894	MQ
MFD10064.bin.2.15	0.826	MQ
MFD10064.bin.2.16	0.819	MQ
MFD10064.bin.2.18	0.838	MQ
MFD10064.bin.2.2	0.878	MQ
MFD10064.bin.2.20	0.904	MQ
MFD10064.bin.2.21	0.88	MQ
MFD10064.bin.2.22	0.877	MQ
MFD10064.bin.2.23	0.885	MQ
MFD10064.bin.2.25	0.836	MQ
MFD10064.bin.2.28	0.889	MQ
MFD10064.bin.2.30	0.854	MQ
MFD10064.bin.2.32	0.854	MQ
MFD10064.bin.2.33	0.837	MQ
MFD10064.bin.2.41	0.888	MQ
MFD10064.bin.2.45	0.855	MQ
MFD10064.bin.2.48	0.844	MQ
MFD10064.bin.2.53	0.909	MQ
MFD10064.bin.2.54	0.869	MQ
MFD10064.bin.2.56	0.827	MQ
MFD10064.bin.2.57	0.849	MQ
MFD10064.bin.2.61	0.895	MQ
MFD10064.bin.2.62	0.846	MQ
MFD10064.bin.2.63	0.832	MQ
MFD10064.bin.2.65	0.865	MQ
MFD10064.bin.2.66	0.874	MQ
MFD10064.bin.2.68	0.86	MQ
MFD10064.bin.2.71	0.832	MQ
MFD10064.bin.2.72	0.82	MQ
MFD10064.bin.2.73	0.831	MQ
MFD10064.bin.2.75	0.835	MQ
MFD10064.bin.2.77	0.878	MQ
MFD10064.bin.2.79	0.818	MQ
MFD10064.bin.2.8	0.865	MQ
MFD10064.bin.2.80	0.893	MQ
MFD10064.bin.2.84	0.839	MQ
MFD10064.bin.2.86	0.862	MQ
MFD10064.bin.2.87	0.834	MQ
MFD10064.bin.2.89	0.795	MQ
MFD10064.bin.2.91	0.842	MQ
MFD10064.bin.2.92	0.872	MQ
MFD10064.bin.2.93	0.833	MQ
MFD10064.bin.2.94	0.874	MQ
MFD10064.bin.2.95	0.826	MQ
MFD10064.bin.2.98	0.858	MQ
MFD10064.bin.3.130	0.817	MQ
MFD10064.bin.3.15	0.853	MQ
MFD10064.bin.3.163	0.814	MQ
MFD10064.bin.3.50	0.883	MQ
MFD10064.bin.3.58	0.844	MQ
MFD10064.bin.3.75	0.844	MQ
MFD10064.bin.4.34	0.824	MQ
MFD10064.bin.4.41	0.821	MQ
MFD10064.bin.4.64	0.876	MQ
MFD10071.bin.1.63	0.878	MQ
MFD10071.bin.2.106	0.844	MQ
MFD10071.bin.2.108	0.845	MQ
MFD10071.bin.2.117	0.855	MQ
MFD10071.bin.2.18	0.898	MQ
MFD10071.bin.2.24	0.856	MQ
MFD10071.bin.2.32	0.833	MQ
MFD10071.bin.2.44	0.84	MQ
MFD10071.bin.2.47	0.878	MQ
MFD10071.bin.2.51	0.858	MQ
MFD10071.bin.2.53	0.837	MQ
MFD10071.bin.2.55	0.856	MQ
MFD10071.bin.2.60	0.883	MQ
MFD10071.bin.2.66	0.844	MQ
MFD10071.bin.2.74	0.842	MQ
MFD10071.bin.2.78	0.805	MQ
MFD10071.bin.2.8	0.864	MQ
MFD10071.bin.2.80	0.849	MQ
MFD10071.bin.2.84	0.794	MQ
MFD10071.bin.2.96	0.836	MQ
MFD10071.bin.3.205	0.902	MQ
MFD10071.bin.3.36	0.854	MQ
MFD10071.bin.4.152	0.794	MQ
MFD10071.bin.4.177	0.852	MQ
MFD10071.bin.4.224	0.871	MQ
MFD10097.bin.1.1	0.9	MQ
MFD10097.bin.1.2	0.904	MQ
MFD10097.bin.1.20	0.887	MQ
MFD10097.bin.1.22	0.883	MQ
MFD10097.bin.1.30	0.888	MQ
MFD10097.bin.1.33	0.893	MQ
MFD10097.bin.1.9	0.894	MQ
MFD10097.bin.2.1	0.911	MQ
MFD10097.bin.2.10	0.869	MQ
MFD10097.bin.2.12	0.906	MQ
MFD10097.bin.2.13	0.9	MQ
MFD10097.bin.2.14	0.904	MQ
MFD10097.bin.2.15	0.909	MQ
MFD10097.bin.2.18	0.868	MQ
MFD10097.bin.2.19	0.887	MQ
MFD10097.bin.2.2	0.9	MQ
MFD10097.bin.2.21	0.884	MQ
MFD10097.bin.2.22	0.902	MQ
MFD10097.bin.2.25	0.858	MQ
MFD10097.bin.2.26	0.852	MQ
MFD10097.bin.2.4	0.89	MQ
MFD10097.bin.2.7	0.851	MQ
MFD10097.bin.2.8	0.889	MQ
MFD10097.bin.2.9	0.881	MQ
MFD10097.bin.3.10	0.926	MQ
MFD10097.bin.3.13	0.878	MQ
MFD10097.bin.3.18	0.868	MQ
MFD10097.bin.3.34	0.898	MQ
MFD10097.bin.3.44	0.886	MQ
MFD10097.bin.3.8	0.878	MQ
MFD10097.bin.3.9	0.93	MQ
MFD10113.bin.2.104	0.903	MQ
MFD10113.bin.2.105	0.85	MQ
MFD10113.bin.2.107	0.807	MQ
MFD10113.bin.2.113	0.844	MQ
MFD10113.bin.2.114	0.848	MQ
MFD10113.bin.2.119	0.826	MQ
MFD10113.bin.2.12	0.801	MQ
MFD10113.bin.2.120	0.866	MQ
MFD10113.bin.2.121	0.819	MQ
MFD10113.bin.2.122	0.866	MQ
MFD10113.bin.2.123	0.843	MQ
MFD10113.bin.2.125	0.851	MQ
MFD10113.bin.2.13	0.83	MQ
MFD10113.bin.2.131	0.885	MQ
MFD10113.bin.2.132	0.81	MQ
MFD10113.bin.2.138	0.831	MQ
MFD10113.bin.2.144	0.809	MQ
MFD10113.bin.2.145	0.855	MQ
MFD10113.bin.2.15	0.846	MQ
MFD10113.bin.2.151	0.861	MQ
MFD10113.bin.2.158	0.857	MQ
MFD10113.bin.2.159	0.81	MQ
MFD10113.bin.2.16	0.854	MQ
MFD10113.bin.2.160	0.828	MQ
MFD10113.bin.2.163	0.887	MQ
MFD10113.bin.2.17	0.843	MQ
MFD10113.bin.2.172	0.81	MQ
MFD10113.bin.2.174	0.838	MQ
MFD10113.bin.2.175	0.866	MQ
MFD10113.bin.2.178	0.865	MQ
MFD10113.bin.2.179	0.857	MQ
MFD10113.bin.2.18	0.879	MQ
MFD10113.bin.2.184	0.83	MQ
MFD10113.bin.2.189	0.839	MQ
MFD10113.bin.2.191	0.851	MQ
MFD10113.bin.2.197	0.896	MQ
MFD10113.bin.2.198	0.826	MQ
MFD10113.bin.2.199	0.819	MQ
MFD10113.bin.2.200	0.889	MQ
MFD10113.bin.2.201	0.851	MQ
MFD10113.bin.2.202	0.831	MQ
MFD10113.bin.2.204	0.85	MQ
MFD10113.bin.2.205	0.847	MQ
MFD10113.bin.2.21	0.873	MQ
MFD10113.bin.2.24	0.868	MQ
MFD10113.bin.2.25	0.883	MQ
MFD10113.bin.2.28	0.859	MQ
MFD10113.bin.2.3	0.892	MQ
MFD10113.bin.2.30	0.843	MQ
MFD10113.bin.2.31	0.817	MQ
MFD10113.bin.2.32	0.893	MQ
MFD10113.bin.2.33	0.863	MQ
MFD10113.bin.2.34	0.862	MQ
MFD10113.bin.2.37	0.849	MQ
MFD10113.bin.2.39	0.892	MQ
MFD10113.bin.2.41	0.885	MQ
MFD10113.bin.2.42	0.895	MQ
MFD10113.bin.2.45	0.834	MQ
MFD10113.bin.2.47	0.889	MQ
MFD10113.bin.2.49	0.841	MQ
MFD10113.bin.2.52	0.845	MQ
MFD10113.bin.2.53	0.849	MQ
MFD10113.bin.2.55	0.848	MQ
MFD10113.bin.2.56	0.832	MQ
MFD10113.bin.2.58	0.863	MQ
MFD10113.bin.2.60	0.849	MQ
MFD10113.bin.2.61	0.831	MQ
MFD10113.bin.2.70	0.858	MQ
MFD10113.bin.2.75	0.853	MQ
MFD10113.bin.2.86	0.839	MQ
MFD10113.bin.2.98	0.809	MQ
MFD10113.bin.3.119	0.874	MQ
MFD10113.bin.3.134	0.831	MQ
MFD10113.bin.3.139	0.87	MQ
MFD10113.bin.3.154	0.81	MQ
MFD10113.bin.3.240	0.831	MQ
MFD10113.bin.3.264	0.914	MQ
MFD10113.bin.3.285	0.837	MQ
MFD10113.bin.3.397	0.912	MQ
MFD10113.bin.3.423	0.841	MQ
MFD10113.bin.3.468	0.877	MQ
MFD10113.bin.3.495	0.891	MQ
MFD10113.bin.3.514	0.903	MQ
MFD10113.bin.3.520	0.873	MQ
MFD10113.bin.3.547	0.841	MQ
MFD10113.bin.3.55	0.865	MQ
MFD10113.bin.3.65	0.875	MQ
MFD10113.bin.4.205	0.922	MQ
MFD10113.bin.4.266	0.86	MQ
MFD00008.bin.2.14	0.827	MQ
MFD00008.bin.2.157	0.843	MQ
MFD00008.bin.2.88	0.862	MQ
MFD00008.bin.2.90	0.842	MQ
MFD00008.bin.3.129	0.771	MQ
MFD00031.bin.2.179	0.881	MQ
MFD00031.bin.2.47	0.637	MQ
MFD00032.bin.2.113	0.825	MQ
MFD00032.bin.2.117	0.821	MQ
MFD00032.bin.2.120	0.846	MQ
MFD00032.bin.2.124	0.83	MQ
MFD00032.bin.2.169	0.824	MQ
MFD00032.bin.2.30	0.815	MQ
MFD00032.bin.2.53	0.855	MQ
MFD00032.bin.3.14	0.812	MQ
MFD00072.bin.2.138	0.695	MQ
MFD00392.bin.2.257	0.7	MQ
MFD00392.bin.2.382	0.702	MQ
MFD00709.bin.2.100	0.866	MQ
MFD00709.bin.2.105	0.847	MQ
MFD00709.bin.2.106	0.828	MQ
MFD00709.bin.2.110	0.822	MQ
MFD00709.bin.2.119	0.812	MQ
MFD00709.bin.2.126	0.879	MQ
MFD00709.bin.2.183	0.873	MQ
MFD00709.bin.2.210	0.837	MQ
MFD00709.bin.2.214	0.809	MQ
MFD00709.bin.2.218	0.874	MQ
MFD00709.bin.2.23	0.816	MQ
MFD00709.bin.3.190	0.802	MQ
MFD00709.bin.3.51	0.813	MQ
MFD00905.bin.2.112	0.853	MQ
MFD00905.bin.2.113	0.716	MQ
MFD00905.bin.2.116	0.854	MQ
MFD00905.bin.2.119	0.831	MQ
MFD00905.bin.2.124	0.809	MQ
MFD00905.bin.2.197	0.845	MQ
MFD00905.bin.2.207	0.819	MQ
MFD00905.bin.2.46	0.814	MQ
MFD00905.bin.3.332	0.845	MQ
MFD00905.bin.3.440	0.805	MQ
MFD00991.bin.2.123	0.654	MQ
MFD00991.bin.2.13	0.795	MQ
MFD00991.bin.2.14	0.822	MQ
MFD00991.bin.2.19	0.711	MQ
MFD00991.bin.2.53	0.725	MQ
MFD00991.bin.4.171	0.816	MQ
MFD01112.bin.2.53	0.865	MQ
MFD01112.bin.2.61	0.829	MQ
MFD01188.bin.2.105	0.826	MQ
MFD01188.bin.2.21	0.775	MQ
MFD01223.bin.2.83	0.556	MQ
MFD01231.bin.2.71	0.845	MQ
MFD01231.bin.3.50	0.815	MQ
MFD01231.bin.3.58	0.865	MQ
MFD01299.bin.2.10	0.794	MQ
MFD01299.bin.2.100	0.83	MQ
MFD01299.bin.2.101	0.811	MQ
MFD01299.bin.2.103	0.879	MQ
MFD01299.bin.2.105	0.857	MQ
MFD01299.bin.2.167	0.741	MQ
MFD01299.bin.2.173	0.794	MQ
MFD01299.bin.2.19	0.796	MQ
MFD01299.bin.2.199	0.763	MQ
MFD01299.bin.2.21	0.82	MQ
MFD01299.bin.2.33	0.882	MQ
MFD01299.bin.2.37	0.821	MQ
MFD01299.bin.2.43	0.837	MQ
MFD01299.bin.2.50	0.842	MQ
MFD01299.bin.2.82	0.828	MQ
MFD01299.bin.2.83	0.841	MQ
MFD01299.bin.2.89	0.719	MQ
MFD01299.bin.2.98	0.71	MQ
MFD01299.bin.2.99	0.794	MQ
MFD01299.bin.3.215	0.771	MQ
MFD01299.bin.3.370	0.777	MQ
MFD01299.bin.3.410	0.855	MQ
MFD01299.bin.4.239	0.806	MQ
MFD01476.bin.2.11	0.907	MQ
MFD01476.bin.2.165	0.828	MQ
MFD01476.bin.2.176	0.835	MQ
MFD01476.bin.2.20	0.855	MQ
MFD01476.bin.2.27	0.801	MQ
MFD01476.bin.2.3	0.84	MQ
MFD01476.bin.2.32	0.838	MQ
MFD01476.bin.2.40	0.856	MQ
MFD01476.bin.2.7	0.544	MQ
MFD01476.bin.2.74	0.835	MQ
MFD01476.bin.2.78	0.843	MQ
MFD01476.bin.2.82	0.805	MQ
MFD01476.bin.2.83	0.835	MQ
MFD01476.bin.2.84	0.812	MQ
MFD01476.bin.2.86	0.853	MQ
MFD01476.bin.2.93	0.834	MQ
MFD01476.bin.2.96	0.848	MQ
MFD01476.bin.3.211	0.844	MQ
MFD01476.bin.3.39	0.813	MQ
MFD01476.bin.4.277	0.831	MQ
MFD01689.bin.2.62	0.914	MQ
MFD01689.bin.2.81	0.921	MQ
MFD01721.bin.2.213	0.843	MQ
MFD01721.bin.2.48	0.849	MQ
MFD01828.bin.2.33	0.545	MQ
MFD01872.bin.1.202	0.833	MQ
MFD01872.bin.2.143	0.822	MQ
MFD01872.bin.2.149	0.843	MQ
MFD01872.bin.2.150	0.849	MQ
MFD01872.bin.2.152	0.794	MQ
MFD01872.bin.2.277	0.804	MQ
MFD01872.bin.2.58	0.82	MQ
MFD01872.bin.2.69	0.814	MQ
MFD01916.bin.2.26	0.675	MQ
MFD01916.bin.2.53	0.717	MQ
MFD01916.bin.2.60	0.72	MQ
MFD02138.bin.1.27	0.836	MQ
MFD02138.bin.2.10	0.885	MQ
MFD02138.bin.2.15	0.787	MQ
MFD02138.bin.2.5	0.791	MQ
MFD02248.bin.2.124	0.848	MQ
MFD02248.bin.2.56	0.879	MQ
MFD02360.bin.2.223	0.682	MQ
MFD02360.bin.3.762	0.757	MQ
MFD02416.bin.1.399	0.82	MQ
MFD02416.bin.2.146	0.848	MQ
MFD02416.bin.2.151	0.795	MQ
MFD02416.bin.2.21	0.813	MQ
MFD02416.bin.2.236	0.848	MQ
MFD02416.bin.2.245	0.827	MQ
MFD02416.bin.2.266	0.83	MQ
MFD02416.bin.2.52	0.827	MQ
MFD02416.bin.3.38	0.833	MQ
MFD02809.bin.2.11	0.804	MQ
MFD02809.bin.2.176	0.838	MQ
MFD02809.bin.2.177	0.819	MQ
MFD02809.bin.2.186	0.809	MQ
MFD02809.bin.2.187	0.823	MQ
MFD02809.bin.2.217	0.812	MQ
MFD02809.bin.2.58	0.787	MQ
MFD02809.bin.2.74	0.813	MQ
MFD02809.bin.3.50	0.852	MQ
MFD02809.bin.4.549	0.85	MQ
MFD02809.bin.4.709	0.785	MQ
MFD02832.bin.2.135	0.867	MQ
MFD02832.bin.4.205	0.858	MQ
MFD02923.bin.1.72	0.848	MQ
MFD02923.bin.2.77	0.824	MQ
MFD02979.bin.2.102	0.854	MQ
MFD02979.bin.2.20	0.861	MQ
MFD02979.bin.2.28	0.779	MQ
MFD02979.bin.2.96	0.873	MQ
MFD02979.bin.2.97	0.844	MQ
MFD02979.bin.2.99	0.832	MQ
MFD03044.bin.2.8	0.793	MQ
MFD03323.bin.2.126	0.878	MQ
MFD03323.bin.2.40	0.906	MQ
MFD03323.bin.3.269	0.868	MQ
MFD03399.bin.2.1	0.858	MQ
MFD03399.bin.2.114	0.827	MQ
MFD03399.bin.2.20	0.862	MQ
MFD03399.bin.2.22	0.877	MQ
MFD03726.bin.1.103	0.846	MQ
MFD03726.bin.1.104	0.854	MQ
MFD03726.bin.1.202	0.81	MQ
MFD03726.bin.2.128	0.862	MQ
MFD03726.bin.2.13	0.922	MQ
MFD03726.bin.2.137	0.824	MQ
MFD03726.bin.2.157	0.836	MQ
MFD03726.bin.2.16	0.833	MQ
MFD03726.bin.2.165	0.842	MQ
MFD03726.bin.2.171	0.824	MQ
MFD03726.bin.2.21	0.788	MQ
MFD03726.bin.2.37	0.911	MQ
MFD03726.bin.2.66	0.843	MQ
MFD03726.bin.2.69	0.824	MQ
MFD03726.bin.2.70	0.836	MQ
MFD03726.bin.2.72	0.853	MQ
MFD03726.bin.2.73	0.877	MQ
MFD03726.bin.2.74	0.876	MQ
MFD03726.bin.2.75	0.853	MQ
MFD03726.bin.2.76	0.859	MQ
MFD03726.bin.2.79	0.817	MQ
MFD03726.bin.2.83	0.864	MQ
MFD03726.bin.2.95	0.794	MQ
MFD03726.bin.3.148	0.793	MQ
MFD03726.bin.3.151	0.837	MQ
MFD03726.bin.3.157	0.858	MQ
MFD03726.bin.3.184	0.794	MQ
MFD03804.bin.2.25	0.933	MQ
MFD03804.bin.2.26	0.927	MQ
MFD03804.bin.2.28	0.825	MQ
MFD03804.bin.2.29	0.9	MQ
MFD03899.bin.2.167	0.802	MQ
MFD03899.bin.2.175	0.798	MQ
MFD03899.bin.2.188	0.881	MQ
MFD03899.bin.2.81	0.805	MQ
MFD03899.bin.2.83	0.806	MQ
MFD03899.bin.2.88	0.839	MQ
MFD03899.bin.2.91	0.855	MQ
MFD03899.bin.3.124	0.781	MQ
MFD04212.bin.2.239	0.731	MQ
MFD04408.bin.1.57	0.926	MQ
MFD04408.bin.1.92	0.831	MQ
MFD04408.bin.1.95	0.867	MQ
MFD04408.bin.1.98	0.855	MQ
MFD04408.bin.2.1	0.848	MQ
MFD04408.bin.2.141	0.848	MQ
MFD04408.bin.2.152	0.844	MQ
MFD04408.bin.2.156	0.846	MQ
MFD04408.bin.2.157	0.876	MQ
MFD04408.bin.2.158	0.845	MQ
MFD04408.bin.2.167	0.846	MQ
MFD04408.bin.2.179	0.879	MQ
MFD04408.bin.2.183	0.848	MQ
MFD04408.bin.2.185	0.861	MQ
MFD04408.bin.2.191	0.911	MQ
MFD04408.bin.2.24	0.843	MQ
MFD04408.bin.2.30	0.836	MQ
MFD04408.bin.2.4	0.823	MQ
MFD04408.bin.2.41	0.882	MQ
MFD04408.bin.2.45	0.896	MQ
MFD04408.bin.2.62	0.854	MQ
MFD04408.bin.2.64	0.856	MQ
MFD04408.bin.2.68	0.877	MQ
MFD04408.bin.2.7	0.849	MQ
MFD04408.bin.2.70	0.802	MQ
MFD04408.bin.2.74	0.835	MQ
MFD04408.bin.2.75	0.83	MQ
MFD04408.bin.2.76	0.836	MQ
MFD04408.bin.2.78	0.841	MQ
MFD04408.bin.2.81	0.819	MQ
MFD04408.bin.3.313	0.812	MQ
MFD04408.bin.4.231	0.826	MQ
MFD04428.bin.2.124	0.807	MQ
MFD04492.bin.2.126	0.818	MQ
MFD04492.bin.2.141	0.866	MQ
MFD04492.bin.2.160	0.884	MQ
MFD04492.bin.2.19	0.898	MQ
MFD04492.bin.2.23	0.736	MQ
MFD04492.bin.2.24	0.8	MQ
MFD04492.bin.2.30	0.811	MQ
MFD04492.bin.2.48	0.739	MQ
MFD04492.bin.2.72	0.84	MQ
MFD04492.bin.2.77	0.791	MQ
MFD04492.bin.4.157	0.778	MQ
MFD04492.bin.4.65	0.805	MQ
MFD04716.bin.2.147	0.901	MQ
MFD04716.bin.2.156	0.807	MQ
MFD04716.bin.2.158	0.85	MQ
MFD04716.bin.2.164	0.82	MQ
MFD04716.bin.2.169	0.799	MQ
MFD04716.bin.2.227	0.893	MQ
MFD04716.bin.2.283	0.842	MQ
MFD04716.bin.2.55	0.844	MQ
MFD04716.bin.3.303	0.852	MQ
MFD04716.bin.3.572	0.825	MQ
MFD04752.bin.1.72	0.844	MQ
MFD04752.bin.2.124	0.83	MQ
MFD04780.bin.2.14	0.836	MQ
MFD04780.bin.2.174	0.874	MQ
MFD04780.bin.2.2	0.895	MQ
MFD04780.bin.2.43	0.8	MQ
MFD04780.bin.2.92	0.913	MQ
MFD04780.bin.2.98	0.791	MQ
MFD04850.bin.2.231	0.692	MQ
MFD04926.bin.2.4	0.9	MQ
MFD04935.bin.2.64	0.703	MQ
MFD05088.bin.2.12	0.721	MQ
MFD05176.bin.2.146	0.72	MQ
MFD05176.bin.3.288	0.783	MQ
MFD05377.bin.2.136	0.793	MQ
MFD05377.bin.2.16	0.79	MQ
MFD05377.bin.2.168	0.777	MQ
MFD05377.bin.2.74	0.79	MQ
MFD05502.bin.2.123	0.796	MQ
MFD05512.bin.2.17	0.826	MQ
MFD05512.bin.2.3	0.819	MQ
MFD05512.bin.2.38	0.867	MQ
MFD05512.bin.2.41	0.88	MQ
MFD05512.bin.2.90	0.881	MQ
MFD05580.bin.1.37	0.903	MQ
MFD05580.bin.2.18	0.865	MQ
MFD05674.bin.2.10	0.783	MQ
MFD05674.bin.2.11	0.659	MQ
MFD05674.bin.2.15	0.67	MQ
MFD05674.bin.2.158	0.804	MQ
MFD05674.bin.2.161	0.823	MQ
MFD05674.bin.2.193	0.685	MQ
MFD05674.bin.2.42	0.823	MQ
MFD05674.bin.2.44	0.717	MQ
MFD05674.bin.2.77	0.801	MQ
MFD05674.bin.2.79	0.812	MQ
MFD05674.bin.2.86	0.846	MQ
MFD05684.bin.2.278	0.814	MQ
MFD05942.bin.1.294	0.825	MQ
MFD05942.bin.1.303	0.83	MQ
MFD05942.bin.2.186	0.832	MQ
MFD05942.bin.2.190	0.839	MQ
MFD05942.bin.2.191	0.818	MQ
MFD05942.bin.2.192	0.822	MQ
MFD05942.bin.2.194	0.838	MQ
MFD05942.bin.2.195	0.824	MQ
MFD05942.bin.2.196	0.819	MQ
MFD05942.bin.2.200	0.786	MQ
MFD05942.bin.2.205	0.785	MQ
MFD05942.bin.2.208	0.829	MQ
MFD05942.bin.2.268	0.784	MQ
MFD05942.bin.2.335	0.827	MQ
MFD05942.bin.2.357	0.817	MQ
MFD05942.bin.2.360	0.887	MQ
MFD05942.bin.2.57	0.829	MQ
MFD05942.bin.3.28	0.809	MQ
MFD05942.bin.3.281	0.832	MQ
MFD06085.bin.2.65	0.81	MQ
MFD06435.bin.2.17	0.76	MQ
MFD06435.bin.2.182	0.833	MQ
MFD06435.bin.2.96	0.836	MQ
MFD06435.bin.4.368	0.834	MQ
MFD07386.bin.2.15	0.633	MQ
MFD07691.bin.2.1	0.635	MQ
MFD08203.bin.3.40	0.755	MQ
MFD08416.bin.2.20	0.697	MQ
MFD08497.bin.2.116	0.776	MQ
MFD08497.bin.2.47	0.762	MQ
MFD08497.bin.2.50	0.712	MQ
MFD08497.bin.2.97	0.797	MQ
MFD08669.bin.2.10	0.598	MQ
MFD08669.bin.2.99	0.646	MQ
MFD08691.bin.2.6	0.691	MQ
MFD08700.bin.2.2	0.692	MQ
MFD08700.bin.2.37	0.67	MQ
MFD09055.bin.2.18	0.736	MQ
MFD09126.bin.2.22	0.715	MQ
MFD09126.bin.2.23	0.678	MQ
MFD09206.bin.2.90	0.727	MQ
MFD09222.bin.2.129	0.846	MQ
MFD09222.bin.2.134	0.902	MQ
MFD09222.bin.2.15	0.831	MQ
MFD09222.bin.2.157	0.875	MQ
MFD09222.bin.2.158	0.889	MQ
MFD09222.bin.2.161	0.831	MQ
MFD09222.bin.2.162	0.895	MQ
MFD09222.bin.2.165	0.85	MQ
MFD09222.bin.2.168	0.887	MQ
MFD09222.bin.2.172	0.893	MQ
MFD09222.bin.2.173	0.847	MQ
MFD09222.bin.2.175	0.892	MQ
MFD09222.bin.2.20	0.85	MQ
MFD09222.bin.2.31	0.835	MQ
MFD09222.bin.2.58	0.876	MQ
MFD09222.bin.2.62	0.878	MQ
MFD09222.bin.2.65	0.895	MQ
MFD09222.bin.2.66	0.889	MQ
MFD09222.bin.2.67	0.878	MQ
MFD09222.bin.2.69	0.877	MQ
MFD09222.bin.2.70	0.856	MQ
MFD09267.bin.2.280	0.763	MQ
MFD09267.bin.2.29	0.773	MQ
MFD09267.bin.2.320	0.745	MQ
MFD09267.bin.3.622	0.749	MQ
MFD09286.bin.2.135	0.834	MQ
MFD09286.bin.2.140	0.828	MQ
MFD09286.bin.2.142	0.844	MQ
MFD09286.bin.2.178	0.803	MQ
MFD09495.bin.2.8	0.803	MQ
MFD09567.bin.2.29	0.811	MQ
MFD09779.bin.1.203	0.832	MQ
MFD09779.bin.2.125	0.817	MQ
MFD09779.bin.2.126	0.798	MQ
MFD09779.bin.2.127	0.82	MQ
MFD09779.bin.2.44	0.845	MQ
MFD09848.bin.2.39	0.791	MQ
MFD09964.bin.2.143	0.862	MQ
MFD10007.bin.2.103	0.831	MQ
MFD10007.bin.2.108	0.811	MQ
MFD00008.bin.1.10	0.873	HQ
MFD00008.bin.1.116	0.863	HQ
MFD00008.bin.1.117	0.873	HQ
MFD00008.bin.1.121	0.888	HQ
MFD00008.bin.1.123	0.821	HQ
MFD00008.bin.1.128	0.86	HQ
MFD00008.bin.1.129	0.879	HQ
MFD00008.bin.1.132	0.861	HQ
MFD00008.bin.1.139	0.869	HQ
MFD00008.bin.1.15	0.874	HQ
MFD00008.bin.1.150	0.837	HQ
MFD00008.bin.1.161	0.863	HQ
MFD00008.bin.1.168	0.873	HQ
MFD00008.bin.1.197	0.851	HQ
MFD00008.bin.1.21	0.904	HQ
MFD00008.bin.1.221	0.828	HQ
MFD00008.bin.1.228	0.854	HQ
MFD00008.bin.1.30	0.913	HQ
MFD00008.bin.1.45	0.884	HQ
MFD00008.bin.1.47	0.867	HQ
MFD00008.bin.1.5	0.903	HQ
MFD00008.bin.1.51	0.909	HQ
MFD00008.bin.1.63	0.889	HQ
MFD00008.bin.1.84	0.847	HQ
MFD00008.bin.1.87	0.869	HQ
MFD00008.bin.1.9	0.881	HQ
MFD00008.bin.2.10	0.849	HQ
MFD00008.bin.2.100	0.853	HQ
MFD00008.bin.2.180	0.883	HQ
MFD00008.bin.2.87	0.872	HQ
MFD00008.bin.3.241	0.896	HQ
MFD00031.bin.1.1	0.859	HQ
MFD00031.bin.1.107	0.898	HQ
MFD00031.bin.1.108	0.828	HQ
MFD00031.bin.1.111	0.848	HQ
MFD00031.bin.1.117	0.854	HQ
MFD00031.bin.1.165	0.878	HQ
MFD00031.bin.1.167	0.907	HQ
MFD00031.bin.1.169	0.848	HQ
MFD00031.bin.1.177	0.839	HQ
MFD00031.bin.1.178	0.858	HQ
MFD00031.bin.1.180	0.837	HQ
MFD00031.bin.1.196	0.915	HQ
MFD00031.bin.1.201	0.888	HQ
MFD00031.bin.1.208	0.916	HQ
MFD00031.bin.1.29	0.878	HQ
MFD00031.bin.1.47	0.894	HQ
MFD00031.bin.1.56	0.926	HQ
MFD00031.bin.1.58	0.889	HQ
MFD00031.bin.1.66	0.877	HQ
MFD00031.bin.1.8	0.843	HQ
MFD00031.bin.1.92	0.861	HQ
MFD00031.bin.2.81	0.889	HQ
MFD00032.bin.1.110	0.865	HQ
MFD00032.bin.1.124	0.897	HQ
MFD00032.bin.1.138	0.848	HQ
MFD00032.bin.1.140	0.89	HQ
MFD00032.bin.1.149	0.892	HQ
MFD00032.bin.1.150	0.839	HQ
MFD00032.bin.1.156	0.866	HQ
MFD00032.bin.1.157	0.889	HQ
MFD00032.bin.1.166	0.87	HQ
MFD00032.bin.1.190	0.892	HQ
MFD00032.bin.1.201	0.902	HQ
MFD00032.bin.1.211	0.876	HQ
MFD00032.bin.1.221	0.838	HQ
MFD00032.bin.1.232	0.888	HQ
MFD00032.bin.1.235	0.89	HQ
MFD00032.bin.1.256	0.839	HQ
MFD00032.bin.1.257	0.895	HQ
MFD00032.bin.1.264	0.858	HQ
MFD00032.bin.1.267	0.861	HQ
MFD00032.bin.1.44	0.878	HQ
MFD00032.bin.1.47	0.913	HQ
MFD00032.bin.1.60	0.869	HQ
MFD00032.bin.1.63	0.866	HQ
MFD00032.bin.1.65	0.862	HQ
MFD00032.bin.1.71	0.815	HQ
MFD00032.bin.1.77	0.869	HQ
MFD00032.bin.1.80	0.894	HQ
MFD00032.bin.1.90	0.86	HQ
MFD00032.bin.2.184	0.888	HQ
MFD00032.bin.2.79	0.904	HQ
MFD00032.bin.2.89	0.853	HQ
MFD00032.bin.3.528	0.882	HQ
MFD00072.bin.1.109	0.864	HQ
MFD00072.bin.1.11	0.883	HQ
MFD00072.bin.1.52	0.875	HQ
MFD00082.bin.1.10	0.858	HQ
MFD00082.bin.1.12	0.903	HQ
MFD00082.bin.1.126	0.869	HQ
MFD00082.bin.1.127	0.882	HQ
MFD00082.bin.1.133	0.833	HQ
MFD00082.bin.1.138	0.858	HQ
MFD00082.bin.1.143	0.886	HQ
MFD00082.bin.1.144	0.872	HQ
MFD00082.bin.1.148	0.9	HQ
MFD00082.bin.1.149	0.852	HQ
MFD00082.bin.1.153	0.879	HQ
MFD00082.bin.1.156	0.879	HQ
MFD00082.bin.1.161	0.849	HQ
MFD00082.bin.1.163	0.873	HQ
MFD00082.bin.1.166	0.875	HQ
MFD00082.bin.1.17	0.906	HQ
MFD00082.bin.1.18	0.861	HQ
MFD00082.bin.1.2	0.85	HQ
MFD00082.bin.1.20	0.882	HQ
MFD00082.bin.1.22	0.847	HQ
MFD00082.bin.1.23	0.909	HQ
MFD00082.bin.1.24	0.894	HQ
MFD00082.bin.1.38	0.857	HQ
MFD00082.bin.1.40	0.86	HQ
MFD00082.bin.1.80	0.883	HQ
MFD00082.bin.1.82	0.849	HQ
MFD00082.bin.1.92	0.89	HQ
MFD00082.bin.2.118	0.906	HQ
MFD00082.bin.3.91	0.863	HQ
MFD00125.bin.1.38	0.913	HQ
MFD00125.bin.1.39	0.863	HQ
MFD00125.bin.1.5	0.857	HQ
MFD00125.bin.1.99	0.821	HQ
MFD00125.bin.2.11	0.883	HQ
MFD00125.bin.2.26	0.848	HQ
MFD00392.bin.1.1	0.915	HQ
MFD00392.bin.1.14	0.862	HQ
MFD00392.bin.1.141	0.889	HQ
MFD00392.bin.1.17	0.849	HQ
MFD00392.bin.1.247	0.89	HQ
MFD00392.bin.1.285	0.896	HQ
MFD00392.bin.1.297	0.886	HQ
MFD00392.bin.1.3	0.878	HQ
MFD00392.bin.1.301	0.86	HQ
MFD00392.bin.1.305	0.854	HQ
MFD00392.bin.1.317	0.898	HQ
MFD00392.bin.1.331	0.893	HQ
MFD00392.bin.1.337	0.89	HQ
MFD00392.bin.1.345	0.88	HQ
MFD00392.bin.1.354	0.899	HQ
MFD00392.bin.1.367	0.913	HQ
MFD00392.bin.1.375	0.871	HQ
MFD00392.bin.1.411	0.874	HQ
MFD00392.bin.1.415	0.885	HQ
MFD00392.bin.1.422	0.852	HQ
MFD00392.bin.1.427	0.899	HQ
MFD00392.bin.1.69	0.901	HQ
MFD00392.bin.1.82	0.891	HQ
MFD00392.bin.1.91	0.85	HQ
MFD00392.bin.2.172	0.883	HQ
MFD00392.bin.2.54	0.856	HQ
MFD00392.bin.2.84	0.841	HQ
MFD00392.bin.3.201	0.894	HQ
MFD00392.bin.3.577	0.883	HQ
MFD00709.bin.1.19	0.878	HQ
MFD00709.bin.1.205	0.872	HQ
MFD00709.bin.1.229	0.873	HQ
MFD00709.bin.1.50	0.92	HQ
MFD00709.bin.1.57	0.902	HQ
MFD00709.bin.1.68	0.871	HQ
MFD00709.bin.2.76	0.835	HQ
MFD00731.bin.1.11	0.885	HQ
MFD00731.bin.1.113	0.863	HQ
MFD00731.bin.1.138	0.907	HQ
MFD00731.bin.1.142	0.867	HQ
MFD00731.bin.1.159	0.866	HQ
MFD00731.bin.1.162	0.887	HQ
MFD00731.bin.1.164	0.911	HQ
MFD00731.bin.1.165	0.857	HQ
MFD00731.bin.1.166	0.851	HQ
MFD00731.bin.1.167	0.876	HQ
MFD00731.bin.1.188	0.887	HQ
MFD00731.bin.1.195	0.866	HQ
MFD00731.bin.1.198	0.865	HQ
MFD00731.bin.1.199	0.832	HQ
MFD00731.bin.1.2	0.881	HQ
MFD00731.bin.1.201	0.868	HQ
MFD00731.bin.1.202	0.888	HQ
MFD00731.bin.1.206	0.882	HQ
MFD00731.bin.1.211	0.857	HQ
MFD00731.bin.1.212	0.864	HQ
MFD00731.bin.1.214	0.847	HQ
MFD00731.bin.1.217	0.856	HQ
MFD00731.bin.1.218	0.858	HQ
MFD00731.bin.1.220	0.877	HQ
MFD00731.bin.1.223	0.87	HQ
MFD00731.bin.1.225	0.871	HQ
MFD00731.bin.1.228	0.893	HQ
MFD00731.bin.1.235	0.833	HQ
MFD00731.bin.1.245	0.874	HQ
MFD00731.bin.1.248	0.904	HQ
MFD00731.bin.1.258	0.869	HQ
MFD00731.bin.1.270	0.851	HQ
MFD00731.bin.1.272	0.839	HQ
MFD00731.bin.1.279	0.879	HQ
MFD00731.bin.1.28	0.854	HQ
MFD00731.bin.1.32	0.816	HQ
MFD00731.bin.1.33	0.896	HQ
MFD00731.bin.1.5	0.887	HQ
MFD00731.bin.1.64	0.919	HQ
MFD00731.bin.1.74	0.884	HQ
MFD00731.bin.2.106	0.857	HQ
MFD00731.bin.2.122	0.926	HQ
MFD00731.bin.2.189	0.862	HQ
MFD00731.bin.2.52	0.85	HQ
MFD00731.bin.2.71	0.88	HQ
MFD00731.bin.3.104	0.873	HQ
MFD00731.bin.3.147	0.858	HQ
MFD00731.bin.3.26	0.857	HQ
MFD00731.bin.3.48	0.854	HQ
MFD00731.bin.3.65	0.869	HQ
MFD00731.bin.3.67	0.902	HQ
MFD00822.bin.1.1	0.88	HQ
MFD00822.bin.1.10	0.869	HQ
MFD00822.bin.1.116	0.922	HQ
MFD00822.bin.1.131	0.92	HQ
MFD00822.bin.1.141	0.903	HQ
MFD00822.bin.1.145	0.9	HQ
MFD00822.bin.1.151	0.875	HQ
MFD00822.bin.1.152	0.863	HQ
MFD00822.bin.1.156	0.871	HQ
MFD00822.bin.1.167	0.898	HQ
MFD00822.bin.1.182	0.905	HQ
MFD00822.bin.1.183	0.866	HQ
MFD00822.bin.1.185	0.907	HQ
MFD00822.bin.1.197	0.882	HQ
MFD00822.bin.1.199	0.842	HQ
MFD00822.bin.1.206	0.917	HQ
MFD00822.bin.1.211	0.912	HQ
MFD00822.bin.1.215	0.894	HQ
MFD00822.bin.1.216	0.89	HQ
MFD00822.bin.1.227	0.882	HQ
MFD00822.bin.1.230	0.864	HQ
MFD00822.bin.1.231	0.906	HQ
MFD00822.bin.1.232	0.892	HQ
MFD00822.bin.1.237	0.891	HQ
MFD00822.bin.1.245	0.883	HQ
MFD00822.bin.1.250	0.891	HQ
MFD00822.bin.1.253	0.904	HQ
MFD00822.bin.1.254	0.872	HQ
MFD00822.bin.1.257	0.866	HQ
MFD00822.bin.1.29	0.863	HQ
MFD00822.bin.1.39	0.897	HQ
MFD00822.bin.1.4	0.829	HQ
MFD00822.bin.1.42	0.884	HQ
MFD00822.bin.1.61	0.896	HQ
MFD00822.bin.1.63	0.884	HQ
MFD00822.bin.1.66	0.875	HQ
MFD00822.bin.1.72	0.845	HQ
MFD00822.bin.1.74	0.912	HQ
MFD00822.bin.1.75	0.908	HQ
MFD00822.bin.1.76	0.925	HQ
MFD00822.bin.1.79	0.859	HQ
MFD00822.bin.1.85	0.887	HQ
MFD00822.bin.1.89	0.851	HQ
MFD00822.bin.1.91	0.885	HQ
MFD00822.bin.2.133	0.888	HQ
MFD00822.bin.2.80	0.896	HQ
MFD00822.bin.2.98	0.893	HQ
MFD00822.bin.3.161	0.894	HQ
MFD00905.bin.1.120	0.883	HQ
MFD00905.bin.1.128	0.858	HQ
MFD00905.bin.1.144	0.886	HQ
MFD00905.bin.1.160	0.908	HQ
MFD00905.bin.1.196	0.873	HQ
MFD00905.bin.1.20	0.881	HQ
MFD00905.bin.1.203	0.896	HQ
MFD00905.bin.1.230	0.921	HQ
MFD00905.bin.1.232	0.9	HQ
MFD00905.bin.1.253	0.836	HQ
MFD00905.bin.1.257	0.912	HQ
MFD00905.bin.1.260	0.867	HQ
MFD00905.bin.1.267	0.88	HQ
MFD00905.bin.1.35	0.876	HQ
MFD00905.bin.1.36	0.926	HQ
MFD00905.bin.1.42	0.895	HQ
MFD00905.bin.1.44	0.871	HQ
MFD00905.bin.1.53	0.891	HQ
MFD00905.bin.1.54	0.877	HQ
MFD00905.bin.1.6	0.909	HQ
MFD00905.bin.1.61	0.908	HQ
MFD00905.bin.1.63	0.891	HQ
MFD00905.bin.1.69	0.883	HQ
MFD00905.bin.1.72	0.885	HQ
MFD00905.bin.1.76	0.871	HQ
MFD00905.bin.1.81	0.881	HQ
MFD00905.bin.1.96	0.908	HQ
MFD00905.bin.2.117	0.855	HQ
MFD00905.bin.2.211	0.874	HQ
MFD00905.bin.2.66	0.916	HQ
MFD00905.bin.3.301	0.889	HQ
MFD00962.bin.1.10	0.867	HQ
MFD00962.bin.1.108	0.913	HQ
MFD00962.bin.1.127	0.885	HQ
MFD00962.bin.1.147	0.843	HQ
MFD00962.bin.1.162	0.897	HQ
MFD00962.bin.1.19	0.91	HQ
MFD00962.bin.1.200	0.884	HQ
MFD00962.bin.1.206	0.884	HQ
MFD00962.bin.1.253	0.821	HQ
MFD00962.bin.1.284	0.883	HQ
MFD00962.bin.1.289	0.883	HQ
MFD00962.bin.1.295	0.896	HQ
MFD00962.bin.1.31	0.898	HQ
MFD00962.bin.1.317	0.899	HQ
MFD00962.bin.1.324	0.812	HQ
MFD00962.bin.1.329	0.83	HQ
MFD00962.bin.1.43	0.858	HQ
MFD00962.bin.1.54	0.874	HQ
MFD00962.bin.1.65	0.905	HQ
MFD00962.bin.1.69	0.903	HQ
MFD00962.bin.1.7	0.837	HQ
MFD00962.bin.1.9	0.887	HQ
MFD00962.bin.1.94	0.878	HQ
MFD00962.bin.2.1	0.853	HQ
MFD00962.bin.2.139	0.87	HQ
MFD00962.bin.2.146	0.83	HQ
MFD00962.bin.2.180	0.89	HQ
MFD00962.bin.2.24	0.856	HQ
MFD00962.bin.2.37	0.903	HQ
MFD00962.bin.2.52	0.921	HQ
MFD00962.bin.2.81	0.894	HQ
MFD00964.bin.1.103	0.867	HQ
MFD00964.bin.1.13	0.886	HQ
MFD00964.bin.1.131	0.858	HQ
MFD00964.bin.1.138	0.869	HQ
MFD00964.bin.1.159	0.893	HQ
MFD00964.bin.1.16	0.915	HQ
MFD00964.bin.1.163	0.871	HQ
MFD00964.bin.1.185	0.813	HQ
MFD00964.bin.1.196	0.855	HQ
MFD00964.bin.1.198	0.881	HQ
MFD00964.bin.1.217	0.874	HQ
MFD00964.bin.1.235	0.872	HQ
MFD00964.bin.1.243	0.87	HQ
MFD00964.bin.1.245	0.843	HQ
MFD00964.bin.1.252	0.855	HQ
MFD00964.bin.1.254	0.884	HQ
MFD00964.bin.1.257	0.849	HQ
MFD00964.bin.1.268	0.867	HQ
MFD00964.bin.1.271	0.87	HQ
MFD00964.bin.1.274	0.851	HQ
MFD00964.bin.1.275	0.91	HQ
MFD00964.bin.1.287	0.864	HQ
MFD00964.bin.1.294	0.87	HQ
MFD00964.bin.1.303	0.831	HQ
MFD00964.bin.1.307	0.896	HQ
MFD00964.bin.1.317	0.875	HQ
MFD00964.bin.1.323	0.916	HQ
MFD00964.bin.1.43	0.873	HQ
MFD00964.bin.1.44	0.884	HQ
MFD00964.bin.1.50	0.893	HQ
MFD00964.bin.1.57	0.915	HQ
MFD00964.bin.1.67	0.894	HQ
MFD00964.bin.1.68	0.876	HQ
MFD00964.bin.1.7	0.879	HQ
MFD00964.bin.1.74	0.902	HQ
MFD00964.bin.2.116	0.838	HQ
MFD00964.bin.2.215	0.889	HQ
MFD00964.bin.2.52	0.904	HQ
MFD00964.bin.2.61	0.877	HQ
MFD00991.bin.1.132	0.886	HQ
MFD00991.bin.1.137	0.875	HQ
MFD00991.bin.1.150	0.894	HQ
MFD00991.bin.1.2	0.824	HQ
MFD00991.bin.1.29	0.892	HQ
MFD00991.bin.1.80	0.854	HQ
MFD00991.bin.1.91	0.855	HQ
MFD00991.bin.2.63	0.846	HQ
MFD01112.bin.1.17	0.841	HQ
MFD01112.bin.1.26	0.861	HQ
MFD01112.bin.1.38	0.875	HQ
MFD01112.bin.1.68	0.874	HQ
MFD01112.bin.1.69	0.849	HQ
MFD01138.bin.1.135	0.864	HQ
MFD01138.bin.1.144	0.909	HQ
MFD01138.bin.1.15	0.888	HQ
MFD01138.bin.1.150	0.902	HQ
MFD01138.bin.1.16	0.887	HQ
MFD01138.bin.1.18	0.916	HQ
MFD01138.bin.1.24	0.879	HQ
MFD01138.bin.1.30	0.896	HQ
MFD01138.bin.1.34	0.872	HQ
MFD01138.bin.1.37	0.844	HQ
MFD01138.bin.1.4	0.908	HQ
MFD01138.bin.1.47	0.909	HQ
MFD01138.bin.1.5	0.896	HQ
MFD01138.bin.1.51	0.862	HQ
MFD01138.bin.1.8	0.85	HQ
MFD01138.bin.1.83	0.881	HQ
MFD01138.bin.1.84	0.83	HQ
MFD01138.bin.1.9	0.898	HQ
MFD01138.bin.1.98	0.826	HQ
MFD01138.bin.3.178	0.854	HQ
MFD01138.bin.3.205	0.845	HQ
MFD01188.bin.1.141	0.887	HQ
MFD01188.bin.1.19	0.838	HQ
MFD01188.bin.1.39	0.877	HQ
MFD01188.bin.1.43	0.865	HQ
MFD01188.bin.1.44	0.876	HQ
MFD01188.bin.1.46	0.898	HQ
MFD01188.bin.1.50	0.872	HQ
MFD01188.bin.1.51	0.869	HQ
MFD01188.bin.1.69	0.838	HQ
MFD01188.bin.1.7	0.887	HQ
MFD01188.bin.2.63	0.847	HQ
MFD01213.bin.1.109	0.895	HQ
MFD01213.bin.1.111	0.908	HQ
MFD01213.bin.1.132	0.845	HQ
MFD01213.bin.1.136	0.871	HQ
MFD01213.bin.1.143	0.872	HQ
MFD01213.bin.1.162	0.862	HQ
MFD01213.bin.1.169	0.871	HQ
MFD01213.bin.1.173	0.884	HQ
MFD01213.bin.1.175	0.865	HQ
MFD01213.bin.1.178	0.912	HQ
MFD01213.bin.1.187	0.904	HQ
MFD01213.bin.1.189	0.877	HQ
MFD01213.bin.1.190	0.909	HQ
MFD01213.bin.1.21	0.875	HQ
MFD01213.bin.1.210	0.887	HQ
MFD01213.bin.1.215	0.89	HQ
MFD01213.bin.1.234	0.871	HQ
MFD01213.bin.1.238	0.862	HQ
MFD01213.bin.1.239	0.888	HQ
MFD01213.bin.1.241	0.92	HQ
MFD01213.bin.1.36	0.913	HQ
MFD01213.bin.1.41	0.903	HQ
MFD01213.bin.1.42	0.909	HQ
MFD01213.bin.1.46	0.896	HQ
MFD01213.bin.1.50	0.859	HQ
MFD01213.bin.1.53	0.875	HQ
MFD01213.bin.1.65	0.889	HQ
MFD01213.bin.1.88	0.915	HQ
MFD01213.bin.1.9	0.844	HQ
MFD01213.bin.1.93	0.876	HQ
MFD01213.bin.2.184	0.858	HQ
MFD01213.bin.3.418	0.908	HQ
MFD01223.bin.1.112	0.897	HQ
MFD01223.bin.1.113	0.852	HQ
MFD01223.bin.1.12	0.885	HQ
MFD01223.bin.1.133	0.829	HQ
MFD01223.bin.1.14	0.9	HQ
MFD01223.bin.1.23	0.885	HQ
MFD01223.bin.1.26	0.9	HQ
MFD01223.bin.1.30	0.884	HQ
MFD01223.bin.1.34	0.82	HQ
MFD01223.bin.1.4	0.87	HQ
MFD01223.bin.1.54	0.901	HQ
MFD01223.bin.1.57	0.89	HQ
MFD01223.bin.1.59	0.89	HQ
MFD01223.bin.1.73	0.876	HQ
MFD01223.bin.1.8	0.864	HQ
MFD01223.bin.1.83	0.916	HQ
MFD01223.bin.1.97	0.876	HQ
MFD01223.bin.2.34	0.882	HQ
MFD01223.bin.2.73	0.874	HQ
MFD01231.bin.1.10	0.88	HQ
MFD01231.bin.1.102	0.871	HQ
MFD01231.bin.1.11	0.906	HQ
MFD01231.bin.1.14	0.872	HQ
MFD01231.bin.1.21	0.814	HQ
MFD01231.bin.1.29	0.897	HQ
MFD01231.bin.1.32	0.87	HQ
MFD01231.bin.1.33	0.868	HQ
MFD01231.bin.1.34	0.922	HQ
MFD01231.bin.1.36	0.898	HQ
MFD01231.bin.1.4	0.872	HQ
MFD01231.bin.1.41	0.863	HQ
MFD01231.bin.1.45	0.864	HQ
MFD01231.bin.1.48	0.879	HQ
MFD01231.bin.1.54	0.874	HQ
MFD01231.bin.1.59	0.883	HQ
MFD01231.bin.1.77	0.89	HQ
MFD01231.bin.1.87	0.86	HQ
MFD01231.bin.1.95	0.876	HQ
MFD01231.bin.1.98	0.875	HQ
MFD01231.bin.1.99	0.871	HQ
MFD01248.bin.1.104	0.92	HQ
MFD01248.bin.1.11	0.893	HQ
MFD01248.bin.1.15	0.862	HQ
MFD01248.bin.1.16	0.895	HQ
MFD01248.bin.1.17	0.828	HQ
MFD01248.bin.1.21	0.892	HQ
MFD01248.bin.1.23	0.839	HQ
MFD01248.bin.1.25	0.849	HQ
MFD01248.bin.1.34	0.831	HQ
MFD01248.bin.1.36	0.837	HQ
MFD01248.bin.1.4	0.875	HQ
MFD01248.bin.1.41	0.847	HQ
MFD01248.bin.1.5	0.865	HQ
MFD01248.bin.1.68	0.862	HQ
MFD01248.bin.1.77	0.908	HQ
MFD01248.bin.1.83	0.846	HQ
MFD01248.bin.1.85	0.845	HQ
MFD01248.bin.1.88	0.917	HQ
MFD01248.bin.1.9	0.905	HQ
MFD01248.bin.1.94	0.92	HQ
MFD01275.bin.1.1	0.871	HQ
MFD01275.bin.1.11	0.883	HQ
MFD01275.bin.1.111	0.913	HQ
MFD01275.bin.1.121	0.901	HQ
MFD01275.bin.1.124	0.897	HQ
MFD01275.bin.1.13	0.906	HQ
MFD01275.bin.1.139	0.92	HQ
MFD01275.bin.1.162	0.93	HQ
MFD01275.bin.1.17	0.912	HQ
MFD01275.bin.1.171	0.899	HQ
MFD01275.bin.1.173	0.908	HQ
MFD01275.bin.1.178	0.892	HQ
MFD01275.bin.1.180	0.869	HQ
MFD01275.bin.1.183	0.883	HQ
MFD01275.bin.1.187	0.9	HQ
MFD01275.bin.1.188	0.883	HQ
MFD01275.bin.1.189	0.891	HQ
MFD01275.bin.1.196	0.906	HQ
MFD01275.bin.1.198	0.904	HQ
MFD01275.bin.1.204	0.907	HQ
MFD01275.bin.1.206	0.851	HQ
MFD01275.bin.1.213	0.92	HQ
MFD01275.bin.1.224	0.819	HQ
MFD01275.bin.1.228	0.856	HQ
MFD01275.bin.1.240	0.921	HQ
MFD01275.bin.1.242	0.894	HQ
MFD01275.bin.1.243	0.917	HQ
MFD01275.bin.1.247	0.909	HQ
MFD01275.bin.1.248	0.896	HQ
MFD01275.bin.1.25	0.909	HQ
MFD01275.bin.1.251	0.928	HQ
MFD01275.bin.1.254	0.916	HQ
MFD01275.bin.1.257	0.911	HQ
MFD01275.bin.1.258	0.923	HQ
MFD01275.bin.1.259	0.904	HQ
MFD01275.bin.1.26	0.903	HQ
MFD01275.bin.1.263	0.917	HQ
MFD01275.bin.1.267	0.917	HQ
MFD01275.bin.1.271	0.921	HQ
MFD01275.bin.1.272	0.908	HQ
MFD01275.bin.1.276	0.901	HQ
MFD01275.bin.1.277	0.882	HQ
MFD01275.bin.1.283	0.928	HQ
MFD01275.bin.1.285	0.903	HQ
MFD01275.bin.1.41	0.918	HQ
MFD01275.bin.1.42	0.901	HQ
MFD01275.bin.1.44	0.861	HQ
MFD01275.bin.1.45	0.908	HQ
MFD01275.bin.1.46	0.923	HQ
MFD01275.bin.1.48	0.859	HQ
MFD01275.bin.1.5	0.848	HQ
MFD01275.bin.1.55	0.924	HQ
MFD01275.bin.1.56	0.921	HQ
MFD01275.bin.1.63	0.907	HQ
MFD01275.bin.1.67	0.902	HQ
MFD01275.bin.1.7	0.935	HQ
MFD01275.bin.1.70	0.94	HQ
MFD01275.bin.1.71	0.907	HQ
MFD01275.bin.1.74	0.858	HQ
MFD01275.bin.1.75	0.911	HQ
MFD01275.bin.1.76	0.912	HQ
MFD01275.bin.1.77	0.89	HQ
MFD01275.bin.1.78	0.869	HQ
MFD01275.bin.1.85	0.898	HQ
MFD01275.bin.1.87	0.91	HQ
MFD01275.bin.1.89	0.892	HQ
MFD01275.bin.1.9	0.886	HQ
MFD01275.bin.1.92	0.913	HQ
MFD01275.bin.1.95	0.901	HQ
MFD01275.bin.2.172	0.875	HQ
MFD01275.bin.2.29	0.919	HQ
MFD01275.bin.3.10	0.897	HQ
MFD01275.bin.3.366	0.886	HQ
MFD01275.bin.3.42	0.894	HQ
MFD01299.bin.1.116	0.842	HQ
MFD01299.bin.1.126	0.906	HQ
MFD01299.bin.1.127	0.865	HQ
MFD01299.bin.1.132	0.898	HQ
MFD01299.bin.1.141	0.89	HQ
MFD01299.bin.1.15	0.852	HQ
MFD01299.bin.1.174	0.861	HQ
MFD01299.bin.1.182	0.914	HQ
MFD01299.bin.1.187	0.897	HQ
MFD01299.bin.1.190	0.835	HQ
MFD01299.bin.1.197	0.921	HQ
MFD01299.bin.1.204	0.878	HQ
MFD01299.bin.1.229	0.869	HQ
MFD01299.bin.1.23	0.915	HQ
MFD01299.bin.1.237	0.846	HQ
MFD01299.bin.1.238	0.875	HQ
MFD01299.bin.1.239	0.91	HQ
MFD01299.bin.1.245	0.887	HQ
MFD01299.bin.1.246	0.88	HQ
MFD01299.bin.1.39	0.894	HQ
MFD01299.bin.1.47	0.851	HQ
MFD01299.bin.1.55	0.851	HQ
MFD01299.bin.1.58	0.891	HQ
MFD01299.bin.1.7	0.876	HQ
MFD01299.bin.1.79	0.881	HQ
MFD01299.bin.1.98	0.885	HQ
MFD01299.bin.2.17	0.812	HQ
MFD01299.bin.2.24	0.908	HQ
MFD01299.bin.2.91	0.857	HQ
MFD01476.bin.1.124	0.888	HQ
MFD01476.bin.1.131	0.859	HQ
MFD01476.bin.1.135	0.907	HQ
MFD01476.bin.1.136	0.871	HQ
MFD01476.bin.1.137	0.898	HQ
MFD01476.bin.1.140	0.872	HQ
MFD01476.bin.1.143	0.865	HQ
MFD01476.bin.1.148	0.871	HQ
MFD01476.bin.1.149	0.816	HQ
MFD01476.bin.1.15	0.906	HQ
MFD01476.bin.1.150	0.888	HQ
MFD01476.bin.1.151	0.905	HQ
MFD01476.bin.1.152	0.832	HQ
MFD01476.bin.1.154	0.825	HQ
MFD01476.bin.1.163	0.865	HQ
MFD01476.bin.1.164	0.923	HQ
MFD01476.bin.1.169	0.903	HQ
MFD01476.bin.1.182	0.875	HQ
MFD01476.bin.1.183	0.868	HQ
MFD01476.bin.1.191	0.926	HQ
MFD01476.bin.1.197	0.866	HQ
MFD01476.bin.1.209	0.859	HQ
MFD01476.bin.1.210	0.882	HQ
MFD01476.bin.1.214	0.821	HQ
MFD01476.bin.1.216	0.906	HQ
MFD01476.bin.1.22	0.901	HQ
MFD01476.bin.1.224	0.88	HQ
MFD01476.bin.1.226	0.853	HQ
MFD01476.bin.1.234	0.905	HQ
MFD01476.bin.1.246	0.878	HQ
MFD01476.bin.1.25	0.851	HQ
MFD01476.bin.1.32	0.895	HQ
MFD01476.bin.1.33	0.859	HQ
MFD01476.bin.1.4	0.873	HQ
MFD01476.bin.1.56	0.867	HQ
MFD01476.bin.1.65	0.845	HQ
MFD01476.bin.1.72	0.898	HQ
MFD01476.bin.1.74	0.895	HQ
MFD01476.bin.1.81	0.89	HQ
MFD01476.bin.1.82	0.866	HQ
MFD01476.bin.1.83	0.897	HQ
MFD01476.bin.1.95	0.915	HQ
MFD01476.bin.1.98	0.892	HQ
MFD01476.bin.2.37	0.857	HQ
MFD01561.bin.1.13	0.867	HQ
MFD01561.bin.1.20	0.871	HQ
MFD01561.bin.1.3	0.858	HQ
MFD01561.bin.1.78	0.838	HQ
MFD01561.bin.2.89	0.84	HQ
MFD01561.bin.3.249	0.859	HQ
MFD01633.bin.1.119	0.85	HQ
MFD01633.bin.1.131	0.879	HQ
MFD01633.bin.1.170	0.903	HQ
MFD01633.bin.1.176	0.866	HQ
MFD01633.bin.1.196	0.851	HQ
MFD01633.bin.1.201	0.862	HQ
MFD01633.bin.1.206	0.843	HQ
MFD01633.bin.1.212	0.87	HQ
MFD01633.bin.1.213	0.879	HQ
MFD01633.bin.1.223	0.823	HQ
MFD01633.bin.1.224	0.848	HQ
MFD01633.bin.1.225	0.889	HQ
MFD01633.bin.1.226	0.921	HQ
MFD01633.bin.1.230	0.875	HQ
MFD01633.bin.1.241	0.874	HQ
MFD01633.bin.1.28	0.879	HQ
MFD01633.bin.1.32	0.893	HQ
MFD01633.bin.1.33	0.859	HQ
MFD01633.bin.1.46	0.875	HQ
MFD01689.bin.1.1	0.848	HQ
MFD01689.bin.1.101	0.868	HQ
MFD01689.bin.1.102	0.869	HQ
MFD01689.bin.1.106	0.894	HQ
MFD01689.bin.1.110	0.901	HQ
MFD01689.bin.1.114	0.905	HQ
MFD01689.bin.1.12	0.9	HQ
MFD01689.bin.1.120	0.895	HQ
MFD01689.bin.1.19	0.852	HQ
MFD01689.bin.1.23	0.892	HQ
MFD01689.bin.1.32	0.877	HQ
MFD01689.bin.1.35	0.842	HQ
MFD01689.bin.1.40	0.874	HQ
MFD01689.bin.1.48	0.882	HQ
MFD01689.bin.1.5	0.895	HQ
MFD01689.bin.1.50	0.876	HQ
MFD01689.bin.1.51	0.866	HQ
MFD01689.bin.1.60	0.819	HQ
MFD01689.bin.1.61	0.894	HQ
MFD01689.bin.1.7	0.876	HQ
MFD01689.bin.1.72	0.917	HQ
MFD01689.bin.1.76	0.918	HQ
MFD01689.bin.1.89	0.863	HQ
MFD01689.bin.2.84	0.823	HQ
MFD01716.bin.1.10	0.905	HQ
MFD01716.bin.1.112	0.884	HQ
MFD01716.bin.1.115	0.875	HQ
MFD01716.bin.1.117	0.898	HQ
MFD01716.bin.1.118	0.852	HQ
MFD01716.bin.1.125	0.877	HQ
MFD01716.bin.1.126	0.869	HQ
MFD01716.bin.1.127	0.863	HQ
MFD01716.bin.1.129	0.867	HQ
MFD01716.bin.1.135	0.87	HQ
MFD01716.bin.1.139	0.839	HQ
MFD01716.bin.1.142	0.829	HQ
MFD01716.bin.1.15	0.905	HQ
MFD01716.bin.1.159	0.874	HQ
MFD01716.bin.1.166	0.879	HQ
MFD01716.bin.1.17	0.875	HQ
MFD01716.bin.1.171	0.844	HQ
MFD01716.bin.1.173	0.856	HQ
MFD01716.bin.1.177	0.859	HQ
MFD01716.bin.1.181	0.857	HQ
MFD01716.bin.1.185	0.869	HQ
MFD01716.bin.1.190	0.904	HQ
MFD01716.bin.1.191	0.81	HQ
MFD01716.bin.1.195	0.866	HQ
MFD01716.bin.1.196	0.881	HQ
MFD01716.bin.1.202	0.872	HQ
MFD01716.bin.1.21	0.918	HQ
MFD01716.bin.1.225	0.85	HQ
MFD01716.bin.1.226	0.854	HQ
MFD01716.bin.1.229	0.917	HQ
MFD01716.bin.1.23	0.899	HQ
MFD01716.bin.1.232	0.876	HQ
MFD01716.bin.1.24	0.876	HQ
MFD01716.bin.1.31	0.852	HQ
MFD01716.bin.1.35	0.903	HQ
MFD01716.bin.1.49	0.858	HQ
MFD01716.bin.1.5	0.876	HQ
MFD01716.bin.1.50	0.842	HQ
MFD01716.bin.1.59	0.876	HQ
MFD01716.bin.1.60	0.904	HQ
MFD01716.bin.1.7	0.877	HQ
MFD01716.bin.1.8	0.897	HQ
MFD01716.bin.1.86	0.863	HQ
MFD01716.bin.1.99	0.869	HQ
MFD01716.bin.3.239	0.88	HQ
MFD01716.bin.3.307	0.877	HQ
MFD01716.bin.3.4	0.879	HQ
MFD01721.bin.1.10	0.902	HQ
MFD01721.bin.1.101	0.895	HQ
MFD01721.bin.1.102	0.841	HQ
MFD01721.bin.1.104	0.86	HQ
MFD01721.bin.1.106	0.891	HQ
MFD01721.bin.1.108	0.883	HQ
MFD01721.bin.1.11	0.911	HQ
MFD01721.bin.1.113	0.835	HQ
MFD01721.bin.1.114	0.893	HQ
MFD01721.bin.1.117	0.903	HQ
MFD01721.bin.1.119	0.887	HQ
MFD01721.bin.1.120	0.878	HQ
MFD01721.bin.1.121	0.855	HQ
MFD01721.bin.1.123	0.892	HQ
MFD01721.bin.1.124	0.863	HQ
MFD01721.bin.1.126	0.869	HQ
MFD01721.bin.1.127	0.919	HQ
MFD01721.bin.1.128	0.871	HQ
MFD01721.bin.1.13	0.922	HQ
MFD01721.bin.1.130	0.877	HQ
MFD01721.bin.1.134	0.907	HQ
MFD01721.bin.1.137	0.88	HQ
MFD01721.bin.1.139	0.834	HQ
MFD01721.bin.1.141	0.882	HQ
MFD01721.bin.1.156	0.788	HQ
MFD01721.bin.1.158	0.857	HQ
MFD01721.bin.1.168	0.872	HQ
MFD01721.bin.1.169	0.909	HQ
MFD01721.bin.1.17	0.872	HQ
MFD01721.bin.1.18	0.868	HQ
MFD01721.bin.1.192	0.893	HQ
MFD01721.bin.1.199	0.904	HQ
MFD01721.bin.1.2	0.883	HQ
MFD01721.bin.1.20	0.886	HQ
MFD01721.bin.1.203	0.908	HQ
MFD01721.bin.1.211	0.873	HQ
MFD01721.bin.1.213	0.912	HQ
MFD01721.bin.1.215	0.868	HQ
MFD01721.bin.1.219	0.908	HQ
MFD01721.bin.1.220	0.917	HQ
MFD01721.bin.1.223	0.892	HQ
MFD01721.bin.1.226	0.894	HQ
MFD01721.bin.1.227	0.918	HQ
MFD01721.bin.1.228	0.917	HQ
MFD01721.bin.1.229	0.844	HQ
MFD01721.bin.1.23	0.901	HQ
MFD01721.bin.1.231	0.862	HQ
MFD01721.bin.1.239	0.87	HQ
MFD01721.bin.1.240	0.907	HQ
MFD01721.bin.1.242	0.893	HQ
MFD01721.bin.1.244	0.889	HQ
MFD01721.bin.1.246	0.883	HQ
MFD01721.bin.1.247	0.905	HQ
MFD01721.bin.1.248	0.842	HQ
MFD01721.bin.1.25	0.872	HQ
MFD01721.bin.1.252	0.893	HQ
MFD01721.bin.1.253	0.876	HQ
MFD01721.bin.1.254	0.902	HQ
MFD01721.bin.1.258	0.84	HQ
MFD01721.bin.1.259	0.899	HQ
MFD01721.bin.1.26	0.914	HQ
MFD01721.bin.1.262	0.915	HQ
MFD01721.bin.1.268	0.87	HQ
MFD01721.bin.1.271	0.893	HQ
MFD01721.bin.1.273	0.9	HQ
MFD01721.bin.1.274	0.906	HQ
MFD01721.bin.1.277	0.88	HQ
MFD01721.bin.1.283	0.88	HQ
MFD01721.bin.1.284	0.884	HQ
MFD01721.bin.1.29	0.859	HQ
MFD01721.bin.1.290	0.877	HQ
MFD01721.bin.1.295	0.863	HQ
MFD01721.bin.1.305	0.854	HQ
MFD01721.bin.1.308	0.905	HQ
MFD01721.bin.1.309	0.9	HQ
MFD01721.bin.1.310	0.879	HQ
MFD01721.bin.1.313	0.879	HQ
MFD01721.bin.1.315	0.892	HQ
MFD01721.bin.1.317	0.892	HQ
MFD01721.bin.1.322	0.903	HQ
MFD01721.bin.1.324	0.879	HQ
MFD01721.bin.1.326	0.87	HQ
MFD01721.bin.1.328	0.914	HQ
MFD01721.bin.1.331	0.859	HQ
MFD01721.bin.1.333	0.889	HQ
MFD01721.bin.1.336	0.901	HQ
MFD01721.bin.1.338	0.869	HQ
MFD01721.bin.1.343	0.856	HQ
MFD01721.bin.1.346	0.901	HQ
MFD01721.bin.1.348	0.883	HQ
MFD01721.bin.1.355	0.87	HQ
MFD01721.bin.1.359	0.891	HQ
MFD01721.bin.1.363	0.884	HQ
MFD01721.bin.1.365	0.867	HQ
MFD01721.bin.1.367	0.854	HQ
MFD01721.bin.1.368	0.904	HQ
MFD01721.bin.1.37	0.891	HQ
MFD01721.bin.1.374	0.906	HQ
MFD01721.bin.1.375	0.914	HQ
MFD01721.bin.1.379	0.882	HQ
MFD01721.bin.1.38	0.883	HQ
MFD01721.bin.1.380	0.856	HQ
MFD01721.bin.1.384	0.891	HQ
MFD01721.bin.1.4	0.902	HQ
MFD01721.bin.1.43	0.887	HQ
MFD01721.bin.1.46	0.857	HQ
MFD01721.bin.1.47	0.898	HQ
MFD01721.bin.1.50	0.793	HQ
MFD01721.bin.1.53	0.909	HQ
MFD01721.bin.1.56	0.892	HQ
MFD01721.bin.1.59	0.844	HQ
MFD01721.bin.1.62	0.876	HQ
MFD01721.bin.1.65	0.894	HQ
MFD01721.bin.1.66	0.916	HQ
MFD01721.bin.1.67	0.889	HQ
MFD01721.bin.1.68	0.913	HQ
MFD01721.bin.1.71	0.865	HQ
MFD01721.bin.1.72	0.902	HQ
MFD01721.bin.1.74	0.884	HQ
MFD01721.bin.1.77	0.907	HQ
MFD01721.bin.1.79	0.892	HQ
MFD01721.bin.1.80	0.894	HQ
MFD01721.bin.1.82	0.888	HQ
MFD01721.bin.1.83	0.897	HQ
MFD01721.bin.1.86	0.887	HQ
MFD01721.bin.1.87	0.893	HQ
MFD01721.bin.1.88	0.879	HQ
MFD01721.bin.1.94	0.896	HQ
MFD01721.bin.1.97	0.908	HQ
MFD01721.bin.1.99	0.91	HQ
MFD01721.bin.2.122	0.901	HQ
MFD01721.bin.2.183	0.871	HQ
MFD01721.bin.2.71	0.892	HQ
MFD01721.bin.2.72	0.871	HQ
MFD01721.bin.2.92	0.869	HQ
MFD01721.bin.3.318	0.896	HQ
MFD01828.bin.1.100	0.869	HQ
MFD01828.bin.1.115	0.866	HQ
MFD01828.bin.1.12	0.877	HQ
MFD01828.bin.1.14	0.838	HQ
MFD01828.bin.1.38	0.863	HQ
MFD01828.bin.1.43	0.878	HQ
MFD01828.bin.1.47	0.881	HQ
MFD01828.bin.1.64	0.878	HQ
MFD01828.bin.1.70	0.847	HQ
MFD01828.bin.1.81	0.882	HQ
MFD01828.bin.1.96	0.869	HQ
MFD01872.bin.1.10	0.909	HQ
MFD01872.bin.1.103	0.87	HQ
MFD01872.bin.1.105	0.864	HQ
MFD01872.bin.1.109	0.871	HQ
MFD01872.bin.1.11	0.909	HQ
MFD01872.bin.1.111	0.82	HQ
MFD01872.bin.1.112	0.886	HQ
MFD01872.bin.1.12	0.87	HQ
MFD01872.bin.1.132	0.878	HQ
MFD01872.bin.1.174	0.896	HQ
MFD01872.bin.1.18	0.877	HQ
MFD01872.bin.1.196	0.828	HQ
MFD01872.bin.1.198	0.902	HQ
MFD01872.bin.1.2	0.886	HQ
MFD01872.bin.1.203	0.902	HQ
MFD01872.bin.1.207	0.899	HQ
MFD01872.bin.1.210	0.838	HQ
MFD01872.bin.1.212	0.854	HQ
MFD01872.bin.1.215	0.911	HQ
MFD01872.bin.1.220	0.848	HQ
MFD01872.bin.1.223	0.882	HQ
MFD01872.bin.1.224	0.909	HQ
MFD01872.bin.1.230	0.878	HQ
MFD01872.bin.1.24	0.888	HQ
MFD01872.bin.1.255	0.872	HQ
MFD01872.bin.1.260	0.883	HQ
MFD01872.bin.1.270	0.878	HQ
MFD01872.bin.1.273	0.862	HQ
MFD01872.bin.1.276	0.899	HQ
MFD01872.bin.1.283	0.896	HQ
MFD01872.bin.1.291	0.884	HQ
MFD01872.bin.1.293	0.842	HQ
MFD01872.bin.1.311	0.902	HQ
MFD01872.bin.1.312	0.922	HQ
MFD01872.bin.1.315	0.855	HQ
MFD01872.bin.1.321	0.834	HQ
MFD01872.bin.1.327	0.934	HQ
MFD01872.bin.1.329	0.918	HQ
MFD01872.bin.1.352	0.907	HQ
MFD01872.bin.1.36	0.86	HQ
MFD01872.bin.1.361	0.85	HQ
MFD01872.bin.1.37	0.881	HQ
MFD01872.bin.1.40	0.872	HQ
MFD01872.bin.1.6	0.889	HQ
MFD01872.bin.1.63	0.885	HQ
MFD01872.bin.1.66	0.89	HQ
MFD01872.bin.1.72	0.886	HQ
MFD01872.bin.1.75	0.852	HQ
MFD01872.bin.1.83	0.884	HQ
MFD01872.bin.1.85	0.923	HQ
MFD01872.bin.1.96	0.872	HQ
MFD01872.bin.2.115	0.81	HQ
MFD01872.bin.2.12	0.893	HQ
MFD01872.bin.2.120	0.906	HQ
MFD01872.bin.2.154	0.814	HQ
MFD01872.bin.2.219	0.885	HQ
MFD01872.bin.3.168	0.912	HQ
MFD01916.bin.1.1	0.918	HQ
MFD01916.bin.1.10	0.856	HQ
MFD01916.bin.1.104	0.866	HQ
MFD01916.bin.1.142	0.821	HQ
MFD01916.bin.1.143	0.874	HQ
MFD01916.bin.1.150	0.91	HQ
MFD01916.bin.1.16	0.84	HQ
MFD01916.bin.1.17	0.906	HQ
MFD01916.bin.1.18	0.907	HQ
MFD01916.bin.1.28	0.916	HQ
MFD01916.bin.1.31	0.882	HQ
MFD01916.bin.1.57	0.889	HQ
MFD01916.bin.1.7	0.935	HQ
MFD01916.bin.1.71	0.883	HQ
MFD01916.bin.1.77	0.853	HQ
MFD01916.bin.1.82	0.924	HQ
MFD01916.bin.2.2	0.921	HQ
MFD01916.bin.3.179	0.916	HQ
MFD02134.bin.1.103	0.849	HQ
MFD02134.bin.1.117	0.875	HQ
MFD02134.bin.1.143	0.909	HQ
MFD02134.bin.1.147	0.916	HQ
MFD02134.bin.1.149	0.857	HQ
MFD02134.bin.1.156	0.838	HQ
MFD02134.bin.1.158	0.913	HQ
MFD02134.bin.1.160	0.895	HQ
MFD02134.bin.1.165	0.848	HQ
MFD02134.bin.1.166	0.897	HQ
MFD02134.bin.1.179	0.879	HQ
MFD02134.bin.1.198	0.908	HQ
MFD02134.bin.1.199	0.882	HQ
MFD02134.bin.1.209	0.908	HQ
MFD02134.bin.1.210	0.884	HQ
MFD02134.bin.1.216	0.918	HQ
MFD02134.bin.1.217	0.857	HQ
MFD02134.bin.1.225	0.901	HQ
MFD02134.bin.1.228	0.902	HQ
MFD02134.bin.1.239	0.912	HQ
MFD02134.bin.1.245	0.866	HQ
MFD02134.bin.1.261	0.873	HQ
MFD02134.bin.1.263	0.883	HQ
MFD02134.bin.1.264	0.868	HQ
MFD02134.bin.1.272	0.836	HQ
MFD02134.bin.1.280	0.91	HQ
MFD02134.bin.1.286	0.877	HQ
MFD02134.bin.1.37	0.883	HQ
MFD02134.bin.1.56	0.901	HQ
MFD02134.bin.1.61	0.921	HQ
MFD02134.bin.1.63	0.914	HQ
MFD02134.bin.1.91	0.833	HQ
MFD02134.bin.2.167	0.903	HQ
MFD02134.bin.2.242	0.883	HQ
MFD02134.bin.2.38	0.897	HQ
MFD02134.bin.2.43	0.833	HQ
MFD02134.bin.3.166	0.865	HQ
MFD02138.bin.1.15	0.86	HQ
MFD02138.bin.1.23	0.878	HQ
MFD02138.bin.1.26	0.855	HQ
MFD02138.bin.1.64	0.89	HQ
MFD02138.bin.1.87	0.89	HQ
MFD02138.bin.2.36	0.891	HQ
MFD02138.bin.2.6	0.9	HQ
MFD02159.bin.1.126	0.839	HQ
MFD02159.bin.1.2	0.864	HQ
MFD02159.bin.1.20	0.873	HQ
MFD02159.bin.1.34	0.829	HQ
MFD02159.bin.1.72	0.893	HQ
MFD02159.bin.1.78	0.814	HQ
MFD02159.bin.1.80	0.876	HQ
MFD02159.bin.1.81	0.841	HQ
MFD02159.bin.1.87	0.861	HQ
MFD02159.bin.1.95	0.839	HQ
MFD02159.bin.2.116	0.878	HQ
MFD02199.bin.1.123	0.866	HQ
MFD02199.bin.1.134	0.866	HQ
MFD02199.bin.1.2	0.888	HQ
MFD02199.bin.1.209	0.891	HQ
MFD02199.bin.1.40	0.879	HQ
MFD02199.bin.1.52	0.894	HQ
MFD02199.bin.1.54	0.911	HQ
MFD02199.bin.1.56	0.9	HQ
MFD02199.bin.1.6	0.896	HQ
MFD02199.bin.1.8	0.842	HQ
MFD02199.bin.2.51	0.901	HQ
MFD02199.bin.2.61	0.896	HQ
MFD02242.bin.1.1	0.919	HQ
MFD02242.bin.1.123	0.909	HQ
MFD02242.bin.1.124	0.87	HQ
MFD02242.bin.1.156	0.875	HQ
MFD02242.bin.1.17	0.815	HQ
MFD02242.bin.1.183	0.888	HQ
MFD02242.bin.1.209	0.918	HQ
MFD02242.bin.1.226	0.906	HQ
MFD02242.bin.1.229	0.888	HQ
MFD02242.bin.1.231	0.927	HQ
MFD02242.bin.1.235	0.886	HQ
MFD02242.bin.1.245	0.872	HQ
MFD02242.bin.1.262	0.866	HQ
MFD02242.bin.1.279	0.906	HQ
MFD02242.bin.1.295	0.893	HQ
MFD02242.bin.1.297	0.876	HQ
MFD02242.bin.1.310	0.917	HQ
MFD02242.bin.1.317	0.906	HQ
MFD02242.bin.1.318	0.895	HQ
MFD02242.bin.1.319	0.883	HQ
MFD02242.bin.1.32	0.917	HQ
MFD02242.bin.1.322	0.86	HQ
MFD02242.bin.1.331	0.897	HQ
MFD02242.bin.1.340	0.879	HQ
MFD02242.bin.1.342	0.889	HQ
MFD02242.bin.1.36	0.921	HQ
MFD02242.bin.1.362	0.897	HQ
MFD02242.bin.1.368	0.903	HQ
MFD02242.bin.1.57	0.855	HQ
MFD02242.bin.1.77	0.895	HQ
MFD02242.bin.1.84	0.885	HQ
MFD02242.bin.1.86	0.923	HQ
MFD02242.bin.2.101	0.871	HQ
MFD02242.bin.2.200	0.856	HQ
MFD02242.bin.3.224	0.838	HQ
MFD02248.bin.1.108	0.87	HQ
MFD02248.bin.1.112	0.876	HQ
MFD02248.bin.1.115	0.894	HQ
MFD02248.bin.1.117	0.86	HQ
MFD02248.bin.1.118	0.86	HQ
MFD02248.bin.1.12	0.865	HQ
MFD02248.bin.1.120	0.874	HQ
MFD02248.bin.1.121	0.891	HQ
MFD02248.bin.1.122	0.91	HQ
MFD02248.bin.1.125	0.865	HQ
MFD02248.bin.1.126	0.816	HQ
MFD02248.bin.1.134	0.895	HQ
MFD02248.bin.1.137	0.873	HQ
MFD02248.bin.1.138	0.884	HQ
MFD02248.bin.1.139	0.855	HQ
MFD02248.bin.1.141	0.871	HQ
MFD02248.bin.1.145	0.854	HQ
MFD02248.bin.1.147	0.856	HQ
MFD02248.bin.1.15	0.88	HQ
MFD02248.bin.1.150	0.885	HQ
MFD02248.bin.1.166	0.881	HQ
MFD02248.bin.1.176	0.869	HQ
MFD02248.bin.1.183	0.864	HQ
MFD02248.bin.1.185	0.895	HQ
MFD02248.bin.1.187	0.871	HQ
MFD02248.bin.1.193	0.878	HQ
MFD02248.bin.1.194	0.876	HQ
MFD02248.bin.1.195	0.852	HQ
MFD02248.bin.1.208	0.906	HQ
MFD02248.bin.1.211	0.846	HQ
MFD02248.bin.1.22	0.878	HQ
MFD02248.bin.1.24	0.867	HQ
MFD02248.bin.1.32	0.872	HQ
MFD02248.bin.1.37	0.862	HQ
MFD02248.bin.1.4	0.913	HQ
MFD02248.bin.1.43	0.887	HQ
MFD02248.bin.1.46	0.871	HQ
MFD02248.bin.1.47	0.883	HQ
MFD02248.bin.1.51	0.882	HQ
MFD02248.bin.1.53	0.845	HQ
MFD02248.bin.1.55	0.9	HQ
MFD02248.bin.1.56	0.857	HQ
MFD02248.bin.1.58	0.854	HQ
MFD02248.bin.1.59	0.882	HQ
MFD02248.bin.1.6	0.831	HQ
MFD02248.bin.1.60	0.906	HQ
MFD02248.bin.1.65	0.884	HQ
MFD02248.bin.1.69	0.866	HQ
MFD02248.bin.1.96	0.88	HQ
MFD02248.bin.2.132	0.861	HQ
MFD02248.bin.2.70	0.884	HQ
MFD02360.bin.1.121	0.901	HQ
MFD02360.bin.1.161	0.909	HQ
MFD02360.bin.1.179	0.895	HQ
MFD02360.bin.1.180	0.797	HQ
MFD02360.bin.1.202	0.923	HQ
MFD02360.bin.1.206	0.926	HQ
MFD02360.bin.1.21	0.901	HQ
MFD02360.bin.1.235	0.9	HQ
MFD02360.bin.1.259	0.854	HQ
MFD02360.bin.1.271	0.917	HQ
MFD02360.bin.1.3	0.93	HQ
MFD02360.bin.1.316	0.913	HQ
MFD02360.bin.1.334	0.924	HQ
MFD02360.bin.1.34	0.91	HQ
MFD02360.bin.1.39	0.909	HQ
MFD02360.bin.1.49	0.864	HQ
MFD02360.bin.1.60	0.912	HQ
MFD02360.bin.1.63	0.908	HQ
MFD02360.bin.1.92	0.907	HQ
MFD02360.bin.2.216	0.878	HQ
MFD02360.bin.2.91	0.915	HQ
MFD02360.bin.3.300	0.869	HQ
MFD02416.bin.1.10	0.848	HQ
MFD02416.bin.1.105	0.88	HQ
MFD02416.bin.1.108	0.89	HQ
MFD02416.bin.1.110	0.902	HQ
MFD02416.bin.1.114	0.91	HQ
MFD02416.bin.1.115	0.892	HQ
MFD02416.bin.1.116	0.912	HQ
MFD02416.bin.1.121	0.835	HQ
MFD02416.bin.1.123	0.883	HQ
MFD02416.bin.1.124	0.906	HQ
MFD02416.bin.1.126	0.85	HQ
MFD02416.bin.1.127	0.859	HQ
MFD02416.bin.1.129	0.908	HQ
MFD02416.bin.1.130	0.848	HQ
MFD02416.bin.1.132	0.899	HQ
MFD02416.bin.1.133	0.894	HQ
MFD02416.bin.1.135	0.864	HQ
MFD02416.bin.1.136	0.852	HQ
MFD02416.bin.1.138	0.879	HQ
MFD02416.bin.1.14	0.899	HQ
MFD02416.bin.1.144	0.844	HQ
MFD02416.bin.1.147	0.851	HQ
MFD02416.bin.1.149	0.863	HQ
MFD02416.bin.1.157	0.84	HQ
MFD02416.bin.1.163	0.891	HQ
MFD02416.bin.1.164	0.874	HQ
MFD02416.bin.1.17	0.889	HQ
MFD02416.bin.1.176	0.892	HQ
MFD02416.bin.1.18	0.862	HQ
MFD02416.bin.1.194	0.892	HQ
MFD02416.bin.1.208	0.898	HQ
MFD02416.bin.1.219	0.875	HQ
MFD02416.bin.1.241	0.888	HQ
MFD02416.bin.1.244	0.849	HQ
MFD02416.bin.1.258	0.911	HQ
MFD02416.bin.1.262	0.805	HQ
MFD02416.bin.1.267	0.844	HQ
MFD02416.bin.1.269	0.875	HQ
MFD02416.bin.1.270	0.84	HQ
MFD02416.bin.1.272	0.862	HQ
MFD02416.bin.1.274	0.881	HQ
MFD02416.bin.1.275	0.896	HQ
MFD02416.bin.1.276	0.888	HQ
MFD02416.bin.1.279	0.89	HQ
MFD02416.bin.1.28	0.883	HQ
MFD02416.bin.1.280	0.874	HQ
MFD02416.bin.1.281	0.899	HQ
MFD02416.bin.1.282	0.882	HQ
MFD02416.bin.1.284	0.914	HQ
MFD02416.bin.1.290	0.929	HQ
MFD02416.bin.1.291	0.891	HQ
MFD02416.bin.1.293	0.841	HQ
MFD02416.bin.1.295	0.893	HQ
MFD02416.bin.1.3	0.872	HQ
MFD02416.bin.1.30	0.882	HQ
MFD02416.bin.1.311	0.861	HQ
MFD02416.bin.1.313	0.878	HQ
MFD02416.bin.1.315	0.886	HQ
MFD02416.bin.1.317	0.87	HQ
MFD02416.bin.1.319	0.885	HQ
MFD02416.bin.1.321	0.868	HQ
MFD02416.bin.1.322	0.9	HQ
MFD02416.bin.1.324	0.867	HQ
MFD02416.bin.1.328	0.87	HQ
MFD02416.bin.1.329	0.901	HQ
MFD02416.bin.1.333	0.894	HQ
MFD02416.bin.1.334	0.921	HQ
MFD02416.bin.1.337	0.845	HQ
MFD02416.bin.1.343	0.811	HQ
MFD02416.bin.1.345	0.772	HQ
MFD02416.bin.1.346	0.888	HQ
MFD02416.bin.1.350	0.901	HQ
MFD02416.bin.1.351	0.9	HQ
MFD02416.bin.1.36	0.865	HQ
MFD02416.bin.1.360	0.911	HQ
MFD02416.bin.1.362	0.912	HQ
MFD02416.bin.1.365	0.891	HQ
MFD02416.bin.1.37	0.875	HQ
MFD02416.bin.1.373	0.888	HQ
MFD02416.bin.1.374	0.869	HQ
MFD02416.bin.1.379	0.858	HQ
MFD02416.bin.1.382	0.849	HQ
MFD02416.bin.1.390	0.849	HQ
MFD02416.bin.1.391	0.858	HQ
MFD02416.bin.1.395	0.882	HQ
MFD02416.bin.1.397	0.83	HQ
MFD02416.bin.1.398	0.894	HQ
MFD02416.bin.1.4	0.861	HQ
MFD02416.bin.1.403	0.85	HQ
MFD02416.bin.1.409	0.879	HQ
MFD02416.bin.1.410	0.864	HQ
MFD02416.bin.1.411	0.887	HQ
MFD02416.bin.1.414	0.871	HQ
MFD02416.bin.1.415	0.907	HQ
MFD02416.bin.1.417	0.864	HQ
MFD02416.bin.1.418	0.912	HQ
MFD02416.bin.1.42	0.868	HQ
MFD02416.bin.1.43	0.867	HQ
MFD02416.bin.1.44	0.879	HQ
MFD02416.bin.1.48	0.859	HQ
MFD02416.bin.1.50	0.897	HQ
MFD02416.bin.1.53	0.879	HQ
MFD02416.bin.1.57	0.866	HQ
MFD02416.bin.1.58	0.896	HQ
MFD02416.bin.1.61	0.877	HQ
MFD02416.bin.1.65	0.891	HQ
MFD02416.bin.1.66	0.858	HQ
MFD02416.bin.1.7	0.842	HQ
MFD02416.bin.1.74	0.885	HQ
MFD02416.bin.1.76	0.91	HQ
MFD02416.bin.1.77	0.881	HQ
MFD02416.bin.1.78	0.87	HQ
MFD02416.bin.1.81	0.892	HQ
MFD02416.bin.1.82	0.925	HQ
MFD02416.bin.1.83	0.87	HQ
MFD02416.bin.1.84	0.882	HQ
MFD02416.bin.1.89	0.904	HQ
MFD02416.bin.1.9	0.912	HQ
MFD02416.bin.1.93	0.823	HQ
MFD02416.bin.1.94	0.876	HQ
MFD02416.bin.1.95	0.884	HQ
MFD02416.bin.1.98	0.91	HQ
MFD02416.bin.2.141	0.845	HQ
MFD02416.bin.2.150	0.853	HQ
MFD02416.bin.2.172	0.885	HQ
MFD02416.bin.2.189	0.832	HQ
MFD02416.bin.2.190	0.852	HQ
MFD02416.bin.2.73	0.843	HQ
MFD02416.bin.3.134	0.845	HQ
MFD02416.bin.3.238	0.885	HQ
MFD02416.bin.3.269	0.815	HQ
MFD02472.bin.1.12	0.85	HQ
MFD02472.bin.1.18	0.902	HQ
MFD02472.bin.1.46	0.864	HQ
MFD02472.bin.1.50	0.876	HQ
MFD02579.bin.1.106	0.896	HQ
MFD02579.bin.1.11	0.861	HQ
MFD02579.bin.1.110	0.871	HQ
MFD02579.bin.1.114	0.847	HQ
MFD02579.bin.1.115	0.867	HQ
MFD02579.bin.1.116	0.889	HQ
MFD02579.bin.1.12	0.876	HQ
MFD02579.bin.1.14	0.864	HQ
MFD02579.bin.1.15	0.849	HQ
MFD02579.bin.1.16	0.854	HQ
MFD02579.bin.1.26	0.882	HQ
MFD02579.bin.1.29	0.87	HQ
MFD02579.bin.1.31	0.867	HQ
MFD02579.bin.1.39	0.854	HQ
MFD02579.bin.1.41	0.856	HQ
MFD02579.bin.1.50	0.857	HQ
MFD02579.bin.1.51	0.871	HQ
MFD02579.bin.1.52	0.809	HQ
MFD02579.bin.1.54	0.88	HQ
MFD02579.bin.1.63	0.871	HQ
MFD02579.bin.1.65	0.816	HQ
MFD02579.bin.1.71	0.87	HQ
MFD02579.bin.1.77	0.869	HQ
MFD02579.bin.2.2	0.841	HQ
MFD02581.bin.1.1	0.908	HQ
MFD02581.bin.1.10	0.922	HQ
MFD02581.bin.1.105	0.91	HQ
MFD02581.bin.1.106	0.904	HQ
MFD02581.bin.1.11	0.874	HQ
MFD02581.bin.1.116	0.908	HQ
MFD02581.bin.1.122	0.916	HQ
MFD02581.bin.1.138	0.931	HQ
MFD02581.bin.1.145	0.89	HQ
MFD02581.bin.1.149	0.941	HQ
MFD02581.bin.1.159	0.907	HQ
MFD02581.bin.1.162	0.918	HQ
MFD02581.bin.1.167	0.895	HQ
MFD02581.bin.1.168	0.897	HQ
MFD02581.bin.1.176	0.915	HQ
MFD02581.bin.1.182	0.914	HQ
MFD02581.bin.1.187	0.902	HQ
MFD02581.bin.1.188	0.926	HQ
MFD02581.bin.1.193	0.912	HQ
MFD02581.bin.1.196	0.91	HQ
MFD02581.bin.1.2	0.905	HQ
MFD02581.bin.1.20	0.884	HQ
MFD02581.bin.1.200	0.865	HQ
MFD02581.bin.1.203	0.888	HQ
MFD02581.bin.1.209	0.908	HQ
MFD02581.bin.1.211	0.913	HQ
MFD02581.bin.1.216	0.905	HQ
MFD02581.bin.1.222	0.907	HQ
MFD02581.bin.1.225	0.883	HQ
MFD02581.bin.1.230	0.928	HQ
MFD02581.bin.1.234	0.889	HQ
MFD02581.bin.1.237	0.903	HQ
MFD02581.bin.1.244	0.892	HQ
MFD02581.bin.1.259	0.857	HQ
MFD02581.bin.1.268	0.906	HQ
MFD02581.bin.1.270	0.916	HQ
MFD02581.bin.1.271	0.917	HQ
MFD02581.bin.1.277	0.914	HQ
MFD02581.bin.1.279	0.912	HQ
MFD02581.bin.1.282	0.908	HQ
MFD02581.bin.1.289	0.924	HQ
MFD02581.bin.1.29	0.896	HQ
MFD02581.bin.1.31	0.91	HQ
MFD02581.bin.1.32	0.913	HQ
MFD02581.bin.1.4	0.907	HQ
MFD02581.bin.1.41	0.898	HQ
MFD02581.bin.1.52	0.908	HQ
MFD02581.bin.1.56	0.902	HQ
MFD02581.bin.1.61	0.895	HQ
MFD02581.bin.1.63	0.902	HQ
MFD02581.bin.1.67	0.912	HQ
MFD02581.bin.1.69	0.914	HQ
MFD02581.bin.1.72	0.924	HQ
MFD02581.bin.1.75	0.905	HQ
MFD02581.bin.1.86	0.913	HQ
MFD02581.bin.2.150	0.87	HQ
MFD02581.bin.2.210	0.921	HQ
MFD02581.bin.2.25	0.93	HQ
MFD02581.bin.2.30	0.889	HQ
MFD02581.bin.2.47	0.89	HQ
MFD02581.bin.3.121	0.9	HQ
MFD02581.bin.3.38	0.897	HQ
MFD02581.bin.3.437	0.902	HQ
MFD02581.bin.3.448	0.906	HQ
MFD02581.bin.3.460	0.907	HQ
MFD02671.bin.1.117	0.871	HQ
MFD02671.bin.1.13	0.882	HQ
MFD02671.bin.1.139	0.857	HQ
MFD02671.bin.1.140	0.876	HQ
MFD02671.bin.1.18	0.894	HQ
MFD02671.bin.1.25	0.867	HQ
MFD02671.bin.1.30	0.895	HQ
MFD02671.bin.1.46	0.868	HQ
MFD02671.bin.1.56	0.851	HQ
MFD02671.bin.1.57	0.859	HQ
MFD02671.bin.1.59	0.89	HQ
MFD02671.bin.1.63	0.86	HQ
MFD02671.bin.1.70	0.87	HQ
MFD02671.bin.1.9	0.893	HQ
MFD02671.bin.1.97	0.919	HQ
MFD02671.bin.1.99	0.867	HQ
MFD02809.bin.1.101	0.852	HQ
MFD02809.bin.1.112	0.895	HQ
MFD02809.bin.1.145	0.862	HQ
MFD02809.bin.1.206	0.852	HQ
MFD02809.bin.1.217	0.935	HQ
MFD02809.bin.1.237	0.91	HQ
MFD02809.bin.1.263	0.896	HQ
MFD02809.bin.1.264	0.91	HQ
MFD02809.bin.1.277	0.868	HQ
MFD02809.bin.1.312	0.926	HQ
MFD02809.bin.1.313	0.819	HQ
MFD02809.bin.1.331	0.818	HQ
MFD02809.bin.1.359	0.905	HQ
MFD02809.bin.1.58	0.869	HQ
MFD02809.bin.1.75	0.864	HQ
MFD02809.bin.1.83	0.903	HQ
MFD02809.bin.2.53	0.852	HQ
MFD02832.bin.1.100	0.903	HQ
MFD02832.bin.1.105	0.846	HQ
MFD02832.bin.1.108	0.928	HQ
MFD02832.bin.1.115	0.914	HQ
MFD02832.bin.1.129	0.888	HQ
MFD02832.bin.1.134	0.911	HQ
MFD02832.bin.1.135	0.874	HQ
MFD02832.bin.1.142	0.907	HQ
MFD02832.bin.1.145	0.91	HQ
MFD02832.bin.1.149	0.888	HQ
MFD02832.bin.1.152	0.876	HQ
MFD02832.bin.1.154	0.937	HQ
MFD02832.bin.1.158	0.897	HQ
MFD02832.bin.1.159	0.886	HQ
MFD02832.bin.1.170	0.93	HQ
MFD02832.bin.1.173	0.916	HQ
MFD02832.bin.1.176	0.906	HQ
MFD02832.bin.1.177	0.914	HQ
MFD02832.bin.1.178	0.914	HQ
MFD02832.bin.1.179	0.917	HQ
MFD02832.bin.1.183	0.885	HQ
MFD02832.bin.1.184	0.873	HQ
MFD02832.bin.1.185	0.893	HQ
MFD02832.bin.1.191	0.886	HQ
MFD02832.bin.1.21	0.898	HQ
MFD02832.bin.1.22	0.848	HQ
MFD02832.bin.1.25	0.919	HQ
MFD02832.bin.1.27	0.913	HQ
MFD02832.bin.1.28	0.866	HQ
MFD02832.bin.1.3	0.872	HQ
MFD02832.bin.1.30	0.901	HQ
MFD02832.bin.1.31	0.88	HQ
MFD02832.bin.1.36	0.907	HQ
MFD02832.bin.1.37	0.912	HQ
MFD02832.bin.1.4	0.905	HQ
MFD02832.bin.1.42	0.871	HQ
MFD02832.bin.1.55	0.91	HQ
MFD02832.bin.1.63	0.865	HQ
MFD02832.bin.1.64	0.932	HQ
MFD02832.bin.1.68	0.867	HQ
MFD02832.bin.1.72	0.91	HQ
MFD02832.bin.1.77	0.911	HQ
MFD02832.bin.1.79	0.888	HQ
MFD02832.bin.1.88	0.911	HQ
MFD02832.bin.1.89	0.885	HQ
MFD02832.bin.1.9	0.925	HQ
MFD02832.bin.1.93	0.836	HQ
MFD02832.bin.1.96	0.876	HQ
MFD02832.bin.1.97	0.934	HQ
MFD02832.bin.2.132	0.901	HQ
MFD02832.bin.2.48	0.872	HQ
MFD02832.bin.3.66	0.913	HQ
MFD02840.bin.1.11	0.886	HQ
MFD02840.bin.1.123	0.888	HQ
MFD02840.bin.1.13	0.925	HQ
MFD02840.bin.1.134	0.892	HQ
MFD02840.bin.1.155	0.876	HQ
MFD02840.bin.1.159	0.902	HQ
MFD02840.bin.1.166	0.862	HQ
MFD02840.bin.1.179	0.913	HQ
MFD02840.bin.1.19	0.921	HQ
MFD02840.bin.1.192	0.861	HQ
MFD02840.bin.1.199	0.859	HQ
MFD02840.bin.1.2	0.908	HQ
MFD02840.bin.1.22	0.916	HQ
MFD02840.bin.1.220	0.908	HQ
MFD02840.bin.1.226	0.921	HQ
MFD02840.bin.1.228	0.902	HQ
MFD02840.bin.1.229	0.829	HQ
MFD02840.bin.1.230	0.901	HQ
MFD02840.bin.1.231	0.865	HQ
MFD02840.bin.1.233	0.872	HQ
MFD02840.bin.1.236	0.879	HQ
MFD02840.bin.1.238	0.917	HQ
MFD02840.bin.1.240	0.857	HQ
MFD02840.bin.1.241	0.904	HQ
MFD02840.bin.1.248	0.914	HQ
MFD02840.bin.1.249	0.822	HQ
MFD02840.bin.1.255	0.875	HQ
MFD02840.bin.1.258	0.893	HQ
MFD02840.bin.1.259	0.897	HQ
MFD02840.bin.1.26	0.903	HQ
MFD02840.bin.1.264	0.879	HQ
MFD02840.bin.1.267	0.904	HQ
MFD02840.bin.1.268	0.907	HQ
MFD02840.bin.1.278	0.895	HQ
MFD02840.bin.1.279	0.906	HQ
MFD02840.bin.1.283	0.855	HQ
MFD02840.bin.1.289	0.901	HQ
MFD02840.bin.1.295	0.876	HQ
MFD02840.bin.1.296	0.871	HQ
MFD02840.bin.1.3	0.884	HQ
MFD02840.bin.1.300	0.911	HQ
MFD02840.bin.1.302	0.903	HQ
MFD02840.bin.1.303	0.889	HQ
MFD02840.bin.1.307	0.845	HQ
MFD02840.bin.1.311	0.904	HQ
MFD02840.bin.1.317	0.876	HQ
MFD02840.bin.1.319	0.86	HQ
MFD02840.bin.1.32	0.865	HQ
MFD02840.bin.1.327	0.876	HQ
MFD02840.bin.1.33	0.897	HQ
MFD02840.bin.1.354	0.816	HQ
MFD02840.bin.1.357	0.844	HQ
MFD02840.bin.1.372	0.878	HQ
MFD02840.bin.1.376	0.907	HQ
MFD02840.bin.1.380	0.852	HQ
MFD02840.bin.1.387	0.91	HQ
MFD02840.bin.1.397	0.884	HQ
MFD02840.bin.1.400	0.917	HQ
MFD02840.bin.1.405	0.885	HQ
MFD02840.bin.1.406	0.892	HQ
MFD02840.bin.1.414	0.919	HQ
MFD02840.bin.1.418	0.91	HQ
MFD02840.bin.1.419	0.853	HQ
MFD02840.bin.1.420	0.835	HQ
MFD02840.bin.1.423	0.857	HQ
MFD02840.bin.1.46	0.884	HQ
MFD02840.bin.1.5	0.87	HQ
MFD02840.bin.1.57	0.902	HQ
MFD02840.bin.1.69	0.902	HQ
MFD02840.bin.1.7	0.881	HQ
MFD02840.bin.1.73	0.885	HQ
MFD02840.bin.1.77	0.867	HQ
MFD02840.bin.1.91	0.886	HQ
MFD02840.bin.1.97	0.856	HQ
MFD02840.bin.2.129	0.843	HQ
MFD02840.bin.2.141	0.879	HQ
MFD02840.bin.2.252	0.875	HQ
MFD02840.bin.2.274	0.876	HQ
MFD02840.bin.3.332	0.883	HQ
MFD02840.bin.3.481	0.892	HQ
MFD02840.bin.3.587	0.886	HQ
MFD02840.bin.3.7	0.89	HQ
MFD02923.bin.1.10	0.87	HQ
MFD02923.bin.1.116	0.897	HQ
MFD02923.bin.1.118	0.881	HQ
MFD02923.bin.1.123	0.853	HQ
MFD02923.bin.1.129	0.873	HQ
MFD02923.bin.1.131	0.881	HQ
MFD02923.bin.1.132	0.892	HQ
MFD02923.bin.1.133	0.863	HQ
MFD02923.bin.1.139	0.932	HQ
MFD02923.bin.1.142	0.9	HQ
MFD02923.bin.1.143	0.895	HQ
MFD02923.bin.1.144	0.878	HQ
MFD02923.bin.1.145	0.874	HQ
MFD02923.bin.1.148	0.849	HQ
MFD02923.bin.1.150	0.86	HQ
MFD02923.bin.1.151	0.882	HQ
MFD02923.bin.1.160	0.812	HQ
MFD02923.bin.1.166	0.881	HQ
MFD02923.bin.1.168	0.885	HQ
MFD02923.bin.1.27	0.891	HQ
MFD02923.bin.1.29	0.856	HQ
MFD02923.bin.1.35	0.898	HQ
MFD02923.bin.1.36	0.899	HQ
MFD02923.bin.1.41	0.862	HQ
MFD02923.bin.1.43	0.907	HQ
MFD02923.bin.1.44	0.915	HQ
MFD02923.bin.1.45	0.9	HQ
MFD02923.bin.1.48	0.826	HQ
MFD02923.bin.1.49	0.861	HQ
MFD02923.bin.1.74	0.873	HQ
MFD02923.bin.1.75	0.897	HQ
MFD02923.bin.1.83	0.849	HQ
MFD02923.bin.1.85	0.834	HQ
MFD02923.bin.1.9	0.875	HQ
MFD02923.bin.1.90	0.88	HQ
MFD02923.bin.1.91	0.884	HQ
MFD02923.bin.1.92	0.858	HQ
MFD02923.bin.1.97	0.874	HQ
MFD02923.bin.1.99	0.866	HQ
MFD02923.bin.2.9	0.889	HQ
MFD02979.bin.1.10	0.889	HQ
MFD02979.bin.1.11	0.854	HQ
MFD02979.bin.1.123	0.899	HQ
MFD02979.bin.1.133	0.902	HQ
MFD02979.bin.1.139	0.873	HQ
MFD02979.bin.1.14	0.894	HQ
MFD02979.bin.1.141	0.841	HQ
MFD02979.bin.1.144	0.881	HQ
MFD02979.bin.1.145	0.877	HQ
MFD02979.bin.1.148	0.832	HQ
MFD02979.bin.1.149	0.9	HQ
MFD02979.bin.1.152	0.891	HQ
MFD02979.bin.1.154	0.894	HQ
MFD02979.bin.1.169	0.884	HQ
MFD02979.bin.1.171	0.904	HQ
MFD02979.bin.1.195	0.873	HQ
MFD02979.bin.1.202	0.863	HQ
MFD02979.bin.1.204	0.882	HQ
MFD02979.bin.1.207	0.881	HQ
MFD02979.bin.1.211	0.863	HQ
MFD02979.bin.1.23	0.838	HQ
MFD02979.bin.1.237	0.868	HQ
MFD02979.bin.1.243	0.847	HQ
MFD02979.bin.1.39	0.911	HQ
MFD02979.bin.1.4	0.887	HQ
MFD02979.bin.1.41	0.916	HQ
MFD02979.bin.1.60	0.868	HQ
MFD02979.bin.1.62	0.915	HQ
MFD02979.bin.1.65	0.875	HQ
MFD02979.bin.1.67	0.914	HQ
MFD02979.bin.1.73	0.909	HQ
MFD02979.bin.1.76	0.893	HQ
MFD02979.bin.1.79	0.888	HQ
MFD02979.bin.1.8	0.888	HQ
MFD02979.bin.1.81	0.881	HQ
MFD02979.bin.1.82	0.911	HQ
MFD02979.bin.1.88	0.879	HQ
MFD02979.bin.1.94	0.881	HQ
MFD02979.bin.2.126	0.855	HQ
MFD02979.bin.2.51	0.875	HQ
MFD02979.bin.2.74	0.864	HQ
MFD02979.bin.2.87	0.834	HQ
MFD02979.bin.2.89	0.882	HQ
MFD02979.bin.2.93	0.847	HQ
MFD03044.bin.1.1	0.845	HQ
MFD03044.bin.1.101	0.848	HQ
MFD03044.bin.1.103	0.878	HQ
MFD03044.bin.1.106	0.851	HQ
MFD03044.bin.1.108	0.896	HQ
MFD03044.bin.1.109	0.872	HQ
MFD03044.bin.1.111	0.833	HQ
MFD03044.bin.1.118	0.884	HQ
MFD03044.bin.1.135	0.867	HQ
MFD03044.bin.1.139	0.797	HQ
MFD03044.bin.1.148	0.85	HQ
MFD03044.bin.1.149	0.879	HQ
MFD03044.bin.1.150	0.873	HQ
MFD03044.bin.1.155	0.88	HQ
MFD03044.bin.1.157	0.863	HQ
MFD03044.bin.1.163	0.87	HQ
MFD03044.bin.1.165	0.873	HQ
MFD03044.bin.1.2	0.886	HQ
MFD03044.bin.1.20	0.877	HQ
MFD03044.bin.1.21	0.858	HQ
MFD03044.bin.1.24	0.861	HQ
MFD03044.bin.1.30	0.901	HQ
MFD03044.bin.1.43	0.847	HQ
MFD03044.bin.1.45	0.851	HQ
MFD03044.bin.1.46	0.883	HQ
MFD03044.bin.1.47	0.86	HQ
MFD03044.bin.1.49	0.855	HQ
MFD03044.bin.1.55	0.867	HQ
MFD03044.bin.1.56	0.858	HQ
MFD03044.bin.1.57	0.872	HQ
MFD03044.bin.1.7	0.858	HQ
MFD03044.bin.1.95	0.868	HQ
MFD03044.bin.2.104	0.867	HQ
MFD03044.bin.2.51	0.835	HQ
MFD03044.bin.2.66	0.839	HQ
MFD03044.bin.2.89	0.874	HQ
MFD03066.bin.1.130	0.902	HQ
MFD03066.bin.1.176	0.853	HQ
MFD03066.bin.1.18	0.915	HQ
MFD03066.bin.1.201	0.854	HQ
MFD03066.bin.1.215	0.869	HQ
MFD03066.bin.1.230	0.856	HQ
MFD03066.bin.1.24	0.844	HQ
MFD03066.bin.1.255	0.861	HQ
MFD03066.bin.1.35	0.847	HQ
MFD03066.bin.1.45	0.884	HQ
MFD03066.bin.1.51	0.902	HQ
MFD03066.bin.1.56	0.86	HQ
MFD03066.bin.1.8	0.862	HQ
MFD03066.bin.1.83	0.83	HQ
MFD03066.bin.3.192	0.882	HQ
MFD03250.bin.1.1	0.894	HQ
MFD03250.bin.1.10	0.916	HQ
MFD03250.bin.1.107	0.879	HQ
MFD03250.bin.1.109	0.893	HQ
MFD03250.bin.1.112	0.901	HQ
MFD03250.bin.1.113	0.902	HQ
MFD03250.bin.1.114	0.787	HQ
MFD03250.bin.1.115	0.793	HQ
MFD03250.bin.1.116	0.88	HQ
MFD03250.bin.1.117	0.87	HQ
MFD03250.bin.1.118	0.879	HQ
MFD03250.bin.1.119	0.891	HQ
MFD03250.bin.1.121	0.836	HQ
MFD03250.bin.1.122	0.89	HQ
MFD03250.bin.1.123	0.904	HQ
MFD03250.bin.1.125	0.902	HQ
MFD03250.bin.1.126	0.859	HQ
MFD03250.bin.1.129	0.884	HQ
MFD03250.bin.1.13	0.899	HQ
MFD03250.bin.1.130	0.881	HQ
MFD03250.bin.1.131	0.873	HQ
MFD03250.bin.1.133	0.904	HQ
MFD03250.bin.1.134	0.899	HQ
MFD03250.bin.1.135	0.921	HQ
MFD03250.bin.1.141	0.873	HQ
MFD03250.bin.1.142	0.916	HQ
MFD03250.bin.1.143	0.879	HQ
MFD03250.bin.1.144	0.834	HQ
MFD03250.bin.1.145	0.843	HQ
MFD03250.bin.1.149	0.887	HQ
MFD03250.bin.1.151	0.882	HQ
MFD03250.bin.1.152	0.904	HQ
MFD03250.bin.1.16	0.889	HQ
MFD03250.bin.1.160	0.883	HQ
MFD03250.bin.1.161	0.853	HQ
MFD03250.bin.1.162	0.855	HQ
MFD03250.bin.1.163	0.86	HQ
MFD03250.bin.1.164	0.907	HQ
MFD03250.bin.1.165	0.874	HQ
MFD03250.bin.1.167	0.905	HQ
MFD03250.bin.1.168	0.915	HQ
MFD03250.bin.1.169	0.904	HQ
MFD03250.bin.1.17	0.853	HQ
MFD03250.bin.1.170	0.865	HQ
MFD03250.bin.1.175	0.856	HQ
MFD03250.bin.1.178	0.901	HQ
MFD03250.bin.1.182	0.911	HQ
MFD03250.bin.1.183	0.876	HQ
MFD03250.bin.1.184	0.896	HQ
MFD03250.bin.1.187	0.914	HQ
MFD03250.bin.1.188	0.884	HQ
MFD03250.bin.1.19	0.854	HQ
MFD03250.bin.1.191	0.89	HQ
MFD03250.bin.1.193	0.865	HQ
MFD03250.bin.1.194	0.89	HQ
MFD03250.bin.1.197	0.895	HQ
MFD03250.bin.1.200	0.906	HQ
MFD03250.bin.1.23	0.91	HQ
MFD03250.bin.1.24	0.892	HQ
MFD03250.bin.1.25	0.888	HQ
MFD03250.bin.1.26	0.895	HQ
MFD03250.bin.1.32	0.902	HQ
MFD03250.bin.1.36	0.91	HQ
MFD03250.bin.1.38	0.904	HQ
MFD03250.bin.1.39	0.903	HQ
MFD03250.bin.1.42	0.932	HQ
MFD03250.bin.1.43	0.908	HQ
MFD03250.bin.1.45	0.877	HQ
MFD03250.bin.1.46	0.889	HQ
MFD03250.bin.1.47	0.889	HQ
MFD03250.bin.1.48	0.889	HQ
MFD03250.bin.1.51	0.906	HQ
MFD03250.bin.1.52	0.857	HQ
MFD03250.bin.1.53	0.887	HQ
MFD03250.bin.1.55	0.887	HQ
MFD03250.bin.1.57	0.914	HQ
MFD03250.bin.1.59	0.892	HQ
MFD03250.bin.1.6	0.866	HQ
MFD03250.bin.1.61	0.895	HQ
MFD03250.bin.1.64	0.827	HQ
MFD03250.bin.1.66	0.876	HQ
MFD03250.bin.1.67	0.853	HQ
MFD03250.bin.1.69	0.884	HQ
MFD03250.bin.1.70	0.866	HQ
MFD03250.bin.1.74	0.907	HQ
MFD03250.bin.1.86	0.883	HQ
MFD03250.bin.1.9	0.914	HQ
MFD03250.bin.1.95	0.903	HQ
MFD03250.bin.2.77	0.846	HQ
MFD03250.bin.2.95	0.906	HQ
MFD03250.bin.3.145	0.905	HQ
MFD03323.bin.1.10	0.848	HQ
MFD03323.bin.1.108	0.87	HQ
MFD03323.bin.1.124	0.834	HQ
MFD03323.bin.1.136	0.859	HQ
MFD03323.bin.1.140	0.859	HQ
MFD03323.bin.1.143	0.887	HQ
MFD03323.bin.1.18	0.858	HQ
MFD03323.bin.1.56	0.899	HQ
MFD03323.bin.1.82	0.886	HQ
MFD03323.bin.1.98	0.822	HQ
MFD03323.bin.2.33	0.881	HQ
MFD03323.bin.2.59	0.859	HQ
MFD03346.bin.1.1	0.858	HQ
MFD03346.bin.1.10	0.91	HQ
MFD03346.bin.1.121	0.86	HQ
MFD03346.bin.1.125	0.862	HQ
MFD03346.bin.1.129	0.873	HQ
MFD03346.bin.1.13	0.849	HQ
MFD03346.bin.1.134	0.879	HQ
MFD03346.bin.1.136	0.865	HQ
MFD03346.bin.1.139	0.842	HQ
MFD03346.bin.1.142	0.85	HQ
MFD03346.bin.1.144	0.861	HQ
MFD03346.bin.1.148	0.853	HQ
MFD03346.bin.1.149	0.861	HQ
MFD03346.bin.1.30	0.819	HQ
MFD03346.bin.1.39	0.882	HQ
MFD03346.bin.1.44	0.868	HQ
MFD03346.bin.1.46	0.853	HQ
MFD03346.bin.1.51	0.877	HQ
MFD03346.bin.1.6	0.864	HQ
MFD03346.bin.1.66	0.865	HQ
MFD03346.bin.1.71	0.852	HQ
MFD03346.bin.1.72	0.84	HQ
MFD03346.bin.1.73	0.84	HQ
MFD03346.bin.1.74	0.866	HQ
MFD03346.bin.1.77	0.871	HQ
MFD03346.bin.1.85	0.855	HQ
MFD03346.bin.1.9	0.886	HQ
MFD03346.bin.1.90	0.867	HQ
MFD03346.bin.1.92	0.848	HQ
MFD03346.bin.1.96	0.875	HQ
MFD03346.bin.2.106	0.84	HQ
MFD03346.bin.2.46	0.843	HQ
MFD03346.bin.2.88	0.824	HQ
MFD03346.bin.2.99	0.864	HQ
MFD03399.bin.1.108	0.881	HQ
MFD03399.bin.1.110	0.892	HQ
MFD03399.bin.1.12	0.874	HQ
MFD03399.bin.1.125	0.797	HQ
MFD03399.bin.1.129	0.866	HQ
MFD03399.bin.1.130	0.873	HQ
MFD03399.bin.1.132	0.868	HQ
MFD03399.bin.1.133	0.883	HQ
MFD03399.bin.1.134	0.865	HQ
MFD03399.bin.1.137	0.905	HQ
MFD03399.bin.1.157	0.871	HQ
MFD03399.bin.1.164	0.85	HQ
MFD03399.bin.1.170	0.899	HQ
MFD03399.bin.1.177	0.874	HQ
MFD03399.bin.1.20	0.873	HQ
MFD03399.bin.1.21	0.857	HQ
MFD03399.bin.1.26	0.887	HQ
MFD03399.bin.1.28	0.89	HQ
MFD03399.bin.1.3	0.884	HQ
MFD03399.bin.1.31	0.859	HQ
MFD03399.bin.1.33	0.885	HQ
MFD03399.bin.1.35	0.875	HQ
MFD03399.bin.1.4	0.887	HQ
MFD03399.bin.1.45	0.863	HQ
MFD03399.bin.1.51	0.863	HQ
MFD03399.bin.1.53	0.919	HQ
MFD03399.bin.1.54	0.914	HQ
MFD03399.bin.1.55	0.888	HQ
MFD03399.bin.1.6	0.908	HQ
MFD03399.bin.1.67	0.858	HQ
MFD03399.bin.1.71	0.893	HQ
MFD03399.bin.1.73	0.886	HQ
MFD03399.bin.1.83	0.901	HQ
MFD03399.bin.1.9	0.882	HQ
MFD03399.bin.1.95	0.892	HQ
MFD03399.bin.1.96	0.918	HQ
MFD03399.bin.2.118	0.872	HQ
MFD03399.bin.2.54	0.89	HQ
MFD03551.bin.1.10	0.817	HQ
MFD03551.bin.1.105	0.909	HQ
MFD03551.bin.1.110	0.837	HQ
MFD03551.bin.1.13	0.898	HQ
MFD03551.bin.1.130	0.881	HQ
MFD03551.bin.1.131	0.917	HQ
MFD03551.bin.1.137	0.913	HQ
MFD03551.bin.1.140	0.86	HQ
MFD03551.bin.1.144	0.874	HQ
MFD03551.bin.1.145	0.886	HQ
MFD03551.bin.1.147	0.878	HQ
MFD03551.bin.1.153	0.898	HQ
MFD03551.bin.1.155	0.913	HQ
MFD03551.bin.1.156	0.9	HQ
MFD03551.bin.1.158	0.887	HQ
MFD03551.bin.1.18	0.909	HQ
MFD03551.bin.1.37	0.86	HQ
MFD03551.bin.1.48	0.901	HQ
MFD03551.bin.1.5	0.899	HQ
MFD03551.bin.1.73	0.867	HQ
MFD03551.bin.1.74	0.891	HQ
MFD03551.bin.1.83	0.906	HQ
MFD03551.bin.2.20	0.858	HQ
MFD03551.bin.2.28	0.869	HQ
MFD03551.bin.2.49	0.886	HQ
MFD03551.bin.2.61	0.873	HQ
MFD03551.bin.2.90	0.832	HQ
MFD03602.bin.1.61	0.923	HQ
MFD03602.bin.1.67	0.921	HQ
MFD03602.bin.1.72	0.893	HQ
MFD03726.bin.1.10	0.853	HQ
MFD03726.bin.1.113	0.894	HQ
MFD03726.bin.1.123	0.861	HQ
MFD03726.bin.1.124	0.871	HQ
MFD03726.bin.1.125	0.814	HQ
MFD03726.bin.1.127	0.86	HQ
MFD03726.bin.1.13	0.886	HQ
MFD03726.bin.1.133	0.908	HQ
MFD03726.bin.1.138	0.881	HQ
MFD03726.bin.1.14	0.814	HQ
MFD03726.bin.1.148	0.89	HQ
MFD03726.bin.1.149	0.855	HQ
MFD03726.bin.1.150	0.843	HQ
MFD03726.bin.1.151	0.861	HQ
MFD03726.bin.1.17	0.911	HQ
MFD03726.bin.1.170	0.791	HQ
MFD03726.bin.1.177	0.831	HQ
MFD03726.bin.1.19	0.854	HQ
MFD03726.bin.1.194	0.845	HQ
MFD03726.bin.1.195	0.923	HQ
MFD03726.bin.1.201	0.889	HQ
MFD03726.bin.1.203	0.836	HQ
MFD03726.bin.1.208	0.854	HQ
MFD03726.bin.1.212	0.822	HQ
MFD03726.bin.1.218	0.868	HQ
MFD03726.bin.1.222	0.9	HQ
MFD03726.bin.1.226	0.85	HQ
MFD03726.bin.1.229	0.85	HQ
MFD03726.bin.1.230	0.874	HQ
MFD03726.bin.1.241	0.835	HQ
MFD03726.bin.1.243	0.878	HQ
MFD03726.bin.1.27	0.851	HQ
MFD03726.bin.1.29	0.897	HQ
MFD03726.bin.1.3	0.9	HQ
MFD03726.bin.1.47	0.892	HQ
MFD03726.bin.1.49	0.911	HQ
MFD03726.bin.1.50	0.857	HQ
MFD03726.bin.1.54	0.861	HQ
MFD03726.bin.1.57	0.834	HQ
MFD03726.bin.1.6	0.874	HQ
MFD03726.bin.1.60	0.887	HQ
MFD03726.bin.1.62	0.826	HQ
MFD03726.bin.1.63	0.872	HQ
MFD03726.bin.1.65	0.905	HQ
MFD03726.bin.1.68	0.835	HQ
MFD03726.bin.1.73	0.903	HQ
MFD03726.bin.1.74	0.855	HQ
MFD03726.bin.1.76	0.902	HQ
MFD03726.bin.1.80	0.854	HQ
MFD03726.bin.2.26	0.855	HQ
MFD03726.bin.2.46	0.837	HQ
MFD03726.bin.2.9	0.861	HQ
MFD03804.bin.1.100	0.857	HQ
MFD03804.bin.1.101	0.827	HQ
MFD03804.bin.1.111	0.829	HQ
MFD03804.bin.1.12	0.884	HQ
MFD03804.bin.1.13	0.893	HQ
MFD03804.bin.1.132	0.871	HQ
MFD03804.bin.1.151	0.921	HQ
MFD03804.bin.1.157	0.854	HQ
MFD03804.bin.1.160	0.913	HQ
MFD03804.bin.1.162	0.899	HQ
MFD03804.bin.1.164	0.909	HQ
MFD03804.bin.1.166	0.89	HQ
MFD03804.bin.1.167	0.886	HQ
MFD03804.bin.1.168	0.905	HQ
MFD03804.bin.1.169	0.911	HQ
MFD03804.bin.1.170	0.848	HQ
MFD03804.bin.1.183	0.87	HQ
MFD03804.bin.1.185	0.876	HQ
MFD03804.bin.1.187	0.912	HQ
MFD03804.bin.1.189	0.907	HQ
MFD03804.bin.1.194	0.871	HQ
MFD03804.bin.1.198	0.896	HQ
MFD03804.bin.1.2	0.837	HQ
MFD03804.bin.1.203	0.913	HQ
MFD03804.bin.1.207	0.871	HQ
MFD03804.bin.1.209	0.83	HQ
MFD03804.bin.1.21	0.931	HQ
MFD03804.bin.1.213	0.872	HQ
MFD03804.bin.1.224	0.883	HQ
MFD03804.bin.1.229	0.914	HQ
MFD03804.bin.1.231	0.916	HQ
MFD03804.bin.1.232	0.877	HQ
MFD03804.bin.1.235	0.872	HQ
MFD03804.bin.1.238	0.821	HQ
MFD03804.bin.1.24	0.899	HQ
MFD03804.bin.1.241	0.897	HQ
MFD03804.bin.1.249	0.861	HQ
MFD03804.bin.1.251	0.889	HQ
MFD03804.bin.1.257	0.84	HQ
MFD03804.bin.1.262	0.874	HQ
MFD03804.bin.1.265	0.88	HQ
MFD03804.bin.1.269	0.893	HQ
MFD03804.bin.1.273	0.921	HQ
MFD03804.bin.1.279	0.864	HQ
MFD03804.bin.1.32	0.906	HQ
MFD03804.bin.1.34	0.901	HQ
MFD03804.bin.1.36	0.885	HQ
MFD03804.bin.1.37	0.85	HQ
MFD03804.bin.1.39	0.906	HQ
MFD03804.bin.1.4	0.849	HQ
MFD03804.bin.1.42	0.835	HQ
MFD03804.bin.1.44	0.903	HQ
MFD03804.bin.1.47	0.861	HQ
MFD03804.bin.1.5	0.897	HQ
MFD03804.bin.1.53	0.883	HQ
MFD03804.bin.1.56	0.922	HQ
MFD03804.bin.1.6	0.915	HQ
MFD03804.bin.1.60	0.931	HQ
MFD03804.bin.1.66	0.893	HQ
MFD03804.bin.1.67	0.878	HQ
MFD03804.bin.1.68	0.865	HQ
MFD03804.bin.1.74	0.886	HQ
MFD03804.bin.1.76	0.911	HQ
MFD03804.bin.1.79	0.907	HQ
MFD03804.bin.1.8	0.872	HQ
MFD03804.bin.1.81	0.86	HQ
MFD03804.bin.1.84	0.822	HQ
MFD03804.bin.1.88	0.842	HQ
MFD03804.bin.1.93	0.852	HQ
MFD03804.bin.1.96	0.866	HQ
MFD03804.bin.2.106	0.857	HQ
MFD03804.bin.2.135	0.879	HQ
MFD03804.bin.2.142	0.834	HQ
MFD03804.bin.2.57	0.857	HQ
MFD03804.bin.3.132	0.877	HQ
MFD03899.bin.1.111	0.858	HQ
MFD03899.bin.1.130	0.853	HQ
MFD03899.bin.1.137	0.848	HQ
MFD03899.bin.1.178	0.859	HQ
MFD03899.bin.1.184	0.87	HQ
MFD03899.bin.1.187	0.891	HQ
MFD03899.bin.1.231	0.854	HQ
MFD03899.bin.1.233	0.858	HQ
MFD03899.bin.1.28	0.905	HQ
MFD03899.bin.1.41	0.912	HQ
MFD03899.bin.1.52	0.881	HQ
MFD03899.bin.3.121	0.837	HQ
MFD03899.bin.3.229	0.892	HQ
MFD03975.bin.1.103	0.918	HQ
MFD03975.bin.1.150	0.867	HQ
MFD03975.bin.1.151	0.893	HQ
MFD03975.bin.1.166	0.923	HQ
MFD03975.bin.1.169	0.873	HQ
MFD03975.bin.1.215	0.829	HQ
MFD03975.bin.1.217	0.824	HQ
MFD03975.bin.1.240	0.874	HQ
MFD03975.bin.1.244	0.892	HQ
MFD03975.bin.1.276	0.874	HQ
MFD03975.bin.1.282	0.883	HQ
MFD03975.bin.1.3	0.874	HQ
MFD03975.bin.1.33	0.867	HQ
MFD03975.bin.1.47	0.88	HQ
MFD03975.bin.1.62	0.882	HQ
MFD03975.bin.1.9	0.897	HQ
MFD03975.bin.2.71	0.86	HQ
MFD04212.bin.1.1	0.918	HQ
MFD04212.bin.1.10	0.922	HQ
MFD04212.bin.1.11	0.903	HQ
MFD04212.bin.1.130	0.916	HQ
MFD04212.bin.1.138	0.88	HQ
MFD04212.bin.1.152	0.915	HQ
MFD04212.bin.1.158	0.926	HQ
MFD04212.bin.1.16	0.895	HQ
MFD04212.bin.1.161	0.908	HQ
MFD04212.bin.1.165	0.873	HQ
MFD04212.bin.1.169	0.933	HQ
MFD04212.bin.1.17	0.881	HQ
MFD04212.bin.1.177	0.901	HQ
MFD04212.bin.1.179	0.915	HQ
MFD04212.bin.1.180	0.916	HQ
MFD04212.bin.1.184	0.916	HQ
MFD04212.bin.1.186	0.906	HQ
MFD04212.bin.1.19	0.915	HQ
MFD04212.bin.1.190	0.88	HQ
MFD04212.bin.1.193	0.893	HQ
MFD04212.bin.1.198	0.916	HQ
MFD04212.bin.1.200	0.871	HQ
MFD04212.bin.1.205	0.873	HQ
MFD04212.bin.1.206	0.905	HQ
MFD04212.bin.1.208	0.908	HQ
MFD04212.bin.1.21	0.917	HQ
MFD04212.bin.1.211	0.869	HQ
MFD04212.bin.1.214	0.891	HQ
MFD04212.bin.1.232	0.917	HQ
MFD04212.bin.1.234	0.911	HQ
MFD04212.bin.1.237	0.902	HQ
MFD04212.bin.1.24	0.925	HQ
MFD04212.bin.1.25	0.918	HQ
MFD04212.bin.1.269	0.925	HQ
MFD04212.bin.1.289	0.928	HQ
MFD04212.bin.1.291	0.875	HQ
MFD04212.bin.1.292	0.895	HQ
MFD04212.bin.1.294	0.861	HQ
MFD04212.bin.1.298	0.911	HQ
MFD04212.bin.1.3	0.913	HQ
MFD04212.bin.1.303	0.906	HQ
MFD04212.bin.1.309	0.916	HQ
MFD04212.bin.1.315	0.885	HQ
MFD04212.bin.1.32	0.92	HQ
MFD04212.bin.1.320	0.895	HQ
MFD04212.bin.1.326	0.864	HQ
MFD04212.bin.1.40	0.908	HQ
MFD04212.bin.1.42	0.881	HQ
MFD04212.bin.1.43	0.917	HQ
MFD04212.bin.1.44	0.91	HQ
MFD04212.bin.1.45	0.914	HQ
MFD04212.bin.1.56	0.907	HQ
MFD04212.bin.1.59	0.908	HQ
MFD04212.bin.1.65	0.905	HQ
MFD04212.bin.1.66	0.897	HQ
MFD04212.bin.1.67	0.902	HQ
MFD04212.bin.1.71	0.922	HQ
MFD04212.bin.1.72	0.906	HQ
MFD04212.bin.1.81	0.914	HQ
MFD04212.bin.1.86	0.883	HQ
MFD04212.bin.1.89	0.868	HQ
MFD04212.bin.1.9	0.912	HQ
MFD04212.bin.1.94	0.906	HQ
MFD04212.bin.2.100	0.896	HQ
MFD04212.bin.2.233	0.913	HQ
MFD04212.bin.3.167	0.906	HQ
MFD04408.bin.1.1	0.871	HQ
MFD04408.bin.1.100	0.91	HQ
MFD04408.bin.1.126	0.844	HQ
MFD04408.bin.1.13	0.884	HQ
MFD04408.bin.1.133	0.88	HQ
MFD04408.bin.1.134	0.836	HQ
MFD04408.bin.1.14	0.912	HQ
MFD04408.bin.1.141	0.851	HQ
MFD04408.bin.1.159	0.883	HQ
MFD04408.bin.1.165	0.885	HQ
MFD04408.bin.1.172	0.88	HQ
MFD04408.bin.1.174	0.858	HQ
MFD04408.bin.1.18	0.898	HQ
MFD04408.bin.1.182	0.888	HQ
MFD04408.bin.1.221	0.863	HQ
MFD04408.bin.1.29	0.904	HQ
MFD04408.bin.1.36	0.882	HQ
MFD04408.bin.1.44	0.869	HQ
MFD04408.bin.1.52	0.903	HQ
MFD04408.bin.1.55	0.841	HQ
MFD04408.bin.1.58	0.879	HQ
MFD04408.bin.1.61	0.918	HQ
MFD04408.bin.1.9	0.879	HQ
MFD04408.bin.1.96	0.909	HQ
MFD04428.bin.1.10	0.904	HQ
MFD04428.bin.1.101	0.909	HQ
MFD04428.bin.1.112	0.843	HQ
MFD04428.bin.1.147	0.88	HQ
MFD04428.bin.1.152	0.868	HQ
MFD04428.bin.1.167	0.925	HQ
MFD04428.bin.1.17	0.87	HQ
MFD04428.bin.1.177	0.871	HQ
MFD04428.bin.1.181	0.858	HQ
MFD04428.bin.1.20	0.86	HQ
MFD04428.bin.1.4	0.939	HQ
MFD04428.bin.1.55	0.917	HQ
MFD04428.bin.1.58	0.883	HQ
MFD04428.bin.1.66	0.873	HQ
MFD04428.bin.1.71	0.857	HQ
MFD04428.bin.1.72	0.806	HQ
MFD04428.bin.1.96	0.866	HQ
MFD04428.bin.2.2	0.867	HQ
MFD04428.bin.2.43	0.89	HQ
MFD04434.bin.1.109	0.893	HQ
MFD04434.bin.1.11	0.919	HQ
MFD04434.bin.1.116	0.844	HQ
MFD04434.bin.1.117	0.892	HQ
MFD04434.bin.1.119	0.902	HQ
MFD04434.bin.1.123	0.879	HQ
MFD04434.bin.1.124	0.89	HQ
MFD04434.bin.1.125	0.905	HQ
MFD04434.bin.1.131	0.872	HQ
MFD04434.bin.1.136	0.906	HQ
MFD04434.bin.1.140	0.899	HQ
MFD04434.bin.1.145	0.875	HQ
MFD04434.bin.1.151	0.883	HQ
MFD04434.bin.1.159	0.942	HQ
MFD04434.bin.1.16	0.863	HQ
MFD04434.bin.1.169	0.909	HQ
MFD04434.bin.1.17	0.864	HQ
MFD04434.bin.1.171	0.871	HQ
MFD04434.bin.1.18	0.877	HQ
MFD04434.bin.1.184	0.87	HQ
MFD04434.bin.1.190	0.865	HQ
MFD04434.bin.1.31	0.916	HQ
MFD04434.bin.1.33	0.88	HQ
MFD04434.bin.1.35	0.877	HQ
MFD04434.bin.1.36	0.85	HQ
MFD04434.bin.1.37	0.869	HQ
MFD04434.bin.1.39	0.859	HQ
MFD04434.bin.1.41	0.892	HQ
MFD04434.bin.1.44	0.868	HQ
MFD04434.bin.1.46	0.896	HQ
MFD04434.bin.1.49	0.885	HQ
MFD04434.bin.1.50	0.891	HQ
MFD04434.bin.1.60	0.909	HQ
MFD04434.bin.1.61	0.868	HQ
MFD04434.bin.1.78	0.903	HQ
MFD04434.bin.1.80	0.894	HQ
MFD04434.bin.2.133	0.808	HQ
MFD04434.bin.3.232	0.883	HQ
MFD04463.bin.1.10	0.879	HQ
MFD04463.bin.1.103	0.878	HQ
MFD04463.bin.1.106	0.892	HQ
MFD04463.bin.1.108	0.802	HQ
MFD04463.bin.1.121	0.875	HQ
MFD04463.bin.1.126	0.844	HQ
MFD04463.bin.1.133	0.885	HQ
MFD04463.bin.1.137	0.887	HQ
MFD04463.bin.1.138	0.883	HQ
MFD04463.bin.1.14	0.899	HQ
MFD04463.bin.1.146	0.88	HQ
MFD04463.bin.1.148	0.878	HQ
MFD04463.bin.1.15	0.879	HQ
MFD04463.bin.1.172	0.867	HQ
MFD04463.bin.1.19	0.882	HQ
MFD04463.bin.1.193	0.908	HQ
MFD04463.bin.1.197	0.862	HQ
MFD04463.bin.1.204	0.882	HQ
MFD04463.bin.1.206	0.845	HQ
MFD04463.bin.1.207	0.878	HQ
MFD04463.bin.1.211	0.895	HQ
MFD04463.bin.1.212	0.884	HQ
MFD04463.bin.1.216	0.876	HQ
MFD04463.bin.1.219	0.886	HQ
MFD04463.bin.1.221	0.879	HQ
MFD04463.bin.1.222	0.825	HQ
MFD04463.bin.1.226	0.904	HQ
MFD04463.bin.1.241	0.881	HQ
MFD04463.bin.1.248	0.856	HQ
MFD04463.bin.1.253	0.857	HQ
MFD04463.bin.1.255	0.868	HQ
MFD04463.bin.1.256	0.883	HQ
MFD04463.bin.1.273	0.869	HQ
MFD04463.bin.1.282	0.847	HQ
MFD04463.bin.1.284	0.876	HQ
MFD04463.bin.1.288	0.884	HQ
MFD04463.bin.1.295	0.866	HQ
MFD04463.bin.1.296	0.862	HQ
MFD04463.bin.1.298	0.866	HQ
MFD04463.bin.1.306	0.89	HQ
MFD04463.bin.1.321	0.877	HQ
MFD04463.bin.1.35	0.873	HQ
MFD04463.bin.1.41	0.893	HQ
MFD04463.bin.1.43	0.901	HQ
MFD04463.bin.1.45	0.893	HQ
MFD04463.bin.1.49	0.879	HQ
MFD04463.bin.1.56	0.884	HQ
MFD04463.bin.1.58	0.892	HQ
MFD04463.bin.1.59	0.855	HQ
MFD04463.bin.1.65	0.873	HQ
MFD04463.bin.1.72	0.882	HQ
MFD04463.bin.1.82	0.913	HQ
MFD04463.bin.1.91	0.872	HQ
MFD04463.bin.1.93	0.873	HQ
MFD04463.bin.2.22	0.852	HQ
MFD04463.bin.2.77	0.882	HQ
MFD04463.bin.2.78	0.885	HQ
MFD04463.bin.3.24	0.846	HQ
MFD04463.bin.3.58	0.884	HQ
MFD04492.bin.1.1	0.843	HQ
MFD04492.bin.1.102	0.872	HQ
MFD04492.bin.1.108	0.899	HQ
MFD04492.bin.1.120	0.852	HQ
MFD04492.bin.1.127	0.871	HQ
MFD04492.bin.1.129	0.817	HQ
MFD04492.bin.1.138	0.853	HQ
MFD04492.bin.1.14	0.877	HQ
MFD04492.bin.1.142	0.876	HQ
MFD04492.bin.1.143	0.867	HQ
MFD04492.bin.1.15	0.867	HQ
MFD04492.bin.1.18	0.849	HQ
MFD04492.bin.1.183	0.851	HQ
MFD04492.bin.1.190	0.873	HQ
MFD04492.bin.1.203	0.852	HQ
MFD04492.bin.1.27	0.876	HQ
MFD04492.bin.1.43	0.87	HQ
MFD04492.bin.1.56	0.86	HQ
MFD04492.bin.1.74	0.854	HQ
MFD04492.bin.2.88	0.879	HQ
MFD04540.bin.1.1	0.904	HQ
MFD04540.bin.1.106	0.891	HQ
MFD04540.bin.1.109	0.882	HQ
MFD04540.bin.1.115	0.869	HQ
MFD04540.bin.1.122	0.886	HQ
MFD04540.bin.1.126	0.897	HQ
MFD04540.bin.1.129	0.873	HQ
MFD04540.bin.1.13	0.887	HQ
MFD04540.bin.1.132	0.899	HQ
MFD04540.bin.1.137	0.913	HQ
MFD04540.bin.1.138	0.891	HQ
MFD04540.bin.1.139	0.874	HQ
MFD04540.bin.1.14	0.852	HQ
MFD04540.bin.1.142	0.904	HQ
MFD04540.bin.1.144	0.893	HQ
MFD04540.bin.1.145	0.891	HQ
MFD04540.bin.1.147	0.888	HQ
MFD04540.bin.1.150	0.869	HQ
MFD04540.bin.1.152	0.921	HQ
MFD04540.bin.1.154	0.871	HQ
MFD04540.bin.1.17	0.892	HQ
MFD04540.bin.1.19	0.867	HQ
MFD04540.bin.1.21	0.877	HQ
MFD04540.bin.1.23	0.876	HQ
MFD04540.bin.1.24	0.887	HQ
MFD04540.bin.1.26	0.903	HQ
MFD04540.bin.1.28	0.898	HQ
MFD04540.bin.1.29	0.866	HQ
MFD04540.bin.1.3	0.889	HQ
MFD04540.bin.1.34	0.932	HQ
MFD04540.bin.1.38	0.853	HQ
MFD04540.bin.1.39	0.926	HQ
MFD04540.bin.1.4	0.912	HQ
MFD04540.bin.1.40	0.895	HQ
MFD04540.bin.1.59	0.907	HQ
MFD04540.bin.1.6	0.863	HQ
MFD04540.bin.1.68	0.875	HQ
MFD04540.bin.1.70	0.909	HQ
MFD04540.bin.1.71	0.881	HQ
MFD04540.bin.1.72	0.885	HQ
MFD04540.bin.1.73	0.87	HQ
MFD04540.bin.1.74	0.905	HQ
MFD04540.bin.1.76	0.878	HQ
MFD04540.bin.1.79	0.912	HQ
MFD04540.bin.1.82	0.874	HQ
MFD04540.bin.1.84	0.859	HQ
MFD04540.bin.1.88	0.886	HQ
MFD04540.bin.2.100	0.884	HQ
MFD04570.bin.1.1	0.872	HQ
MFD04570.bin.1.109	0.872	HQ
MFD04570.bin.1.112	0.889	HQ
MFD04570.bin.1.113	0.859	HQ
MFD04570.bin.1.153	0.882	HQ
MFD04570.bin.1.19	0.883	HQ
MFD04570.bin.1.28	0.827	HQ
MFD04570.bin.1.3	0.921	HQ
MFD04570.bin.1.38	0.854	HQ
MFD04580.bin.1.117	0.88	HQ
MFD04580.bin.1.119	0.923	HQ
MFD04580.bin.1.121	0.908	HQ
MFD04580.bin.1.124	0.883	HQ
MFD04580.bin.1.135	0.888	HQ
MFD04580.bin.1.136	0.888	HQ
MFD04580.bin.1.141	0.889	HQ
MFD04580.bin.1.150	0.887	HQ
MFD04580.bin.1.152	0.883	HQ
MFD04580.bin.1.159	0.904	HQ
MFD04580.bin.1.163	0.884	HQ
MFD04580.bin.1.164	0.911	HQ
MFD04580.bin.1.17	0.876	HQ
MFD04580.bin.1.170	0.906	HQ
MFD04580.bin.1.172	0.869	HQ
MFD04580.bin.1.178	0.91	HQ
MFD04580.bin.1.18	0.902	HQ
MFD04580.bin.1.19	0.898	HQ
MFD04580.bin.1.28	0.897	HQ
MFD04580.bin.1.32	0.837	HQ
MFD04580.bin.1.34	0.898	HQ
MFD04580.bin.1.35	0.913	HQ
MFD04580.bin.1.37	0.893	HQ
MFD04580.bin.1.38	0.883	HQ
MFD04580.bin.1.40	0.898	HQ
MFD04580.bin.1.42	0.873	HQ
MFD04580.bin.1.45	0.897	HQ
MFD04580.bin.1.47	0.89	HQ
MFD04580.bin.1.48	0.857	HQ
MFD04580.bin.1.6	0.913	HQ
MFD04580.bin.1.68	0.892	HQ
MFD04580.bin.1.79	0.897	HQ
MFD04580.bin.1.80	0.864	HQ
MFD04580.bin.1.82	0.938	HQ
MFD04580.bin.1.85	0.926	HQ
MFD04580.bin.1.87	0.822	HQ
MFD04580.bin.1.88	0.9	HQ
MFD04580.bin.1.89	0.89	HQ
MFD04580.bin.1.9	0.862	HQ
MFD04580.bin.1.91	0.847	HQ
MFD04580.bin.2.108	0.888	HQ
MFD04580.bin.3.330	0.904	HQ
MFD04651.bin.1.106	0.883	HQ
MFD04651.bin.1.122	0.869	HQ
MFD04651.bin.1.124	0.88	HQ
MFD04651.bin.1.127	0.859	HQ
MFD04651.bin.1.131	0.891	HQ
MFD04651.bin.1.135	0.865	HQ
MFD04651.bin.1.136	0.9	HQ
MFD04651.bin.1.138	0.863	HQ
MFD04651.bin.1.139	0.856	HQ
MFD04651.bin.1.140	0.912	HQ
MFD04651.bin.1.141	0.891	HQ
MFD04651.bin.1.148	0.901	HQ
MFD04651.bin.1.149	0.907	HQ
MFD04651.bin.1.151	0.923	HQ
MFD04651.bin.1.164	0.864	HQ
MFD04651.bin.1.166	0.895	HQ
MFD04651.bin.1.168	0.883	HQ
MFD04651.bin.1.17	0.907	HQ
MFD04651.bin.1.172	0.882	HQ
MFD04651.bin.1.173	0.878	HQ
MFD04651.bin.1.175	0.92	HQ
MFD04651.bin.1.176	0.88	HQ
MFD04651.bin.1.18	0.906	HQ
MFD04651.bin.1.182	0.869	HQ
MFD04651.bin.1.196	0.915	HQ
MFD04651.bin.1.201	0.884	HQ
MFD04651.bin.1.211	0.901	HQ
MFD04651.bin.1.215	0.921	HQ
MFD04651.bin.1.216	0.882	HQ
MFD04651.bin.1.217	0.924	HQ
MFD04651.bin.1.22	0.903	HQ
MFD04651.bin.1.221	0.921	HQ
MFD04651.bin.1.223	0.896	HQ
MFD04651.bin.1.226	0.92	HQ
MFD04651.bin.1.228	0.905	HQ
MFD04651.bin.1.23	0.914	HQ
MFD04651.bin.1.230	0.896	HQ
MFD04651.bin.1.233	0.872	HQ
MFD04651.bin.1.234	0.916	HQ
MFD04651.bin.1.237	0.898	HQ
MFD04651.bin.1.238	0.917	HQ
MFD04651.bin.1.239	0.895	HQ
MFD04651.bin.1.240	0.896	HQ
MFD04651.bin.1.26	0.876	HQ
MFD04651.bin.1.29	0.867	HQ
MFD04651.bin.1.44	0.884	HQ
MFD04651.bin.1.47	0.873	HQ
MFD04651.bin.1.48	0.872	HQ
MFD04651.bin.1.50	0.865	HQ
MFD04651.bin.1.52	0.856	HQ
MFD04651.bin.1.55	0.91	HQ
MFD04651.bin.1.60	0.92	HQ
MFD04651.bin.1.61	0.886	HQ
MFD04651.bin.1.78	0.895	HQ
MFD04651.bin.1.92	0.914	HQ
MFD04651.bin.2.135	0.897	HQ
MFD04651.bin.2.179	0.893	HQ
MFD04651.bin.2.4	0.871	HQ
MFD04716.bin.1.102	0.88	HQ
MFD04716.bin.1.11	0.886	HQ
MFD04716.bin.1.114	0.865	HQ
MFD04716.bin.1.116	0.898	HQ
MFD04716.bin.1.117	0.913	HQ
MFD04716.bin.1.125	0.912	HQ
MFD04716.bin.1.136	0.891	HQ
MFD04716.bin.1.139	0.928	HQ
MFD04716.bin.1.149	0.853	HQ
MFD04716.bin.1.159	0.914	HQ
MFD04716.bin.1.179	0.862	HQ
MFD04716.bin.1.185	0.901	HQ
MFD04716.bin.1.213	0.879	HQ
MFD04716.bin.1.227	0.894	HQ
MFD04716.bin.1.235	0.88	HQ
MFD04716.bin.1.243	0.841	HQ
MFD04716.bin.1.245	0.912	HQ
MFD04716.bin.1.249	0.902	HQ
MFD04716.bin.1.251	0.889	HQ
MFD04716.bin.1.258	0.898	HQ
MFD04716.bin.1.266	0.884	HQ
MFD04716.bin.1.269	0.905	HQ
MFD04716.bin.1.273	0.89	HQ
MFD04716.bin.1.274	0.9	HQ
MFD04716.bin.1.276	0.903	HQ
MFD04716.bin.1.277	0.878	HQ
MFD04716.bin.1.280	0.901	HQ
MFD04716.bin.1.291	0.931	HQ
MFD04716.bin.1.293	0.91	HQ
MFD04716.bin.1.297	0.88	HQ
MFD04716.bin.1.3	0.886	HQ
MFD04716.bin.1.302	0.921	HQ
MFD04716.bin.1.308	0.889	HQ
MFD04716.bin.1.309	0.857	HQ
MFD04716.bin.1.311	0.918	HQ
MFD04716.bin.1.312	0.902	HQ
MFD04716.bin.1.315	0.911	HQ
MFD04716.bin.1.327	0.905	HQ
MFD04716.bin.1.353	0.905	HQ
MFD04716.bin.1.355	0.89	HQ
MFD04716.bin.1.360	0.883	HQ
MFD04716.bin.1.37	0.861	HQ
MFD04716.bin.1.370	0.888	HQ
MFD04716.bin.1.373	0.9	HQ
MFD04716.bin.1.381	0.917	HQ
MFD04716.bin.1.388	0.879	HQ
MFD04716.bin.1.394	0.852	HQ
MFD04716.bin.1.395	0.895	HQ
MFD04716.bin.1.396	0.882	HQ
MFD04716.bin.1.399	0.892	HQ
MFD04716.bin.1.4	0.887	HQ
MFD04716.bin.1.40	0.902	HQ
MFD04716.bin.1.405	0.873	HQ
MFD04716.bin.1.406	0.897	HQ
MFD04716.bin.1.408	0.911	HQ
MFD04716.bin.1.412	0.921	HQ
MFD04716.bin.1.416	0.888	HQ
MFD04716.bin.1.418	0.895	HQ
MFD04716.bin.1.419	0.867	HQ
MFD04716.bin.1.420	0.924	HQ
MFD04716.bin.1.45	0.901	HQ
MFD04716.bin.1.53	0.912	HQ
MFD04716.bin.1.58	0.9	HQ
MFD04716.bin.1.59	0.904	HQ
MFD04716.bin.1.66	0.884	HQ
MFD04716.bin.1.71	0.869	HQ
MFD04716.bin.1.74	0.907	HQ
MFD04716.bin.1.76	0.934	HQ
MFD04716.bin.1.82	0.847	HQ
MFD04716.bin.1.84	0.848	HQ
MFD04716.bin.1.85	0.907	HQ
MFD04716.bin.1.88	0.868	HQ
MFD04716.bin.1.95	0.871	HQ
MFD04716.bin.1.98	0.89	HQ
MFD04716.bin.2.107	0.891	HQ
MFD04716.bin.2.163	0.898	HQ
MFD04716.bin.2.165	0.907	HQ
MFD04716.bin.2.270	0.902	HQ
MFD04716.bin.2.288	0.903	HQ
MFD04716.bin.2.290	0.885	HQ
MFD04716.bin.2.301	0.84	HQ
MFD04716.bin.2.40	0.871	HQ
MFD04716.bin.2.71	0.891	HQ
MFD04716.bin.3.317	0.906	HQ
MFD04716.bin.3.528	0.919	HQ
MFD04716.bin.3.834	0.883	HQ
MFD04752.bin.1.121	0.867	HQ
MFD04752.bin.1.127	0.869	HQ
MFD04752.bin.1.131	0.868	HQ
MFD04752.bin.1.137	0.904	HQ
MFD04752.bin.1.152	0.919	HQ
MFD04752.bin.1.164	0.87	HQ
MFD04752.bin.1.17	0.882	HQ
MFD04752.bin.1.29	0.871	HQ
MFD04752.bin.1.3	0.893	HQ
MFD04752.bin.1.33	0.857	HQ
MFD04752.bin.1.37	0.866	HQ
MFD04752.bin.1.7	0.882	HQ
MFD04752.bin.1.81	0.858	HQ
MFD04752.bin.1.84	0.854	HQ
MFD04752.bin.1.91	0.857	HQ
MFD04752.bin.1.93	0.881	HQ
MFD04752.bin.3.293	0.914	HQ
MFD04780.bin.1.106	0.849	HQ
MFD04780.bin.1.108	0.913	HQ
MFD04780.bin.1.109	0.819	HQ
MFD04780.bin.1.111	0.897	HQ
MFD04780.bin.1.112	0.872	HQ
MFD04780.bin.1.113	0.871	HQ
MFD04780.bin.1.147	0.914	HQ
MFD04780.bin.1.16	0.86	HQ
MFD04780.bin.1.172	0.902	HQ
MFD04780.bin.1.177	0.901	HQ
MFD04780.bin.1.195	0.911	HQ
MFD04780.bin.1.197	0.881	HQ
MFD04780.bin.1.202	0.886	HQ
MFD04780.bin.1.207	0.855	HQ
MFD04780.bin.1.216	0.89	HQ
MFD04780.bin.1.217	0.914	HQ
MFD04780.bin.1.218	0.911	HQ
MFD04780.bin.1.32	0.915	HQ
MFD04780.bin.1.33	0.905	HQ
MFD04780.bin.1.84	0.886	HQ
MFD04780.bin.2.113	0.903	HQ
MFD04780.bin.2.74	0.896	HQ
MFD04780.bin.3.483	0.908	HQ
MFD04850.bin.1.1	0.823	HQ
MFD04850.bin.1.100	0.89	HQ
MFD04850.bin.1.102	0.879	HQ
MFD04850.bin.1.105	0.894	HQ
MFD04850.bin.1.21	0.872	HQ
MFD04850.bin.1.214	0.877	HQ
MFD04850.bin.1.220	0.873	HQ
MFD04850.bin.1.225	0.871	HQ
MFD04850.bin.1.232	0.876	HQ
MFD04850.bin.1.243	0.825	HQ
MFD04850.bin.1.250	0.893	HQ
MFD04850.bin.1.280	0.878	HQ
MFD04850.bin.1.304	0.89	HQ
MFD04850.bin.1.353	0.821	HQ
MFD04850.bin.1.410	0.892	HQ
MFD04850.bin.1.411	0.852	HQ
MFD04850.bin.1.43	0.905	HQ
MFD04850.bin.1.52	0.911	HQ
MFD04850.bin.1.53	0.885	HQ
MFD04850.bin.1.63	0.898	HQ
MFD04850.bin.1.72	0.862	HQ
MFD04850.bin.1.9	0.891	HQ
MFD04850.bin.2.111	0.841	HQ
MFD04850.bin.2.129	0.804	HQ
MFD04850.bin.2.48	0.857	HQ
MFD04935.bin.1.10	0.931	HQ
MFD04935.bin.1.119	0.872	HQ
MFD04935.bin.1.13	0.885	HQ
MFD04935.bin.1.141	0.897	HQ
MFD04935.bin.1.142	0.858	HQ
MFD04935.bin.1.144	0.864	HQ
MFD04935.bin.1.146	0.895	HQ
MFD04935.bin.1.153	0.896	HQ
MFD04935.bin.1.162	0.887	HQ
MFD04935.bin.1.171	0.915	HQ
MFD04935.bin.1.176	0.832	HQ
MFD04935.bin.1.19	0.926	HQ
MFD04935.bin.1.24	0.896	HQ
MFD04935.bin.1.25	0.929	HQ
MFD04935.bin.1.3	0.924	HQ
MFD04935.bin.1.4	0.911	HQ
MFD04935.bin.1.50	0.898	HQ
MFD04935.bin.1.56	0.893	HQ
MFD04935.bin.1.62	0.885	HQ
MFD04935.bin.1.7	0.875	HQ
MFD04935.bin.1.79	0.917	HQ
MFD04935.bin.1.80	0.902	HQ
MFD04935.bin.1.81	0.877	HQ
MFD04935.bin.1.83	0.845	HQ
MFD04935.bin.1.89	0.851	HQ
MFD04935.bin.1.95	0.888	HQ
MFD04935.bin.2.124	0.899	HQ
MFD04935.bin.3.187	0.927	HQ
MFD04935.bin.3.316	0.879	HQ
MFD04935.bin.3.46	0.91	HQ
MFD04935.bin.3.85	0.9	HQ
MFD04944.bin.1.1	0.919	HQ
MFD04944.bin.1.10	0.898	HQ
MFD04944.bin.1.103	0.903	HQ
MFD04944.bin.1.104	0.835	HQ
MFD04944.bin.1.105	0.897	HQ
MFD04944.bin.1.106	0.849	HQ
MFD04944.bin.1.11	0.872	HQ
MFD04944.bin.1.111	0.879	HQ
MFD04944.bin.1.114	0.876	HQ
MFD04944.bin.1.137	0.881	HQ
MFD04944.bin.1.147	0.883	HQ
MFD04944.bin.1.15	0.897	HQ
MFD04944.bin.1.16	0.923	HQ
MFD04944.bin.1.167	0.903	HQ
MFD04944.bin.1.178	0.867	HQ
MFD04944.bin.1.18	0.914	HQ
MFD04944.bin.1.187	0.886	HQ
MFD04944.bin.1.190	0.891	HQ
MFD04944.bin.1.191	0.916	HQ
MFD04944.bin.1.194	0.887	HQ
MFD04944.bin.1.206	0.886	HQ
MFD04944.bin.1.208	0.932	HQ
MFD04944.bin.1.209	0.931	HQ
MFD04944.bin.1.213	0.897	HQ
MFD04944.bin.1.216	0.896	HQ
MFD04944.bin.1.217	0.889	HQ
MFD04944.bin.1.225	0.911	HQ
MFD04944.bin.1.226	0.868	HQ
MFD04944.bin.1.227	0.908	HQ
MFD04944.bin.1.23	0.905	HQ
MFD04944.bin.1.237	0.891	HQ
MFD04944.bin.1.246	0.844	HQ
MFD04944.bin.1.250	0.838	HQ
MFD04944.bin.1.263	0.903	HQ
MFD04944.bin.1.265	0.878	HQ
MFD04944.bin.1.267	0.893	HQ
MFD04944.bin.1.27	0.859	HQ
MFD04944.bin.1.270	0.861	HQ
MFD04944.bin.1.277	0.906	HQ
MFD04944.bin.1.279	0.876	HQ
MFD04944.bin.1.282	0.87	HQ
MFD04944.bin.1.29	0.917	HQ
MFD04944.bin.1.290	0.885	HQ
MFD04944.bin.1.291	0.919	HQ
MFD04944.bin.1.300	0.924	HQ
MFD04944.bin.1.302	0.889	HQ
MFD04944.bin.1.304	0.876	HQ
MFD04944.bin.1.305	0.884	HQ
MFD04944.bin.1.307	0.862	HQ
MFD04944.bin.1.309	0.911	HQ
MFD04944.bin.1.31	0.92	HQ
MFD04944.bin.1.310	0.861	HQ
MFD04944.bin.1.316	0.867	HQ
MFD04944.bin.1.317	0.851	HQ
MFD04944.bin.1.318	0.903	HQ
MFD04944.bin.1.320	0.92	HQ
MFD04944.bin.1.323	0.882	HQ
MFD04944.bin.1.326	0.904	HQ
MFD04944.bin.1.328	0.873	HQ
MFD04944.bin.1.332	0.894	HQ
MFD04944.bin.1.334	0.907	HQ
MFD04944.bin.1.336	0.903	HQ
MFD04944.bin.1.337	0.913	HQ
MFD04944.bin.1.34	0.914	HQ
MFD04944.bin.1.36	0.887	HQ
MFD04944.bin.1.39	0.848	HQ
MFD04944.bin.1.4	0.908	HQ
MFD04944.bin.1.40	0.892	HQ
MFD04944.bin.1.41	0.906	HQ
MFD04944.bin.1.43	0.875	HQ
MFD04944.bin.1.51	0.912	HQ
MFD04944.bin.1.53	0.882	HQ
MFD04944.bin.1.54	0.851	HQ
MFD04944.bin.1.57	0.905	HQ
MFD04944.bin.1.58	0.884	HQ
MFD04944.bin.1.60	0.869	HQ
MFD04944.bin.1.66	0.904	HQ
MFD04944.bin.1.68	0.903	HQ
MFD04944.bin.1.7	0.85	HQ
MFD04944.bin.1.71	0.896	HQ
MFD04944.bin.1.72	0.901	HQ
MFD04944.bin.1.73	0.914	HQ
MFD04944.bin.1.75	0.893	HQ
MFD04944.bin.1.79	0.903	HQ
MFD04944.bin.1.85	0.828	HQ
MFD04944.bin.1.87	0.896	HQ
MFD04944.bin.1.9	0.924	HQ
MFD04944.bin.1.90	0.925	HQ
MFD04944.bin.1.92	0.909	HQ
MFD04944.bin.1.93	0.857	HQ
MFD04944.bin.1.97	0.844	HQ
MFD04944.bin.2.102	0.887	HQ
MFD04944.bin.2.140	0.878	HQ
MFD04944.bin.2.141	0.876	HQ
MFD04944.bin.2.148	0.906	HQ
MFD04944.bin.2.196	0.889	HQ
MFD04944.bin.2.208	0.896	HQ
MFD04944.bin.2.216	0.935	HQ
MFD04944.bin.2.220	0.88	HQ
MFD04944.bin.2.36	0.887	HQ
MFD04944.bin.2.37	0.903	HQ
MFD04944.bin.2.54	0.859	HQ
MFD04944.bin.2.63	0.845	HQ
MFD04944.bin.3.75	0.867	HQ
MFD04967.bin.1.10	0.856	HQ
MFD04967.bin.1.106	0.861	HQ
MFD04967.bin.1.114	0.835	HQ
MFD04967.bin.1.127	0.909	HQ
MFD04967.bin.1.135	0.859	HQ
MFD04967.bin.1.138	0.898	HQ
MFD04967.bin.1.141	0.847	HQ
MFD04967.bin.1.142	0.903	HQ
MFD04967.bin.1.146	0.864	HQ
MFD04967.bin.1.154	0.796	HQ
MFD04967.bin.1.157	0.874	HQ
MFD04967.bin.1.168	0.855	HQ
MFD04967.bin.1.171	0.89	HQ
MFD04967.bin.1.175	0.873	HQ
MFD04967.bin.1.177	0.9	HQ
MFD04967.bin.1.181	0.854	HQ
MFD04967.bin.1.193	0.87	HQ
MFD04967.bin.1.194	0.839	HQ
MFD04967.bin.1.195	0.842	HQ
MFD04967.bin.1.197	0.879	HQ
MFD04967.bin.1.206	0.927	HQ
MFD04967.bin.1.212	0.856	HQ
MFD04967.bin.1.213	0.894	HQ
MFD04967.bin.1.219	0.833	HQ
MFD04967.bin.1.220	0.859	HQ
MFD04967.bin.1.221	0.853	HQ
MFD04967.bin.1.226	0.904	HQ
MFD04967.bin.1.230	0.9	HQ
MFD04967.bin.1.231	0.869	HQ
MFD04967.bin.1.28	0.927	HQ
MFD04967.bin.1.30	0.874	HQ
MFD04967.bin.1.31	0.855	HQ
MFD04967.bin.1.34	0.913	HQ
MFD04967.bin.1.35	0.905	HQ
MFD04967.bin.1.42	0.847	HQ
MFD04967.bin.1.50	0.883	HQ
MFD04967.bin.1.52	0.847	HQ
MFD04967.bin.1.53	0.871	HQ
MFD04967.bin.1.54	0.864	HQ
MFD04967.bin.1.57	0.886	HQ
MFD04967.bin.1.58	0.895	HQ
MFD04967.bin.1.59	0.87	HQ
MFD04967.bin.1.6	0.918	HQ
MFD04967.bin.1.60	0.888	HQ
MFD04967.bin.1.64	0.809	HQ
MFD04967.bin.1.78	0.881	HQ
MFD04967.bin.2.159	0.879	HQ
MFD04967.bin.2.87	0.897	HQ
MFD05088.bin.1.104	0.894	HQ
MFD05088.bin.1.118	0.905	HQ
MFD05088.bin.1.150	0.885	HQ
MFD05088.bin.1.169	0.889	HQ
MFD05088.bin.1.176	0.878	HQ
MFD05088.bin.1.31	0.894	HQ
MFD05088.bin.2.40	0.849	HQ
MFD05176.bin.1.125	0.882	HQ
MFD05176.bin.1.171	0.867	HQ
MFD05176.bin.1.177	0.878	HQ
MFD05176.bin.1.208	0.911	HQ
MFD05176.bin.1.230	0.908	HQ
MFD05176.bin.1.238	0.865	HQ
MFD05176.bin.1.278	0.892	HQ
MFD05176.bin.1.306	0.888	HQ
MFD05176.bin.1.47	0.857	HQ
MFD05176.bin.1.61	0.864	HQ
MFD05176.bin.1.65	0.882	HQ
MFD05176.bin.2.32	0.861	HQ
MFD05377.bin.1.102	0.908	HQ
MFD05377.bin.1.113	0.859	HQ
MFD05377.bin.1.115	0.87	HQ
MFD05377.bin.1.117	0.895	HQ
MFD05377.bin.1.119	0.855	HQ
MFD05377.bin.1.126	0.821	HQ
MFD05377.bin.1.127	0.868	HQ
MFD05377.bin.1.141	0.866	HQ
MFD05377.bin.1.15	0.839	HQ
MFD05377.bin.1.164	0.873	HQ
MFD05377.bin.1.171	0.856	HQ
MFD05377.bin.1.176	0.873	HQ
MFD05377.bin.1.182	0.868	HQ
MFD05377.bin.1.184	0.824	HQ
MFD05377.bin.1.191	0.881	HQ
MFD05377.bin.1.204	0.867	HQ
MFD05377.bin.1.214	0.827	HQ
MFD05377.bin.1.218	0.87	HQ
MFD05377.bin.1.220	0.847	HQ
MFD05377.bin.1.24	0.868	HQ
MFD05377.bin.1.45	0.821	HQ
MFD05377.bin.1.47	0.887	HQ
MFD05377.bin.1.52	0.861	HQ
MFD05377.bin.1.56	0.841	HQ
MFD05377.bin.1.58	0.885	HQ
MFD05377.bin.1.61	0.914	HQ
MFD05377.bin.1.62	0.889	HQ
MFD05377.bin.1.65	0.91	HQ
MFD05377.bin.1.66	0.906	HQ
MFD05377.bin.1.8	0.852	HQ
MFD05377.bin.1.97	0.854	HQ
MFD05377.bin.2.13	0.858	HQ
MFD05377.bin.2.149	0.866	HQ
MFD05377.bin.2.20	0.854	HQ
MFD05377.bin.2.34	0.839	HQ
MFD05377.bin.2.85	0.798	HQ
MFD05377.bin.3.143	0.87	HQ
MFD05377.bin.3.80	0.843	HQ
MFD05442.bin.1.1	0.896	HQ
MFD05442.bin.1.101	0.879	HQ
MFD05442.bin.1.105	0.865	HQ
MFD05442.bin.1.11	0.924	HQ
MFD05442.bin.1.110	0.919	HQ
MFD05442.bin.1.117	0.852	HQ
MFD05442.bin.1.124	0.869	HQ
MFD05442.bin.1.13	0.891	HQ
MFD05442.bin.1.130	0.867	HQ
MFD05442.bin.1.134	0.86	HQ
MFD05442.bin.1.135	0.891	HQ
MFD05442.bin.1.140	0.881	HQ
MFD05442.bin.1.152	0.896	HQ
MFD05442.bin.1.16	0.92	HQ
MFD05442.bin.1.17	0.894	HQ
MFD05442.bin.1.18	0.9	HQ
MFD05442.bin.1.204	0.927	HQ
MFD05442.bin.1.21	0.929	HQ
MFD05442.bin.1.213	0.883	HQ
MFD05442.bin.1.25	0.898	HQ
MFD05442.bin.1.261	0.92	HQ
MFD05442.bin.1.269	0.885	HQ
MFD05442.bin.1.277	0.889	HQ
MFD05442.bin.1.279	0.911	HQ
MFD05442.bin.1.28	0.902	HQ
MFD05442.bin.1.280	0.872	HQ
MFD05442.bin.1.283	0.89	HQ
MFD05442.bin.1.287	0.917	HQ
MFD05442.bin.1.288	0.876	HQ
MFD05442.bin.1.290	0.869	HQ
MFD05442.bin.1.291	0.904	HQ
MFD05442.bin.1.293	0.904	HQ
MFD05442.bin.1.296	0.925	HQ
MFD05442.bin.1.298	0.904	HQ
MFD05442.bin.1.300	0.931	HQ
MFD05442.bin.1.302	0.885	HQ
MFD05442.bin.1.303	0.908	HQ
MFD05442.bin.1.308	0.877	HQ
MFD05442.bin.1.31	0.879	HQ
MFD05442.bin.1.311	0.931	HQ
MFD05442.bin.1.315	0.909	HQ
MFD05442.bin.1.317	0.889	HQ
MFD05442.bin.1.323	0.907	HQ
MFD05442.bin.1.324	0.892	HQ
MFD05442.bin.1.327	0.868	HQ
MFD05442.bin.1.330	0.907	HQ
MFD05442.bin.1.334	0.881	HQ
MFD05442.bin.1.34	0.895	HQ
MFD05442.bin.1.340	0.899	HQ
MFD05442.bin.1.346	0.923	HQ
MFD05442.bin.1.349	0.912	HQ
MFD05442.bin.1.350	0.857	HQ
MFD05442.bin.1.359	0.877	HQ
MFD05442.bin.1.36	0.919	HQ
MFD05442.bin.1.360	0.87	HQ
MFD05442.bin.1.363	0.919	HQ
MFD05442.bin.1.365	0.896	HQ
MFD05442.bin.1.371	0.895	HQ
MFD05442.bin.1.377	0.906	HQ
MFD05442.bin.1.379	0.912	HQ
MFD05442.bin.1.381	0.895	HQ
MFD05442.bin.1.385	0.866	HQ
MFD05442.bin.1.39	0.927	HQ
MFD05442.bin.1.394	0.91	HQ
MFD05442.bin.1.398	0.914	HQ
MFD05442.bin.1.410	0.888	HQ
MFD05442.bin.1.415	0.88	HQ
MFD05442.bin.1.417	0.902	HQ
MFD05442.bin.1.419	0.898	HQ
MFD05442.bin.1.421	0.88	HQ
MFD05442.bin.1.422	0.872	HQ
MFD05442.bin.1.427	0.909	HQ
MFD05442.bin.1.433	0.913	HQ
MFD05442.bin.1.436	0.855	HQ
MFD05442.bin.1.45	0.88	HQ
MFD05442.bin.1.55	0.901	HQ
MFD05442.bin.1.6	0.88	HQ
MFD05442.bin.1.63	0.872	HQ
MFD05442.bin.1.69	0.875	HQ
MFD05442.bin.1.76	0.903	HQ
MFD05442.bin.1.77	0.914	HQ
MFD05442.bin.1.80	0.841	HQ
MFD05442.bin.1.81	0.898	HQ
MFD05442.bin.1.86	0.851	HQ
MFD05442.bin.1.92	0.873	HQ
MFD05442.bin.1.93	0.91	HQ
MFD05442.bin.1.94	0.85	HQ
MFD05442.bin.1.98	0.909	HQ
MFD05442.bin.2.192	0.904	HQ
MFD05442.bin.2.235	0.863	HQ
MFD05442.bin.2.256	0.828	HQ
MFD05442.bin.2.26	0.858	HQ
MFD05442.bin.2.267	0.859	HQ
MFD05442.bin.2.69	0.862	HQ
MFD05442.bin.3.550	0.878	HQ
MFD05454.bin.1.18	0.844	HQ
MFD05454.bin.1.192	0.847	HQ
MFD05454.bin.1.194	0.859	HQ
MFD05454.bin.1.2	0.899	HQ
MFD05454.bin.1.246	0.872	HQ
MFD05454.bin.1.254	0.896	HQ
MFD05454.bin.1.262	0.877	HQ
MFD05454.bin.1.266	0.885	HQ
MFD05454.bin.1.273	0.899	HQ
MFD05454.bin.1.313	0.899	HQ
MFD05454.bin.1.63	0.916	HQ
MFD05502.bin.1.1	0.898	HQ
MFD05502.bin.1.113	0.885	HQ
MFD05502.bin.1.117	0.858	HQ
MFD05502.bin.1.12	0.924	HQ
MFD05502.bin.1.121	0.868	HQ
MFD05502.bin.1.125	0.925	HQ
MFD05502.bin.1.129	0.905	HQ
MFD05502.bin.1.13	0.88	HQ
MFD05502.bin.1.132	0.892	HQ
MFD05502.bin.1.136	0.885	HQ
MFD05502.bin.1.138	0.883	HQ
MFD05502.bin.1.139	0.893	HQ
MFD05502.bin.1.14	0.875	HQ
MFD05502.bin.1.141	0.875	HQ
MFD05502.bin.1.142	0.863	HQ
MFD05502.bin.1.143	0.83	HQ
MFD05502.bin.1.145	0.838	HQ
MFD05502.bin.1.146	0.905	HQ
MFD05502.bin.1.147	0.926	HQ
MFD05502.bin.1.148	0.858	HQ
MFD05502.bin.1.150	0.868	HQ
MFD05502.bin.1.151	0.847	HQ
MFD05502.bin.1.152	0.908	HQ
MFD05502.bin.1.154	0.845	HQ
MFD05502.bin.1.157	0.848	HQ
MFD05502.bin.1.159	0.872	HQ
MFD05502.bin.1.161	0.903	HQ
MFD05502.bin.1.162	0.868	HQ
MFD05502.bin.1.165	0.915	HQ
MFD05502.bin.1.166	0.894	HQ
MFD05502.bin.1.167	0.862	HQ
MFD05502.bin.1.172	0.867	HQ
MFD05502.bin.1.175	0.89	HQ
MFD05502.bin.1.177	0.917	HQ
MFD05502.bin.1.178	0.83	HQ
MFD05502.bin.1.179	0.895	HQ
MFD05502.bin.1.183	0.848	HQ
MFD05502.bin.1.185	0.85	HQ
MFD05502.bin.1.186	0.931	HQ
MFD05502.bin.1.187	0.91	HQ
MFD05502.bin.1.19	0.847	HQ
MFD05502.bin.1.194	0.847	HQ
MFD05502.bin.1.195	0.885	HQ
MFD05502.bin.1.196	0.878	HQ
MFD05502.bin.1.197	0.892	HQ
MFD05502.bin.1.198	0.916	HQ
MFD05502.bin.1.2	0.876	HQ
MFD05502.bin.1.202	0.846	HQ
MFD05502.bin.1.211	0.905	HQ
MFD05502.bin.1.220	0.824	HQ
MFD05502.bin.1.225	0.885	HQ
MFD05502.bin.1.232	0.895	HQ
MFD05502.bin.1.233	0.87	HQ
MFD05502.bin.1.234	0.842	HQ
MFD05502.bin.1.24	0.904	HQ
MFD05502.bin.1.240	0.876	HQ
MFD05502.bin.1.241	0.905	HQ
MFD05502.bin.1.243	0.854	HQ
MFD05502.bin.1.25	0.846	HQ
MFD05502.bin.1.27	0.909	HQ
MFD05502.bin.1.29	0.85	HQ
MFD05502.bin.1.3	0.908	HQ
MFD05502.bin.1.31	0.857	HQ
MFD05502.bin.1.34	0.886	HQ
MFD05502.bin.1.35	0.905	HQ
MFD05502.bin.1.36	0.893	HQ
MFD05502.bin.1.37	0.9	HQ
MFD05502.bin.1.39	0.833	HQ
MFD05502.bin.1.41	0.86	HQ
MFD05502.bin.1.47	0.908	HQ
MFD05502.bin.1.50	0.904	HQ
MFD05502.bin.1.55	0.923	HQ
MFD05502.bin.1.61	0.867	HQ
MFD05502.bin.1.63	0.865	HQ
MFD05502.bin.1.65	0.9	HQ
MFD05502.bin.1.7	0.872	HQ
MFD05502.bin.1.70	0.856	HQ
MFD05502.bin.1.72	0.913	HQ
MFD05502.bin.1.78	0.885	HQ
MFD05502.bin.2.63	0.847	HQ
MFD05502.bin.4.212	0.903	HQ
MFD05512.bin.1.10	0.856	HQ
MFD05512.bin.1.122	0.874	HQ
MFD05512.bin.1.126	0.841	HQ
MFD05512.bin.1.139	0.845	HQ
MFD05512.bin.1.14	0.879	HQ
MFD05512.bin.1.144	0.86	HQ
MFD05512.bin.1.147	0.848	HQ
MFD05512.bin.1.15	0.887	HQ
MFD05512.bin.1.150	0.843	HQ
MFD05512.bin.1.151	0.859	HQ
MFD05512.bin.1.16	0.868	HQ
MFD05512.bin.1.161	0.875	HQ
MFD05512.bin.1.162	0.876	HQ
MFD05512.bin.1.164	0.905	HQ
MFD05512.bin.1.165	0.845	HQ
MFD05512.bin.1.167	0.879	HQ
MFD05512.bin.1.169	0.862	HQ
MFD05512.bin.1.17	0.863	HQ
MFD05512.bin.1.170	0.839	HQ
MFD05512.bin.1.172	0.876	HQ
MFD05512.bin.1.178	0.906	HQ
MFD05512.bin.1.184	0.876	HQ
MFD05512.bin.1.187	0.885	HQ
MFD05512.bin.1.188	0.913	HQ
MFD05512.bin.1.20	0.869	HQ
MFD05512.bin.1.212	0.869	HQ
MFD05512.bin.1.214	0.881	HQ
MFD05512.bin.1.215	0.884	HQ
MFD05512.bin.1.221	0.864	HQ
MFD05512.bin.1.230	0.88	HQ
MFD05512.bin.1.231	0.905	HQ
MFD05512.bin.1.248	0.819	HQ
MFD05512.bin.1.251	0.867	HQ
MFD05512.bin.1.252	0.826	HQ
MFD05512.bin.1.254	0.909	HQ
MFD05512.bin.1.260	0.857	HQ
MFD05512.bin.1.261	0.877	HQ
MFD05512.bin.1.274	0.855	HQ
MFD05512.bin.1.275	0.87	HQ
MFD05512.bin.1.276	0.883	HQ
MFD05512.bin.1.277	0.854	HQ
MFD05512.bin.1.28	0.898	HQ
MFD05512.bin.1.30	0.87	HQ
MFD05512.bin.1.36	0.907	HQ
MFD05512.bin.1.38	0.898	HQ
MFD05512.bin.1.40	0.902	HQ
MFD05512.bin.1.44	0.883	HQ
MFD05512.bin.1.45	0.855	HQ
MFD05512.bin.1.61	0.882	HQ
MFD05512.bin.1.62	0.879	HQ
MFD05512.bin.1.63	0.894	HQ
MFD05512.bin.1.68	0.877	HQ
MFD05512.bin.1.7	0.857	HQ
MFD05512.bin.1.74	0.905	HQ
MFD05512.bin.1.77	0.876	HQ
MFD05512.bin.1.82	0.917	HQ
MFD05512.bin.1.92	0.849	HQ
MFD05512.bin.2.101	0.877	HQ
MFD05513.bin.1.110	0.865	HQ
MFD05513.bin.1.120	0.904	HQ
MFD05513.bin.1.141	0.823	HQ
MFD05513.bin.1.159	0.925	HQ
MFD05513.bin.1.16	0.837	HQ
MFD05513.bin.1.166	0.891	HQ
MFD05513.bin.1.175	0.848	HQ
MFD05513.bin.1.180	0.853	HQ
MFD05513.bin.1.189	0.882	HQ
MFD05513.bin.1.190	0.858	HQ
MFD05513.bin.1.192	0.897	HQ
MFD05513.bin.1.196	0.871	HQ
MFD05513.bin.1.198	0.875	HQ
MFD05513.bin.1.199	0.834	HQ
MFD05513.bin.1.2	0.93	HQ
MFD05513.bin.1.20	0.83	HQ
MFD05513.bin.1.202	0.879	HQ
MFD05513.bin.1.224	0.91	HQ
MFD05513.bin.1.23	0.861	HQ
MFD05513.bin.1.255	0.902	HQ
MFD05513.bin.1.260	0.877	HQ
MFD05513.bin.1.261	0.864	HQ
MFD05513.bin.1.263	0.92	HQ
MFD05513.bin.1.269	0.845	HQ
MFD05513.bin.1.273	0.873	HQ
MFD05513.bin.1.274	0.879	HQ
MFD05513.bin.1.278	0.906	HQ
MFD05513.bin.1.279	0.863	HQ
MFD05513.bin.1.283	0.914	HQ
MFD05513.bin.1.3	0.886	HQ
MFD05513.bin.1.32	0.845	HQ
MFD05513.bin.1.41	0.778	HQ
MFD05513.bin.1.42	0.893	HQ
MFD05513.bin.1.5	0.909	HQ
MFD05513.bin.1.55	0.858	HQ
MFD05513.bin.1.6	0.899	HQ
MFD05513.bin.1.68	0.874	HQ
MFD05513.bin.1.7	0.902	HQ
MFD05513.bin.1.78	0.858	HQ
MFD05513.bin.1.81	0.864	HQ
MFD05513.bin.2.150	0.836	HQ
MFD05513.bin.2.164	0.812	HQ
MFD05513.bin.2.193	0.879	HQ
MFD05513.bin.2.44	0.919	HQ
MFD05513.bin.2.61	0.844	HQ
MFD05513.bin.3.117	0.886	HQ
MFD05521.bin.1.1	0.862	HQ
MFD05521.bin.1.111	0.795	HQ
MFD05521.bin.1.148	0.882	HQ
MFD05521.bin.1.156	0.863	HQ
MFD05521.bin.1.158	0.836	HQ
MFD05521.bin.1.164	0.883	HQ
MFD05521.bin.1.165	0.883	HQ
MFD05521.bin.1.182	0.863	HQ
MFD05521.bin.1.185	0.834	HQ
MFD05521.bin.1.187	0.871	HQ
MFD05521.bin.1.19	0.88	HQ
MFD05521.bin.1.193	0.864	HQ
MFD05521.bin.1.2	0.894	HQ
MFD05521.bin.1.213	0.87	HQ
MFD05521.bin.1.214	0.878	HQ
MFD05521.bin.1.216	0.884	HQ
MFD05521.bin.1.219	0.891	HQ
MFD05521.bin.1.220	0.877	HQ
MFD05521.bin.1.222	0.906	HQ
MFD05521.bin.1.223	0.912	HQ
MFD05521.bin.1.238	0.838	HQ
MFD05521.bin.1.25	0.862	HQ
MFD05521.bin.1.250	0.869	HQ
MFD05521.bin.1.264	0.879	HQ
MFD05521.bin.1.267	0.907	HQ
MFD05521.bin.1.278	0.857	HQ
MFD05521.bin.1.284	0.894	HQ
MFD05521.bin.1.286	0.844	HQ
MFD05521.bin.1.288	0.863	HQ
MFD05521.bin.1.29	0.817	HQ
MFD05521.bin.1.30	0.822	HQ
MFD05521.bin.1.38	0.855	HQ
MFD05521.bin.1.4	0.899	HQ
MFD05521.bin.1.44	0.873	HQ
MFD05521.bin.1.48	0.848	HQ
MFD05521.bin.1.51	0.902	HQ
MFD05521.bin.1.59	0.921	HQ
MFD05521.bin.1.66	0.842	HQ
MFD05521.bin.1.70	0.861	HQ
MFD05521.bin.1.74	0.866	HQ
MFD05521.bin.1.8	0.808	HQ
MFD05521.bin.1.80	0.91	HQ
MFD05521.bin.2.132	0.9	HQ
MFD05521.bin.2.65	0.821	HQ
MFD05537.bin.1.20	0.86	HQ
MFD05537.bin.1.28	0.899	HQ
MFD05537.bin.1.31	0.924	HQ
MFD05537.bin.1.91	0.883	HQ
MFD05537.bin.2.59	0.844	HQ
MFD05567.bin.1.1	0.91	HQ
MFD05567.bin.1.13	0.887	HQ
MFD05567.bin.1.159	0.864	HQ
MFD05567.bin.1.164	0.819	HQ
MFD05567.bin.1.191	0.86	HQ
MFD05567.bin.1.192	0.915	HQ
MFD05567.bin.1.200	0.885	HQ
MFD05567.bin.1.201	0.906	HQ
MFD05567.bin.1.208	0.834	HQ
MFD05567.bin.1.209	0.88	HQ
MFD05567.bin.1.210	0.882	HQ
MFD05567.bin.1.23	0.867	HQ
MFD05567.bin.1.238	0.904	HQ
MFD05567.bin.1.253	0.868	HQ
MFD05567.bin.1.264	0.866	HQ
MFD05567.bin.1.272	0.89	HQ
MFD05567.bin.1.281	0.918	HQ
MFD05567.bin.1.54	0.905	HQ
MFD05567.bin.1.68	0.89	HQ
MFD05567.bin.1.91	0.915	HQ
MFD05567.bin.2.192	0.875	HQ
MFD05567.bin.2.20	0.885	HQ
MFD05567.bin.3.520	0.858	HQ
MFD05580.bin.1.113	0.862	HQ
MFD05580.bin.1.114	0.877	HQ
MFD05580.bin.1.115	0.869	HQ
MFD05580.bin.1.123	0.867	HQ
MFD05580.bin.1.127	0.845	HQ
MFD05580.bin.1.128	0.88	HQ
MFD05580.bin.1.134	0.841	HQ
MFD05580.bin.1.136	0.904	HQ
MFD05580.bin.1.148	0.86	HQ
MFD05580.bin.1.149	0.899	HQ
MFD05580.bin.1.2	0.891	HQ
MFD05580.bin.1.24	0.881	HQ
MFD05580.bin.1.26	0.888	HQ
MFD05580.bin.1.34	0.877	HQ
MFD05580.bin.1.43	0.865	HQ
MFD05580.bin.1.47	0.922	HQ
MFD05580.bin.1.5	0.87	HQ
MFD05580.bin.1.50	0.837	HQ
MFD05580.bin.1.53	0.829	HQ
MFD05580.bin.1.54	0.869	HQ
MFD05580.bin.1.58	0.86	HQ
MFD05580.bin.1.59	0.861	HQ
MFD05580.bin.1.6	0.836	HQ
MFD05580.bin.1.8	0.904	HQ
MFD05580.bin.1.81	0.854	HQ
MFD05580.bin.1.84	0.861	HQ
MFD05580.bin.1.88	0.843	HQ
MFD05580.bin.1.89	0.867	HQ
MFD05580.bin.1.91	0.873	HQ
MFD05580.bin.1.93	0.9	HQ
MFD05580.bin.1.96	0.876	HQ
MFD05580.bin.1.97	0.845	HQ
MFD05580.bin.1.99	0.871	HQ
MFD05580.bin.2.4	0.851	HQ
MFD05580.bin.2.5	0.823	HQ
MFD05580.bin.2.6	0.876	HQ
MFD05580.bin.2.80	0.89	HQ
MFD05674.bin.1.102	0.821	HQ
MFD05674.bin.1.108	0.878	HQ
MFD05674.bin.1.115	0.891	HQ
MFD05674.bin.1.135	0.906	HQ
MFD05674.bin.1.155	0.864	HQ
MFD05674.bin.1.159	0.834	HQ
MFD05674.bin.1.183	0.858	HQ
MFD05674.bin.1.188	0.885	HQ
MFD05674.bin.1.215	0.899	HQ
MFD05674.bin.1.229	0.906	HQ
MFD05674.bin.1.232	0.899	HQ
MFD05674.bin.1.236	0.908	HQ
MFD05674.bin.1.26	0.904	HQ
MFD05674.bin.1.49	0.92	HQ
MFD05674.bin.1.60	0.881	HQ
MFD05674.bin.1.62	0.887	HQ
MFD05674.bin.1.96	0.85	HQ
MFD05674.bin.2.111	0.89	HQ
MFD05674.bin.2.90	0.848	HQ
MFD05684.bin.1.104	0.904	HQ
MFD05684.bin.1.105	0.894	HQ
MFD05684.bin.1.110	0.827	HQ
MFD05684.bin.1.112	0.877	HQ
MFD05684.bin.1.113	0.882	HQ
MFD05684.bin.1.120	0.851	HQ
MFD05684.bin.1.123	0.866	HQ
MFD05684.bin.1.125	0.875	HQ
MFD05684.bin.1.130	0.874	HQ
MFD05684.bin.1.131	0.918	HQ
MFD05684.bin.1.137	0.866	HQ
MFD05684.bin.1.14	0.89	HQ
MFD05684.bin.1.141	0.843	HQ
MFD05684.bin.1.143	0.889	HQ
MFD05684.bin.1.145	0.906	HQ
MFD05684.bin.1.15	0.898	HQ
MFD05684.bin.1.151	0.931	HQ
MFD05684.bin.1.154	0.853	HQ
MFD05684.bin.1.155	0.847	HQ
MFD05684.bin.1.156	0.825	HQ
MFD05684.bin.1.163	0.853	HQ
MFD05684.bin.1.164	0.877	HQ
MFD05684.bin.1.168	0.92	HQ
MFD05684.bin.1.171	0.844	HQ
MFD05684.bin.1.174	0.836	HQ
MFD05684.bin.1.178	0.885	HQ
MFD05684.bin.1.182	0.865	HQ
MFD05684.bin.1.19	0.891	HQ
MFD05684.bin.1.2	0.889	HQ
MFD05684.bin.1.219	0.843	HQ
MFD05684.bin.1.22	0.843	HQ
MFD05684.bin.1.223	0.894	HQ
MFD05684.bin.1.228	0.867	HQ
MFD05684.bin.1.245	0.918	HQ
MFD05684.bin.1.257	0.898	HQ
MFD05684.bin.1.259	0.895	HQ
MFD05684.bin.1.26	0.875	HQ
MFD05684.bin.1.262	0.896	HQ
MFD05684.bin.1.263	0.9	HQ
MFD05684.bin.1.267	0.887	HQ
MFD05684.bin.1.277	0.906	HQ
MFD05684.bin.1.282	0.881	HQ
MFD05684.bin.1.283	0.91	HQ
MFD05684.bin.1.284	0.877	HQ
MFD05684.bin.1.285	0.888	HQ
MFD05684.bin.1.290	0.898	HQ
MFD05684.bin.1.294	0.893	HQ
MFD05684.bin.1.295	0.899	HQ
MFD05684.bin.1.297	0.898	HQ
MFD05684.bin.1.299	0.9	HQ
MFD05684.bin.1.301	0.902	HQ
MFD05684.bin.1.307	0.909	HQ
MFD05684.bin.1.309	0.863	HQ
MFD05684.bin.1.310	0.881	HQ
MFD05684.bin.1.321	0.865	HQ
MFD05684.bin.1.323	0.888	HQ
MFD05684.bin.1.327	0.867	HQ
MFD05684.bin.1.331	0.9	HQ
MFD05684.bin.1.338	0.856	HQ
MFD05684.bin.1.340	0.88	HQ
MFD05684.bin.1.343	0.903	HQ
MFD05684.bin.1.344	0.873	HQ
MFD05684.bin.1.347	0.912	HQ
MFD05684.bin.1.348	0.909	HQ
MFD05684.bin.1.350	0.862	HQ
MFD05684.bin.1.351	0.825	HQ
MFD05684.bin.1.352	0.899	HQ
MFD05684.bin.1.356	0.93	HQ
MFD05684.bin.1.360	0.862	HQ
MFD05684.bin.1.363	0.916	HQ
MFD05684.bin.1.364	0.91	HQ
MFD05684.bin.1.373	0.873	HQ
MFD05684.bin.1.374	0.881	HQ
MFD05684.bin.1.376	0.888	HQ
MFD05684.bin.1.38	0.872	HQ
MFD05684.bin.1.381	0.903	HQ
MFD05684.bin.1.382	0.926	HQ
MFD05684.bin.1.387	0.831	HQ
MFD05684.bin.1.388	0.893	HQ
MFD05684.bin.1.398	0.897	HQ
MFD05684.bin.1.40	0.908	HQ
MFD05684.bin.1.401	0.832	HQ
MFD05684.bin.1.402	0.91	HQ
MFD05684.bin.1.403	0.881	HQ
MFD05684.bin.1.407	0.872	HQ
MFD05684.bin.1.416	0.899	HQ
MFD05684.bin.1.417	0.9	HQ
MFD05684.bin.1.418	0.892	HQ
MFD05684.bin.1.422	0.89	HQ
MFD05684.bin.1.427	0.926	HQ
MFD05684.bin.1.428	0.888	HQ
MFD05684.bin.1.429	0.875	HQ
MFD05684.bin.1.45	0.857	HQ
MFD05684.bin.1.46	0.881	HQ
MFD05684.bin.1.47	0.858	HQ
MFD05684.bin.1.48	0.876	HQ
MFD05684.bin.1.49	0.866	HQ
MFD05684.bin.1.50	0.864	HQ
MFD05684.bin.1.58	0.889	HQ
MFD05684.bin.1.65	0.853	HQ
MFD05684.bin.1.68	0.903	HQ
MFD05684.bin.1.74	0.849	HQ
MFD05684.bin.1.75	0.884	HQ
MFD05684.bin.1.80	0.895	HQ
MFD05684.bin.1.84	0.921	HQ
MFD05684.bin.1.85	0.877	HQ
MFD05684.bin.1.87	0.887	HQ
MFD05684.bin.1.89	0.906	HQ
MFD05684.bin.1.9	0.893	HQ
MFD05684.bin.1.93	0.885	HQ
MFD05684.bin.1.96	0.827	HQ
MFD05684.bin.2.106	0.88	HQ
MFD05684.bin.2.114	0.874	HQ
MFD05684.bin.2.118	0.837	HQ
MFD05684.bin.2.166	0.914	HQ
MFD05684.bin.2.188	0.899	HQ
MFD05684.bin.2.19	0.836	HQ
MFD05684.bin.2.217	0.844	HQ
MFD05684.bin.2.254	0.858	HQ
MFD05684.bin.2.262	0.909	HQ
MFD05684.bin.2.286	0.837	HQ
MFD05684.bin.2.86	0.899	HQ
MFD05684.bin.3.152	0.905	HQ
MFD05684.bin.3.200	0.871	HQ
MFD05684.bin.3.35	0.845	HQ
MFD05684.bin.3.432	0.857	HQ
MFD05705.bin.1.100	0.867	HQ
MFD05705.bin.1.131	0.859	HQ
MFD05705.bin.1.139	0.853	HQ
MFD05705.bin.1.141	0.883	HQ
MFD05705.bin.1.149	0.82	HQ
MFD05705.bin.1.150	0.856	HQ
MFD05705.bin.1.152	0.86	HQ
MFD05705.bin.1.153	0.869	HQ
MFD05705.bin.1.154	0.855	HQ
MFD05705.bin.1.155	0.862	HQ
MFD05705.bin.1.156	0.879	HQ
MFD05705.bin.1.158	0.893	HQ
MFD05705.bin.1.159	0.857	HQ
MFD05705.bin.1.16	0.91	HQ
MFD05705.bin.1.160	0.859	HQ
MFD05705.bin.1.162	0.879	HQ
MFD05705.bin.1.164	0.92	HQ
MFD05705.bin.1.166	0.895	HQ
MFD05705.bin.1.174	0.877	HQ
MFD05705.bin.1.184	0.866	HQ
MFD05705.bin.1.186	0.859	HQ
MFD05705.bin.1.187	0.926	HQ
MFD05705.bin.1.189	0.85	HQ
MFD05705.bin.1.193	0.863	HQ
MFD05705.bin.1.194	0.873	HQ
MFD05705.bin.1.195	0.855	HQ
MFD05705.bin.1.20	0.865	HQ
MFD05705.bin.1.204	0.905	HQ
MFD05705.bin.1.205	0.913	HQ
MFD05705.bin.1.209	0.851	HQ
MFD05705.bin.1.211	0.862	HQ
MFD05705.bin.1.215	0.833	HQ
MFD05705.bin.1.22	0.865	HQ
MFD05705.bin.1.221	0.887	HQ
MFD05705.bin.1.224	0.89	HQ
MFD05705.bin.1.23	0.887	HQ
MFD05705.bin.1.231	0.869	HQ
MFD05705.bin.1.234	0.855	HQ
MFD05705.bin.1.239	0.865	HQ
MFD05705.bin.1.25	0.856	HQ
MFD05705.bin.1.27	0.874	HQ
MFD05705.bin.1.3	0.936	HQ
MFD05705.bin.1.30	0.874	HQ
MFD05705.bin.1.31	0.877	HQ
MFD05705.bin.1.32	0.858	HQ
MFD05705.bin.1.33	0.871	HQ
MFD05705.bin.1.35	0.898	HQ
MFD05705.bin.1.43	0.903	HQ
MFD05705.bin.1.45	0.845	HQ
MFD05705.bin.1.51	0.884	HQ
MFD05705.bin.1.56	0.878	HQ
MFD05705.bin.1.57	0.887	HQ
MFD05705.bin.1.61	0.877	HQ
MFD05705.bin.1.72	0.863	HQ
MFD05705.bin.1.73	0.865	HQ
MFD05705.bin.1.75	0.906	HQ
MFD05705.bin.1.76	0.897	HQ
MFD05705.bin.1.79	0.839	HQ
MFD05705.bin.1.81	0.825	HQ
MFD05705.bin.1.83	0.854	HQ
MFD05705.bin.1.84	0.817	HQ
MFD05705.bin.2.153	0.904	HQ
MFD05705.bin.2.69	0.879	HQ
MFD05705.bin.3.155	0.853	HQ
MFD05705.bin.3.69	0.879	HQ
MFD05747.bin.1.108	0.883	HQ
MFD05747.bin.1.115	0.878	HQ
MFD05747.bin.1.116	0.878	HQ
MFD05747.bin.1.131	0.913	HQ
MFD05747.bin.1.146	0.877	HQ
MFD05747.bin.1.151	0.91	HQ
MFD05747.bin.1.159	0.943	HQ
MFD05747.bin.1.166	0.914	HQ
MFD05747.bin.1.28	0.916	HQ
MFD05747.bin.1.35	0.883	HQ
MFD05747.bin.1.75	0.907	HQ
MFD05747.bin.1.85	0.915	HQ
MFD05747.bin.3.202	0.917	HQ
MFD05841.bin.1.1	0.881	HQ
MFD05841.bin.1.101	0.792	HQ
MFD05841.bin.1.109	0.893	HQ
MFD05841.bin.1.111	0.879	HQ
MFD05841.bin.1.117	0.892	HQ
MFD05841.bin.1.133	0.867	HQ
MFD05841.bin.1.138	0.907	HQ
MFD05841.bin.1.14	0.827	HQ
MFD05841.bin.1.147	0.868	HQ
MFD05841.bin.1.15	0.87	HQ
MFD05841.bin.1.157	0.926	HQ
MFD05841.bin.1.158	0.922	HQ
MFD05841.bin.1.161	0.848	HQ
MFD05841.bin.1.162	0.894	HQ
MFD05841.bin.1.191	0.862	HQ
MFD05841.bin.1.192	0.861	HQ
MFD05841.bin.1.21	0.892	HQ
MFD05841.bin.1.227	0.895	HQ
MFD05841.bin.1.229	0.893	HQ
MFD05841.bin.1.230	0.903	HQ
MFD05841.bin.1.238	0.868	HQ
MFD05841.bin.1.269	0.897	HQ
MFD05841.bin.1.270	0.87	HQ
MFD05841.bin.1.273	0.902	HQ
MFD05841.bin.1.33	0.863	HQ
MFD05841.bin.1.39	0.903	HQ
MFD05841.bin.1.46	0.905	HQ
MFD05841.bin.1.51	0.891	HQ
MFD05841.bin.1.64	0.862	HQ
MFD05841.bin.1.71	0.903	HQ
MFD05841.bin.1.8	0.914	HQ
MFD05841.bin.2.125	0.873	HQ
MFD05841.bin.2.62	0.829	HQ
MFD05942.bin.1.102	0.887	HQ
MFD05942.bin.1.105	0.905	HQ
MFD05942.bin.1.108	0.886	HQ
MFD05942.bin.1.109	0.911	HQ
MFD05942.bin.1.115	0.899	HQ
MFD05942.bin.1.117	0.893	HQ
MFD05942.bin.1.119	0.911	HQ
MFD05942.bin.1.131	0.893	HQ
MFD05942.bin.1.132	0.869	HQ
MFD05942.bin.1.135	0.882	HQ
MFD05942.bin.1.141	0.874	HQ
MFD05942.bin.1.145	0.841	HQ
MFD05942.bin.1.149	0.848	HQ
MFD05942.bin.1.16	0.937	HQ
MFD05942.bin.1.169	0.899	HQ
MFD05942.bin.1.17	0.879	HQ
MFD05942.bin.1.195	0.94	HQ
MFD05942.bin.1.2	0.908	HQ
MFD05942.bin.1.20	0.909	HQ
MFD05942.bin.1.21	0.879	HQ
MFD05942.bin.1.218	0.896	HQ
MFD05942.bin.1.227	0.907	HQ
MFD05942.bin.1.240	0.874	HQ
MFD05942.bin.1.268	0.888	HQ
MFD05942.bin.1.295	0.881	HQ
MFD05942.bin.1.3	0.885	HQ
MFD05942.bin.1.306	0.913	HQ
MFD05942.bin.1.310	0.91	HQ
MFD05942.bin.1.314	0.907	HQ
MFD05942.bin.1.318	0.892	HQ
MFD05942.bin.1.319	0.915	HQ
MFD05942.bin.1.32	0.88	HQ
MFD05942.bin.1.323	0.883	HQ
MFD05942.bin.1.327	0.881	HQ
MFD05942.bin.1.33	0.934	HQ
MFD05942.bin.1.336	0.874	HQ
MFD05942.bin.1.345	0.894	HQ
MFD05942.bin.1.35	0.893	HQ
MFD05942.bin.1.356	0.902	HQ
MFD05942.bin.1.358	0.867	HQ
MFD05942.bin.1.36	0.913	HQ
MFD05942.bin.1.360	0.89	HQ
MFD05942.bin.1.364	0.853	HQ
MFD05942.bin.1.375	0.882	HQ
MFD05942.bin.1.38	0.928	HQ
MFD05942.bin.1.380	0.898	HQ
MFD05942.bin.1.384	0.915	HQ
MFD05942.bin.1.387	0.883	HQ
MFD05942.bin.1.404	0.879	HQ
MFD05942.bin.1.417	0.851	HQ
MFD05942.bin.1.428	0.886	HQ
MFD05942.bin.1.432	0.838	HQ
MFD05942.bin.1.436	0.891	HQ
MFD05942.bin.1.444	0.923	HQ
MFD05942.bin.1.451	0.898	HQ
MFD05942.bin.1.462	0.892	HQ
MFD05942.bin.1.463	0.916	HQ
MFD05942.bin.1.466	0.913	HQ
MFD05942.bin.1.467	0.898	HQ
MFD05942.bin.1.56	0.877	HQ
MFD05942.bin.1.64	0.927	HQ
MFD05942.bin.1.7	0.914	HQ
MFD05942.bin.1.73	0.917	HQ
MFD05942.bin.1.74	0.924	HQ
MFD05942.bin.1.84	0.888	HQ
MFD05942.bin.1.91	0.885	HQ
MFD05942.bin.1.94	0.9	HQ
MFD05942.bin.1.95	0.9	HQ
MFD05942.bin.1.97	0.892	HQ
MFD05942.bin.2.148	0.863	HQ
MFD05942.bin.2.42	0.906	HQ
MFD05942.bin.3.282	0.836	HQ
MFD06085.bin.1.10	0.875	HQ
MFD06085.bin.1.132	0.909	HQ
MFD06085.bin.1.160	0.891	HQ
MFD06085.bin.1.163	0.897	HQ
MFD06085.bin.1.165	0.856	HQ
MFD06085.bin.1.170	0.912	HQ
MFD06085.bin.1.175	0.878	HQ
MFD06085.bin.1.176	0.851	HQ
MFD06085.bin.1.22	0.856	HQ
MFD06085.bin.1.35	0.853	HQ
MFD06085.bin.1.42	0.885	HQ
MFD06085.bin.1.47	0.918	HQ
MFD06085.bin.1.51	0.843	HQ
MFD06085.bin.1.67	0.858	HQ
MFD06085.bin.1.7	0.822	HQ
MFD06085.bin.1.86	0.874	HQ
MFD06085.bin.1.89	0.861	HQ
MFD06085.bin.1.94	0.863	HQ
MFD06085.bin.2.69	0.892	HQ
MFD06085.bin.2.87	0.894	HQ
MFD06092.bin.1.119	0.918	HQ
MFD06092.bin.1.125	0.897	HQ
MFD06092.bin.1.131	0.887	HQ
MFD06092.bin.1.148	0.871	HQ
MFD06092.bin.1.15	0.896	HQ
MFD06092.bin.1.171	0.877	HQ
MFD06092.bin.1.174	0.868	HQ
MFD06092.bin.1.175	0.856	HQ
MFD06092.bin.1.176	0.906	HQ
MFD06092.bin.1.177	0.895	HQ
MFD06092.bin.1.18	0.863	HQ
MFD06092.bin.1.181	0.897	HQ
MFD06092.bin.1.203	0.882	HQ
MFD06092.bin.1.220	0.871	HQ
MFD06092.bin.1.224	0.856	HQ
MFD06092.bin.1.228	0.859	HQ
MFD06092.bin.1.230	0.881	HQ
MFD06092.bin.1.235	0.894	HQ
MFD06092.bin.1.246	0.863	HQ
MFD06092.bin.1.248	0.875	HQ
MFD06092.bin.1.253	0.877	HQ
MFD06092.bin.1.260	0.861	HQ
MFD06092.bin.1.266	0.857	HQ
MFD06092.bin.1.269	0.864	HQ
MFD06092.bin.1.270	0.868	HQ
MFD06092.bin.1.32	0.916	HQ
MFD06092.bin.1.40	0.871	HQ
MFD06092.bin.1.41	0.866	HQ
MFD06092.bin.1.45	0.823	HQ
MFD06092.bin.1.47	0.899	HQ
MFD06092.bin.1.49	0.878	HQ
MFD06092.bin.1.58	0.894	HQ
MFD06092.bin.1.70	0.914	HQ
MFD06092.bin.1.94	0.87	HQ
MFD06092.bin.2.149	0.909	HQ
MFD06092.bin.2.193	0.825	HQ
MFD06092.bin.3.112	0.922	HQ
MFD06092.bin.3.244	0.895	HQ
MFD06092.bin.3.266	0.887	HQ
MFD06229.bin.1.1	0.873	HQ
MFD06229.bin.1.101	0.884	HQ
MFD06229.bin.1.13	0.892	HQ
MFD06229.bin.1.145	0.874	HQ
MFD06229.bin.1.171	0.888	HQ
MFD06229.bin.1.185	0.89	HQ
MFD06229.bin.1.199	0.855	HQ
MFD06229.bin.1.238	0.849	HQ
MFD06229.bin.1.242	0.824	HQ
MFD06229.bin.1.246	0.924	HQ
MFD06229.bin.1.26	0.887	HQ
MFD06229.bin.1.266	0.873	HQ
MFD06229.bin.1.275	0.902	HQ
MFD06229.bin.1.279	0.875	HQ
MFD06229.bin.1.283	0.866	HQ
MFD06229.bin.1.289	0.918	HQ
MFD06229.bin.1.44	0.893	HQ
MFD06229.bin.1.58	0.84	HQ
MFD06229.bin.1.60	0.853	HQ
MFD06229.bin.1.61	0.883	HQ
MFD06229.bin.2.170	0.891	HQ
MFD06229.bin.2.49	0.844	HQ
MFD06298.bin.1.10	0.854	HQ
MFD06298.bin.1.103	0.844	HQ
MFD06298.bin.1.108	0.85	HQ
MFD06298.bin.1.123	0.911	HQ
MFD06298.bin.1.126	0.8	HQ
MFD06298.bin.1.135	0.889	HQ
MFD06298.bin.1.144	0.891	HQ
MFD06298.bin.1.191	0.866	HQ
MFD06298.bin.1.193	0.82	HQ
MFD06298.bin.1.197	0.909	HQ
MFD06298.bin.1.21	0.846	HQ
MFD06298.bin.1.211	0.812	HQ
MFD06298.bin.1.216	0.873	HQ
MFD06298.bin.1.233	0.874	HQ
MFD06298.bin.1.242	0.838	HQ
MFD06298.bin.1.3	0.88	HQ
MFD06298.bin.1.5	0.928	HQ
MFD06298.bin.1.62	0.85	HQ
MFD06298.bin.1.70	0.855	HQ
MFD06298.bin.3.255	0.9	HQ
MFD06298.bin.3.355	0.823	HQ
MFD06435.bin.1.100	0.923	HQ
MFD06435.bin.1.116	0.872	HQ
MFD06435.bin.1.124	0.878	HQ
MFD06435.bin.1.129	0.875	HQ
MFD06435.bin.1.139	0.884	HQ
MFD06435.bin.1.175	0.884	HQ
MFD06435.bin.1.188	0.858	HQ
MFD06435.bin.1.192	0.847	HQ
MFD06435.bin.1.194	0.874	HQ
MFD06435.bin.1.198	0.901	HQ
MFD06435.bin.1.213	0.88	HQ
MFD06435.bin.1.230	0.873	HQ
MFD06435.bin.1.27	0.856	HQ
MFD06435.bin.1.31	0.863	HQ
MFD06435.bin.1.39	0.88	HQ
MFD06435.bin.1.47	0.845	HQ
MFD06435.bin.1.50	0.884	HQ
MFD06435.bin.1.8	0.869	HQ
MFD06435.bin.1.80	0.873	HQ
MFD06435.bin.2.53	0.871	HQ
MFD06526.bin.1.107	0.858	HQ
MFD06526.bin.1.139	0.868	HQ
MFD06526.bin.1.142	0.872	HQ
MFD06526.bin.1.22	0.896	HQ
MFD06526.bin.1.51	0.865	HQ
MFD06526.bin.1.61	0.855	HQ
MFD06526.bin.1.90	0.899	HQ
MFD06714.bin.1.101	0.872	HQ
MFD06714.bin.1.11	0.914	HQ
MFD06714.bin.1.120	0.875	HQ
MFD06714.bin.1.126	0.864	HQ
MFD06714.bin.1.129	0.892	HQ
MFD06714.bin.1.140	0.822	HQ
MFD06714.bin.1.149	0.878	HQ
MFD06714.bin.1.152	0.832	HQ
MFD06714.bin.1.155	0.886	HQ
MFD06714.bin.1.160	0.877	HQ
MFD06714.bin.1.176	0.857	HQ
MFD06714.bin.1.18	0.851	HQ
MFD06714.bin.1.19	0.901	HQ
MFD06714.bin.1.192	0.917	HQ
MFD06714.bin.1.217	0.859	HQ
MFD06714.bin.1.224	0.869	HQ
MFD06714.bin.1.225	0.877	HQ
MFD06714.bin.1.226	0.89	HQ
MFD06714.bin.1.228	0.818	HQ
MFD06714.bin.1.229	0.886	HQ
MFD06714.bin.1.234	0.844	HQ
MFD06714.bin.1.236	0.885	HQ
MFD06714.bin.1.31	0.878	HQ
MFD06714.bin.1.34	0.915	HQ
MFD06714.bin.1.36	0.86	HQ
MFD06714.bin.1.37	0.886	HQ
MFD06714.bin.1.47	0.873	HQ
MFD06714.bin.1.49	0.884	HQ
MFD06714.bin.1.6	0.873	HQ
MFD06714.bin.1.68	0.855	HQ
MFD06714.bin.1.74	0.88	HQ
MFD06714.bin.1.81	0.841	HQ
MFD06714.bin.1.9	0.842	HQ
MFD06714.bin.2.140	0.884	HQ
MFD06714.bin.3.19	0.901	HQ
MFD06714.bin.3.94	0.857	HQ
MFD06742.bin.1.1	0.922	HQ
MFD06742.bin.1.113	0.898	HQ
MFD06742.bin.1.131	0.886	HQ
MFD06742.bin.1.139	0.909	HQ
MFD06742.bin.1.142	0.901	HQ
MFD06742.bin.1.165	0.891	HQ
MFD06742.bin.1.182	0.885	HQ
MFD06742.bin.1.206	0.843	HQ
MFD06742.bin.1.259	0.914	HQ
MFD06742.bin.1.261	0.811	HQ
MFD06742.bin.1.32	0.914	HQ
MFD06742.bin.1.336	0.886	HQ
MFD06742.bin.1.53	0.902	HQ
MFD06742.bin.1.58	0.898	HQ
MFD06742.bin.2.122	0.861	HQ
MFD06742.bin.2.158	0.831	HQ
MFD06742.bin.2.202	0.875	HQ
MFD06742.bin.2.23	0.874	HQ
MFD07386.bin.1.14	0.86	HQ
MFD07639.bin.1.10	0.859	HQ
MFD07639.bin.1.13	0.897	HQ
MFD07639.bin.1.66	0.896	HQ
MFD07639.bin.1.71	0.889	HQ
MFD07737.bin.1.21	0.915	HQ
MFD07737.bin.1.43	0.903	HQ
MFD07737.bin.1.47	0.914	HQ
MFD07987.bin.1.10	0.853	HQ
MFD08203.bin.1.4	0.894	HQ
MFD08353.bin.1.29	0.871	HQ
MFD08416.bin.1.19	0.862	HQ
MFD08416.bin.1.3	0.883	HQ
MFD08416.bin.1.79	0.863	HQ
MFD08416.bin.1.86	0.87	HQ
MFD08497.bin.1.115	0.867	HQ
MFD08497.bin.1.135	0.925	HQ
MFD08497.bin.1.32	0.896	HQ
MFD08497.bin.2.53	0.876	HQ
MFD08669.bin.1.116	0.881	HQ
MFD08669.bin.1.13	0.88	HQ
MFD08669.bin.1.20	0.911	HQ
MFD08669.bin.1.39	0.925	HQ
MFD08669.bin.1.44	0.887	HQ
MFD08669.bin.1.45	0.834	HQ
MFD08669.bin.1.5	0.792	HQ
MFD08669.bin.1.88	0.905	HQ
MFD08669.bin.2.15	0.867	HQ
MFD08691.bin.1.114	0.828	HQ
MFD08691.bin.1.35	0.885	HQ
MFD08691.bin.1.5	0.843	HQ
MFD08700.bin.1.19	0.839	HQ
MFD08700.bin.1.2	0.855	HQ
MFD08700.bin.1.4	0.868	HQ
MFD08700.bin.1.44	0.838	HQ
MFD08700.bin.1.66	0.907	HQ
MFD08700.bin.1.74	0.902	HQ
MFD08700.bin.1.95	0.909	HQ
MFD08700.bin.2.48	0.884	HQ
MFD08821.bin.1.112	0.879	HQ
MFD08821.bin.1.29	0.846	HQ
MFD08821.bin.1.92	0.916	HQ
MFD09018.bin.1.114	0.86	HQ
MFD09018.bin.1.23	0.863	HQ
MFD09018.bin.1.47	0.826	HQ
MFD09018.bin.1.6	0.871	HQ
MFD09018.bin.1.68	0.797	HQ
MFD09018.bin.2.22	0.871	HQ
MFD09126.bin.1.47	0.901	HQ
MFD09126.bin.1.74	0.888	HQ
MFD09126.bin.1.77	0.872	HQ
MFD09206.bin.1.100	0.882	HQ
MFD09206.bin.1.107	0.876	HQ
MFD09206.bin.1.115	0.887	HQ
MFD09206.bin.1.132	0.899	HQ
MFD09206.bin.1.14	0.896	HQ
MFD09206.bin.1.160	0.86	HQ
MFD09206.bin.1.167	0.903	HQ
MFD09206.bin.1.191	0.913	HQ
MFD09206.bin.1.2	0.914	HQ
MFD09206.bin.1.206	0.875	HQ
MFD09206.bin.1.208	0.903	HQ
MFD09206.bin.1.210	0.905	HQ
MFD09206.bin.1.212	0.853	HQ
MFD09206.bin.1.218	0.924	HQ
MFD09206.bin.1.221	0.883	HQ
MFD09206.bin.1.225	0.874	HQ
MFD09206.bin.1.227	0.906	HQ
MFD09206.bin.1.230	0.887	HQ
MFD09206.bin.1.237	0.831	HQ
MFD09206.bin.1.40	0.903	HQ
MFD09206.bin.1.42	0.902	HQ
MFD09206.bin.1.5	0.909	HQ
MFD09206.bin.1.6	0.921	HQ
MFD09206.bin.1.69	0.896	HQ
MFD09206.bin.1.75	0.917	HQ
MFD09206.bin.1.90	0.919	HQ
MFD09206.bin.1.94	0.922	HQ
MFD09206.bin.2.153	0.92	HQ
MFD09206.bin.2.20	0.896	HQ
MFD09206.bin.3.348	0.886	HQ
MFD09212.bin.1.104	0.828	HQ
MFD09212.bin.1.122	0.888	HQ
MFD09212.bin.1.129	0.873	HQ
MFD09212.bin.1.13	0.917	HQ
MFD09212.bin.1.130	0.903	HQ
MFD09212.bin.1.133	0.892	HQ
MFD09212.bin.1.134	0.868	HQ
MFD09212.bin.1.136	0.901	HQ
MFD09212.bin.1.137	0.894	HQ
MFD09212.bin.1.138	0.838	HQ
MFD09212.bin.1.139	0.832	HQ
MFD09212.bin.1.140	0.873	HQ
MFD09212.bin.1.141	0.893	HQ
MFD09212.bin.1.142	0.833	HQ
MFD09212.bin.1.144	0.9	HQ
MFD09212.bin.1.147	0.922	HQ
MFD09212.bin.1.165	0.927	HQ
MFD09212.bin.1.18	0.908	HQ
MFD09212.bin.1.19	0.872	HQ
MFD09212.bin.1.196	0.864	HQ
MFD09212.bin.1.210	0.916	HQ
MFD09212.bin.1.217	0.878	HQ
MFD09212.bin.1.219	0.884	HQ
MFD09212.bin.1.232	0.846	HQ
MFD09212.bin.1.234	0.88	HQ
MFD09212.bin.1.240	0.915	HQ
MFD09212.bin.1.244	0.864	HQ
MFD09212.bin.1.252	0.899	HQ
MFD09212.bin.1.28	0.911	HQ
MFD09212.bin.1.3	0.905	HQ
MFD09212.bin.1.30	0.902	HQ
MFD09212.bin.1.36	0.908	HQ
MFD09212.bin.1.4	0.915	HQ
MFD09212.bin.1.43	0.9	HQ
MFD09212.bin.1.47	0.917	HQ
MFD09212.bin.1.66	0.908	HQ
MFD09212.bin.1.85	0.864	HQ
MFD09222.bin.1.102	0.858	HQ
MFD09222.bin.1.109	0.875	HQ
MFD09222.bin.1.118	0.862	HQ
MFD09222.bin.1.124	0.887	HQ
MFD09222.bin.1.128	0.845	HQ
MFD09222.bin.1.129	0.923	HQ
MFD09222.bin.1.130	0.881	HQ
MFD09222.bin.1.131	0.839	HQ
MFD09222.bin.1.14	0.896	HQ
MFD09222.bin.1.147	0.875	HQ
MFD09222.bin.1.150	0.864	HQ
MFD09222.bin.1.161	0.877	HQ
MFD09222.bin.1.171	0.887	HQ
MFD09222.bin.1.174	0.865	HQ
MFD09222.bin.1.18	0.897	HQ
MFD09222.bin.1.180	0.875	HQ
MFD09222.bin.1.182	0.884	HQ
MFD09222.bin.1.185	0.881	HQ
MFD09222.bin.1.196	0.864	HQ
MFD09222.bin.1.2	0.888	HQ
MFD09222.bin.1.200	0.871	HQ
MFD09222.bin.1.212	0.797	HQ
MFD09222.bin.1.214	0.872	HQ
MFD09222.bin.1.216	0.864	HQ
MFD09222.bin.1.22	0.873	HQ
MFD09222.bin.1.222	0.858	HQ
MFD09222.bin.1.225	0.863	HQ
MFD09222.bin.1.227	0.823	HQ
MFD09222.bin.1.228	0.86	HQ
MFD09222.bin.1.238	0.881	HQ
MFD09222.bin.1.32	0.876	HQ
MFD09222.bin.1.41	0.889	HQ
MFD09222.bin.1.46	0.852	HQ
MFD09222.bin.1.50	0.874	HQ
MFD09222.bin.1.52	0.872	HQ
MFD09222.bin.1.53	0.863	HQ
MFD09222.bin.1.59	0.877	HQ
MFD09222.bin.1.65	0.873	HQ
MFD09222.bin.1.71	0.832	HQ
MFD09222.bin.1.8	0.894	HQ
MFD09222.bin.1.96	0.851	HQ
MFD09222.bin.2.120	0.887	HQ
MFD09222.bin.2.148	0.87	HQ
MFD09267.bin.1.107	0.875	HQ
MFD09267.bin.1.130	0.907	HQ
MFD09267.bin.1.140	0.907	HQ
MFD09267.bin.1.152	0.891	HQ
MFD09267.bin.1.158	0.91	HQ
MFD09267.bin.1.163	0.91	HQ
MFD09267.bin.1.194	0.916	HQ
MFD09267.bin.1.216	0.914	HQ
MFD09267.bin.1.221	0.909	HQ
MFD09267.bin.1.232	0.876	HQ
MFD09267.bin.1.238	0.894	HQ
MFD09267.bin.1.253	0.893	HQ
MFD09267.bin.1.261	0.876	HQ
MFD09267.bin.1.264	0.81	HQ
MFD09267.bin.1.271	0.864	HQ
MFD09267.bin.1.277	0.912	HQ
MFD09267.bin.1.290	0.831	HQ
MFD09267.bin.1.321	0.916	HQ
MFD09267.bin.1.346	0.92	HQ
MFD09267.bin.1.350	0.901	HQ
MFD09267.bin.1.353	0.88	HQ
MFD09267.bin.1.386	0.902	HQ
MFD09267.bin.1.5	0.916	HQ
MFD09267.bin.1.83	0.835	HQ
MFD09267.bin.1.89	0.916	HQ
MFD09267.bin.1.92	0.927	HQ
MFD09267.bin.1.95	0.876	HQ
MFD09267.bin.2.120	0.899	HQ
MFD09267.bin.2.222	0.904	HQ
MFD09267.bin.3.238	0.833	HQ
MFD09267.bin.3.5	0.916	HQ
MFD09267.bin.3.51	0.916	HQ
MFD09286.bin.1.1	0.847	HQ
MFD09286.bin.1.102	0.881	HQ
MFD09286.bin.1.109	0.867	HQ
MFD09286.bin.1.124	0.824	HQ
MFD09286.bin.1.132	0.887	HQ
MFD09286.bin.1.138	0.856	HQ
MFD09286.bin.1.139	0.937	HQ
MFD09286.bin.1.140	0.883	HQ
MFD09286.bin.1.141	0.868	HQ
MFD09286.bin.1.148	0.857	HQ
MFD09286.bin.1.150	0.881	HQ
MFD09286.bin.1.157	0.847	HQ
MFD09286.bin.1.158	0.85	HQ
MFD09286.bin.1.160	0.915	HQ
MFD09286.bin.1.167	0.899	HQ
MFD09286.bin.1.170	0.837	HQ
MFD09286.bin.1.172	0.872	HQ
MFD09286.bin.1.180	0.837	HQ
MFD09286.bin.1.183	0.86	HQ
MFD09286.bin.1.185	0.873	HQ
MFD09286.bin.1.186	0.912	HQ
MFD09286.bin.1.187	0.867	HQ
MFD09286.bin.1.194	0.864	HQ
MFD09286.bin.1.20	0.887	HQ
MFD09286.bin.1.203	0.89	HQ
MFD09286.bin.1.210	0.895	HQ
MFD09286.bin.1.212	0.901	HQ
MFD09286.bin.1.235	0.835	HQ
MFD09286.bin.1.248	0.912	HQ
MFD09286.bin.1.251	0.901	HQ
MFD09286.bin.1.254	0.875	HQ
MFD09286.bin.1.255	0.843	HQ
MFD09286.bin.1.36	0.861	HQ
MFD09286.bin.1.44	0.865	HQ
MFD09286.bin.1.46	0.871	HQ
MFD09286.bin.1.47	0.862	HQ
MFD09286.bin.1.55	0.916	HQ
MFD09286.bin.1.60	0.887	HQ
MFD09286.bin.1.62	0.874	HQ
MFD09286.bin.1.8	0.874	HQ
MFD09286.bin.1.87	0.895	HQ
MFD09286.bin.2.44	0.901	HQ
MFD09286.bin.4.273	0.817	HQ
MFD09368.bin.1.121	0.875	HQ
MFD09368.bin.1.136	0.857	HQ
MFD09368.bin.1.142	0.882	HQ
MFD09368.bin.1.157	0.911	HQ
MFD09368.bin.1.176	0.899	HQ
MFD09368.bin.1.178	0.873	HQ
MFD09368.bin.1.179	0.904	HQ
MFD09368.bin.1.186	0.861	HQ
MFD09368.bin.1.187	0.855	HQ
MFD09368.bin.1.188	0.856	HQ
MFD09368.bin.1.2	0.88	HQ
MFD09368.bin.1.203	0.906	HQ
MFD09368.bin.1.210	0.897	HQ
MFD09368.bin.1.217	0.894	HQ
MFD09368.bin.1.220	0.906	HQ
MFD09368.bin.1.227	0.869	HQ
MFD09368.bin.1.228	0.935	HQ
MFD09368.bin.1.229	0.891	HQ
MFD09368.bin.1.23	0.907	HQ
MFD09368.bin.1.27	0.857	HQ
MFD09368.bin.1.28	0.901	HQ
MFD09368.bin.1.34	0.902	HQ
MFD09368.bin.1.39	0.877	HQ
MFD09368.bin.1.55	0.851	HQ
MFD09368.bin.1.57	0.847	HQ
MFD09368.bin.1.59	0.882	HQ
MFD09368.bin.1.64	0.92	HQ
MFD09368.bin.1.7	0.891	HQ
MFD09368.bin.1.80	0.934	HQ
MFD09368.bin.1.84	0.865	HQ
MFD09368.bin.1.87	0.92	HQ
MFD09368.bin.1.91	0.873	HQ
MFD09368.bin.2.160	0.863	HQ
MFD09368.bin.2.205	0.898	HQ
MFD09368.bin.3.158	0.91	HQ
MFD09368.bin.3.159	0.881	HQ
MFD09495.bin.1.102	0.874	HQ
MFD09495.bin.1.108	0.874	HQ
MFD09495.bin.1.110	0.933	HQ
MFD09495.bin.1.112	0.866	HQ
MFD09495.bin.1.125	0.906	HQ
MFD09495.bin.1.126	0.864	HQ
MFD09495.bin.1.128	0.856	HQ
MFD09495.bin.1.131	0.891	HQ
MFD09495.bin.1.132	0.904	HQ
MFD09495.bin.1.134	0.883	HQ
MFD09495.bin.1.135	0.835	HQ
MFD09495.bin.1.136	0.894	HQ
MFD09495.bin.1.139	0.892	HQ
MFD09495.bin.1.14	0.856	HQ
MFD09495.bin.1.18	0.845	HQ
MFD09495.bin.1.19	0.84	HQ
MFD09495.bin.1.2	0.909	HQ
MFD09495.bin.1.27	0.917	HQ
MFD09495.bin.1.3	0.832	HQ
MFD09495.bin.1.30	0.904	HQ
MFD09495.bin.1.31	0.925	HQ
MFD09495.bin.1.45	0.861	HQ
MFD09495.bin.1.5	0.907	HQ
MFD09495.bin.1.50	0.905	HQ
MFD09495.bin.1.52	0.884	HQ
MFD09495.bin.1.53	0.915	HQ
MFD09495.bin.1.55	0.878	HQ
MFD09495.bin.1.59	0.869	HQ
MFD09495.bin.1.6	0.888	HQ
MFD09495.bin.1.66	0.889	HQ
MFD09495.bin.1.69	0.885	HQ
MFD09495.bin.1.73	0.91	HQ
MFD09495.bin.1.76	0.907	HQ
MFD09495.bin.1.81	0.881	HQ
MFD09495.bin.2.19	0.89	HQ
MFD09495.bin.2.27	0.874	HQ
MFD09567.bin.1.113	0.88	HQ
MFD09567.bin.1.136	0.872	HQ
MFD09567.bin.1.139	0.874	HQ
MFD09567.bin.1.143	0.874	HQ
MFD09567.bin.1.28	0.793	HQ
MFD09567.bin.1.5	0.876	HQ
MFD09567.bin.1.55	0.819	HQ
MFD09567.bin.1.66	0.873	HQ
MFD09567.bin.1.70	0.857	HQ
MFD09567.bin.1.71	0.877	HQ
MFD09567.bin.1.80	0.859	HQ
MFD09567.bin.2.17	0.893	HQ
MFD09603.bin.1.1	0.875	HQ
MFD09603.bin.1.101	0.854	HQ
MFD09603.bin.1.103	0.888	HQ
MFD09603.bin.1.104	0.894	HQ
MFD09603.bin.1.106	0.884	HQ
MFD09603.bin.1.11	0.9	HQ
MFD09603.bin.1.110	0.852	HQ
MFD09603.bin.1.112	0.862	HQ
MFD09603.bin.1.114	0.88	HQ
MFD09603.bin.1.115	0.86	HQ
MFD09603.bin.1.116	0.909	HQ
MFD09603.bin.1.119	0.88	HQ
MFD09603.bin.1.123	0.907	HQ
MFD09603.bin.1.124	0.933	HQ
MFD09603.bin.1.127	0.876	HQ
MFD09603.bin.1.131	0.865	HQ
MFD09603.bin.1.137	0.871	HQ
MFD09603.bin.1.144	0.901	HQ
MFD09603.bin.1.156	0.853	HQ
MFD09603.bin.1.169	0.92	HQ
MFD09603.bin.1.193	0.931	HQ
MFD09603.bin.1.2	0.926	HQ
MFD09603.bin.1.21	0.892	HQ
MFD09603.bin.1.211	0.882	HQ
MFD09603.bin.1.217	0.894	HQ
MFD09603.bin.1.231	0.934	HQ
MFD09603.bin.1.24	0.884	HQ
MFD09603.bin.1.252	0.92	HQ
MFD09603.bin.1.255	0.872	HQ
MFD09603.bin.1.256	0.882	HQ
MFD09603.bin.1.265	0.9	HQ
MFD09603.bin.1.268	0.904	HQ
MFD09603.bin.1.269	0.846	HQ
MFD09603.bin.1.270	0.937	HQ
MFD09603.bin.1.271	0.919	HQ
MFD09603.bin.1.272	0.862	HQ
MFD09603.bin.1.273	0.895	HQ
MFD09603.bin.1.275	0.911	HQ
MFD09603.bin.1.278	0.878	HQ
MFD09603.bin.1.279	0.87	HQ
MFD09603.bin.1.281	0.884	HQ
MFD09603.bin.1.283	0.901	HQ
MFD09603.bin.1.284	0.905	HQ
MFD09603.bin.1.285	0.884	HQ
MFD09603.bin.1.286	0.894	HQ
MFD09603.bin.1.288	0.895	HQ
MFD09603.bin.1.298	0.893	HQ
MFD09603.bin.1.304	0.91	HQ
MFD09603.bin.1.312	0.883	HQ
MFD09603.bin.1.313	0.869	HQ
MFD09603.bin.1.315	0.889	HQ
MFD09603.bin.1.316	0.884	HQ
MFD09603.bin.1.317	0.873	HQ
MFD09603.bin.1.32	0.878	HQ
MFD09603.bin.1.324	0.889	HQ
MFD09603.bin.1.325	0.845	HQ
MFD09603.bin.1.33	0.923	HQ
MFD09603.bin.1.340	0.875	HQ
MFD09603.bin.1.341	0.862	HQ
MFD09603.bin.1.350	0.883	HQ
MFD09603.bin.1.351	0.93	HQ
MFD09603.bin.1.362	0.909	HQ
MFD09603.bin.1.365	0.89	HQ
MFD09603.bin.1.367	0.918	HQ
MFD09603.bin.1.369	0.916	HQ
MFD09603.bin.1.37	0.911	HQ
MFD09603.bin.1.371	0.917	HQ
MFD09603.bin.1.377	0.912	HQ
MFD09603.bin.1.382	0.871	HQ
MFD09603.bin.1.392	0.908	HQ
MFD09603.bin.1.394	0.91	HQ
MFD09603.bin.1.396	0.889	HQ
MFD09603.bin.1.397	0.915	HQ
MFD09603.bin.1.4	0.911	HQ
MFD09603.bin.1.401	0.889	HQ
MFD09603.bin.1.402	0.904	HQ
MFD09603.bin.1.409	0.875	HQ
MFD09603.bin.1.413	0.892	HQ
MFD09603.bin.1.43	0.886	HQ
MFD09603.bin.1.46	0.896	HQ
MFD09603.bin.1.48	0.887	HQ
MFD09603.bin.1.49	0.881	HQ
MFD09603.bin.1.5	0.881	HQ
MFD09603.bin.1.51	0.927	HQ
MFD09603.bin.1.64	0.913	HQ
MFD09603.bin.1.68	0.91	HQ
MFD09603.bin.1.77	0.82	HQ
MFD09603.bin.1.8	0.884	HQ
MFD09603.bin.1.80	0.893	HQ
MFD09603.bin.1.83	0.846	HQ
MFD09603.bin.1.86	0.908	HQ
MFD09603.bin.1.87	0.906	HQ
MFD09603.bin.1.95	0.913	HQ
MFD09603.bin.1.97	0.877	HQ
MFD09603.bin.1.99	0.878	HQ
MFD09603.bin.2.107	0.848	HQ
MFD09603.bin.2.159	0.9	HQ
MFD09603.bin.2.160	0.913	HQ
MFD09603.bin.2.166	0.87	HQ
MFD09603.bin.2.169	0.896	HQ
MFD09603.bin.2.203	0.884	HQ
MFD09603.bin.2.224	0.887	HQ
MFD09603.bin.2.235	0.91	HQ
MFD09603.bin.2.240	0.894	HQ
MFD09603.bin.2.72	0.91	HQ
MFD09671.bin.1.108	0.848	HQ
MFD09671.bin.1.113	0.895	HQ
MFD09671.bin.1.114	0.907	HQ
MFD09671.bin.1.115	0.9	HQ
MFD09671.bin.1.12	0.853	HQ
MFD09671.bin.1.120	0.892	HQ
MFD09671.bin.1.121	0.89	HQ
MFD09671.bin.1.122	0.885	HQ
MFD09671.bin.1.125	0.91	HQ
MFD09671.bin.1.132	0.855	HQ
MFD09671.bin.1.136	0.881	HQ
MFD09671.bin.1.140	0.914	HQ
MFD09671.bin.1.150	0.897	HQ
MFD09671.bin.1.153	0.903	HQ
MFD09671.bin.1.154	0.88	HQ
MFD09671.bin.1.159	0.915	HQ
MFD09671.bin.1.161	0.877	HQ
MFD09671.bin.1.162	0.844	HQ
MFD09671.bin.1.182	0.838	HQ
MFD09671.bin.1.184	0.922	HQ
MFD09671.bin.1.186	0.874	HQ
MFD09671.bin.1.189	0.89	HQ
MFD09671.bin.1.19	0.887	HQ
MFD09671.bin.1.193	0.922	HQ
MFD09671.bin.1.194	0.878	HQ
MFD09671.bin.1.197	0.88	HQ
MFD09671.bin.1.200	0.875	HQ
MFD09671.bin.1.201	0.871	HQ
MFD09671.bin.1.203	0.923	HQ
MFD09671.bin.1.206	0.916	HQ
MFD09671.bin.1.22	0.88	HQ
MFD09671.bin.1.3	0.891	HQ
MFD09671.bin.1.34	0.888	HQ
MFD09671.bin.1.35	0.919	HQ
MFD09671.bin.1.4	0.914	HQ
MFD09671.bin.1.41	0.895	HQ
MFD09671.bin.1.42	0.877	HQ
MFD09671.bin.1.43	0.903	HQ
MFD09671.bin.1.44	0.935	HQ
MFD09671.bin.1.46	0.874	HQ
MFD09671.bin.1.48	0.866	HQ
MFD09671.bin.1.5	0.911	HQ
MFD09671.bin.1.50	0.91	HQ
MFD09671.bin.1.53	0.894	HQ
MFD09671.bin.1.54	0.843	HQ
MFD09671.bin.1.56	0.851	HQ
MFD09671.bin.1.63	0.883	HQ
MFD09671.bin.1.74	0.873	HQ
MFD09671.bin.1.78	0.87	HQ
MFD09671.bin.1.97	0.91	HQ
MFD09671.bin.4.117	0.867	HQ
MFD09730.bin.1.101	0.899	HQ
MFD09730.bin.1.114	0.852	HQ
MFD09730.bin.1.117	0.906	HQ
MFD09730.bin.1.134	0.916	HQ
MFD09730.bin.1.146	0.916	HQ
MFD09730.bin.1.148	0.894	HQ
MFD09730.bin.1.164	0.88	HQ
MFD09730.bin.1.17	0.864	HQ
MFD09730.bin.1.170	0.883	HQ
MFD09730.bin.1.55	0.878	HQ
MFD09730.bin.1.56	0.916	HQ
MFD09730.bin.1.57	0.866	HQ
MFD09730.bin.1.8	0.912	HQ
MFD09730.bin.1.81	0.861	HQ
MFD09730.bin.1.93	0.908	HQ
MFD09730.bin.1.97	0.901	HQ
MFD09779.bin.1.101	0.871	HQ
MFD09779.bin.1.102	0.812	HQ
MFD09779.bin.1.108	0.87	HQ
MFD09779.bin.1.114	0.839	HQ
MFD09779.bin.1.115	0.878	HQ
MFD09779.bin.1.123	0.852	HQ
MFD09779.bin.1.125	0.839	HQ
MFD09779.bin.1.13	0.883	HQ
MFD09779.bin.1.133	0.897	HQ
MFD09779.bin.1.15	0.872	HQ
MFD09779.bin.1.20	0.92	HQ
MFD09779.bin.1.200	0.882	HQ
MFD09779.bin.1.202	0.922	HQ
MFD09779.bin.1.204	0.922	HQ
MFD09779.bin.1.205	0.896	HQ
MFD09779.bin.1.207	0.912	HQ
MFD09779.bin.1.209	0.894	HQ
MFD09779.bin.1.212	0.826	HQ
MFD09779.bin.1.213	0.798	HQ
MFD09779.bin.1.215	0.906	HQ
MFD09779.bin.1.219	0.915	HQ
MFD09779.bin.1.220	0.862	HQ
MFD09779.bin.1.221	0.893	HQ
MFD09779.bin.1.222	0.899	HQ
MFD09779.bin.1.231	0.88	HQ
MFD09779.bin.1.234	0.882	HQ
MFD09779.bin.1.235	0.919	HQ
MFD09779.bin.1.237	0.922	HQ
MFD09779.bin.1.238	0.85	HQ
MFD09779.bin.1.239	0.909	HQ
MFD09779.bin.1.24	0.844	HQ
MFD09779.bin.1.242	0.894	HQ
MFD09779.bin.1.243	0.9	HQ
MFD09779.bin.1.244	0.909	HQ
MFD09779.bin.1.245	0.892	HQ
MFD09779.bin.1.250	0.893	HQ
MFD09779.bin.1.252	0.858	HQ
MFD09779.bin.1.256	0.892	HQ
MFD09779.bin.1.259	0.853	HQ
MFD09779.bin.1.263	0.919	HQ
MFD09779.bin.1.273	0.934	HQ
MFD09779.bin.1.277	0.906	HQ
MFD09779.bin.1.280	0.882	HQ
MFD09779.bin.1.281	0.842	HQ
MFD09779.bin.1.284	0.915	HQ
MFD09779.bin.1.286	0.894	HQ
MFD09779.bin.1.292	0.857	HQ
MFD09779.bin.1.294	0.862	HQ
MFD09779.bin.1.300	0.883	HQ
MFD09779.bin.1.308	0.853	HQ
MFD09779.bin.1.311	0.886	HQ
MFD09779.bin.1.312	0.909	HQ
MFD09779.bin.1.317	0.857	HQ
MFD09779.bin.1.323	0.91	HQ
MFD09779.bin.1.324	0.888	HQ
MFD09779.bin.1.325	0.913	HQ
MFD09779.bin.1.328	0.895	HQ
MFD09779.bin.1.329	0.93	HQ
MFD09779.bin.1.338	0.881	HQ
MFD09779.bin.1.340	0.887	HQ
MFD09779.bin.1.345	0.902	HQ
MFD09779.bin.1.346	0.844	HQ
MFD09779.bin.1.351	0.882	HQ
MFD09779.bin.1.356	0.911	HQ
MFD09779.bin.1.358	0.896	HQ
MFD09779.bin.1.359	0.889	HQ
MFD09779.bin.1.362	0.901	HQ
MFD09779.bin.1.363	0.917	HQ
MFD09779.bin.1.366	0.906	HQ
MFD09779.bin.1.373	0.905	HQ
MFD09779.bin.1.375	0.908	HQ
MFD09779.bin.1.378	0.905	HQ
MFD09779.bin.1.4	0.869	HQ
MFD09779.bin.1.42	0.9	HQ
MFD09779.bin.1.45	0.837	HQ
MFD09779.bin.1.47	0.884	HQ
MFD09779.bin.1.48	0.882	HQ
MFD09779.bin.1.49	0.88	HQ
MFD09779.bin.1.51	0.892	HQ
MFD09779.bin.1.57	0.916	HQ
MFD09779.bin.1.6	0.911	HQ
MFD09779.bin.1.63	0.877	HQ
MFD09779.bin.1.64	0.905	HQ
MFD09779.bin.1.65	0.934	HQ
MFD09779.bin.1.66	0.89	HQ
MFD09779.bin.1.69	0.912	HQ
MFD09779.bin.1.7	0.909	HQ
MFD09779.bin.1.71	0.873	HQ
MFD09779.bin.1.73	0.875	HQ
MFD09779.bin.1.77	0.892	HQ
MFD09779.bin.1.78	0.895	HQ
MFD09779.bin.1.81	0.893	HQ
MFD09779.bin.1.82	0.927	HQ
MFD09779.bin.1.83	0.918	HQ
MFD09779.bin.1.84	0.86	HQ
MFD09779.bin.1.86	0.919	HQ
MFD09779.bin.1.87	0.862	HQ
MFD09779.bin.1.88	0.825	HQ
MFD09779.bin.1.9	0.92	HQ
MFD09779.bin.1.91	0.897	HQ
MFD09779.bin.1.96	0.879	HQ
MFD09779.bin.1.97	0.904	HQ
MFD09779.bin.1.99	0.842	HQ
MFD09779.bin.2.245	0.913	HQ
MFD09779.bin.2.74	0.877	HQ
MFD09779.bin.3.448	0.905	HQ
MFD09848.bin.1.108	0.879	HQ
MFD09848.bin.1.114	0.897	HQ
MFD09848.bin.1.116	0.88	HQ
MFD09848.bin.1.119	0.893	HQ
MFD09848.bin.1.27	0.867	HQ
MFD09848.bin.1.29	0.895	HQ
MFD09848.bin.1.64	0.888	HQ
MFD09848.bin.1.96	0.89	HQ
MFD09848.bin.3.70	0.883	HQ
MFD09964.bin.1.10	0.888	HQ
MFD09964.bin.1.100	0.901	HQ
MFD09964.bin.1.108	0.908	HQ
MFD09964.bin.1.111	0.871	HQ
MFD09964.bin.1.113	0.882	HQ
MFD09964.bin.1.117	0.89	HQ
MFD09964.bin.1.132	0.896	HQ
MFD09964.bin.1.142	0.83	HQ
MFD09964.bin.1.155	0.857	HQ
MFD09964.bin.1.169	0.897	HQ
MFD09964.bin.1.174	0.896	HQ
MFD09964.bin.1.182	0.893	HQ
MFD09964.bin.1.189	0.913	HQ
MFD09964.bin.1.191	0.861	HQ
MFD09964.bin.1.195	0.913	HQ
MFD09964.bin.1.198	0.89	HQ
MFD09964.bin.1.200	0.923	HQ
MFD09964.bin.1.201	0.924	HQ
MFD09964.bin.1.206	0.869	HQ
MFD09964.bin.1.207	0.891	HQ
MFD09964.bin.1.209	0.897	HQ
MFD09964.bin.1.214	0.851	HQ
MFD09964.bin.1.215	0.92	HQ
MFD09964.bin.1.222	0.849	HQ
MFD09964.bin.1.228	0.875	HQ
MFD09964.bin.1.233	0.918	HQ
MFD09964.bin.1.234	0.905	HQ
MFD09964.bin.1.235	0.905	HQ
MFD09964.bin.1.236	0.903	HQ
MFD09964.bin.1.24	0.866	HQ
MFD09964.bin.1.240	0.907	HQ
MFD09964.bin.1.247	0.908	HQ
MFD09964.bin.1.258	0.889	HQ
MFD09964.bin.1.27	0.876	HQ
MFD09964.bin.1.272	0.915	HQ
MFD09964.bin.1.275	0.898	HQ
MFD09964.bin.1.28	0.912	HQ
MFD09964.bin.1.280	0.881	HQ
MFD09964.bin.1.283	0.908	HQ
MFD09964.bin.1.284	0.885	HQ
MFD09964.bin.1.29	0.894	HQ
MFD09964.bin.1.290	0.898	HQ
MFD09964.bin.1.292	0.918	HQ
MFD09964.bin.1.297	0.913	HQ
MFD09964.bin.1.3	0.895	HQ
MFD09964.bin.1.301	0.902	HQ
MFD09964.bin.1.307	0.912	HQ
MFD09964.bin.1.308	0.888	HQ
MFD09964.bin.1.31	0.857	HQ
MFD09964.bin.1.311	0.903	HQ
MFD09964.bin.1.312	0.884	HQ
MFD09964.bin.1.317	0.92	HQ
MFD09964.bin.1.32	0.902	HQ
MFD09964.bin.1.333	0.911	HQ
MFD09964.bin.1.336	0.916	HQ
MFD09964.bin.1.34	0.863	HQ
MFD09964.bin.1.340	0.926	HQ
MFD09964.bin.1.345	0.899	HQ
MFD09964.bin.1.347	0.879	HQ
MFD09964.bin.1.35	0.898	HQ
MFD09964.bin.1.357	0.904	HQ
MFD09964.bin.1.36	0.904	HQ
MFD09964.bin.1.362	0.91	HQ
MFD09964.bin.1.363	0.908	HQ
MFD09964.bin.1.364	0.903	HQ
MFD09964.bin.1.366	0.878	HQ
MFD09964.bin.1.373	0.901	HQ
MFD09964.bin.1.374	0.913	HQ
MFD09964.bin.1.383	0.885	HQ
MFD09964.bin.1.42	0.922	HQ
MFD09964.bin.1.44	0.913	HQ
MFD09964.bin.1.5	0.872	HQ
MFD09964.bin.1.53	0.9	HQ
MFD09964.bin.1.59	0.853	HQ
MFD09964.bin.1.60	0.884	HQ
MFD09964.bin.1.62	0.894	HQ
MFD09964.bin.1.66	0.841	HQ
MFD09964.bin.1.67	0.922	HQ
MFD09964.bin.1.68	0.896	HQ
MFD09964.bin.1.69	0.932	HQ
MFD09964.bin.1.7	0.895	HQ
MFD09964.bin.1.70	0.912	HQ
MFD09964.bin.1.74	0.894	HQ
MFD09964.bin.1.76	0.924	HQ
MFD09964.bin.1.77	0.918	HQ
MFD09964.bin.1.78	0.844	HQ
MFD09964.bin.1.79	0.91	HQ
MFD09964.bin.1.80	0.913	HQ
MFD09964.bin.1.83	0.92	HQ
MFD09964.bin.1.87	0.909	HQ
MFD09964.bin.1.93	0.901	HQ
MFD09964.bin.1.96	0.901	HQ
MFD09964.bin.1.97	0.918	HQ
MFD09964.bin.1.98	0.87	HQ
MFD09964.bin.2.104	0.915	HQ
MFD09964.bin.2.144	0.844	HQ
MFD09964.bin.2.169	0.897	HQ
MFD09964.bin.2.177	0.894	HQ
MFD09964.bin.2.187	0.858	HQ
MFD09964.bin.2.250	0.902	HQ
MFD09964.bin.2.260	0.839	HQ
MFD09964.bin.2.30	0.903	HQ
MFD09964.bin.2.64	0.879	HQ
MFD09964.bin.2.72	0.877	HQ
MFD09964.bin.3.183	0.919	HQ
MFD09964.bin.3.367	0.865	HQ
MFD10007.bin.1.1	0.89	HQ
MFD10007.bin.1.10	0.909	HQ
MFD10007.bin.1.118	0.906	HQ
MFD10007.bin.1.119	0.869	HQ
MFD10007.bin.1.123	0.917	HQ
MFD10007.bin.1.132	0.896	HQ
MFD10007.bin.1.148	0.917	HQ
MFD10007.bin.1.169	0.858	HQ
MFD10007.bin.1.171	0.831	HQ
MFD10007.bin.1.176	0.909	HQ
MFD10007.bin.1.19	0.826	HQ
MFD10007.bin.1.200	0.882	HQ
MFD10007.bin.1.21	0.885	HQ
MFD10007.bin.1.210	0.878	HQ
MFD10007.bin.1.230	0.899	HQ
MFD10007.bin.1.237	0.913	HQ
MFD10007.bin.1.241	0.843	HQ
MFD10007.bin.1.245	0.913	HQ
MFD10007.bin.1.248	0.922	HQ
MFD10007.bin.1.27	0.901	HQ
MFD10007.bin.1.28	0.85	HQ
MFD10007.bin.1.33	0.893	HQ
MFD10007.bin.1.37	0.906	HQ
MFD10007.bin.1.45	0.914	HQ
MFD10007.bin.1.48	0.94	HQ
MFD10007.bin.1.59	0.857	HQ
MFD10007.bin.1.62	0.906	HQ
MFD10007.bin.1.78	0.919	HQ
MFD10007.bin.2.2	0.842	HQ
MFD10043.bin.1.17	0.898	HQ
MFD10043.bin.1.19	0.921	HQ
MFD10064.bin.1.1	0.917	HQ
MFD10064.bin.1.109	0.877	HQ
MFD10064.bin.1.114	0.877	HQ
MFD10064.bin.1.12	0.86	HQ
MFD10064.bin.1.125	0.894	HQ
MFD10064.bin.1.144	0.907	HQ
MFD10064.bin.1.147	0.879	HQ
MFD10064.bin.1.149	0.877	HQ
MFD10064.bin.1.15	0.873	HQ
MFD10064.bin.1.151	0.85	HQ
MFD10064.bin.1.16	0.861	HQ
MFD10064.bin.1.18	0.865	HQ
MFD10064.bin.1.2	0.896	HQ
MFD10064.bin.1.20	0.912	HQ
MFD10064.bin.1.24	0.882	HQ
MFD10064.bin.1.26	0.913	HQ
MFD10064.bin.1.32	0.868	HQ
MFD10064.bin.1.39	0.902	HQ
MFD10064.bin.1.43	0.874	HQ
MFD10064.bin.1.46	0.909	HQ
MFD10064.bin.1.47	0.883	HQ
MFD10064.bin.1.59	0.858	HQ
MFD10064.bin.1.74	0.842	HQ
MFD10064.bin.1.75	0.847	HQ
MFD10064.bin.1.78	0.904	HQ
MFD10064.bin.1.81	0.886	HQ
MFD10064.bin.1.84	0.859	HQ
MFD10064.bin.1.97	0.881	HQ
MFD10064.bin.2.52	0.867	HQ
MFD10064.bin.3.223	0.868	HQ
MFD10071.bin.1.10	0.862	HQ
MFD10071.bin.1.120	0.857	HQ
MFD10071.bin.1.134	0.851	HQ
MFD10071.bin.1.136	0.853	HQ
MFD10071.bin.1.140	0.876	HQ
MFD10071.bin.1.144	0.857	HQ
MFD10071.bin.1.145	0.86	HQ
MFD10071.bin.1.35	0.91	HQ
MFD10071.bin.1.44	0.865	HQ
MFD10071.bin.1.48	0.875	HQ
MFD10071.bin.1.71	0.869	HQ
MFD10071.bin.1.72	0.874	HQ
MFD10071.bin.1.76	0.846	HQ
MFD10071.bin.1.91	0.862	HQ
MFD10071.bin.2.26	0.842	HQ
MFD10071.bin.3.21	0.86	HQ
MFD10097.bin.1.10	0.894	HQ
MFD10097.bin.1.12	0.906	HQ
MFD10097.bin.1.23	0.91	HQ
MFD10097.bin.1.24	0.9	HQ
MFD10097.bin.1.3	0.892	HQ
MFD10097.bin.1.32	0.894	HQ
MFD10097.bin.1.35	0.912	HQ
MFD10097.bin.1.37	0.905	HQ
MFD10097.bin.1.39	0.891	HQ
MFD10097.bin.1.40	0.89	HQ
MFD10097.bin.1.8	0.882	HQ
MFD10097.bin.2.3	0.855	HQ
MFD10113.bin.1.111	0.836	HQ
MFD10113.bin.1.126	0.85	HQ
MFD10113.bin.1.130	0.831	HQ
MFD10113.bin.1.138	0.894	HQ
MFD10113.bin.1.14	0.877	HQ
MFD10113.bin.1.142	0.891	HQ
MFD10113.bin.1.15	0.876	HQ
MFD10113.bin.1.151	0.902	HQ
MFD10113.bin.1.179	0.891	HQ
MFD10113.bin.1.188	0.873	HQ
MFD10113.bin.1.191	0.891	HQ
MFD10113.bin.1.199	0.868	HQ
MFD10113.bin.1.20	0.881	HQ
MFD10113.bin.1.207	0.888	HQ
MFD10113.bin.1.227	0.839	HQ
MFD10113.bin.1.27	0.907	HQ
MFD10113.bin.1.28	0.9	HQ
MFD10113.bin.1.29	0.875	HQ
MFD10113.bin.1.38	0.889	HQ
MFD10113.bin.1.44	0.916	HQ
MFD10113.bin.1.46	0.889	HQ
MFD10113.bin.1.57	0.881	HQ
MFD10113.bin.1.77	0.864	HQ
MFD10113.bin.1.80	0.857	HQ
MFD10113.bin.2.190	0.903	HQ
MFD10113.bin.2.63	0.883	HQ
MFD10113.bin.3.538	0.88	HQ
MFD00008.bin.1.167	0.876	HQ
MFD00031.bin.1.112	0.899	HQ
MFD00032.bin.1.135	0.816	HQ
MFD00032.bin.1.220	0.815	HQ
MFD00032.bin.1.38	0.825	HQ
MFD00032.bin.1.50	0.81	HQ
MFD00032.bin.1.54	0.843	HQ
MFD00082.bin.1.130	0.802	HQ
MFD00822.bin.1.234	0.833	HQ
MFD00905.bin.1.137	0.829	HQ
MFD01112.bin.1.15	0.808	HQ
MFD01112.bin.2.5	0.795	HQ
MFD01188.bin.1.48	0.831	HQ
MFD01188.bin.2.15	0.833	HQ
MFD01231.bin.1.25	0.773	HQ
MFD01299.bin.1.1	0.819	HQ
MFD01299.bin.1.8	0.853	HQ
MFD01476.bin.1.122	0.83	HQ
MFD01476.bin.1.202	0.83	HQ
MFD01476.bin.1.217	0.834	HQ
MFD01476.bin.1.243	0.824	HQ
MFD01689.bin.1.29	0.914	HQ
MFD01689.bin.1.3	0.903	HQ
MFD01689.bin.1.58	0.914	HQ
MFD01689.bin.1.59	0.927	HQ
MFD01716.bin.1.165	0.785	HQ
MFD01716.bin.1.47	0.567	HQ
MFD01872.bin.1.205	0.819	HQ
MFD01872.bin.1.306	0.833	HQ
MFD01872.bin.1.337	0.813	HQ
MFD01872.bin.2.229	0.801	HQ
MFD01916.bin.1.74	0.722	HQ
MFD02134.bin.1.155	0.839	HQ
MFD02138.bin.1.8	0.808	HQ
MFD02138.bin.1.89	0.908	HQ
MFD02138.bin.1.95	0.752	HQ
MFD02360.bin.2.160	0.681	HQ
MFD02360.bin.3.578	0.728	HQ
MFD02416.bin.1.122	0.854	HQ
MFD02416.bin.1.248	0.821	HQ
MFD02416.bin.1.250	0.831	HQ
MFD02416.bin.1.252	0.855	HQ
MFD02416.bin.1.253	0.814	HQ
MFD02416.bin.1.259	0.822	HQ
MFD02416.bin.1.260	0.838	HQ
MFD02416.bin.1.261	0.858	HQ
MFD02416.bin.1.263	0.837	HQ
MFD02416.bin.1.292	0.837	HQ
MFD02416.bin.1.348	0.8	HQ
MFD02416.bin.2.149	0.835	HQ
MFD02809.bin.1.192	0.842	HQ
MFD02809.bin.1.329	0.875	HQ
MFD02809.bin.1.56	0.808	HQ
MFD02923.bin.1.1	0.816	HQ
MFD02979.bin.1.52	0.888	HQ
MFD03323.bin.1.25	0.807	HQ
MFD03726.bin.1.102	0.847	HQ
MFD03726.bin.1.105	0.843	HQ
MFD03726.bin.1.205	0.828	HQ
MFD03726.bin.1.224	0.831	HQ
MFD03726.bin.1.7	0.913	HQ
MFD03899.bin.1.101	0.729	HQ
MFD03899.bin.1.103	0.82	HQ
MFD03899.bin.1.38	0.733	HQ
MFD03899.bin.2.194	0.879	HQ
MFD04408.bin.1.101	0.84	HQ
MFD04408.bin.1.228	0.815	HQ
MFD04408.bin.1.32	0.852	HQ
MFD04408.bin.1.91	0.868	HQ
MFD04492.bin.1.118	0.817	HQ
MFD04492.bin.1.23	0.832	HQ
MFD04492.bin.2.70	0.83	HQ
MFD04716.bin.1.234	0.819	HQ
MFD04716.bin.1.240	0.844	HQ
MFD04716.bin.1.246	0.817	HQ
MFD04716.bin.1.417	0.861	HQ
MFD04716.bin.1.87	0.904	HQ
MFD04716.bin.3.283	0.839	HQ
MFD04850.bin.1.355	0.797	HQ
MFD04935.bin.2.128	0.724	HQ
MFD05088.bin.1.88	0.667	HQ
MFD05176.bin.1.11	0.733	HQ
MFD05442.bin.1.295	0.794	HQ
MFD05512.bin.1.236	0.789	HQ
MFD05580.bin.1.33	0.796	HQ
MFD05580.bin.1.78	0.877	HQ
MFD05674.bin.1.100	0.826	HQ
MFD05674.bin.1.171	0.664	HQ
MFD05674.bin.3.274	0.811	HQ
MFD05747.bin.1.218	0.705	HQ
MFD05942.bin.1.278	0.728	HQ
MFD05942.bin.1.284	0.829	HQ
MFD05942.bin.1.286	0.834	HQ
MFD05942.bin.2.52	0.832	HQ
MFD07691.bin.2.42	0.703	HQ
MFD07830.bin.1.11	0.696	HQ
MFD07830.bin.2.9	0.655	HQ
MFD09055.bin.1.28	0.692	HQ
MFD09126.bin.1.22	0.744	HQ
MFD09212.bin.1.10	0.738	HQ
MFD09212.bin.1.231	0.823	HQ
MFD09222.bin.1.10	0.886	HQ
MFD09222.bin.1.112	0.91	HQ
MFD09222.bin.1.113	0.909	HQ
MFD09222.bin.1.114	0.9	HQ
MFD09222.bin.1.12	0.865	HQ
MFD09222.bin.1.49	0.881	HQ
MFD09567.bin.1.8	0.875	HQ
MFD09603.bin.1.314	0.628	HQ
MFD09603.bin.1.404	0.653	HQ
MFD10007.bin.1.192	0.721	HQ
MFD10007.bin.1.217	0.671	HQ
MFD10007.bin.4.328	0.717	HQ
MFD00008.bin.c.1	0.873	HQ
MFD00008.bin.c.2	0.868	HQ
MFD00008.bin.c.3	0.891	HQ
MFD00031.bin.c.1	0.874	MQ
MFD00031.bin.c.2	0.888	MQ
MFD00031.bin.c.3	0.907	HQ
MFD00032.bin.c.1	0.913	HQ
MFD00082.bin.c.1	0.894	HQ
MFD00082.bin.c.3	0.899	MQ
MFD00082.bin.c.5	0.878	HQ
MFD00082.bin.c.6	0.882	MQ
MFD00082.bin.c.7	0.877	MQ
MFD00082.bin.c.8	0.903	HQ
MFD00125.bin.c.1	0.892	HQ
MFD00731.bin.c.1	0.848	MQ
MFD00731.bin.c.2	0.885	HQ
MFD00731.bin.c.3	0.896	HQ
MFD00731.bin.c.4	0.918	HQ
MFD00731.bin.c.6	0.874	MQ
MFD00822.bin.c.1	0.855	HQ
MFD00822.bin.c.2	0.9	HQ
MFD00905.bin.c.1	0.865	HQ
MFD00905.bin.c.3	0.906	HQ
MFD00964.bin.c.1	0.852	MQ
MFD00991.bin.c.1	0.906	HQ
MFD01112.bin.c.2	0.875	HQ
MFD01188.bin.c.1	0.894	HQ
MFD01213.bin.c.1	0.866	HQ
MFD01213.bin.c.2	0.912	HQ
MFD01213.bin.c.3	0.834	MQ
MFD01213.bin.c.4	0.916	HQ
MFD01231.bin.c.1	0.836	MQ
MFD01231.bin.c.2	0.836	HQ
MFD01231.bin.c.3	0.842	HQ
MFD01231.bin.c.4	0.883	HQ
MFD01248.bin.c.1	0.892	HQ
MFD01248.bin.c.2	0.884	HQ
MFD01275.bin.c.1	0.82	MQ
MFD01275.bin.c.12	0.881	HQ
MFD01275.bin.c.18	0.9	HQ
MFD01275.bin.c.19	0.894	HQ
MFD01275.bin.c.2	0.919	HQ
MFD01275.bin.c.20	0.874	MQ
MFD01275.bin.c.21	0.838	MQ
MFD01275.bin.c.22	0.925	HQ
MFD01275.bin.c.23	0.895	MQ
MFD01275.bin.c.24	0.906	HQ
MFD01275.bin.c.3	0.905	HQ
MFD01275.bin.c.4	0.927	HQ
MFD01275.bin.c.5	0.915	MQ
MFD01275.bin.c.6	0.932	HQ
MFD01275.bin.c.7	0.905	HQ
MFD01275.bin.c.8	0.849	HQ
MFD01299.bin.c.1	0.83	MQ
MFD01299.bin.c.2	0.862	MQ
MFD01299.bin.c.3	0.867	HQ
MFD01299.bin.c.4	0.888	HQ
MFD01299.bin.c.5	0.936	HQ
MFD01476.bin.c.1	0.862	HQ
MFD01476.bin.c.5	0.896	HQ
MFD01476.bin.c.8	0.897	HQ
MFD01561.bin.c.1	0.814	MQ
MFD01633.bin.c.1	0.891	HQ
MFD01633.bin.c.2	0.905	HQ
MFD01633.bin.c.3	0.881	HQ
MFD01689.bin.c.1	0.858	MQ
MFD01689.bin.c.2	0.927	HQ
MFD01689.bin.c.3	0.942	HQ
MFD01716.bin.c.1	0.883	HQ
MFD01721.bin.c.1	0.882	MQ
MFD01721.bin.c.4	0.815	HQ
MFD01721.bin.c.5	0.889	HQ
MFD01721.bin.c.7	0.9	HQ
MFD01828.bin.c.1	0.835	HQ
MFD01872.bin.c.1	0.862	MQ
MFD01872.bin.c.2	0.84	MQ
MFD01916.bin.c.1	0.86	HQ
MFD01916.bin.c.3	0.881	HQ
MFD01916.bin.c.4	0.864	HQ
MFD01916.bin.c.5	0.859	HQ
MFD01916.bin.c.6	0.938	HQ
MFD01916.bin.c.7	0.931	HQ
MFD01916.bin.c.8	0.916	HQ
MFD02134.bin.c.1	0.882	MQ
MFD02134.bin.c.2	0.852	MQ
MFD02134.bin.c.3	0.879	MQ
MFD02242.bin.c.1	0.909	MQ
MFD02242.bin.c.2	0.915	HQ
MFD02248.bin.c.1	0.844	HQ
MFD02416.bin.c.1	0.843	MQ
MFD02416.bin.c.12	0.896	MQ
MFD02416.bin.c.14	0.913	HQ
MFD02416.bin.c.16	0.914	HQ
MFD02416.bin.c.17	0.919	HQ
MFD02416.bin.c.2	0.92	HQ
MFD02416.bin.c.20	0.923	HQ
MFD02416.bin.c.3	0.907	HQ
MFD02416.bin.c.4	0.901	HQ
MFD02579.bin.c.1	0.858	HQ
MFD02581.bin.c.1	0.862	HQ
MFD02832.bin.c.1	0.87	HQ
MFD02832.bin.c.2	0.907	HQ
MFD02832.bin.c.3	0.861	MQ
MFD02840.bin.c.1	0.886	HQ
MFD02840.bin.c.2	0.912	HQ
MFD02840.bin.c.3	0.914	HQ
MFD02923.bin.c.1	0.883	HQ
MFD02979.bin.c.1	0.876	MQ
MFD02979.bin.c.2	0.91	MQ
MFD02979.bin.c.4	0.9	HQ
MFD02979.bin.c.5	0.827	HQ
MFD03066.bin.c.1	0.882	HQ
MFD03066.bin.c.2	0.883	HQ
MFD03066.bin.c.3	0.904	HQ
MFD03250.bin.c.1	0.896	HQ
MFD03250.bin.c.2	0.896	HQ
MFD03250.bin.c.3	0.887	HQ
MFD03250.bin.c.4	0.887	HQ
MFD03250.bin.c.5	0.933	HQ
MFD03250.bin.c.6	0.893	HQ
MFD03250.bin.c.7	0.916	HQ
MFD03399.bin.c.2	0.871	HQ
MFD03399.bin.c.3	0.829	HQ
MFD03399.bin.c.4	0.855	HQ
MFD03602.bin.c.1	0.857	MQ
MFD03726.bin.c.1	0.893	HQ
MFD03726.bin.c.10	0.869	HQ
MFD03726.bin.c.11	0.882	HQ
MFD03726.bin.c.12	0.894	HQ
MFD03726.bin.c.14	0.878	HQ
MFD03726.bin.c.2	0.84	MQ
MFD03726.bin.c.3	0.927	HQ
MFD03726.bin.c.4	0.902	HQ
MFD03726.bin.c.5	0.903	HQ
MFD03726.bin.c.7	0.904	HQ
MFD03726.bin.c.8	0.876	HQ
MFD03726.bin.c.9	0.894	HQ
MFD03899.bin.c.1	0.946	HQ
MFD03975.bin.c.1	0.923	HQ
MFD03975.bin.c.2	0.935	HQ
MFD04212.bin.c.1	0.86	HQ
MFD04212.bin.c.10	0.916	HQ
MFD04212.bin.c.11	0.922	HQ
MFD04212.bin.c.12	0.939	HQ
MFD04212.bin.c.13	0.864	HQ
MFD04212.bin.c.6	0.889	HQ
MFD04212.bin.c.7	0.942	HQ
MFD04212.bin.c.8	0.91	HQ
MFD04212.bin.c.9	0.926	HQ
MFD04408.bin.c.1	0.897	HQ
MFD04408.bin.c.6	0.899	HQ
MFD04434.bin.c.1	0.919	HQ
MFD04434.bin.c.2	0.89	HQ
MFD04463.bin.c.1	0.925	HQ
MFD04463.bin.c.10	0.941	HQ
MFD04463.bin.c.11	0.917	HQ
MFD04463.bin.c.12	0.944	HQ
MFD04463.bin.c.13	0.939	HQ
MFD04463.bin.c.14	0.919	HQ
MFD04463.bin.c.15	0.876	HQ
MFD04463.bin.c.16	0.909	HQ
MFD04463.bin.c.9	0.866	HQ
MFD04492.bin.c.2	0.832	HQ
MFD04492.bin.c.3	0.847	HQ
MFD04540.bin.c.1	0.876	HQ
MFD04540.bin.c.2	0.912	HQ
MFD04540.bin.c.3	0.917	HQ
MFD04580.bin.c.1	0.822	MQ
MFD04580.bin.c.2	0.842	HQ
MFD04580.bin.c.3	0.89	HQ
MFD04580.bin.c.4	0.893	MQ
MFD04716.bin.c.2	0.893	HQ
MFD04716.bin.c.3	0.894	HQ
MFD04780.bin.c.1	0.911	HQ
MFD04850.bin.c.1	0.906	HQ
MFD04850.bin.c.2	0.923	HQ
MFD04850.bin.c.3	0.903	MQ
MFD04944.bin.c.1	0.916	HQ
MFD04944.bin.c.2	0.926	HQ
MFD04944.bin.c.3	0.931	HQ
MFD04967.bin.c.1	0.907	HQ
MFD04967.bin.c.2	0.896	MQ
MFD04967.bin.c.3	0.877	MQ
MFD04967.bin.c.4	0.922	HQ
MFD04967.bin.c.5	0.84	MQ
MFD04967.bin.c.6	0.895	HQ
MFD04967.bin.c.7	0.903	MQ
MFD05377.bin.c.1	0.876	MQ
MFD05442.bin.c.1	0.878	HQ
MFD05442.bin.c.2	0.862	HQ
MFD05502.bin.c.1	0.854	HQ
MFD05502.bin.c.2	0.922	HQ
MFD05502.bin.c.3	0.898	HQ
MFD05512.bin.c.1	0.883	HQ
MFD05512.bin.c.11	0.821	MQ
MFD05512.bin.c.13	0.919	HQ
MFD05512.bin.c.14	0.907	HQ
MFD05512.bin.c.16	0.888	HQ
MFD05512.bin.c.17	0.895	HQ
MFD05512.bin.c.2	0.921	HQ
MFD05512.bin.c.3	0.912	HQ
MFD05513.bin.c.1	0.906	HQ
MFD05513.bin.c.2	0.909	HQ
MFD05513.bin.c.3	0.91	HQ
MFD05521.bin.c.1	0.89	HQ
MFD05537.bin.c.1	0.892	HQ
MFD05537.bin.c.2	0.904	HQ
MFD05537.bin.c.3	0.899	MQ
MFD05567.bin.c.1	0.929	HQ
MFD05580.bin.c.4	0.863	HQ
MFD05674.bin.c.1	0.853	HQ
MFD05674.bin.c.2	0.899	HQ
MFD05684.bin.c.1	0.916	HQ
MFD05684.bin.c.4	0.908	HQ
MFD05705.bin.c.1	0.868	MQ
MFD05705.bin.c.2	0.894	HQ
MFD05705.bin.c.3	0.89	MQ
MFD05705.bin.c.4	0.917	HQ
MFD05705.bin.c.5	0.904	HQ
MFD05747.bin.c.1	0.894	MQ
MFD05747.bin.c.2	0.896	MQ
MFD05747.bin.c.3	0.85	MQ
MFD05747.bin.c.4	0.924	HQ
MFD05841.bin.c.1	0.89	HQ
MFD05942.bin.c.1	0.896	HQ
MFD05942.bin.c.2	0.897	HQ
MFD06092.bin.c.1	0.887	HQ
MFD06092.bin.c.3	0.862	HQ
MFD06092.bin.c.4	0.869	MQ
MFD06229.bin.c.1	0.92	MQ
MFD06298.bin.c.1	0.918	HQ
MFD06435.bin.c.1	0.872	MQ
MFD06435.bin.c.2	0.899	HQ
MFD06435.bin.c.3	0.882	HQ
MFD06526.bin.c.1	0.907	HQ
MFD06742.bin.c.1	0.883	HQ
MFD06742.bin.c.2	0.92	HQ
MFD09206.bin.c.1	0.878	HQ
MFD09206.bin.c.2	0.925	HQ
MFD09212.bin.c.1	0.889	HQ
MFD09212.bin.c.2	0.871	HQ
MFD09212.bin.c.3	0.929	HQ
MFD09212.bin.c.4	0.927	HQ
MFD09222.bin.c.1	0.898	HQ
MFD09222.bin.c.2	0.908	HQ
MFD09267.bin.c.1	0.901	MQ
MFD09286.bin.c.1	0.892	HQ
MFD09286.bin.c.2	0.879	HQ
MFD09286.bin.c.3	0.905	HQ
MFD09286.bin.c.4	0.895	HQ
MFD09286.bin.c.6	0.947	HQ
MFD09286.bin.c.7	0.905	MQ
MFD09286.bin.c.8	0.858	HQ
MFD09368.bin.c.1	0.884	HQ
MFD09368.bin.c.2	0.906	HQ
MFD09368.bin.c.3	0.893	MQ
MFD09368.bin.c.4	0.928	HQ
MFD09368.bin.c.5	0.926	HQ
MFD09368.bin.c.6	0.919	HQ
MFD09495.bin.c.1	0.834	HQ
MFD09495.bin.c.10	0.894	HQ
MFD09495.bin.c.5	0.912	MQ
MFD09495.bin.c.6	0.913	HQ
MFD09495.bin.c.7	0.864	MQ
MFD09495.bin.c.8	0.901	HQ
MFD09567.bin.c.1	0.914	HQ
MFD09603.bin.c.1	0.787	HQ
MFD09603.bin.c.4	0.918	HQ
MFD09603.bin.c.5	0.904	MQ
MFD09603.bin.c.6	0.863	MQ
MFD09603.bin.c.7	0.889	MQ
MFD09671.bin.c.1	0.889	HQ
MFD09671.bin.c.2	0.887	HQ
MFD09671.bin.c.3	0.919	HQ
MFD09671.bin.c.4	0.914	HQ
MFD09671.bin.c.5	0.848	HQ
MFD09730.bin.c.1	0.867	MQ
MFD09779.bin.c.1	0.906	HQ
MFD09964.bin.c.1	0.925	HQ
MFD10007.bin.c.1	0.854	MQ
MFD10007.bin.c.2	0.908	HQ
MFD10007.bin.c.3	0.903	HQ
MFD10007.bin.c.4	0.909	HQ
MFD10007.bin.c.5	0.887	HQ
MFD10043.bin.c.1	0.92	HQ
MFD10064.bin.c.1	0.915	MQ
MFD10064.bin.c.2	0.919	HQ
MFD10064.bin.c.3	0.892	HQ
MFD10113.bin.c.1	0.883	HQ
MFD10113.bin.c.2	0.876	HQ
MFD10113.bin.c.3	0.895	HQ
MFD10113.bin.c.4	0.892	HQ
MFD10113.bin.c.5	0.872	MQ
MFD00082.bin.c.4	0.85	MQ
MFD01231.bin.c.5	0.83	MQ
MFD01231.bin.c.6	0.792	HQ
MFD01231.bin.c.7	0.854	HQ
MFD01476.bin.c.10	0.908	HQ
MFD01476.bin.c.6	0.926	MQ
MFD01476.bin.c.9	0.893	HQ
MFD01721.bin.c.6	0.847	HQ
MFD02138.bin.c.1	0.877	MQ
MFD02416.bin.c.15	0.851	HQ
MFD02416.bin.c.18	0.92	MQ
MFD03726.bin.c.13	0.844	MQ
MFD04408.bin.c.2	0.754	MQ
MFD04408.bin.c.3	0.845	MQ
MFD04408.bin.c.4	0.813	HQ
MFD04408.bin.c.5	0.9	HQ
MFD04492.bin.c.5	0.819	MQ
MFD04716.bin.c.1	0.843	HQ
MFD05512.bin.c.15	0.876	HQ
MFD05580.bin.c.3	0.791	MQ
MFD05684.bin.c.2	0.867	HQ
MFD09286.bin.c.5	0.811	HQ
MFD10007.bin.c.6	0.853	HQ
