bin	genus_type	genus_proposed	species_proposed	language	gender	genus_explanation	species_explanation	genus_status	species_status	novelty_method	accession	sequencing_technology	binning_workflow	genome_size	total_contigs	coverage	GC_content	completeness_estimate	contamination_estimate	count_16S	count_tRNA	taxonomy_GTDB	taxonomy_proposed	taxonomy_SILVA	taxonomy_SILVA_perc	sample_name	sample_country	longitude	latitude	sample_type	sample_habitat_broad	sample_habitat_local
MFD00125.bin.c.1	Y	Lysgaardicola	terreum	N.L.	masch.	Microbe found nearby Lysgaard	A species found in soil	Formerly ''Palsa-744'' in GTDB R220	Formerly ''soil metagenome'' in Silva 138.2	GTDB marker genes and 16S rRNA	GCA_963705245.1	Oxford Nanopore PromethION	mmlong2	2875956	1	57.595806	65.75	95.01	0.81	1	22	d__Bacteria;p__Actinomycetota;c__Thermoleophilia;o__Solirubrobacterales;f__Solirubrobacteraceae;g__Palsa-744;s__Unclassified	d__Bacteria;p__Actinomycetota;c__Thermoleophilia;o__Solirubrobacterales;f__Solirubrobacteraceae;g__Lysgaardicola;s__Lysgaardicola terreum	d__Bacteria;p__Actinomycetota;c__Thermoleophilia;o__Solirubrobacterales;f__Solirubrobacteraceae;g__Incertae Sedis;s__soil metagenome	99.2	MFD00125	Denmark	9.3585	56.3674	Soil	Forests	Beech forests Luzulo-Fagetum
MFD01112.bin.c.2	Y	Sjoerringivita	contigua	N.L.	fem.	Microbe found nearby Sjoerring	A species related to but distinct from the existing species	Formerly ''JAKAUA01'' in GTDB R220	sp. nov.	GTDB marker genes and 16S rRNA	GCA_963713925.1	Oxford Nanopore PromethION	mmlong2	1318721	1	31.344833	40.75	95.75	0.06	1	22	d__Bacteria;p__Dependentiae;c__Babeliae;o__Babeliales;f__Vermiphilaceae;g__JAKAUA01;s__Unclassified	d__Bacteria;p__Dependentiae;c__Babeliae;o__Babeliales;f__Vermiphilaceae;g__Sjoerringivita;s__Sjoerringivita contigua	d__Bacteria;p__Dependentiae;c__Babeliae;o__Babeliales;f__Vermiphilaceae;g__Incertae Sedis;s__uncultured soil bacterium	91.4	MFD01112	Denmark	8.5933	56.9351	Soil	"Bogs, mires and fens"	Quaking bogs
MFD05454.bin.1.63	Y	Maglebybacterium	contiguum	N.L.	neut.	Microbe found nearby Magleby	A species related to but distinct from the existing species	Formerly ''JALZKA01'' in GTDB R220	Formerly ''uncultured bacterium'' in Silva 138.2	GTDB marker genes and 16S rRNA	GCA_963715405.1	Oxford Nanopore PromethION	mmlong2	2561778	1	19.22605	67.22	92.15	0.01	1	22	d__Bacteria;p__Actinomycetota;c__Thermoleophilia;o__Solirubrobacterales;f__70-9;g__JALZKA01;s__Unclassified	d__Bacteria;p__Actinomycetota;c__Thermoleophilia;o__Solirubrobacterales;f__Maglebybacteriaceae;g__Maglebybacterium;s__Maglebybacterium contiguum	d__Bacteria;p__Actinomycetota;c__Thermoleophilia;o__Solirubrobacterales;f__67-14;g__Incertae Sedis;s__uncultured bacterium	99.1	MFD05454	Denmark	12.5121	54.9631	Soil	Grassland formations	Calcareous grassland
MFD02138.bin.1.26	Y	Gjesingium	glebicum	N.L.	neut.	Microbe found nearby Gjesing	A species found in soil	Formerly ''FEN-1297'' in GTDB R220	sp. nov.	GTDB marker genes and 16S rRNA	GCA_963834015.1	Oxford Nanopore PromethION	mmlong2	5257256	4	89.66774	35.52	100	2.22	1	22	d__Bacteria;p__Bacteroidota;c__Ignavibacteria;o__Ignavibacteriales;f__Ignavibacteriaceae;g__FEN-1297;s__Unclassified	d__Bacteria;p__Bacteroidota;c__Ignavibacteria;o__Ignavibacteriales;f__Ignavibacteriaceae;g__Gjesingium;s__Gjesingium glebicum	d__Bacteria;p__Ignavibacteriota;c__Ignavibacteria;o__Ignavibacteriales;f__LD-RB-34;g__Incertae Sedis;s__uncultured bacterium	95.8	MFD02138	Denmark	10.5085	56.4556	Soil	"Bogs, mires and fens"	Quaking bogs
MFD08669.bin.1.20	Y	Foevlingiana	danica	N.L.	fem.	Microbe found nearby Foevling	A species from Denmark	Formerly ''VAXT01'' in GTDB R220	Formerly ''uncultured actinobacterium'' in Silva 138.2	GTDB marker genes and 16S rRNA	GCA_963850415.1	Oxford Nanopore PromethION	mmlong2	2966105	4	25.86612	68.75	90.86	1.39	1	23	d__Bacteria;p__Actinomycetota;c__Thermoleophilia;o__Gaiellales;f__Gaiellaceae;g__VAXT01;s__Unclassified	d__Bacteria;p__Actinomycetota;c__Thermoleophilia;o__Gaiellales;f__Gaiellaceae;g__Foevlingiana;s__Foevlingiana danica	d__Bacteria;p__Actinomycetota;c__Thermoleophilia;o__Gaiellales;f__Incertae Sedis;g__Incertae Sedis;s__uncultured actinobacterium	99.4	MFD08669	Denmark	8.920947061	55.45114444	Soil	Fields	"Barley, Spring"
MFD00709.bin.1.50	Y	Hanstedimicrobium	lacustre	N.L.	neut.	Microbe found nearby Hansted	A species found in a lake	Formerly ''DAHXMV01'' in GTDB R220	sp. nov.	GTDB marker genes and 16S rRNA	GCA_963736875.1	Oxford Nanopore PromethION	mmlong2	997761	5	21.934502	45.6	91.45	0.68	1	19	d__Bacteria;p__Patescibacteria;c__Microgenomatia;o__GWA2-44-7;f__Amesbacteraceae;g__DAHXMV01;s__Unclassified	d__Bacteria;p__Patescibacteria;c__Microgenomatia;o__GWA2-44-7;f__Amesbacteraceae;g__Hanstedimicrobium;s__Hanstedimicrobium lacustre	d__Bacteria;p__Patescibacteria;c__Microgenomatia;o__Candidatus Amesbacteria;f__Incertae Sedis;g__Incertae Sedis;s__uncultured bacterium	86.5	MFD00709	Denmark	9.854411784	55.9091489	Sediment	Freshwater	"Lake, Rich pondweed"
MFD10043.bin.1.19	Y	Alsgardeaba	proxima	N.L.	fem.	Microbe found nearby Alsgarde	A species related to but distinct from the existing species	Formerly ''VRUE01'' in GTDB R220	Formerly ''uncultured bacterium'' in Silva 138.2	GTDB marker genes and 16S rRNA	GCA_963712595.1	Oxford Nanopore PromethION	mmlong2	2630635	6	45.98017	68.52	92.83	0.55	1	22	d__Bacteria;p__Actinomycetota;c__Thermoleophilia;o__Solirubrobacterales;f__70-9;g__VRUE01;s__Unclassified	d__Bacteria;p__Actinomycetota;c__Thermoleophilia;o__Solirubrobacterales;f__Maglebybacteriaceae;g__Alsgardeaba;s__Alsgardeaba proxima	d__Bacteria;p__Actinomycetota;c__Thermoleophilia;o__Solirubrobacterales;f__67-14;g__Incertae Sedis;s__uncultured bacterium	99.9	MFD10043	Denmark	12.5417	56.075	Soil	Greenspaces	Parks
MFD04570.bin.1.112	Y	Gravlevius	contiguus	N.L.	masch.	Microbe found nearby Gravlev	A species related to but distinct from the existing species	Formerly ''PALSA-1003'' in GTDB R220	Formerly ''uncultured bacterium'' in Silva 138.2	GTDB marker genes and 16S rRNA	GCA_963763625.1	Oxford Nanopore PromethION	mmlong2	3892265	6	35.71529	64.08	92.71	0.15	1	21	d__Bacteria;p__Pseudomonadota;c__Gammaproteobacteria;o__Burkholderiales;f__Casimicrobiaceae;g__PALSA-1003;s__Unclassified	d__Bacteria;p__Pseudomonadota;c__Gammaproteobacteria;o__Burkholderiales;f__Casimicrobiaceae;g__Gravlevius;s__Gravlevius contiguus	d__Bacteria;p__Pseudomonadota;c__Gammaproteobacteria;o__Burkholderiales;f__A21b;g__Incertae Sedis;s__uncultured bacterium	99.8	MFD04570	Denmark	9.821	56.8309	Soil	Grassland formations	Molinia meadows
MFD05674.bin.1.49	Y	Sonderborgisoma	propinquum	N.L.	neut.	Microbe found nearby Sonderborg	A species related to but distinct from the existing species	Formerly ''PMNU01'' in GTDB R220	sp. nov.	GTDB marker genes and 16S rRNA	GCA_963843205.1	Oxford Nanopore PromethION	mmlong2	1292262	6	13.71658	51.06	94.39	0.64	1	21	d__Bacteria;p__Patescibacteria;c__Saccharimonadia;o__Saccharimonadales;f__UBA4665;g__PMNU01;s__Unclassified	d__Bacteria;p__Patescibacteria;c__Saccharimonadia;o__Saccharimonadales;f__Sonderborgisomataceae;g__Sonderborgisoma;s__Sonderborgisoma propinquum	d__Bacteria;p__Patescibacteria;c__Saccharimonadia;o__Saccharimonadales;f__YM_S32_TM7_50_20;g__Incertae Sedis;s__uncultured Candidatus Saccharibacteria bacterium	94.7	MFD05674	Denmark	9.842462439	54.90177423	Sediment	Freshwater	"Lake, Rich pondweed"
MFD02809.bin.1.217	Y	Siemiaba	tellurica	N.L.	fem.	Microbe found nearby Siem	A species found in soil	Formerly ''20CM-2-65-7'' in GTDB R220	sp. nov.	GTDB marker genes and 16S rRNA	GCA_963830455.1	Oxford Nanopore PromethION	mmlong2	3466775	8	31.64623	66.29	100	0.53	1	23	d__Bacteria;p__Gemmatimonadota;c__Gemmatimonadetes;o__Gemmatimonadales;f__GWC2-71-9;g__20CM-2-65-7;s__Unclassified	d__Bacteria;p__Gemmatimonadota;c__Gemmatimonadetes;o__Gemmatimonadales;f__Siemiabaceae;g__Siemiaba;s__Siemiaba tellurica	d__Bacteria;p__Gemmatimonadota;c__Gemmatimonadia;o__Gemmatimonadales;f__Gemmatimonadaceae;g__Incertae Sedis;s__uncultured bacterium	98.6	MFD02809	Denmark	10.0546	56.815	Soil	Greenspaces	Parks
MFD05088.bin.1.169	Y	Tillitsevita	tellurica	N.L.	fem.	Microbe found nearby Tillitse	A species found in soil	Formerly ''JACDAN01'' in GTDB R220	Formerly ''uncultured bacterium'' in Silva 138.2	GTDB marker genes and 16S rRNA	GCA_963807705.1	Oxford Nanopore PromethION	mmlong2	3343850	8	24.4144	68.05	93.21	1.61	1	23	d__Bacteria;p__Actinomycetota;c__Thermoleophilia;o__Gaiellales;f__Gaiellaceae;g__JACDAN01;s__Unclassified	d__Bacteria;p__Actinomycetota;c__Thermoleophilia;o__Gaiellales;f__Gaiellaceae;g__Tillitsevita;s__Tillitsevita tellurica	d__Bacteria;p__Actinomycetota;c__Thermoleophilia;o__Gaiellales;f__Incertae Sedis;g__Incertae Sedis;s__uncultured bacterium	98.9	MFD05088	Denmark	11.09569745	54.7141524	Soil	Fields	"Barley, Spring"
MFD08416.bin.1.19	Y	Bevtoftiana	affinis	N.L.	fem.	Microbe found nearby Bevtoft	A species related to but distinct from the existing species	Formerly ''Gp1-AA133'' in GTDB R220	Formerly ''uncultured bacterium'' in Silva 138.2	GTDB marker genes and 16S rRNA	GCA_963850425.1	Oxford Nanopore PromethION	mmlong2	5342543	8	20.69718	58.3	99.3	0.65	1	23	d__Bacteria;p__Acidobacteriota;c__Terriglobia;o__Terriglobales;f__SbA1;g__Gp1-AA133;s__Unclassified	d__Bacteria;p__Acidobacteriota;c__Terriglobia;o__Terriglobales;f__SbA1;g__Bevtoftiana;s__Bevtoftiana affinis	d__Bacteria;p__Acidobacteriota;c__Acidobacteriae;o__Terriglobales;f__Incertae Sedis;g__Incertae Sedis;s__uncultured bacterium	98.9	MFD08416	Denmark	9.235554331	55.18136402	Soil	Fields	"Solanales, Potato, Starch"
MFD02579.bin.1.29	Y	Byrumivivens	contiguus	N.L.	masch.	Microbe found nearby Byrum	A species related to but distinct from the existing species	Formerly ''JAJPJE01'' in GTDB R220	Formerly ''uncultured bacterium'' in Silva 138.2	GTDB marker genes and 16S rRNA	GCA_963742895.1	Oxford Nanopore PromethION	mmlong2	5320913	9	30.24076	56.44	93.11	0.85	1	22	d__Bacteria;p__Acidobacteriota;c__Terriglobia;o__Terriglobales;f__JAJPJE01;g__JAJPJE01;s__Unclassified	d__Bacteria;p__Acidobacteriota;c__Terriglobia;o__Terriglobales;f__Byrumiviventaceae;g__Byrumivivens;s__Byrumivivens contiguus	d__Bacteria;p__Acidobacteriota;c__Acidobacteriae;o__Terriglobales;f__Incertae Sedis;g__Incertae Sedis;s__uncultured bacterium	99.7	MFD02579	Denmark	10.9905	57.2803	Soil	"Bogs, mires and fens"	Rhynchosporion depressions
MFD04752.bin.1.152	Y	Vonsildiana	terrestris	N.L.	fem.	Microbe found nearby Vonsild	A species found in soil	Formerly ''RAAP-2'' in GTDB R220	sp. nov.	GTDB marker genes and 16S rRNA	GCA_963849705.1	Oxford Nanopore PromethION	mmlong2	2395318	9	28.27724	62.71	95	1.73	1	21	d__Bacteria;p__Actinomycetota;c__Acidimicrobiia;o__Acidimicrobiales;f__RAAP-2;g__RAAP-2;s__Unclassified	d__Bacteria;p__Actinomycetota;c__Acidimicrobiia;o__Acidimicrobiales;f__Vonsildianaceae;g__Vonsildiana;s__Vonsildiana terrestris	d__Bacteria;p__Actinomycetota;c__Acidimicrobiia;o__Acidimicrobiales;f__Acidimicrobiaceae;g__Incertae Sedis;s__uncultured bacterium	97.8	MFD04752	Denmark	9.427	55.4324	Soil	"Bogs, mires and fens"	Degraded raised bog
MFD02159.bin.1.20	Y	Granslevivita	septentrionalis	N.L.	fem.	Microbe found nearby Granslev	A species from the north	Formerly ''CALGFI01'' in GTDB R220	Formerly ''metagenome'' in Silva 138.2	GTDB marker genes and 16S rRNA	GCA_963823255.1	Oxford Nanopore PromethION	mmlong2	3045788	10	31.702293	69.91	90.27	0.56	1	21	d__Bacteria;p__Actinomycetota;c__UBA4738;o__UBA4738;f__HRBIN12;g__CALGFI01;s__Unclassified	d__Bacteria;p__Actinomycetota;c__Bonnerupiia;o__Granslevivitales;f__Granslevivitaceae;g__Granslevivita;s__Granslevivita septentrionalis	d__Bacteria;p__Actinomycetota;c__MB-A2-108;o__Incertae Sedis;f__Incertae Sedis;g__Incertae Sedis;s__metagenome	99.3	MFD02159	Denmark	9.9165	56.3377	Soil	Grassland formations	Hydrophilous tall-herb swamp
MFD05537.bin.c.2	Y	Oesbyana	terrestris	N.L.	fem.	Microbe found nearby Oesby	A species found in soil	Formerly ''JADGNZ01'' in GTDB R220	Formerly ''uncultured bacterium'' in Silva 138.2	GTDB marker genes and 16S rRNA	GCA_963719365.1	Oxford Nanopore PromethION	mmlong2	5889301	1	31.78419	61.56	99.17	0.64	1	23	d__Bacteria;p__Acidobacteriota;c__Thermoanaerobaculia;o__Gp7-AA8;f__Gp7-AA8;g__JADGNZ01;s__Unclassified	d__Bacteria;p__Acidobacteriota;c__Thermoanaerobaculia;o__Oesbyanales;f__Oesbyanaceae;g__Oesbyana;s__Oesbyana terrestris	d__Bacteria;p__Acidobacteriota;c__Holophagae;o__Subgroup 7;f__Incertae Sedis;g__Incertae Sedis;s__uncultured bacterium	99.1	MFD05537	Denmark	9.7462	55.2524	Soil	Forests	Temperate forests
MFD03899.bin.c.1	Y	Marsletimorpha	sediminis	N.L.	fem.	Microbe found nearby Marslet	A species found in sediments	Formerly ''XYB1-FULL-47-11'' in GTDB R220	sp. nov.	GTDB marker genes and 16S rRNA	GCA_963701185.1	Oxford Nanopore PromethION	mmlong2	995214	1	27.01932	47.74	98.72	1.57	1	19	d__Bacteria;p__Patescibacteria;c__Microgenomatia;o__UBA10105;f__UBA927;g__XYB1-FULL-47-11;s__Unclassified	d__Bacteria;p__Patescibacteria;c__Microgenomatia;o__Marsletimorphales;f__Marsletimorphaceae;g__Marsletimorpha;s__Marsletimorpha sediminis	d__Bacteria;p__Patescibacteria;c__Microgenomatia;o__Candidatus Gottesmanbacteria;f__Incertae Sedis;g__Incertae Sedis;s__Candidatus Gottesmanbacteria bacterium RIFOXYB1_FULL_47_11	86.8	MFD03899	Denmark	10.1547	56.0667	Sediment	Freshwater	"Rainwater basin, City"
MFD05537.bin.1.28	Y	Oesbybacterium	simile	N.L.	neut.	Microbe found nearby Oesby	A species related to but distinct from the existing species	Formerly ''PALSA-600'' in GTDB R220	Formerly ''uncultured bacterium'' in Silva 138.2	GTDB marker genes and 16S rRNA	GCA_963774605.1	Oxford Nanopore PromethION	mmlong2	3272068	3	26.98028	68.59	90.97	0.91	1	23	d__Bacteria;p__Actinomycetota;c__Thermoleophilia;o__Gaiellales;f__Gaiellaceae;g__PALSA-600;s__Unclassified	d__Bacteria;p__Actinomycetota;c__Thermoleophilia;o__Gaiellales;f__Gaiellaceae;g__Oesbybacterium;s__Oesbybacterium simile	d__Bacteria;p__Actinomycetota;c__Thermoleophilia;o__Gaiellales;f__Incertae Sedis;g__Incertae Sedis;s__uncultured bacterium	99.3	MFD05537	Denmark	9.7462	55.2524	Soil	Forests	Temperate forests
MFD04428.bin.1.167	Y	Outrupibacterium	humicum	N.L.	neut.	Microbe found nearby Outrup	A species found in soil	Formerly ''Fen-183'' in GTDB R220	sp. nov.	GTDB marker genes and 16S rRNA	GCA_963798215.1	Oxford Nanopore PromethION	mmlong2	4118545	5	35.55784	69.99	90.01	0	1	21	d__Bacteria;p__Acidobacteriota;c__Thermoanaerobaculia;o__UBA5066;f__UBA5066;g__Fen-183;s__Unclassified	d__Bacteria;p__Acidobacteriota;c__Thermoanaerobaculia;o__Outrupibacteriales;f__Outrupibacteriaceae;g__Outrupibacterium;s__Outrupibacterium humicum	d__Bacteria;p__Acidobacteriota;c__Holophagae;o__Subgroup 7;f__Incertae Sedis;g__Incertae Sedis;s__uncultured delta proteobacterium	98.2	MFD04428	Denmark	8.3158	55.7148	Soil	Grassland formations	Molinia meadows
MFD02199.bin.1.6	Y	Pjedstedimen	terreus	N.L.	neut.	Microbe found nearby Pjedsted	A species found in soil	Formerly ''Gp6-AA45'' in GTDB R220	sp. nov.	GTDB marker genes and 16S rRNA	GCA_963724725.1	Oxford Nanopore PromethION	mmlong2	6825655	5	19.911621	64.84	95.12	3.52	1	23	d__Bacteria;p__Acidobacteriota;c__Vicinamibacteria;o__Vicinamibacterales;f__UBA2999;g__Gp6-AA45;s__Unclassified	d__Bacteria;p__Acidobacteriota;c__Vicinamibacteria;o__Vicinamibacterales;f__Pjedstedimenaceae;g__Pjedstedimen;s__Pjedstedimen terreus	d__Bacteria;p__Acidobacteriota;c__Vicinamibacteria;o__Vicinamibacterales;f__Incertae Sedis;g__Incertae Sedis;s__uncultured bacterium	97.8	MFD02199	Denmark	9.655	55.5948	Soil	Grassland formations	Hydrophilous tall-herb swamp
MFD02832.bin.1.27	Y	Nylarskeriana	proxima	N.L.	fem.	Microbe found nearby Nylarsker	A species related to but distinct from the existing species	Formerly ''JAUYQR01'' in GTDB R220	Formerly ''uncultured bacterium'' in Silva 138.2	GTDB marker genes and 16S rRNA	GCA_963822435.1	Oxford Nanopore PromethION	mmlong2	3783595	6	68.90572	64.47	99.99	0.56	2	22	d__Bacteria;p__Pseudomonadota;c__Alphaproteobacteria;o__Rhodobacterales;f__Rhodobacteraceae;g__JAUYQR01;s__Unclassified	d__Bacteria;p__Pseudomonadota;c__Alphaproteobacteria;o__Rhodobacterales;f__Rhodobacteraceae;g__Nylarskeriana;s__Nylarskeriana proxima	d__Bacteria;p__Pseudomonadota;c__Alphaproteobacteria;o__Rhodobacterales;f__Paracoccaceae;g__Incertae Sedis;s__uncultured bacterium	99.3	MFD02832	Denmark	14.7874	55.0538	Sediment	Saltwater	Open sea and tidal areas
MFD04428.bin.1.4	Y	Hennevivens	glebicus	N.L.	masch.	Microbe found nearby Henne	A species found in soil	Formerly ''DAHVFK01'' in GTDB R220	Formerly ''uncultured proteobacterium'' in Silva 138.2	GTDB marker genes and 16S rRNA	GCA_963739205.1	Oxford Nanopore PromethION	mmlong2	3916352	6	59.82706	68.02	100	0.12	1	22	d__Bacteria;p__Pseudomonadota;c__Gammaproteobacteria;o__Burkholderiales;f__SG8-39;g__DAHVFK01;s__Unclassified	d__Bacteria;p__Pseudomonadota;c__Gammaproteobacteria;o__Burkholderiales;f__Henneviventaceae;g__Hennevivens;s__Hennevivens glebicus	d__Bacteria;p__Pseudomonadota;c__Gammaproteobacteria;o__Burkholderiales;f__Nitrosomonadaceae;g__MND1;s__uncultured proteobacterium	98.9	MFD04428	Denmark	8.3158	55.7148	Soil	Grassland formations	Molinia meadows
MFD02199.bin.2.61	Y	Herslevibacter	propinquus	N.L.	masch.	Microbe found nearby Herslev	A species related to but distinct from the existing species	Formerly ''PALSA-612'' in GTDB R220	sp. nov.	GTDB marker genes and 16S rRNA	GCA_963773055.1	Oxford Nanopore PromethION	mmlong2	3038831	6	18.642382	69.04	90.24	0.19	1	23	d__Bacteria;p__Actinomycetota;c__Thermoleophilia;o__Gaiellales;f__Gaiellaceae;g__PALSA-612;s__Unclassified	d__Bacteria;p__Actinomycetota;c__Thermoleophilia;o__Gaiellales;f__Gaiellaceae;g__Herslevibacter;s__Herslevibacter propinquus	d__Bacteria;p__Actinomycetota;c__Thermoleophilia;o__Gaiellales;f__Incertae Sedis;g__Incertae Sedis;s__uncultured bacterium	97.7	MFD02199	Denmark	9.655	55.5948	Soil	Grassland formations	Hydrophilous tall-herb swamp
MFD07737.bin.1.43	Y	Vrouevita	terrea	N.L.	fem.	Microbe found nearby Vroue	A species found in soil	Formerly ''JAICUY01'' in GTDB R220	sp. nov.	GTDB marker genes and 16S rRNA	GCA_963716585.1	Oxford Nanopore PromethION	mmlong2	2226610	6	15.95206	69.41	95.04	0.83	1	22	d__Bacteria;p__Chloroflexota;c__Limnocylindria;o__QHBO01;f__QHBO01;g__JAICUY01;s__Unclassified	d__Bacteria;p__Chloroflexota;c__Limnocylindria;o__Vrouevitales;f__Vrouevitaceae;g__Vrouevita;s__Vrouevita terrea	d__Bacteria;p__Chloroflexota;c__Gitt-GS-136;o__Incertae Sedis;f__Incertae Sedis;g__Incertae Sedis;s__uncultured Chloroflexi bacterium	97.3	MFD07737	Denmark	9.081092275	56.43949598	Soil	Fields	"Grass, Clover, Rotation"
MFD10071.bin.1.144	Y	Thorningiella	humica	N.L.	fem.	Microbe found nearby Thorning	A species found in soil	Formerly ''Palsa-295'' in GTDB R220	Formerly ''uncultured bacterium'' in Silva 138.2	GTDB marker genes and 16S rRNA	GCA_963696715.1	Oxford Nanopore PromethION	mmlong2	5568331	7	27.03551	55.59	95.21	1.19	1	23	d__Bacteria;p__Acidobacteriota;c__Terriglobia;o__Acidoferrales;f__UBA7541;g__Palsa-295;s__Unclassified	d__Bacteria;p__Acidobacteriota;c__Terriglobia;o__Acidoferrales;f__UBA7541;g__Thorningiella;s__Thorningiella humica	d__Bacteria;p__Acidobacteriota;c__Acidobacteriae;o__Subgroup 2;f__Incertae Sedis;g__Incertae Sedis;s__uncultured bacterium	99.4	MFD10071	Denmark	9.26934	56.24389	Soil	Temperate heath and scrub	Dry heath
MFD03899.bin.1.137	Y	Tranbjergivita	borealis	N.L.	fem.	Microbe found nearby Tranbjerg	A species from the north	Formerly ''JAFGAS01'' in GTDB R220	sp. nov.	GTDB marker genes and 16S rRNA	GCA_963848155.1	Oxford Nanopore PromethION	mmlong2	3495107	7	25.76707	58.41	91.64	3.65	1	23	d__Bacteria;p__Desulfobacterota;c__Zymogenia;o__Zymogenales;f__JAFGAS01;g__JAFGAS01;s__Unclassified	d__Bacteria;p__Desulfobacterota;c__Zymogenia;o__Zymogenales;f__Tranbjergivitaceae;g__Tranbjergivita;s__Tranbjergivita borealis	d__Bacteria;p__Thermodesulfobacteriota;c__Incertae Sedis;o__Incertae Sedis;f__Incertae Sedis;g__Incertae Sedis;s__uncultured bacterium	97.4	MFD03899	Denmark	10.1547	56.0667	Sediment	Freshwater	"Rainwater basin, City"
MFD04850.bin.1.280	Y	Skallerupius	terreum	N.L.	masch.	Microbe found nearby Skallerup	A species found in soil	Formerly ''JAIBJN01'' in GTDB R220	Formerly ''uncultured bacterium'' in Silva 138.2	GTDB marker genes and 16S rRNA	GCA_963802795.1	Oxford Nanopore PromethION	mmlong2	3004177	7	17.58442	70.17	93.75	0.33	1	23	d__Bacteria;p__Actinomycetota;c__Thermoleophilia;o__Gaiellales;f__Gaiellaceae;g__JAIBJN01;s__Unclassified	d__Bacteria;p__Actinomycetota;c__Thermoleophilia;o__Gaiellales;f__Gaiellaceae;g__Skallerupius;s__Skallerupius terreum	d__Bacteria;p__Actinomycetota;c__Thermoleophilia;o__Gaiellales;f__Incertae Sedis;g__Incertae Sedis;s__uncultured bacterium	98.9	MFD04850	Denmark	8.6134	56.8489	Soil	Grassland formations	Calcareous grassland
MFD07737.bin.1.47	Y	Smollerupiana	glebica	N.L.	fem.	Microbe found nearby Smollerup	A species found in soil	Formerly ''JACDDX01'' in GTDB R220	Formerly ''uncultured Gemmatimonadetes bacterium'' in Silva 138.2	GTDB marker genes and 16S rRNA	GCA_963751925.1	Oxford Nanopore PromethION	mmlong2	3676362	7	15.09619	63.28	97.92	2.06	1	23	d__Bacteria;p__Gemmatimonadota;c__Gemmatimonadetes;o__Gemmatimonadales;f__GWC2-71-9;g__JACDDX01;s__Unclassified	d__Bacteria;p__Gemmatimonadota;c__Gemmatimonadetes;o__Gemmatimonadales;f__Siemiabaceae;g__Smollerupiana;s__Smollerupiana glebica	d__Bacteria;p__Gemmatimonadota;c__Gemmatimonadia;o__Gemmatimonadales;f__Gemmatimonadaceae;g__Incertae Sedis;s__uncultured Gemmatimonadetes bacterium	99.4	MFD07737	Denmark	9.081092275	56.43949598	Soil	Fields	"Grass, Clover, Rotation"
MFD10071.bin.1.145	Y	Kragelundicola	terrestris	N.L.	masch.	Microbe found nearby Kragelund	A species found in soil	Formerly ''AP-15'' in GTDB R220	Formerly ''uncultured bacterium'' in Silva 138.2	GTDB marker genes and 16S rRNA	GCA_963703745.1	Oxford Nanopore PromethION	mmlong2	6972275	8	73.79845	62.89	98.54	0.73	2	23	d__Bacteria;p__Pseudomonadota;c__Alphaproteobacteria;o__ATCC43930;f__Stellaceae;g__AP-15;s__Unclassified	d__Bacteria;p__Pseudomonadota;c__Alphaproteobacteria;o__ATCC43930;f__Stellaceae;g__Kragelundicola;s__Kragelundicola terrestris	d__Bacteria;p__Pseudomonadota;c__Alphaproteobacteria;o__Elsterales;f__Incertae Sedis;g__Incertae Sedis;s__uncultured bacterium	98.8	MFD10071	Denmark	9.26934	56.24389	Soil	Temperate heath and scrub	Dry heath
MFD01138.bin.1.34	Y	Haesingesoma	proximum	N.L.	neut.	Microbe found nearby Oester Haesinge	A species related to but distinct from the existing species	Formerly ''Bog-756'' in GTDB R220	sp. nov.	GTDB marker genes and 16S rRNA	GCA_963745195.1	Oxford Nanopore PromethION	mmlong2	4911976	8	37.600792	67.26	93.4	4.64	1	23	d__Bacteria;p__Actinomycetota;c__Acidimicrobiia;o__Acidimicrobiales;f__RAAP-2;g__Bog-756;s__Unclassified	d__Bacteria;p__Actinomycetota;c__Acidimicrobiia;o__Acidimicrobiales;f__Vonsildianaceae;g__Haesingesoma;s__Haesingesoma proximum	d__Bacteria;p__Actinomycetota;c__Acidimicrobiia;o__Acidimicrobiales;f__Acidimicrobiaceae;g__Incertae Sedis;s__uncultured bacterium	97.7	MFD01138	Denmark	10.269441	55.134551	Soil	Forests	Beech forests Luzulo-Fagetum
MFD02832.bin.1.93	Y	Vestermarieiella	sediminis	N.L.	fem.	Microbe found nearby Vestermarie	A species found in sediments	Formerly ''UBA9214'' in GTDB R220	sp. nov.	GTDB marker genes and 16S rRNA	GCA_963748215.1	Oxford Nanopore PromethION	mmlong2	3518885	9	38.44358	60.5	95.39	0.64	1	20	d__Bacteria;p__Pseudomonadota;c__Gammaproteobacteria;o__UBA9214;f__UBA9214;g__UBA9214;s__Unclassified	d__Bacteria;p__Pseudomonadota;c__Gammaproteobacteria;o__Vestermarieiellales;f__Vestermarieiellaceae;g__Vestermarieiella;s__Vestermarieiella sediminis	d__Bacteria;p__Pseudomonadota;c__Gammaproteobacteria;o__B2M28;f__Incertae Sedis;g__Incertae Sedis;s__uncultured gamma proteobacterium	97.7	MFD02832	Denmark	14.7874	55.0538	Sediment	Saltwater	Open sea and tidal areas
MFD10064.bin.c.3	Y	Noerhaaba	arida	N.L.	fem.	Microbe found nearby Noerhaa	A species found in sand	Formerly ''Bog-877'' in GTDB R220	sp. nov.	GTDB marker genes and 16S rRNA	GCA_963701235.1	Oxford Nanopore PromethION	mmlong2	2486370	1	27.31237	65.3	92.11	1.75	1	21	d__Bacteria;p__Chloroflexota;c__Dormibacteria;o__UBA8260;f__Bog-877;g__Bog-877;s__Unclassified	d__Bacteria;p__Chloroflexota;c__Dormibacteria;o__Noerhaabales;f__Noerhaabaceae;g__Noerhaaba;s__Noerhaaba arida	d__Bacteria;p__Chloroflexota;c__AD3;o__Incertae Sedis;f__Incertae Sedis;g__Incertae Sedis;s__uncultured bacterium	97.4	MFD10064	Denmark	8.42712	56.91759	Soil	Dunes	Decalcified Empetrum dunes
MFD01828.bin.1.43	Y	Skorpingiana	danica	N.L.	fem.	Microbe found nearby Skorping	A species from Denmark	Formerly ''JAKASW01'' in GTDB R220	sp. nov.	GTDB marker genes and 16S rRNA	GCA_963790995.1	Oxford Nanopore PromethION	mmlong2	3458659	2	18.243946	46.98	96.87	0.92	1	22	d__Bacteria;p__Bacteroidota;c__Kryptoniia;o__Kryptoniales;f__JAKASW01;g__JAKASW01;s__Unclassified	d__Bacteria;p__Bacteroidota;c__Kryptoniia;o__Kryptoniales;f__Skorpingianaceae;g__Skorpingiana;s__Skorpingiana danica	d__Bacteria;p__Bacteroidota;c__Bacteroidia;o__Sphingobacteriales;f__AKYH767;g__Incertae Sedis;s__uncultured bacterium	88.4	MFD01828	Denmark	9.912	56.8261	Soil	"Bogs, mires and fens"	Degraded raised bog
MFD01828.bin.1.38	Y	Fraeerimicrobium	telluricum	N.L.	neut.	Microbe found nearby Fraeer	A species found in soil	Formerly ''QIAJ01'' in GTDB R220	Formerly ''uncultured bacterium'' in Silva 138.2	GTDB marker genes and 16S rRNA	GCA_963791085.1	Oxford Nanopore PromethION	mmlong2	5160173	3	34.72461	58.4	97.57	0.74	1	23	d__Bacteria;p__Acidobacteriota;c__Terriglobia;o__Terriglobales;f__SbA1;g__QIAJ01;s__Unclassified	d__Bacteria;p__Acidobacteriota;c__Terriglobia;o__Terriglobales;f__SbA1;g__Fraeerimicrobium;s__Fraeerimicrobium telluricum	d__Bacteria;p__Acidobacteriota;c__Acidobacteriae;o__Terriglobales;f__Incertae Sedis;g__Incertae Sedis;s__uncultured bacterium	98.7	MFD01828	Denmark	9.912	56.8261	Soil	"Bogs, mires and fens"	Degraded raised bog
MFD05377.bin.1.62	Y	Sejerslevicola	scandius	N.L.	masch.	Microbe found nearby Sejerslev	A species from Scandinavia	Formerly ''Palsa-1248'' in GTDB R220	sp. nov.	GTDB marker genes and 16S rRNA	GCA_963737835.1	Oxford Nanopore PromethION	mmlong2	5336732	3	22.45132	65.48	93.55	0.34	1	23	d__Bacteria;p__Gemmatimonadota;c__Gemmatimonadetes;o__Gemmatimonadales;f__Gemmatimonadaceae;g__Palsa-1248;s__Unclassified	d__Bacteria;p__Gemmatimonadota;c__Gemmatimonadetes;o__Gemmatimonadales;f__Gemmatimonadaceae;g__Sejerslevicola;s__Sejerslevicola scandius	d__Bacteria;p__Gemmatimonadota;c__Gemmatimonadia;o__Gemmatimonadales;f__Gemmatimonadaceae;g__Incertae Sedis;s__uncultured forest soil bacterium	98.6	MFD05377	Denmark	8.85114178	56.93737774	Sediment	Freshwater	Standing freshwater
MFD01828.bin.1.47	Y	Torupivita	terrea	N.L.	fem.	Microbe found nearby Torup	A species found in soil	Formerly ''JABCZH01'' in GTDB R220	Formerly ''uncultured bacterium'' in Silva 138.2	GTDB marker genes and 16S rRNA	GCA_963779945.1	Oxford Nanopore PromethION	mmlong2	4712715	3	21.625368	58.08	100	0.71	1	23	d__Bacteria;p__Acidobacteriota;c__Terriglobia;o__Terriglobales;f__SbA1;g__JABCZH01;s__Unclassified	d__Bacteria;p__Acidobacteriota;c__Terriglobia;o__Terriglobales;f__SbA1;g__Torupivita;s__Torupivita terrea	d__Bacteria;p__Acidobacteriota;c__Acidobacteriae;o__Terriglobales;f__Incertae Sedis;g__Incertae Sedis;s__uncultured bacterium	99.2	MFD01828	Denmark	9.912	56.8261	Soil	"Bogs, mires and fens"	Degraded raised bog
MFD06085.bin.1.160	Y	Propenissumisoma	terreus	N.L.	neut.	Microbe found nearby Soender Nissum	A species found in soil	Formerly ''Gp7-AA6'' in GTDB R220	sp. nov.	GTDB marker genes and 16S rRNA	GCA_963825175.1	Oxford Nanopore PromethION	mmlong2	5046086	4	30.16372	67.24	99.32	0.26	1	23	d__Bacteria;p__Acidobacteriota;c__Thermoanaerobaculia;o__UBA5066;f__Gp7-AA6;g__Gp7-AA6;s__Unclassified	d__Bacteria;p__Acidobacteriota;c__Thermoanaerobaculia;o__Outrupibacteriales;f__Propenissumisomataceae;g__Propenissumisoma;s__Propenissumisoma terreus	d__Bacteria;p__Acidobacteriota;c__Holophagae;o__Subgroup 7;f__Incertae Sedis;g__Incertae Sedis;s__uncultured bacterium	98.2	MFD06085	Denmark	8.16335014	56.31252593	Soil		
MFD06085.bin.1.42	Y	Adnissumiaba	danica	N.L.	fem.	Microbe found nearby Soender Nissum	A species from Denmark	Formerly ''CF-167'' in GTDB R220	Formerly ''uncultured bacterium'' in Silva 138.2	GTDB marker genes and 16S rRNA	GCA_963770875.1	Oxford Nanopore PromethION	mmlong2	2286900	6	34.80794	70.47	91.09	2.53	1	22	d__Bacteria;p__Chloroflexota;c__Limnocylindria;o__QHBO01;f__QHBO01;g__CF-167;s__Unclassified	d__Bacteria;p__Chloroflexota;c__Limnocylindria;o__Vrouevitales;f__Vrouevitaceae;g__Adnissumiaba;s__Adnissumiaba danica	d__Bacteria;p__Chloroflexota;c__Gitt-GS-136;o__Incertae Sedis;f__Incertae Sedis;g__Incertae Sedis;s__uncultured bacterium	99.1	MFD06085	Denmark	8.16335014	56.31252593	Soil		
MFD01248.bin.1.4	Y	Linaavivens	contiguus	N.L.	masch.	Microbe found nearby Linaa	A species related to but distinct from the existing species	Formerly ''Bog-473'' in GTDB R220	Formerly ''uncultured bacterium'' in Silva 138.2	GTDB marker genes and 16S rRNA	GCA_963834405.1	Oxford Nanopore PromethION	mmlong2	5228785	7	62.396606	68.13	93.5	1.71	1	22	d__Bacteria;p__Actinomycetota;c__Acidimicrobiia;o__Acidimicrobiales;f__RAAP-2;g__Bog-473;s__Unclassified	d__Bacteria;p__Actinomycetota;c__Acidimicrobiia;o__Acidimicrobiales;f__Vonsildianaceae;g__Linaavivens;s__Linaavivens contiguus	d__Bacteria;p__Actinomycetota;c__Acidimicrobiia;o__Acidimicrobiales;f__Acidimicrobiaceae;g__Incertae Sedis;s__uncultured bacterium	98.9	MFD01248	Denmark	9.6813	56.1067	Soil	Temperate heath and scrub	Dry heath
MFD06085.bin.1.163	Y	Husbymorpha	tellurica	N.L.	fem.	Microbe found nearby Husby	A species found in soil	Formerly ''JAICJC01'' in GTDB R220	Formerly ''uncultured bacterium'' in Silva 138.2	GTDB marker genes and 16S rRNA	GCA_963809325.1	Oxford Nanopore PromethION	mmlong2	4221448	8	23.04957	71.44	98.47	3.55	1	23	d__Bacteria;p__Actinomycetota;c__Thermoleophilia;o__Gaiellales;f__JAICJC01;g__JAICJC01;s__Unclassified	d__Bacteria;p__Actinomycetota;c__Thermoleophilia;o__Gaiellales;f__Husbymorphaceae;g__Husbymorpha;s__Husbymorpha tellurica	d__Bacteria;p__Actinomycetota;c__Thermoleophilia;o__Gaiellales;f__Incertae Sedis;g__Incertae Sedis;s__uncultured bacterium	99.6	MFD06085	Denmark	8.16335014	56.31252593	Soil		
MFD01248.bin.1.104	Y	Allingium	nordicum	N.L.	neut.	Microbe found nearby Alling	A species from the Nordic region	Formerly ''JAFAHZ01'' in GTDB R220	sp. nov.	GTDB marker genes and 16S rRNA	GCA_963752765.1	Oxford Nanopore PromethION	mmlong2	3176334	9	97.10216	60.19	92.67	0.48	1	23	d__Bacteria;p__Eremiobacterota;c__Eremiobacteria;o__Baltobacterales;f__Baltobacteraceae;g__JAFAHZ01;s__Unclassified	d__Bacteria;p__Eremiobacterota;c__Eremiobacteria;o__Baltobacterales;f__Baltobacteraceae;g__Allingium;s__Allingium nordicum	d__Bacteria;p__Candidatus Eremiobacterota;c__Eremiobacteria;o__Incertae Sedis;f__Incertae Sedis;g__Incertae Sedis;s__uncultured bacterium	96	MFD01248	Denmark	9.6813	56.1067	Soil	Temperate heath and scrub	Dry heath
MFD05377.bin.1.8	Y	Ejerslevisoma	contiguum	N.L.	neut.	Microbe found nearby Ejerslev	A species related to but distinct from the existing species	Formerly ''JABDBE01'' in GTDB R220	Formerly ''uncultured bacterium'' in Silva 138.2	GTDB marker genes and 16S rRNA	GCA_963819245.1	Oxford Nanopore PromethION	mmlong2	6249523	9	41.98479	56.6	100	2	1	23	d__Bacteria;p__Acidobacteriota;c__Terriglobia;o__Terriglobales;f__SbA1;g__JABDBE01;s__Unclassified	d__Bacteria;p__Acidobacteriota;c__Terriglobia;o__Terriglobales;f__SbA1;g__Ejerslevisoma;s__Ejerslevisoma contiguum	d__Bacteria;p__Acidobacteriota;c__Acidobacteriae;o__Terriglobales;f__Incertae Sedis;g__Incertae Sedis;s__uncultured bacterium	99.1	MFD05377	Denmark	8.85114178	56.93737774	Sediment	Freshwater	Standing freshwater
MFD10064.bin.1.39	Y	Jannerupisoma	glebicum	N.L.	neut.	Microbe found nearby Jannerup	A species found in soil	Formerly ''DAIDHG01'' in GTDB R220	sp. nov.	GTDB marker genes and 16S rRNA	GCA_963705705.1	Oxford Nanopore PromethION	mmlong2	1380124	9	9.870655	43.02	96.31	1.31	1	21	d__Bacteria;p__Dependentiae;c__Babeliae;o__Babeliales;f__JABCYS01;g__DAIDHG01;s__Unclassified	d__Bacteria;p__Dependentiae;c__Babeliae;o__Babeliales;f__Jannerupisomataceae;g__Jannerupisoma;s__Jannerupisoma glebicum	d__Bacteria;p__Dependentiae;c__Babeliae;o__Babeliales;f__Babeliaceae;g__Incertae Sedis;s__uncultured bacterium	88.5	MFD10064	Denmark	8.42712	56.91759	Soil	Dunes	Decalcified Empetrum dunes
MFD01223.bin.1.23	Y	Enstedimicrobium	affine	N.L.	neut.	Microbe found nearby Ensted	A species related to but distinct from the existing species	Formerly ''C7867-001'' in GTDB R220	sp. nov.	GTDB marker genes and 16S rRNA	GCA_963699165.1	Oxford Nanopore PromethION	mmlong2	993452	1	262.0467	53.38	99.1	0.33	1	20	d__Bacteria;p__Patescibacteria;c__Paceibacteria;o__UBA9973;f__UBA2103;g__C7867-001;s__Unclassified	d__Bacteria;p__Patescibacteria;c__Paceibacteria;o__UBA9973;f__Enstedimicrobiaceae;g__Enstedimicrobium;s__Enstedimicrobium affine	d__Bacteria;p__Patescibacteria;c__Parcubacteria;o__Candidatus Kaiserbacteria;f__Incertae Sedis;g__Incertae Sedis;s__Parcubacteria group bacterium CG1_02_50_68	95.7	MFD01223	Denmark	9.4106	54.9741	Soil	"Bogs, mires and fens"	Quaking bogs
MFD05567.bin.c.1	Y	Kaerumiaba	glebica	N.L.	fem.	Microbe found nearby Kaerum	A species found in soil	Formerly ''VAYN01'' in GTDB R220	Formerly ''uncultured bacterium'' in Silva 138.2	GTDB marker genes and 16S rRNA	GCA_963708195.1	Oxford Nanopore PromethION	mmlong2	2625534	1	57.28814	68.33	93.54	0.64	1	22	d__Bacteria;p__Actinomycetota;c__Thermoleophilia;o__Solirubrobacterales;f__70-9;g__VAYN01;s__Unclassified	d__Bacteria;p__Actinomycetota;c__Thermoleophilia;o__Solirubrobacterales;f__Maglebybacteriaceae;g__Kaerumiaba;s__Kaerumiaba glebica	d__Bacteria;p__Actinomycetota;c__Thermoleophilia;o__Solirubrobacterales;f__67-14;g__Incertae Sedis;s__uncultured bacterium	99.3	MFD05567	Denmark	9.8535	55.2293	Soil	Grassland formations	Calcareous grassland
MFD02581.bin.c.1	Y	Taebringicola	ripicus	N.L.	masch.	Microbe found nearby Taebring	A species found in the coast	Formerly ''JACMLD01'' in GTDB R220	Formerly ''uncultured Chitinophagaceae bacterium'' in Silva 138.2	GTDB marker genes and 16S rRNA	GCA_963705285.1	Oxford Nanopore PromethION	mmlong2	6517676	1	41.26491	43.78	99.98	0.26	1	22	d__Bacteria;p__Bacteroidota;c__Bacteroidia;o__Chitinophagales;f__Chitinophagaceae;g__JACMLD01;s__Unclassified	d__Bacteria;p__Bacteroidota;c__Bacteroidia;o__Chitinophagales;f__Chitinophagaceae;g__Taebringicola;s__Taebringicola ripicus	d__Bacteria;p__Bacteroidota;c__Bacteroidia;o__Chitinophagales;f__Chitinophagaceae;g__Incertae Sedis;s__uncultured Chitinophagaceae bacterium	98.8	MFD02581	Denmark	8.5876	56.7958	Soil	Coastal	Perennial vegetation of stony banks
MFD06229.bin.1.171	Y	Tilstibacterium	glebicum	N.L.	neut.	Microbe found nearby Tilst	A species found in soil	Formerly ''JACDBE01'' in GTDB R220	sp. nov.	GTDB marker genes and 16S rRNA	GCA_963714055.1	Oxford Nanopore PromethION	mmlong2	3254181	1	31.01284	69.86	90.28	0.53	1	22	d__Bacteria;p__Actinomycetota;c__Acidimicrobiia;o__UBA5794;f__UBA5794;g__JACDBE01;s__Unclassified	d__Bacteria;p__Actinomycetota;c__Acidimicrobiia;o__UBA5794;f__Tilstibacteriaceae;g__Tilstibacterium;s__Tilstibacterium glebicum	d__Bacteria;p__Actinomycetota;c__Acidimicrobiia;o__Actinomarinales;f__Incertae Sedis;g__Incertae Sedis;s__uncultured actinobacterium	98.6	MFD06229	Denmark	10.10668968	56.20455878	Soil	"Bogs, mires and fens"	Sphagnum acid bogs
MFD01188.bin.1.39	Y	Faaborgimorpha	humica	N.L.	fem.	Microbe found nearby Faaborg	A species found in soil	Formerly ''Bog-793'' in GTDB R220	Formerly ''uncultured Actinomycetales bacterium'' in Silva 138.2	GTDB marker genes and 16S rRNA	GCA_963785415.1	Oxford Nanopore PromethION	mmlong2	2217527	2	58.47912	68.82	92.44	0.73	1	22	d__Bacteria;p__Actinomycetota;c__Acidimicrobiia;o__Acidimicrobiales;f__Bog-793;g__Bog-793;s__Unclassified	d__Bacteria;p__Actinomycetota;c__Acidimicrobiia;o__Acidimicrobiales;f__Faaborgimorphaceae;g__Faaborgimorpha;s__Faaborgimorpha humica	d__Bacteria;p__Actinomycetota;c__Acidimicrobiia;o__Acidimicrobiales;f__Acidimicrobiaceae;g__Incertae Sedis;s__uncultured Actinomycetales bacterium	99.3	MFD01188	Denmark	10.271228	55.123677	Soil	"Bogs, mires and fens"	Quaking bogs
MFD01188.bin.1.19	Y	Diernaesiella	terrea	N.L.	fem.	Microbe found nearby Diernaes	A species found in soil	Formerly ''PRDV01'' in GTDB R220	sp. nov.	GTDB marker genes and 16S rRNA	GCA_963710865.1	Oxford Nanopore PromethION	mmlong2	1946190	2	22.788557	42.52	97.75	0.61	1	22	d__Bacteria;p__Dependentiae;c__Babeliae;o__Babeliales;f__Babeliaceae;g__PRDV01;s__Unclassified	d__Bacteria;p__Dependentiae;c__Babeliae;o__Babeliales;f__Babeliaceae;g__Diernaesiella;s__Diernaesiella terrea	d__Bacteria;p__Dependentiae;c__Babeliae;o__Babeliales;f__Babeliaceae;g__Incertae Sedis;s__uncultured organism	96.6	MFD01188	Denmark	10.271228	55.123677	Soil	"Bogs, mires and fens"	Quaking bogs
MFD02581.bin.1.138	Y	Skyumibacterium	oricum	N.L.	neut.	Microbe found nearby Skyum	A species found in the coast	Formerly ''RHKX01'' in GTDB R220	sp. nov.	GTDB marker genes and 16S rRNA	GCA_963826475.1	Oxford Nanopore PromethION	mmlong2	2783072	4	49.5521	68.72	94.37	0.01	1	23	d__Bacteria;p__Actinomycetota;c__Thermoleophilia;o__Solirubrobacterales;f__70-9;g__RHKX01;s__Unclassified	d__Bacteria;p__Actinomycetota;c__Thermoleophilia;o__Solirubrobacterales;f__Maglebybacteriaceae;g__Skyumibacterium;s__Skyumibacterium oricum	d__Bacteria;p__Actinomycetota;c__Thermoleophilia;o__Solirubrobacterales;f__67-14;g__Incertae Sedis;s__metagenome	98.3	MFD02581	Denmark	8.5876	56.7958	Soil	Coastal	Perennial vegetation of stony banks
MFD06229.bin.2.170	Y	Kastediaba	glebica	N.L.	fem.	Microbe found nearby Kasted	A species found in soil	Formerly ''AR5'' in GTDB R220	Formerly ''uncultured bacterium'' in Silva 138.2	GTDB marker genes and 16S rRNA	GCA_963743355.1	Oxford Nanopore PromethION	mmlong2	6189115	4	28.95383	70.63	95.06	4.52	1	23	d__Bacteria;p__Methylomirabilota;c__Methylomirabilia;o__Rokubacteriales;f__CSP1-6;g__AR5;s__Unclassified	d__Bacteria;p__Methylomirabilota;c__Methylomirabilia;o__Rokubacteriales;f__Kastediabaceae;g__Kastediaba;s__Kastediaba glebica	d__Bacteria;p__Methylomirabilota;c__Methylomirabilia;o__Rokubacteriales;f__Incertae Sedis;g__Incertae Sedis;s__uncultured bacterium	99.1	MFD06229	Denmark	10.10668968	56.20455878	Soil	"Bogs, mires and fens"	Sphagnum acid bogs
MFD02923.bin.1.133	Y	Loedderupimen	oricum	N.L.	neut.	Microbe found nearby Loedderup	A species found in the coast	Formerly ''RPRC01'' in GTDB R220	sp. nov.	GTDB marker genes and 16S rRNA	GCA_963748325.1	Oxford Nanopore PromethION	mmlong2	3764785	4	27.30024	52.07	100	1.48	2	23	d__Bacteria;p__Desulfobacterota;c__Desulfuromonadia;o__Geobacterales;f__Geobacteraceae;g__RPRC01;s__Unclassified	d__Bacteria;p__Desulfobacterota;c__Desulfuromonadia;o__Geobacterales;f__Geobacteraceae;g__Loedderupimen;s__Loedderupimen oricum	d__Bacteria;p__Thermodesulfobacteriota;c__Desulfuromonadia;o__Geobacterales;f__Geobacteraceae;g__Incertae Sedis;s__Geobacteraceae bacterium JN18_V95_J	98.2	MFD02923	Denmark	8.8343	56.765	Soil	Coastal	Atlantic salt meadows
MFD01223.bin.1.73	Y	Klipleviana	terrea	N.L.	fem.	Microbe found nearby Kliplev	A species found in soil	Formerly ''JAKAGE01'' in GTDB R220	sp. nov.	GTDB marker genes and 16S rRNA	GCA_963807165.1	Oxford Nanopore PromethION	mmlong2	845279	4	24.845438	50.51	95.39	1.77	1	20	d__Bacteria;p__Patescibacteria;c__Paceibacteria;o__UBA6257;f__2-01-FULL-56-20;g__JAKAGE01;s__Unclassified	d__Bacteria;p__Patescibacteria;c__Paceibacteria;o__UBA6257;f__Kliplevianaceae;g__Klipleviana;s__Klipleviana terrea	d__Bacteria;p__Patescibacteria;c__Parcubacteria;o__Candidatus Jorgensenbacteria;f__Incertae Sedis;g__Incertae Sedis;s__Candidatus Adlerbacteria bacterium GW2011_GWC1_50_9	86.9	MFD01223	Denmark	9.4106	54.9741	Soil	"Bogs, mires and fens"	Quaking bogs
MFD06229.bin.1.289	Y	Faarupivita	terrestris	N.L.	fem.	Microbe found nearby Faarup	A species found in soil	Formerly ''JAOUEA01'' in GTDB R220	Formerly ''uncultured bacterium'' in Silva 138.2	GTDB marker genes and 16S rRNA	GCA_963743095.1	Oxford Nanopore PromethION	mmlong2	3290888	5	34.51689	69.59	95.06	0.97	1	23	d__Bacteria;p__Actinomycetota;c__UBA4738;o__UBA4738;f__HRBIN12;g__JAOUEA01;s__Unclassified	d__Bacteria;p__Actinomycetota;c__Bonnerupiia;o__Granslevivitales;f__Granslevivitaceae;g__Faarupivita;s__Faarupivita terrestris	d__Bacteria;p__Actinomycetota;c__MB-A2-108;o__Incertae Sedis;f__Incertae Sedis;g__Incertae Sedis;s__uncultured bacterium	99.8	MFD06229	Denmark	10.10668968	56.20455878	Soil	"Bogs, mires and fens"	Sphagnum acid bogs
MFD02581.bin.1.289	Y	Rakkebybacterium	oricum	N.L.	neut.	Microbe found nearby Rakkeby	A species found in the coast	Formerly ''CADCVQ01'' in GTDB R220	Formerly ''uncultured bacterium'' in Silva 138.2	GTDB marker genes and 16S rRNA	GCA_963740895.1	Oxford Nanopore PromethION	mmlong2	4085266	6	70.76342	72.91	97.2	0.88	1	23	d__Bacteria;p__Actinomycetota;c__Thermoleophilia;o__Solirubrobacterales;f__Solirubrobacteraceae;g__CADCVQ01;s__Unclassified	d__Bacteria;p__Actinomycetota;c__Thermoleophilia;o__Solirubrobacterales;f__Solirubrobacteraceae;g__Rakkebybacterium;s__Rakkebybacterium oricum	d__Bacteria;p__Actinomycetota;c__Thermoleophilia;o__Solirubrobacterales;f__Solirubrobacteraceae;g__Incertae Sedis;s__uncultured bacterium	99.3	MFD02581	Denmark	8.5876	56.7958	Soil	Coastal	Perennial vegetation of stony banks
MFD01213.bin.1.93	Y	Lystrupivivens	terreum	N.L.	masch.	Microbe found nearby Lystrup	A species found in soil	Formerly ''KBS-83'' in GTDB R220	Formerly ''metagenome'' in Silva 138.2	GTDB marker genes and 16S rRNA	GCA_963797895.1	Oxford Nanopore PromethION	mmlong2	5215692	8	22.97108	60.39	94.7	0.99	1	23	d__Bacteria;p__Acidobacteriota;c__Terriglobia;o__Terriglobales;f__Acidobacteriaceae;g__KBS-83;s__Unclassified	d__Bacteria;p__Acidobacteriota;c__Terriglobia;o__Terriglobales;f__Acidobacteriaceae;g__Lystrupivivens;s__Lystrupivivens terreum	d__Bacteria;p__Acidobacteriota;c__Acidobacteriae;o__Terriglobales;f__Acidobacteriaceae (Subgroup 1);g__Incertae Sedis;s__metagenome	99	MFD01213	Denmark	10.4374	56.5224	Soil	Dunes	Fixed dunes (grey dunes)
MFD02581.bin.1.187	Y	Karbyvita	litoralis	N.L.	fem.	Microbe found nearby Karby	A species found in the coast	Formerly ''JAICQM01'' in GTDB R220	Formerly ''uncultured Chloroflexi bacterium'' in Silva 138.2	GTDB marker genes and 16S rRNA	GCA_963781555.1	Oxford Nanopore PromethION	mmlong2	2392094	8	15.03497	70.24	92	1.09	2	22	d__Bacteria;p__Chloroflexota;c__Limnocylindria;o__QHBO01;f__QHBO01;g__JAICQM01;s__Unclassified	d__Bacteria;p__Chloroflexota;c__Limnocylindria;o__Vrouevitales;f__Vrouevitaceae;g__Karbyvita;s__Karbyvita litoralis	d__Bacteria;p__Chloroflexota;c__Gitt-GS-136;o__Incertae Sedis;f__Incertae Sedis;g__Incertae Sedis;s__uncultured Chloroflexi bacterium	98.7	MFD02581	Denmark	8.5876	56.7958	Soil	Coastal	Perennial vegetation of stony banks
MFD01223.bin.1.30	Y	Ugevita	terrea	N.L.	fem.	Microbe found nearby Uge	A species found in soil	Formerly ''Fen-1038'' in GTDB R220	Formerly ''uncultured bacterium'' in Silva 138.2	GTDB marker genes and 16S rRNA	GCA_963753985.1	Oxford Nanopore PromethION	mmlong2	4542980	9	55.72335	49.74	99.92	4.26	1	23	d__Bacteria;p__Chloroflexota;c__Anaerolineae;o__Anaerolineales;f__Villigracilaceae;g__Fen-1038;s__Unclassified	d__Bacteria;p__Chloroflexota;c__Anaerolineae;o__Anaerolineales;f__Villigracilaceae;g__Ugevita;s__Ugevita terrea	d__Bacteria;p__Chloroflexota;c__Anaerolineae;o__Anaerolineales;f__Anaerolineaceae;g__Incertae Sedis;s__uncultured bacterium	99.3	MFD01223	Denmark	9.4106	54.9741	Soil	"Bogs, mires and fens"	Quaking bogs
MFD06714.bin.1.120	Y	Dreslettesoma	vicinum	N.L.	neut.	Microbe found nearby Dreslette	A species related to but distinct from the existing species	Formerly ''JAIQET01'' in GTDB R220	Formerly ''uncultured bacterium'' in Silva 138.2	GTDB marker genes and 16S rRNA	GCA_963802575.1	Oxford Nanopore PromethION	mmlong2	5128055	9	24.23589	57.34	92.6	1.24	1	21	d__Bacteria;p__Acidobacteriota;c__Terriglobia;o__Terriglobales;f__SbA1;g__JAIQET01;s__Unclassified	d__Bacteria;p__Acidobacteriota;c__Terriglobia;o__Terriglobales;f__SbA1;g__Dreslettesoma;s__Dreslettesoma vicinum	d__Bacteria;p__Acidobacteriota;c__Acidobacteriae;o__Terriglobales;f__Incertae Sedis;g__Incertae Sedis;s__uncultured bacterium	98.8	MFD06714	Denmark	9.988333	55.207112	Soil	Dunes	Decalcified Empetrum dunes
MFD01213.bin.1.238	Y	Vivildimonas	tellurica	N.L.	fem.	Microbe found nearby Vivild	A species found in soil	Formerly ''JAIQFF01'' in GTDB R220	Formerly ''uncultured bacterium'' in Silva 138.2	GTDB marker genes and 16S rRNA	GCA_963733545.1	Oxford Nanopore PromethION	mmlong2	5271398	9	23.155529	56.29	97.24	1.15	1	23	d__Bacteria;p__Acidobacteriota;c__Terriglobia;o__Terriglobales;f__SbA1;g__JAIQFF01;s__Unclassified	d__Bacteria;p__Acidobacteriota;c__Terriglobia;o__Terriglobales;f__SbA1;g__Vivildimonas;s__Vivildimonas tellurica	d__Bacteria;p__Acidobacteriota;c__Acidobacteriae;o__Terriglobales;f__Incertae Sedis;g__Incertae Sedis;s__uncultured bacterium	99.5	MFD01213	Denmark	10.4374	56.5224	Soil	Dunes	Fixed dunes (grey dunes)
MFD02923.bin.1.45	Y	Glyngoereum	oricum	N.L.	neut.	Microbe found nearby Glyngoere	A species found in the coast	Formerly ''ZC4RG17'' in GTDB R220	sp. nov.	GTDB marker genes and 16S rRNA	GCA_963772815.1	Oxford Nanopore PromethION	mmlong2	3460471	9	14.33257	65.39	96.16	0.46	1	22	d__Bacteria;p__Actinomycetota;c__Acidimicrobiia;o__UBA5794;f__ZC4RG35;g__ZC4RG17;s__Unclassified	d__Bacteria;p__Actinomycetota;c__Acidimicrobiia;o__UBA5794;f__Glyngoereaceae;g__Glyngoereum;s__Glyngoereum oricum	d__Bacteria;p__Actinomycetota;c__Acidimicrobiia;o__Actinomarinales;f__Incertae Sedis;g__Incertae Sedis;s__uncultured bacterium	97.9	MFD02923	Denmark	8.8343	56.765	Soil	Coastal	Atlantic salt meadows
MFD02923.bin.1.168	Y	Morsimorpha	litoralis	N.L.	fem.	Microbe found nearby Nykobing Mors	A species found in the coast	Formerly ''MGOM01'' in GTDB R220	sp. nov.	GTDB marker genes and 16S rRNA	GCA_963783335.1	Oxford Nanopore PromethION	mmlong2	3717666	10	45.15723	60.79	90.4	3.05	1	22	d__Bacteria;p__Chloroflexota;c__Anaerolineae;o__Anaerolineales;f__E44-bin32;g__MGOM01;s__Unclassified	d__Bacteria;p__Chloroflexota;c__Anaerolineae;o__Anaerolineales;f__Morsimorphaceae;g__Morsimorpha;s__Morsimorpha litoralis	d__Bacteria;p__Chloroflexota;c__Anaerolineae;o__Anaerolineales;f__Anaerolineaceae;g__Incertae Sedis;s__uncultured bacterium	94.4	MFD02923	Denmark	8.8343	56.765	Soil	Coastal	Atlantic salt meadows
MFD09567.bin.c.1	Y	Brobyhabitans	propinquus	N.L.	masch.	Microbe found nearby Noerre Broby	A species related to but distinct from the existing species	Formerly ''JAJZKE01'' in GTDB R220	sp. nov.	GTDB marker genes and 16S rRNA	GCA_963718045.1	Oxford Nanopore PromethION	mmlong2	764076	1	39.96144	42.32	99.84	0.01	1	21	d__Bacteria;p__Patescibacteria;c__Saccharimonadia;o__Saccharimonadales;f__UBA4665;g__JAJZKE01;s__Unclassified	d__Bacteria;p__Patescibacteria;c__Saccharimonadia;o__Saccharimonadales;f__Sonderborgisomataceae;g__Brobyhabitans;s__Brobyhabitans propinquus	d__Bacteria;p__Patescibacteria;c__Saccharimonadia;o__Saccharimonadales;f__LWQ8;g__Incertae Sedis;s__uncultured bacterium	94.6	MFD09567	Denmark	10.2565	55.2555	Soil	"Bogs, mires and fens"	Degraded raised bog
MFD06435.bin.c.3	Y	Klitmollerisoma	lacustre	N.L.	neut.	Microbe found nearby Klitmoller	A species found in a lake	Formerly ''Palsa-1033'' in GTDB R220	Formerly ''uncultured Chloroflexi bacterium'' in Silva 138.2	GTDB marker genes and 16S rRNA	GCA_963708015.1	Oxford Nanopore PromethION	mmlong2	3116973	1	30.32188	70.41	90.41	0.16	1	22	d__Bacteria;p__Chloroflexota;c__Limnocylindria;o__Limnocylindrales;f__CSP1-4;g__Palsa-1033;s__Unclassified	d__Bacteria;p__Chloroflexota;c__Limnocylindria;o__Limnocylindrales;f__Klitmollerisomataceae;g__Klitmollerisoma;s__Klitmollerisoma lacustre	d__Bacteria;p__Chloroflexota;c__KD4-96;o__Incertae Sedis;f__Incertae Sedis;g__Incertae Sedis;s__uncultured Chloroflexi bacterium	98.8	MFD06435	Denmark	8.46320698	57.0278885	Sediment	Freshwater	"Lake, Mixed Najas flexilis"
MFD06435.bin.1.129	Y	Vandetiella	adiacens	N.L.	fem.	Microbe found nearby Oester Vandet	A species related to but distinct from the existing species	Formerly ''LD21'' in GTDB R220	Formerly ''uncultured Sphingobacteriia bacterium'' in Silva 138.2	GTDB marker genes and 16S rRNA	GCA_963715785.1	Oxford Nanopore PromethION	mmlong2	4989276	1	28.3671	40.19	94.12	0.14	2	22	d__Bacteria;p__Bacteroidota;c__Bacteroidia;o__Bacteroidales;f__VadinHA17;g__LD21;s__Unclassified	d__Bacteria;p__Bacteroidota;c__Bacteroidia;o__Bacteroidales;f__Vandetiellaceae;g__Vandetiella;s__Vandetiella adiacens	d__Bacteria;p__Bacteroidota;c__Bacteroidia;o__Bacteroidales;f__Bacteroidetes vadinHA17;g__Incertae Sedis;s__uncultured Sphingobacteriia bacterium	98.9	MFD06435	Denmark	8.46320698	57.0278885	Sediment	Freshwater	"Lake, Mixed Najas flexilis"
MFD02242.bin.1.32	Y	Soeftenivita	terrea	N.L.	fem.	Microbe found nearby Soeften	A species found in soil	Formerly ''JAKEHA01'' in GTDB R220	sp. nov.	GTDB marker genes and 16S rRNA	GCA_963707635.1	Oxford Nanopore PromethION	mmlong2	3203431	1	23.68061	66.21	96.42	0.17	1	22	d__Bacteria;p__Krumholzibacteriota;c__Krumholzibacteria;o__WVZY01;f__JAKEHA01;g__JAKEHA01;s__Unclassified	d__Bacteria;p__Krumholzibacteriota;c__Krumholzibacteria;o__Soeftenivitales;f__Soeftenivitaceae;g__Soeftenivita;s__Soeftenivita terrea	d__Bacteria;p__Latescibacterota;c__Latescibacteria;o__Latescibacterales;f__Latescibacteraceae;g__Incertae Sedis;s__uncultured bacterium	97.3	MFD02242	Denmark	10.105	56.2065	Soil	Grassland formations	Hydrophilous tall-herb swamp
MFD01633.bin.c.3	Y	Periskagenivita	humica	N.L.	fem.	Microbe found nearby Skagen	A species found in soil	Formerly ''SOIL31'' in GTDB R220	Formerly ''uncultured bacterium'' in Silva 138.2	GTDB marker genes and 16S rRNA	GCA_963701085.1	Oxford Nanopore PromethION	mmlong2	1198634	1	13.369274	37.06	92.8	0.84	1	22	d__Bacteria;p__Dependentiae;c__Babeliae;o__Babeliales;f__Vermiphilaceae;g__SOIL31;s__Unclassified	d__Bacteria;p__Dependentiae;c__Babeliae;o__Babeliales;f__Vermiphilaceae;g__Periskagenivita;s__Periskagenivita humica	d__Bacteria;p__Dependentiae;c__Babeliae;o__Babeliales;f__Vermiphilaceae;g__Incertae Sedis;s__uncultured bacterium	99.7	MFD01633	Denmark	10.4749	57.6666	Soil	Dunes	Wooded dunes
MFD05580.bin.1.47	Y	Vindumicoccus	scandius	N.L.	masch.	Microbe found nearby Vindum	A species from Scandinavia	Formerly ''PALSA-1444'' in GTDB R220	sp. nov.	GTDB marker genes and 16S rRNA	GCA_963712275.1	Oxford Nanopore PromethION	mmlong2	1925429	2	44.50246	44.57	99.17	0.61	1	22	d__Bacteria;p__Chlamydiota;c__Chlamydiia;o__Chlamydiales;f__Rhabdochlamydiaceae;g__PALSA-1444;s__Unclassified	d__Bacteria;p__Chlamydiota;c__Chlamydiia;o__Chlamydiales;f__Rhabdochlamydiaceae;g__Vindumicoccus;s__Vindumicoccus scandius	d__Bacteria;p__Chlamydiota;c__Chlamydiia;o__Chlamydiales;f__Simkaniaceae;g__Ga0074140;s__Chlamydiae bacterium Ga0074140	91.9	MFD05580	Denmark	9.5148	56.3838	Soil	"Bogs, mires and fens"	Active raised bogs
MFD09567.bin.1.28	Y	Brobyana	scandia	N.L.	fem.	Microbe found nearby Norre Broby	A species from Scandinavia	Formerly ''JAJYKN01'' in GTDB R220	Formerly ''uncultured bacterium'' in Silva 138.2	GTDB marker genes and 16S rRNA	GCA_963737155.1	Oxford Nanopore PromethION	mmlong2	4837362	2	29.90289	49.38	100	1.61	1	23	d__Bacteria;p__Nitrospirota;c__UBA9217;o__UBA9217;f__UBA9217;g__JAJYKN01;s__Unclassified	d__Bacteria;p__Nitrospirota;c__Brobyania;o__Brobyanales;f__Brobyanaceae;g__Brobyana;s__Brobyana scandia	d__Bacteria;p__Nitrospirota;c__4-29-1;o__Incertae Sedis;f__Incertae Sedis;g__Incertae Sedis;s__uncultured bacterium	98.9	MFD09567	Denmark	10.2565	55.2555	Soil	"Bogs, mires and fens"	Degraded raised bog
MFD04780.bin.1.32	Y	Abybrobacter	proximus	N.L.	masch.	Microbe found nearby Abybro	A species related to but distinct from the existing species	Formerly ''REEB52'' in GTDB R220	sp. nov.	GTDB marker genes and 16S rRNA	GCA_963828125.1	Oxford Nanopore PromethION	mmlong2	2366465	2	17.62372	48.69	95.38	0.94	2	22	d__Bacteria;p__Chlamydiota;c__Chlamydiia;o__Chlamydiales;f__SM23-39;g__REEB52;s__Unclassified	d__Bacteria;p__Chlamydiota;c__Chlamydiia;o__Chlamydiales;f__Abybrobacteraceae;g__Abybrobacter;s__Abybrobacter proximus	d__Bacteria;p__Chlamydiota;c__Chlamydiia;o__Chlamydiales;f__cvE6;g__Incertae Sedis;s__uncultured bacterium	96.7	MFD04780	Denmark	9.7671	57.1929	Soil	"Bogs, mires and fens"	Quaking bogs
MFD04492.bin.1.27	Y	Ryemorpha	lacustris	N.L.	fem.	Microbe found nearby Gammel Rye	A species found in a lake	Formerly ''Fen-549'' in GTDB R220	Formerly ''uncultured bacterium'' in Silva 138.2	GTDB marker genes and 16S rRNA	GCA_963765455.1	Oxford Nanopore PromethION	mmlong2	2334521	3	76.20513	65.93	93.61	1.21	1	22	d__Bacteria;p__Actinomycetota;c__Thermoleophilia;o__Gaiellales;f__Gaiellaceae;g__Fen-549;s__Unclassified	d__Bacteria;p__Actinomycetota;c__Thermoleophilia;o__Gaiellales;f__Gaiellaceae;g__Ryemorpha;s__Ryemorpha lacustris	d__Bacteria;p__Actinomycetota;c__Thermoleophilia;o__Gaiellales;f__Incertae Sedis;g__Incertae Sedis;s__uncultured bacterium	98.7	MFD04492	Denmark	9.699910829	56.05543277	Sediment	Freshwater	"Lake, Dystrophic"
MFD06742.bin.1.113	Y	Borreiella	glebica	N.L.	fem.	Microbe found nearby Borre	A species found in soil	Formerly ''SPCO01'' in GTDB R220	sp. nov.	GTDB marker genes and 16S rRNA	GCA_963819655.1	Oxford Nanopore PromethION	mmlong2	3487778	3	34.4786	69.38	91.25	0.51	1	22	d__Bacteria;p__Chloroflexota;c__Limnocylindria;o__Limnocylindrales;f__CSP1-4;g__SPCO01;s__Unclassified	d__Bacteria;p__Chloroflexota;c__Limnocylindria;o__Limnocylindrales;f__Klitmollerisomataceae;g__Borreiella;s__Borreiella glebica	d__Bacteria;p__Chloroflexota;c__KD4-96;o__Incertae Sedis;f__Incertae Sedis;g__Incertae Sedis;s__uncultured bacterium	98.2	MFD06742	Denmark	12.534405	54.992122	Soil	Forests	Beech forests Limestone
MFD00964.bin.1.74	Y	Koelkaerius	aridus	N.L.	masch.	Microbe found nearby Koelkaer	A species found in sand	Formerly ''UBA5704'' in GTDB R220	sp. nov.	GTDB marker genes and 16S rRNA	GCA_963770895.1	Oxford Nanopore PromethION	mmlong2	8164432	3	22.827482	70.73	94.95	1.52	1	23	d__Bacteria;p__Acidobacteriota;c__Thermoanaerobaculia;o__Multivoradales;f__UBA5704;g__UBA5704;s__Unclassified	d__Bacteria;p__Acidobacteriota;c__Thermoanaerobaculia;o__Multivoradales;f__Koelkaeriaceae;g__Koelkaerius;s__Koelkaerius aridus	d__Bacteria;p__Acidobacteriota;c__Thermoanaerobaculia;o__Thermoanaerobaculales;f__Thermoanaerobaculaceae;g__Subgroup 10;s__uncultured bacterium	94.1	MFD00964	Denmark	9.1593	56.0298	Soil	Dunes	Inland dunes Genista
MFD04967.bin.1.58	Y	Marstalimorpha	tellurica	N.L.	fem.	Microbe found nearby Marstal	A species found in soil	Formerly ''JADZED01'' in GTDB R220	Formerly ''uncultured Acidobacteria bacterium'' in Silva 138.2	GTDB marker genes and 16S rRNA	GCA_963757355.1	Oxford Nanopore PromethION	mmlong2	6549797	4	44.75044	65.13	100	1.12	1	23	d__Bacteria;p__Acidobacteriota;c__Vicinamibacteria;o__Vicinamibacterales;f__UBA2999;g__JADZED01;s__Unclassified	d__Bacteria;p__Acidobacteriota;c__Vicinamibacteria;o__Vicinamibacterales;f__Pjedstedimenaceae;g__Marstalimorpha;s__Marstalimorpha tellurica	d__Bacteria;p__Acidobacteriota;c__Vicinamibacteria;o__Vicinamibacterales;f__Incertae Sedis;g__Incertae Sedis;s__uncultured Acidobacteria bacterium	99.7	MFD04967	Denmark	10.5207	54.8533	Soil	Forests	Temperate forests
MFD03066.bin.1.8	Y	Kolindicoccus	telluricus	N.L.	masch.	Microbe found nearby Kolind	A species found in soil	Formerly ''UBA6163'' in GTDB R220	Formerly ''uncultured bacterium'' in Silva 138.2	GTDB marker genes and 16S rRNA	GCA_963758085.1	Oxford Nanopore PromethION	mmlong2	7012870	4	29.8559	60.57	93.81	2.39	2	23	d__Bacteria;p__Planctomycetota;c__Planctomycetia;o__Pirellulales;f__Pirellulaceae;g__UBA6163;s__Unclassified	d__Bacteria;p__Planctomycetota;c__Planctomycetia;o__Pirellulales;f__Pirellulaceae;g__Kolindicoccus;s__Kolindicoccus telluricus	d__Bacteria;p__Planctomycetota;c__Planctomycetes;o__Pirellulales;f__Pirellulaceae;g__Incertae Sedis;s__uncultured bacterium	99	MFD03066	Denmark	10.5828	56.3609	Soil	Greenspaces	Other
MFD00032.bin.1.232	Y	Skallerupiana	lacustris	N.L.	fem.	Microbe found nearby Skallerup	A species found in a lake	Formerly ''JAGOPY01'' in GTDB R220	Formerly ''uncultured bacterium'' in Silva 138.2	GTDB marker genes and 16S rRNA	GCA_963701785.1	Oxford Nanopore PromethION	mmlong2	4470091	4	26.850239	44.75	90.17	3.71	1	22	d__Bacteria;p__Bacteroidota;c__Bacteroidia;o__Bacteroidales;f__JAGOPY01;g__JAGOPY01;s__Unclassified	d__Bacteria;p__Bacteroidota;c__Bacteroidia;o__Bacteroidales;f__Skallerupianaceae;g__Skallerupiana;s__Skallerupiana lacustris	d__Bacteria;p__Bacteroidota;c__Bacteroidia;o__Sphingobacteriales;f__Lentimicrobiaceae;g__Incertae Sedis;s__uncultured bacterium	98.9	MFD00032	Denmark	9.893109449	57.49172952	Sediment	Freshwater	"Lake, Rich pondweed"
MFD03044.bin.1.30	Y	Auningicola	septentrionalis	N.L.	masch.	Microbe found nearby Auning	A species from the north	Formerly ''REEB76'' in GTDB R220	sp. nov.	GTDB marker genes and 16S rRNA	GCA_963774895.1	Oxford Nanopore PromethION	mmlong2	2422009	4	25.59149	56.91	96.38	0.04	1	22	d__Bacteria;p__Pseudomonadota;c__Gammaproteobacteria;o__REEB76;f__REEB76;g__REEB76;s__Unclassified	d__Bacteria;p__Pseudomonadota;c__Gammaproteobacteria;o__Auningicolales;f__Auningicolaceae;g__Auningicola;s__Auningicola septentrionalis	d__Bacteria;p__Pseudomonadota;c__Gammaproteobacteria;o__KF-JG30-C25;f__Incertae Sedis;g__Incertae Sedis;s__uncultured bacterium KF-JG30-C25	98.3	MFD03044	Denmark	10.3691	56.425	Sediment	Freshwater	"Rainwater basin, City"
MFD04780.bin.1.195	Y	Jetsmarkimen	propinquum	N.L.	neut.	Microbe found nearby Jetsmark	A species related to but distinct from the existing species	Formerly ''PALSA-1295'' in GTDB R220	Formerly ''uncultured bacterium'' in Silva 138.2	GTDB marker genes and 16S rRNA	GCA_963736195.1	Oxford Nanopore PromethION	mmlong2	3696783	4	16.42883	49.83	97.86	0.59	1	22	d__Bacteria;p__Bacteroidota;c__Kapaibacteriia;o__Palsa-1295;f__Palsa-1295;g__PALSA-1295;s__Unclassified	d__Bacteria;p__Bacteroidota;c__Kapaibacteriia;o__Jetsmarkimenales;f__Jetsmarkimenaceae;g__Jetsmarkimen;s__Jetsmarkimen propinquum	d__Bacteria;p__Candidatus Kapabacteria;c__Kapabacteria;o__Kapabacteriales;f__Incertae Sedis;g__Incertae Sedis;s__uncultured bacterium	99.1	MFD04780	Denmark	9.7671	57.1929	Soil	"Bogs, mires and fens"	Quaking bogs
MFD05580.bin.1.115	Y	Vinkelivivens	similis	N.L.	masch.	Microbe found nearby Vinkel	A species related to but distinct from the existing species	Formerly ''Bog-1198'' in GTDB R220	sp. nov.	GTDB marker genes and 16S rRNA	GCA_963769075.1	Oxford Nanopore PromethION	mmlong2	6283147	5	68.3851	61.33	99.69	2.79	1	22	d__Bacteria;p__Pseudomonadota;c__Gammaproteobacteria;o__Steroidobacterales;f__Steroidobacteraceae;g__Bog-1198;s__Unclassified	d__Bacteria;p__Pseudomonadota;c__Gammaproteobacteria;o__Steroidobacterales;f__Steroidobacteraceae;g__Vinkelivivens;s__Vinkelivivens similis	d__Bacteria;p__Pseudomonadota;c__Gammaproteobacteria;o__WD260;f__Incertae Sedis;g__Incertae Sedis;s__uncultured bacterium	98.5	MFD05580	Denmark	9.5148	56.3838	Soil	"Bogs, mires and fens"	Active raised bogs
MFD03066.bin.1.56	Y	Ebdrupicola	septentrionalis	N.L.	masch.	Microbe found nearby Ebdrup	A species from the north	Formerly ''JACCZH01'' in GTDB R220	sp. nov.	GTDB marker genes and 16S rRNA	GCA_963729445.1	Oxford Nanopore PromethION	mmlong2	4058893	5	20.64966	61.63	90.39	4.64	2	23	d__Bacteria;p__Chloroflexota;c__Chloroflexia;o__Thermomicrobiales;f__CFX8;g__JACCZH01;s__Unclassified	d__Bacteria;p__Chloroflexota;c__Chloroflexia;o__Thermomicrobiales;f__Ebdrupicolaceae;g__Ebdrupicola;s__Ebdrupicola septentrionalis	d__Bacteria;p__Chloroflexota;c__Chloroflexia;o__Thermomicrobiales;f__AKYG1722;g__Incertae Sedis;s__uncultured bacterium	97.3	MFD03066	Denmark	10.5828	56.3609	Soil	Greenspaces	Other
MFD03044.bin.1.56	Y	Fausingibacter	adiacens	N.L.	masch.	Microbe found nearby Fausing	A species related to but distinct from the existing species	Formerly ''JAHFUA01'' in GTDB R220	sp. nov.	GTDB marker genes and 16S rRNA	GCA_963808725.1	Oxford Nanopore PromethION	mmlong2	4899733	5	19.95851	61.66	94.39	0.92	1	23	d__Bacteria;p__Acidobacteriota;c__Terriglobia;o__Terriglobales;f__JAHFUA01;g__JAHFUA01;s__Unclassified	d__Bacteria;p__Acidobacteriota;c__Terriglobia;o__Terriglobales;f__Fausingibacteraceae;g__Fausingibacter;s__Fausingibacter adiacens	d__Bacteria;p__Acidobacteriota;c__Acidobacteriae;o__Terriglobales;f__Incertae Sedis;g__Incertae Sedis;s__uncultured bacterium	98.6	MFD03044	Denmark	10.3691	56.425	Sediment	Freshwater	"Rainwater basin, City"
MFD04492.bin.1.14	Y	Vissingium	lacustre	N.L.	neut.	Microbe found nearby Soender Vissing	A species found in a lake	Formerly ''Bog-564'' in GTDB R220	Formerly ''uncultured forest soil bacterium'' in Silva 138.2	GTDB marker genes and 16S rRNA	GCA_963751305.1	Oxford Nanopore PromethION	mmlong2	2487530	6	28.05825	66.32	91.55	0.09	2	22	d__Bacteria;p__Actinomycetota;c__Acidimicrobiia;o__Acidimicrobiales;f__UBA8190;g__Bog-564;s__Unclassified	d__Bacteria;p__Actinomycetota;c__Acidimicrobiia;o__Acidimicrobiales;f__UBA8190;g__Vissingium;s__Vissingium lacustre	d__Bacteria;p__Actinomycetota;c__Acidimicrobiia;o__Acidimicrobiales;f__Acidimicrobiaceae;g__Incertae Sedis;s__uncultured forest soil bacterium	98.8	MFD04492	Denmark	9.699910829	56.05543277	Sediment	Freshwater	"Lake, Dystrophic"
MFD04967.bin.1.195	Y	Strynoehabitans	proximus	N.L.	masch.	Microbe found nearby Strynoe	A species related to but distinct from the existing species	Formerly ''JAVDCA01'' in GTDB R220	Formerly ''uncultured bacterium'' in Silva 138.2	GTDB marker genes and 16S rRNA	GCA_963819385.1	Oxford Nanopore PromethION	mmlong2	7393427	6	18.31116	66.6	95.1	3.51	1	22	d__Bacteria;p__Pseudomonadota;c__Alphaproteobacteria;o__Rhizobiales;f__Xanthobacteraceae;g__JAVDCA01;s__Unclassified	d__Bacteria;p__Pseudomonadota;c__Alphaproteobacteria;o__Rhizobiales;f__Xanthobacteraceae;g__Strynoehabitans;s__Strynoehabitans proximus	d__Bacteria;p__Pseudomonadota;c__Alphaproteobacteria;o__Hyphomicrobiales;f__Xanthobacteraceae;g__Incertae Sedis;s__uncultured bacterium	99.2	MFD04967	Denmark	10.5207	54.8533	Soil	Forests	Temperate forests
MFD06435.bin.1.80	Y	Vangiana	lacustris	N.L.	fem.	Microbe found nearby Vang	A species found in a lake	Formerly ''Bog-1340'' in GTDB R220	sp. nov.	GTDB marker genes and 16S rRNA	GCA_963840885.1	Oxford Nanopore PromethION	mmlong2	736061	6	15.17843	42.74	97.05	0.89	1	20	d__Bacteria;p__Patescibacteria;c__Paceibacteria;o__UBA9973;f__GWA1-40-21;g__Bog-1340;s__Unclassified	d__Bacteria;p__Patescibacteria;c__Paceibacteria;o__UBA9973;f__Vangianaceae;g__Vangiana;s__Vangiana lacustris	d__Bacteria;p__Patescibacteria;c__Parcubacteria;o__Incertae Sedis;f__Incertae Sedis;g__Incertae Sedis;s__uncultured bacterium	87.5	MFD06435	Denmark	8.46320698	57.0278885	Sediment	Freshwater	"Lake, Mixed Najas flexilis"
MFD00032.bin.1.60	Y	Vidstrupium	lacustre	N.L.	neut.	Microbe found nearby Vidstrup	A species found in a lake	Formerly ''VBCG01'' in GTDB R220	sp. nov.	GTDB marker genes and 16S rRNA	GCA_963718025.1	Oxford Nanopore PromethION	mmlong2	4880133	7	49.328728	67.06	99.25	0.17	1	22	d__Bacteria;p__Pseudomonadota;c__Gammaproteobacteria;o__Burkholderiales;f__Casimicrobiaceae;g__VBCG01;s__Unclassified	d__Bacteria;p__Pseudomonadota;c__Gammaproteobacteria;o__Burkholderiales;f__Casimicrobiaceae;g__Vidstrupium;s__Vidstrupium lacustre	d__Bacteria;p__Pseudomonadota;c__Gammaproteobacteria;o__Burkholderiales;f__SC-I-84;g__Incertae Sedis;s__uncultured soil bacterium	96.5	MFD00032	Denmark	9.893109449	57.49172952	Sediment	Freshwater	"Lake, Rich pondweed"
MFD06742.bin.1.182	Y	Elmelundeaba	similis	N.L.	fem.	Microbe found nearby Elmelunde	A species related to but distinct from the existing species	Formerly ''ZC4RG19'' in GTDB R220	Formerly ''uncultured bacterium'' in Silva 138.2	GTDB marker genes and 16S rRNA	GCA_963735375.1	Oxford Nanopore PromethION	mmlong2	4844420	7	27.63643	71.92	91.57	0.48	1	22	d__Bacteria;p__Actinomycetota;c__Acidimicrobiia;o__Acidimicrobiales;f__JACDCH01;g__ZC4RG19;s__Unclassified	d__Bacteria;p__Actinomycetota;c__Acidimicrobiia;o__Acidimicrobiales;f__Elmelundeabaceae;g__Elmelundeaba;s__Elmelundeaba similis	d__Bacteria;p__Actinomycetota;c__Acidimicrobiia;o__Microtrichales;f__Incertae Sedis;g__Incertae Sedis;s__uncultured bacterium	98.9	MFD06742	Denmark	12.534405	54.992122	Soil	Forests	Beech forests Limestone
MFD02242.bin.1.318	Y	Oelstedimen	terrestre	N.L.	neut.	Microbe found nearby Oelsted	A species found in soil	Formerly ''CF-46'' in GTDB R220	Formerly ''uncultured Chloroflexi bacterium'' in Silva 138.2	GTDB marker genes and 16S rRNA	GCA_963760735.1	Oxford Nanopore PromethION	mmlong2	3838665	7	23.314901	70.94	92.3	0.11	1	22	d__Bacteria;p__Chloroflexota;c__Limnocylindria;o__Limnocylindrales;f__CSP1-4;g__CF-46;s__Unclassified	d__Bacteria;p__Chloroflexota;c__Limnocylindria;o__Limnocylindrales;f__Klitmollerisomataceae;g__Oelstedimen;s__Oelstedimen terrestre	d__Bacteria;p__Chloroflexota;c__KD4-96;o__Incertae Sedis;f__Incertae Sedis;g__Incertae Sedis;s__uncultured Chloroflexi bacterium	99	MFD02242	Denmark	10.105	56.2065	Soil	Grassland formations	Hydrophilous tall-herb swamp
MFD02242.bin.1.310	Y	Skjoldhoejiana	tellurica	N.L.	fem.	Microbe found nearby Skjoldhoej	A species found in soil	Formerly ''BPIH01'' in GTDB R220	sp. nov.	GTDB marker genes and 16S rRNA	GCA_963789905.1	Oxford Nanopore PromethION	mmlong2	2832749	7	20.963905	68.26	94.74	0.69	1	22	d__Bacteria;p__Chloroflexota;c__Limnocylindria;o__Limnocylindrales;f__CSP1-4;g__BPIH01;s__Unclassified	d__Bacteria;p__Chloroflexota;c__Limnocylindria;o__Limnocylindrales;f__Klitmollerisomataceae;g__Skjoldhoejiana;s__Skjoldhoejiana tellurica	d__Bacteria;p__Chloroflexota;c__KD4-96;o__Incertae Sedis;f__Incertae Sedis;g__Incertae Sedis;s__uncultured bacterium	96.9	MFD02242	Denmark	10.105	56.2065	Soil	Grassland formations	Hydrophilous tall-herb swamp
MFD03066.bin.1.24	Y	Skarresoeiella	similis	N.L.	fem.	Microbe found nearby Skarresoe	A species related to but distinct from the existing species	Formerly ''CAKKSB01'' in GTDB R220	sp. nov.	GTDB marker genes and 16S rRNA	GCA_963729605.1	Oxford Nanopore PromethION	mmlong2	3475565	7	17.96847	60.97	94.48	0.46	1	21	d__Bacteria;p__Pseudomonadota;c__Gammaproteobacteria;o__CALZJG01;f__CALZJG01;g__CAKKSB01;s__Unclassified	d__Bacteria;p__Pseudomonadota;c__Gammaproteobacteria;o__Skarresoeiellales;f__Skarresoeiellaceae;g__Skarresoeiella;s__Skarresoeiella similis	d__Bacteria;p__Pseudomonadota;c__Gammaproteobacteria;o__Ectothiorhodospirales;f__Thioalkalispiraceae;g__Sulfurivermis;s__uncultured bacterium	92.8	MFD03066	Denmark	10.5828	56.3609	Soil	Greenspaces	Other
MFD02360.bin.1.271	Y	Vigsoehabitans	glebicus	N.L.	masch.	Microbe found nearby Vigsoe	A species found in soil	Formerly ''JAMQPK01'' in GTDB R220	Formerly ''uncultured Acidobacteria bacterium'' in Silva 138.2	GTDB marker genes and 16S rRNA	GCA_963782595.1	Oxford Nanopore PromethION	mmlong2	6309298	8	36.653736	62.72	100	1.65	1	22	d__Bacteria;p__Acidobacteriota;c__Vicinamibacteria;o__Vicinamibacterales;f__UBA2999;g__JAMQPK01;s__Unclassified	d__Bacteria;p__Acidobacteriota;c__Vicinamibacteria;o__Vicinamibacterales;f__Pjedstedimenaceae;g__Vigsoehabitans;s__Vigsoehabitans glebicus	d__Bacteria;p__Acidobacteriota;c__Vicinamibacteria;o__Vicinamibacterales;f__Incertae Sedis;g__Incertae Sedis;s__uncultured Acidobacteria bacterium	98.9	MFD02360	Denmark	8.7192	57.0795	Soil	Grassland formations	Calcareous grassland
MFD09567.bin.1.143	Y	Brobyvita	scandia	N.L.	fem.	Microbe found nearby Soender Broby	A species from Scandinavia	Formerly ''CAJCHQ01'' in GTDB R220	sp. nov.	GTDB marker genes and 16S rRNA	GCA_963834525.1	Oxford Nanopore PromethION	mmlong2	4821265	8	16.24343	50.1	92.35	4.22	1	23	d__Bacteria;p__Cyanobacteriota;c__Vampirovibrionia;o__Obscuribacterales;f__Obscuribacteraceae;g__CAJCHQ01;s__Unclassified	d__Bacteria;p__Cyanobacteriota;c__Vampirovibrionia;o__Obscuribacterales;f__Obscuribacteraceae;g__Brobyvita;s__Brobyvita scandia	d__Bacteria;p__Cyanobacteriota;c__Vampirivibrionia;o__Obscuribacterales;f__Obscuribacteraceae;g__Incertae Sedis;s__uncultured bacterium	96.9	MFD09567	Denmark	10.2565	55.2555	Soil	"Bogs, mires and fens"	Degraded raised bog
MFD03044.bin.1.2	Y	Allingihabitans	sediminis	N.L.	masch.	Microbe found nearby Oester Alling	A species found in sediments	Formerly ''DAHUXN01'' in GTDB R220	Formerly ''uncultured forest soil bacterium'' in Silva 138.2	GTDB marker genes and 16S rRNA	GCA_963729815.1	Oxford Nanopore PromethION	mmlong2	3887927	9	25.9746	58.15	97.08	0.04	1	22	d__Bacteria;p__Acidobacteriota;c__Terriglobia;o__Acidoferrales;f__UBA7541;g__DAHUXN01;s__Unclassified	d__Bacteria;p__Acidobacteriota;c__Terriglobia;o__Acidoferrales;f__UBA7541;g__Allingihabitans;s__Allingihabitans sediminis	d__Bacteria;p__Acidobacteriota;c__Acidobacteriae;o__Subgroup 2;f__Incertae Sedis;g__Incertae Sedis;s__uncultured forest soil bacterium	99.7	MFD03044	Denmark	10.3691	56.425	Sediment	Freshwater	"Rainwater basin, City"
MFD06435.bin.1.175	Y	Vandetius	borealis	N.L.	masch.	Microbe found nearby Vester Vandet	A species from the north	Formerly ''JAICLK01'' in GTDB R220	sp. nov.	GTDB marker genes and 16S rRNA	GCA_963742655.1	Oxford Nanopore PromethION	mmlong2	1561782	9	12.75932	50.07	94.56	2.61	1	21	d__Bacteria;p__Patescibacteria;c__Saccharimonadia;o__Saccharimonadales;f__UBA4665;g__JAICLK01;s__Unclassified	d__Bacteria;p__Patescibacteria;c__Saccharimonadia;o__Saccharimonadales;f__Sonderborgisomataceae;g__Vandetius;s__Vandetius borealis	d__Bacteria;p__Patescibacteria;c__Saccharimonadia;o__Saccharimonadales;f__LWQ8;g__Incertae Sedis;s__uncultured bacterium	95.4	MFD06435	Denmark	8.46320698	57.0278885	Sediment	Freshwater	"Lake, Mixed Najas flexilis"
MFD06742.bin.1.1	Y	Keldbybacterium	terrestre	N.L.	neut.	Microbe found nearby Keldby	A species found in soil	Formerly ''SCUD01'' in GTDB R220	Formerly ''uncultured bacterium'' in Silva 138.2	GTDB marker genes and 16S rRNA	GCA_963778585.1	Oxford Nanopore PromethION	mmlong2	2951391	10	51.61041	65.63	96.32	2.81	1	20	d__Bacteria;p__Pseudomonadota;c__Gammaproteobacteria;o__Steroidobacterales;f__Steroidobacteraceae;g__SCUD01;s__Unclassified	d__Bacteria;p__Pseudomonadota;c__Gammaproteobacteria;o__Steroidobacterales;f__Steroidobacteraceae;g__Keldbybacterium;s__Keldbybacterium terrestre	d__Bacteria;p__Pseudomonadota;c__Gammaproteobacteria;o__PLTA13;f__Incertae Sedis;g__Incertae Sedis;s__uncultured bacterium	99.5	MFD06742	Denmark	12.534405	54.992122	Soil	Forests	Beech forests Limestone
MFD00032.bin.1.190	Y	Vennebjergiella	lacustris	N.L.	fem.	Microbe found nearby Vennebjerg	A species found in a lake	Formerly ''RPQJ01'' in GTDB R220	sp. nov.	GTDB marker genes and 16S rRNA	GCA_963707145.1	Oxford Nanopore PromethION	mmlong2	3863998	10	27.692602	69.96	95.39	1.07	1	22	d__Bacteria;p__Pseudomonadota;c__Gammaproteobacteria;o__Steroidobacterales;f__Steroidobacteraceae;g__RPQJ01;s__Unclassified	d__Bacteria;p__Pseudomonadota;c__Gammaproteobacteria;o__Steroidobacterales;f__Steroidobacteraceae;g__Vennebjergiella;s__Vennebjergiella lacustris	d__Bacteria;p__Pseudomonadota;c__Gammaproteobacteria;o__Steroidobacterales;f__Steroidobacteraceae;g__Incertae Sedis;s__uncultured bacterium	98.4	MFD00032	Denmark	9.893109449	57.49172952	Sediment	Freshwater	"Lake, Rich pondweed"
MFD00032.bin.1.267	Y	Tornbymen	lacustre	N.L.	neut.	Microbe found nearby Tornby	A species found in a lake	Formerly ''CAIMUS01'' in GTDB R220	sp. nov.	GTDB marker genes and 16S rRNA	GCA_963708455.1	Oxford Nanopore PromethION	mmlong2	5170495	10	20.963678	59.33	90.33	4.17	2	21	d__Bacteria;p__Pseudomonadota;c__Gammaproteobacteria;o__Competibacterales;f__Competibacteraceae;g__CAIMUS01;s__Unclassified	d__Bacteria;p__Pseudomonadota;c__Gammaproteobacteria;o__Competibacterales;f__Competibacteraceae;g__Tornbymen;s__Tornbymen lacustre	d__Bacteria;p__Pseudomonadota;c__Gammaproteobacteria;o__HOC36;f__Incertae Sedis;g__Incertae Sedis;s__uncultured bacterium	92.9	MFD00032	Denmark	9.893109449	57.49172952	Sediment	Freshwater	"Lake, Rich pondweed"
MFD02242.bin.1.342	Y	Softeniella	glebica	N.L.	fem.	Microbe found nearby Soften	A species found in soil	Formerly ''JADJOM01'' in GTDB R220	sp. nov.	GTDB marker genes and 16S rRNA	GCA_963748035.1	Oxford Nanopore PromethION	mmlong2	4214982	10	20.192814	65.06	98.37	1.08	1	23	d__Bacteria;p__Gemmatimonadota;c__Gemmatimonadetes;o__Gemmatimonadales;f__GWC2-71-9;g__JADJOM01;s__Unclassified	d__Bacteria;p__Gemmatimonadota;c__Gemmatimonadetes;o__Gemmatimonadales;f__Siemiabaceae;g__Softeniella;s__Softeniella glebica	d__Bacteria;p__Gemmatimonadota;c__Gemmatimonadia;o__Gemmatimonadales;f__Gemmatimonadaceae;g__Incertae Sedis;s__uncultured bacterium	98.6	MFD02242	Denmark	10.105	56.2065	Soil	Grassland formations	Hydrophilous tall-herb swamp
MFD04935.bin.1.10	Y	Soenderhoella	arida	N.L.	fem.	Microbe found nearby Soenderho	A species found in sand	Formerly ''JACVRW01'' in GTDB R220	Formerly ''uncultured bacterium'' in Silva 138.2	GTDB marker genes and 16S rRNA	GCA_963716215.1	Oxford Nanopore PromethION	mmlong2	4181877	1	28.81707	71.15	93.86	1.25	1	22	d__Bacteria;p__Actinomycetota;c__Thermoleophilia;o__Solirubrobacterales;f__Thermoleophilaceae;g__JACVRW01;s__Unclassified	d__Bacteria;p__Actinomycetota;c__Thermoleophilia;o__Solirubrobacterales;f__Thermoleophilaceae;g__Soenderhoella;s__Soenderhoella arida	d__Bacteria;p__Actinomycetota;c__Thermoleophilia;o__Solirubrobacterales;f__67-14;g__Incertae Sedis;s__uncultured bacterium	98.9	MFD04935	Denmark	8.4297	55.3523	Soil	Dunes	Marram dunes (white dunes)
MFD03250.bin.1.16	Y	Kalundborgimen	aquaticum	N.L.	neut.	Microbe found nearby Kalundborg	A species found in water	Formerly ''UBA6929'' in GTDB R220	sp. nov.	GTDB marker genes and 16S rRNA	GCA_963702155.1	Oxford Nanopore PromethION	mmlong2	2331622	1	13.20408	42.72	97.86	0.49	1	22	d__Bacteria;p__Pseudomonadota;c__Alphaproteobacteria;o__Micavibrionales;f__Micavibrionaceae;g__UBA6929;s__Unclassified	d__Bacteria;p__Pseudomonadota;c__Alphaproteobacteria;o__Micavibrionales;f__Micavibrionaceae;g__Kalundborgimen;s__Kalundborgimen aquaticum	d__Bacteria;p__Pseudomonadota;c__Alphaproteobacteria;o__Micavibrionales;f__Micavibrionaceae;g__Incertae Sedis;s__uncultured bacterium	94.6	MFD03250	Denmark	11.0731	55.677	Water	Saltwater	Harbours
MFD04935.bin.1.50	Y	Soenderhous	aridus	N.L.	masch.	Microbe found nearby Soenderho	A species found in sand	Formerly ''JADGNW01'' in GTDB R220	Formerly ''uncultured Acidobacteria bacterium'' in Silva 138.2	GTDB marker genes and 16S rRNA	GCA_963804815.1	Oxford Nanopore PromethION	mmlong2	8588088	2	390.4961	53.49	96.54	0.22	1	23	d__Bacteria;p__Acidobacteriota;c__Blastocatellia;o__UBA7656;f__UBA7656;g__JADGNW01;s__Unclassified	d__Bacteria;p__Acidobacteriota;c__Blastocatellia;o__Soenderhoales;f__Soenderhoaceae;g__Soenderhous;s__Soenderhous aridus	d__Bacteria;p__Acidobacteriota;c__Blastocatellia;o__11-24;f__Incertae Sedis;g__Incertae Sedis;s__uncultured Acidobacteria bacterium	99.1	MFD04935	Denmark	8.4297	55.3523	Soil	Dunes	Marram dunes (white dunes)
MFD03346.bin.1.9	Y	Vinderslevimen	danicum	N.L.	neut.	Microbe found nearby Vinderslev	A species from Denmark	Formerly ''PALSA-188'' in GTDB R220	Formerly ''uncultured Acidobacteria bacterium'' in Silva 138.2	GTDB marker genes and 16S rRNA	GCA_963729355.1	Oxford Nanopore PromethION	mmlong2	4649206	2	23.58233	54.19	96.49	0.48	1	22	d__Bacteria;p__Acidobacteriota;c__Terriglobia;o__Terriglobales;f__SbA1;g__PALSA-188;s__Unclassified	d__Bacteria;p__Acidobacteriota;c__Terriglobia;o__Terriglobales;f__SbA1;g__Vinderslevimen;s__Vinderslevimen danicum	d__Bacteria;p__Acidobacteriota;c__Acidobacteriae;o__Terriglobales;f__Incertae Sedis;g__Incertae Sedis;s__uncultured Acidobacteria bacterium	99.5	MFD03346	Denmark	9.2692	56.2436	Soil	Temperate heath and scrub	Dry heath
MFD03250.bin.1.9	Y	Nyvangimorpha	aquidulcis	N.L.	fem.	Microbe found nearby Nyvang	A species found in freshwater	Formerly ''RDZH01'' in GTDB R220	sp. nov.	GTDB marker genes and 16S rRNA	GCA_963803575.1	Oxford Nanopore PromethION	mmlong2	2301021	2	13.71703	46.2	98.52	0.9	1	21	d__Bacteria;p__Pseudomonadota;c__Alphaproteobacteria;o__Rickettsiales;f__UBA998;g__RDZH01;s__Unclassified	d__Bacteria;p__Pseudomonadota;c__Alphaproteobacteria;o__Rickettsiales;f__Nyvangimorphaceae;g__Nyvangimorpha;s__Nyvangimorpha aquidulcis	d__Bacteria;p__Pseudomonadota;c__Alphaproteobacteria;o__Rickettsiales;f__SM2D12;g__Incertae Sedis;s__uncultured bacterium	93.7	MFD03250	Denmark	11.0731	55.677	Water	Saltwater	Harbours
MFD09730.bin.1.17	Y	Vibyum	boreale	N.L.	neut.	Microbe found nearby Viby	A species from the north	Formerly ''UBA1568'' in GTDB R220	sp. nov.	GTDB marker genes and 16S rRNA	GCA_963743885.1	Oxford Nanopore PromethION	mmlong2	1152848	2	13.40121	52.49	98.55	0.11	1	19	d__Bacteria;p__Patescibacteria;c__Paceibacteria;o__Moranbacterales;f__UBA1568;g__UBA1568;s__Unclassified	d__Bacteria;p__Patescibacteria;c__Paceibacteria;o__Moranbacterales;f__Vibyaceae;g__Vibyum;s__Vibyum boreale	d__Bacteria;p__Patescibacteria;c__Parcubacteria;o__Candidatus Moranbacteria;f__Incertae Sedis;g__Incertae Sedis;s__Candidatus Moranbacteria bacterium GW2011_GWE1_49_15	88.1	MFD09730	Denmark	12.0297	55.5412	Sediment	Freshwater	"Rainwater basin, Dried"
MFD03250.bin.1.42	Y	Aarbyvivens	aquaticus	N.L.	masch.	Microbe found nearby Aarby	A species found in water	Formerly ''JALZUV01'' in GTDB R220	sp. nov.	GTDB marker genes and 16S rRNA	GCA_963837025.1	Oxford Nanopore PromethION	mmlong2	2021224	3	20.04503	43.79	98.67	0.3	1	22	d__Bacteria;p__Pseudomonadota;c__Alphaproteobacteria;o__Rickettsiales;f__JALZUV01;g__JALZUV01;s__Unclassified	d__Bacteria;p__Pseudomonadota;c__Alphaproteobacteria;o__Rickettsiales;f__Aarbyviventaceae;g__Aarbyvivens;s__Aarbyvivens aquaticus	d__Bacteria;p__Pseudomonadota;c__Alphaproteobacteria;o__Rickettsiales;f__SM2D12;g__Incertae Sedis;s__uncultured soil bacterium	89.3	MFD03250	Denmark	11.0731	55.677	Water	Saltwater	Harbours
MFD04935.bin.1.25	Y	Nordbyana	glebica	N.L.	fem.	Microbe found nearby Nordby	A species found in soil	Formerly ''WHSW01'' in GTDB R220	sp. nov.	GTDB marker genes and 16S rRNA	GCA_963767285.1	Oxford Nanopore PromethION	mmlong2	3416579	4	27.66953	70.45	95.4	0.28	1	22	d__Bacteria;p__Actinomycetota;c__Thermoleophilia;o__Solirubrobacterales;f__70-9;g__WHSW01;s__Unclassified	d__Bacteria;p__Actinomycetota;c__Thermoleophilia;o__Solirubrobacterales;f__Maglebybacteriaceae;g__Nordbyana;s__Nordbyana glebica	d__Bacteria;p__Actinomycetota;c__Thermoleophilia;o__Solirubrobacterales;f__67-14;g__Incertae Sedis;s__uncultured bacterium	98.3	MFD04935	Denmark	8.4297	55.3523	Soil	Dunes	Marram dunes (white dunes)
MFD02134.bin.1.216	Y	Vindingisoma	humicum	N.L.	neut.	Microbe found nearby Vinding	A species found in soil	Formerly ''VFJZ01'' in GTDB R220	sp. nov.	GTDB marker genes and 16S rRNA	GCA_963779685.1	Oxford Nanopore PromethION	mmlong2	4258561	4	16.755014	71.64	94.44	1.9	1	23	d__Bacteria;p__Actinomycetota;c__Thermoleophilia;o__Gaiellales;f__F1-60-MAGs149;g__VFJZ01;s__Unclassified	d__Bacteria;p__Actinomycetota;c__Thermoleophilia;o__Gaiellales;f__Vindingisomataceae;g__Vindingisoma;s__Vindingisoma humicum	d__Bacteria;p__Actinomycetota;c__Thermoleophilia;o__Gaiellales;f__Incertae Sedis;g__Incertae Sedis;s__uncultured soil bacterium	95.5	MFD02134	Denmark	9.5887	56.0562	Soil	"Bogs, mires and fens"	Wet thicket  (non-habitat type)
MFD03250.bin.1.142	Y	Raklevivivens	borealis	N.L.	masch.	Microbe found nearby Raklev	A species from the north	Formerly ''JACKIP01'' in GTDB R220	sp. nov.	GTDB marker genes and 16S rRNA	GCA_963710165.1	Oxford Nanopore PromethION	mmlong2	2085308	5	11.05851	42.65	97.36	0.68	1	22	d__Bacteria;p__Pseudomonadota;c__Alphaproteobacteria;o__Micavibrionales;f__Micavibrionaceae;g__JACKIP01;s__Unclassified	d__Bacteria;p__Pseudomonadota;c__Alphaproteobacteria;o__Micavibrionales;f__Micavibrionaceae;g__Raklevivivens;s__Raklevivivens borealis	d__Bacteria;p__Pseudomonadota;c__Alphaproteobacteria;o__Micavibrionales;f__Micavibrionaceae;g__Incertae Sedis;s__uncultured organism	95	MFD03250	Denmark	11.0731	55.677	Water	Saltwater	Harbours
MFD03250.bin.1.57	Y	Toemmerupius	aquaticus	N.L.	masch.	Microbe found nearby Toemmerup	A species found in water	Formerly ''UBA2137'' in GTDB R220	sp. nov.	GTDB marker genes and 16S rRNA	GCA_963740205.1	Oxford Nanopore PromethION	mmlong2	1706637	5	11.03467	41.89	93.03	0.64	1	21	d__Bacteria;p__Pseudomonadota;c__Alphaproteobacteria;o__Micavibrionales;f__Micavibrionaceae;g__UBA2137;s__Unclassified	d__Bacteria;p__Pseudomonadota;c__Alphaproteobacteria;o__Micavibrionales;f__Micavibrionaceae;g__Toemmerupius;s__Toemmerupius aquaticus	d__Bacteria;p__Pseudomonadota;c__Alphaproteobacteria;o__Micavibrionales;f__Micavibrionaceae;g__Incertae Sedis;s__unidentified marine bacterioplankton	94.8	MFD03250	Denmark	11.0731	55.677	Water	Saltwater	Harbours
MFD03250.bin.1.169	Y	Roerbyvivens	aquaticus	N.L.	masch.	Microbe found nearby Roerby	A species found in water	Formerly ''JAEZED01'' in GTDB R220	sp. nov.	GTDB marker genes and 16S rRNA	GCA_963841915.1	Oxford Nanopore PromethION	mmlong2	3634901	6	42.98575	64.19	93.3	0.03	1	22	d__Bacteria;p__Planctomycetota;c__Phycisphaerae;o__Tepidisphaerales;f__JAEZED01;g__JAEZED01;s__Unclassified	d__Bacteria;p__Planctomycetota;c__Phycisphaerae;o__Tepidisphaerales;f__Roerbyviventaceae;g__Roerbyvivens;s__Roerbyvivens aquaticus	d__Bacteria;p__Planctomycetota;c__Phycisphaerae;o__Tepidisphaerales;f__Incertae Sedis;g__Incertae Sedis;s__uncultured Planctomycetales bacterium	88.9	MFD03250	Denmark	11.0731	55.677	Water	Saltwater	Harbours
MFD00031.bin.1.58	Y	Ottestrupium	terreus	N.L.	neut.	Microbe found nearby Ottestrup	A species found in soil	Formerly ''FEN-1191'' in GTDB R220	Formerly ''uncultured bacterium'' in Silva 138.2	GTDB marker genes and 16S rRNA	GCA_963707115.1	Oxford Nanopore PromethION	mmlong2	3722760	6	33.29027	65.94	91.57	0.92	1	22	d__Bacteria;p__Pseudomonadota;c__Gammaproteobacteria;o__Steroidobacterales;f__Steroidobacteraceae;g__FEN-1191;s__Unclassified	d__Bacteria;p__Pseudomonadota;c__Gammaproteobacteria;o__Steroidobacterales;f__Steroidobacteraceae;g__Ottestrupium;s__Ottestrupium terreus	d__Bacteria;p__Pseudomonadota;c__Gammaproteobacteria;o__JG36-TzT-191;f__Incertae Sedis;g__Incertae Sedis;s__uncultured bacterium	98.9	MFD00031	Denmark	11.4075	55.4191	Soil	Forests	Alluvial woodland
MFD02134.bin.1.165	Y	Themius	telluricus	N.L.	masch.	Microbe found nearby Them	A species found in soil	Formerly ''CAITWD01'' in GTDB R220	Formerly ''uncultured Conexibacteraceae bacterium'' in Silva 138.2	GTDB marker genes and 16S rRNA	GCA_963773325.1	Oxford Nanopore PromethION	mmlong2	2880985	6	29.974257	69.98	93.9	2.86	1	22	d__Bacteria;p__Actinomycetota;c__Thermoleophilia;o__Miltoncostaeales;f__Miltoncostaeaceae;g__CAITWD01;s__Unclassified	d__Bacteria;p__Actinomycetota;c__Thermoleophilia;o__Miltoncostaeales;f__Miltoncostaeaceae;g__Themius;s__Themius telluricus	d__Bacteria;p__Actinomycetota;c__Thermoleophilia;o__Gaiellales;f__Incertae Sedis;g__Incertae Sedis;s__uncultured Conexibacteraceae bacterium	99.7	MFD02134	Denmark	9.5887	56.0562	Soil	"Bogs, mires and fens"	Wet thicket  (non-habitat type)
MFD09730.bin.1.8	Y	Daastrupimen	contiguum	N.L.	neut.	Microbe found nearby Daastrup	A species related to but distinct from the existing species	Formerly ''JAHEKZ01'' in GTDB R220	Formerly ''uncultured bacterium'' in Silva 138.2	GTDB marker genes and 16S rRNA	GCA_963712425.1	Oxford Nanopore PromethION	mmlong2	2724980	6	17.37215	64.64	91.43	0.23	1	21	d__Bacteria;p__Actinomycetota;c__Actinomycetes;o__JAHEKZ01;f__JAHEKZ01;g__JAHEKZ01;s__Unclassified	d__Bacteria;p__Actinomycetota;c__Actinomycetes;o__Daastrupimenales;f__Daastrupimenaceae;g__Daastrupimen;s__Daastrupimen contiguum	d__Bacteria;p__Actinomycetota;c__Actinobacteria;o__Frankiales;f__Incertae Sedis;g__Incertae Sedis;s__uncultured bacterium	99.3	MFD09730	Denmark	12.0297	55.5412	Sediment	Freshwater	"Rainwater basin, Dried"
MFD03346.bin.2.106	Y	Engesvangiaba	propinqua	N.L.	fem.	Microbe found nearby Engesvang	A species related to but distinct from the existing species	Formerly ''Palsa-360'' in GTDB R220	Formerly ''uncultured bacterium'' in Silva 138.2	GTDB marker genes and 16S rRNA	GCA_963719875.1	Oxford Nanopore PromethION	mmlong2	6682731	8	28.12994	56.9	97.15	0.34	1	23	d__Bacteria;p__Acidobacteriota;c__Terriglobia;o__Acidoferrales;f__UBA7541;g__Palsa-360;s__Unclassified	d__Bacteria;p__Acidobacteriota;c__Terriglobia;o__Acidoferrales;f__UBA7541;g__Engesvangiaba;s__Engesvangiaba propinqua	d__Bacteria;p__Acidobacteriota;c__Acidobacteriae;o__Subgroup 2;f__Incertae Sedis;g__Incertae Sedis;s__uncultured bacterium	98.7	MFD03346	Denmark	9.2692	56.2436	Soil	Temperate heath and scrub	Dry heath
MFD02134.bin.1.56	Y	Bryrupiana	terrestris	N.L.	fem.	Microbe found nearby Bryrup	A species found in soil	Formerly ''AC-51'' in GTDB R220	Formerly ''uncultured Methylocystaceae bacterium'' in Silva 138.2	GTDB marker genes and 16S rRNA	GCA_963741145.1	Oxford Nanopore PromethION	mmlong2	3002359	8	16.997543	70.38	91.28	0.6	1	23	d__Bacteria;p__Actinomycetota;c__UBA4738;o__UBA4738;f__HRBIN12;g__AC-51;s__Unclassified	d__Bacteria;p__Actinomycetota;c__Bonnerupiia;o__Granslevivitales;f__Granslevivitaceae;g__Bryrupiana;s__Bryrupiana terrestris	d__Bacteria;p__Actinomycetota;c__MB-A2-108;o__Incertae Sedis;f__Incertae Sedis;g__Incertae Sedis;s__uncultured Methylocystaceae bacterium	100	MFD02134	Denmark	9.5887	56.0562	Soil	"Bogs, mires and fens"	Wet thicket  (non-habitat type)
MFD09730.bin.1.81	Y	Syvimonas	contigua	N.L.	fem.	Microbe found nearby Syv	A species related to but distinct from the existing species	Formerly ''JAHJQQ01'' in GTDB R220	Formerly ''uncultured bacterium'' in Silva 138.2	GTDB marker genes and 16S rRNA	GCA_963737555.1	Oxford Nanopore PromethION	mmlong2	2991561	9	30.28766	59.44	91.28	0.69	1	21	d__Bacteria;p__Pseudomonadota;c__Gammaproteobacteria;o__JAHJQQ01;f__JAHJQQ01;g__JAHJQQ01;s__Unclassified	d__Bacteria;p__Pseudomonadota;c__Gammaproteobacteria;o__Syvimonadales;f__Syvimonadaceae;g__Syvimonas;s__Syvimonas contigua	d__Bacteria;p__Pseudomonadota;c__Gammaproteobacteria;o__1013-28-CG33;f__Incertae Sedis;g__Incertae Sedis;s__uncultured bacterium	99.1	MFD09730	Denmark	12.0297	55.5412	Sediment	Freshwater	"Rainwater basin, Dried"
MFD00392.bin.1.305	Y	Alstediella	glebica	N.L.	fem.	Microbe found nearby Alsted	A species found in soil	Formerly ''JALZOC01'' in GTDB R220	Formerly ''uncultured Acidobacteria bacterium'' in Silva 138.2	GTDB marker genes and 16S rRNA	GCA_963695655.1	Oxford Nanopore PromethION	mmlong2	6218000	9	29.202438	65.73	95.29	4.95	2	22	d__Bacteria;p__Acidobacteriota;c__Vicinamibacteria;o__Vicinamibacterales;f__2-12-FULL-66-21;g__JALZOC01;s__Unclassified	d__Bacteria;p__Acidobacteriota;c__Vicinamibacteria;o__Vicinamibacterales;f__Alstediellaceae;g__Alstediella;s__Alstediella glebica	d__Bacteria;p__Acidobacteriota;c__Vicinamibacteria;o__Vicinamibacterales;f__Incertae Sedis;g__Incertae Sedis;s__uncultured Acidobacteria bacterium	99.4	MFD00392	Denmark	11.6269	55.4231	Soil	Fields	"Fabales, Faba bean"
MFD02134.bin.2.167	Y	Graedstrupiella	terrea	N.L.	fem.	Microbe found nearby Graedstrup	A species found in soil	Formerly ''JARIHD01'' in GTDB R220	sp. nov.	GTDB marker genes and 16S rRNA	GCA_963815935.1	Oxford Nanopore PromethION	mmlong2	1359614	9	15.174741	52.55	90.9	4.74	1	21	d__Bacteria;p__Patescibacteria;c__Saccharimonadia;o__Saccharimonadales;f__UBA4665;g__JARIHD01;s__Unclassified	d__Bacteria;p__Patescibacteria;c__Saccharimonadia;o__Saccharimonadales;f__Sonderborgisomataceae;g__Graedstrupiella;s__Graedstrupiella terrea	d__Bacteria;p__Patescibacteria;c__Saccharimonadia;o__Saccharimonadales;f__Incertae Sedis;g__Incertae Sedis;s__uncultured bacterium	95.2	MFD02134	Denmark	9.5887	56.0562	Soil	"Bogs, mires and fens"	Wet thicket  (non-habitat type)
MFD03975.bin.1.150	Y	Kirkebyum	telluricum	N.L.	neut.	Microbe found nearby Bording Kirkeby	A species found in soil	Formerly ''Palsa-892'' in GTDB R220	sp. nov.	GTDB marker genes and 16S rRNA	GCA_963751615.1	Oxford Nanopore PromethION	mmlong2	3541826	10	38.38599	54.38	99.09	1.71	1	22	d__Bacteria;p__Pseudomonadota;c__Alphaproteobacteria;o__Rhizobiales;f__Xanthobacteraceae;g__Palsa-892;s__Unclassified	d__Bacteria;p__Pseudomonadota;c__Alphaproteobacteria;o__Rhizobiales;f__Xanthobacteraceae;g__Kirkebyum;s__Kirkebyum telluricum	d__Bacteria;p__Pseudomonadota;c__Alphaproteobacteria;o__Hyphomicrobiales;f__Xanthobacteraceae;g__Incertae Sedis;s__uncultured bacterium	98	MFD03975	Denmark	9.28	56.1497	Soil	Greenspaces	Parks
MFD04935.bin.1.83	Y	Mandoevita	arida	N.L.	fem.	Microbe found nearby Mandoe	A species found in sand	Formerly ''DP-20'' in GTDB R220	Formerly ''metagenome'' in Silva 138.2	GTDB marker genes and 16S rRNA	GCA_963767275.1	Oxford Nanopore PromethION	mmlong2	6500529	10	33.89627	56.63	92.67	4.47	1	21	d__Bacteria;p__Desulfobacterota_B;c__Binatia;o__UBA9968;f__UBA9968;g__DP-20;s__Unclassified	d__Bacteria;p__Desulfobacterota_B;c__Binatia;o__Mandoevitales;f__Mandoevitaceae;g__Mandoevita;s__Mandoevita arida	d__Bacteria;p__RCP2-54;c__Incertae Sedis;o__Incertae Sedis;f__Incertae Sedis;g__Incertae Sedis;s__metagenome	99.4	MFD04935	Denmark	8.4297	55.3523	Soil	Dunes	Marram dunes (white dunes)
MFD01231.bin.c.6	Y	Kvaersiplasma	lacustre	N.L.	neut.	Microbe found nearby Kvaers	A species found in a lake	Formerly ''Bog-38'' in GTDB R220	Formerly ''uncultured archaeon'' in Silva 138.2	GTDB marker genes and 16S rRNA	GCA_963720465.1	Oxford Nanopore PromethION	mmlong2	2313764	1	470.87943	51.75	90.58	0.76	1	22	d__Archaea;p__Halobacteriota;c__Bog-38;o__Bog-38;f__Bog-38;g__Bog-38;s__Unclassified	d__Archaea;p__Halobacteriota;c__Kvaersiplasmatia;o__Kvaersiplasmatales;f__Kvaersiplasmataceae;g__Kvaersiplasma;s__Kvaersiplasma lacustre	d__Archaea;p__Halobacteriota;c__Methanomicrobia;o__Methanomicrobiales;f__Rice Cluster II;g__Incertae Sedis;s__uncultured archaeon	99.2	MFD01231	Denmark	9.410917085	54.97351103	Sediment	Freshwater	"Lake, Dystrophic"
MFD01231.bin.c.4	Y	Felstedibacter	affinis	N.L.	masch.	Microbe found nearby Felsted	A species related to but distinct from the existing species	Formerly ''Fen-1362'' in GTDB R220	sp. nov.	GTDB marker genes and 16S rRNA	GCA_963718665.1	Oxford Nanopore PromethION	mmlong2	2610871	1	132.09883	49.19	94.64	2.1	1	22	d__Bacteria;p__Planctomycetota;c__Phycisphaerae;o__Sedimentisphaerales;f__SG8-4;g__Fen-1362;s__Unclassified	d__Bacteria;p__Planctomycetota;c__Phycisphaerae;o__Sedimentisphaerales;f__Felstedibacteraceae;g__Felstedibacter;s__Felstedibacter affinis	d__Bacteria;p__Planctomycetota;c__Phycisphaerae;o__MSBL9;f__SG8-4;g__Incertae Sedis;s__uncultured bacterium	92.9	MFD01231	Denmark	9.410917085	54.97351103	Sediment	Freshwater	"Lake, Dystrophic"
MFD04651.bin.1.17	Y	Adslevivita	vicina	N.L.	fem.	Microbe found nearby Adslev	A species related to but distinct from the existing species	Formerly ''JACMNW01'' in GTDB R220	sp. nov.	GTDB marker genes and 16S rRNA	GCA_963708425.1	Oxford Nanopore PromethION	mmlong2	3701726	1	76.77505	59.44	98.4	0.01	2	22	d__Bacteria;p__Pseudomonadota;c__Alphaproteobacteria;o__Rhodobacterales;f__Rhodobacteraceae;g__JACMNW01;s__Unclassified	d__Bacteria;p__Pseudomonadota;c__Alphaproteobacteria;o__Rhodobacterales;f__Rhodobacteraceae;g__Adslevivita;s__Adslevivita vicina	d__Bacteria;p__Pseudomonadota;c__Alphaproteobacteria;o__Rhodobacterales;f__Paracoccaceae;g__Incertae Sedis;s__uncultured bacterium	97.8	MFD04651	Denmark	9.996	56.1124	Sediment	Freshwater	Running freshwater
MFD00905.bin.c.1	Y	Gedvedius	lacustris	N.L.	masch.	Microbe found nearby Gedved	A species found in a lake	Formerly ''PLanc-01'' in GTDB R220	sp. nov.	GTDB marker genes and 16S rRNA	GCA_963708075.1	Oxford Nanopore PromethION	mmlong2	7515525	1	54.990463	60.42	92.76	3.8	1	22	d__Bacteria;p__Planctomycetota;c__Phycisphaerae;o__Sedimentisphaerales;f__SG8-4;g__PLanc-01;s__Unclassified	d__Bacteria;p__Planctomycetota;c__Phycisphaerae;o__Sedimentisphaerales;f__Felstedibacteraceae;g__Gedvedius;s__Gedvedius lacustris	d__Bacteria;p__Planctomycetota;c__Phycisphaerae;o__MSBL9;f__SG8-4;g__Incertae Sedis;s__uncultured planctomycete	96.3	MFD00905	Denmark	9.831926013	55.91690451	Sediment	Freshwater	"Lake, Rich pondweed"
MFD01231.bin.1.10	Y	Aabenraaus	lacustris	N.L.	masch.	Microbe found nearby Aabenraa	A species found in a lake	Formerly ''JAJZPH01'' in GTDB R220	sp. nov.	GTDB marker genes and 16S rRNA	GCA_963716985.1	Oxford Nanopore PromethION	mmlong2	2067739	1	33.26661	44.42	99.54	1.01	2	22	d__Bacteria;p__Chlamydiota;c__Chlamydiia;o__Chlamydiales;f__SM23-39;g__JAJZPH01;s__Unclassified	d__Bacteria;p__Chlamydiota;c__Chlamydiia;o__Chlamydiales;f__Abybrobacteraceae;g__Aabenraaus;s__Aabenraaus lacustris	d__Bacteria;p__Chlamydiota;c__Chlamydiia;o__Chlamydiales;f__Criblamydiaceae;g__Incertae Sedis;s__metagenome	89.1	MFD01231	Denmark	9.410917085	54.97351103	Sediment	Freshwater	"Lake, Dystrophic"
MFD01689.bin.1.59	Y	Alslevihabitans	humicus	N.L.	masch.	Microbe found nearby Alslev	A species found in soil	Formerly ''JAKLIN01'' in GTDB R220	sp. nov.	GTDB marker genes and 16S rRNA	GCA_963800525.1	Oxford Nanopore PromethION	mmlong2	540323	2	28.019016	33.22	95.39	0.12	1	20	d__Archaea;p__Nanoarchaeota;c__Nanoarchaeia;o__Pacearchaeales;f__GW2011-AR1;g__JAKLIN01;s__Unclassified	d__Archaea;p__Nanoarchaeota;c__Nanoarchaeia;o__Pacearchaeales;f__Alslevihabitantaceae;g__Alslevihabitans;s__Alslevihabitans humicus	d__Archaea;p__Nanoarchaeota;c__Nanoarchaeia;o__Pacearchaeales;f__Incertae Sedis;g__SCGC AAA011-D5;s__Candidatus Diapherotrites archaeon ADurb.Bin253	88.2	MFD01689	Denmark	8.4696	55.595	Soil	"Bogs, mires and fens"	Rhynchosporion depressions
MFD00905.bin.1.54	Y	Tolstrupiaba	sediminis	N.L.	fem.	Microbe found nearby Tolstrup	A species found in sediments	Formerly ''JARKSS01'' in GTDB R220	sp. nov.	GTDB marker genes and 16S rRNA	GCA_963813585.1	Oxford Nanopore PromethION	mmlong2	5364735	2	26.418304	70.49	93.74	1.43	1	23	d__Bacteria;p__Acidobacteriota;c__Vicinamibacteria;o__Vicinamibacterales;f__Fen-181;g__JARKSS01;s__Unclassified	d__Bacteria;p__Acidobacteriota;c__Vicinamibacteria;o__Vicinamibacterales;f__Tolstrupiabaceae;g__Tolstrupiaba;s__Tolstrupiaba sediminis	d__Bacteria;p__Acidobacteriota;c__Vicinamibacteria;o__Vicinamibacterales;f__Incertae Sedis;g__Incertae Sedis;s__uncultured Acidobacteria bacterium	98.4	MFD00905	Denmark	9.831926013	55.91690451	Sediment	Freshwater	"Lake, Rich pondweed"
MFD04651.bin.1.237	Y	Stjaerimonas	propinqua	N.L.	fem.	Microbe found nearby Stjaer	A species related to but distinct from the existing species	Formerly ''CADEFD01'' in GTDB R220	Formerly ''uncultured bacterium'' in Silva 138.2	GTDB marker genes and 16S rRNA	GCA_963741665.1	Oxford Nanopore PromethION	mmlong2	6285919	4	38.72778	70.45	92.84	0.18	1	23	d__Bacteria;p__Acidobacteriota;c__Vicinamibacteria;o__Vicinamibacterales;f__UBA2999;g__CADEFD01;s__Unclassified	d__Bacteria;p__Acidobacteriota;c__Vicinamibacteria;o__Vicinamibacterales;f__Pjedstedimenaceae;g__Stjaerimonas;s__Stjaerimonas propinqua	d__Bacteria;p__Acidobacteriota;c__Vicinamibacteria;o__Vicinamibacterales;f__Vicinamibacteraceae;g__Incertae Sedis;s__uncultured bacterium	99.4	MFD04651	Denmark	9.996	56.1124	Sediment	Freshwater	Running freshwater
MFD01689.bin.1.114	Y	Vardecola	adiacens	N.L.	masch.	Microbe found nearby Varde	A species related to but distinct from the existing species	Formerly ''JAJPHW01'' in GTDB R220	sp. nov.	GTDB marker genes and 16S rRNA	GCA_963799065.1	Oxford Nanopore PromethION	mmlong2	4109795	4	32.717587	57.01	100	1.45	1	23	d__Bacteria;p__Acidobacteriota;c__Terriglobia;o__Terriglobales;f__SbA1;g__JAJPHW01;s__Unclassified	d__Bacteria;p__Acidobacteriota;c__Terriglobia;o__Terriglobales;f__SbA1;g__Vardecola;s__Vardecola adiacens	d__Bacteria;p__Acidobacteriota;c__Acidobacteriae;o__Terriglobales;f__Incertae Sedis;g__Incertae Sedis;s__uncultured bacterium	96.6	MFD01689	Denmark	8.4696	55.595	Soil	"Bogs, mires and fens"	Rhynchosporion depressions
MFD04651.bin.1.55	Y	Harlevimorpha	europaea	N.L.	fem.	Microbe found nearby Harlev	A species from Europe	Formerly ''CADEEN01'' in GTDB R220	sp. nov.	GTDB marker genes and 16S rRNA	GCA_963738575.1	Oxford Nanopore PromethION	mmlong2	4286202	4	18.32875	61.73	92.56	0.16	1	22	d__Bacteria;p__Pseudomonadota;c__Gammaproteobacteria;o__Burkholderiales;f__Burkholderiaceae;g__CADEEN01;s__Unclassified	d__Bacteria;p__Pseudomonadota;c__Gammaproteobacteria;o__Burkholderiales;f__Burkholderiaceae;g__Harlevimorpha;s__Harlevimorpha europaea	d__Bacteria;p__Pseudomonadota;c__Gammaproteobacteria;o__Burkholderiales;f__Comamonadaceae;g__Incertae Sedis;s__metagenome	97.5	MFD04651	Denmark	9.996	56.1124	Sediment	Freshwater	Running freshwater
MFD04651.bin.1.166	Y	Hoerningimen	europaeum	N.L.	neut.	Microbe found nearby Hoerning	A species from Europe	Formerly ''JADJPO01'' in GTDB R220	sp. nov.	GTDB marker genes and 16S rRNA	GCA_963828555.1	Oxford Nanopore PromethION	mmlong2	5269047	5	32.61132	71.07	97.28	1.5	1	22	d__Bacteria;p__Actinomycetota;c__Actinomycetes;o__Actinomycetales;f__Kineosporiaceae;g__JADJPO01;s__Unclassified	d__Bacteria;p__Actinomycetota;c__Actinomycetes;o__Actinomycetales;f__Kineosporiaceae;g__Hoerningimen;s__Hoerningimen europaeum	d__Bacteria;p__Actinomycetota;c__Actinobacteria;o__Kineosporiales;f__Kineosporiaceae;g__Incertae Sedis;s__metagenome	98.4	MFD04651	Denmark	9.996	56.1124	Sediment	Freshwater	Running freshwater
MFD04651.bin.1.47	Y	Horningisoma	propinquum	N.L.	neut.	Microbe found nearby Horning	A species related to but distinct from the existing species	Formerly ''SSEF01'' in GTDB R220	sp. nov.	GTDB marker genes and 16S rRNA	GCA_963778555.1	Oxford Nanopore PromethION	mmlong2	1052139	5	14.74852	53.89	92.26	0.55	1	21	d__Bacteria;p__Patescibacteria;c__Paceibacteria;o__Moranbacterales;f__UBA1568;g__SSEF01;s__Unclassified	d__Bacteria;p__Patescibacteria;c__Paceibacteria;o__Moranbacterales;f__Vibyaceae;g__Horningisoma;s__Horningisoma propinquum	d__Bacteria;p__Patescibacteria;c__Parcubacteria;o__Candidatus Moranbacteria;f__Incertae Sedis;g__Incertae Sedis;s__uncultured bacterium	88.5	MFD04651	Denmark	9.996	56.1124	Sediment	Freshwater	Running freshwater
MFD01689.bin.1.3	Y	Bryndumiplasma	terreus	N.L.	neut.	Microbe found nearby Bryndum	A species found in soil	Formerly ''JAJYUY01'' in GTDB R220	sp. nov.	GTDB marker genes and 16S rRNA	GCA_963799075.1	Oxford Nanopore PromethION	mmlong2	900533	6	32.52901	56.11	91.39	0.04	1	20	d__Archaea;p__Micrarchaeota;c__Micrarchaeia;o__Micrarchaeales;f__Micrarchaeaceae;g__JAJYUY01;s__Unclassified	d__Archaea;p__Micrarchaeota;c__Micrarchaeia;o__Micrarchaeales;f__Micrarchaeaceae;g__Bryndumiplasma;s__Bryndumiplasma terreus	d__Archaea;p__Micrarchaeota;c__Micrarchaeia;o__Micrarchaeales;f__Micrarchaeaceae;g__Candidatus Micrarchaeum;s__uncultured DPANN archaeon	90	MFD01689	Denmark	8.4696	55.595	Soil	"Bogs, mires and fens"	Rhynchosporion depressions
MFD00905.bin.1.20	Y	Lundumimicrobium	lacustre	N.L.	neut.	Microbe found nearby Lundum	A species found in a lake	Formerly ''DTPU01'' in GTDB R220	sp. nov.	GTDB marker genes and 16S rRNA	GCA_963827855.1	Oxford Nanopore PromethION	mmlong2	6183786	6	22.15424	62.29	94.49	2.08	1	23	d__Bacteria;p__Planctomycetota;c__Phycisphaerae;o__Sedimentisphaerales;f__SG8-4;g__DTPU01;s__Unclassified	d__Bacteria;p__Planctomycetota;c__Phycisphaerae;o__Sedimentisphaerales;f__Felstedibacteraceae;g__Lundumimicrobium;s__Lundumimicrobium lacustre	d__Bacteria;p__Planctomycetota;c__Phycisphaerae;o__MSBL9;f__SG8-4;g__Incertae Sedis;s__uncultured bacterium	91.3	MFD00905	Denmark	9.831926013	55.91690451	Sediment	Freshwater	"Lake, Rich pondweed"
MFD01689.bin.1.12	Y	Nebelisoma	humicum	N.L.	neut.	Microbe found nearby Vester Nebel	A species found in soil	Formerly ''UBA877'' in GTDB R220	sp. nov.	GTDB marker genes and 16S rRNA	GCA_963837875.1	Oxford Nanopore PromethION	mmlong2	4516000	7	237.62274	54.62	95.97	2.8	1	23	d__Bacteria;p__Chloroflexota;c__Anaerolineae;o__Anaerolineales;f__Villigracilaceae;g__UBA877;s__Unclassified	d__Bacteria;p__Chloroflexota;c__Anaerolineae;o__Anaerolineales;f__Villigracilaceae;g__Nebelisoma;s__Nebelisoma humicum	d__Bacteria;p__Chloroflexota;c__Anaerolineae;o__Anaerolineales;f__Anaerolineaceae;g__Incertae Sedis;s__uncultured bacterium	97.4	MFD01689	Denmark	8.4696	55.595	Soil	"Bogs, mires and fens"	Rhynchosporion depressions
MFD04651.bin.1.148	Y	Koltius	sediminis	N.L.	masch.	Microbe found nearby Kolt	A species found in sediments	Formerly ''JAHECQ01'' in GTDB R220	sp. nov.	GTDB marker genes and 16S rRNA	GCA_963775125.1	Oxford Nanopore PromethION	mmlong2	5039934	7	21.30884	66.14	90.33	4.23	1	23	d__Bacteria;p__Actinomycetota;c__Acidimicrobiia;o__Acidimicrobiales;f__SZUA-35;g__JAHECQ01;s__Unclassified	d__Bacteria;p__Actinomycetota;c__Acidimicrobiia;o__Acidimicrobiales;f__Koltiaceae;g__Koltius;s__Koltius sediminis	d__Bacteria;p__Actinomycetota;c__Acidimicrobiia;o__Microtrichales;f__Microtrichaceae;g__Incertae Sedis;s__uncultured bacterium	96.5	MFD04651	Denmark	9.996	56.1124	Sediment	Freshwater	Running freshwater
MFD00905.bin.1.128	Y	Nebelibacterium	affine	N.L.	neut.	Microbe found nearby Nebel	A species related to but distinct from the existing species	Formerly ''UBA2241'' in GTDB R220	sp. nov.	GTDB marker genes and 16S rRNA	GCA_963777895.1	Oxford Nanopore PromethION	mmlong2	3202332	7	18.543781	69.45	95.3	2.08	1	23	d__Bacteria;p__Actinomycetota;c__Thermoleophilia;o__UBA2241;f__UBA2241;g__UBA2241;s__Unclassified	d__Bacteria;p__Actinomycetota;c__Thermoleophilia;o__Nebelibacteriales;f__Nebelibacteriaceae;g__Nebelibacterium;s__Nebelibacterium affine	d__Bacteria;p__Actinomycetota;c__Thermoleophilia;o__Gaiellales;f__Incertae Sedis;g__Incertae Sedis;s__uncultured bacterium	97.3	MFD00905	Denmark	9.831926013	55.91690451	Sediment	Freshwater	"Lake, Rich pondweed"
MFD01689.bin.1.50	Y	Naesbjergiella	adiacens	N.L.	fem.	Microbe found nearby Naesbjerg	A species related to but distinct from the existing species	Formerly ''JAGVPT01'' in GTDB R220	Formerly ''uncultured bacterium'' in Silva 138.2	GTDB marker genes and 16S rRNA	GCA_963827085.1	Oxford Nanopore PromethION	mmlong2	4281566	8	102.79304	48.12	100	0.35	1	22	d__Bacteria;p__Bacteroidota;c__UBA10030;o__UBA10030;f__UBA8401;g__JAGVPT01;s__Unclassified	d__Bacteria;p__Bacteroidota;c__Skagenicolia;o__Skagenicolales;f__Naesbjergiellaceae;g__Naesbjergiella;s__Naesbjergiella adiacens	d__Bacteria;p__Candidatus Kryptonia;c__Kryptonia;o__Kryptoniales;f__BSV26;g__Incertae Sedis;s__uncultured bacterium	99.1	MFD01689	Denmark	8.4696	55.595	Soil	"Bogs, mires and fens"	Rhynchosporion depressions
MFD04651.bin.1.175	Y	Framlevivita	sediminis	N.L.	fem.	Microbe found nearby Framlev	A species found in sediments	Formerly ''JANYHQ01'' in GTDB R220	sp. nov.	GTDB marker genes and 16S rRNA	GCA_963763885.1	Oxford Nanopore PromethION	mmlong2	4979416	8	45.70531	60.91	93.61	1.44	1	23	d__Bacteria;p__Actinomycetota;c__Acidimicrobiia;o__Acidimicrobiales;f__JANYDT01;g__JANYHQ01;s__Unclassified	d__Bacteria;p__Actinomycetota;c__Acidimicrobiia;o__Acidimicrobiales;f__Framlevivitaceae;g__Framlevivita;s__Framlevivita sediminis	d__Bacteria;p__Actinomycetota;c__Acidimicrobiia;o__Acidimicrobiales;f__Acidimicrobiaceae;g__Incertae Sedis;s__metagenome	92.4	MFD04651	Denmark	9.996	56.1124	Sediment	Freshwater	Running freshwater
MFD01231.bin.1.54	Y	Hjordkaeriella	lacustris	N.L.	fem.	Microbe found nearby Hjordkaer	A species found in a lake	Formerly ''UBA7542'' in GTDB R220	sp. nov.	GTDB marker genes and 16S rRNA	GCA_963714695.1	Oxford Nanopore PromethION	mmlong2	5157531	9	533.5428	56.69	93.54	1.2	1	22	d__Bacteria;p__Verrucomicrobiota;c__Verrucomicrobiae;o__Limisphaerales;f__UBA11358;g__UBA7542;s__Unclassified	d__Bacteria;p__Verrucomicrobiota;c__Verrucomicrobiae;o__Limisphaerales;f__Hjordkaeriellaceae;g__Hjordkaeriella;s__Hjordkaeriella lacustris	d__Bacteria;p__Verrucomicrobiota;c__Verrucomicrobiia;o__Pedosphaerales;f__Pedosphaeraceae;g__Ellin516;s__uncultured bacterium	98	MFD01231	Denmark	9.410917085	54.97351103	Sediment	Freshwater	"Lake, Dystrophic"
MFD01231.bin.1.4	Y	Holboelimen	danicum	N.L.	neut.	Microbe found nearby Holboel	A species from Denmark	Formerly ''Fen-1254'' in GTDB R220	sp. nov.	GTDB marker genes and 16S rRNA	GCA_963769605.1	Oxford Nanopore PromethION	mmlong2	4185916	9	249.37943	44.2	100	0.98	1	22	d__Bacteria;p__Bacteroidota;c__UBA10030;o__UBA10030;f__UBA10030;g__Fen-1254;s__Unclassified	d__Bacteria;p__Bacteroidota;c__Skagenicolia;o__Skagenicolales;f__Holboelimenaceae;g__Holboelimen;s__Holboelimen danicum	d__Bacteria;p__Candidatus Kryptonia;c__Kryptonia;o__Kryptoniales;f__BSV26;g__Incertae Sedis;s__uncultured bacterium	94.9	MFD01231	Denmark	9.410917085	54.97351103	Sediment	Freshwater	"Lake, Dystrophic"
MFD00905.bin.1.61	Y	Oerridslevicola	vicinus	N.L.	masch.	Microbe found nearby Oerridslev	A species related to but distinct from the existing species	Formerly ''SR-FBR-E99'' in GTDB R220	Formerly ''uncultured soil bacterium'' in Silva 138.2	GTDB marker genes and 16S rRNA	GCA_963818525.1	Oxford Nanopore PromethION	mmlong2	3842262	10	55.153316	50.22	97.33	2.08	1	22	d__Bacteria;p__Bacteroidota;c__Bacteroidia;o__Bacteroidales;f__VadinHA17;g__SR-FBR-E99;s__Unclassified	d__Bacteria;p__Bacteroidota;c__Bacteroidia;o__Bacteroidales;f__Vandetiellaceae;g__Oerridslevicola;s__Oerridslevicola vicinus	d__Bacteria;p__Bacteroidota;c__Bacteroidia;o__Bacteroidales;f__Bacteroidetes vadinHA17;g__Incertae Sedis;s__uncultured soil bacterium	99.6	MFD00905	Denmark	9.831926013	55.91690451	Sediment	Freshwater	"Lake, Rich pondweed"
MFD01916.bin.c.3	Y	Jerupium	humicum	N.L.	neut.	Microbe found nearby Jerup	A species found in soil	Formerly ''QHXM01'' in GTDB R220	sp. nov.	GTDB marker genes and 16S rRNA	GCA_963697975.1	Oxford Nanopore PromethION	mmlong2	5170222	1	367.63855	55.98	97.23	0.63	1	22	d__Bacteria;p__Acidobacteriota;c__Blastocatellia;o__Pyrinomonadales;f__Pyrinomonadaceae;g__QHXM01;s__Unclassified	d__Bacteria;p__Acidobacteriota;c__Blastocatellia;o__Pyrinomonadales;f__Pyrinomonadaceae;g__Jerupium;s__Jerupium humicum	d__Bacteria;p__Acidobacteriota;c__Blastocatellia;o__Pyrinomonadales;f__Pyrinomonadaceae;g__Incertae Sedis;s__uncultured bacterium	98.3	MFD01916	Denmark	10.4385	57.5446	Soil	Dunes	Fixed dunes (grey dunes)
MFD01916.bin.c.1	Y	Albaekimicrobium	telluricum	N.L.	neut.	Microbe found nearby Albaek	A species found in soil	Formerly ''JACMLC01'' in GTDB R220	sp. nov.	GTDB marker genes and 16S rRNA	GCA_963700165.1	Oxford Nanopore PromethION	mmlong2	5186909	1	39.778534	54.86	96.74	1.56	1	23	d__Bacteria;p__Acidobacteriota;c__Blastocatellia;o__Pyrinomonadales;f__Pyrinomonadaceae;g__JACMLC01;s__Unclassified	d__Bacteria;p__Acidobacteriota;c__Blastocatellia;o__Pyrinomonadales;f__Pyrinomonadaceae;g__Albaekimicrobium;s__Albaekimicrobium telluricum	d__Bacteria;p__Acidobacteriota;c__Blastocatellia;o__Pyrinomonadales;f__Pyrinomonadaceae;g__Incertae Sedis;s__uncultured bacterium	97.3	MFD01916	Denmark	10.4385	57.5446	Soil	Dunes	Fixed dunes (grey dunes)
MFD05521.bin.c.1	Y	Ingstrupimen	europaeum	N.L.	neut.	Microbe found nearby Ingstrup	A species from Europe	Formerly ''CAJCIW01'' in GTDB R220	sp. nov.	GTDB marker genes and 16S rRNA	GCA_963707995.1	Oxford Nanopore PromethION	mmlong2	2089781	1	25.79351	44.38	93.83	2.89	2	22	d__Bacteria;p__Chlamydiota;c__Chlamydiia;o__Chlamydiales;f__Rhabdochlamydiaceae;g__CAJCIW01;s__Unclassified	d__Bacteria;p__Chlamydiota;c__Chlamydiia;o__Chlamydiales;f__Rhabdochlamydiaceae;g__Ingstrupimen;s__Ingstrupimen europaeum	d__Bacteria;p__Chlamydiota;c__Chlamydiia;o__Chlamydiales;f__Simkaniaceae;g__Incertae Sedis;s__metagenome	97.2	MFD05521	Denmark	9.6658	57.3069	Soil	Dunes	Dunes creeping willow
MFD04580.bin.1.45	Y	Greneiella	terrea	N.L.	fem.	Microbe found nearby Grene	A species found in soil	Formerly ''JAJPII01'' in GTDB R220	sp. nov.	GTDB marker genes and 16S rRNA	GCA_963715805.1	Oxford Nanopore PromethION	mmlong2	4263133	1	23.74087	63.5	96.93	0.27	1	22	d__Bacteria;p__Verrucomicrobiota;c__Verrucomicrobiae;o__Chthoniobacterales;f__Chthoniobacteraceae;g__JAJPII01;s__Unclassified	d__Bacteria;p__Verrucomicrobiota;c__Verrucomicrobiae;o__Chthoniobacterales;f__Chthoniobacteraceae;g__Greneiella;s__Greneiella terrea	d__Bacteria;p__Verrucomicrobiota;c__Verrucomicrobiia;o__Chthoniobacterales;f__Chthoniobacteraceae;g__Chthoniobacter;s__uncultured bacterium	94.1	MFD04580	Denmark	9.0414	55.72	Soil	Dunes	Inland dunes grass
MFD04580.bin.c.2	Y	Billundivita	arida	N.L.	fem.	Microbe found nearby Billund	A species found in sand	Formerly ''JAIOQJ01'' in GTDB R220	sp. nov.	GTDB marker genes and 16S rRNA	GCA_963718635.1	Oxford Nanopore PromethION	mmlong2	6489944	1	20.35112	56.16	97.5	2.35	1	23	d__Bacteria;p__Planctomycetota;c__Planctomycetia;o__Gemmatales;f__Gemmataceae;g__JAIOQJ01;s__Unclassified	d__Bacteria;p__Planctomycetota;c__Planctomycetia;o__Gemmatales;f__Gemmataceae;g__Billundivita;s__Billundivita arida	d__Bacteria;p__Planctomycetota;c__Planctomycetes;o__Gemmatales;f__Gemmataceae;g__Incertae Sedis;s__uncultured planctomycete	97.1	MFD04580	Denmark	9.0414	55.72	Soil	Dunes	Inland dunes grass
MFD05747.bin.1.115	Y	Holtugicola	terrestris	N.L.	masch.	Microbe found nearby Holtug	A species found in soil	Formerly ''UBA11740'' in GTDB R220	Formerly ''uncultured bacterium'' in Silva 138.2	GTDB marker genes and 16S rRNA	GCA_963726075.1	Oxford Nanopore PromethION	mmlong2	5144210	3	83.69642	55.79	97.1	3.18	1	23	d__Bacteria;p__Acidobacteriota;c__Blastocatellia;o__Pyrinomonadales;f__Pyrinomonadaceae;g__UBA11740;s__Unclassified	d__Bacteria;p__Acidobacteriota;c__Blastocatellia;o__Pyrinomonadales;f__Pyrinomonadaceae;g__Holtugicola;s__Holtugicola terrestris	d__Bacteria;p__Acidobacteriota;c__Blastocatellia;o__Pyrinomonadales;f__Pyrinomonadaceae;g__Incertae Sedis;s__uncultured bacterium	99.4	MFD05747	Denmark	12.4445	55.3414	Soil	Grassland formations	Calcareous grassland
MFD05747.bin.1.159	Y	Heddingeus	terreum	N.L.	masch.	Microbe found nearby Store Heddinge	A species found in soil	Formerly ''JACCTU01'' in GTDB R220	Formerly ''uncultured bacterium'' in Silva 138.2	GTDB marker genes and 16S rRNA	GCA_963769665.1	Oxford Nanopore PromethION	mmlong2	2742005	3	62.87448	69.35	96.29	0.24	1	23	d__Bacteria;p__Actinomycetota;c__Thermoleophilia;o__Gaiellales;f__Gaiellaceae;g__JACCTU01;s__Unclassified	d__Bacteria;p__Actinomycetota;c__Thermoleophilia;o__Gaiellales;f__Gaiellaceae;g__Heddingeus;s__Heddingeus terreum	d__Bacteria;p__Actinomycetota;c__Thermoleophilia;o__Gaiellales;f__Incertae Sedis;g__Incertae Sedis;s__uncultured bacterium	99.3	MFD05747	Denmark	12.4445	55.3414	Soil	Grassland formations	Calcareous grassland
MFD03804.bin.1.6	Y	Thyboroniella	sediminis	N.L.	fem.	Microbe found nearby Thyboron	A species found in sediments	Formerly ''JAFGQE01'' in GTDB R220	sp. nov.	GTDB marker genes and 16S rRNA	GCA_963766335.1	Oxford Nanopore PromethION	mmlong2	2795479	3	33.93228	40.72	97.65	0.09	2	21	d__Bacteria;p__Bacillota_A;c__Clostridia;o__DUPQ01;f__DUPQ01;g__JAFGQE01;s__Unclassified	d__Bacteria;p__Bacillota_A;c__Clostridia;o__Thyboroniellales;f__Thyboroniellaceae;g__Thyboroniella;s__Thyboroniella sediminis	d__Bacteria;p__Bacillota;c__Clostridia;o__Oscillospirales;f__Oscillospiraceae;g__Incertae Sedis;s__uncultured bacterium	98.2	MFD03804	Denmark	8.2025	56.6925	Sediment	Freshwater	Enclosed water
MFD03804.bin.1.79	Y	Thyboroeniana	vicina	N.L.	fem.	Microbe found nearby Thyboroen	A species related to but distinct from the existing species	Formerly ''B18-G4'' in GTDB R220	sp. nov.	GTDB marker genes and 16S rRNA	GCA_963793485.1	Oxford Nanopore PromethION	mmlong2	3466988	3	27.47076	43.49	90.81	0.72	1	21	d__Bacteria;p__Bacteroidota;c__Bacteroidia;o__Bacteroidales;f__B18-G4;g__B18-G4;s__Unclassified	d__Bacteria;p__Bacteroidota;c__Bacteroidia;o__Bacteroidales;f__Thyboroenianaceae;g__Thyboroeniana;s__Thyboroeniana vicina	d__Bacteria;p__Bacteroidota;c__Bacteroidia;o__Sphingobacteriales;f__Lentimicrobiaceae;g__Incertae Sedis;s__uncultured bacterium	98.4	MFD03804	Denmark	8.2025	56.6925	Sediment	Freshwater	Enclosed water
MFD00731.bin.3.67	Y	Lystrupiaba	arida	N.L.	fem.	Microbe found nearby Lystrup	A species found in sand	Formerly ''Palsa-851'' in GTDB R220	Formerly ''uncultured Chloroflexi bacterium'' in Silva 138.2	GTDB marker genes and 16S rRNA	GCA_963791435.1	Oxford Nanopore PromethION	mmlong2	3114875	3	21.678318	66.49	91.36	1.61	1	23	d__Bacteria;p__Chloroflexota;c__Dormibacteria;o__UBA8260;f__UBA8260;g__Palsa-851;s__Unclassified	d__Bacteria;p__Chloroflexota;c__Dormibacteria;o__Noerhaabales;f__Lystrupiabaceae;g__Lystrupiaba;s__Lystrupiaba arida	d__Bacteria;p__Chloroflexota;c__AD3;o__Incertae Sedis;f__Incertae Sedis;g__Incertae Sedis;s__uncultured Chloroflexi bacterium	99.4	MFD00731	Denmark	10.2307	56.2289	Soil	Dunes	Inland dunes Empetrum nigrum
MFD05841.bin.1.1	Y	Volstedibacter	adiacens	N.L.	masch.	Microbe found nearby Volsted	A species related to but distinct from the existing species	Formerly ''JAKAAZ01'' in GTDB R220	Formerly ''uncultured Acidobacteria bacterium'' in Silva 138.2	GTDB marker genes and 16S rRNA	GCA_963817855.1	Oxford Nanopore PromethION	mmlong2	4656287	4	25.8067	56.57	98.14	0	1	22	d__Bacteria;p__Acidobacteriota;c__Terriglobia;o__Terriglobales;f__Acidobacteriaceae;g__JAKAAZ01;s__Unclassified	d__Bacteria;p__Acidobacteriota;c__Terriglobia;o__Terriglobales;f__Acidobacteriaceae;g__Volstedibacter;s__Volstedibacter adiacens	d__Bacteria;p__Acidobacteriota;c__Acidobacteriae;o__Terriglobales;f__Acidobacteriaceae (Subgroup 1);g__Incertae Sedis;s__uncultured Acidobacteria bacterium	99.1	MFD05841	Denmark	9.9156	56.891	Soil	Forests	
MFD04580.bin.1.159	Y	Hejnsvigiella	arida	N.L.	fem.	Microbe found nearby Hejnsvig	A species found in sand	Formerly ''BPUI01'' in GTDB R220	sp. nov.	GTDB marker genes and 16S rRNA	GCA_963763675.1	Oxford Nanopore PromethION	mmlong2	4493334	5	49.61339	74.14	97.49	1.99	2	22	d__Bacteria;p__Gemmatimonadota;c__Gemmatimonadetes;o__Gemmatimonadales;f__Gemmatimonadaceae;g__BPUI01;s__Unclassified	d__Bacteria;p__Gemmatimonadota;c__Gemmatimonadetes;o__Gemmatimonadales;f__Gemmatimonadaceae;g__Hejnsvigiella;s__Hejnsvigiella arida	d__Bacteria;p__Gemmatimonadota;c__Gemmatimonadia;o__Gemmatimonadales;f__Gemmatimonadaceae;g__Incertae Sedis;s__uncultured bacterium	96.2	MFD04580	Denmark	9.0414	55.72	Soil	Dunes	Inland dunes grass
MFD04580.bin.1.40	Y	Grindstediaba	terrestris	N.L.	fem.	Microbe found nearby Grindsted	A species found in soil	Formerly ''JANXMY01'' in GTDB R220	sp. nov.	GTDB marker genes and 16S rRNA	GCA_963835235.1	Oxford Nanopore PromethION	mmlong2	3897810	5	17.64585	62.56	93.5	2.25	1	22	d__Bacteria;p__Armatimonadota;c__Armatimonadia;o__Armatimonadales;f__Capsulimonadaceae;g__JANXMY01;s__Unclassified	d__Bacteria;p__Armatimonadota;c__Armatimonadia;o__Armatimonadales;f__Capsulimonadaceae;g__Grindstediaba;s__Grindstediaba terrestris	d__Bacteria;p__Armatimonadota;c__Armatimonadia;o__Armatimonadales;f__Armatimonadaceae;g__Incertae Sedis;s__uncultured bacterium	95.5	MFD04580	Denmark	9.0414	55.72	Soil	Dunes	Inland dunes grass
MFD01916.bin.1.77	Y	Raabjergium	vicinum	N.L.	neut.	Microbe found nearby Raabjerg	A species related to but distinct from the existing species	Formerly ''PSRF01'' in GTDB R220	Formerly ''uncultured Acidobacteria bacterium'' in Silva 138.2	GTDB marker genes and 16S rRNA	GCA_963748345.1	Oxford Nanopore PromethION	mmlong2	5568126	6	61.25689	56.62	92.04	1.63	1	23	d__Bacteria;p__Acidobacteriota;c__Blastocatellia;o__Pyrinomonadales;f__Pyrinomonadaceae;g__PSRF01;s__Unclassified	d__Bacteria;p__Acidobacteriota;c__Blastocatellia;o__Pyrinomonadales;f__Pyrinomonadaceae;g__Raabjergium;s__Raabjergium vicinum	d__Bacteria;p__Acidobacteriota;c__Blastocatellia;o__Pyrinomonadales;f__Pyrinomonadaceae;g__Incertae Sedis;s__uncultured Acidobacteria bacterium	98.7	MFD01916	Denmark	10.4385	57.5446	Soil	Dunes	Fixed dunes (grey dunes)
MFD03804.bin.1.34	Y	Aggericoccus	scandius	N.L.	masch.	Microbe found nearby Agger	A species from Scandinavia	Formerly ''JAUWCL01'' in GTDB R220	Formerly ''uncultured bacterium'' in Silva 138.2	GTDB marker genes and 16S rRNA	GCA_963836185.1	Oxford Nanopore PromethION	mmlong2	3501997	6	29.12818	56.77	92.53	2.96	1	23	d__Bacteria;p__Krumholzibacteriota;c__Krumholzibacteria;o__Krumholzibacteriales;f__Krumholzibacteriaceae;g__JAUWCL01;s__Unclassified	d__Bacteria;p__Krumholzibacteriota;c__Krumholzibacteria;o__Krumholzibacteriales;f__Krumholzibacteriaceae;g__Aggericoccus;s__Aggericoccus scandius	d__Bacteria;p__Latescibacterota;c__Latescibacteria;o__Latescibacterales;f__Latescibacteraceae;g__Incertae Sedis;s__uncultured bacterium	98.8	MFD03804	Denmark	8.2025	56.6925	Sediment	Freshwater	Enclosed water
MFD03804.bin.1.67	Y	Harbooremen	danicum	N.L.	neut.	Microbe found nearby Harboore	A species from Denmark	Formerly ''JABDQA01'' in GTDB R220	sp. nov.	GTDB marker genes and 16S rRNA	GCA_963845115.1	Oxford Nanopore PromethION	mmlong2	3711987	7	31.36123	55.83	96.3	0.89	3	23	d__Bacteria;p__Desulfobacterota;c__Desulfobulbia;o__Desulfobulbales;f__Desulfocapsaceae;g__JABDQA01;s__Unclassified	d__Bacteria;p__Desulfobacterota;c__Desulfobulbia;o__Desulfobulbales;f__Desulfocapsaceae;g__Harbooremen;s__Harbooremen danicum	d__Bacteria;p__Thermodesulfobacteriota;c__Desulfobulbia;o__Desulfobulbales;f__Desulfocapsaceae;g__Incertae Sedis;s__uncultured delta proteobacterium	97.1	MFD03804	Denmark	8.2025	56.6925	Sediment	Freshwater	Enclosed water
MFD05747.bin.1.166	Y	Stevnsiana	tellurica	N.L.	fem.	Microbe found nearby Magleby Stevns	A species found in soil	Formerly ''JACDBZ01'' in GTDB R220	Formerly ''uncultured Chloroflexus sp.'' in Silva 138.2	GTDB marker genes and 16S rRNA	GCA_963840145.1	Oxford Nanopore PromethION	mmlong2	2469829	8	105.5351	70.29	92.6	2.02	1	22	d__Bacteria;p__Chloroflexota;c__Limnocylindria;o__QHBO01;f__QHBO01;g__JACDBZ01;s__Unclassified	d__Bacteria;p__Chloroflexota;c__Limnocylindria;o__Vrouevitales;f__Vrouevitaceae;g__Stevnsiana;s__Stevnsiana tellurica	d__Bacteria;p__Chloroflexota;c__Gitt-GS-136;o__Incertae Sedis;f__Incertae Sedis;g__Incertae Sedis;s__uncultured Chloroflexus sp.	99.6	MFD05747	Denmark	12.4445	55.3414	Soil	Grassland formations	Calcareous grassland
MFD04580.bin.1.38	Y	Ringivemicrobium	aridum	N.L.	neut.	Microbe found nearby Ringive	A species found in sand	Formerly ''CF-96'' in GTDB R220	sp. nov.	GTDB marker genes and 16S rRNA	GCA_963846365.1	Oxford Nanopore PromethION	mmlong2	4446440	8	22.43206	73.48	91.49	0.56	1	23	d__Bacteria;p__Chloroflexota;c__Dormibacteria;o__UBA8260;f__UBA8260;g__CF-96;s__Unclassified	d__Bacteria;p__Chloroflexota;c__Dormibacteria;o__Noerhaabales;f__Lystrupiabaceae;g__Ringivemicrobium;s__Ringivemicrobium aridum	d__Bacteria;p__Chloroflexota;c__AD3;o__Incertae Sedis;f__Incertae Sedis;g__Incertae Sedis;s__uncultured bacterium	93.6	MFD04580	Denmark	9.0414	55.72	Soil	Dunes	Inland dunes grass
MFD03804.bin.1.66	Y	Harbooreriana	borealis	N.L.	fem.	Microbe found nearby Harboorer	A species from the north	Formerly ''UBA4459'' in GTDB R220	sp. nov.	GTDB marker genes and 16S rRNA	GCA_963776205.1	Oxford Nanopore PromethION	mmlong2	3401619	9	28.21141	37.91	96.04	3.94	2	23	d__Bacteria;p__Bacteroidota;c__Bacteroidia;o__Bacteroidales;f__F082;g__UBA4459;s__Unclassified	d__Bacteria;p__Bacteroidota;c__Bacteroidia;o__Bacteroidales;f__F082;g__Harbooreriana;s__Harbooreriana borealis	d__Bacteria;p__Bacteroidota;c__Bacteroidia;o__Bacteroidetes VC2.1 Bac22;f__Incertae Sedis;g__Incertae Sedis;s__uncultured Bacteroidetes bacterium	98.6	MFD03804	Denmark	8.2025	56.6925	Sediment	Freshwater	Enclosed water
MFD05521.bin.1.30	Y	Saltumihabitans	septentrionalis	N.L.	masch.	Microbe found nearby Saltum	A species from the north	Formerly ''VAZQ01'' in GTDB R220	sp. nov.	GTDB marker genes and 16S rRNA	GCA_963721005.1	Oxford Nanopore PromethION	mmlong2	8125419	9	27.20786	65.04	94.68	2.14	1	22	d__Bacteria;p__Pseudomonadota;c__Alphaproteobacteria;o__Rhizobiales;f__Xanthobacteraceae;g__VAZQ01;s__Unclassified	d__Bacteria;p__Pseudomonadota;c__Alphaproteobacteria;o__Rhizobiales;f__Xanthobacteraceae;g__Saltumihabitans;s__Saltumihabitans septentrionalis	d__Bacteria;p__Pseudomonadota;c__Alphaproteobacteria;o__Hyphomicrobiales;f__Xanthobacteraceae;g__Incertae Sedis;s__uncultured bacterium	97.2	MFD05521	Denmark	9.6658	57.3069	Soil	Dunes	Dunes creeping willow
MFD05521.bin.1.267	Y	Hjermitsleviaba	arida	N.L.	fem.	Microbe found nearby Vester Hjermitslev	A species found in sand	Formerly ''Palsa-739'' in GTDB R220	Formerly ''uncultured bacterium'' in Silva 138.2	GTDB marker genes and 16S rRNA	GCA_963743545.1	Oxford Nanopore PromethION	mmlong2	2847901	9	23.27612	69.93	90.2	1.56	1	23	d__Bacteria;p__Actinomycetota;c__Thermoleophilia;o__Gaiellales;f__Gaiellaceae;g__Palsa-739;s__Unclassified	d__Bacteria;p__Actinomycetota;c__Thermoleophilia;o__Gaiellales;f__Gaiellaceae;g__Hjermitsleviaba;s__Hjermitsleviaba arida	d__Bacteria;p__Actinomycetota;c__Thermoleophilia;o__Gaiellales;f__Incertae Sedis;g__Incertae Sedis;s__uncultured bacterium	98.9	MFD05521	Denmark	9.6658	57.3069	Soil	Dunes	Dunes creeping willow
MFD03804.bin.1.231	Y	Gettrupivita	similis	N.L.	fem.	Microbe found nearby Gettrup	A species related to but distinct from the existing species	Formerly ''JAUWGC01'' in GTDB R220	sp. nov.	GTDB marker genes and 16S rRNA	GCA_963753055.1	Oxford Nanopore PromethION	mmlong2	3852269	9	17.91605	41.75	94.3	0.99	1	23	d__Bacteria;p__Bacteroidota;c__Bacteroidia;o__Bacteroidales;f__B18-G4;g__JAUWGC01;s__Unclassified	d__Bacteria;p__Bacteroidota;c__Bacteroidia;o__Bacteroidales;f__Thyboroenianaceae;g__Gettrupivita;s__Gettrupivita similis	d__Bacteria;p__Bacteroidota;c__Bacteroidia;o__Sphingobacteriales;f__Lentimicrobiaceae;g__Incertae Sedis;s__uncultured Bacteroidetes bacterium	98.1	MFD03804	Denmark	8.2025	56.6925	Sediment	Freshwater	Enclosed water
MFD03804.bin.1.183	Y	Helligsoeiella	contigua	N.L.	fem.	Microbe found nearby Helligsoe	A species related to but distinct from the existing species	Formerly ''MADRE3'' in GTDB R220	Formerly ''uncultured delta proteobacterium'' in Silva 138.2	GTDB marker genes and 16S rRNA	GCA_963718195.1	Oxford Nanopore PromethION	mmlong2	4114573	10	24.07053	47.28	95.64	1.1	3	20	d__Bacteria;p__Desulfobacterota;c__Desulfobulbia;o__Desulfobulbales;f__Desulfocapsaceae;g__MADRE3;s__Unclassified	d__Bacteria;p__Desulfobacterota;c__Desulfobulbia;o__Desulfobulbales;f__Desulfocapsaceae;g__Helligsoeiella;s__Helligsoeiella contigua	d__Bacteria;p__Thermodesulfobacteriota;c__Desulfobulbia;o__Desulfobulbales;f__Desulfocapsaceae;g__Incertae Sedis;s__uncultured delta proteobacterium	99	MFD03804	Denmark	8.2025	56.6925	Sediment	Freshwater	Enclosed water
MFD00822.bin.1.199	Y	Sebberium	ripicum	N.L.	neut.	Microbe found nearby Sebber	A species found in the coast	Formerly ''P52-10'' in GTDB R220	sp. nov.	GTDB marker genes and 16S rRNA	GCA_963763485.1	Oxford Nanopore PromethION	mmlong2	6959170	10	17.728447	63	92.36	0.7	1	23	d__Bacteria;p__Pseudomonadota;c__Alphaproteobacteria;o__Rhizobiales;f__Xanthobacteraceae;g__P52-10;s__Unclassified	d__Bacteria;p__Pseudomonadota;c__Alphaproteobacteria;o__Rhizobiales;f__Xanthobacteraceae;g__Sebberium;s__Sebberium ripicum	d__Bacteria;p__Pseudomonadota;c__Alphaproteobacteria;o__Hyphomicrobiales;f__Xanthobacteraceae;g__Incertae Sedis;s__uncultured bacterium	97.5	MFD00822	Denmark	9.612	56.9676	Soil	Coastal	Salt marshes and salt meadows
MFD03804.bin.1.189	Y	Hygumiana	borealis	N.L.	fem.	Microbe found nearby Hygum	A species from the north	Formerly ''SZUA-22'' in GTDB R220	Formerly ''uncultured Chlorobi bacterium'' in Silva 138.2	GTDB marker genes and 16S rRNA	GCA_963751695.1	Oxford Nanopore PromethION	mmlong2	4384938	10	16.23719	34.25	99.21	1.29	1	22	d__Bacteria;p__Bacteroidota;c__Ignavibacteria;o__Ignavibacteriales;f__Melioribacteraceae;g__SZUA-22;s__Unclassified	d__Bacteria;p__Bacteroidota;c__Ignavibacteria;o__Ignavibacteriales;f__Melioribacteraceae;g__Hygumiana;s__Hygumiana borealis	d__Bacteria;p__Ignavibacteriota;c__Ignavibacteria;o__Ignavibacteriales;f__Melioribacteraceae;g__IheB3-7;s__uncultured Chlorobi bacterium	99.2	MFD03804	Denmark	8.2025	56.6925	Sediment	Freshwater	Enclosed water
MFD09267.bin.1.92	Y	Kornumiella	contigua	N.L.	fem.	Microbe found nearby Kornum	A species related to but distinct from the existing species	Formerly ''JALYNX01'' in GTDB R220	Formerly ''uncultured bacterium'' in Silva 138.2	GTDB marker genes and 16S rRNA	GCA_963749415.1	Oxford Nanopore PromethION	mmlong2	2662573	3	36.68903	65.05	95.84	0.75	1	22	d__Bacteria;p__Actinomycetota;c__Acidimicrobiia;o__UBA5794;f__ZC4RG35;g__JALYNX01;s__Unclassified	d__Bacteria;p__Actinomycetota;c__Acidimicrobiia;o__UBA5794;f__Glyngoereaceae;g__Kornumiella;s__Kornumiella contigua	d__Bacteria;p__Actinomycetota;c__Acidimicrobiia;o__Actinomarinales;f__Incertae Sedis;g__Incertae Sedis;s__uncultured bacterium	98.9	MFD09267	Denmark	9.28746	56.98291	Soil	Grassland formations	Xeric sand calcareous grasslands
MFD01716.bin.1.171	Y	Estvadibacterium	humicum	N.L.	neut.	Microbe found nearby Estvad	A species found in soil	Formerly ''JAJPKK01'' in GTDB R220	Formerly ''uncultured Rhizobiales bacterium'' in Silva 138.2	GTDB marker genes and 16S rRNA	GCA_963747835.1	Oxford Nanopore PromethION	mmlong2	7397261	8	16.141714	63.43	94.81	1.13	1	23	d__Bacteria;p__Pseudomonadota;c__Alphaproteobacteria;o__Rhizobiales;f__Xanthobacteraceae;g__JAJPKK01;s__Unclassified	d__Bacteria;p__Pseudomonadota;c__Alphaproteobacteria;o__Rhizobiales;f__Xanthobacteraceae;g__Estvadibacterium;s__Estvadibacterium humicum	d__Bacteria;p__Pseudomonadota;c__Alphaproteobacteria;o__Hyphomicrobiales;f__Xanthobacteraceae;g__Incertae Sedis;s__uncultured Rhizobiales bacterium	98.7	MFD01716	Denmark	8.9253	56.4939	Soil	Temperate heath and scrub	Wet heath
MFD09267.bin.1.353	Y	Aggersborgimen	humicum	N.L.	neut.	Microbe found nearby Aggersborg	A species found in soil	Formerly ''AC-56'' in GTDB R220	sp. nov.	GTDB marker genes and 16S rRNA	GCA_963838745.1	Oxford Nanopore PromethION	mmlong2	2629635	9	27.55672	69.31	95.37	0.56	1	21	d__Bacteria;p__Actinomycetota;c__Thermoleophilia;o__Solirubrobacterales;f__70-9;g__AC-56;s__Unclassified	d__Bacteria;p__Actinomycetota;c__Thermoleophilia;o__Solirubrobacterales;f__Maglebybacteriaceae;g__Aggersborgimen;s__Aggersborgimen humicum	d__Bacteria;p__Actinomycetota;c__Thermoleophilia;o__Solirubrobacterales;f__67-14;g__Incertae Sedis;s__uncultured bacterium	98.2	MFD09267	Denmark	9.28746	56.98291	Soil	Grassland formations	Xeric sand calcareous grasslands
MFD00082.bin.1.38	Y	Aabybacter	terreum	N.L.	masch.	Microbe found nearby Aaby	A species found in soil	Formerly ''JAKASV01'' in GTDB R220	sp. nov.	GTDB marker genes and 16S rRNA	GCA_963715605.1	Oxford Nanopore PromethION	mmlong2	1637181	1	33.456882	42.82	94.93	0.54	1	22	d__Bacteria;p__Dependentiae;c__Babeliae;o__Babeliales;f__Vermiphilaceae;g__JAKASV01;s__Unclassified	d__Bacteria;p__Dependentiae;c__Babeliae;o__Babeliales;f__Vermiphilaceae;g__Aabybacter;s__Aabybacter terreum	d__Bacteria;p__Dependentiae;c__Babeliae;o__Babeliales;f__Vermiphilaceae;g__Incertae Sedis;s__uncultured bacterium	95.1	MFD00082	Denmark	9.974	56.7952	Soil	"Bogs, mires and fens"	Degraded raised bog
MFD09495.bin.c.10	Y	Povlskericola	terrestris	N.L.	masch.	Microbe found nearby Povlsker	A species found in soil	Formerly ''Noda2021'' in GTDB R220	sp. nov.	GTDB marker genes and 16S rRNA	GCA_963702025.1	Oxford Nanopore PromethION	mmlong2	1596033	1	31.6474	39.19	95.12	0.88	1	22	d__Bacteria;p__Dependentiae;c__Babeliae;o__Babeliales;f__Vermiphilaceae;g__Noda2021;s__Unclassified	d__Bacteria;p__Dependentiae;c__Babeliae;o__Babeliales;f__Vermiphilaceae;g__Povlskericola;s__Povlskericola terrestris	d__Bacteria;p__Dependentiae;c__Babeliae;o__Babeliales;f__Vermiphilaceae;g__Incertae Sedis;s__uncultured soil bacterium	96.5	MFD09495	Denmark	15.0805	54.9907	Soil	Dunes	Dunes creeping willow
MFD00082.bin.c.1	Y	Broendumium	telluricum	N.L.	neut.	Microbe found nearby Store Broendum	A species found in soil	Formerly ''JAGVKY01'' in GTDB R220	sp. nov.	GTDB marker genes and 16S rRNA	GCA_963704365.1	Oxford Nanopore PromethION	mmlong2	2635134	1	22.197977	43.33	94.1	1.65	2	22	d__Bacteria;p__Chlamydiota;c__Chlamydiia;o__Chlamydiales;f__JAJFMK01;g__JAGVKY01;s__Unclassified	d__Bacteria;p__Chlamydiota;c__Chlamydiia;o__Chlamydiales;f__Broendumiaceae;g__Broendumium;s__Broendumium telluricum	d__Bacteria;p__Chlamydiota;c__Chlamydiia;o__Chlamydiales;f__Parachlamydiaceae;g__Neochlamydia;s__metagenome	91.1	MFD00082	Denmark	9.974	56.7952	Soil	"Bogs, mires and fens"	Degraded raised bog
MFD00082.bin.c.5	Y	Ardeniplasma	terreus	N.L.	neut.	Microbe found nearby Store Arden	A species found in soil	Formerly ''JAJFMB01'' in GTDB R220	sp. nov.	GTDB marker genes and 16S rRNA	GCA_963697995.1	Oxford Nanopore PromethION	mmlong2	2051574	1	16.994366	40.59	94.22	0.73	3	22	d__Bacteria;p__Chlamydiota;c__Chlamydiia;o__Chlamydiales;f__JAJFMB01;g__JAJFMB01;s__Unclassified	d__Bacteria;p__Chlamydiota;c__Chlamydiia;o__Chlamydiales;f__Ardeniplasmataceae;g__Ardeniplasma;s__Ardeniplasma terreus	d__Bacteria;p__Chlamydiota;c__Chlamydiia;o__Chlamydiales;f__Criblamydiaceae;g__Incertae Sedis;s__metagenome	91.7	MFD00082	Denmark	9.974	56.7952	Soil	"Bogs, mires and fens"	Degraded raised bog
MFD02840.bin.1.97	Y	Ronneum	litorale	N.L.	neut.	Microbe found nearby Ronne	A species found in the coast	Formerly ''CADCTQ01'' in GTDB R220	sp. nov.	GTDB marker genes and 16S rRNA	GCA_963844325.1	Oxford Nanopore PromethION	mmlong2	10580666	3	20.5125	58.77	95.15	1.52	5	22	d__Bacteria;p__Bacteroidota;c__Bacteroidia;o__Cytophagales;f__172606-1;g__CADCTQ01;s__Unclassified	d__Bacteria;p__Bacteroidota;c__Bacteroidia;o__Cytophagales;f__172606-1;g__Ronneum;s__Ronneum litorale	d__Bacteria;p__Bacteroidota;c__Bacteroidia;o__Cytophagales;f__Spirosomataceae;g__Incertae Sedis;s__uncultured bacterium	94.8	MFD02840	Denmark	14.7807	55.0595	Soil	Coastal	Sea cliffs and shingle or stony beaches
MFD00082.bin.1.18	Y	Ardeniana	affinis	N.L.	fem.	Microbe found nearby Arden	A species related to but distinct from the existing species	Formerly ''JAJFMA01'' in GTDB R220	sp. nov.	GTDB marker genes and 16S rRNA	GCA_963713615.1	Oxford Nanopore PromethION	mmlong2	3973392	3	19.598936	46.79	99.1	2.12	2	22	d__Bacteria;p__Chlamydiota;c__Chlamydiia;o__Chlamydiales;f__JAJFMA01;g__JAJFMA01;s__Unclassified	d__Bacteria;p__Chlamydiota;c__Chlamydiia;o__Chlamydiales;f__Ardenianaceae;g__Ardeniana;s__Ardeniana affinis	d__Bacteria;p__Chlamydiota;c__Chlamydiia;o__Chlamydiales;f__Parachlamydiaceae;g__Neochlamydia;s__metagenome	92.7	MFD00082	Denmark	9.974	56.7952	Soil	"Bogs, mires and fens"	Degraded raised bog
MFD02840.bin.1.19	Y	Knudskerisoma	oricum	N.L.	neut.	Microbe found nearby Knudsker	A species found in the coast	Formerly ''QHVT01'' in GTDB R220	sp. nov.	GTDB marker genes and 16S rRNA	GCA_963822445.1	Oxford Nanopore PromethION	mmlong2	5999814	3	17.663	64.45	94.74	2.66	2	23	d__Bacteria;p__Acidobacteriota;c__Thermoanaerobaculia;o__Gp7-AA8;f__Gp7-AA8;g__QHVT01;s__Unclassified	d__Bacteria;p__Acidobacteriota;c__Thermoanaerobaculia;o__Oesbyanales;f__Oesbyanaceae;g__Knudskerisoma;s__Knudskerisoma oricum	d__Bacteria;p__Acidobacteriota;c__Holophagae;o__Subgroup 7;f__Incertae Sedis;g__Incertae Sedis;s__uncultured bacterium	97.4	MFD02840	Denmark	14.7807	55.0595	Soil	Coastal	Sea cliffs and shingle or stony beaches
MFD04434.bin.1.36	Y	Nebelivivens	terrestris	N.L.	masch.	Microbe found nearby Noerre Nebel	A species found in soil	Formerly ''PALSA-1336'' in GTDB R220	sp. nov.	GTDB marker genes and 16S rRNA	GCA_963837465.1	Oxford Nanopore PromethION	mmlong2	1591071	5	20.37002	45.63	100	2.61	1	19	d__Bacteria;p__Patescibacteria;c__Doudnabacteria;o__UBA920;f__UBA920;g__PALSA-1336;s__Unclassified	d__Bacteria;p__Patescibacteria;c__Doudnabacteria;o__Nebeliviventales;f__Nebeliviventaceae;g__Nebelivivens;s__Nebelivivens terrestris	d__Bacteria;p__Patescibacteria;c__Parcubacteria;o__Incertae Sedis;f__Incertae Sedis;g__Incertae Sedis;s__uncultured bacterium	78.9	MFD04434	Denmark	8.2445	55.7463	Soil	Dunes	Wooded dunes
MFD00008.bin.1.51	Y	Egtvedivita	glebica	N.L.	fem.	Microbe found nearby Egtved	A species found in soil	Formerly ''Palsa-1233'' in GTDB R220	sp. nov.	GTDB marker genes and 16S rRNA	GCA_963697065.1	Oxford Nanopore PromethION	mmlong2	3178758	5	16.149357	68.07	92.87	0.05	1	23	d__Bacteria;p__Gemmatimonadota;c__Gemmatimonadetes;o__Gemmatimonadales;f__GWC2-71-9;g__Palsa-1233;s__Unclassified	d__Bacteria;p__Gemmatimonadota;c__Gemmatimonadetes;o__Gemmatimonadales;f__Siemiabaceae;g__Egtvedivita;s__Egtvedivita glebica	d__Bacteria;p__Gemmatimonadota;c__Gemmatimonadia;o__Gemmatimonadales;f__Gemmatimonadaceae;g__Incertae Sedis;s__uncultured bacterium	95	MFD00008	Denmark	9.3609	55.6058	Soil	Forests	Alluvial woodland
MFD04434.bin.1.117	Y	Nebelibacter	aridus	N.L.	masch.	Microbe found nearby Noerre Nebel	A species found in sand	Formerly ''JAFAHS01'' in GTDB R220	sp. nov.	GTDB marker genes and 16S rRNA	GCA_963755705.1	Oxford Nanopore PromethION	mmlong2	4534170	6	72.61996	61.35	97.2	0.4	1	23	d__Bacteria;p__Desulfobacterota_B;c__Binatia;o__Binatales;f__Binataceae;g__JAFAHS01;s__Unclassified	d__Bacteria;p__Desulfobacterota_B;c__Binatia;o__Binatales;f__Binataceae;g__Nebelibacter;s__Nebelibacter aridus	d__Bacteria;p__RCP2-54;c__Incertae Sedis;o__Incertae Sedis;f__Incertae Sedis;g__Incertae Sedis;s__uncultured bacterium	96.5	MFD04434	Denmark	8.2445	55.7463	Soil	Dunes	Wooded dunes
MFD02840.bin.1.22	Y	Nykerimen	litorale	N.L.	neut.	Microbe found nearby Nyker	A species found in the coast	Formerly ''12-FULL-67-14b'' in GTDB R220	Formerly ''uncultured Acidobacteria bacterium'' in Silva 138.2	GTDB marker genes and 16S rRNA	GCA_963784445.1	Oxford Nanopore PromethION	mmlong2	6423717	6	35.14434	64.29	100	0.95	1	21	d__Bacteria;p__Acidobacteriota;c__Vicinamibacteria;o__Vicinamibacterales;f__UBA2999;g__12-FULL-67-14b;s__Unclassified	d__Bacteria;p__Acidobacteriota;c__Vicinamibacteria;o__Vicinamibacterales;f__Pjedstedimenaceae;g__Nykerimen;s__Nykerimen litorale	d__Bacteria;p__Acidobacteriota;c__Vicinamibacteria;o__Vicinamibacterales;f__Vicinamibacteraceae;g__Incertae Sedis;s__uncultured Acidobacteria bacterium	99.4	MFD02840	Denmark	14.7807	55.0595	Soil	Coastal	Sea cliffs and shingle or stony beaches
MFD04434.bin.1.44	Y	Loennemen	glebicum	N.L.	neut.	Microbe found nearby Loenne	A species found in soil	Formerly ''JAKAVN01'' in GTDB R220	Formerly ''uncultured delta proteobacterium'' in Silva 138.2	GTDB marker genes and 16S rRNA	GCA_963755905.1	Oxford Nanopore PromethION	mmlong2	4657621	6	31.07219	62.12	92.25	2.81	1	23	d__Bacteria;p__Desulfobacterota_B;c__Binatia;o__Binatales;f__Binataceae;g__JAKAVN01;s__Unclassified	d__Bacteria;p__Desulfobacterota_B;c__Binatia;o__Binatales;f__Binataceae;g__Loennemen;s__Loennemen glebicum	d__Bacteria;p__RCP2-54;c__Incertae Sedis;o__Incertae Sedis;f__Incertae Sedis;g__Incertae Sedis;s__uncultured delta proteobacterium	99	MFD04434	Denmark	8.2445	55.7463	Soil	Dunes	Wooded dunes
MFD09206.bin.1.218	Y	Moubacter	terrestris	N.L.	masch.	Microbe found nearby Mou	A species found in soil	Formerly ''JAJNBA01'' in GTDB R220	Formerly ''uncultured bacterium'' in Silva 138.2	GTDB marker genes and 16S rRNA	GCA_963826195.1	Oxford Nanopore PromethION	mmlong2	2792195	7	98.78188	69.02	93.3	1.11	1	23	d__Bacteria;p__Actinomycetota;c__UBA4738;o__UBA4738;f__HRBIN12;g__JAJNBA01;s__Unclassified	d__Bacteria;p__Actinomycetota;c__Bonnerupiia;o__Granslevivitales;f__Granslevivitaceae;g__Moubacter;s__Moubacter terrestris	d__Bacteria;p__Actinomycetota;c__MB-A2-108;o__Incertae Sedis;f__Incertae Sedis;g__Incertae Sedis;s__uncultured bacterium	99.3	MFD09206	Denmark	10.25672	56.90236	Soil	Grassland formations	Xeric sand calcareous grasslands
MFD09206.bin.1.2	Y	Kongersleviana	similis	N.L.	fem.	Microbe found nearby Noerre Kongerslev	A species related to but distinct from the existing species	Formerly ''JACCSI01'' in GTDB R220	Formerly ''uncultured bacterium'' in Silva 138.2	GTDB marker genes and 16S rRNA	GCA_963846425.1	Oxford Nanopore PromethION	mmlong2	6517998	7	67.18413	62.46	100	1.44	1	23	d__Bacteria;p__Acidobacteriota;c__Vicinamibacteria;o__Vicinamibacterales;f__UBA2999;g__JACCSI01;s__Unclassified	d__Bacteria;p__Acidobacteriota;c__Vicinamibacteria;o__Vicinamibacterales;f__Pjedstedimenaceae;g__Kongersleviana;s__Kongersleviana similis	d__Bacteria;p__Acidobacteriota;c__Vicinamibacteria;o__Vicinamibacterales;f__Vicinamibacteraceae;g__Incertae Sedis;s__uncultured bacterium	99	MFD09206	Denmark	10.25672	56.90236	Soil	Grassland formations	Xeric sand calcareous grasslands
MFD02248.bin.1.15	Y	Vesteroevivens	proximus	N.L.	masch.	Microbe found nearby Vesteroe	A species related to but distinct from the existing species	Formerly ''JAAFGT01'' in GTDB R220	sp. nov.	GTDB marker genes and 16S rRNA	GCA_963773835.1	Oxford Nanopore PromethION	mmlong2	4606924	7	39.507885	63.18	96.99	0.91	1	23	d__Bacteria;p__Acidobacteriota;c__Terriglobia;o__Acidoferrales;f__UBA7541;g__JAAFGT01;s__Unclassified	d__Bacteria;p__Acidobacteriota;c__Terriglobia;o__Acidoferrales;f__UBA7541;g__Vesteroevivens;s__Vesteroevivens proximus	d__Bacteria;p__Acidobacteriota;c__Acidobacteriae;o__Subgroup 2;f__Incertae Sedis;g__Incertae Sedis;s__uncultured bacterium	97.2	MFD02248	Denmark	10.9751	57.2786	Soil	Temperate heath and scrub	Wet heath
MFD02840.bin.1.7	Y	Akirkebyaba	affinis	N.L.	fem.	Microbe found nearby Akirkeby	A species related to but distinct from the existing species	Formerly ''JACDCA01'' in GTDB R220	Formerly ''uncultured bacterium'' in Silva 138.2	GTDB marker genes and 16S rRNA	GCA_963740275.1	Oxford Nanopore PromethION	mmlong2	6762564	9	25.0226	66.81	95.98	2.73	1	23	d__Bacteria;p__Acidobacteriota;c__Vicinamibacteria;o__Vicinamibacterales;f__2-12-FULL-66-21;g__JACDCA01;s__Unclassified	d__Bacteria;p__Acidobacteriota;c__Vicinamibacteria;o__Vicinamibacterales;f__Alstediellaceae;g__Akirkebyaba;s__Akirkebyaba affinis	d__Bacteria;p__Acidobacteriota;c__Vicinamibacteria;o__Vicinamibacterales;f__Incertae Sedis;g__Incertae Sedis;s__uncultured bacterium	99.3	MFD02840	Denmark	14.7807	55.0595	Soil	Coastal	Sea cliffs and shingle or stony beaches
MFD09495.bin.1.108	Y	Snogebaekimen	danicum	N.L.	neut.	Microbe found nearby Snogebaek	A species from Denmark	Formerly ''PALSA-350'' in GTDB R220	Formerly ''uncultured bacterium'' in Silva 138.2	GTDB marker genes and 16S rRNA	GCA_963834445.1	Oxford Nanopore PromethION	mmlong2	6484189	9	21.31487	59.19	99.17	2	1	22	d__Bacteria;p__Acidobacteriota;c__Terriglobia;o__Terriglobales;f__Acidobacteriaceae;g__PALSA-350;s__Unclassified	d__Bacteria;p__Acidobacteriota;c__Terriglobia;o__Terriglobales;f__Acidobacteriaceae;g__Snogebaekimen;s__Snogebaekimen danicum	d__Bacteria;p__Acidobacteriota;c__Acidobacteriae;o__Terriglobales;f__Acidobacteriaceae (Subgroup 1);g__Incertae Sedis;s__uncultured bacterium	99	MFD09495	Denmark	15.0805	54.9907	Soil	Dunes	Dunes creeping willow
MFD00008.bin.2.100	Y	Starupimen	telluricum	N.L.	neut.	Microbe found nearby Oester Starup	A species found in soil	Formerly ''Palsa-147'' in GTDB R220	Formerly ''uncultured bacterium'' in Silva 138.2	GTDB marker genes and 16S rRNA	GCA_963707165.1	Oxford Nanopore PromethION	mmlong2	4710696	10	36.49084	59.35	90.24	0.61	1	23	d__Bacteria;p__Acidobacteriota;c__Terriglobia;o__Acidoferrales;f__UBA7541;g__Palsa-147;s__Unclassified	d__Bacteria;p__Acidobacteriota;c__Terriglobia;o__Acidoferrales;f__UBA7541;g__Starupimen;s__Starupimen telluricum	d__Bacteria;p__Acidobacteriota;c__Acidobacteriae;o__Subgroup 2;f__Incertae Sedis;g__Incertae Sedis;s__uncultured bacterium	99.7	MFD00008	Denmark	9.3609	55.6058	Soil	Forests	Alluvial woodland
MFD01299.bin.1.79	Y	Olgodiaba	lacustris	N.L.	fem.	Microbe found nearby Olgod	A species found in a lake	Formerly ''JALHUB01'' in GTDB R220	sp. nov.	GTDB marker genes and 16S rRNA	GCA_963703345.1	Oxford Nanopore PromethION	mmlong2	2283752	1	60.459473	64.44	95.85	0.6	1	23	d__Bacteria;p__Chloroflexota;c__Dehalococcoidia;o__DSTF01;f__JALHUB01;g__JALHUB01;s__Unclassified	d__Bacteria;p__Chloroflexota;c__Dehalococcoidia;o__Olgodiabales;f__Olgodiabaceae;g__Olgodiaba;s__Olgodiaba lacustris	d__Bacteria;p__Chloroflexota;c__JG30-KF-CM66;o__Incertae Sedis;f__Incertae Sedis;g__Incertae Sedis;s__uncultured bacterium	92.5	MFD01299	Denmark	8.627054339	55.80287147	Sediment	Freshwater	"Lake, Rich pondweed"
MFD02979.bin.c.4	Y	Hadstenibacter	proximus	N.L.	masch.	Microbe found nearby Hadsten	A species related to but distinct from the existing species	Formerly ''DAOUPL01'' in GTDB R220	sp. nov.	GTDB marker genes and 16S rRNA	GCA_963704465.1	Oxford Nanopore PromethION	mmlong2	1253067	1	39.74342	41.34	96.07	0.3	1	22	d__Bacteria;p__Dependentiae;c__Babeliae;o__Babeliales;f__Vermiphilaceae;g__DAOUPL01;s__Unclassified	d__Bacteria;p__Dependentiae;c__Babeliae;o__Babeliales;f__Vermiphilaceae;g__Hadstenibacter;s__Hadstenibacter proximus	d__Bacteria;p__Dependentiae;c__Babeliae;o__Babeliales;f__Vermiphilaceae;g__Incertae Sedis;s__uncultured bacterium	95.2	MFD02979	Denmark	10.0517	56.323	Sediment	Freshwater	"Rainwater basin, City"
MFD01299.bin.c.5	Y	Strelleviaba	lacustris	N.L.	fem.	Microbe found nearby Strellev	A species found in a lake	Formerly ''LCIL01'' in GTDB R220	sp. nov.	GTDB marker genes and 16S rRNA	GCA_963716475.1	Oxford Nanopore PromethION	mmlong2	982852	1	29.618176	41.68	98	0.31	1	20	d__Bacteria;p__Patescibacteria;c__Microgenomatia;o__GWA2-44-7;f__UBA8517;g__LCIL01;s__Unclassified	d__Bacteria;p__Patescibacteria;c__Microgenomatia;o__GWA2-44-7;f__Strelleviabaceae;g__Strelleviaba;s__Strelleviaba lacustris	d__Bacteria;p__Patescibacteria;c__Microgenomatia;o__Candidatus Woesebacteria;f__Incertae Sedis;g__Incertae Sedis;s__uncultured bacterium	88.5	MFD01299	Denmark	8.627054339	55.80287147	Sediment	Freshwater	"Lake, Rich pondweed"
MFD01872.bin.1.103	Y	Thorstrupivita	danica	N.L.	fem.	Microbe found nearby Thorstrup	A species from Denmark	Formerly ''CAIXZV01'' in GTDB R220	Formerly ''uncultured Levilinea sp.'' in Silva 138.2	GTDB marker genes and 16S rRNA	GCA_963703155.1	Oxford Nanopore PromethION	mmlong2	4153430	1	29.29489	71.86	93.62	0.9	1	22	d__Bacteria;p__Chloroflexota;c__Limnocylindria;o__Limnocylindrales;f__CSP1-4;g__CAIXZV01;s__Unclassified	d__Bacteria;p__Chloroflexota;c__Limnocylindria;o__Limnocylindrales;f__Klitmollerisomataceae;g__Thorstrupivita;s__Thorstrupivita danica	d__Bacteria;p__Chloroflexota;c__KD4-96;o__Incertae Sedis;f__Incertae Sedis;g__Incertae Sedis;s__uncultured Levilinea sp.	99.5	MFD01872	Denmark	8.4984	55.6264	Soil	"Bogs, mires and fens"	Alkaline fens
MFD04540.bin.c.3	Y	Padborgisoma	europaeum	N.L.	neut.	Microbe found nearby Padborg	A species from Europe	Formerly ''Ga0074140'' in GTDB R220	sp. nov.	GTDB marker genes and 16S rRNA	GCA_963700985.1	Oxford Nanopore PromethION	mmlong2	2067302	1	23.93654	44.79	99.15	0.76	2	22	d__Bacteria;p__Chlamydiota;c__Chlamydiia;o__Chlamydiales;f__Rhabdochlamydiaceae;g__Ga0074140;s__Unclassified	d__Bacteria;p__Chlamydiota;c__Chlamydiia;o__Chlamydiales;f__Rhabdochlamydiaceae;g__Padborgisoma;s__Padborgisoma europaeum	d__Bacteria;p__Chlamydiota;c__Chlamydiia;o__Chlamydiales;f__Simkaniaceae;g__Ga0074140;s__Chlamydiae bacterium Ga0074140	96.5	MFD04540	Denmark	9.344	54.8082	Soil	Forests	Bog woodland
MFD04540.bin.1.106	Y	Bovimorpha	tellurica	N.L.	fem.	Microbe found nearby Bov	A species found in soil	Formerly ''CAIRYW01'' in GTDB R220	sp. nov.	GTDB marker genes and 16S rRNA	GCA_963766885.1	Oxford Nanopore PromethION	mmlong2	880060	2	27.29456	39.37	100	2.08	1	21	d__Bacteria;p__Patescibacteria;c__Paceibacteria;o__UBA9973;f__CAIRYW01;g__CAIRYW01;s__Unclassified	d__Bacteria;p__Patescibacteria;c__Paceibacteria;o__UBA9973;f__Bovimorphaceae;g__Bovimorpha;s__Bovimorpha tellurica	d__Bacteria;p__Patescibacteria;c__Parcubacteria;o__Incertae Sedis;f__Incertae Sedis;g__Incertae Sedis;s__uncultured bacterium	83.3	MFD04540	Denmark	9.344	54.8082	Soil	Forests	Bog woodland
MFD02979.bin.1.65	Y	Hadbjergicola	scandius	N.L.	masch.	Microbe found nearby Hadbjerg	A species from Scandinavia	Formerly ''RBG-16-49-21'' in GTDB R220	sp. nov.	GTDB marker genes and 16S rRNA	GCA_963727175.1	Oxford Nanopore PromethION	mmlong2	4825438	2	23.0323	51.27	92.48	3.32	1	23	d__Bacteria;p__Spirochaetota;c__UBA4802;o__UBA4802;f__UBA5550;g__RBG-16-49-21;s__Unclassified	d__Bacteria;p__Spirochaetota;c__Hadbjergicolia;o__Hadbjergicolales;f__Hadbjergicolaceae;g__Hadbjergicola;s__Hadbjergicola scandius	d__Bacteria;p__Spirochaetota;c__Leptospirae;o__Leptospirales;f__Leptospiraceae;g__RBG-16-49-21;s__uncultured bacterium	96.7	MFD02979	Denmark	10.0517	56.323	Sediment	Freshwater	"Rainwater basin, City"
MFD01872.bin.1.270	Y	Janderupivita	tellurica	N.L.	fem.	Microbe found nearby Janderup	A species found in soil	Formerly ''FEN-299'' in GTDB R220	sp. nov.	GTDB marker genes and 16S rRNA	GCA_963741715.1	Oxford Nanopore PromethION	mmlong2	5669810	3	33.967648	68.95	100	4.02	1	23	d__Bacteria;p__Acidobacteriota;c__Vicinamibacteria;o__Vicinamibacterales;f__Fen-181;g__FEN-299;s__Unclassified	d__Bacteria;p__Acidobacteriota;c__Vicinamibacteria;o__Vicinamibacterales;f__Tolstrupiabaceae;g__Janderupivita;s__Janderupivita tellurica	d__Bacteria;p__Acidobacteriota;c__Vicinamibacteria;o__Vicinamibacterales;f__Incertae Sedis;g__Incertae Sedis;s__uncultured bacterium	98.4	MFD01872	Denmark	8.4984	55.6264	Soil	"Bogs, mires and fens"	Alkaline fens
MFD02979.bin.1.10	Y	Haldumiella	vicina	N.L.	fem.	Microbe found nearby Haldum	A species related to but distinct from the existing species	Formerly ''UTCFX2'' in GTDB R220	sp. nov.	GTDB marker genes and 16S rRNA	GCA_963827155.1	Oxford Nanopore PromethION	mmlong2	4935565	3	18.05127	52.27	94.79	3.73	2	23	d__Bacteria;p__Chloroflexota;c__Anaerolineae;o__Anaerolineales;f__UBA4823;g__UTCFX2;s__Unclassified	d__Bacteria;p__Chloroflexota;c__Anaerolineae;o__Anaerolineales;f__Haldumiellaceae;g__Haldumiella;s__Haldumiella vicina	d__Bacteria;p__Chloroflexota;c__Anaerolineae;o__Anaerolineales;f__Anaerolineaceae;g__Incertae Sedis;s__uncultured soil bacterium	95.8	MFD02979	Denmark	10.0517	56.323	Sediment	Freshwater	"Rainwater basin, City"
MFD02979.bin.1.81	Y	Lyngaabacter	sediminis	N.L.	masch.	Microbe found nearby Lyngaa	A species found in sediments	Formerly ''JALOKP01'' in GTDB R220	sp. nov.	GTDB marker genes and 16S rRNA	GCA_963800865.1	Oxford Nanopore PromethION	mmlong2	4913140	5	21.26957	72.17	96.27	1.34	1	23	d__Bacteria;p__Acidobacteriota;c__Polarisedimenticolia;o__J045;f__J045;g__JALOKP01;s__Unclassified	d__Bacteria;p__Acidobacteriota;c__Polarisedimenticolia;o__Lyngaabacterales;f__Lyngaabacteraceae;g__Lyngaabacter;s__Lyngaabacter sediminis	d__Bacteria;p__Acidobacteriota;c__Subgroup 22;o__Incertae Sedis;f__Incertae Sedis;g__Incertae Sedis;s__uncultured bacterium	98.6	MFD02979	Denmark	10.0517	56.323	Sediment	Freshwater	"Rainwater basin, City"
MFD02979.bin.1.41	Y	Oedumimorpha	septentrionalis	N.L.	fem.	Microbe found nearby Oedum	A species from the north	Formerly ''SSS58A'' in GTDB R220	sp. nov.	GTDB marker genes and 16S rRNA	GCA_963786935.1	Oxford Nanopore PromethION	mmlong2	3257421	5	19.14723	64.39	96.51	0.6	1	23	d__Bacteria;p__Krumholzibacteriota;c__Krumholzibacteria;o__Krumholzibacteriales;f__Krumholzibacteriaceae;g__SSS58A;s__Unclassified	d__Bacteria;p__Krumholzibacteriota;c__Krumholzibacteria;o__Krumholzibacteriales;f__Krumholzibacteriaceae;g__Oedumimorpha;s__Oedumimorpha septentrionalis	d__Bacteria;p__Latescibacterota;c__Latescibacteria;o__Latescibacterales;f__Latescibacteraceae;g__Incertae Sedis;s__uncultured Latescibacteria bacterium	95.5	MFD02979	Denmark	10.0517	56.323	Sediment	Freshwater	"Rainwater basin, City"
MFD04540.bin.1.17	Y	Krusana	tellurica	N.L.	fem.	Microbe found nearby Krusa	A species found in soil	Formerly ''JAGXTH01'' in GTDB R220	sp. nov.	GTDB marker genes and 16S rRNA	GCA_963791555.1	Oxford Nanopore PromethION	mmlong2	2323113	5	16.09018	43.63	98.89	2.91	2	22	d__Bacteria;p__Chlamydiota;c__Chlamydiia;o__Chlamydiales;f__Rhabdochlamydiaceae;g__JAGXTH01;s__Unclassified	d__Bacteria;p__Chlamydiota;c__Chlamydiia;o__Chlamydiales;f__Rhabdochlamydiaceae;g__Krusana;s__Krusana tellurica	d__Bacteria;p__Chlamydiota;c__Chlamydiia;o__Chlamydiales;f__Simkaniaceae;g__Ga0074140;s__Chlamydiae bacterium Ga0074140	91.7	MFD04540	Denmark	9.344	54.8082	Soil	Forests	Bog woodland
MFD02979.bin.1.62	Y	Galtenibacter	vicinus	N.L.	masch.	Microbe found nearby Noerre Galten	A species related to but distinct from the existing species	Formerly ''UBA5072'' in GTDB R220	sp. nov.	GTDB marker genes and 16S rRNA	GCA_963822145.1	Oxford Nanopore PromethION	mmlong2	4596041	6	46.40955	45.68	99.08	0.55	1	22	d__Bacteria;p__Bacteroidota;c__Bacteroidia;o__Bacteroidales;f__UBA10428;g__UBA5072;s__Unclassified	d__Bacteria;p__Bacteroidota;c__Bacteroidia;o__Bacteroidales;f__Galtenibacteraceae;g__Galtenibacter;s__Galtenibacter vicinus	d__Bacteria;p__Bacteroidota;c__Bacteroidia;o__Bacteroidales;f__SB-5;g__Incertae Sedis;s__uncultured bacterium	97.2	MFD02979	Denmark	10.0517	56.323	Sediment	Freshwater	"Rainwater basin, City"
MFD01872.bin.1.96	Y	Grimstrupium	europaeum	N.L.	neut.	Microbe found nearby Grimstrup	A species from Europe	Formerly ''JAIQEU01'' in GTDB R220	Formerly ''uncultured bacterium'' in Silva 138.2	GTDB marker genes and 16S rRNA	GCA_963796205.1	Oxford Nanopore PromethION	mmlong2	5429133	6	33.049377	57.92	96.35	2.6	1	23	d__Bacteria;p__Acidobacteriota;c__Terriglobia;o__Terriglobales;f__SbA1;g__JAIQEU01;s__Unclassified	d__Bacteria;p__Acidobacteriota;c__Terriglobia;o__Terriglobales;f__SbA1;g__Grimstrupium;s__Grimstrupium europaeum	d__Bacteria;p__Acidobacteriota;c__Acidobacteriae;o__Terriglobales;f__Incertae Sedis;g__Incertae Sedis;s__uncultured bacterium	98.9	MFD01872	Denmark	8.4984	55.6264	Soil	"Bogs, mires and fens"	Alkaline fens
MFD01299.bin.1.8	Y	Lyneplasma	lacustre	N.L.	neut.	Microbe found nearby Lyne	A species found in a lake	Formerly ''UBA8941'' in GTDB R220	Formerly ''uncultured crenarchaeote'' in Silva 138.2	GTDB marker genes and 16S rRNA	GCA_963769425.1	Oxford Nanopore PromethION	mmlong2	2551316	6	30.806074	54.73	91.26	4.9	1	21	d__Archaea;p__Thermoproteota;c__Bathyarchaeia;o__TCS64;f__TCS64;g__UBA8941;s__Unclassified	d__Archaea;p__Thermoproteota;c__Bathyarchaeia;o__Lyneplasmatales;f__Lyneplasmataceae;g__Lyneplasma;s__Lyneplasma lacustre	d__Archaea;p__Thermoproteota;c__Bathyarchaeia;o__Incertae Sedis;f__Incertae Sedis;g__Incertae Sedis;s__uncultured crenarchaeote	99	MFD01299	Denmark	8.627054339	55.80287147	Sediment	Freshwater	"Lake, Rich pondweed"
MFD01872.bin.1.329	Y	Oeseiella	borealis	N.L.	fem.	Microbe found nearby Oese	A species from the north	Formerly ''JAJXXT01'' in GTDB R220	Formerly ''uncultured bacterium'' in Silva 138.2	GTDB marker genes and 16S rRNA	GCA_963764465.1	Oxford Nanopore PromethION	mmlong2	4222900	7	47.249622	69.27	98.78	0.08	1	22	d__Bacteria;p__Pseudomonadota;c__Alphaproteobacteria;o__Acetobacterales;f__Acetobacteraceae;g__JAJXXT01;s__Unclassified	d__Bacteria;p__Pseudomonadota;c__Alphaproteobacteria;o__Acetobacterales;f__Acetobacteraceae;g__Oeseiella;s__Oeseiella borealis	d__Bacteria;p__Pseudomonadota;c__Alphaproteobacteria;o__Acetobacterales;f__Acetobacteraceae;g__Incertae Sedis;s__uncultured bacterium	99	MFD01872	Denmark	8.4984	55.6264	Soil	"Bogs, mires and fens"	Alkaline fens
MFD02979.bin.1.145	Y	Lerbjergius	septentrionalis	N.L.	masch.	Microbe found nearby Lerbjerg	A species from the north	Formerly ''FEB-25'' in GTDB R220	sp. nov.	GTDB marker genes and 16S rRNA	GCA_963726315.1	Oxford Nanopore PromethION	mmlong2	4520061	7	32.28764	49.79	94.9	1.22	1	23	d__Bacteria;p__Chloroflexota;c__Anaerolineae;o__Anaerolineales;f__UBA4823;g__FEB-25;s__Unclassified	d__Bacteria;p__Chloroflexota;c__Anaerolineae;o__Anaerolineales;f__Haldumiellaceae;g__Lerbjergius;s__Lerbjergius septentrionalis	d__Bacteria;p__Chloroflexota;c__Anaerolineae;o__Anaerolineales;f__Anaerolineaceae;g__RBG-16-58-14;s__uncultured Chloroflexi bacterium	98.4	MFD02979	Denmark	10.0517	56.323	Sediment	Freshwater	"Rainwater basin, City"
MFD01299.bin.1.39	Y	Tistrupibacterium	lacustre	N.L.	neut.	Microbe found nearby Tistrup	A species found in a lake	Formerly ''SCQP01'' in GTDB R220	sp. nov.	GTDB marker genes and 16S rRNA	GCA_963798545.1	Oxford Nanopore PromethION	mmlong2	3901469	7	28.271236	70.18	94.48	0.64	1	23	d__Bacteria;p__Acidobacteriota;c__Terriglobia;o__Terriglobales;f__SCQP01;g__SCQP01;s__Unclassified	d__Bacteria;p__Acidobacteriota;c__Terriglobia;o__Terriglobales;f__Tistrupibacteriaceae;g__Tistrupibacterium;s__Tistrupibacterium lacustre	d__Bacteria;p__Acidobacteriota;c__Acidobacteriae;o__Terriglobales;f__Acidobacteriaceae (Subgroup 1);g__Incertae Sedis;s__uncultured Acidobacteria bacterium	94.8	MFD01299	Denmark	8.627054339	55.80287147	Sediment	Freshwater	"Lake, Rich pondweed"
MFD01872.bin.1.273	Y	Hostrupibacterium	europaeum	N.L.	neut.	Microbe found nearby Hostrup	A species from Europe	Formerly ''CAIXSE01'' in GTDB R220	Formerly ''uncultured bacterium'' in Silva 138.2	GTDB marker genes and 16S rRNA	GCA_963709845.1	Oxford Nanopore PromethION	mmlong2	3691472	7	26.913435	70.2	93.27	3.46	2	23	d__Bacteria;p__Actinomycetota;c__Thermoleophilia;o__UBA2241;f__UBA2241;g__CAIXSE01;s__Unclassified	d__Bacteria;p__Actinomycetota;c__Thermoleophilia;o__Nebelibacteriales;f__Nebelibacteriaceae;g__Hostrupibacterium;s__Hostrupibacterium europaeum	d__Bacteria;p__Actinomycetota;c__Thermoleophilia;o__Gaiellales;f__Incertae Sedis;g__Incertae Sedis;s__uncultured bacterium	99.5	MFD01872	Denmark	8.4984	55.6264	Soil	"Bogs, mires and fens"	Alkaline fens
MFD09368.bin.1.28	Y	Rinkenaesium	glebicum	N.L.	neut.	Microbe found nearby Rinkenaes	A species found in soil	Formerly ''JAENWD01'' in GTDB R220	sp. nov.	GTDB marker genes and 16S rRNA	GCA_963796915.1	Oxford Nanopore PromethION	mmlong2	5217436	7	21.01794	67.53	100	0.55	1	23	d__Bacteria;p__Acidobacteriota;c__Vicinamibacteria;o__Vicinamibacterales;f__UBA2999;g__JAENWD01;s__Unclassified	d__Bacteria;p__Acidobacteriota;c__Vicinamibacteria;o__Vicinamibacterales;f__Pjedstedimenaceae;g__Rinkenaesium;s__Rinkenaesium glebicum	d__Bacteria;p__Acidobacteriota;c__Vicinamibacteria;o__Vicinamibacterales;f__Incertae Sedis;g__Incertae Sedis;s__uncultured Acidobacteria bacterium	96.7	MFD09368	Denmark	9.3861	54.8519	Soil	Grassland formations	Semi-natural dry grasslands
MFD01872.bin.1.291	Y	Guldagerisoma	danicum	N.L.	neut.	Microbe found nearby Guldager	A species from Denmark	Formerly ''FEB-12'' in GTDB R220	sp. nov.	GTDB marker genes and 16S rRNA	GCA_963821635.1	Oxford Nanopore PromethION	mmlong2	3568790	7	13.535556	55.53	91.71	2.14	1	23	d__Bacteria;p__Zixibacteria;c__MSB-5A5;o__GN15;f__FEB-12;g__FEB-12;s__Unclassified	d__Bacteria;p__Zixibacteria;c__Loejtimicrobiia;o__Guldagerisomatales;f__Guldagerisomataceae;g__Guldagerisoma;s__Guldagerisoma danicum	d__Bacteria;p__Zixibacteria;c__Incertae Sedis;o__Incertae Sedis;f__Incertae Sedis;g__Incertae Sedis;s__uncultured bacterium	94.7	MFD01872	Denmark	8.4984	55.6264	Soil	"Bogs, mires and fens"	Alkaline fens
MFD01299.bin.1.58	Y	Horneus	adiacens	N.L.	masch.	Microbe found nearby Horne	A species related to but distinct from the existing species	Formerly ''JAKALD01'' in GTDB R220	Formerly ''uncultured bacterium'' in Silva 138.2	GTDB marker genes and 16S rRNA	GCA_963817785.1	Oxford Nanopore PromethION	mmlong2	5258849	8	92.44172	67.29	99.57	2.9	1	22	d__Bacteria;p__Pseudomonadota;c__Gammaproteobacteria;o__Burkholderiales;f__SG8-39;g__JAKALD01;s__Unclassified	d__Bacteria;p__Pseudomonadota;c__Gammaproteobacteria;o__Burkholderiales;f__Henneviventaceae;g__Horneus;s__Horneus adiacens	d__Bacteria;p__Pseudomonadota;c__Gammaproteobacteria;o__Burkholderiales;f__Nitrosomonadaceae;g__MND1;s__uncultured bacterium	98.9	MFD01299	Denmark	8.627054339	55.80287147	Sediment	Freshwater	"Lake, Rich pondweed"
MFD01299.bin.1.190	Y	Skovlundivita	sediminis	N.L.	fem.	Microbe found nearby Skovlund	A species found in sediments	Formerly ''CAINCZ01'' in GTDB R220	sp. nov.	GTDB marker genes and 16S rRNA	GCA_963837635.1	Oxford Nanopore PromethION	mmlong2	4307464	8	29.84267	59.85	99.93	4.44	1	23	d__Bacteria;p__Acidobacteriota;c__Terriglobia;o__Terriglobales;f__CAINCZ01;g__CAINCZ01;s__Unclassified	d__Bacteria;p__Acidobacteriota;c__Terriglobia;o__Terriglobales;f__Skovlundivitaceae;g__Skovlundivita;s__Skovlundivita sediminis	d__Bacteria;p__Acidobacteriota;c__Acidobacteriae;o__Terriglobales;f__Incertae Sedis;g__Incertae Sedis;s__uncultured soil bacterium	97.8	MFD01299	Denmark	8.627054339	55.80287147	Sediment	Freshwater	"Lake, Rich pondweed"
MFD02979.bin.1.52	Y	Rudicoccus	vicinus	N.L.	masch.	Microbe found nearby Rud	A species related to but distinct from the existing species	Formerly ''JAJRAN01'' in GTDB R220	Formerly ''uncultured archaeon'' in Silva 138.2	GTDB marker genes and 16S rRNA	GCA_963827135.1	Oxford Nanopore PromethION	mmlong2	1985378	8	12.12359	58	95.18	0.82	1	22	d__Archaea;p__Thermoplasmatota;c__Thermoplasmata;o__Methanomassiliicoccales;f__UBA472;g__JAJRAN01;s__Unclassified	d__Archaea;p__Thermoplasmatota;c__Thermoplasmata;o__Methanomassiliicoccales;f__Rudicoccaceae;g__Rudicoccus;s__Rudicoccus vicinus	d__Archaea;p__Thermoplasmatota;c__Thermoplasmata;o__Methanomassiliicoccales;f__Methanomassiliicoccaceae;g__Incertae Sedis;s__uncultured archaeon	99.3	MFD02979	Denmark	10.0517	56.323	Sediment	Freshwater	"Rainwater basin, City"
MFD02979.bin.1.14	Y	Vitteniana	similis	N.L.	fem.	Microbe found nearby Vitten	A species related to but distinct from the existing species	Formerly ''JAIQFR01'' in GTDB R220	sp. nov.	GTDB marker genes and 16S rRNA	GCA_963748015.1	Oxford Nanopore PromethION	mmlong2	4827188	9	25.01768	69.31	100	1.74	1	23	d__Bacteria;p__Acidobacteriota;c__Polarisedimenticolia;o__Polarisedimenticolales;f__JAIQFR01;g__JAIQFR01;s__Unclassified	d__Bacteria;p__Acidobacteriota;c__Polarisedimenticolia;o__Polarisedimenticolales;f__Vittenianaceae;g__Vitteniana;s__Vitteniana similis	d__Bacteria;p__Acidobacteriota;c__Subgroup 22;o__Incertae Sedis;f__Incertae Sedis;g__Incertae Sedis;s__uncultured bacterium	98.6	MFD02979	Denmark	10.0517	56.323	Sediment	Freshwater	"Rainwater basin, City"
MFD09368.bin.1.55	Y	Tinglevius	terreum	N.L.	masch.	Microbe found nearby Tinglev	A species found in soil	Formerly ''GAS188'' in GTDB R220	Formerly ''uncultured bacterium'' in Silva 138.2	GTDB marker genes and 16S rRNA	GCA_963794475.1	Oxford Nanopore PromethION	mmlong2	5253719	10	28.82765	63.7	97.58	0.77	1	22	d__Bacteria;p__Pseudomonadota;c__Alphaproteobacteria;o__Rhizobiales;f__Beijerinckiaceae;g__GAS188;s__Unclassified	d__Bacteria;p__Pseudomonadota;c__Alphaproteobacteria;o__Rhizobiales;f__Beijerinckiaceae;g__Tinglevius;s__Tinglevius terreum	d__Bacteria;p__Pseudomonadota;c__Alphaproteobacteria;o__Hyphomicrobiales;f__Xanthobacteraceae;g__Incertae Sedis;s__uncultured bacterium	99.6	MFD09368	Denmark	9.3861	54.8519	Soil	Grassland formations	Semi-natural dry grasslands
MFD09368.bin.1.64	Y	Rinkenaesisoma	terreus	N.L.	neut.	Microbe found nearby Rinkenaes	A species found in soil	Formerly ''JALYMR01'' in GTDB R220	Formerly ''uncultured bacterium'' in Silva 138.2	GTDB marker genes and 16S rRNA	GCA_963757125.1	Oxford Nanopore PromethION	mmlong2	5438908	10	26.98458	72.7	91.76	0.41	1	22	d__Bacteria;p__Actinomycetota;c__Thermoleophilia;o__Solirubrobacterales;f__Solirubrobacteraceae;g__JALYMR01;s__Unclassified	d__Bacteria;p__Actinomycetota;c__Thermoleophilia;o__Solirubrobacterales;f__Solirubrobacteraceae;g__Rinkenaesisoma;s__Rinkenaesisoma terreus	d__Bacteria;p__Actinomycetota;c__Thermoleophilia;o__Solirubrobacterales;f__67-14;g__Incertae Sedis;s__uncultured bacterium	99.9	MFD09368	Denmark	9.3861	54.8519	Soil	Grassland formations	Semi-natural dry grasslands
MFD04408.bin.c.5	Y	Starupiplasma	septentrionale	N.L.	neut.	Microbe found nearby Starup	A species from the north	Formerly ''COMBO-56-21'' in GTDB R220	Formerly ''uncultured Thermoplasmatales archaeon'' in Silva 138.2	GTDB marker genes and 16S rRNA	GCA_963705355.1	Oxford Nanopore PromethION	mmlong2	1975906	1	188.4558	56.01	98.53	1.87	1	22	d__Archaea;p__Thermoplasmatota;c__Thermoplasmata;o__UBA10834;f__UBA10834;g__COMBO-56-21;s__Unclassified	d__Archaea;p__Thermoplasmatota;c__Thermoplasmata;o__Starupiplasmatales;f__Starupiplasmataceae;g__Starupiplasma;s__Starupiplasma septentrionale	d__Archaea;p__Thermoplasmatota;c__Thermoplasmata;o__Methanomassiliicoccales;f__Incertae Sedis;g__Incertae Sedis;s__uncultured Thermoplasmatales archaeon	99.1	MFD04408	Denmark	9.5294	55.2455	Sediment	Freshwater	"Rainwater basin, City"
MFD04408.bin.1.29	Y	Starupisoma	danicum	N.L.	neut.	Microbe found nearby Soender Starup	A species from Denmark	Formerly ''JAPKZH01'' in GTDB R220	sp. nov.	GTDB marker genes and 16S rRNA	GCA_963715635.1	Oxford Nanopore PromethION	mmlong2	4283307	1	60.38433	53.88	92	2.24	1	22	d__Bacteria;p__Acidobacteriota;c__Aminicenantia;o__Aminicenantales;f__UBA4085;g__JAPKZH01;s__Unclassified	d__Bacteria;p__Acidobacteriota;c__Aminicenantia;o__Aminicenantales;f__Starupisomataceae;g__Starupisoma;s__Starupisoma danicum	d__Bacteria;p__Acidobacteriota;c__Aminicenantia;o__Aminicenantales;f__Aminicenantaceae;g__Aminicenans;s__uncultured bacterium	94.3	MFD04408	Denmark	9.5294	55.2455	Sediment	Freshwater	"Rainwater basin, City"
MFD04408.bin.1.100	Y	Hadersleviella	sediminis	N.L.	fem.	Microbe found nearby Haderslev	A species found in sediments	Formerly ''RBG-13-51-18'' in GTDB R220	sp. nov.	GTDB marker genes and 16S rRNA	GCA_963739395.1	Oxford Nanopore PromethION	mmlong2	1786244	2	62.12797	46.54	95.05	0.75	1	23	d__Bacteria;p__Chloroflexota;c__Dehalococcoidia;o__Dehalococcoidales;f__RBG-16-60-22;g__RBG-13-51-18;s__Unclassified	d__Bacteria;p__Chloroflexota;c__Dehalococcoidia;o__Dehalococcoidales;f__Hadersleviellaceae;g__Hadersleviella;s__Hadersleviella sediminis	d__Bacteria;p__Chloroflexota;c__Dehalococcoidia;o__GIF3;f__Incertae Sedis;g__Incertae Sedis;s__uncultured bacterium	92.2	MFD04408	Denmark	9.5294	55.2455	Sediment	Freshwater	"Rainwater basin, City"
MFD04408.bin.1.174	Y	Aastrupimorpha	scandia	N.L.	fem.	Microbe found nearby Aastrup	A species from Scandinavia	Formerly ''JAIQGF01'' in GTDB R220	Formerly ''uncultured bacterium'' in Silva 138.2	GTDB marker genes and 16S rRNA	GCA_963760215.1	Oxford Nanopore PromethION	mmlong2	4368774	2	43.40369	61.89	100	0.86	1	23	d__Bacteria;p__Acidobacteriota;c__Terriglobia;o__Terriglobales;f__JAIQGF01;g__JAIQGF01;s__Unclassified	d__Bacteria;p__Acidobacteriota;c__Terriglobia;o__Terriglobales;f__Aastrupimorphaceae;g__Aastrupimorpha;s__Aastrupimorpha scandia	d__Bacteria;p__Acidobacteriota;c__Acidobacteriae;o__Terriglobales;f__Incertae Sedis;g__Incertae Sedis;s__uncultured bacterium	99.2	MFD04408	Denmark	9.5294	55.2455	Sediment	Freshwater	"Rainwater basin, City"
MFD01721.bin.1.124	Y	Agedrupimicrobium	glebicum	N.L.	neut.	Microbe found nearby Agedrup	A species found in soil	Formerly ''JACCVC01'' in GTDB R220	sp. nov.	GTDB marker genes and 16S rRNA	GCA_963741965.1	Oxford Nanopore PromethION	mmlong2	3384848	2	36.488712	66.32	94.1	0.39	2	23	d__Bacteria;p__Chloroflexota;c__Chloroflexia;o__Thermomicrobiales;f__UBA6265;g__JACCVC01;s__Unclassified	d__Bacteria;p__Chloroflexota;c__Chloroflexia;o__Thermomicrobiales;f__Agedrupimicrobiaceae;g__Agedrupimicrobium;s__Agedrupimicrobium glebicum	d__Bacteria;p__Chloroflexota;c__Chloroflexia;o__Thermomicrobiales;f__JG30-KF-CM45;g__Incertae Sedis;s__uncultured bacterium	96.4	MFD01721	Denmark	10.5019	55.4485	Soil	Coastal	Salicornia mud
MFD04408.bin.1.52	Y	Grarupibacterium	septentrionale	N.L.	neut.	Microbe found nearby Grarup	A species from the north	Formerly ''BS750m-G71'' in GTDB R220	sp. nov.	GTDB marker genes and 16S rRNA	GCA_963790795.1	Oxford Nanopore PromethION	mmlong2	707660	3	47.25429	38.35	100	3.59	2	20	d__Bacteria;p__Patescibacteria;c__Paceibacteria;o__Paceibacterales;f__RBG-13-42-11;g__BS750m-G71;s__Unclassified	d__Bacteria;p__Patescibacteria;c__Paceibacteria;o__Paceibacterales;f__Grarupibacteriaceae;g__Grarupibacterium;s__Grarupibacterium septentrionale	d__Bacteria;p__Patescibacteria;c__Parcubacteria;o__Incertae Sedis;f__Incertae Sedis;g__Incertae Sedis;s__uncultured bacterium	88	MFD04408	Denmark	9.5294	55.2455	Sediment	Freshwater	"Rainwater basin, City"
MFD04408.bin.1.9	Y	Hoptrupicoccus	nordicus	N.L.	masch.	Microbe found nearby Hoptrup	A species from the Nordic region	Formerly ''9FT-COMBO-48-23'' in GTDB R220	sp. nov.	GTDB marker genes and 16S rRNA	GCA_963754385.1	Oxford Nanopore PromethION	mmlong2	1977721	6	213.4649	47.84	96.22	0.83	1	23	d__Bacteria;p__Chloroflexota;c__Dehalococcoidia;o__GIF9;f__UBA5620;g__9FT-COMBO-48-23;s__Unclassified	d__Bacteria;p__Chloroflexota;c__Dehalococcoidia;o__Hoptrupicoccales;f__Hoptrupicoccaceae;g__Hoptrupicoccus;s__Hoptrupicoccus nordicus	d__Bacteria;p__Chloroflexota;c__Dehalococcoidia;o__GIF9;f__Incertae Sedis;g__Incertae Sedis;s__uncultured bacterium	98.4	MFD04408	Denmark	9.5294	55.2455	Sediment	Freshwater	"Rainwater basin, City"
MFD01721.bin.1.119	Y	Bullerupicola	oricus	N.L.	masch.	Microbe found nearby Bullerup	A species found in the coast	Formerly ''UBA6224'' in GTDB R220	sp. nov.	GTDB marker genes and 16S rRNA	GCA_963800205.1	Oxford Nanopore PromethION	mmlong2	967355	6	38.448837	49.52	96.84	2.49	1	22	d__Bacteria;p__Patescibacteria;c__Saccharimonadia;o__Saccharimonadales;f__UBA4665;g__UBA6224;s__Unclassified	d__Bacteria;p__Patescibacteria;c__Saccharimonadia;o__Saccharimonadales;f__Sonderborgisomataceae;g__Bullerupicola;s__Bullerupicola oricus	d__Bacteria;p__Patescibacteria;c__Saccharimonadia;o__Saccharimonadales;f__Incertae Sedis;g__Incertae Sedis;s__uncultured bacterium	96.1	MFD01721	Denmark	10.5019	55.4485	Soil	Coastal	Salicornia mud
MFD01721.bin.1.53	Y	Munkeboum	oricum	N.L.	neut.	Microbe found nearby Munkebo	A species found in the coast	Formerly ''SLCC01'' in GTDB R220	sp. nov.	GTDB marker genes and 16S rRNA	GCA_963798845.1	Oxford Nanopore PromethION	mmlong2	4262375	6	33.012325	70.54	96.28	3.18	1	22	d__Bacteria;p__Gemmatimonadota;c__Gemmatimonadetes;o__Longimicrobiales;f__RSA9;g__SLCC01;s__Unclassified	d__Bacteria;p__Gemmatimonadota;c__Gemmatimonadetes;o__Longimicrobiales;f__Munkeboaceae;g__Munkeboum;s__Munkeboum oricum	d__Bacteria;p__Gemmatimonadota;c__BD2-11 terrestrial group;o__Incertae Sedis;f__Incertae Sedis;g__Incertae Sedis;s__uncultured bacterium	94.8	MFD01721	Denmark	10.5019	55.4485	Soil	Coastal	Salicornia mud
MFD04408.bin.1.32	Y	Vilstrupivita	propinqua	N.L.	fem.	Microbe found nearby Vilstrup	A species related to but distinct from the existing species	Formerly ''JADGNF01'' in GTDB R220	sp. nov.	GTDB marker genes and 16S rRNA	GCA_963806385.1	Oxford Nanopore PromethION	mmlong2	2173723	7	25.90822	47.78	91.11	2.24	1	20	d__Archaea;p__Thermoproteota;c__Bathyarchaeia;o__Bathyarchaeales;f__UBA233;g__JADGNF01;s__Unclassified	d__Archaea;p__Thermoproteota;c__Bathyarchaeia;o__Bathyarchaeales;f__UBA233;g__Vilstrupivita;s__Vilstrupivita propinqua	d__Archaea;p__Thermoproteota;c__Bathyarchaeia;o__Incertae Sedis;f__Incertae Sedis;g__Incertae Sedis;s__uncultured archaeon	98.2	MFD04408	Denmark	9.5294	55.2455	Sediment	Freshwater	"Rainwater basin, City"
MFD01721.bin.1.242	Y	Oestrupibacter	litoralis	N.L.	masch.	Microbe found nearby Oestrup	A species found in the coast	Formerly ''UBA7803'' in GTDB R220	sp. nov.	GTDB marker genes and 16S rRNA	GCA_963822255.1	Oxford Nanopore PromethION	mmlong2	5412898	9	17.851988	67.12	98.45	1.59	1	22	d__Bacteria;p__Pseudomonadota;c__Gammaproteobacteria;o__Pseudomonadales;f__Azotimanducaceae_A;g__UBA7803;s__Unclassified	d__Bacteria;p__Pseudomonadota;c__Gammaproteobacteria;o__Pseudomonadales;f__Azotimanducaceae_A;g__Oestrupibacter;s__Oestrupibacter litoralis	d__Bacteria;p__Pseudomonadota;c__Gammaproteobacteria;o__Pseudomonadales;f__KI89A clade;g__Incertae Sedis;s__uncultured gamma proteobacterium	92.7	MFD01721	Denmark	10.5019	55.4485	Soil	Coastal	Salicornia mud
MFD04408.bin.1.133	Y	Bjerningiella	scandia	N.L.	fem.	Microbe found nearby Bjerning	A species from Scandinavia	Formerly ''RBG-13-51-36'' in GTDB R220	sp. nov.	GTDB marker genes and 16S rRNA	GCA_963769975.1	Oxford Nanopore PromethION	mmlong2	1556676	10	148.4566	47.53	90.22	4.84	1	22	d__Bacteria;p__Chloroflexota;c__Dehalococcoidia;o__GIF9;f__AB-539-J10;g__RBG-13-51-36;s__Unclassified	d__Bacteria;p__Chloroflexota;c__Dehalococcoidia;o__Hoptrupicoccales;f__Bjerningiellaceae;g__Bjerningiella;s__Bjerningiella scandia	d__Bacteria;p__Chloroflexota;c__Dehalococcoidia;o__GIF9;f__AB-539-J10;g__SCGC-AB-539-J10;s__uncultured bacterium	96.8	MFD04408	Denmark	9.5294	55.2455	Sediment	Freshwater	"Rainwater basin, City"
MFD01721.bin.1.56	Y	Sedenicola	oricus	N.L.	masch.	Microbe found nearby Seden	A species found in the coast	Formerly ''JADGQF01'' in GTDB R220	sp. nov.	GTDB marker genes and 16S rRNA	GCA_963837925.1	Oxford Nanopore PromethION	mmlong2	6476444	10	51.850452	64.8	97.99	2.35	1	22	d__Bacteria;p__Chloroflexota;c__Anaerolineae;o__CG2-30-64-16;f__CG2-30-64-16;g__JADGQF01;s__Unclassified	d__Bacteria;p__Chloroflexota;c__Anaerolineae;o__Sedenicolales;f__Sedenicolaceae;g__Sedenicola;s__Sedenicola oricus	d__Bacteria;p__Chloroflexota;c__Anaerolineae;o__SJA-15;f__Incertae Sedis;g__Incertae Sedis;s__uncultured bacterium	94.6	MFD01721	Denmark	10.5019	55.4485	Soil	Coastal	Salicornia mud
MFD04408.bin.1.228	Y	Vilstrupimen	contiguum	N.L.	neut.	Microbe found nearby Vilstrup	A species related to but distinct from the existing species	Formerly ''PIYB01'' in GTDB R220	Formerly ''uncultured archaeon'' in Silva 138.2	GTDB marker genes and 16S rRNA	GCA_963714275.1	Oxford Nanopore PromethION	mmlong2	2643548	10	15.10227	43.43	91.11	4.92	1	22	d__Archaea;p__Thermoproteota;c__Bathyarchaeia;o__Bathyarchaeales;f__B26-1;g__PIYB01;s__Unclassified	d__Archaea;p__Thermoproteota;c__Bathyarchaeia;o__Bathyarchaeales;f__Vilstrupimenaceae;g__Vilstrupimen;s__Vilstrupimen contiguum	d__Archaea;p__Thermoproteota;c__Bathyarchaeia;o__Incertae Sedis;f__Incertae Sedis;g__Incertae Sedis;s__uncultured archaeon	99	MFD04408	Denmark	9.5294	55.2455	Sediment	Freshwater	"Rainwater basin, City"
MFD10007.bin.c.4	Y	Ravnsnaesimen	vicinum	N.L.	neut.	Microbe found nearby Ravnsnaes	A species related to but distinct from the existing species	Formerly ''WS-9'' in GTDB R220	sp. nov.	GTDB marker genes and 16S rRNA	GCA_963703225.1	Oxford Nanopore PromethION	mmlong2	3123862	1	47.22345	66.3	90.88	0.14	1	22	d__Bacteria;p__Eisenbacteria;c__RBG-16-71-46;o__SZUA-252;f__SZUA-252;g__WS-9;s__Unclassified	d__Bacteria;p__Eisenbacteria;c__Ravnsnaesimenia;o__Ravnsnaesimenales;f__Ravnsnaesimenaceae;g__Ravnsnaesimen;s__Ravnsnaesimen vicinum	d__Bacteria;p__Latescibacterota;c__Incertae Sedis;o__Incertae Sedis;f__Incertae Sedis;g__Incertae Sedis;s__uncultured bacterium	95.4	MFD10007	Denmark	12.4931	55.8579	Sediment	Freshwater	Enclosed water
MFD10007.bin.1.119	Y	Horsholmimen	propinquum	N.L.	neut.	Microbe found nearby Horsholm	A species related to but distinct from the existing species	Formerly ''Fen-1135'' in GTDB R220	Formerly ''uncultured bacterium'' in Silva 138.2	GTDB marker genes and 16S rRNA	GCA_963705275.1	Oxford Nanopore PromethION	mmlong2	2924987	1	34.83219	48.95	99.33	0.87	1	21	d__Bacteria;p__Desulfobacterota;c__Syntrophia;o__Syntrophales;f__UBA2185;g__Fen-1135;s__Unclassified	d__Bacteria;p__Desulfobacterota;c__Syntrophia;o__Syntrophales;f__Horsholmimenaceae;g__Horsholmimen;s__Horsholmimen propinquum	d__Bacteria;p__Thermodesulfobacteriota;c__Syntrophia;o__Syntrophales;f__Incertae Sedis;g__Incertae Sedis;s__uncultured bacterium	98.9	MFD10007	Denmark	12.4931	55.8579	Sediment	Freshwater	Enclosed water
MFD10007.bin.c.3	Y	Holtecola	contiguus	N.L.	masch.	Microbe found nearby Gammel Holte	A species related to but distinct from the existing species	Formerly ''QUBU01'' in GTDB R220	sp. nov.	GTDB marker genes and 16S rRNA	GCA_963717355.1	Oxford Nanopore PromethION	mmlong2	3589015	1	28.94489	66.98	92.07	1.47	1	22	d__Bacteria;p__Pseudomonadota;c__Gammaproteobacteria;o__GCA-2729495;f__GCA-2729495;g__QUBU01;s__Unclassified	d__Bacteria;p__Pseudomonadota;c__Gammaproteobacteria;o__Holtecolales;f__Holtecolaceae;g__Holtecola;s__Holtecola contiguus	d__Bacteria;p__Pseudomonadota;c__Gammaproteobacteria;o__JG36-GS-52;f__Incertae Sedis;g__Incertae Sedis;s__uncultured gamma proteobacterium	96.3	MFD10007	Denmark	12.4931	55.8579	Sediment	Freshwater	Enclosed water
MFD09286.bin.c.8	Y	Lodbjergiaba	nordica	N.L.	fem.	Microbe found nearby Lodbjerg	A species from the Nordic region	Formerly ''C7867-002'' in GTDB R220	sp. nov.	GTDB marker genes and 16S rRNA	GCA_963701025.1	Oxford Nanopore PromethION	mmlong2	876331	1	27.26078	50.61	93.86	1.56	2	21	d__Bacteria;p__Patescibacteria;c__Paceibacteria;o__UBA9973;f__PALSA-1337;g__C7867-002;s__Unclassified	d__Bacteria;p__Patescibacteria;c__Paceibacteria;o__UBA9973;f__Lodbjergiabaceae;g__Lodbjergiaba;s__Lodbjergiaba nordica	d__Bacteria;p__Patescibacteria;c__Parcubacteria;o__Incertae Sedis;f__Incertae Sedis;g__Incertae Sedis;s__uncultured bacterium	91.5	MFD09286	Denmark	8.26815	56.81197	Soil	Dunes	Decalcified Empetrum dunes
MFD10007.bin.1.123	Y	Trorodisoma	nordicum	N.L.	neut.	Microbe found nearby Trorod	A species from the Nordic region	Formerly ''AC-32'' in GTDB R220	sp. nov.	GTDB marker genes and 16S rRNA	GCA_963716865.1	Oxford Nanopore PromethION	mmlong2	3002561	5	62.09732	70.19	92.24	2.04	1	23	d__Bacteria;p__Actinomycetota;c__Thermoleophilia;o__Gaiellales;f__Gaiellaceae;g__AC-32;s__Unclassified	d__Bacteria;p__Actinomycetota;c__Thermoleophilia;o__Gaiellales;f__Gaiellaceae;g__Trorodisoma;s__Trorodisoma nordicum	d__Bacteria;p__Actinomycetota;c__Thermoleophilia;o__Gaiellales;f__Incertae Sedis;g__Incertae Sedis;s__uncultured bacterium	98	MFD10007	Denmark	12.4931	55.8579	Sediment	Freshwater	Enclosed water
MFD09286.bin.2.44	Y	Oerumicola	aridus	N.L.	masch.	Microbe found nearby Oerum	A species found in sand	Formerly ''JAJPJW01'' in GTDB R220	sp. nov.	GTDB marker genes and 16S rRNA	GCA_963836235.1	Oxford Nanopore PromethION	mmlong2	3967731	5	36.73967	50.57	99.38	0.14	1	21	d__Bacteria;p__FCPU426;c__Palsa-1180;o__Palsa-1180;f__Palsa-1180;g__JAJPJW01;s__Unclassified	d__Bacteria;p__Muellerivitota;c__Muellerivitia;o__Muellerivitales;f__Muellerivitaceae;g__Oerumicola;s__Oerumicola aridus	d__Bacteria;p__FCPU426;c__Incertae Sedis;o__Incertae Sedis;f__Incertae Sedis;g__Incertae Sedis;s__uncultured bacterium	97.1	MFD09286	Denmark	8.26815	56.81197	Soil	Dunes	Decalcified Empetrum dunes
MFD10007.bin.1.169	Y	Rungstediana	nordica	N.L.	fem.	Microbe found nearby Rungsted	A species from the Nordic region	Formerly ''2-12-FULL-53-21'' in GTDB R220	Formerly ''uncultured soil bacterium'' in Silva 138.2	GTDB marker genes and 16S rRNA	GCA_963705505.1	Oxford Nanopore PromethION	mmlong2	2882197	10	33.81504	50.91	93.62	1.03	1	22	d__Bacteria;p__Desulfobacterota_D;c__UBA1144;o__UBA2774;f__UBA2774;g__2-12-FULL-53-21;s__Unclassified	d__Bacteria;p__Desulfobacterota_D;c__UBA1144;o__Rungstedianales;f__Rungstedianaceae;g__Rungstediana;s__Rungstediana nordica	d__Bacteria;p__Dadabacteria;c__Dadabacteriia;o__Dadabacteriales;f__Incertae Sedis;g__CSP1-2;s__uncultured soil bacterium	99	MFD10007	Denmark	12.4931	55.8579	Sediment	Freshwater	Enclosed water
MFD09222.bin.1.12	Y	Karupiplasma	terreus	N.L.	neut.	Microbe found nearby Karup	A species found in soil	Formerly ''UBA184'' in GTDB R220	Formerly ''uncultured archaeon'' in Silva 138.2	GTDB marker genes and 16S rRNA	GCA_963809035.1	Oxford Nanopore PromethION	mmlong2	2330346	2	83.52445	66.39	90.38	2.99	1	20	d__Archaea;p__Thermoplasmatota;c__Thermoplasmata;o__UBA184;f__UBA184;g__UBA184;s__Unclassified	d__Archaea;p__Thermoplasmatota;c__Thermoplasmata;o__Karupiplasmatales;f__Karupiplasmataceae;g__Karupiplasma;s__Karupiplasma terreus	d__Archaea;p__Thermoplasmatota;c__Thermoplasmata;o__Incertae Sedis;f__Incertae Sedis;g__Incertae Sedis;s__uncultured archaeon	99.6	MFD09222	Denmark	9.2476	56.2643	Soil	Temperate heath and scrub	Wet heath
MFD09222.bin.1.113	Y	Ilskoviplasma	glebicum	N.L.	neut.	Microbe found nearby Ilskov	A species found in soil	Formerly ''UBA12276'' in GTDB R220	sp. nov.	GTDB marker genes and 16S rRNA	GCA_963773985.1	Oxford Nanopore PromethION	mmlong2	922126	3	24.5095	45.41	92.73	1.21	1	19	d__Archaea;p__Micrarchaeota;c__Micrarchaeia;o__Micrarchaeales;f__Micrarchaeaceae;g__UBA12276;s__Unclassified	d__Archaea;p__Micrarchaeota;c__Micrarchaeia;o__Micrarchaeales;f__Micrarchaeaceae;g__Ilskoviplasma;s__Ilskoviplasma glebicum	d__Archaea;p__Micrarchaeota;c__Micrarchaeia;o__Micrarchaeales;f__Micrarchaeaceae;g__Candidatus Micrarchaeum;s__Candidatus Micrarchaeum acidiphilum ARMAN-2	91.2	MFD09222	Denmark	9.2476	56.2643	Soil	Temperate heath and scrub	Wet heath
MFD09222.bin.1.10	Y	Frederiksiana	humica	N.L.	fem.	Microbe found nearby Frederiks	A species found in soil	Formerly ''JAKIWV01'' in GTDB R220	sp. nov.	GTDB marker genes and 16S rRNA	GCA_963773945.1	Oxford Nanopore PromethION	mmlong2	2132929	5	92.24267	65.04	91.01	0.87	1	21	d__Archaea;p__Thermoplasmatota;c__Thermoplasmata;o__UBA184;f__UBA184;g__JAKIWV01;s__Unclassified	d__Archaea;p__Thermoplasmatota;c__Thermoplasmata;o__Karupiplasmatales;f__Karupiplasmataceae;g__Frederiksiana;s__Frederiksiana humica	d__Archaea;p__Thermoplasmatota;c__Thermoplasmata;o__Incertae Sedis;f__Incertae Sedis;g__Incertae Sedis;s__uncultured archaeon	97.4	MFD09222	Denmark	9.2476	56.2643	Soil	Temperate heath and scrub	Wet heath
MFD09222.bin.1.129	Y	Viumibacterium	terrestre	N.L.	neut.	Microbe found nearby Vium	A species found in soil	Formerly ''FEN-1251'' in GTDB R220	sp. nov.	GTDB marker genes and 16S rRNA	GCA_963770025.1	Oxford Nanopore PromethION	mmlong2	2493321	5	91.95837	68.96	96.36	0.28	1	22	d__Bacteria;p__Gemmatimonadota;c__Gemmatimonadetes;o__Gemmatimonadales;f__Gemmatimonadaceae;g__FEN-1251;s__Unclassified	d__Bacteria;p__Gemmatimonadota;c__Gemmatimonadetes;o__Gemmatimonadales;f__Gemmatimonadaceae;g__Viumibacterium;s__Viumibacterium terrestre	d__Bacteria;p__Gemmatimonadota;c__Gemmatimonadia;o__Gemmatimonadales;f__Gemmatimonadaceae;g__Incertae Sedis;s__uncultured forest soil bacterium	94.8	MFD09222	Denmark	9.2476	56.2643	Soil	Temperate heath and scrub	Wet heath
MFD09222.bin.1.2	Y	Hoerupimicrobium	humicum	N.L.	neut.	Microbe found nearby Hoerup	A species found in soil	Formerly ''GWA1-54-10'' in GTDB R220	sp. nov.	GTDB marker genes and 16S rRNA	GCA_963749085.1	Oxford Nanopore PromethION	mmlong2	926594	6	34.26955	51.67	98.01	0.53	1	21	d__Bacteria;p__Patescibacteria;c__Paceibacteria;o__UBA9973;f__SBAW01;g__GWA1-54-10;s__Unclassified	d__Bacteria;p__Patescibacteria;c__Paceibacteria;o__UBA9973;f__Hoerupimicrobiaceae;g__Hoerupimicrobium;s__Hoerupimicrobium humicum	d__Bacteria;p__Patescibacteria;c__Parcubacteria;o__Candidatus Adlerbacteria;f__Incertae Sedis;g__Incertae Sedis;s__Candidatus Adlerbacteria bacterium RIFOXYC1_FULL_48_26	91.4	MFD09222	Denmark	9.2476	56.2643	Soil	Temperate heath and scrub	Wet heath
MFD09212.bin.c.2	Y	Kongerslevius	danicus	N.L.	masch.	Microbe found nearby Soender Kongerslev	A species from Denmark	Formerly ''JACVRN01'' in GTDB R220	sp. nov.	GTDB marker genes and 16S rRNA	GCA_963715565.1	Oxford Nanopore PromethION	mmlong2	6270518	1	73.78377	56.65	96.96	1.01	1	23	d__Bacteria;p__Acidobacteriota;c__Blastocatellia;o__Pyrinomonadales;f__Pyrinomonadaceae;g__JACVRN01;s__Unclassified	d__Bacteria;p__Acidobacteriota;c__Blastocatellia;o__Pyrinomonadales;f__Pyrinomonadaceae;g__Kongerslevius;s__Kongerslevius danicus	d__Bacteria;p__Acidobacteriota;c__Blastocatellia;o__Pyrinomonadales;f__Pyrinomonadaceae;g__Incertae Sedis;s__uncultured Acidobacteria bacterium	97	MFD09212	Denmark	10.25675	56.90241	Soil	Grassland formations	Xeric sand calcareous grasslands
MFD09212.bin.c.1	Y	Lillevordemen	contiguum	N.L.	neut.	Microbe found nearby Lillevorde	A species related to but distinct from the existing species	Formerly ''JACPYM01'' in GTDB R220	sp. nov.	GTDB marker genes and 16S rRNA	GCA_963699175.1	Oxford Nanopore PromethION	mmlong2	9536885	1	71.27132	56.44	96.9	0.23	1	22	d__Bacteria;p__Acidobacteriota;c__Blastocatellia;o__RBC074;f__RBC074;g__JACPYM01;s__Unclassified	d__Bacteria;p__Acidobacteriota;c__Blastocatellia;o__Lillevordemenales;f__Lillevordemenaceae;g__Lillevordemen;s__Lillevordemen contiguum	d__Bacteria;p__Acidobacteriota;c__Blastocatellia;o__11-24;f__Incertae Sedis;g__Incertae Sedis;s__uncultured Acidobacteriales bacterium	98.4	MFD09212	Denmark	10.25675	56.90241	Soil	Grassland formations	Xeric sand calcareous grasslands
MFD09671.bin.c.4	Y	Pederskerius	aridus	N.L.	masch.	Microbe found nearby Pedersker	A species found in sand	Formerly ''JABDFW01'' in GTDB R220	sp. nov.	GTDB marker genes and 16S rRNA	GCA_963708205.1	Oxford Nanopore PromethION	mmlong2	3244924	1	68.13784	35.56	100	0.17	1	22	d__Bacteria;p__Bacteroidota;c__Bacteroidia;o__Chitinophagales;f__Chitinophagaceae;g__JABDFW01;s__Unclassified	d__Bacteria;p__Bacteroidota;c__Bacteroidia;o__Chitinophagales;f__Chitinophagaceae;g__Pederskerius;s__Pederskerius aridus	d__Bacteria;p__Bacteroidota;c__Bacteroidia;o__Chitinophagales;f__Chitinophagaceae;g__Incertae Sedis;s__uncultured Bacteroidetes bacterium	96.6	MFD09671	Denmark	15.0788	54.9903	Soil	Dunes	Humid dune slacks
MFD05442.bin.c.2	Y	Ljoersleviella	tellurica	N.L.	fem.	Microbe found nearby Ljoerslev	A species found in soil	Formerly ''JADZDJ01'' in GTDB R220	sp. nov.	GTDB marker genes and 16S rRNA	GCA_963716135.1	Oxford Nanopore PromethION	mmlong2	4246306	1	36.98651	59.35	91.09	2.08	1	22	d__Bacteria;p__Planctomycetota;c__Planctomycetia;o__Pirellulales;f__JADZDJ01;g__JADZDJ01;s__Unclassified	d__Bacteria;p__Planctomycetota;c__Planctomycetia;o__Pirellulales;f__Ljoersleviellaceae;g__Ljoersleviella;s__Ljoersleviella tellurica	d__Bacteria;p__Planctomycetota;c__Planctomycetes;o__Pirellulales;f__Pirellulaceae;g__Incertae Sedis;s__uncultured bacterium	97.2	MFD05442	Denmark	8.822	56.7368	Soil	Coastal	Atlantic salt meadows
MFD09671.bin.c.5	Y	Bodilskerimen	aridum	N.L.	neut.	Microbe found nearby Bodilsker	A species found in sand	Formerly ''JAPLIS01'' in GTDB R220	sp. nov.	GTDB marker genes and 16S rRNA	GCA_963719415.1	Oxford Nanopore PromethION	mmlong2	1415691	1	18.65735	35.46	92.84	0.09	1	22	d__Bacteria;p__Dependentiae;c__Babeliae;o__Babeliales;f__Vermiphilaceae;g__JAPLIS01;s__Unclassified	d__Bacteria;p__Dependentiae;c__Babeliae;o__Babeliales;f__Vermiphilaceae;g__Bodilskerimen;s__Bodilskerimen aridum	d__Bacteria;p__Dependentiae;c__Babeliae;o__Babeliales;f__Vermiphilaceae;g__Incertae Sedis;s__uncultured bacterium	93.2	MFD09671	Denmark	15.0788	54.9903	Soil	Dunes	Humid dune slacks
MFD09212.bin.1.19	Y	Komdrupiana	europaea	N.L.	fem.	Microbe found nearby Komdrup	A species from Europe	Formerly ''PALSA-894'' in GTDB R220	sp. nov.	GTDB marker genes and 16S rRNA	GCA_963734185.1	Oxford Nanopore PromethION	mmlong2	6290628	2	25.38346	66.34	100	1.79	1	23	d__Bacteria;p__Pseudomonadota;c__Alphaproteobacteria;o__Rhizobiales;f__Xanthobacteraceae;g__PALSA-894;s__Unclassified	d__Bacteria;p__Pseudomonadota;c__Alphaproteobacteria;o__Rhizobiales;f__Xanthobacteraceae;g__Komdrupiana;s__Komdrupiana europaea	d__Bacteria;p__Pseudomonadota;c__Alphaproteobacteria;o__Hyphomicrobiales;f__Xanthobacteraceae;g__Incertae Sedis;s__uncultured bacterium	97.6	MFD09212	Denmark	10.25675	56.90241	Soil	Grassland formations	Xeric sand calcareous grasslands
MFD09671.bin.4.117	Y	Nexoeus	terreum	N.L.	masch.	Microbe found nearby Nexoe	A species found in soil	Formerly ''JABDBL01'' in GTDB R220	Formerly ''uncultured bacterium'' in Silva 138.2	GTDB marker genes and 16S rRNA	GCA_963845445.1	Oxford Nanopore PromethION	mmlong2	4420862	3	16.68912	42.47	92.97	3.94	1	22	d__Bacteria;p__Cyanobacteriota;c__Vampirovibrionia;o__Obscuribacterales;f__Obscuribacteraceae;g__JABDBL01;s__Unclassified	d__Bacteria;p__Cyanobacteriota;c__Vampirovibrionia;o__Obscuribacterales;f__Obscuribacteraceae;g__Nexoeus;s__Nexoeus terreum	d__Bacteria;p__Cyanobacteriota;c__Vampirivibrionia;o__Obscuribacterales;f__Obscuribacteraceae;g__Incertae Sedis;s__uncultured bacterium	98.9	MFD09671	Denmark	15.0788	54.9903	Soil	Dunes	Humid dune slacks
MFD09671.bin.1.46	Y	Nexobacterium	aridum	N.L.	neut.	Microbe found nearby Nexo	A species found in sand	Formerly ''JAFEBQ01'' in GTDB R220	sp. nov.	GTDB marker genes and 16S rRNA	GCA_963708675.1	Oxford Nanopore PromethION	mmlong2	6698258	5	54.76519	60.61	96.83	2.06	1	22	d__Bacteria;p__Planctomycetota;c__Planctomycetia;o__Pirellulales;f__PNKZ01;g__JAFEBQ01;s__Unclassified	d__Bacteria;p__Planctomycetota;c__Planctomycetia;o__Pirellulales;f__Nexobacteriaceae;g__Nexobacterium;s__Nexobacterium aridum	d__Bacteria;p__Planctomycetota;c__Planctomycetes;o__Pirellulales;f__Pirellulaceae;g__Incertae Sedis;s__uncultured bacterium	93.9	MFD09671	Denmark	15.0788	54.9903	Soil	Dunes	Humid dune slacks
MFD09671.bin.1.3	Y	Povlskerimen	telluricum	N.L.	neut.	Microbe found nearby Povlsker	A species found in soil	Formerly ''Palsa-1400'' in GTDB R220	sp. nov.	GTDB marker genes and 16S rRNA	GCA_963764165.1	Oxford Nanopore PromethION	mmlong2	7000126	5	54.13288	56.79	97.21	2.45	1	22	d__Bacteria;p__Verrucomicrobiota;c__Verrucomicrobiae;o__Limisphaerales;f__Palsa-1400;g__Palsa-1400;s__Unclassified	d__Bacteria;p__Verrucomicrobiota;c__Verrucomicrobiae;o__Limisphaerales;f__Povlskerimenaceae;g__Povlskerimen;s__Povlskerimen telluricum	d__Bacteria;p__Verrucomicrobiota;c__Verrucomicrobiia;o__Pedosphaerales;f__Pedosphaeraceae;g__Incertae Sedis;s__uncultured bacterium	95.5	MFD09671	Denmark	15.0788	54.9903	Soil	Dunes	Humid dune slacks
MFD05442.bin.1.98	Y	Vilecola	terreum	N.L.	masch.	Microbe found nearby Vile	A species found in soil	Formerly ''JALYGJ01'' in GTDB R220	sp. nov.	GTDB marker genes and 16S rRNA	GCA_963798955.1	Oxford Nanopore PromethION	mmlong2	2707906	7	74.38163	68.48	90.52	0.19	1	21	d__Bacteria;p__Chloroflexota;c__Limnocylindria;o__Limnocylindrales;f__CSP1-4;g__JALYGJ01;s__Unclassified	d__Bacteria;p__Chloroflexota;c__Limnocylindria;o__Limnocylindrales;f__Klitmollerisomataceae;g__Vilecola;s__Vilecola terreum	d__Bacteria;p__Chloroflexota;c__KD4-96;o__Incertae Sedis;f__Incertae Sedis;g__Incertae Sedis;s__uncultured bacterium	97	MFD05442	Denmark	8.822	56.7368	Soil	Coastal	Atlantic salt meadows
MFD05442.bin.1.21	Y	Nautrupisoma	affine	N.L.	neut.	Microbe found nearby Nautrup	A species related to but distinct from the existing species	Formerly ''JAGGAG01'' in GTDB R220	Formerly ''metagenome'' in Silva 138.2	GTDB marker genes and 16S rRNA	GCA_963843115.1	Oxford Nanopore PromethION	mmlong2	3628460	7	45.85372	67.15	97.84	0.95	1	23	d__Bacteria;p__Gemmatimonadota;c__Gemmatimonadetes;o__Gemmatimonadales;f__GWC2-71-9;g__JAGGAG01;s__Unclassified	d__Bacteria;p__Gemmatimonadota;c__Gemmatimonadetes;o__Gemmatimonadales;f__Siemiabaceae;g__Nautrupisoma;s__Nautrupisoma affine	d__Bacteria;p__Gemmatimonadota;c__Gemmatimonadia;o__Gemmatimonadales;f__Gemmatimonadaceae;g__Incertae Sedis;s__metagenome	99.3	MFD05442	Denmark	8.822	56.7368	Soil	Coastal	Atlantic salt meadows
MFD05442.bin.1.296	Y	Oerdingivivens	similis	N.L.	masch.	Microbe found nearby Oerding	A species related to but distinct from the existing species	Formerly ''UBA668'' in GTDB R220	sp. nov.	GTDB marker genes and 16S rRNA	GCA_963720695.1	Oxford Nanopore PromethION	mmlong2	4010734	7	38.21815	68.54	93.9	1.8	1	23	d__Bacteria;p__Actinomycetota;c__Acidimicrobiia;o__Acidimicrobiales;f__Ilumatobacteraceae;g__UBA668;s__Unclassified	d__Bacteria;p__Actinomycetota;c__Acidimicrobiia;o__Acidimicrobiales;f__Ilumatobacteraceae;g__Oerdingivivens;s__Oerdingivivens similis	d__Bacteria;p__Actinomycetota;c__Acidimicrobiia;o__Microtrichales;f__Ilumatobacteraceae;g__CL500-29 marine group;s__metagenome	98.4	MFD05442	Denmark	8.822	56.7368	Soil	Coastal	Atlantic salt meadows
MFD05442.bin.1.18	Y	Vejersleviella	ripica	N.L.	fem.	Microbe found nearby Vejerslev	A species found in the coast	Formerly ''FEN-1219'' in GTDB R220	Formerly ''uncultured bacterium'' in Silva 138.2	GTDB marker genes and 16S rRNA	GCA_963817615.1	Oxford Nanopore PromethION	mmlong2	5298476	7	36.80081	66.78	98.96	1.3	1	22	d__Bacteria;p__Pseudomonadota;c__Gammaproteobacteria;o__Rariloculales;f__Rariloculaceae;g__FEN-1219;s__Unclassified	d__Bacteria;p__Pseudomonadota;c__Gammaproteobacteria;o__Rariloculales;f__Rariloculaceae;g__Vejersleviella;s__Vejersleviella ripica	d__Bacteria;p__Pseudomonadota;c__Gammaproteobacteria;o__CCD24;f__Incertae Sedis;g__Incertae Sedis;s__uncultured bacterium	98.8	MFD05442	Denmark	8.822	56.7368	Soil	Coastal	Atlantic salt meadows
MFD05442.bin.1.86	Y	Harrehabitans	ripicus	N.L.	masch.	Microbe found nearby Harre	A species found in the coast	Formerly ''JALNZF01'' in GTDB R220	Formerly ''uncultured Nitrospirae bacterium'' in Silva 138.2	GTDB marker genes and 16S rRNA	GCA_963740085.1	Oxford Nanopore PromethION	mmlong2	3456751	7	24.43616	54.27	98.54	2.75	1	22	d__Bacteria;p__Nitrospirota;c__UBA9217;o__UBA9217;f__UBA9217;g__JALNZF01;s__Unclassified	d__Bacteria;p__Nitrospirota;c__Brobyania;o__Brobyanales;f__Brobyanaceae;g__Harrehabitans;s__Harrehabitans ripicus	d__Bacteria;p__Nitrospirota;c__4-29-1;o__Incertae Sedis;f__Incertae Sedis;g__Incertae Sedis;s__uncultured Nitrospirae bacterium	99.3	MFD05442	Denmark	8.822	56.7368	Soil	Coastal	Atlantic salt meadows
MFD05705.bin.1.31	Y	Oksboliella	glebica	N.L.	fem.	Microbe found nearby Oksbol	A species found in soil	Formerly ''CF-113'' in GTDB R220	sp. nov.	GTDB marker genes and 16S rRNA	GCA_963731975.1	Oxford Nanopore PromethION	mmlong2	5642784	8	43.14429	57.42	91.61	4.94	3	23	d__Bacteria;p__Chloroflexota;c__Ktedonobacteria;o__Ktedonobacterales;f__Ktedonobacteraceae;g__CF-113;s__Unclassified	d__Bacteria;p__Chloroflexota;c__Ktedonobacteria;o__Ktedonobacterales;f__Ktedonobacteraceae;g__Oksboliella;s__Oksboliella glebica	d__Bacteria;p__Chloroflexota;c__Ktedonobacteria;o__Ktedonobacterales;f__Ktedonobacteraceae;g__1921-2;s__uncultured bacterium	91.1	MFD05705	Denmark	8.2063	55.7153	Soil	Dunes	Humid dune slacks
MFD09212.bin.1.43	Y	Gudumium	septentrionale	N.L.	neut.	Microbe found nearby Gudum	A species from the north	Formerly ''JACDAL01'' in GTDB R220	Formerly ''uncultured actinobacterium'' in Silva 138.2	GTDB marker genes and 16S rRNA	GCA_963849115.1	Oxford Nanopore PromethION	mmlong2	3165943	10	64.9431	64.38	98.52	0.09	1	23	d__Bacteria;p__Actinomycetota;c__UBA4738;o__CADDZG01;f__WHSQ01;g__JACDAL01;s__Unclassified	d__Bacteria;p__Actinomycetota;c__Bonnerupiia;o__Bonnerupiales;f__Bonnerupiaceae;g__Gudumium;s__Gudumium septentrionale	d__Bacteria;p__Actinomycetota;c__Actinobacteria;o__0319-7L14;f__Incertae Sedis;g__Incertae Sedis;s__uncultured actinobacterium	99.3	MFD09212	Denmark	10.25675	56.90241	Soil	Grassland formations	Xeric sand calcareous grasslands
MFD09603.bin.1.124	Y	Gudhjemibacterium	septentrionale	N.L.	neut.	Microbe found nearby Gudhjem	A species from the north	Formerly ''JAMXLG01'' in GTDB R220	sp. nov.	GTDB marker genes and 16S rRNA	GCA_963818925.1	Oxford Nanopore PromethION	mmlong2	3556603	2	28.0203	60.13	93.85	0.25	1	23	d__Bacteria;p__Eremiobacterota;c__Eremiobacteria;o__Baltobacterales;f__Baltobacteraceae;g__JAMXLG01;s__Unclassified	d__Bacteria;p__Eremiobacterota;c__Eremiobacteria;o__Baltobacterales;f__Baltobacteraceae;g__Gudhjemibacterium;s__Gudhjemibacterium septentrionale	d__Bacteria;p__Candidatus Eremiobacterota;c__Eremiobacteria;o__Incertae Sedis;f__Incertae Sedis;g__Incertae Sedis;s__uncultured bacterium	95	MFD09603	Denmark	14.9796	55.2067	Soil	Rocky habitats and caves	Siliceous rocky slopes
MFD09603.bin.1.268	Y	Oesterlarskerium	telluricum	N.L.	neut.	Microbe found nearby Oesterlarsker	A species found in soil	Formerly ''JAICWY01'' in GTDB R220	sp. nov.	GTDB marker genes and 16S rRNA	GCA_963830545.1	Oxford Nanopore PromethION	mmlong2	2922078	2	17.0294	61.75	91.26	1.43	2	23	d__Bacteria;p__Eremiobacterota;c__Eremiobacteria;o__Baltobacterales;f__Baltobacteraceae;g__JAICWY01;s__Unclassified	d__Bacteria;p__Eremiobacterota;c__Eremiobacteria;o__Baltobacterales;f__Baltobacteraceae;g__Oesterlarskerium;s__Oesterlarskerium telluricum	d__Bacteria;p__Candidatus Eremiobacterota;c__Eremiobacteria;o__Incertae Sedis;f__Incertae Sedis;g__Incertae Sedis;s__uncultured bacterium	97.2	MFD09603	Denmark	14.9796	55.2067	Soil	Rocky habitats and caves	Siliceous rocky slopes
MFD09603.bin.1.156	Y	Roebacterium	proximum	N.L.	neut.	Microbe found nearby Roe	A species related to but distinct from the existing species	Formerly ''CADDYT01'' in GTDB R220	sp. nov.	GTDB marker genes and 16S rRNA	GCA_963736995.1	Oxford Nanopore PromethION	mmlong2	4528393	7	35.81363	55.2	91.02	4.05	4	21	d__Bacteria;p__Chloroflexota;c__Ktedonobacteria;o__Ktedonobacterales;f__Ktedonobacteraceae;g__CADDYT01;s__Unclassified	d__Bacteria;p__Chloroflexota;c__Ktedonobacteria;o__Ktedonobacterales;f__Ktedonobacteraceae;g__Roebacterium;s__Roebacterium proximum	d__Bacteria;p__Chloroflexota;c__Ktedonobacteria;o__Ktedonobacterales;f__Ktedonobacteraceae;g__FCPS473;s__uncultured Thermosporothrix sp.	93.3	MFD09603	Denmark	14.9796	55.2067	Soil	Rocky habitats and caves	Siliceous rocky slopes
MFD09603.bin.1.119	Y	Oestermarieana	scandia	N.L.	fem.	Microbe found nearby Oestermarie	A species from Scandinavia	Formerly ''JANWJD01'' in GTDB R220	sp. nov.	GTDB marker genes and 16S rRNA	GCA_963737125.1	Oxford Nanopore PromethION	mmlong2	4142678	9	19.00467	60.41	91.48	2.37	2	22	d__Bacteria;p__Chloroflexota;c__UBA5177;o__UBA5177;f__UBA5177;g__JANWJD01;s__Unclassified	d__Bacteria;p__Chloroflexota;c__Oestermarieania;o__Oestermarieanales;f__Oestermarieanaceae;g__Oestermarieana;s__Oestermarieana scandia	d__Bacteria;p__Chloroflexota;c__Ktedonobacteria;o__B12-WMSP1;f__Incertae Sedis;g__Incertae Sedis;s__uncultured bacterium	95.6	MFD09603	Denmark	14.9796	55.2067	Soil	Rocky habitats and caves	Siliceous rocky slopes
MFD01275.bin.c.12	Y	Gjerrildiella	vicina	N.L.	fem.	Microbe found nearby Gjerrild	A species related to but distinct from the existing species	Formerly ''JAFAYN01'' in GTDB R220	sp. nov.	GTDB marker genes and 16S rRNA	GCA_963716255.1	Oxford Nanopore PromethION	mmlong2	8423711	1	186.08904	73.07	96.73	4.36	4	22	d__Bacteria;p__Gemmatimonadota;c__Gemmatimonadetes;o__Longimicrobiales;f__Longimicrobiaceae;g__JAFAYN01;s__Unclassified	d__Bacteria;p__Gemmatimonadota;c__Gemmatimonadetes;o__Longimicrobiales;f__Longimicrobiaceae;g__Gjerrildiella;s__Gjerrildiella vicina	d__Bacteria;p__Gemmatimonadota;c__Longimicrobiia;o__Longimicrobiales;f__Longimicrobiaceae;g__Incertae Sedis;s__uncultured bacterium	97.3	MFD01275	Denmark	10.8089	56.5332	Soil	Dunes	Marram dunes (white dunes)
MFD01275.bin.c.7	Y	Rimsoevivens	aridus	N.L.	masch.	Microbe found nearby Rimsoe	A species found in sand	Formerly ''JALQXV01'' in GTDB R220	sp. nov.	GTDB marker genes and 16S rRNA	GCA_963717365.1	Oxford Nanopore PromethION	mmlong2	1191543	1	41.561527	45.01	98.07	0.04	1	21	d__Bacteria;p__Patescibacteria;c__Saccharimonadia;o__Saccharimonadales;f__2-12-FULL-41-12;g__JALQXV01;s__Unclassified	d__Bacteria;p__Patescibacteria;c__Saccharimonadia;o__Saccharimonadales;f__Rimsoeviventaceae;g__Rimsoevivens;s__Rimsoevivens aridus	d__Bacteria;p__Patescibacteria;c__Saccharimonadia;o__Saccharimonadales;f__Incertae Sedis;g__Incertae Sedis;s__uncultured bacterium	96.4	MFD01275	Denmark	10.8089	56.5332	Soil	Dunes	Marram dunes (white dunes)
MFD01275.bin.c.22	Y	Hemmediaba	vicina	N.L.	fem.	Microbe found nearby Hemmed	A species related to but distinct from the existing species	Formerly ''JACCUZ01'' in GTDB R220	sp. nov.	GTDB marker genes and 16S rRNA	GCA_963705885.1	Oxford Nanopore PromethION	mmlong2	3629208	1	38.442318	73.5	97.52	0.08	1	23	d__Bacteria;p__Actinomycetota;c__Actinomycetes;o__JACCUZ01;f__JACCUZ01;g__JACCUZ01;s__Unclassified	d__Bacteria;p__Actinomycetota;c__Actinomycetes;o__Hemmediabales;f__Hemmediabaceae;g__Hemmediaba;s__Hemmediaba vicina	d__Bacteria;p__Actinomycetota;c__Actinobacteria;o__Frankiales;f__Sporichthyaceae;g__Incertae Sedis;s__uncultured bacterium	98.2	MFD01275	Denmark	10.8089	56.5332	Soil	Dunes	Marram dunes (white dunes)
MFD04716.bin.c.3	Y	Adskagenium	propinquum	N.L.	neut.	Microbe found nearby Skagen	A species related to but distinct from the existing species	Formerly ''JAGOOV01'' in GTDB R220	sp. nov.	GTDB marker genes and 16S rRNA	GCA_963716565.1	Oxford Nanopore PromethION	mmlong2	799209	1	21.94403	43.53	98.28	0.13	1	22	d__Bacteria;p__Patescibacteria;c__Saccharimonadia;o__Saccharimonadales;f__CAIOMD01;g__JAGOOV01;s__Unclassified	d__Bacteria;p__Patescibacteria;c__Saccharimonadia;o__Saccharimonadales;f__Adskageniaceae;g__Adskagenium;s__Adskagenium propinquum	d__Bacteria;p__Patescibacteria;c__Saccharimonadia;o__Saccharimonadales;f__Incertae Sedis;g__Incertae Sedis;s__uncultured bacterium	94.3	MFD04716	Denmark	10.6081	57.7283	Sediment	Freshwater	"Rainwater basin, City"
MFD04716.bin.1.3	Y	Skagenivita	sediminis	N.L.	fem.	Microbe found nearby Skagen	A species found in sediments	Formerly ''JAKLDB01'' in GTDB R220	sp. nov.	GTDB marker genes and 16S rRNA	GCA_963695435.1	Oxford Nanopore PromethION	mmlong2	560194	1	14.49212	45.72	96.67	0	1	22	d__Bacteria;p__Patescibacteria;c__Kazan-3B-28;o__Kazan-3B-28;f__Kazan-3B-28;g__JAKLDB01;s__Unclassified	d__Bacteria;p__Patescibacteria;c__Skagenivitia;o__Skagenivitales;f__Skagenivitaceae;g__Skagenivita;s__Skagenivita sediminis	d__Bacteria;p__Patescibacteria;c__Kazania;o__Incertae Sedis;f__Incertae Sedis;g__Incertae Sedis;s__uncultured bacterium	95.1	MFD04716	Denmark	10.6081	57.7283	Sediment	Freshwater	"Rainwater basin, City"
MFD05502.bin.1.13	Y	Endelavemonas	terrea	N.L.	fem.	Microbe found nearby Endelave	A species found in soil	Formerly ''PALSA-270'' in GTDB R220	sp. nov.	GTDB marker genes and 16S rRNA	GCA_963770915.1	Oxford Nanopore PromethION	mmlong2	4656281	2	38.05337	59.25	92.85	0.31	1	23	d__Bacteria;p__Acidobacteriota;c__Terriglobia;o__Terriglobales;f__SbA1;g__PALSA-270;s__Unclassified	d__Bacteria;p__Acidobacteriota;c__Terriglobia;o__Terriglobales;f__SbA1;g__Endelavemonas;s__Endelavemonas terrea	d__Bacteria;p__Acidobacteriota;c__Acidobacteriae;o__Terriglobales;f__Incertae Sedis;g__Incertae Sedis;s__uncultured bacterium	98.2	MFD05502	Denmark	10.3164	55.77	Soil	Temperate heath and scrub	Wet heath
MFD04716.bin.1.125	Y	Adskagenimen	affine	N.L.	neut.	Microbe found nearby Skagen	A species related to but distinct from the existing species	Formerly ''JAPLWQ01'' in GTDB R220	sp. nov.	GTDB marker genes and 16S rRNA	GCA_963802255.1	Oxford Nanopore PromethION	mmlong2	883734	2	22.23076	41.84	99.46	0.53	1	21	d__Bacteria;p__Patescibacteria;c__ABY1;o__Magasanikbacterales;f__GWA2-37-8;g__JAPLWQ01;s__Unclassified	d__Bacteria;p__Patescibacteria;c__ABY1;o__Magasanikbacterales;f__Adskagenimenaceae;g__Adskagenimen;s__Adskagenimen affine	d__Bacteria;p__Patescibacteria;c__ABY1;o__Candidatus Magasanikbacteria;f__Incertae Sedis;g__Incertae Sedis;s__uncultured bacterium	85.3	MFD04716	Denmark	10.6081	57.7283	Sediment	Freshwater	"Rainwater basin, City"
MFD05502.bin.1.19	Y	Gyllingiella	similis	N.L.	fem.	Microbe found nearby Gylling	A species related to but distinct from the existing species	Formerly ''JAKASX01'' in GTDB R220	sp. nov.	GTDB marker genes and 16S rRNA	GCA_963796495.1	Oxford Nanopore PromethION	mmlong2	5046674	2	17.96729	63.18	90.49	2.2	1	23	d__Bacteria;p__Acidobacteriota;c__Terriglobia;o__Acidoferrales;f__UBA7541;g__JAKASX01;s__Unclassified	d__Bacteria;p__Acidobacteriota;c__Terriglobia;o__Acidoferrales;f__UBA7541;g__Gyllingiella;s__Gyllingiella similis	d__Bacteria;p__Acidobacteriota;c__Acidobacteriae;o__Subgroup 2;f__Incertae Sedis;g__Incertae Sedis;s__uncultured organism	89.6	MFD05502	Denmark	10.3164	55.77	Soil	Temperate heath and scrub	Wet heath
MFD04716.bin.1.291	Y	Viciniskagenicola	contiguus	N.L.	masch.	Microbe found nearby Skagen	A species related to but distinct from the existing species	Formerly ''SHZI01'' in GTDB R220	Formerly ''uncultured bacterium'' in Silva 138.2	GTDB marker genes and 16S rRNA	GCA_963802215.1	Oxford Nanopore PromethION	mmlong2	3685268	3	57.79076	67.38	98.42	0.51	1	22	d__Bacteria;p__Pseudomonadota;c__Gammaproteobacteria;o__GCA-2729495;f__GCA-2729495;g__SHZI01;s__Unclassified	d__Bacteria;p__Pseudomonadota;c__Gammaproteobacteria;o__Holtecolales;f__Holtecolaceae;g__Viciniskagenicola;s__Viciniskagenicola contiguus	d__Bacteria;p__Pseudomonadota;c__Gammaproteobacteria;o__CCM19a;f__Incertae Sedis;g__Incertae Sedis;s__uncultured bacterium	99.7	MFD04716	Denmark	10.6081	57.7283	Sediment	Freshwater	"Rainwater basin, City"
MFD04716.bin.1.87	Y	Viciniskageniella	sediminis	N.L.	fem.	Microbe found nearby Skagen	A species found in sediments	Formerly ''JACXTP01'' in GTDB R220	sp. nov.	GTDB marker genes and 16S rRNA	GCA_963735565.1	Oxford Nanopore PromethION	mmlong2	2048066	3	44.8058	56.76	97.01	2.09	1	22	d__Archaea;p__Thermoplasmatota;c__Thermoplasmata;o__Methanomassiliicoccales;f__UBA472;g__JACXTP01;s__Unclassified	d__Archaea;p__Thermoplasmatota;c__Thermoplasmata;o__Methanomassiliicoccales;f__Rudicoccaceae;g__Viciniskageniella;s__Viciniskageniella sediminis	d__Archaea;p__Thermoplasmatota;c__Thermoplasmata;o__Methanomassiliicoccales;f__Methanomassiliicoccaceae;g__Incertae Sedis;s__uncultured archaeon	98.3	MFD04716	Denmark	10.6081	57.7283	Sediment	Freshwater	"Rainwater basin, City"
MFD04716.bin.1.309	Y	Adskageniaba	affinis	N.L.	fem.	Microbe found nearby Skagen	A species related to but distinct from the existing species	Formerly ''MWCR01'' in GTDB R220	sp. nov.	GTDB marker genes and 16S rRNA	GCA_963816085.1	Oxford Nanopore PromethION	mmlong2	1419540	3	34.37174	42.52	92.45	1.89	1	21	d__Bacteria;p__Patescibacteria;c__ABY1;o__SG8-24;f__2-12-FULL-60-25;g__MWCR01;s__Unclassified	d__Bacteria;p__Patescibacteria;c__ABY1;o__Adskageniabales;f__Adskageniabaceae;g__Adskageniaba;s__Adskageniaba affinis	d__Bacteria;p__Patescibacteria;c__ABY1;o__Candidatus Magasanikbacteria;f__Incertae Sedis;g__Incertae Sedis;s__uncultured organism	97	MFD04716	Denmark	10.6081	57.7283	Sediment	Freshwater	"Rainwater basin, City"
MFD01275.bin.1.87	Y	Bonnerupium	aridum	N.L.	neut.	Microbe found nearby Bonnerup	A species found in sand	Formerly ''WHTI01'' in GTDB R220	sp. nov.	GTDB marker genes and 16S rRNA	GCA_963756365.1	Oxford Nanopore PromethION	mmlong2	2531548	3	31.195269	63.34	97.53	0.81	1	23	d__Bacteria;p__Actinomycetota;c__UBA4738;o__CADDZG01;f__WHSQ01;g__WHTI01;s__Unclassified	d__Bacteria;p__Actinomycetota;c__Bonnerupiia;o__Bonnerupiales;f__Bonnerupiaceae;g__Bonnerupium;s__Bonnerupium aridum	d__Bacteria;p__Actinomycetota;c__Actinobacteria;o__0319-7L14;f__Incertae Sedis;g__Incertae Sedis;s__uncultured Actinomycetales bacterium	93.8	MFD01275	Denmark	10.8089	56.5332	Soil	Dunes	Marram dunes (white dunes)
MFD04212.bin.1.294	Y	Nyordiaba	adiacens	N.L.	fem.	Microbe found nearby Nyord	A species related to but distinct from the existing species	Formerly ''JAIVJM01'' in GTDB R220	sp. nov.	GTDB marker genes and 16S rRNA	GCA_963816985.1	Oxford Nanopore PromethION	mmlong2	5495847	4	27.85327	64.35	96.32	1.87	2	22	d__Bacteria;p__Acidobacteriota;c__Blastocatellia;o__Pyrinomonadales;f__Pyrinomonadaceae;g__JAIVJM01;s__Unclassified	d__Bacteria;p__Acidobacteriota;c__Blastocatellia;o__Pyrinomonadales;f__Pyrinomonadaceae;g__Nyordiaba;s__Nyordiaba adiacens	d__Bacteria;p__Acidobacteriota;c__Blastocatellia;o__Pyrinomonadales;f__Pyrinomonadaceae;g__Arenimicrobium;s__uncultured bacterium	93.5	MFD04212	Denmark	12.2823	55.0396	Soil	Dunes	Fixed dunes (grey dunes)
MFD04716.bin.1.114	Y	Periskagenicola	proximus	N.L.	masch.	Microbe found nearby Skagen	A species related to but distinct from the existing species	Formerly ''JACRPT01'' in GTDB R220	Formerly ''uncultured soil bacterium PRR-10'' in Silva 138.2	GTDB marker genes and 16S rRNA	GCA_963717935.1	Oxford Nanopore PromethION	mmlong2	3017715	5	40.07884	70.92	93.07	2.56	1	23	d__Bacteria;p__Eisenbacteria;c__RBG-16-71-46;o__RBG-16-71-46;f__RBG-16-71-46;g__JACRPT01;s__Unclassified	d__Bacteria;p__Eisenbacteria;c__Ravnsnaesimenia;o__Periskagenicolales;f__Periskagenicolaceae;g__Periskagenicola;s__Periskagenicola proximus	d__Bacteria;p__Latescibacterota;c__Incertae Sedis;o__Incertae Sedis;f__Incertae Sedis;g__Incertae Sedis;s__uncultured soil bacterium PRR-10	99.1	MFD04716	Denmark	10.6081	57.7283	Sediment	Freshwater	"Rainwater basin, City"
MFD05502.bin.1.39	Y	Gyllingisoma	affine	N.L.	neut.	Microbe found nearby Gylling	A species related to but distinct from the existing species	Formerly ''JAJPKE01'' in GTDB R220	sp. nov.	GTDB marker genes and 16S rRNA	GCA_963785845.1	Oxford Nanopore PromethION	mmlong2	4633858	6	30.55025	64.83	92.22	1.58	2	20	d__Bacteria;p__Chloroflexota;c__Ktedonobacteria;o__Ktedonobacterales;f__JADMIN01;g__JAJPKE01;s__Unclassified	d__Bacteria;p__Chloroflexota;c__Ktedonobacteria;o__Ktedonobacterales;f__Gyllingisomataceae;g__Gyllingisoma;s__Gyllingisoma affine	d__Bacteria;p__Chloroflexota;c__Ktedonobacteria;o__Ktedonobacterales;f__JG30-KF-AS9;g__Incertae Sedis;s__uncultured bacterium	89.8	MFD05502	Denmark	10.3164	55.77	Soil	Temperate heath and scrub	Wet heath
MFD04212.bin.1.269	Y	Nyordihabitans	vicinus	N.L.	masch.	Microbe found nearby Nyord	A species related to but distinct from the existing species	Formerly ''JAAYBF01'' in GTDB R220	Formerly ''uncultured bacterium'' in Silva 138.2	GTDB marker genes and 16S rRNA	GCA_963825535.1	Oxford Nanopore PromethION	mmlong2	3161703	6	29.62692	71.29	93.68	0.62	1	21	d__Bacteria;p__Actinomycetota;c__Thermoleophilia;o__Solirubrobacterales;f__Thermoleophilaceae;g__JAAYBF01;s__Unclassified	d__Bacteria;p__Actinomycetota;c__Thermoleophilia;o__Solirubrobacterales;f__Thermoleophilaceae;g__Nyordihabitans;s__Nyordihabitans vicinus	d__Bacteria;p__Actinomycetota;c__Thermoleophilia;o__Solirubrobacterales;f__67-14;g__Incertae Sedis;s__uncultured bacterium	98.7	MFD04212	Denmark	12.2823	55.0396	Soil	Dunes	Fixed dunes (grey dunes)
MFD04716.bin.1.82	Y	Affiniskagenius	contiguus	N.L.	masch.	Microbe found nearby Skagen	A species related to but distinct from the existing species	Formerly ''UBA5069'' in GTDB R220	sp. nov.	GTDB marker genes and 16S rRNA	GCA_963735275.1	Oxford Nanopore PromethION	mmlong2	4850831	7	18.93112	61.67	91.42	2.76	1	23	d__Bacteria;p__Chloroflexota;c__Anaerolineae;o__Caldilineales;f__Caldilineaceae;g__UBA5069;s__Unclassified	d__Bacteria;p__Chloroflexota;c__Anaerolineae;o__Caldilineales;f__Caldilineaceae;g__Affiniskagenius;s__Affiniskagenius contiguus	d__Bacteria;p__Chloroflexota;c__Anaerolineae;o__Caldilineales;f__Caldilineaceae;g__Incertae Sedis;s__metagenome	98.5	MFD04716	Denmark	10.6081	57.7283	Sediment	Freshwater	"Rainwater basin, City"
MFD04716.bin.1.95	Y	Viciniskageniaba	sediminis	N.L.	fem.	Microbe found nearby Skagen	A species found in sediments	Formerly ''CTSoil-043'' in GTDB R220	sp. nov.	GTDB marker genes and 16S rRNA	GCA_963810065.1	Oxford Nanopore PromethION	mmlong2	3518423	8	30.03129	72.65	90.93	2.07	1	22	d__Bacteria;p__Chloroflexota;c__Limnocylindria;o__Limnocylindrales;f__CSP1-4;g__CTSoil-043;s__Unclassified	d__Bacteria;p__Chloroflexota;c__Limnocylindria;o__Limnocylindrales;f__Klitmollerisomataceae;g__Viciniskageniaba;s__Viciniskageniaba sediminis	d__Bacteria;p__Chloroflexota;c__KD4-96;o__Incertae Sedis;f__Incertae Sedis;g__Incertae Sedis;s__uncultured bacterium	98.5	MFD04716	Denmark	10.6081	57.7283	Sediment	Freshwater	"Rainwater basin, City"
MFD04716.bin.1.418	Y	Propeskageniana	sediminis	N.L.	fem.	Microbe found nearby Skagen	A species found in sediments	Formerly ''JAADJA01'' in GTDB R220	sp. nov.	GTDB marker genes and 16S rRNA	GCA_963749345.1	Oxford Nanopore PromethION	mmlong2	4822196	8	28.85523	39.37	98.25	3	1	23	d__Bacteria;p__Bacteroidota;c__Bacteroidia;o__Bacteroidales;f__JAADJA01;g__JAADJA01;s__Unclassified	d__Bacteria;p__Bacteroidota;c__Bacteroidia;o__Bacteroidales;f__Propeskagenianaceae;g__Propeskageniana;s__Propeskageniana sediminis	d__Bacteria;p__Bacteroidota;c__Bacteroidia;o__Sphingobacteriales;f__Lentimicrobiaceae;g__Incertae Sedis;s__uncultured bacterium	98.6	MFD04716	Denmark	10.6081	57.7283	Sediment	Freshwater	"Rainwater basin, City"
MFD04716.bin.1.355	Y	Viciniskagenivita	scandia	N.L.	fem.	Microbe found nearby Skagen	A species from Scandinavia	Formerly ''UBA2211'' in GTDB R220	Formerly ''uncultured Microgenomates group bacterium'' in Silva 138.2	GTDB marker genes and 16S rRNA	GCA_963802195.1	Oxford Nanopore PromethION	mmlong2	808356	9	30.75844	33.88	95.9	3.35	1	19	d__Bacteria;p__Patescibacteria;c__Paceibacteria;o__Paceibacterales;f__UBA5633;g__UBA2211;s__Unclassified	d__Bacteria;p__Patescibacteria;c__Paceibacteria;o__Paceibacterales;f__Viciniskagenivitaceae;g__Viciniskagenivita;s__Viciniskagenivita scandia	d__Bacteria;p__Patescibacteria;c__Parcubacteria;o__32-520;f__Incertae Sedis;g__Incertae Sedis;s__uncultured Microgenomates group bacterium	99.5	MFD04716	Denmark	10.6081	57.7283	Sediment	Freshwater	"Rainwater basin, City"
MFD01275.bin.1.11	Y	Rimsoesoma	aridum	N.L.	neut.	Microbe found nearby Rimsoe	A species found in sand	Formerly ''JAFMPW01'' in GTDB R220	Formerly ''uncultured bacterium'' in Silva 138.2	GTDB marker genes and 16S rRNA	GCA_963756115.1	Oxford Nanopore PromethION	mmlong2	4783309	10	13.173867	46.3	96.02	0.21	2	22	d__Bacteria;p__Bacteroidota;c__Bacteroidia;o__Flavobacteriales;f__Flavobacteriaceae;g__JAFMPW01;s__Unclassified	d__Bacteria;p__Bacteroidota;c__Bacteroidia;o__Flavobacteriales;f__Flavobacteriaceae;g__Rimsoesoma;s__Rimsoesoma aridum	d__Bacteria;p__Bacteroidota;c__Bacteroidia;o__Flavobacteriales;f__Flavobacteriaceae;g__Incertae Sedis;s__uncultured bacterium	98.9	MFD01275	Denmark	10.8089	56.5332	Soil	Dunes	Marram dunes (white dunes)
MFD06092.bin.c.3	Y	Vindiaba	terrea	N.L.	fem.	Microbe found nearby Vind	A species found in soil	Formerly ''JAJZVS01'' in GTDB R220	Formerly ''uncultured bacterium'' in Silva 138.2	GTDB marker genes and 16S rRNA	GCA_963708095.1	Oxford Nanopore PromethION	mmlong2	5146968	1	137.0954	69.08	98.72	0.48	2	22	d__Bacteria;p__Pseudomonadota;c__Alphaproteobacteria;o__Acetobacterales;f__Acetobacteraceae;g__JAJZVS01;s__Unclassified	d__Bacteria;p__Pseudomonadota;c__Alphaproteobacteria;o__Acetobacterales;f__Acetobacteraceae;g__Vindiaba;s__Vindiaba terrea	d__Bacteria;p__Pseudomonadota;c__Alphaproteobacteria;o__Acetobacterales;f__Acetobacteraceae;g__Incertae Sedis;s__uncultured bacterium	98.8	MFD06092	Denmark	8.49378111	56.2604146	Soil	Temperate heath and scrub	Wet heath
MFD04463.bin.c.1	Y	Lundebacter	aridus	N.L.	masch.	Microbe found nearby Lunde	A species found in sand	Formerly ''DAIDGS01'' in GTDB R220	sp. nov.	GTDB marker genes and 16S rRNA	GCA_963703305.1	Oxford Nanopore PromethION	mmlong2	4540669	1	40.50939	62.43	95.45	0.44	1	23	d__Bacteria;p__Eremiobacterota;c__Eremiobacteria;o__Baltobacterales;f__Baltobacteraceae;g__DAIDGS01;s__Unclassified	d__Bacteria;p__Eremiobacterota;c__Eremiobacteria;o__Baltobacterales;f__Baltobacteraceae;g__Lundebacter;s__Lundebacter aridus	d__Bacteria;p__Candidatus Eremiobacterota;c__Eremiobacteria;o__Incertae Sedis;f__Incertae Sedis;g__Incertae Sedis;s__uncultured bacterium	96.3	MFD04463	Denmark	8.2405	55.7443	Soil	Dunes	Wooded dunes
MFD05512.bin.c.2	Y	Vaerlosemicrobium	telluricum	N.L.	neut.	Microbe found nearby Vaerlose	A species found in soil	Formerly ''DAHUYJ01'' in GTDB R220	sp. nov.	GTDB marker genes and 16S rRNA	GCA_963716945.1	Oxford Nanopore PromethION	mmlong2	1099440	1	30.24609	57.38	94.74	0.13	1	22	d__Bacteria;p__Patescibacteria;c__Saccharimonadia;o__Saccharimonadales;f__UBA4665;g__DAHUYJ01;s__Unclassified	d__Bacteria;p__Patescibacteria;c__Saccharimonadia;o__Saccharimonadales;f__Sonderborgisomataceae;g__Vaerlosemicrobium;s__Vaerlosemicrobium telluricum	d__Bacteria;p__Patescibacteria;c__Saccharimonadia;o__Saccharimonadales;f__LWQ8;g__Incertae Sedis;s__uncultured bacterium	97.1	MFD05512	Denmark	12.3921	55.7882	Soil	Forests	Bog woodland
MFD04463.bin.1.146	Y	Lydumiaba	arida	N.L.	fem.	Microbe found nearby Lydum	A species found in sand	Formerly ''JAJXTN01'' in GTDB R220	sp. nov.	GTDB marker genes and 16S rRNA	GCA_963701245.1	Oxford Nanopore PromethION	mmlong2	1901429	1	24.87108	43.71	95.14	1.47	1	21	d__Bacteria;p__Patescibacteria;c__Saccharimonadia;o__Saccharimonadales;f__UBA4665;g__JAJXTN01;s__Unclassified	d__Bacteria;p__Patescibacteria;c__Saccharimonadia;o__Saccharimonadales;f__Sonderborgisomataceae;g__Lydumiaba;s__Lydumiaba arida	d__Bacteria;p__Patescibacteria;c__Saccharimonadia;o__Saccharimonadales;f__Incertae Sedis;g__Incertae Sedis;s__uncultured bacterium	96.8	MFD04463	Denmark	8.2405	55.7443	Soil	Dunes	Wooded dunes
MFD04463.bin.c.10	Y	Adborkihabitans	aridus	N.L.	masch.	Microbe found nearby Soender Bork	A species found in sand	Formerly ''JAFAMS01'' in GTDB R220	Formerly ''uncultured forest soil bacterium'' in Silva 138.2	GTDB marker genes and 16S rRNA	GCA_963715815.1	Oxford Nanopore PromethION	mmlong2	3274130	1	23.4717	59.96	94.55	0.47	1	23	d__Bacteria;p__Eremiobacterota;c__Eremiobacteria;o__Baltobacterales;f__Baltobacteraceae;g__JAFAMS01;s__Unclassified	d__Bacteria;p__Eremiobacterota;c__Eremiobacteria;o__Baltobacterales;f__Baltobacteraceae;g__Adborkihabitans;s__Adborkihabitans aridus	d__Bacteria;p__Candidatus Eremiobacterota;c__Eremiobacteria;o__Incertae Sedis;f__Incertae Sedis;g__Incertae Sedis;s__uncultured forest soil bacterium	99.6	MFD04463	Denmark	8.2405	55.7443	Soil	Dunes	Wooded dunes
MFD04463.bin.c.14	Y	Propeborkiana	arida	N.L.	fem.	Microbe found nearby Noerre Bork	A species found in sand	Formerly ''JAJACO01'' in GTDB R220	sp. nov.	GTDB marker genes and 16S rRNA	GCA_963699155.1	Oxford Nanopore PromethION	mmlong2	2399326	1	21.54342	47.51	100	2.3	1	22	d__Bacteria;p__Chlamydiota;c__Chlamydiia;o__Chlamydiales;f__JAAKFR01;g__JAJACO01;s__Unclassified	d__Bacteria;p__Chlamydiota;c__Chlamydiia;o__Chlamydiales;f__Propeborkianaceae;g__Propeborkiana;s__Propeborkiana arida	d__Bacteria;p__Chlamydiota;c__Chlamydiia;o__Chlamydiales;f__Chlamydiaceae;g__Incertae Sedis;s__uncultured Chlamydiales bacterium	92.9	MFD04463	Denmark	8.2405	55.7443	Soil	Dunes	Wooded dunes
MFD04463.bin.1.58	Y	Adborkimicrobium	terrestre	N.L.	neut.	Microbe found nearby Soender Bork	A species found in soil	Formerly ''GCA-016699105'' in GTDB R220	sp. nov.	GTDB marker genes and 16S rRNA	GCA_963720265.1	Oxford Nanopore PromethION	mmlong2	1676086	2	18.76377	55.62	98.33	1.17	1	21	d__Bacteria;p__Patescibacteria;c__Saccharimonadia;o__UBA4664;f__UBA4664;g__GCA-016699105;s__Unclassified	d__Bacteria;p__Patescibacteria;c__Saccharimonadia;o__Adborkimicrobiales;f__Adborkimicrobiaceae;g__Adborkimicrobium;s__Adborkimicrobium terrestre	d__Bacteria;p__Patescibacteria;c__Saccharimonadia;o__Saccharimonadales;f__Incertae Sedis;g__Incertae Sedis;s__uncultured bacterium	95.2	MFD04463	Denmark	8.2405	55.7443	Soil	Dunes	Wooded dunes
MFD05512.bin.1.276	Y	Farumibacter	danicus	N.L.	masch.	Microbe found nearby Farum	A species from Denmark	Formerly ''PALSA-457'' in GTDB R220	sp. nov.	GTDB marker genes and 16S rRNA	GCA_963836375.1	Oxford Nanopore PromethION	mmlong2	3626596	4	31.41857	71.06	90.41	0.38	1	21	d__Bacteria;p__Actinomycetota;c__Acidimicrobiia;o__Acidimicrobiales;f__RAAP-2;g__PALSA-457;s__Unclassified	d__Bacteria;p__Actinomycetota;c__Acidimicrobiia;o__Acidimicrobiales;f__Vonsildianaceae;g__Farumibacter;s__Farumibacter danicus	d__Bacteria;p__Actinomycetota;c__Acidimicrobiia;o__Acidimicrobiales;f__Acidimicrobiaceae;g__Incertae Sedis;s__uncultured bacterium	97	MFD05512	Denmark	12.3921	55.7882	Soil	Forests	Bog woodland
MFD04463.bin.1.72	Y	Adborkibacterium	terreus	N.L.	neut.	Microbe found nearby Soender Bork	A species found in soil	Formerly ''JAJPKI01'' in GTDB R220	Formerly ''uncultured bacterium'' in Silva 138.2	GTDB marker genes and 16S rRNA	GCA_963845665.1	Oxford Nanopore PromethION	mmlong2	6664937	4	19.44364	54.46	91.19	4.36	1	22	d__Bacteria;p__Verrucomicrobiota;c__Verrucomicrobiae;o__Limisphaerales;f__UBA11358;g__JAJPKI01;s__Unclassified	d__Bacteria;p__Verrucomicrobiota;c__Verrucomicrobiae;o__Limisphaerales;f__Hjordkaeriellaceae;g__Adborkibacterium;s__Adborkibacterium terreus	d__Bacteria;p__Verrucomicrobiota;c__Verrucomicrobiia;o__Pedosphaerales;f__Pedosphaeraceae;g__Incertae Sedis;s__uncultured bacterium	98.9	MFD04463	Denmark	8.2405	55.7443	Soil	Dunes	Wooded dunes
MFD05513.bin.1.68	Y	Odderium	nordicum	N.L.	neut.	Microbe found nearby Odder	A species from the Nordic region	Formerly ''Gp1-AA145'' in GTDB R220	Formerly ''uncultured Acidobacteria bacterium'' in Silva 138.2	GTDB marker genes and 16S rRNA	GCA_963785655.1	Oxford Nanopore PromethION	mmlong2	5240708	4	15.81871	55.79	95.36	0.58	1	23	d__Bacteria;p__Acidobacteriota;c__Terriglobia;o__Terriglobales;f__SbA1;g__Gp1-AA145;s__Unclassified	d__Bacteria;p__Acidobacteriota;c__Terriglobia;o__Terriglobales;f__SbA1;g__Odderium;s__Odderium nordicum	d__Bacteria;p__Acidobacteriota;c__Acidobacteriae;o__Terriglobales;f__Incertae Sedis;g__Incertae Sedis;s__uncultured Acidobacteria bacterium	99.7	MFD05513	Denmark	10.1282	55.9873	Soil	Forests	Temperate forests
MFD01476.bin.c.10	Y	Sahliplasma	lacustre	N.L.	neut.	Microbe found nearby Sahl	A species found in a lake	Formerly ''CABMGC01'' in GTDB R220	sp. nov.	GTDB marker genes and 16S rRNA	GCA_963704435.1	Oxford Nanopore PromethION	mmlong2	852977	1	48.92862	55.54	92.24	0	1	21	d__Archaea;p__Micrarchaeota;c__Micrarchaeia;o__Micrarchaeales;f__CABMGC01;g__CABMGC01;s__Unclassified	d__Archaea;p__Micrarchaeota;c__Micrarchaeia;o__Micrarchaeales;f__Sahliplasmataceae;g__Sahliplasma;s__Sahliplasma lacustre	d__Archaea;p__Micrarchaeota;c__Micrarchaeia;o__Micrarchaeales;f__Micrarchaeaceae;g__Candidatus Micrarchaeum;s__uncultured archaeon	86.9	MFD01476	Denmark	8.826613964	56.50596583	Sediment	Freshwater	"Lake, Dystrophic"
MFD01476.bin.c.5	Y	Ejsingicoccus	lacustris	N.L.	masch.	Microbe found nearby Ejsing	A species found in a lake	Formerly ''UBA1162'' in GTDB R220	sp. nov.	GTDB marker genes and 16S rRNA	GCA_963705905.1	Oxford Nanopore PromethION	mmlong2	2459993	1	29.434029	50.45	97.04	1.18	1	22	d__Bacteria;p__Chloroflexota;c__Dehalococcoidia;o__GIF9;f__UBA5629;g__UBA1162;s__Unclassified	d__Bacteria;p__Chloroflexota;c__Dehalococcoidia;o__Hoptrupicoccales;f__Ejsingicoccaceae;g__Ejsingicoccus;s__Ejsingicoccus lacustris	d__Bacteria;p__Chloroflexota;c__Dehalococcoidia;o__GIF9;f__Incertae Sedis;g__Incertae Sedis;s__uncultured bacterium	98	MFD01476	Denmark	8.826613964	56.50596583	Sediment	Freshwater	"Lake, Dystrophic"
MFD05684.bin.c.1	Y	Homen	litorale	N.L.	neut.	Microbe found nearby Ho	A species found in the coast	Formerly ''JAHWKH01'' in GTDB R220	sp. nov.	GTDB marker genes and 16S rRNA	GCA_963720485.1	Oxford Nanopore PromethION	mmlong2	4456228	1	24.4866	72.28	90.98	1.51	1	23	d__Bacteria;p__Gemmatimonadota;c__Gemmatimonadetes;o__Longimicrobiales;f__UBA6960;g__JAHWKH01;s__Unclassified	d__Bacteria;p__Gemmatimonadota;c__Gemmatimonadetes;o__Longimicrobiales;f__Homenaceae;g__Homen;s__Homen litorale	d__Bacteria;p__Gemmatimonadota;c__BD2-11 terrestrial group;o__Incertae Sedis;f__Incertae Sedis;g__Incertae Sedis;s__uncultured bacterium	95.7	MFD05684	Denmark	8.2638	55.5312	Soil	Coastal	Salicornia mud
MFD01476.bin.c.9	Y	Vinderupivita	lacustris	N.L.	fem.	Microbe found nearby Vinderup	A species found in a lake	Formerly ''CAISDH01'' in GTDB R220	sp. nov.	GTDB marker genes and 16S rRNA	GCA_963705375.1	Oxford Nanopore PromethION	mmlong2	1209602	1	20.668339	47.8	93.76	1.92	2	21	d__Archaea;p__Micrarchaeota;c__Micrarchaeia;o__Micrarchaeales;f__Micrarchaeaceae;g__CAISDH01;s__Unclassified	d__Archaea;p__Micrarchaeota;c__Micrarchaeia;o__Micrarchaeales;f__Micrarchaeaceae;g__Vinderupivita;s__Vinderupivita lacustris	d__Archaea;p__Micrarchaeota;c__Micrarchaeia;o__Micrarchaeales;f__Micrarchaeaceae;g__Candidatus Micrarchaeum;s__mine drainage metagenome	88.2	MFD01476	Denmark	8.826613964	56.50596583	Sediment	Freshwater	"Lake, Dystrophic"
MFD01476.bin.c.8	Y	Roenbjergimen	lacustre	N.L.	neut.	Microbe found nearby Roenbjerg	A species found in a lake	Formerly ''BOG-1370'' in GTDB R220	sp. nov.	GTDB marker genes and 16S rRNA	GCA_963704655.1	Oxford Nanopore PromethION	mmlong2	1298077	1	16.400217	38.02	96	2.11	1	22	d__Bacteria;p__Dependentiae;c__Babeliae;o__Babeliales;f__Babeliaceae;g__BOG-1370;s__Unclassified	d__Bacteria;p__Dependentiae;c__Babeliae;o__Babeliales;f__Babeliaceae;g__Roenbjergimen;s__Roenbjergimen lacustre	d__Bacteria;p__Dependentiae;c__Babeliae;o__Babeliales;f__Incertae Sedis;g__UBA12409;s__uncultured Candidatus Dependentiae bacterium	96.8	MFD01476	Denmark	8.826613964	56.50596583	Sediment	Freshwater	"Lake, Dystrophic"
MFD01476.bin.1.95	Y	Sevelisoma	lacustre	N.L.	neut.	Microbe found nearby Sevel	A species found in a lake	Formerly ''JACRFQ01'' in GTDB R220	sp. nov.	GTDB marker genes and 16S rRNA	GCA_963722305.1	Oxford Nanopore PromethION	mmlong2	1287524	2	32.55071	40.5	91.28	0.96	2	20	d__Bacteria;p__Patescibacteria;c__Microgenomatia;o__Levybacterales;f__UBA12049;g__JACRFQ01;s__Unclassified	d__Bacteria;p__Patescibacteria;c__Microgenomatia;o__Levybacterales;f__Sevelisomataceae;g__Sevelisoma;s__Sevelisoma lacustre	d__Bacteria;p__Patescibacteria;c__Microgenomatia;o__Candidatus Levybacteria;f__Incertae Sedis;g__Incertae Sedis;s__uncultured bacterium	94.6	MFD01476	Denmark	8.826613964	56.50596583	Sediment	Freshwater	"Lake, Dystrophic"
MFD05684.bin.1.15	Y	Hoella	glebica	N.L.	fem.	Microbe found nearby Ho	A species found in soil	Formerly ''JACPSJ01'' in GTDB R220	sp. nov.	GTDB marker genes and 16S rRNA	GCA_963731735.1	Oxford Nanopore PromethION	mmlong2	957922	2	18.92438	53.24	98.29	0.03	1	21	d__Bacteria;p__Patescibacteria;c__ABY1;o__SBBC01;f__CAIJZX01;g__JACPSJ01;s__Unclassified	d__Bacteria;p__Patescibacteria;c__ABY1;o__SBBC01;f__Hoellaceae;g__Hoella;s__Hoella glebica	d__Bacteria;p__Patescibacteria;c__ABY1;o__Candidatus Uhrbacteria;f__Incertae Sedis;g__Incertae Sedis;s__uncultured bacterium	85.2	MFD05684	Denmark	8.2638	55.5312	Soil	Coastal	Salicornia mud
MFD01476.bin.1.98	Y	Haasumivivens	lacustris	N.L.	masch.	Microbe found nearby Haasum	A species found in a lake	Formerly ''JAUSKB01'' in GTDB R220	sp. nov.	GTDB marker genes and 16S rRNA	GCA_963768835.1	Oxford Nanopore PromethION	mmlong2	905314	2	10.313088	56.38	96.71	0.14	1	20	d__Bacteria;p__Patescibacteria;c__Paceibacteria;o__UBA6257;f__GWB1-50-10;g__JAUSKB01;s__Unclassified	d__Bacteria;p__Patescibacteria;c__Paceibacteria;o__UBA6257;f__Haasumiviventaceae;g__Haasumivivens;s__Haasumivivens lacustris	d__Bacteria;p__Patescibacteria;c__Parcubacteria;o__Candidatus Jorgensenbacteria;f__Incertae Sedis;g__Incertae Sedis;s__Candidatus Jorgensenbacteria bacterium GW2011_GWA1_48_11	85	MFD01476	Denmark	8.826613964	56.50596583	Sediment	Freshwater	"Lake, Dystrophic"
MFD01476.bin.1.136	Y	Estvadius	lacustris	N.L.	masch.	Microbe found nearby Estvad	A species found in a lake	Formerly ''UBA2194'' in GTDB R220	sp. nov.	GTDB marker genes and 16S rRNA	GCA_963727775.1	Oxford Nanopore PromethION	mmlong2	3432163	4	24.765635	44.98	96.79	2.62	2	23	d__Bacteria;p__Nitrospirota;c__Thermodesulfovibrionia;o__Thermodesulfovibrionales;f__SM23-35;g__UBA2194;s__Unclassified	d__Bacteria;p__Nitrospirota;c__Thermodesulfovibrionia;o__Thermodesulfovibrionales;f__Estvadiaceae;g__Estvadius;s__Estvadius lacustris	d__Bacteria;p__Nitrospirota;c__Thermodesulfovibrionia;o__Incertae Sedis;f__Incertae Sedis;g__Incertae Sedis;s__uncultured bacterium	96.7	MFD01476	Denmark	8.826613964	56.50596583	Sediment	Freshwater	"Lake, Dystrophic"
MFD01476.bin.1.65	Y	Lemicola	propinquus	N.L.	masch.	Microbe found nearby Lem	A species related to but distinct from the existing species	Formerly ''Fen-1308'' in GTDB R220	Formerly ''uncultured bacterium'' in Silva 138.2	GTDB marker genes and 16S rRNA	GCA_963727805.1	Oxford Nanopore PromethION	mmlong2	3893517	5	72.68907	47.62	100	1.22	3	23	d__Bacteria;p__Nitrospirota;c__Thermodesulfovibrionia;o__Thermodesulfovibrionales;f__Dissulfurispiraceae;g__Fen-1308;s__Unclassified	d__Bacteria;p__Nitrospirota;c__Thermodesulfovibrionia;o__Thermodesulfovibrionales;f__Dissulfurispiraceae;g__Lemicola;s__Lemicola propinquus	d__Bacteria;p__Nitrospirota;c__Thermodesulfovibrionia;o__Incertae Sedis;f__Incertae Sedis;g__Incertae Sedis;s__uncultured bacterium	99.9	MFD01476	Denmark	8.826613964	56.50596583	Sediment	Freshwater	"Lake, Dystrophic"
MFD01476.bin.1.234	Y	Rydeaba	lacustris	N.L.	fem.	Microbe found nearby Ryde	A species found in a lake	Formerly ''JADFXI01'' in GTDB R220	sp. nov.	GTDB marker genes and 16S rRNA	GCA_963790025.1	Oxford Nanopore PromethION	mmlong2	3450977	5	41.2281	47.43	98.81	1.22	2	23	d__Bacteria;p__Nitrospirota;c__Thermodesulfovibrionia;o__Thermodesulfovibrionales;f__Dissulfurispiraceae;g__JADFXI01;s__Unclassified	d__Bacteria;p__Nitrospirota;c__Thermodesulfovibrionia;o__Thermodesulfovibrionales;f__Dissulfurispiraceae;g__Rydeaba;s__Rydeaba lacustris	d__Bacteria;p__Nitrospirota;c__Thermodesulfovibrionia;o__Incertae Sedis;f__Incertae Sedis;g__Incertae Sedis;s__uncultured bacterium	97.3	MFD01476	Denmark	8.826613964	56.50596583	Sediment	Freshwater	"Lake, Dystrophic"
MFD05684.bin.1.376	Y	Hjertingimen	septentrionale	N.L.	neut.	Microbe found nearby Hjerting	A species from the north	Formerly ''SLFE01'' in GTDB R220	sp. nov.	GTDB marker genes and 16S rRNA	GCA_963771045.1	Oxford Nanopore PromethION	mmlong2	2569472	5	15.43251	44.65	90.56	2.09	2	22	d__Bacteria;p__Chlamydiota;c__Chlamydiia;o__Chlamydiales;f__SLFE01;g__SLFE01;s__Unclassified	d__Bacteria;p__Chlamydiota;c__Chlamydiia;o__Chlamydiales;f__Hjertingimenaceae;g__Hjertingimen;s__Hjertingimen septentrionale	d__Bacteria;p__Chlamydiota;c__Chlamydiia;o__Chlamydiales;f__Criblamydiaceae;g__Incertae Sedis;s__metagenome	93.5	MFD05684	Denmark	8.2638	55.5312	Soil	Coastal	Salicornia mud
MFD01476.bin.1.150	Y	Handbjergiaba	lacustris	N.L.	fem.	Microbe found nearby Handbjerg	A species found in a lake	Formerly ''Fen-1298'' in GTDB R220	sp. nov.	GTDB marker genes and 16S rRNA	GCA_963833465.1	Oxford Nanopore PromethION	mmlong2	3176676	6	35.32642	39.03	99.8	0.01	1	22	d__Bacteria;p__Bacteroidota;c__UBA10030;o__UBA10030;f__UBA10030;g__Fen-1298;s__Unclassified	d__Bacteria;p__Bacteroidota;c__Skagenicolia;o__Skagenicolales;f__Holboelimenaceae;g__Handbjergiaba;s__Handbjergiaba lacustris	d__Bacteria;p__Candidatus Kryptonia;c__Kryptonia;o__Kryptoniales;f__BSV26;g__Incertae Sedis;s__uncultured bacterium	98.2	MFD01476	Denmark	8.826613964	56.50596583	Sediment	Freshwater	"Lake, Dystrophic"
MFD05684.bin.1.402	Y	Oksbysoma	oricum	N.L.	neut.	Microbe found nearby Oksby	A species found in the coast	Formerly ''SZUA-521'' in GTDB R220	sp. nov.	GTDB marker genes and 16S rRNA	GCA_963812255.1	Oxford Nanopore PromethION	mmlong2	5010612	8	32.47262	61.32	97.35	2	1	23	d__Bacteria;p__Pseudomonadota;c__Gammaproteobacteria;o__Pseudomonadales;f__Azotimanducaceae_A;g__SZUA-521;s__Unclassified	d__Bacteria;p__Pseudomonadota;c__Gammaproteobacteria;o__Pseudomonadales;f__Azotimanducaceae_A;g__Oksbysoma;s__Oksbysoma oricum	d__Bacteria;p__Pseudomonadota;c__Gammaproteobacteria;o__Pseudomonadales;f__Incertae Sedis;g__Incertae Sedis;s__uncultured bacterium	96.9	MFD05684	Denmark	8.2638	55.5312	Soil	Coastal	Salicornia mud
MFD05684.bin.1.89	Y	Billumimonas	ripica	N.L.	fem.	Microbe found nearby Billum	A species found in the coast	Formerly ''JAGQGZ01'' in GTDB R220	sp. nov.	GTDB marker genes and 16S rRNA	GCA_963774435.1	Oxford Nanopore PromethION	mmlong2	3388157	8	32.45374	64.5	95	2.02	1	23	d__Bacteria;p__Chloroflexota;c__Dehalococcoidia;o__Tepidiformales;f__Tepidiformaceae;g__JAGQGZ01;s__Unclassified	d__Bacteria;p__Chloroflexota;c__Dehalococcoidia;o__Tepidiformales;f__Tepidiformaceae;g__Billumimonas;s__Billumimonas ripica	d__Bacteria;p__Chloroflexota;c__OLB14;o__Incertae Sedis;f__Incertae Sedis;g__Incertae Sedis;s__uncultured bacterium	98.2	MFD05684	Denmark	8.2638	55.5312	Soil	Coastal	Salicornia mud
MFD05684.bin.1.65	Y	Saeddingium	ripicum	N.L.	neut.	Microbe found nearby Saedding	A species found in the coast	Formerly ''JASGTU01'' in GTDB R220	sp. nov.	GTDB marker genes and 16S rRNA	GCA_963821815.1	Oxford Nanopore PromethION	mmlong2	5380945	8	30.94228	54.94	98.66	4.09	2	23	d__Bacteria;p__Chloroflexota;c__Anaerolineae;o__Caldilineales;f__Caldilineaceae;g__JASGTU01;s__Unclassified	d__Bacteria;p__Chloroflexota;c__Anaerolineae;o__Caldilineales;f__Caldilineaceae;g__Saeddingium;s__Saeddingium ripicum	d__Bacteria;p__Chloroflexota;c__Anaerolineae;o__Caldilineales;f__Caldilineaceae;g__Incertae Sedis;s__uncultured Chloroflexi bacterium	95.2	MFD05684	Denmark	8.2638	55.5312	Soil	Coastal	Salicornia mud
MFD05684.bin.1.87	Y	Gjesingiaba	affinis	N.L.	fem.	Microbe found nearby Gjesing	A species related to but distinct from the existing species	Formerly ''RBG-16-34-14'' in GTDB R220	sp. nov.	GTDB marker genes and 16S rRNA	GCA_963727535.1	Oxford Nanopore PromethION	mmlong2	4157321	8	27.11787	34.86	100	1.23	1	22	d__Bacteria;p__Bacteroidota;c__Ignavibacteria;o__Ignavibacteriales;f__Ignavibacteriaceae;g__RBG-16-34-14;s__Unclassified	d__Bacteria;p__Bacteroidota;c__Ignavibacteria;o__Ignavibacteriales;f__Ignavibacteriaceae;g__Gjesingiaba;s__Gjesingiaba affinis	d__Bacteria;p__Ignavibacteriota;c__Ignavibacteria;o__Ignavibacteriales;f__PHOS-HE36;g__Incertae Sedis;s__uncultured bacterium	96.4	MFD05684	Denmark	8.2638	55.5312	Soil	Coastal	Salicornia mud
MFD05684.bin.1.310	Y	Treenighedsiaba	orica	N.L.	fem.	Microbe found nearby Treenigheds	A species found in the coast	Formerly ''SZUA-36'' in GTDB R220	Formerly ''uncultured bacterium'' in Silva 138.2	GTDB marker genes and 16S rRNA	GCA_963801195.1	Oxford Nanopore PromethION	mmlong2	4613272	8	16.93596	54.84	96.83	0.87	1	22	d__Bacteria;p__Pseudomonadota;c__Gammaproteobacteria;o__Xanthomonadales;f__SZUA-36;g__SZUA-36;s__Unclassified	d__Bacteria;p__Pseudomonadota;c__Gammaproteobacteria;o__Xanthomonadales;f__Treenighedsiabaceae;g__Treenighedsiaba;s__Treenighedsiaba orica	d__Bacteria;p__Pseudomonadota;c__Gammaproteobacteria;o__Gammaproteobacteria Incertae Sedis;f__Unknown Family;g__Incertae Sedis;s__uncultured bacterium	98.7	MFD05684	Denmark	8.2638	55.5312	Soil	Coastal	Salicornia mud
MFD05684.bin.1.347	Y	Zionsivita	litoralis	N.L.	fem.	Microbe found nearby Zions	A species found in the coast	Formerly ''JAOZPE01'' in GTDB R220	sp. nov.	GTDB marker genes and 16S rRNA	GCA_963764625.1	Oxford Nanopore PromethION	mmlong2	3566213	9	25.35926	62.02	96.37	1.01	2	23	d__Bacteria;p__Krumholzibacteriota;c__Krumholzibacteria;o__JAJRXK01;f__JAJRXK01;g__JAOZPE01;s__Unclassified	d__Bacteria;p__Krumholzibacteriota;c__Krumholzibacteria;o__Zionsivitales;f__Zionsivitaceae;g__Zionsivita;s__Zionsivita litoralis	d__Bacteria;p__Latescibacterota;c__Incertae Sedis;o__Incertae Sedis;f__Incertae Sedis;g__Incertae Sedis;s__uncultured bacterium	91.7	MFD05684	Denmark	8.2638	55.5312	Soil	Coastal	Salicornia mud
MFD05684.bin.1.387	Y	Esbjergiana	borealis	N.L.	fem.	Microbe found nearby Esbjerg	A species from the north	Formerly ''JALLOG01'' in GTDB R220	sp. nov.	GTDB marker genes and 16S rRNA	GCA_963805855.1	Oxford Nanopore PromethION	mmlong2	3114175	9	13.82189	43.52	93.84	0.79	1	22	d__Bacteria;p__Desulfobacterota_D;c__UBA1144;o__UBA2774;f__CSP1-2;g__JALLOG01;s__Unclassified	d__Bacteria;p__Desulfobacterota_D;c__UBA1144;o__Rungstedianales;f__Esbjergianaceae;g__Esbjergiana;s__Esbjergiana borealis	d__Bacteria;p__Dadabacteria;c__Dadabacteriia;o__Dadabacteriales;f__Incertae Sedis;g__CSP1-2;s__uncultured candidate division SBR1093 bacterium	98.5	MFD05684	Denmark	8.2638	55.5312	Soil	Coastal	Salicornia mud
MFD01476.bin.1.191	Y	Hvidbjergius	lacustris	N.L.	masch.	Microbe found nearby Hvidbjerg	A species found in a lake	Formerly ''Fen-1245'' in GTDB R220	Formerly ''uncultured bacterium'' in Silva 138.2	GTDB marker genes and 16S rRNA	GCA_963812035.1	Oxford Nanopore PromethION	mmlong2	3311202	10	38.628437	69.89	100	0.75	1	23	d__Bacteria;p__Gemmatimonadota;c__Gemmatimonadetes;o__Gemmatimonadales;f__JACORV01;g__Fen-1245;s__Unclassified	d__Bacteria;p__Gemmatimonadota;c__Gemmatimonadetes;o__Gemmatimonadales;f__Hvidbjergiaceae;g__Hvidbjergius;s__Hvidbjergius lacustris	d__Bacteria;p__Gemmatimonadota;c__Gemmatimonadia;o__Gemmatimonadales;f__Gemmatimonadaceae;g__Incertae Sedis;s__uncultured bacterium	99.2	MFD01476	Denmark	8.826613964	56.50596583	Sediment	Freshwater	"Lake, Dystrophic"
MFD05684.bin.1.351	Y	Kvaglundium	oricum	N.L.	neut.	Microbe found nearby Kvaglund	A species found in the coast	Formerly ''JASHVB01'' in GTDB R220	sp. nov.	GTDB marker genes and 16S rRNA	GCA_963721065.1	Oxford Nanopore PromethION	mmlong2	6227216	10	26.70925	68	95.39	1.77	1	23	d__Bacteria;p__Pseudomonadota;c__Alphaproteobacteria;o__Acetobacterales;f__Acetobacteraceae;g__JASHVB01;s__Unclassified	d__Bacteria;p__Pseudomonadota;c__Alphaproteobacteria;o__Acetobacterales;f__Acetobacteraceae;g__Kvaglundium;s__Kvaglundium oricum	d__Bacteria;p__Pseudomonadota;c__Alphaproteobacteria;o__Acetobacterales;f__Acetobacteraceae;g__Incertae Sedis;s__uncultured soil bacterium	97.2	MFD05684	Denmark	8.2638	55.5312	Soil	Coastal	Salicornia mud
MFD05684.bin.3.152	Y	Hjertingisoma	contiguum	N.L.	neut.	Microbe found nearby Hjerting	A species related to but distinct from the existing species	Formerly ''CAMPKL01'' in GTDB R220	Formerly ''uncultured Acidobacteria bacterium'' in Silva 138.2	GTDB marker genes and 16S rRNA	GCA_963805925.1	Oxford Nanopore PromethION	mmlong2	5046467	10	19.78099	61.05	96.63	1.74	1	22	d__Bacteria;p__Acidobacteriota;c__Terriglobia;o__Bryobacterales;f__UBA6623;g__CAMPKL01;s__Unclassified	d__Bacteria;p__Acidobacteriota;c__Terriglobia;o__Bryobacterales;f__Hjertingisomataceae;g__Hjertingisoma;s__Hjertingisoma contiguum	d__Bacteria;p__Acidobacteriota;c__Acidobacteriae;o__PAUC26f;f__Incertae Sedis;g__Incertae Sedis;s__uncultured Acidobacteria bacterium	99.4	MFD05684	Denmark	8.2638	55.5312	Soil	Coastal	Salicornia mud
MFD01476.bin.1.25	Y	Ramsingimen	lacustre	N.L.	neut.	Microbe found nearby Ramsing	A species found in a lake	Formerly ''CAIOTC01'' in GTDB R220	sp. nov.	GTDB marker genes and 16S rRNA	GCA_963727715.1	Oxford Nanopore PromethION	mmlong2	754935	10	11.869485	42.09	93.69	3.22	2	18	d__Bacteria;p__Patescibacteria;c__Paceibacteria;o__UBA9973;f__Zambryskibacteraceae;g__CAIOTC01;s__Unclassified	d__Bacteria;p__Patescibacteria;c__Paceibacteria;o__UBA9973;f__Zambryskibacteraceae;g__Ramsingimen;s__Ramsingimen lacustre	d__Bacteria;p__Patescibacteria;c__Parcubacteria;o__Candidatus Zambryskibacteria;f__Incertae Sedis;g__Incertae Sedis;s__Parcubacteria group bacterium GW2011_GWE2_42_14	86.9	MFD01476	Denmark	8.826613964	56.50596583	Sediment	Freshwater	"Lake, Dystrophic"
MFD09964.bin.1.74	Y	Dommerbymen	vicinum	N.L.	neut.	Microbe found nearby Dommerby	A species related to but distinct from the existing species	Formerly ''VGXI01'' in GTDB R220	sp. nov.	GTDB marker genes and 16S rRNA	GCA_963695095.1	Oxford Nanopore PromethION	mmlong2	3639475	2	30.58185	70.47	93.53	0.39	1	23	d__Bacteria;p__Krumholzibacteriota;c__Krumholzibacteria;o__JACNKJ01;f__JACNKJ01;g__VGXI01;s__Unclassified	d__Bacteria;p__Krumholzibacteriota;c__Krumholzibacteria;o__Dommerbymenales;f__Dommerbymenaceae;g__Dommerbymen;s__Dommerbymen vicinum	d__Bacteria;p__Latescibacterota;c__Latescibacteria;o__Latescibacterales;f__Latescibacteraceae;g__Incertae Sedis;s__uncultured bacterium	98.6	MFD09964	Denmark	9.0763	56.5565	Sediment	Saltwater	Fjords
MFD09964.bin.1.240	Y	Skivemorpha	propinqua	N.L.	fem.	Microbe found nearby Skive	A species related to but distinct from the existing species	Formerly ''UBA5189'' in GTDB R220	Formerly ''uncultured bacterium'' in Silva 138.2	GTDB marker genes and 16S rRNA	GCA_963697415.1	Oxford Nanopore PromethION	mmlong2	2626249	3	41.02455	69.34	90.94	1.68	1	22	d__Bacteria;p__Chloroflexota;c__Limnocylindria;o__Limnocylindrales;f__CSP1-4;g__UBA5189;s__Unclassified	d__Bacteria;p__Chloroflexota;c__Limnocylindria;o__Limnocylindrales;f__Klitmollerisomataceae;g__Skivemorpha;s__Skivemorpha propinqua	d__Bacteria;p__Chloroflexota;c__KD4-96;o__Incertae Sedis;f__Incertae Sedis;g__Incertae Sedis;s__uncultured bacterium	99.4	MFD09964	Denmark	9.0763	56.5565	Sediment	Saltwater	Fjords
MFD09964.bin.1.200	Y	Kobberupiella	danica	N.L.	fem.	Microbe found nearby Kobberup	A species from Denmark	Formerly ''FEB-7'' in GTDB R220	Formerly ''metagenome'' in Silva 138.2	GTDB marker genes and 16S rRNA	GCA_963698265.1	Oxford Nanopore PromethION	mmlong2	3541855	5	38.64963	68.79	99.37	0	3	22	d__Bacteria;p__Pseudomonadota;c__Gammaproteobacteria;o__Burkholderiales;f__Usitatibacteraceae;g__FEB-7;s__Unclassified	d__Bacteria;p__Pseudomonadota;c__Gammaproteobacteria;o__Burkholderiales;f__Usitatibacteraceae;g__Kobberupiella;s__Kobberupiella danica	d__Bacteria;p__Pseudomonadota;c__Gammaproteobacteria;o__Burkholderiales;f__Nitrosomonadaceae;g__Ellin6067;s__metagenome	99.5	MFD09964	Denmark	9.0763	56.5565	Sediment	Saltwater	Fjords
MFD09964.bin.1.182	Y	Hoejslevicola	scandius	N.L.	masch.	Microbe found nearby Hoejslev	A species from Scandinavia	Formerly ''B10-G9'' in GTDB R220	Formerly ''uncultured bacterium'' in Silva 138.2	GTDB marker genes and 16S rRNA	GCA_963712165.1	Oxford Nanopore PromethION	mmlong2	2975716	5	28.87884	49.76	96.61	0.6	1	23	d__Bacteria;p__Chloroflexota;c__Anaerolineae;o__Anaerolineales;f__UBA11858;g__B10-G9;s__Unclassified	d__Bacteria;p__Chloroflexota;c__Anaerolineae;o__Anaerolineales;f__Hoejslevicolaceae;g__Hoejslevicola;s__Hoejslevicola scandius	d__Bacteria;p__Chloroflexota;c__Anaerolineae;o__Anaerolineales;f__Anaerolineaceae;g__Incertae Sedis;s__uncultured bacterium	98.7	MFD09964	Denmark	9.0763	56.5565	Sediment	Saltwater	Fjords
MFD09964.bin.1.317	Y	Reseniella	sediminis	N.L.	fem.	Microbe found nearby Resen	A species found in sediments	Formerly ''67-14'' in GTDB R220	Formerly ''uncultured bacterium'' in Silva 138.2	GTDB marker genes and 16S rRNA	GCA_963717235.1	Oxford Nanopore PromethION	mmlong2	2197486	6	90.58129	66.71	95.14	0.75	1	22	d__Bacteria;p__Actinomycetota;c__Thermoleophilia;o__Solirubrobacterales;f__70-9;g__67-14;s__Unclassified	d__Bacteria;p__Actinomycetota;c__Thermoleophilia;o__Solirubrobacterales;f__Maglebybacteriaceae;g__Reseniella;s__Reseniella sediminis	d__Bacteria;p__Actinomycetota;c__Thermoleophilia;o__Solirubrobacterales;f__67-14;g__Incertae Sedis;s__uncultured bacterium	98.9	MFD09964	Denmark	9.0763	56.5565	Sediment	Saltwater	Fjords
MFD09964.bin.1.362	Y	Egerisiella	europaea	N.L.	fem.	Microbe found nearby Egeris	A species from Europe	Formerly ''SPDF01'' in GTDB R220	Formerly ''uncultured soil bacterium'' in Silva 138.2	GTDB marker genes and 16S rRNA	GCA_963705985.1	Oxford Nanopore PromethION	mmlong2	2894461	6	32.54882	68.22	95.7	0.24	1	23	d__Bacteria;p__Gemmatimonadota;c__Gemmatimonadetes;o__Gemmatimonadales;f__GWC2-71-9;g__SPDF01;s__Unclassified	d__Bacteria;p__Gemmatimonadota;c__Gemmatimonadetes;o__Gemmatimonadales;f__Siemiabaceae;g__Egerisiella;s__Egerisiella europaea	d__Bacteria;p__Gemmatimonadota;c__Gemmatimonadia;o__Gemmatimonadales;f__Gemmatimonadaceae;g__Incertae Sedis;s__uncultured soil bacterium	99.5	MFD09964	Denmark	9.0763	56.5565	Sediment	Saltwater	Fjords
MFD09964.bin.1.275	Y	Flybacter	sediminis	N.L.	masch.	Microbe found nearby Fly	A species found in sediments	Formerly ''W260'' in GTDB R220	sp. nov.	GTDB marker genes and 16S rRNA	GCA_963695135.1	Oxford Nanopore PromethION	mmlong2	3163352	6	30.84822	63.42	91.9	1.49	2	22	d__Bacteria;p__Pseudomonadota;c__Gammaproteobacteria;o__Xanthomonadales;f__SZUA-36;g__W260;s__Unclassified	d__Bacteria;p__Pseudomonadota;c__Gammaproteobacteria;o__Xanthomonadales;f__Treenighedsiabaceae;g__Flybacter;s__Flybacter sediminis	d__Bacteria;p__Pseudomonadota;c__Gammaproteobacteria;o__Gammaproteobacteria Incertae Sedis;f__Unknown Family;g__Incertae Sedis;s__uncultured gamma proteobacterium	97.5	MFD09964	Denmark	9.0763	56.5565	Sediment	Saltwater	Fjords
MFD09964.bin.1.174	Y	Hemiaba	contigua	N.L.	fem.	Microbe found nearby Hem	A species related to but distinct from the existing species	Formerly ''JAHEEL01'' in GTDB R220	sp. nov.	GTDB marker genes and 16S rRNA	GCA_963700375.1	Oxford Nanopore PromethION	mmlong2	3115082	7	35.89527	64.58	96.54	0.62	1	23	d__Bacteria;p__Actinomycetota;c__Acidimicrobiia;o__UBA5794;f__UBA5794;g__JAHEEL01;s__Unclassified	d__Bacteria;p__Actinomycetota;c__Acidimicrobiia;o__UBA5794;f__Tilstibacteriaceae;g__Hemiaba;s__Hemiaba contigua	d__Bacteria;p__Actinomycetota;c__Acidimicrobiia;o__Actinomarinales;f__Incertae Sedis;g__Incertae Sedis;s__uncultured actinobacterium	98.5	MFD09964	Denmark	9.0763	56.5565	Sediment	Saltwater	Fjords
MFD09964.bin.1.29	Y	Doelbyus	sediminis	N.L.	masch.	Microbe found nearby Doelby	A species found in sediments	Formerly ''SG8-30'' in GTDB R220	sp. nov.	GTDB marker genes and 16S rRNA	GCA_963695155.1	Oxford Nanopore PromethION	mmlong2	2571327	8	50.85141	69.87	95.25	1.9	1	22	d__Bacteria;p__Pseudomonadota;c__Gammaproteobacteria;o__Steroidobacterales;f__Steroidobacteraceae;g__SG8-30;s__Unclassified	d__Bacteria;p__Pseudomonadota;c__Gammaproteobacteria;o__Steroidobacterales;f__Steroidobacteraceae;g__Doelbyus;s__Doelbyus sediminis	d__Bacteria;p__Pseudomonadota;c__Gammaproteobacteria;o__PLTA13;f__Incertae Sedis;g__Incertae Sedis;s__uncultured bacterium	96.3	MFD09964	Denmark	9.0763	56.5565	Sediment	Saltwater	Fjords
MFD09964.bin.1.93	Y	Iglsoevivens	nordicus	N.L.	masch.	Microbe found nearby Iglsoe	A species from the Nordic region	Formerly ''CAMYOC01'' in GTDB R220	Formerly ''uncultured gamma proteobacterium'' in Silva 138.2	GTDB marker genes and 16S rRNA	GCA_963704875.1	Oxford Nanopore PromethION	mmlong2	3606830	8	31.92055	60.51	100	0.66	1	22	d__Bacteria;p__Pseudomonadota;c__Gammaproteobacteria;o__XN24;f__XN24;g__CAMYOC01;s__Unclassified	d__Bacteria;p__Pseudomonadota;c__Gammaproteobacteria;o__Iglsoeviventales;f__Iglsoeviventaceae;g__Iglsoevivens;s__Iglsoevivens nordicus	d__Bacteria;p__Pseudomonadota;c__Gammaproteobacteria;o__D90;f__Incertae Sedis;g__Incertae Sedis;s__uncultured gamma proteobacterium	98.9	MFD09964	Denmark	9.0763	56.5565	Sediment	Saltwater	Fjords
MFD09964.bin.1.235	Y	Oerumisoma	septentrionale	N.L.	neut.	Microbe found nearby Oerum	A species from the north	Formerly ''UBA4744'' in GTDB R220	Formerly ''uncultured bacterium'' in Silva 138.2	GTDB marker genes and 16S rRNA	GCA_963707435.1	Oxford Nanopore PromethION	mmlong2	3203909	8	28.19954	64.11	95.89	3.06	1	22	d__Bacteria;p__Actinomycetota;c__Acidimicrobiia;o__UBA5794;f__UBA4744;g__UBA4744;s__Unclassified	d__Bacteria;p__Actinomycetota;c__Acidimicrobiia;o__UBA5794;f__Oerumisomataceae;g__Oerumisoma;s__Oerumisoma septentrionale	d__Bacteria;p__Actinomycetota;c__Acidimicrobiia;o__Actinomarinales;f__Incertae Sedis;g__Incertae Sedis;s__uncultured bacterium	99.3	MFD09964	Denmark	9.0763	56.5565	Sediment	Saltwater	Fjords
MFD09964.bin.1.292	Y	Stoholmivita	danica	N.L.	fem.	Microbe found nearby Stoholm	A species from Denmark	Formerly ''UBA5794'' in GTDB R220	Formerly ''uncultured bacterium'' in Silva 138.2	GTDB marker genes and 16S rRNA	GCA_963714375.1	Oxford Nanopore PromethION	mmlong2	2477017	9	81.31101	59.38	99.55	0.49	1	23	d__Bacteria;p__Actinomycetota;c__Acidimicrobiia;o__UBA5794;f__UBA5794;g__UBA5794;s__Unclassified	d__Bacteria;p__Actinomycetota;c__Acidimicrobiia;o__UBA5794;f__Tilstibacteriaceae;g__Stoholmivita;s__Stoholmivita danica	d__Bacteria;p__Actinomycetota;c__Acidimicrobiia;o__Actinomarinales;f__Incertae Sedis;g__Incertae Sedis;s__uncultured bacterium	99.5	MFD09964	Denmark	9.0763	56.5565	Sediment	Saltwater	Fjords
MFD09964.bin.1.77	Y	Lundoebacter	sediminis	N.L.	masch.	Microbe found nearby Lundoe	A species found in sediments	Formerly ''SZUA-544'' in GTDB R220	sp. nov.	GTDB marker genes and 16S rRNA	GCA_963716055.1	Oxford Nanopore PromethION	mmlong2	3592680	9	26.96722	71.14	94.48	1.7	1	23	d__Bacteria;p__Gemmatimonadota;c__Gemmatimonadetes;o__Gemmatimonadales;f__GWC2-71-9;g__SZUA-544;s__Unclassified	d__Bacteria;p__Gemmatimonadota;c__Gemmatimonadetes;o__Gemmatimonadales;f__Siemiabaceae;g__Lundoebacter;s__Lundoebacter sediminis	d__Bacteria;p__Gemmatimonadota;c__Gemmatimonadia;o__Gemmatimonadales;f__Gemmatimonadaceae;g__Incertae Sedis;s__uncultured bacterium	96.4	MFD09964	Denmark	9.0763	56.5565	Sediment	Saltwater	Fjords
MFD09964.bin.1.280	Y	Lybyana	borealis	N.L.	fem.	Microbe found nearby Lyby	A species from the north	Formerly ''GCA-020346225'' in GTDB R220	sp. nov.	GTDB marker genes and 16S rRNA	GCA_963707365.1	Oxford Nanopore PromethION	mmlong2	3340221	9	18.68254	51.43	97.47	3.12	1	22	d__Bacteria;p__Zixibacteria;c__MSB-5A5;o__GN15;f__FEB-12;g__GCA-020346225;s__Unclassified	d__Bacteria;p__Zixibacteria;c__Loejtimicrobiia;o__Guldagerisomatales;f__Guldagerisomataceae;g__Lybyana;s__Lybyana borealis	d__Bacteria;p__Zixibacteria;c__Incertae Sedis;o__Incertae Sedis;f__Incertae Sedis;g__Incertae Sedis;s__uncultured bacterium	95	MFD09964	Denmark	9.0763	56.5565	Sediment	Saltwater	Fjords
MFD09964.bin.1.3	Y	Groenningimen	boreale	N.L.	neut.	Microbe found nearby Groenning	A species from the north	Formerly ''PHOS-HE28'' in GTDB R220	Formerly ''metagenome'' in Silva 138.2	GTDB marker genes and 16S rRNA	GCA_963706125.1	Oxford Nanopore PromethION	mmlong2	3906641	10	20.18949	59.6	97.87	1.14	1	22	d__Bacteria;p__Bacteroidota;c__Bacteroidia;o__Flavobacteriales;f__PHOS-HE28;g__PHOS-HE28;s__Unclassified	d__Bacteria;p__Bacteroidota;c__Bacteroidia;o__Flavobacteriales;f__Groenningimenaceae;g__Groenningimen;s__Groenningimen boreale	d__Bacteria;p__Bacteroidota;c__Bacteroidia;o__Flavobacteriales;f__NS9 marine group;g__Incertae Sedis;s__metagenome	99.3	MFD09964	Denmark	9.0763	56.5565	Sediment	Saltwater	Fjords
MFD02416.bin.c.20	Y	Blaereum	oricum	N.L.	neut.	Microbe found nearby Blaere	A species found in the coast	Formerly ''PALSA-1335'' in GTDB R220	sp. nov.	GTDB marker genes and 16S rRNA	GCA_963708185.1	Oxford Nanopore PromethION	mmlong2	1437033	1	64.52669	49.78	99.04	2.24	1	21	d__Bacteria;p__Patescibacteria;c__Gracilibacteria;o__UBA1369;f__UBA1369;g__PALSA-1335;s__Unclassified	d__Bacteria;p__Patescibacteria;c__Gracilibacteria;o__Blaereales;f__Blaereaceae;g__Blaereum;s__Blaereum oricum	d__Bacteria;p__Patescibacteria;c__Gracilibacteria;o__Candidatus Peregrinibacteria;f__Incertae Sedis;g__Incertae Sedis;s__uncultured bacterium	91.7	MFD02416	Denmark	9.5553	56.8577	Soil	Coastal	Inland salt meadows
MFD02416.bin.c.2	Y	Skivumivita	orica	N.L.	fem.	Microbe found nearby Skivum	A species found in the coast	Formerly ''JAUVDZ01'' in GTDB R220	sp. nov.	GTDB marker genes and 16S rRNA	GCA_963704705.1	Oxford Nanopore PromethION	mmlong2	1374545	1	39.917027	35.53	99.37	0.96	1	22	d__Bacteria;p__Patescibacteria;c__Gracilibacteria;o__UBA1369;f__PNNO01;g__JAUVDZ01;s__Unclassified	d__Bacteria;p__Patescibacteria;c__Gracilibacteria;o__Blaereales;f__Skivumivitaceae;g__Skivumivita;s__Skivumivita orica	d__Bacteria;p__Patescibacteria;c__Gracilibacteria;o__Candidatus Peregrinibacteria;f__Incertae Sedis;g__Incertae Sedis;s__uncultured organism	96.6	MFD02416	Denmark	9.5553	56.8577	Soil	Coastal	Inland salt meadows
MFD05942.bin.c.2	Y	Brorstrupimen	vicinum	N.L.	neut.	Microbe found nearby Brorstrup	A species related to but distinct from the existing species	Formerly ''JANYAK01'' in GTDB R220	sp. nov.	GTDB marker genes and 16S rRNA	GCA_963695385.1	Oxford Nanopore PromethION	mmlong2	2668373	1	31.00284	66.5	92.04	1.62	1	23	d__Bacteria;p__Actinomycetota;c__Coriobacteriia;o__Anaerosomatales;f__PALSA-660;g__JANYAK01;s__Unclassified	d__Bacteria;p__Actinomycetota;c__Coriobacteriia;o__Anaerosomatales;f__Brorstrupimenaceae;g__Brorstrupimen;s__Brorstrupimen vicinum	d__Bacteria;p__Actinomycetota;c__Coriobacteriia;o__OPB41;f__Incertae Sedis;g__Incertae Sedis;s__uncultured bacterium	97.6	MFD05942	Denmark	9.6177	56.7771	Soil	Fields	"Poales, grass"
MFD05942.bin.1.84	Y	Tistedium	terreus	N.L.	neut.	Microbe found nearby Kongens Tisted	A species found in soil	Formerly ''JAGONM01'' in GTDB R220	sp. nov.	GTDB marker genes and 16S rRNA	GCA_963717145.1	Oxford Nanopore PromethION	mmlong2	5366867	1	24.09115	60.64	98.18	4.85	1	23	d__Bacteria;p__Armatimonadota;c__UBA5829;o__DTJY01;f__DTJY01;g__JAGONM01;s__Unclassified	d__Bacteria;p__Armatimonadota;c__Tistediia;o__Tistediales;f__Tistediaceae;g__Tistedium;s__Tistedium terreus	d__Bacteria;p__Armatimonadota;c__Incertae Sedis;o__Incertae Sedis;f__Incertae Sedis;g__Incertae Sedis;s__uncultured bacterium	95.8	MFD05942	Denmark	9.6177	56.7771	Soil	Fields	"Poales, grass"
MFD02416.bin.c.4	Y	Giverimen	litorale	N.L.	neut.	Microbe found nearby Giver	A species found in the coast	Formerly ''SZUA-46'' in GTDB R220	sp. nov.	GTDB marker genes and 16S rRNA	GCA_963718585.1	Oxford Nanopore PromethION	mmlong2	1084458	1	23.498003	57.9	100	0.16	1	21	d__Bacteria;p__Patescibacteria;c__ABY1;o__SG8-24;f__2-12-FULL-60-25;g__SZUA-46;s__Unclassified	d__Bacteria;p__Patescibacteria;c__ABY1;o__Adskageniabales;f__Adskageniabaceae;g__Giverimen;s__Giverimen litorale	d__Bacteria;p__Patescibacteria;c__ABY1;o__Candidatus Magasanikbacteria;f__Incertae Sedis;g__Incertae Sedis;s__uncultured bacterium	91.6	MFD02416	Denmark	9.5553	56.8577	Soil	Coastal	Inland salt meadows
MFD05942.bin.1.7	Y	Binderupimen	septentrionale	N.L.	neut.	Microbe found nearby Binderup	A species from the north	Formerly ''JAKQTR01'' in GTDB R220	Formerly ''uncultured soil bacterium'' in Silva 138.2	GTDB marker genes and 16S rRNA	GCA_963809475.1	Oxford Nanopore PromethION	mmlong2	4749427	2	41.10735	68.81	100	1.14	1	23	d__Bacteria;p__Acidobacteriota;c__Vicinamibacteria;o__Vicinamibacterales;f__JAKQTR01;g__JAKQTR01;s__Unclassified	d__Bacteria;p__Acidobacteriota;c__Vicinamibacteria;o__Vicinamibacterales;f__Binderupimenaceae;g__Binderupimen;s__Binderupimen septentrionale	d__Bacteria;p__Acidobacteriota;c__Vicinamibacteria;o__Vicinamibacterales;f__Incertae Sedis;g__Incertae Sedis;s__uncultured soil bacterium	99	MFD05942	Denmark	9.6177	56.7771	Soil	Fields	"Poales, grass"
MFD09779.bin.1.13	Y	Vicininissumicola	adiacens	N.L.	masch.	Microbe found nearby Soender Nissum	A species related to but distinct from the existing species	Formerly ''JADKAV01'' in GTDB R220	Formerly ''metagenome'' in Silva 138.2	GTDB marker genes and 16S rRNA	GCA_963769435.1	Oxford Nanopore PromethION	mmlong2	3263632	3	29.56188	67.09	96.13	1.04	1	22	d__Bacteria;p__Actinomycetota;c__Actinomycetes;o__S36-B12;f__UBA10799;g__JADKAV01;s__Unclassified	d__Bacteria;p__Actinomycetota;c__Actinomycetes;o__Vicininissumicolales;f__Vicininissumicolaceae;g__Vicininissumicola;s__Vicininissumicola adiacens	d__Bacteria;p__Actinomycetota;c__Actinobacteria;o__PeM15;f__Incertae Sedis;g__Incertae Sedis;s__metagenome	98.8	MFD09779	Denmark	8.1689	56.3361	Sediment	Saltwater	Fjords
MFD02416.bin.1.291	Y	Ejdrupibacter	litoralis	N.L.	masch.	Microbe found nearby Ejdrup	A species found in the coast	Formerly ''Fen-1039'' in GTDB R220	sp. nov.	GTDB marker genes and 16S rRNA	GCA_963789725.1	Oxford Nanopore PromethION	mmlong2	3389142	4	51.840878	67.94	95.66	1.1	1	21	d__Bacteria;p__Chloroflexota;c__Limnocylindria;o__Limnocylindrales;f__CSP1-4;g__Fen-1039;s__Unclassified	d__Bacteria;p__Chloroflexota;c__Limnocylindria;o__Limnocylindrales;f__Klitmollerisomataceae;g__Ejdrupibacter;s__Ejdrupibacter litoralis	d__Bacteria;p__Chloroflexota;c__KD4-96;o__Incertae Sedis;f__Incertae Sedis;g__Incertae Sedis;s__uncultured Anaerolineaceae bacterium	96.8	MFD02416	Denmark	9.5553	56.8577	Soil	Coastal	Inland salt meadows
MFD02416.bin.1.317	Y	Aarsiana	ripica	N.L.	fem.	Microbe found nearby Aars	A species found in the coast	Formerly ''JAFGPL01'' in GTDB R220	sp. nov.	GTDB marker genes and 16S rRNA	GCA_963781805.1	Oxford Nanopore PromethION	mmlong2	6309644	4	40.234283	36.66	98.4	1.44	1	22	d__Bacteria;p__Bacteroidota;c__Bacteroidia;o__Bacteroidales;f__UBA10428;g__JAFGPL01;s__Unclassified	d__Bacteria;p__Bacteroidota;c__Bacteroidia;o__Bacteroidales;f__Galtenibacteraceae;g__Aarsiana;s__Aarsiana ripica	d__Bacteria;p__Bacteroidota;c__Bacteroidia;o__Bacteroidales;f__SB-5;g__Incertae Sedis;s__uncultured bacterium	92.7	MFD02416	Denmark	9.5553	56.8577	Soil	Coastal	Inland salt meadows
MFD02416.bin.1.28	Y	Gunderstedicola	litoralis	N.L.	masch.	Microbe found nearby Gundersted	A species found in the coast	Formerly ''JADLGL01'' in GTDB R220	Formerly ''uncultured bacterium'' in Silva 138.2	GTDB marker genes and 16S rRNA	GCA_963732865.1	Oxford Nanopore PromethION	mmlong2	2555692	4	20.930483	64.4	98.31	0.39	1	22	d__Bacteria;p__Pseudomonadota;c__Alphaproteobacteria;o__Rhizobiales;f__Kaistiaceae;g__JADLGL01;s__Unclassified	d__Bacteria;p__Pseudomonadota;c__Alphaproteobacteria;o__Rhizobiales;f__Kaistiaceae;g__Gunderstedicola;s__Gunderstedicola litoralis	d__Bacteria;p__Pseudomonadota;c__Alphaproteobacteria;o__Incertae Sedis;f__Incertae Sedis;g__Incertae Sedis;s__uncultured bacterium	98.8	MFD02416	Denmark	9.5553	56.8577	Soil	Coastal	Inland salt meadows
MFD02416.bin.1.135	Y	Soenderupiella	orica	N.L.	fem.	Microbe found nearby Soenderup	A species found in the coast	Formerly ''WHTK01'' in GTDB R220	sp. nov.	GTDB marker genes and 16S rRNA	GCA_963711035.1	Oxford Nanopore PromethION	mmlong2	3112058	5	48.82561	65.27	96.31	0.38	1	23	d__Bacteria;p__Chloroflexota;c__Dehalococcoidia;o__DSTF01;f__WHTK01;g__WHTK01;s__Unclassified	d__Bacteria;p__Chloroflexota;c__Dehalococcoidia;o__Olgodiabales;f__Soenderupiellaceae;g__Soenderupiella;s__Soenderupiella orica	d__Bacteria;p__Chloroflexota;c__Dehalococcoidia;o__S085;f__Incertae Sedis;g__Incertae Sedis;s__metagenome	97.6	MFD02416	Denmark	9.5553	56.8577	Soil	Coastal	Inland salt meadows
MFD05942.bin.1.428	Y	Haversleviella	glebica	N.L.	fem.	Microbe found nearby Haverslev	A species found in soil	Formerly ''CAIYYT01'' in GTDB R220	sp. nov.	GTDB marker genes and 16S rRNA	GCA_963726455.1	Oxford Nanopore PromethION	mmlong2	3640030	5	30.67033	53.56	100	2.13	1	22	d__Bacteria;p__Zixibacteria;c__MSB-5A5;o__CAIYYT01;f__CAIYYT01;g__CAIYYT01;s__Unclassified	d__Bacteria;p__Zixibacteria;c__Loejtimicrobiia;o__Haversleviellales;f__Haversleviellaceae;g__Haversleviella;s__Haversleviella glebica	d__Bacteria;p__Zixibacteria;c__Incertae Sedis;o__Incertae Sedis;f__Incertae Sedis;g__Incertae Sedis;s__uncultured bacterium	92.6	MFD05942	Denmark	9.6177	56.7771	Soil	Fields	"Poales, grass"
MFD09779.bin.1.363	Y	Goerdingisoma	scandium	N.L.	neut.	Microbe found nearby Goerding	A species from Scandinavia	Formerly ''SZUA-442'' in GTDB R220	sp. nov.	GTDB marker genes and 16S rRNA	GCA_963792405.1	Oxford Nanopore PromethION	mmlong2	2886550	6	77.62067	67.64	95.88	0.2	1	23	d__Bacteria;p__Actinomycetota;c__Acidimicrobiia;o__UBA5794;f__UBA5794;g__SZUA-442;s__Unclassified	d__Bacteria;p__Actinomycetota;c__Acidimicrobiia;o__UBA5794;f__Tilstibacteriaceae;g__Goerdingisoma;s__Goerdingisoma scandium	d__Bacteria;p__Actinomycetota;c__Acidimicrobiia;o__Actinomarinales;f__Incertae Sedis;g__Incertae Sedis;s__uncultured bacterium	97.9	MFD09779	Denmark	8.1689	56.3361	Sediment	Saltwater	Fjords
MFD05942.bin.1.404	Y	Durupiaba	tellurica	N.L.	fem.	Microbe found nearby Durup	A species found in soil	Formerly ''JAGGTI01'' in GTDB R220	sp. nov.	GTDB marker genes and 16S rRNA	GCA_963735035.1	Oxford Nanopore PromethION	mmlong2	3614957	6	21.86406	55.48	96.93	0.93	1	23	d__Bacteria;p__Zixibacteria;c__MSB-5A5;o__GN15;f__FEB-12;g__JAGGTI01;s__Unclassified	d__Bacteria;p__Zixibacteria;c__Loejtimicrobiia;o__Guldagerisomatales;f__Guldagerisomataceae;g__Durupiaba;s__Durupiaba tellurica	d__Bacteria;p__Zixibacteria;c__Incertae Sedis;o__Incertae Sedis;f__Incertae Sedis;g__Incertae Sedis;s__uncultured bacterium	97.7	MFD05942	Denmark	9.6177	56.7771	Soil	Fields	"Poales, grass"
MFD02416.bin.1.328	Y	Veggerbysoma	telluricum	N.L.	neut.	Microbe found nearby Veggerby	A species found in soil	Formerly ''JANWHQ01'' in GTDB R220	sp. nov.	GTDB marker genes and 16S rRNA	GCA_963775275.1	Oxford Nanopore PromethION	mmlong2	4969884	6	21.050957	69.91	94.78	0.87	1	23	d__Bacteria;p__Pseudomonadota;c__Alphaproteobacteria;o__Caulobacterales;f__Caulobacteraceae;g__JANWHQ01;s__Unclassified	d__Bacteria;p__Pseudomonadota;c__Alphaproteobacteria;o__Caulobacterales;f__Caulobacteraceae;g__Veggerbysoma;s__Veggerbysoma telluricum	d__Bacteria;p__Pseudomonadota;c__Alphaproteobacteria;o__Caulobacterales;f__Caulobacteraceae;g__Incertae Sedis;s__uncultured Phenylobacterium sp.	98.5	MFD02416	Denmark	9.5553	56.8577	Soil	Coastal	Inland salt meadows
MFD05942.bin.1.336	Y	Gislumius	telluricus	N.L.	masch.	Microbe found nearby Gislum	A species found in soil	Formerly ''PALSA-660'' in GTDB R220	sp. nov.	GTDB marker genes and 16S rRNA	GCA_963726435.1	Oxford Nanopore PromethION	mmlong2	2005544	7	21.28334	67.37	91.89	2.13	2	23	d__Bacteria;p__Actinomycetota;c__Coriobacteriia;o__Anaerosomatales;f__PALSA-660;g__PALSA-660;s__Unclassified	d__Bacteria;p__Actinomycetota;c__Coriobacteriia;o__Anaerosomatales;f__Brorstrupimenaceae;g__Gislumius;s__Gislumius telluricus	d__Bacteria;p__Actinomycetota;c__Coriobacteriia;o__OPB41;f__Incertae Sedis;g__Incertae Sedis;s__uncultured bacterium	97.6	MFD05942	Denmark	9.6177	56.7771	Soil	Fields	"Poales, grass"
MFD09779.bin.1.366	Y	Neesibacter	contiguus	N.L.	masch.	Microbe found nearby Nees	A species related to but distinct from the existing species	Formerly ''UBA10649'' in GTDB R220	sp. nov.	GTDB marker genes and 16S rRNA	GCA_963749905.1	Oxford Nanopore PromethION	mmlong2	3279600	7	20.28662	69.58	92.47	0.51	1	22	d__Bacteria;p__Actinomycetota;c__Actinomycetes;o__S36-B12;f__S36-B12;g__UBA10649;s__Unclassified	d__Bacteria;p__Actinomycetota;c__Actinomycetes;o__Vicininissumicolales;f__Neesibacteraceae;g__Neesibacter;s__Neesibacter contiguus	d__Bacteria;p__Actinomycetota;c__Actinobacteria;o__PeM15;f__Incertae Sedis;g__Incertae Sedis;s__Actinomycetales bacterium GP-5	98	MFD09779	Denmark	8.1689	56.3361	Sediment	Saltwater	Fjords
MFD05942.bin.1.74	Y	Grynderupisoma	telluricum	N.L.	neut.	Microbe found nearby Grynderup	A species found in soil	Formerly ''Fen-1255'' in GTDB R220	Formerly ''uncultured Chlorobi bacterium'' in Silva 138.2	GTDB marker genes and 16S rRNA	GCA_963801355.1	Oxford Nanopore PromethION	mmlong2	4805319	8	51.87723	57.14	100	0.14	1	22	d__Bacteria;p__Bacteroidota;c__UBA10030;o__UBA10030;f__UBA6906;g__Fen-1255;s__Unclassified	d__Bacteria;p__Bacteroidota;c__Skagenicolia;o__Skagenicolales;f__Skagenicolaceae;g__Grynderupisoma;s__Grynderupisoma telluricum	d__Bacteria;p__Candidatus Kryptonia;c__Kryptonia;o__Kryptoniales;f__BSV26;g__Incertae Sedis;s__uncultured Chlorobi bacterium	98.7	MFD05942	Denmark	9.6177	56.7771	Soil	Fields	"Poales, grass"
MFD05942.bin.1.109	Y	Noragerisoma	telluricum	N.L.	neut.	Microbe found nearby Norager	A species found in soil	Formerly ''UBA6906'' in GTDB R220	Formerly ''uncultured bacterium'' in Silva 138.2	GTDB marker genes and 16S rRNA	GCA_963780165.1	Oxford Nanopore PromethION	mmlong2	4286482	8	27.86848	61.54	96.49	0.45	1	21	d__Bacteria;p__Bacteroidota;c__UBA10030;o__UBA10030;f__UBA6906;g__UBA6906;s__Unclassified	d__Bacteria;p__Bacteroidota;c__Skagenicolia;o__Skagenicolales;f__Skagenicolaceae;g__Noragerisoma;s__Noragerisoma telluricum	d__Bacteria;p__Candidatus Kryptonia;c__Kryptonia;o__Kryptoniales;f__BSV26;g__Incertae Sedis;s__uncultured bacterium	99.6	MFD05942	Denmark	9.6177	56.7771	Soil	Fields	"Poales, grass"
MFD05942.bin.1.38	Y	Ravnkildemen	nordicum	N.L.	neut.	Microbe found nearby Ravnkilde	A species from the Nordic region	Formerly ''JABFSM01'' in GTDB R220	Formerly ''uncultured bacterium'' in Silva 138.2	GTDB marker genes and 16S rRNA	GCA_963762545.1	Oxford Nanopore PromethION	mmlong2	4276124	8	27.32567	68.83	94.46	0.61	1	22	d__Bacteria;p__Gemmatimonadota;c__Gemmatimonadetes;o__Gemmatimonadales;f__GWC2-71-9;g__JABFSM01;s__Unclassified	d__Bacteria;p__Gemmatimonadota;c__Gemmatimonadetes;o__Gemmatimonadales;f__Siemiabaceae;g__Ravnkildemen;s__Ravnkildemen nordicum	d__Bacteria;p__Gemmatimonadota;c__Gemmatimonadia;o__Gemmatimonadales;f__Gemmatimonadaceae;g__Incertae Sedis;s__uncultured bacterium	99.3	MFD05942	Denmark	9.6177	56.7771	Soil	Fields	"Poales, grass"
MFD02416.bin.1.136	Y	Suldrupibacter	telluricus	N.L.	masch.	Microbe found nearby Suldrup	A species found in soil	Formerly ''JAEWUR01'' in GTDB R220	sp. nov.	GTDB marker genes and 16S rRNA	GCA_963760935.1	Oxford Nanopore PromethION	mmlong2	5184892	8	24.010998	59.7	91.6	1.89	1	21	d__Bacteria;p__Planctomycetota;c__Planctomycetia;o__Pirellulales;f__Thermoguttaceae;g__JAEWUR01;s__Unclassified	d__Bacteria;p__Planctomycetota;c__Planctomycetia;o__Pirellulales;f__Thermoguttaceae;g__Suldrupibacter;s__Suldrupibacter telluricus	d__Bacteria;p__Planctomycetota;c__Planctomycetes;o__Pirellulales;f__Pirellulaceae;g__Incertae Sedis;s__uncultured planctomycete	97.5	MFD02416	Denmark	9.5553	56.8577	Soil	Coastal	Inland salt meadows
MFD09779.bin.1.250	Y	Stabymorpha	septentrionalis	N.L.	fem.	Microbe found nearby Staby	A species from the north	Formerly ''JAHELU01'' in GTDB R220	Formerly ''uncultured bacterium'' in Silva 138.2	GTDB marker genes and 16S rRNA	GCA_963723995.1	Oxford Nanopore PromethION	mmlong2	5800035	8	19.73278	65.94	94.44	1.98	1	23	d__Bacteria;p__Actinomycetota;c__Acidimicrobiia;o__Acidimicrobiales;f__SZUA-35;g__JAHELU01;s__Unclassified	d__Bacteria;p__Actinomycetota;c__Acidimicrobiia;o__Acidimicrobiales;f__Koltiaceae;g__Stabymorpha;s__Stabymorpha septentrionalis	d__Bacteria;p__Actinomycetota;c__Acidimicrobiia;o__Microtrichales;f__Microtrichaceae;g__Incertae Sedis;s__uncultured bacterium	99.7	MFD09779	Denmark	8.1689	56.3361	Sediment	Saltwater	Fjords
MFD02416.bin.1.65	Y	Bisleviella	litoralis	N.L.	fem.	Microbe found nearby Bislev	A species found in the coast	Formerly ''JAMDEO01'' in GTDB R220	Formerly ''uncultured soil bacterium'' in Silva 138.2	GTDB marker genes and 16S rRNA	GCA_963775295.1	Oxford Nanopore PromethION	mmlong2	3739891	9	56.65456	61.15	100	1.61	1	23	d__Bacteria;p__Actinomycetota;c__Thermoleophilia;o__RBG-16-64-13;f__RBG-16-64-13;g__JAMDEO01;s__Unclassified	d__Bacteria;p__Actinomycetota;c__Thermoleophilia;o__Bisleviellales;f__Bisleviellaceae;g__Bisleviella;s__Bisleviella litoralis	d__Bacteria;p__Actinomycetota;c__Thermoleophilia;o__Gaiellales;f__Incertae Sedis;g__Incertae Sedis;s__uncultured soil bacterium	99.1	MFD02416	Denmark	9.5553	56.8577	Soil	Coastal	Inland salt meadows
MFD02416.bin.1.275	Y	Ajstrupium	telluricum	N.L.	neut.	Microbe found nearby Store Ajstrup	A species found in soil	Formerly ''UBA5796'' in GTDB R220	sp. nov.	GTDB marker genes and 16S rRNA	GCA_963790075.1	Oxford Nanopore PromethION	mmlong2	4114910	9	52.69674	54.31	94.27	3.58	1	23	d__Bacteria;p__Chloroflexota;c__Anaerolineae;o__Anaerolineales;f__Villigracilaceae;g__UBA5796;s__Unclassified	d__Bacteria;p__Chloroflexota;c__Anaerolineae;o__Anaerolineales;f__Villigracilaceae;g__Ajstrupium;s__Ajstrupium telluricum	d__Bacteria;p__Chloroflexota;c__Anaerolineae;o__Anaerolineales;f__Anaerolineaceae;g__Incertae Sedis;s__metagenome	94	MFD02416	Denmark	9.5553	56.8577	Soil	Coastal	Inland salt meadows
MFD09779.bin.1.356	Y	Boevlingiaba	proxima	N.L.	fem.	Microbe found nearby Boevling	A species related to but distinct from the existing species	Formerly ''UBA6912'' in GTDB R220	sp. nov.	GTDB marker genes and 16S rRNA	GCA_963823505.1	Oxford Nanopore PromethION	mmlong2	4101523	9	50.6097	65.63	96.86	2.55	1	23	d__Bacteria;p__Actinomycetota;c__Acidimicrobiia;o__UBA5794;f__UBA5794;g__UBA6912;s__Unclassified	d__Bacteria;p__Actinomycetota;c__Acidimicrobiia;o__UBA5794;f__Tilstibacteriaceae;g__Boevlingiaba;s__Boevlingiaba proxima	d__Bacteria;p__Actinomycetota;c__Acidimicrobiia;o__Actinomarinales;f__Incertae Sedis;g__Incertae Sedis;s__uncultured actinobacterium	98.2	MFD09779	Denmark	8.1689	56.3361	Sediment	Saltwater	Fjords
MFD09779.bin.1.238	Y	Vembimicrobium	vicinum	N.L.	neut.	Microbe found nearby Vemb	A species related to but distinct from the existing species	Formerly ''DAOVXM01'' in GTDB R220	sp. nov.	GTDB marker genes and 16S rRNA	GCA_963746255.1	Oxford Nanopore PromethION	mmlong2	5011663	9	28.4704	48.66	96.84	2.66	1	23	d__Bacteria;p__Chloroflexota;c__Anaerolineae;o__Anaerolineales;f__UBA4823;g__DAOVXM01;s__Unclassified	d__Bacteria;p__Chloroflexota;c__Anaerolineae;o__Anaerolineales;f__Haldumiellaceae;g__Vembimicrobium;s__Vembimicrobium vicinum	d__Bacteria;p__Chloroflexota;c__Anaerolineae;o__Anaerolineales;f__Anaerolineaceae;g__Incertae Sedis;s__uncultured bacterium	98.4	MFD09779	Denmark	8.1689	56.3361	Sediment	Saltwater	Fjords
MFD09779.bin.1.231	Y	Vedersoeus	sediminis	N.L.	masch.	Microbe found nearby Vedersoe	A species found in sediments	Formerly ''JAGUYX01'' in GTDB R220	sp. nov.	GTDB marker genes and 16S rRNA	GCA_963824065.1	Oxford Nanopore PromethION	mmlong2	5107241	9	19.51037	53.96	92.72	4.46	1	23	d__Bacteria;p__Chloroflexota;c__Anaerolineae;o__Anaerolineales;f__DRKV01;g__JAGUYX01;s__Unclassified	d__Bacteria;p__Chloroflexota;c__Anaerolineae;o__Anaerolineales;f__Vedersoeaceae;g__Vedersoeus;s__Vedersoeus sediminis	d__Bacteria;p__Chloroflexota;c__Anaerolineae;o__Anaerolineales;f__Anaerolineaceae;g__Incertae Sedis;s__uncultured bacterium	93.9	MFD09779	Denmark	8.1689	56.3361	Sediment	Saltwater	Fjords
MFD02416.bin.1.42	Y	Havbroum	litorale	N.L.	neut.	Microbe found nearby Havbro	A species found in the coast	Formerly ''JALHMI01'' in GTDB R220	sp. nov.	GTDB marker genes and 16S rRNA	GCA_963733035.1	Oxford Nanopore PromethION	mmlong2	6645485	10	41.148365	60.33	92.28	2.83	1	22	d__Bacteria;p__Planctomycetota;c__Planctomycetia;o__Pirellulales;f__PALSA-1355;g__JALHMI01;s__Unclassified	d__Bacteria;p__Planctomycetota;c__Planctomycetia;o__Pirellulales;f__Havbroaceae;g__Havbroum;s__Havbroum litorale	d__Bacteria;p__Planctomycetota;c__Planctomycetes;o__Pirellulales;f__Pirellulaceae;g__Incertae Sedis;s__metagenome	98.6	MFD02416	Denmark	9.5553	56.8577	Soil	Coastal	Inland salt meadows
MFD09779.bin.1.259	Y	Ulfborgiaba	vicina	N.L.	fem.	Microbe found nearby Ulfborg	A species related to but distinct from the existing species	Formerly ''JAHEDT01'' in GTDB R220	sp. nov.	GTDB marker genes and 16S rRNA	GCA_963825615.1	Oxford Nanopore PromethION	mmlong2	3657129	10	39.73504	55.84	99.28	2.06	1	23	d__Bacteria;p__Desulfobacterota;c__Desulfuromonadia;o__Desulfuromonadales;f__BM103;g__JAHEDT01;s__Unclassified	d__Bacteria;p__Desulfobacterota;c__Desulfuromonadia;o__Desulfuromonadales;f__Ulfborgiabaceae;g__Ulfborgiaba;s__Ulfborgiaba vicina	d__Bacteria;p__Thermodesulfobacteriota;c__Desulfuromonadia;o__Desulfuromonadales;f__Sva1033;g__Incertae Sedis;s__uncultured bacterium	97.3	MFD09779	Denmark	8.1689	56.3361	Sediment	Saltwater	Fjords
MFD09779.bin.1.245	Y	Baekmarksbroaba	vicina	N.L.	fem.	Microbe found nearby Baekmarksbro	A species related to but distinct from the existing species	Formerly ''JAOUGY01'' in GTDB R220	sp. nov.	GTDB marker genes and 16S rRNA	GCA_963825585.1	Oxford Nanopore PromethION	mmlong2	4716015	10	20.67134	66.64	97.91	2.72	1	23	d__Bacteria;p__Actinomycetota;c__Acidimicrobiia;o__UBA5794;f__ZC4RG35;g__JAOUGY01;s__Unclassified	d__Bacteria;p__Actinomycetota;c__Acidimicrobiia;o__UBA5794;f__Glyngoereaceae;g__Baekmarksbroaba;s__Baekmarksbroaba vicina	d__Bacteria;p__Actinomycetota;c__Acidimicrobiia;o__Actinomarinales;f__Incertae Sedis;g__Incertae Sedis;s__uncultured bacterium	97	MFD09779	Denmark	8.1689	56.3361	Sediment	Saltwater	Fjords
MFD03726.bin.c.4	Y	Vojensisoma	danicum	N.L.	neut.	Microbe found nearby Vojens	A species from Denmark	Formerly ''JAKAUM01'' in GTDB R220	sp. nov.	GTDB marker genes and 16S rRNA	GCA_963707865.1	Oxford Nanopore PromethION	mmlong2	898885	1	53.7221	52.86	98.71	0.78	2	20	d__Bacteria;p__Patescibacteria;c__Paceibacteria;o__UBA6257;f__2-01-FULL-56-20;g__JAKAUM01;s__Unclassified	d__Bacteria;p__Patescibacteria;c__Paceibacteria;o__UBA6257;f__Kliplevianaceae;g__Vojensisoma;s__Vojensisoma danicum	d__Bacteria;p__Patescibacteria;c__Parcubacteria;o__Candidatus Jorgensenbacteria;f__Incertae Sedis;g__Incertae Sedis;s__Candidatus Adlerbacteria bacterium GW2011_GWC1_50_9	90.2	MFD03726	Denmark	9.3209	55.2451	Sediment	Freshwater	Enclosed water
MFD03726.bin.c.12	Y	Hammelevicola	borealis	N.L.	masch.	Microbe found nearby Hammelev	A species from the north	Formerly ''BOG-935'' in GTDB R220	Formerly ''uncultured Alphaproteobacteria bacterium'' in Silva 138.2	GTDB marker genes and 16S rRNA	GCA_963706385.1	Oxford Nanopore PromethION	mmlong2	3239482	1	45.3904	68.38	96.59	1.06	1	22	d__Bacteria;p__Pseudomonadota;c__Alphaproteobacteria;o__Caulobacterales;f__Caulobacteraceae;g__BOG-935;s__Unclassified	d__Bacteria;p__Pseudomonadota;c__Alphaproteobacteria;o__Caulobacterales;f__Caulobacteraceae;g__Hammelevicola;s__Hammelevicola borealis	d__Bacteria;p__Pseudomonadota;c__Alphaproteobacteria;o__Caulobacterales;f__Caulobacteraceae;g__Incertae Sedis;s__uncultured Alphaproteobacteria bacterium	99.2	MFD03726	Denmark	9.3209	55.2451	Sediment	Freshwater	Enclosed water
MFD03726.bin.c.5	Y	Skrydstrupicola	danicus	N.L.	masch.	Microbe found nearby Skrydstrup	A species from Denmark	Formerly ''JAJXZE01'' in GTDB R220	sp. nov.	GTDB marker genes and 16S rRNA	GCA_963719425.1	Oxford Nanopore PromethION	mmlong2	887956	1	43.57932	53.24	98.74	0.62	1	19	d__Bacteria;p__Patescibacteria;c__Paceibacteria;o__UBA6257;f__2-01-FULL-56-20;g__JAJXZE01;s__Unclassified	d__Bacteria;p__Patescibacteria;c__Paceibacteria;o__UBA6257;f__Kliplevianaceae;g__Skrydstrupicola;s__Skrydstrupicola danicus	d__Bacteria;p__Patescibacteria;c__Parcubacteria;o__Candidatus Jorgensenbacteria;f__Incertae Sedis;g__Incertae Sedis;s__Candidatus Adlerbacteria bacterium GW2011_GWC1_50_9	83.6	MFD03726	Denmark	9.3209	55.2451	Sediment	Freshwater	Enclosed water
MFD03726.bin.1.29	Y	Jegerupiella	danica	N.L.	fem.	Microbe found nearby Jegerup	A species from Denmark	Formerly ''JAKAHT01'' in GTDB R220	sp. nov.	GTDB marker genes and 16S rRNA	GCA_963713955.1	Oxford Nanopore PromethION	mmlong2	804691	1	29.64474	49.78	99.81	0.64	1	21	d__Bacteria;p__Patescibacteria;c__Paceibacteria;o__UBA6257;f__GWB1-50-10;g__JAKAHT01;s__Unclassified	d__Bacteria;p__Patescibacteria;c__Paceibacteria;o__UBA6257;f__Haasumiviventaceae;g__Jegerupiella;s__Jegerupiella danica	d__Bacteria;p__Patescibacteria;c__Parcubacteria;o__Candidatus Jorgensenbacteria;f__Incertae Sedis;g__Incertae Sedis;s__Candidatus Jorgensenbacteria bacterium GW2011_GWA1_48_11	85	MFD03726	Denmark	9.3209	55.2451	Sediment	Freshwater	Enclosed water
MFD03726.bin.1.17	Y	Maugstrupicola	nordicus	N.L.	masch.	Microbe found nearby Maugstrup	A species from the Nordic region	Formerly ''JAMCRC01'' in GTDB R220	sp. nov.	GTDB marker genes and 16S rRNA	GCA_963722655.1	Oxford Nanopore PromethION	mmlong2	658248	2	83.10343	54.83	98.56	0.12	1	21	d__Bacteria;p__Patescibacteria;c__Paceibacteria;o__UBA6257;f__GWB1-50-10;g__JAMCRC01;s__Unclassified	d__Bacteria;p__Patescibacteria;c__Paceibacteria;o__UBA6257;f__Haasumiviventaceae;g__Maugstrupicola;s__Maugstrupicola nordicus	d__Bacteria;p__Patescibacteria;c__Parcubacteria;o__Candidatus Jorgensenbacteria;f__Incertae Sedis;g__Incertae Sedis;s__Candidatus Jorgensenbacteria bacterium GW2011_GWA1_48_11	85.9	MFD03726	Denmark	9.3209	55.2451	Sediment	Freshwater	Enclosed water
MFD03726.bin.1.7	Y	Nustrupicoccus	vicinus	N.L.	masch.	Microbe found nearby Nustrup	A species related to but distinct from the existing species	Formerly ''UBA10107'' in GTDB R220	sp. nov.	GTDB marker genes and 16S rRNA	GCA_963835585.1	Oxford Nanopore PromethION	mmlong2	1077054	3	28.58213	39.2	99.24	1.73	1	21	d__Archaea;p__Nanoarchaeota;c__Nanoarchaeia;o__Woesearchaeales;f__UBA10107;g__UBA10107;s__Unclassified	d__Archaea;p__Nanoarchaeota;c__Nanoarchaeia;o__Woesearchaeales;f__Nustrupicoccaceae;g__Nustrupicoccus;s__Nustrupicoccus vicinus	d__Archaea;p__Nanoarchaeota;c__Nanoarchaeia;o__Woesearchaeales;f__GW2011;g__AR15;s__uncultured euryarchaeote	93.5	MFD03726	Denmark	9.3209	55.2451	Sediment	Freshwater	Enclosed water
MFD03726.bin.1.76	Y	Moltrupiella	proxima	N.L.	fem.	Microbe found nearby Moltrup	A species related to but distinct from the existing species	Formerly ''UBA9973'' in GTDB R220	sp. nov.	GTDB marker genes and 16S rRNA	GCA_963842815.1	Oxford Nanopore PromethION	mmlong2	644694	3	25.97138	38.37	91.67	0.92	1	21	d__Bacteria;p__Patescibacteria;c__Paceibacteria;o__UBA9973;f__UBA9973;g__UBA9973;s__Unclassified	d__Bacteria;p__Patescibacteria;c__Paceibacteria;o__UBA9973;f__Moltrupiellaceae;g__Moltrupiella;s__Moltrupiella proxima	d__Bacteria;p__Patescibacteria;c__Parcubacteria;o__Candidatus Nomurabacteria;f__Incertae Sedis;g__Incertae Sedis;s__uncultured bacterium	92.9	MFD03726	Denmark	9.3209	55.2451	Sediment	Freshwater	Enclosed water
MFD04944.bin.2.37	Y	Bjerrebyvita	humica	N.L.	fem.	Microbe found nearby Bjerreby	A species found in soil	Formerly ''JAHFUI01'' in GTDB R220	sp. nov.	GTDB marker genes and 16S rRNA	GCA_963807925.1	Oxford Nanopore PromethION	mmlong2	4781103	4	29.32091	67.82	96.11	0.76	1	22	d__Bacteria;p__Acidobacteriota;c__Vicinamibacteria;o__Vicinamibacterales;f__UBA2999;g__JAHFUI01;s__Unclassified	d__Bacteria;p__Acidobacteriota;c__Vicinamibacteria;o__Vicinamibacterales;f__Pjedstedimenaceae;g__Bjerrebyvita;s__Bjerrebyvita humica	d__Bacteria;p__Acidobacteriota;c__Vicinamibacteria;o__Vicinamibacterales;f__Incertae Sedis;g__Incertae Sedis;s__uncultured bacterium	97.5	MFD04944	Denmark	10.5752	54.9596	Soil	Grassland formations	Species-rich Nardus upland grassland
MFD04944.bin.1.73	Y	Landetivita	affinis	N.L.	fem.	Microbe found nearby Landet	A species related to but distinct from the existing species	Formerly ''JAIBJP01'' in GTDB R220	Formerly ''metagenome'' in Silva 138.2	GTDB marker genes and 16S rRNA	GCA_963841425.1	Oxford Nanopore PromethION	mmlong2	2935084	5	43.578	68.9	96.26	0.76	1	23	d__Bacteria;p__Actinomycetota;c__Thermoleophilia;o__Gaiellales;f__Gaiellaceae;g__JAIBJP01;s__Unclassified	d__Bacteria;p__Actinomycetota;c__Thermoleophilia;o__Gaiellales;f__Gaiellaceae;g__Landetivita;s__Landetivita affinis	d__Bacteria;p__Actinomycetota;c__Thermoleophilia;o__Gaiellales;f__Incertae Sedis;g__Incertae Sedis;s__metagenome	99.6	MFD04944	Denmark	10.5752	54.9596	Soil	Grassland formations	Species-rich Nardus upland grassland
MFD04944.bin.1.54	Y	Drejoeiella	glebica	N.L.	fem.	Microbe found nearby Drejoe	A species found in soil	Formerly ''WHTP01'' in GTDB R220	Formerly ''uncultured Green Bay ferromanganous micronodule bacterium MNF4'' in Silva 138.2	GTDB marker genes and 16S rRNA	GCA_963753575.1	Oxford Nanopore PromethION	mmlong2	7037276	5	43.13784	63.89	98.51	0.33	1	22	d__Bacteria;p__Pseudomonadota;c__Alphaproteobacteria;o__Rhizobiales;f__Xanthobacteraceae;g__WHTP01;s__Unclassified	d__Bacteria;p__Pseudomonadota;c__Alphaproteobacteria;o__Rhizobiales;f__Xanthobacteraceae;g__Drejoeiella;s__Drejoeiella glebica	d__Bacteria;p__Pseudomonadota;c__Alphaproteobacteria;o__Hyphomicrobiales;f__Xanthobacteraceae;g__Incertae Sedis;s__uncultured Green Bay ferromanganous micronodule bacterium MNF4	99.1	MFD04944	Denmark	10.5752	54.9596	Soil	Grassland formations	Species-rich Nardus upland grassland
MFD04944.bin.1.302	Y	Drejoehabitans	proximus	N.L.	masch.	Microbe found nearby Drejoe	A species related to but distinct from the existing species	Formerly ''C-114'' in GTDB R220	Formerly ''uncultured bacterium'' in Silva 138.2	GTDB marker genes and 16S rRNA	GCA_963719285.1	Oxford Nanopore PromethION	mmlong2	3415660	5	40.46858	71.14	90.43	0.41	1	22	d__Bacteria;p__Chloroflexota;c__Limnocylindria;o__Limnocylindrales;f__CSP1-4;g__C-114;s__Unclassified	d__Bacteria;p__Chloroflexota;c__Limnocylindria;o__Limnocylindrales;f__Klitmollerisomataceae;g__Drejoehabitans;s__Drejoehabitans proximus	d__Bacteria;p__Chloroflexota;c__KD4-96;o__Incertae Sedis;f__Incertae Sedis;g__Incertae Sedis;s__uncultured bacterium	99.1	MFD04944	Denmark	10.5752	54.9596	Soil	Grassland formations	Species-rich Nardus upland grassland
MFD03726.bin.1.224	Y	Sommerstediella	propinqua	N.L.	fem.	Microbe found nearby Sommersted	A species related to but distinct from the existing species	Formerly ''JAPKYM01'' in GTDB R220	sp. nov.	GTDB marker genes and 16S rRNA	GCA_963807605.1	Oxford Nanopore PromethION	mmlong2	2653217	5	16.24172	47.11	94.37	2.47	1	19	d__Archaea;p__Thermoproteota;c__Bathyarchaeia;o__40CM-2-53-6;f__RBG-13-38-9;g__JAPKYM01;s__Unclassified	d__Archaea;p__Thermoproteota;c__Bathyarchaeia;o__Sommerstediellales;f__Sommerstediellaceae;g__Sommerstediella;s__Sommerstediella propinqua	d__Archaea;p__Thermoproteota;c__Bathyarchaeia;o__Incertae Sedis;f__Incertae Sedis;g__Incertae Sedis;s__uncultured crenarchaeote	90.6	MFD03726	Denmark	9.3209	55.2451	Sediment	Freshwater	Enclosed water
MFD03726.bin.1.68	Y	Oksenvadisoma	scandium	N.L.	neut.	Microbe found nearby Oksenvad	A species from Scandinavia	Formerly ''2-12-FULL-60-25'' in GTDB R220	sp. nov.	GTDB marker genes and 16S rRNA	GCA_963835915.1	Oxford Nanopore PromethION	mmlong2	1602159	5	14.89613	59.04	99.38	0.36	1	20	d__Bacteria;p__Patescibacteria;c__ABY1;o__SG8-24;f__2-12-FULL-60-25;g__2-12-FULL-60-25;s__Unclassified	d__Bacteria;p__Patescibacteria;c__ABY1;o__Adskageniabales;f__Adskageniabaceae;g__Oksenvadisoma;s__Oksenvadisoma scandium	d__Bacteria;p__Patescibacteria;c__ABY1;o__Candidatus Magasanikbacteria;f__Incertae Sedis;g__Incertae Sedis;s__Candidatus Uhrbacteria bacterium RIFCSPHIGHO2_12_FULL_60_25	91.4	MFD03726	Denmark	9.3209	55.2451	Sediment	Freshwater	Enclosed water
MFD03726.bin.1.127	Y	Hjerndrupiaba	contigua	N.L.	fem.	Microbe found nearby Hjerndrup	A species related to but distinct from the existing species	Formerly ''Fen-1359'' in GTDB R220	sp. nov.	GTDB marker genes and 16S rRNA	GCA_963710355.1	Oxford Nanopore PromethION	mmlong2	2364984	6	19.11822	46.73	90.14	1.68	1	22	d__Bacteria;p__Planctomycetota;c__Phycisphaerae;o__Sedimentisphaerales;f__SG8-4;g__Fen-1359;s__Unclassified	d__Bacteria;p__Planctomycetota;c__Phycisphaerae;o__Sedimentisphaerales;f__Felstedibacteraceae;g__Hjerndrupiaba;s__Hjerndrupiaba contigua	d__Bacteria;p__Planctomycetota;c__Phycisphaerae;o__MSBL9;f__SG8-4;g__Incertae Sedis;s__uncultured bacterium	90.1	MFD03726	Denmark	9.3209	55.2451	Sediment	Freshwater	Enclosed water
MFD03726.bin.1.212	Y	Steppingicola	scandius	N.L.	masch.	Microbe found nearby Stepping	A species from Scandinavia	Formerly ''Bog-366'' in GTDB R220	sp. nov.	GTDB marker genes and 16S rRNA	GCA_963722555.1	Oxford Nanopore PromethION	mmlong2	6867790	7	43.17997	59.91	98.15	1	1	23	d__Bacteria;p__Acidobacteriota;c__Terriglobia;o__UBA7540;f__UBA7540;g__Bog-366;s__Unclassified	d__Bacteria;p__Acidobacteriota;c__Terriglobia;o__Steppingicolales;f__Steppingicolaceae;g__Steppingicola;s__Steppingicola scandius	d__Bacteria;p__Acidobacteriota;c__Acidobacteriae;o__Subgroup 13;f__Incertae Sedis;g__Incertae Sedis;s__uncultured bacterium	96.5	MFD03726	Denmark	9.3209	55.2451	Sediment	Freshwater	Enclosed water
MFD03726.bin.1.177	Y	Hoptrupisoma	simile	N.L.	neut.	Microbe found nearby Hoptrup	A species related to but distinct from the existing species	Formerly ''2-02-FULL-66-22'' in GTDB R220	Formerly ''uncultured bacterium'' in Silva 138.2	GTDB marker genes and 16S rRNA	GCA_963842855.1	Oxford Nanopore PromethION	mmlong2	5323732	7	31.86116	64.92	98.59	4.95	1	23	d__Bacteria;p__Methylomirabilota;c__Methylomirabilia;o__Methylomirabilales;f__2-02-FULL-66-22;g__2-02-FULL-66-22;s__Unclassified	d__Bacteria;p__Methylomirabilota;c__Methylomirabilia;o__Methylomirabilales;f__Hoptrupisomataceae;g__Hoptrupisoma;s__Hoptrupisoma simile	d__Bacteria;p__Methylomirabilota;c__Methylomirabilia;o__Methylomirabilales;f__Methylomirabilaceae;g__Sh765B-TzT-35;s__uncultured bacterium	99.9	MFD03726	Denmark	9.3209	55.2451	Sediment	Freshwater	Enclosed water
MFD04944.bin.1.43	Y	Strynoevita	nordica	N.L.	fem.	Microbe found nearby Strynoe	A species from the Nordic region	Formerly ''JADMIH01'' in GTDB R220	sp. nov.	GTDB marker genes and 16S rRNA	GCA_963797095.1	Oxford Nanopore PromethION	mmlong2	6018930	8	66.55669	57.94	93.24	0.62	2	23	d__Bacteria;p__Chloroflexota;c__Chloroflexia;o__QHBQ01;f__JADMIH01;g__JADMIH01;s__Unclassified	d__Bacteria;p__Chloroflexota;c__Chloroflexia;o__Strynoevitales;f__Strynoevitaceae;g__Strynoevita;s__Strynoevita nordica	d__Bacteria;p__Chloroflexota;c__Ktedonobacteria;o__C0119;f__Incertae Sedis;g__Incertae Sedis;s__uncultured bacterium	91.4	MFD04944	Denmark	10.5752	54.9596	Soil	Grassland formations	Species-rich Nardus upland grassland
MFD04944.bin.1.237	Y	Strynoemicrobium	terreus	N.L.	neut.	Microbe found nearby Strynoe	A species found in soil	Formerly ''VBAU01'' in GTDB R220	Formerly ''uncultured Chitinophagaceae bacterium'' in Silva 138.2	GTDB marker genes and 16S rRNA	GCA_963811645.1	Oxford Nanopore PromethION	mmlong2	4985233	8	49.55344	37.91	100	0.01	1	22	d__Bacteria;p__Bacteroidota;c__Bacteroidia;o__Chitinophagales;f__Chitinophagaceae;g__VBAU01;s__Unclassified	d__Bacteria;p__Bacteroidota;c__Bacteroidia;o__Chitinophagales;f__Chitinophagaceae;g__Strynoemicrobium;s__Strynoemicrobium terreus	d__Bacteria;p__Bacteroidota;c__Bacteroidia;o__Chitinophagales;f__Chitinophagaceae;g__Incertae Sedis;s__uncultured Chitinophagaceae bacterium	98.7	MFD04944	Denmark	10.5752	54.9596	Soil	Grassland formations	Species-rich Nardus upland grassland
MFD04944.bin.1.191	Y	Boestrupisoma	contiguum	N.L.	neut.	Microbe found nearby Boestrup	A species related to but distinct from the existing species	Formerly ''JACDER01'' in GTDB R220	Formerly ''uncultured bacterium'' in Silva 138.2	GTDB marker genes and 16S rRNA	GCA_963717765.1	Oxford Nanopore PromethION	mmlong2	3314888	8	49.21542	68.71	94.79	1.48	1	23	d__Bacteria;p__Actinomycetota;c__Thermoleophilia;o__Gaiellales;f__Gaiellaceae;g__JACDER01;s__Unclassified	d__Bacteria;p__Actinomycetota;c__Thermoleophilia;o__Gaiellales;f__Gaiellaceae;g__Boestrupisoma;s__Boestrupisoma contiguum	d__Bacteria;p__Actinomycetota;c__Thermoleophilia;o__Gaiellales;f__Incertae Sedis;g__Incertae Sedis;s__uncultured bacterium	99.5	MFD04944	Denmark	10.5752	54.9596	Soil	Grassland formations	Species-rich Nardus upland grassland
MFD03726.bin.1.80	Y	Loegumimorpha	europaea	N.L.	fem.	Microbe found nearby Oester Loegum	A species from Europe	Formerly ''REEB91'' in GTDB R220	sp. nov.	GTDB marker genes and 16S rRNA	GCA_963844965.1	Oxford Nanopore PromethION	mmlong2	1099971	9	13.34948	50.04	94.26	2.41	2	20	d__Bacteria;p__Patescibacteria;c__Paceibacteria;o__UBA6257;f__2-01-FULL-56-20;g__REEB91;s__Unclassified	d__Bacteria;p__Patescibacteria;c__Paceibacteria;o__UBA6257;f__Kliplevianaceae;g__Loegumimorpha;s__Loegumimorpha europaea	d__Bacteria;p__Patescibacteria;c__Parcubacteria;o__Candidatus Jorgensenbacteria;f__Incertae Sedis;g__Incertae Sedis;s__Candidatus Adlerbacteria bacterium GW2011_GWC1_50_9	86.2	MFD03726	Denmark	9.3209	55.2451	Sediment	Freshwater	Enclosed water
MFD03726.bin.1.241	Y	Tirslundisoma	contiguum	N.L.	neut.	Microbe found nearby Tirslund	A species related to but distinct from the existing species	Formerly ''JAJYJE01'' in GTDB R220	sp. nov.	GTDB marker genes and 16S rRNA	GCA_963749445.1	Oxford Nanopore PromethION	mmlong2	1235655	10	14.4259	47.48	91.25	3.41	2	20	d__Bacteria;p__Patescibacteria;c__Doudnabacteria;o__UBA920;f__UBA920;g__JAJYJE01;s__Unclassified	d__Bacteria;p__Patescibacteria;c__Doudnabacteria;o__Nebeliviventales;f__Nebeliviventaceae;g__Tirslundisoma;s__Tirslundisoma contiguum	d__Bacteria;p__Patescibacteria;c__Parcubacteria;o__Incertae Sedis;f__Incertae Sedis;g__Incertae Sedis;s__uncultured bacterium	96.3	MFD03726	Denmark	9.3209	55.2451	Sediment	Freshwater	Enclosed water
MFD00008.bin.1.129	Y	Oedstedimicrobium	glebicum	N.L.	neut.	Microbe found nearby Oedsted	A species found in soil	Formerly ''Incertae Sedis'' in Silva 138.2	Formerly ''uncultured bacterium'' in Silva 138.2	GTDB marker genes and 16S rRNA	GCA_963698885.1	Oxford Nanopore PromethION	mmlong2	2544087	8	34.79659	55.26	94.99	2.69	1	22	d__Bacteria;p__Nitrospirota;c__JACRHJ01;o__JACRHJ01;f__JACRHJ01;g__Unclassified;s__Unclassified	d__Bacteria;p__Nitrospirota;c__Oedstedimicrobiia;o__Oedstedimicrobiales;f__Oedstedimicrobiaceae;g__Oedstedimicrobium;s__Oedstedimicrobium glebicum	d__Bacteria;p__Nitrospirota;c__4-29-1;o__Incertae Sedis;f__Incertae Sedis;g__Incertae Sedis;s__uncultured bacterium	99.4	MFD00008	Denmark	9.3609	55.6058	Soil	Forests	Alluvial woodland
MFD00032.bin.1.47	Y	Maarupihabitans	lacustris	N.L.	masch.	Microbe found nearby Maarup	A species found in a lake	Formerly ''Incertae Sedis'' in Silva 138.2	sp. nov.	GTDB marker genes and 16S rRNA	GCA_963718235.1	Oxford Nanopore PromethION	mmlong2	3171531	2	22.101389	70.12	95.45	2.13	1	22	d__Bacteria;p__Actinomycetota;c__Actinomycetes;o__JAHEKZ01;f__JAHEKZ01;g__Unclassified;s__Unclassified	d__Bacteria;p__Actinomycetota;c__Actinomycetes;o__Daastrupimenales;f__Daastrupimenaceae;g__Maarupihabitans;s__Maarupihabitans lacustris	d__Bacteria;p__Actinomycetota;c__Actinobacteria;o__Frankiales;f__Incertae Sedis;g__Incertae Sedis;s__uncultured actinobacterium	97.9	MFD00032	Denmark	9.893109449	57.49172952	Sediment	Freshwater	"Lake, Rich pondweed"
MFD00032.bin.1.63	Y	Hjorringiaba	lacustris	N.L.	fem.	Microbe found nearby Hjorring	A species found in a lake	Formerly ''Incertae Sedis'' in Silva 138.2	sp. nov.	GTDB marker genes and 16S rRNA	GCA_963705085.1	Oxford Nanopore PromethION	mmlong2	2890035	8	13.087147	68.39	97.67	2.4	1	22	d__Bacteria;p__Actinomycetota;c__Thermoleophilia;o__UBA2241;f__UBA2241;g__Unclassified;s__Unclassified	d__Bacteria;p__Actinomycetota;c__Thermoleophilia;o__Nebelibacteriales;f__Nebelibacteriaceae;g__Hjorringiaba;s__Hjorringiaba lacustris	d__Bacteria;p__Actinomycetota;c__Thermoleophilia;o__Gaiellales;f__Incertae Sedis;g__Incertae Sedis;s__uncultured bacterium	98.4	MFD00032	Denmark	9.893109449	57.49172952	Sediment	Freshwater	"Lake, Rich pondweed"
MFD00032.bin.c.1	Y	Lonstrupium	lacustre	N.L.	neut.	Microbe found nearby Lonstrup	A species found in a lake	gen. nov.	sp. nov.	GTDB marker genes and 16S rRNA	GCA_963702895.1	Oxford Nanopore PromethION	mmlong2	2724539	1	24.177952	56.98	98.18	1.96	1	22	d__Bacteria;p__Elusimicrobiota;c__Elusimicrobia;o__2-01-FULL-59-12;f__2-01-FULL-59-12;g__Unclassified;s__Unclassified	d__Bacteria;p__Elusimicrobiota;c__Elusimicrobia;o__Lonstrupiales;f__Lonstrupiaceae;g__Lonstrupium;s__Lonstrupium lacustre	d__Bacteria;p__Elusimicrobiota;c__Lineage IIa;o__Incertae Sedis;f__Incertae Sedis;g__Incertae Sedis;s__actinobacterium YJF1-30	94.4	MFD00032	Denmark	9.893109449	57.49172952	Sediment	Freshwater	"Lake, Rich pondweed"
MFD00905.bin.1.35	Y	Kattrupimen	europaeum	N.L.	neut.	Microbe found nearby Kattrup	A species from Europe	gen. nov.	sp. nov.	GTDB marker genes and 16S rRNA	GCA_963708045.1	Oxford Nanopore PromethION	mmlong2	1188223	1	18.928537	45.63	99.07	0.6	1	21	d__Bacteria;p__Patescibacteria;c__ABY1;o__SG8-24;f__CAIQCM01;g__Unclassified;s__Unclassified	d__Bacteria;p__Patescibacteria;c__ABY1;o__Adskageniabales;f__Kattrupimenaceae;g__Kattrupimen;s__Kattrupimen europaeum	d__Bacteria;p__Patescibacteria;c__ABY1;o__Candidatus Magasanikbacteria;f__Incertae Sedis;g__Incertae Sedis;s__uncultured Parcubacteria group bacterium	93.2	MFD00905	Denmark	9.831926013	55.91690451	Sediment	Freshwater	"Lake, Rich pondweed"
MFD00905.bin.1.36	Y	Klostersogniana	europaea	N.L.	fem.	Microbe found nearby Klostersogn	A species from Europe	Formerly ''Incertae Sedis'' in Silva 138.2	sp. nov.	GTDB marker genes and 16S rRNA	GCA_963718745.1	Oxford Nanopore PromethION	mmlong2	2522402	1	56.307816	64.07	96.75	0.02	1	23	d__Bacteria;p__Fermentibacterota;c__Fermentibacteria;o__Fermentibacterales;f__Fermentibacteraceae;g__Unclassified;s__Unclassified	d__Bacteria;p__Fermentibacterota;c__Fermentibacteria;o__Fermentibacterales;f__Fermentibacteraceae;g__Klostersogniana;s__Klostersogniana europaea	d__Bacteria;p__Fermentibacterota;c__Fermentibacteria;o__Fermentibacterales;f__Fermentibacteraceae;g__Incertae Sedis;s__uncultured bacterium	97.9	MFD00905	Denmark	9.831926013	55.91690451	Sediment	Freshwater	"Lake, Rich pondweed"
MFD00905.bin.1.44	Y	Horsensiella	propinqua	N.L.	fem.	Microbe found nearby Horsens	A species related to but distinct from the existing species	Formerly ''IMCC26207'' in Silva 138.2	Formerly ''uncultured bacterium'' in Silva 138.2	GTDB marker genes and 16S rRNA	GCA_963773765.1	Oxford Nanopore PromethION	mmlong2	4444958	10	22.170258	72.05	93.27	0.96	1	23	d__Bacteria;p__Actinomycetota;c__Acidimicrobiia;o__Acidimicrobiales;f__Microtrichaceae;g__Unclassified;s__Unclassified	d__Bacteria;p__Actinomycetota;c__Acidimicrobiia;o__Acidimicrobiales;f__Microtrichaceae;g__Horsensiella;s__Horsensiella propinqua	d__Bacteria;p__Actinomycetota;c__Acidimicrobiia;o__Microtrichales;f__Microtrichaceae;g__IMCC26207;s__uncultured bacterium	98.9	MFD00905	Denmark	9.831926013	55.91690451	Sediment	Freshwater	"Lake, Rich pondweed"
MFD00964.bin.1.138	Y	Isenvadium	contiguum	N.L.	neut.	Microbe found nearby Isenvad	A species related to but distinct from the existing species	Formerly ''Incertae Sedis'' in Silva 138.2	sp. nov.	GTDB marker genes and 16S rRNA	GCA_963725655.1	Oxford Nanopore PromethION	mmlong2	4850367	3	21.826294	59.62	92.88	0.22	1	21	d__Bacteria;p__Acidobacteriota;c__Terriglobia;o__Acidoferrales;f__UBA7541;g__Unclassified;s__Unclassified	d__Bacteria;p__Acidobacteriota;c__Terriglobia;o__Acidoferrales;f__UBA7541;g__Isenvadium;s__Isenvadium contiguum	d__Bacteria;p__Acidobacteriota;c__Acidobacteriae;o__Subgroup 2;f__Incertae Sedis;g__Incertae Sedis;s__uncultured bacterium KF/GS-JG36-31	96.3	MFD00964	Denmark	9.1593	56.0298	Soil	Dunes	Inland dunes Genista
MFD00964.bin.1.235	Y	Ejstrupibacter	aridus	N.L.	masch.	Microbe found nearby Ejstrup	A species found in sand	Formerly ''Incertae Sedis'' in Silva 138.2	sp. nov.	GTDB marker genes and 16S rRNA	GCA_963744235.1	Oxford Nanopore PromethION	mmlong2	5398629	9	18.708836	58.93	96.06	0.62	1	23	d__Bacteria;p__Acidobacteriota;c__Terriglobia;o__Acidoferrales;f__UBA7541;g__Unclassified;s__Unclassified	d__Bacteria;p__Acidobacteriota;c__Terriglobia;o__Acidoferrales;f__UBA7541;g__Ejstrupibacter;s__Ejstrupibacter aridus	d__Bacteria;p__Acidobacteriota;c__Acidobacteriae;o__Subgroup 2;f__Incertae Sedis;g__Incertae Sedis;s__uncultured bacterium	97.1	MFD00964	Denmark	9.1593	56.0298	Soil	Dunes	Inland dunes Genista
MFD01213.bin.c.1	Y	Estruplundiana	tellurica	N.L.	fem.	Microbe found nearby Estruplund	A species found in soil	Formerly ''Incertae Sedis'' in Silva 138.2	sp. nov.	GTDB marker genes and 16S rRNA	GCA_963704405.1	Oxford Nanopore PromethION	mmlong2	4885564	1	42.313694	57.59	95.23	2.52	1	22	d__Bacteria;p__Planctomycetota;c__Phycisphaerae;o__Tepidisphaerales;f__Tepidisphaeraceae;g__Unclassified;s__Unclassified	d__Bacteria;p__Planctomycetota;c__Phycisphaerae;o__Tepidisphaerales;f__Tepidisphaeraceae;g__Estruplundiana;s__Estruplundiana tellurica	d__Bacteria;p__Planctomycetota;c__Phycisphaerae;o__Tepidisphaerales;f__WD2101 soil group;g__Incertae Sedis;s__uncultured bacterium	97.7	MFD01213	Denmark	10.4374	56.5224	Soil	Dunes	Fixed dunes (grey dunes)
MFD01213.bin.c.2	Y	Noeragerimen	vicinum	N.L.	neut.	Microbe found nearby Noerager	A species related to but distinct from the existing species	Formerly ''LD29'' in Silva 138.2	sp. nov.	GTDB marker genes and 16S rRNA	GCA_963702865.1	Oxford Nanopore PromethION	mmlong2	4517628	1	44.23517	62.35	96.9	0.26	1	22	d__Bacteria;p__Verrucomicrobiota;c__Verrucomicrobiae;o__Chthoniobacterales;f__SZAS-18;g__Unclassified;s__Unclassified	d__Bacteria;p__Verrucomicrobiota;c__Verrucomicrobiae;o__Chthoniobacterales;f__Noeragerimenaceae;g__Noeragerimen;s__Noeragerimen vicinum	d__Bacteria;p__Verrucomicrobiota;c__Verrucomicrobiia;o__Chthoniobacterales;f__Chthoniobacteraceae;g__LD29;s__uncultured bacterium	94.5	MFD01213	Denmark	10.4374	56.5224	Soil	Dunes	Fixed dunes (grey dunes)
MFD01223.bin.1.26	Y	Bjolderupicola	septentrionalis	N.L.	masch.	Microbe found nearby Bjolderup	A species from the north	gen. nov.	sp. nov.	GTDB marker genes and 16S rRNA	GCA_963834935.1	Oxford Nanopore PromethION	mmlong2	670231	3	8.930374	46.94	96.96	0.04	1	21	d__Bacteria;p__Patescibacteria;c__Paceibacteria;o__UBA9973;f__CALRBL01;g__Unclassified;s__Unclassified	d__Bacteria;p__Patescibacteria;c__Paceibacteria;o__UBA9973;f__Bjolderupicolaceae;g__Bjolderupicola;s__Bjolderupicola septentrionalis	d__Bacteria;p__Patescibacteria;c__Parcubacteria;o__Incertae Sedis;f__Incertae Sedis;g__Incertae Sedis;s__uncultured bacterium	89	MFD01223	Denmark	9.4106	54.9741	Soil	"Bogs, mires and fens"	Quaking bogs
MFD01223.bin.1.54	Y	Risemonas	terrea	N.L.	fem.	Microbe found nearby Rise	A species found in soil	Formerly ''Incertae Sedis'' in Silva 138.2	sp. nov.	GTDB marker genes and 16S rRNA	GCA_963834485.1	Oxford Nanopore PromethION	mmlong2	3278761	8	841.2449	67.45	95.26	0.32	1	21	d__Bacteria;p__Eremiobacterota;c__Eremiobacteria;o__Baltobacterales;f__Baltobacteraceae;g__Unclassified;s__Unclassified	d__Bacteria;p__Eremiobacterota;c__Eremiobacteria;o__Baltobacterales;f__Baltobacteraceae;g__Risemonas;s__Risemonas terrea	d__Bacteria;p__Candidatus Eremiobacterota;c__Eremiobacteria;o__Incertae Sedis;f__Incertae Sedis;g__Incertae Sedis;s__uncultured bacterium	96.3	MFD01223	Denmark	9.4106	54.9741	Soil	"Bogs, mires and fens"	Quaking bogs
MFD01275.bin.1.111	Y	Veggerslevimen	terreus	N.L.	neut.	Microbe found nearby Veggerslev	A species found in soil	Formerly ''Incertae Sedis'' in Silva 138.2	sp. nov.	GTDB marker genes and 16S rRNA	GCA_963721475.1	Oxford Nanopore PromethION	mmlong2	1349637	2	19.49304	50.17	90.3	0.29	1	22	d__Bacteria;p__Patescibacteria;c__Saccharimonadia;o__Saccharimonadales;f__UBA4665;g__Unclassified;s__Unclassified	d__Bacteria;p__Patescibacteria;c__Saccharimonadia;o__Saccharimonadales;f__Sonderborgisomataceae;g__Veggerslevimen;s__Veggerslevimen terreus	d__Bacteria;p__Patescibacteria;c__Saccharimonadia;o__Saccharimonadales;f__LWQ8;g__Incertae Sedis;s__uncultured bacterium	95.9	MFD01275	Denmark	10.8089	56.5332	Soil	Dunes	Marram dunes (white dunes)
MFD01275.bin.1.17	Y	Karlbymorpha	arida	N.L.	fem.	Microbe found nearby Karlby	A species found in sand	Formerly ''Incertae Sedis'' in Silva 138.2	sp. nov.	GTDB marker genes and 16S rRNA	GCA_963846565.1	Oxford Nanopore PromethION	mmlong2	3482014	5	17.09718	70.17	92.32	0.44	1	22	d__Bacteria;p__Actinomycetota;c__Thermoleophilia;o__Solirubrobacterales;f__70-9;g__Unclassified;s__Unclassified	d__Bacteria;p__Actinomycetota;c__Thermoleophilia;o__Solirubrobacterales;f__Maglebybacteriaceae;g__Karlbymorpha;s__Karlbymorpha arida	d__Bacteria;p__Actinomycetota;c__Thermoleophilia;o__Solirubrobacterales;f__67-14;g__Incertae Sedis;s__uncultured bacterium	97.6	MFD01275	Denmark	10.8089	56.5332	Soil	Dunes	Marram dunes (white dunes)
MFD01275.bin.1.276	Y	Kastbjergiana	vicina	N.L.	fem.	Microbe found nearby Kastbjerg	A species related to but distinct from the existing species	Formerly ''Incertae Sedis'' in Silva 138.2	Formerly ''uncultured bacterium'' in Silva 138.2	GTDB marker genes and 16S rRNA	GCA_963795085.1	Oxford Nanopore PromethION	mmlong2	3885868	6	25.844618	67.36	93.42	0.61	1	23	d__Bacteria;p__Gemmatimonadota;c__Gemmatimonadetes;o__Gemmatimonadales;f__GWC2-71-9;g__Unclassified;s__Unclassified	d__Bacteria;p__Gemmatimonadota;c__Gemmatimonadetes;o__Gemmatimonadales;f__Siemiabaceae;g__Kastbjergiana;s__Kastbjergiana vicina	d__Bacteria;p__Gemmatimonadota;c__Gemmatimonadia;o__Gemmatimonadales;f__Gemmatimonadaceae;g__Incertae Sedis;s__uncultured bacterium	98.9	MFD01275	Denmark	10.8089	56.5332	Soil	Dunes	Marram dunes (white dunes)
MFD01275.bin.1.70	Y	Glesborgium	aridum	N.L.	neut.	Microbe found nearby Glesborg	A species found in sand	Formerly ''Incertae Sedis'' in Silva 138.2	sp. nov.	GTDB marker genes and 16S rRNA	GCA_963754045.1	Oxford Nanopore PromethION	mmlong2	2417112	3	28.348686	67.78	95.46	0.11	1	22	d__Bacteria;p__Actinomycetota;c__Thermoleophilia;o__Solirubrobacterales;f__70-9;g__Unclassified;s__Unclassified	d__Bacteria;p__Actinomycetota;c__Thermoleophilia;o__Solirubrobacterales;f__Maglebybacteriaceae;g__Glesborgium;s__Glesborgium aridum	d__Bacteria;p__Actinomycetota;c__Thermoleophilia;o__Solirubrobacterales;f__67-14;g__Incertae Sedis;s__uncultured bacterium	97.2	MFD01275	Denmark	10.8089	56.5332	Soil	Dunes	Marram dunes (white dunes)
MFD01275.bin.1.89	Y	Voldbybacterium	vicinum	N.L.	neut.	Microbe found nearby Voldby	A species related to but distinct from the existing species	Formerly ''Incertae Sedis'' in Silva 138.2	sp. nov.	GTDB marker genes and 16S rRNA	GCA_963834265.1	Oxford Nanopore PromethION	mmlong2	1078429	3	20.8143	45.97	95.83	0.13	1	22	d__Bacteria;p__Patescibacteria;c__Saccharimonadia;o__Saccharimonadales;f__2-12-FULL-41-12;g__Unclassified;s__Unclassified	d__Bacteria;p__Patescibacteria;c__Saccharimonadia;o__Saccharimonadales;f__Rimsoeviventaceae;g__Voldbybacterium;s__Voldbybacterium vicinum	d__Bacteria;p__Patescibacteria;c__Saccharimonadia;o__Saccharimonadales;f__Incertae Sedis;g__Incertae Sedis;s__uncultured Candidatus Saccharibacteria bacterium	94.7	MFD01275	Denmark	10.8089	56.5332	Soil	Dunes	Marram dunes (white dunes)
MFD01275.bin.1.95	Y	Villersoeum	aridum	N.L.	neut.	Microbe found nearby Villersoe	A species found in sand	gen. nov.	sp. nov.	GTDB marker genes and 16S rRNA	GCA_963721685.1	Oxford Nanopore PromethION	mmlong2	986816	5	18.147665	50.58	97.86	0.39	1	22	d__Bacteria;p__Patescibacteria;c__Saccharimonadia;o__UBA4664;f__SCTI01;g__Unclassified;s__Unclassified	d__Bacteria;p__Patescibacteria;c__Saccharimonadia;o__Adborkimicrobiales;f__Villersoeaceae;g__Villersoeum;s__Villersoeum aridum	d__Bacteria;p__Patescibacteria;c__Saccharimonadia;o__Saccharimonadales;f__Incertae Sedis;g__Incertae Sedis;s__uncultured bacterium	92.5	MFD01275	Denmark	10.8089	56.5332	Soil	Dunes	Marram dunes (white dunes)
MFD01275.bin.c.8	Y	Enslevisoma	aridum	N.L.	neut.	Microbe found nearby Enslev	A species found in sand	gen. nov.	sp. nov.	GTDB marker genes and 16S rRNA	GCA_963718875.1	Oxford Nanopore PromethION	mmlong2	1189924	1	14.5519	46.53	98.15	1.08	1	21	d__Bacteria;p__Patescibacteria;c__Saccharimonadia;o__UBA4664;f__JAHWKN01;g__Unclassified;s__Unclassified	d__Bacteria;p__Patescibacteria;c__Saccharimonadia;o__Adborkimicrobiales;f__Enslevisomataceae;g__Enslevisoma;s__Enslevisoma aridum	d__Bacteria;p__Patescibacteria;c__Saccharimonadia;o__Saccharimonadales;f__Incertae Sedis;g__Incertae Sedis;s__uncultured bacterium	92.6	MFD01275	Denmark	10.8089	56.5332	Soil	Dunes	Marram dunes (white dunes)
MFD01299.bin.1.245	Y	Aadumius	lacustris	N.L.	masch.	Microbe found nearby Aadum	A species found in a lake	gen. nov.	sp. nov.	GTDB marker genes and 16S rRNA	GCA_963721805.1	Oxford Nanopore PromethION	mmlong2	2775341	9	31.519266	60.28	94	0.71	2	23	d__Bacteria;p__Nitrospirota;c__Thermodesulfovibrionia;o__Thermodesulfovibrionales;f__JdFR-86;g__Unclassified;s__Unclassified	d__Bacteria;p__Nitrospirota;c__Thermodesulfovibrionia;o__Thermodesulfovibrionales;f__Aadumiaceae;g__Aadumius;s__Aadumius lacustris	d__Bacteria;p__Nitrospirota;c__Thermodesulfovibrionia;o__Incertae Sedis;f__Incertae Sedis;g__Incertae Sedis;s__marine sediment metagenome	91.2	MFD01299	Denmark	8.627054339	55.80287147	Sediment	Freshwater	"Lake, Rich pondweed"
MFD01299.bin.c.3	Y	Egvadium	lacustre	N.L.	neut.	Microbe found nearby Egvad	A species found in a lake	Formerly ''Incertae Sedis'' in Silva 138.2	sp. nov.	GTDB marker genes and 16S rRNA	GCA_963716185.1	Oxford Nanopore PromethION	mmlong2	3585087	1	103.52829	45.9	100	3.48	2	23	d__Bacteria;p__Nitrospirota;c__Thermodesulfovibrionia;o__Thermodesulfovibrionales;f__SM23-35;g__Unclassified;s__Unclassified	d__Bacteria;p__Nitrospirota;c__Thermodesulfovibrionia;o__Thermodesulfovibrionales;f__Estvadiaceae;g__Egvadium;s__Egvadium lacustre	d__Bacteria;p__Nitrospirota;c__Thermodesulfovibrionia;o__Incertae Sedis;f__Incertae Sedis;g__Incertae Sedis;s__uncultured bacterium	98.2	MFD01299	Denmark	8.627054339	55.80287147	Sediment	Freshwater	"Lake, Rich pondweed"
MFD01299.bin.c.4	Y	Hoveniaba	danica	N.L.	fem.	Microbe found nearby Hoven	A species from Denmark	Formerly ''Incertae Sedis'' in Silva 138.2	sp. nov.	GTDB marker genes and 16S rRNA	GCA_963701285.1	Oxford Nanopore PromethION	mmlong2	2656704	1	27.359848	66.59	90.76	0.73	1	23	d__Bacteria;p__Chloroflexota;c__Dehalococcoidia;o__SM23-28-2;f__SM23-28-2;g__Unclassified;s__Unclassified	d__Bacteria;p__Chloroflexota;c__Dehalococcoidia;o__Hoveniabales;f__Hoveniabaceae;g__Hoveniaba;s__Hoveniaba danica	d__Bacteria;p__Chloroflexota;c__Dehalococcoidia;o__S085;f__Incertae Sedis;g__Incertae Sedis;s__uncultured bacterium	97.7	MFD01299	Denmark	8.627054339	55.80287147	Sediment	Freshwater	"Lake, Rich pondweed"
MFD01476.bin.1.124	Y	Broendumivita	vicina	N.L.	fem.	Microbe found nearby Broendum	A species related to but distinct from the existing species	Formerly ''Incertae Sedis'' in Silva 138.2	sp. nov.	GTDB marker genes and 16S rRNA	GCA_963727845.1	Oxford Nanopore PromethION	mmlong2	4120203	6	20.281101	51.97	97.46	2.06	1	21	d__Bacteria;p__Bacteroidota;c__UBA10030;o__UBA10030;f__SZUA-254;g__Unclassified;s__Unclassified	d__Bacteria;p__Bacteroidota;c__Skagenicolia;o__Skagenicolales;f__Broendumivitaceae;g__Broendumivita;s__Broendumivita vicina	d__Bacteria;p__Candidatus Kryptonia;c__Kryptonia;o__Kryptoniales;f__BSV26;g__Incertae Sedis;s__uncultured bacterium	95.5	MFD01476	Denmark	8.826613964	56.50596583	Sediment	Freshwater	"Lake, Dystrophic"
MFD01476.bin.1.72	Y	Vollingiana	proxima	N.L.	fem.	Microbe found nearby Volling	A species related to but distinct from the existing species	gen. nov.	sp. nov.	GTDB marker genes and 16S rRNA	GCA_963790825.1	Oxford Nanopore PromethION	mmlong2	1464923	4	14.479431	38.75	95.59	0.99	1	19	d__Bacteria;p__Patescibacteria;c__Microgenomatia;o__Levybacterales;f__UBA12049;g__Unclassified;s__Unclassified	d__Bacteria;p__Patescibacteria;c__Microgenomatia;o__Levybacterales;f__Sevelisomataceae;g__Vollingiana;s__Vollingiana proxima	d__Bacteria;p__Patescibacteria;c__Microgenomatia;o__Candidatus Levybacteria;f__Incertae Sedis;g__Incertae Sedis;s__wastewater metagenome	87.3	MFD01476	Denmark	8.826613964	56.50596583	Sediment	Freshwater	"Lake, Dystrophic"
MFD01476.bin.c.1	Y	Vejbyus	borealis	N.L.	masch.	Microbe found nearby Vejby	A species from the north	Formerly ''Incertae Sedis'' in Silva 138.2	sp. nov.	GTDB marker genes and 16S rRNA	GCA_963701315.1	Oxford Nanopore PromethION	mmlong2	7039462	1	25.387108	68.38	91.12	2.22	1	23	d__Bacteria;p__Acidobacteriota;c__Vicinamibacteria;o__Vicinamibacterales;f__Fen-181;g__Unclassified;s__Unclassified	d__Bacteria;p__Acidobacteriota;c__Vicinamibacteria;o__Vicinamibacterales;f__Tolstrupiabaceae;g__Vejbyus;s__Vejbyus borealis	d__Bacteria;p__Acidobacteriota;c__Vicinamibacteria;o__Vicinamibacterales;f__Incertae Sedis;g__Incertae Sedis;s__uncultured Acidobacteria bacterium	98.2	MFD01476	Denmark	8.826613964	56.50596583	Sediment	Freshwater	"Lake, Dystrophic"
MFD01689.bin.1.23	Y	Skadsibacterium	danicum	N.L.	neut.	Microbe found nearby Skads	A species from Denmark	Formerly ''Incertae Sedis'' in Silva 138.2	Formerly ''uncultured Acidobacteria bacterium'' in Silva 138.2	GTDB marker genes and 16S rRNA	GCA_963762965.1	Oxford Nanopore PromethION	mmlong2	4313930	6	24.813011	56.44	98.37	0.94	1	23	d__Bacteria;p__Acidobacteriota;c__Terriglobia;o__Terriglobales;f__SbA1;g__Unclassified;s__Unclassified	d__Bacteria;p__Acidobacteriota;c__Terriglobia;o__Terriglobales;f__SbA1;g__Skadsibacterium;s__Skadsibacterium danicum	d__Bacteria;p__Acidobacteriota;c__Acidobacteriae;o__Terriglobales;f__Incertae Sedis;g__Incertae Sedis;s__uncultured Acidobacteria bacterium	99.7	MFD01689	Denmark	8.4696	55.595	Soil	"Bogs, mires and fens"	Rhynchosporion depressions
MFD01689.bin.1.35	Y	Aarremorpha	similis	N.L.	fem.	Microbe found nearby Aarre	A species related to but distinct from the existing species	gen. nov.	sp. nov.	GTDB marker genes and 16S rRNA	GCA_963744145.1	Oxford Nanopore PromethION	mmlong2	7702779	4	54.320927	39.37	96.3	1.41	3	22	d__Bacteria;p__Cyanobacteriota;c__Cyanobacteriia;o__Cyanobacteriales;f__Oscillatoriaceae;g__Unclassified;s__Unclassified	d__Bacteria;p__Cyanobacteriota;c__Cyanobacteriia;o__Cyanobacteriales;f__Oscillatoriaceae;g__Aarremorpha;s__Aarremorpha similis	d__Bacteria;p__Cyanobacteriota;c__Cyanobacteriia;o__Cyanobacteriales;f__Phormidiaceae;g__Kamptonema PCC-6407;s__Kamptonema animale SAG 1459-6	93.5	MFD01689	Denmark	8.4696	55.595	Soil	"Bogs, mires and fens"	Rhynchosporion depressions
MFD01689.bin.1.76	Y	Jernebacter	glebicus	N.L.	masch.	Microbe found nearby Jerne	A species found in soil	Formerly ''Incertae Sedis'' in Silva 138.2	sp. nov.	GTDB marker genes and 16S rRNA	GCA_963757945.1	Oxford Nanopore PromethION	mmlong2	3420584	2	87.15182	66.71	95.07	0.15	1	22	d__Bacteria;p__Eremiobacterota;c__Eremiobacteria;o__Baltobacterales;f__Baltobacteraceae;g__Unclassified;s__Unclassified	d__Bacteria;p__Eremiobacterota;c__Eremiobacteria;o__Baltobacterales;f__Baltobacteraceae;g__Jernebacter;s__Jernebacter glebicus	d__Bacteria;p__Candidatus Eremiobacterota;c__Eremiobacteria;o__Incertae Sedis;f__Incertae Sedis;g__Incertae Sedis;s__uncultured bacterium	96.7	MFD01689	Denmark	8.4696	55.595	Soil	"Bogs, mires and fens"	Rhynchosporion depressions
MFD01716.bin.c.1	Y	Vridstediana	adiacens	N.L.	fem.	Microbe found nearby Vridsted	A species related to but distinct from the existing species	Formerly ''Incertae Sedis'' in Silva 138.2	sp. nov.	GTDB marker genes and 16S rRNA	GCA_963698045.1	Oxford Nanopore PromethION	mmlong2	1731632	1	15.519899	37.56	90.09	2.14	1	22	d__Bacteria;p__Dependentiae;c__Babeliae;o__Babeliales;f__Vermiphilaceae;g__Unclassified;s__Unclassified	d__Bacteria;p__Dependentiae;c__Babeliae;o__Babeliales;f__Vermiphilaceae;g__Vridstediana;s__Vridstediana adiacens	d__Bacteria;p__Dependentiae;c__Babeliae;o__Babeliales;f__Vermiphilaceae;g__Incertae Sedis;s__uncultured bacterium	98.3	MFD01716	Denmark	8.9253	56.4939	Soil	Temperate heath and scrub	Wet heath
MFD01721.bin.1.114	Y	Fredensisoma	oricum	N.L.	neut.	Microbe found nearby Fredens	A species found in the coast	Formerly ''Incertae Sedis'' in Silva 138.2	sp. nov.	GTDB marker genes and 16S rRNA	GCA_963728475.1	Oxford Nanopore PromethION	mmlong2	4602483	4	23.978664	70.41	98.78	0.04	1	23	d__Bacteria;p__Eisenbacteria;c__RBG-16-71-46;o__JABDJR01;f__Unclassified;g__Unclassified;s__Unclassified	d__Bacteria;p__Eisenbacteria;c__Ravnsnaesimenia;o__Fredensisomatales;f__Fredensisomataceae;g__Fredensisoma;s__Fredensisoma oricum	d__Bacteria;p__Latescibacterota;c__Incertae Sedis;o__Incertae Sedis;f__Incertae Sedis;g__Incertae Sedis;s__uncultured bacterium	95.4	MFD01721	Denmark	10.5019	55.4485	Soil	Coastal	Salicornia mud
MFD01721.bin.1.268	Y	Aasumibacter	vicinus	N.L.	masch.	Microbe found nearby Aasum	A species related to but distinct from the existing species	gen. nov.	sp. nov.	GTDB marker genes and 16S rRNA	GCA_963771515.1	Oxford Nanopore PromethION	mmlong2	2231513	6	20.773264	40.53	95.07	0.28	1	22	d__Bacteria;p__Pseudomonadota;c__Gammaproteobacteria;o__JAURND01;f__Unclassified;g__Unclassified;s__Unclassified	d__Bacteria;p__Pseudomonadota;c__Gammaproteobacteria;o__Aasumibacterales;f__Aasumibacteraceae;g__Aasumibacter;s__Aasumibacter vicinus	d__Bacteria;p__Pseudomonadota;c__Gammaproteobacteria;o__Coxiellales;f__Coxiellaceae;g__Coxiella;s__uncultured bacterium	94.4	MFD01721	Denmark	10.5019	55.4485	Soil	Coastal	Salicornia mud
MFD01721.bin.1.315	Y	Vollsmosecola	proximus	N.L.	masch.	Microbe found nearby Vollsmose	A species related to but distinct from the existing species	Formerly ''Incertae Sedis'' in Silva 138.2	sp. nov.	GTDB marker genes and 16S rRNA	GCA_963779865.1	Oxford Nanopore PromethION	mmlong2	3558855	4	36.42039	68.32	93.36	0.73	1	22	d__Bacteria;p__Pseudomonadota;c__Gammaproteobacteria;o__UBA6429;f__Unclassified;g__Unclassified;s__Unclassified	d__Bacteria;p__Pseudomonadota;c__Gammaproteobacteria;o__UBA6429;f__Vollsmosecolaceae;g__Vollsmosecola;s__Vollsmosecola proximus	d__Bacteria;p__Pseudomonadota;c__Gammaproteobacteria;o__1013-28-CG33;f__Incertae Sedis;g__Incertae Sedis;s__uncultured bacterium	94.5	MFD01721	Denmark	10.5019	55.4485	Soil	Coastal	Salicornia mud
MFD01721.bin.1.37	Y	Koelstrupimen	humicum	N.L.	neut.	Microbe found nearby Koelstrup	A species found in soil	gen. nov.	sp. nov.	GTDB marker genes and 16S rRNA	GCA_963798775.1	Oxford Nanopore PromethION	mmlong2	4538317	8	22.910656	34.12	93.19	1.09	1	23	d__Bacteria;p__Bacteroidota;c__Ignavibacteria;o__Ignavibacteriales;f__Ignavibacteriaceae;g__Unclassified;s__Unclassified	d__Bacteria;p__Bacteroidota;c__Ignavibacteria;o__Ignavibacteriales;f__Ignavibacteriaceae;g__Koelstrupimen;s__Koelstrupimen humicum	d__Bacteria;p__Ignavibacteriota;c__Ignavibacteria;o__Ignavibacteriales;f__Incertae Sedis;g__Incertae Sedis;s__uncultured bacterium	94.1	MFD01721	Denmark	10.5019	55.4485	Soil	Coastal	Salicornia mud
MFD01721.bin.1.65	Y	Stigeiella	tellurica	N.L.	fem.	Microbe found nearby Stige	A species found in soil	Formerly ''Incertae Sedis'' in Silva 138.2	sp. nov.	GTDB marker genes and 16S rRNA	GCA_963779845.1	Oxford Nanopore PromethION	mmlong2	3914745	6	25.973387	41.53	96.98	0.71	1	22	d__Bacteria;p__Bacteroidota;c__Bacteroidia;o__Bacteroidales;f__GCA-2748055;g__Unclassified;s__Unclassified	d__Bacteria;p__Bacteroidota;c__Bacteroidia;o__Bacteroidales;f__Stigeiellaceae;g__Stigeiella;s__Stigeiella tellurica	d__Bacteria;p__Bacteroidota;c__Bacteroidia;o__Bacteroidales;f__SB-5;g__Incertae Sedis;s__uncultured organism	94.9	MFD01721	Denmark	10.5019	55.4485	Soil	Coastal	Salicornia mud
MFD01721.bin.1.79	Y	Marslevibacter	oricus	N.L.	masch.	Microbe found nearby Marslev	A species found in the coast	gen. nov.	sp. nov.	GTDB marker genes and 16S rRNA	GCA_963773545.1	Oxford Nanopore PromethION	mmlong2	4202682	3	89.00611	68.49	99.83	0.44	1	23	d__Bacteria;p__Gemmatimonadota;c__Gemmatimonadetes;o__Gemmatimonadales;f__Gemmatimonadaceae;g__Unclassified;s__Unclassified	d__Bacteria;p__Gemmatimonadota;c__Gemmatimonadetes;o__Gemmatimonadales;f__Gemmatimonadaceae;g__Marslevibacter;s__Marslevibacter oricus	d__Bacteria;p__Gemmatimonadota;c__Gemmatimonadia;o__Gemmatimonadales;f__Gemmatimonadaceae;g__Gemmatimonas;s__uncultured bacterium	92.7	MFD01721	Denmark	10.5019	55.4485	Soil	Coastal	Salicornia mud
MFD01721.bin.1.80	Y	Skebyvita	ripica	N.L.	fem.	Microbe found nearby Skeby	A species found in the coast	gen. nov.	sp. nov.	GTDB marker genes and 16S rRNA	GCA_963821715.1	Oxford Nanopore PromethION	mmlong2	3767409	10	32.82426	37.55	97.89	0.25	1	22	d__Bacteria;p__Bacteroidota;c__Ignavibacteria;o__Ignavibacteriales;f__Melioribacteraceae;g__Unclassified;s__Unclassified	d__Bacteria;p__Bacteroidota;c__Ignavibacteria;o__Ignavibacteriales;f__Melioribacteraceae;g__Skebyvita;s__Skebyvita ripica	d__Bacteria;p__Ignavibacteriota;c__Ignavibacteria;o__Ignavibacteriales;f__Melioribacteraceae;g__Melioribacter;s__uncultured bacterium	92.5	MFD01721	Denmark	10.5019	55.4485	Soil	Coastal	Salicornia mud
MFD01721.bin.1.82	Y	Oestrupivivens	oricus	N.L.	masch.	Microbe found nearby Oestrup	A species found in the coast	gen. nov.	sp. nov.	GTDB marker genes and 16S rRNA	GCA_963798855.1	Oxford Nanopore PromethION	mmlong2	5218354	5	28.009153	69.45	95.56	1.46	2	23	d__Bacteria;p__Gemmatimonadota;c__Gemmatimonadetes;o__Longimicrobiales;f__RSA9;g__Unclassified;s__Unclassified	d__Bacteria;p__Gemmatimonadota;c__Gemmatimonadetes;o__Longimicrobiales;f__Munkeboaceae;g__Oestrupivivens;s__Oestrupivivens oricus	d__Bacteria;p__Gemmatimonadota;c__S0134 terrestrial group;o__Incertae Sedis;f__Incertae Sedis;g__Incertae Sedis;s__uncultured bacterium	91.8	MFD01721	Denmark	10.5019	55.4485	Soil	Coastal	Salicornia mud
MFD01721.bin.1.94	Y	Drigstrupium	litorale	N.L.	neut.	Microbe found nearby Drigstrup	A species found in the coast	gen. nov.	sp. nov.	GTDB marker genes and 16S rRNA	GCA_963829705.1	Oxford Nanopore PromethION	mmlong2	3885004	5	22.855213	67.08	97.64	0.02	1	22	d__Bacteria;p__Bacteroidota;c__Rhodothermia;o__Rhodothermales;f__BA12;g__Unclassified;s__Unclassified	d__Bacteria;p__Bacteroidota;c__Rhodothermia;o__Rhodothermales;f__Drigstrupiaceae;g__Drigstrupium;s__Drigstrupium litorale	d__Bacteria;p__Rhodothermota;c__Rhodothermia;o__Rhodothermales;f__Rhodothermaceae;g__Incertae Sedis;s__uncultured bacterium	90.2	MFD01721	Denmark	10.5019	55.4485	Soil	Coastal	Salicornia mud
MFD01721.bin.c.5	Y	Lumbyella	orica	N.L.	fem.	Microbe found nearby Lumby	A species found in the coast	gen. nov.	sp. nov.	GTDB marker genes and 16S rRNA	GCA_963708135.1	Oxford Nanopore PromethION	mmlong2	5445952	1	78.76299	71.96	97.65	3.13	2	23	d__Bacteria;p__Gemmatimonadota;c__Gemmatimonadetes;o__Longimicrobiales;f__RSA9;g__Unclassified;s__Unclassified	d__Bacteria;p__Gemmatimonadota;c__Gemmatimonadetes;o__Longimicrobiales;f__Munkeboaceae;g__Lumbyella;s__Lumbyella orica	d__Bacteria;p__Gemmatimonadota;c__S0134 terrestrial group;o__Incertae Sedis;f__Incertae Sedis;g__Incertae Sedis;s__uncultured bacterium	93.1	MFD01721	Denmark	10.5019	55.4485	Soil	Coastal	Salicornia mud
MFD01872.bin.1.224	Y	Hoddevivens	nordicus	N.L.	masch.	Microbe found nearby Hodde	A species from the Nordic region	Formerly ''Incertae Sedis'' in Silva 138.2	Formerly ''uncultured bacterium'' in Silva 138.2	GTDB marker genes and 16S rRNA	GCA_963779415.1	Oxford Nanopore PromethION	mmlong2	4359815	3	22.533579	68.43	92.42	0.01	1	23	d__Bacteria;p__Acidobacteriota;c__Thermoanaerobaculia;o__UBA5066;f__UBA5066;g__Unclassified;s__Unclassified	d__Bacteria;p__Acidobacteriota;c__Thermoanaerobaculia;o__Outrupibacteriales;f__Outrupibacteriaceae;g__Hoddevivens;s__Hoddevivens nordicus	d__Bacteria;p__Acidobacteriota;c__Holophagae;o__Subgroup 7;f__Incertae Sedis;g__Incertae Sedis;s__uncultured bacterium	99.1	MFD01872	Denmark	8.4984	55.6264	Soil	"Bogs, mires and fens"	Alkaline fens
MFD01916.bin.1.18	Y	Strandbycoccus	aridus	N.L.	masch.	Microbe found nearby Strandby	A species found in sand	gen. nov.	sp. nov.	GTDB marker genes and 16S rRNA	GCA_963779245.1	Oxford Nanopore PromethION	mmlong2	1694590	2	14.172521	57.41	96.68	0.93	1	21	d__Bacteria;p__Patescibacteria;c__Gracilibacteria;o__Peribacterales;f__Peribacteraceae;g__Unclassified;s__Unclassified	d__Bacteria;p__Patescibacteria;c__Gracilibacteria;o__Peribacterales;f__Peribacteraceae;g__Strandbycoccus;s__Strandbycoccus aridus	d__Bacteria;p__Patescibacteria;c__Parcubacteria;o__Candidatus Kaiserbacteria;f__Incertae Sedis;g__Incertae Sedis;s__uncultured bacterium	86.8	MFD01916	Denmark	10.4385	57.5446	Soil	Dunes	Fixed dunes (grey dunes)
MFD01916.bin.c.5	Y	Ellingivita	tellurica	N.L.	fem.	Microbe found nearby Elling	A species found in soil	Formerly ''Incertae Sedis'' in Silva 138.2	sp. nov.	GTDB marker genes and 16S rRNA	GCA_963718105.1	Oxford Nanopore PromethION	mmlong2	4841888	1	67.50624	51.61	95.25	0.1	1	23	d__Bacteria;p__Acidobacteriota;c__Blastocatellia;o__Pyrinomonadales;f__Pyrinomonadaceae;g__Unclassified;s__Unclassified	d__Bacteria;p__Acidobacteriota;c__Blastocatellia;o__Pyrinomonadales;f__Pyrinomonadaceae;g__Ellingivita;s__Ellingivita tellurica	d__Bacteria;p__Acidobacteriota;c__Blastocatellia;o__Blastocatellales;f__Blastocatellaceae;g__Incertae Sedis;s__uncultured bacterium	98	MFD01916	Denmark	10.4385	57.5446	Soil	Dunes	Fixed dunes (grey dunes)
MFD01916.bin.c.6	Y	Mosbjergius	danicus	N.L.	masch.	Microbe found nearby Mosbjerg	A species from Denmark	Formerly ''Incertae Sedis'' in Silva 138.2	sp. nov.	GTDB marker genes and 16S rRNA	GCA_963720545.1	Oxford Nanopore PromethION	mmlong2	4089372	1	45.52397	68.74	94.79	0.41	1	23	d__Bacteria;p__Acidobacteriota;c__Vicinamibacteria;o__Fen-336;f__Fen-336;g__Unclassified;s__Unclassified	d__Bacteria;p__Acidobacteriota;c__Vicinamibacteria;o__Mosbjergiales;f__Mosbjergiaceae;g__Mosbjergius;s__Mosbjergius danicus	d__Bacteria;p__Acidobacteriota;c__Vicinamibacteria;o__Subgroup 17;f__Incertae Sedis;g__Incertae Sedis;s__uncultured bacterium	97.8	MFD01916	Denmark	10.4385	57.5446	Soil	Dunes	Fixed dunes (grey dunes)
MFD01916.bin.c.8	Y	Tolneiella	terrea	N.L.	fem.	Microbe found nearby Tolne	A species found in soil	gen. nov.	sp. nov.	GTDB marker genes and 16S rRNA	GCA_963716145.1	Oxford Nanopore PromethION	mmlong2	1142061	1	21.109459	39.21	93.41	0.85	1	20	d__Bacteria;p__Patescibacteria;c__Microgenomatia;o__Levybacterales;f__UBA12049;g__Unclassified;s__Unclassified	d__Bacteria;p__Patescibacteria;c__Microgenomatia;o__Levybacterales;f__Sevelisomataceae;g__Tolneiella;s__Tolneiella terrea	d__Bacteria;p__Patescibacteria;c__Microgenomatia;o__Candidatus Levybacteria;f__Incertae Sedis;g__Incertae Sedis;s__uncultured bacterium	92.5	MFD01916	Denmark	10.4385	57.5446	Soil	Dunes	Fixed dunes (grey dunes)
MFD02134.bin.1.158	Y	Virklundicola	contiguus	N.L.	masch.	Microbe found nearby Virklund	A species related to but distinct from the existing species	Formerly ''Incertae Sedis'' in Silva 138.2	Formerly ''uncultured bacterium'' in Silva 138.2	GTDB marker genes and 16S rRNA	GCA_963760715.1	Oxford Nanopore PromethION	mmlong2	3386877	8	34.016342	73.79	97.41	0.4	1	23	d__Bacteria;p__Actinomycetota;c__Thermoleophilia;o__Miltoncostaeales;f__Miltoncostaeaceae;g__Unclassified;s__Unclassified	d__Bacteria;p__Actinomycetota;c__Thermoleophilia;o__Miltoncostaeales;f__Miltoncostaeaceae;g__Virklundicola;s__Virklundicola contiguus	d__Bacteria;p__Actinomycetota;c__Thermoleophilia;o__Gaiellales;f__Incertae Sedis;g__Incertae Sedis;s__uncultured bacterium	99.8	MFD02134	Denmark	9.5887	56.0562	Soil	"Bogs, mires and fens"	Wet thicket  (non-habitat type)
MFD02134.bin.1.166	Y	Svejbaekivita	borealis	N.L.	fem.	Microbe found nearby Svejbaek	A species from the north	Formerly ''Incertae Sedis'' in Silva 138.2	sp. nov.	GTDB marker genes and 16S rRNA	GCA_963726755.1	Oxford Nanopore PromethION	mmlong2	3019137	3	26.613728	62.73	90.76	0.64	1	22	d__Bacteria;p__Actinomycetota;c__Actinomycetes;o__JAHEKZ01;f__JAHEKZ01;g__Unclassified;s__Unclassified	d__Bacteria;p__Actinomycetota;c__Actinomycetes;o__Daastrupimenales;f__Daastrupimenaceae;g__Svejbaekivita;s__Svejbaekivita borealis	d__Bacteria;p__Actinomycetota;c__Actinobacteria;o__Frankiales;f__Incertae Sedis;g__Incertae Sedis;s__uncultured bacterium	98.2	MFD02134	Denmark	9.5887	56.0562	Soil	"Bogs, mires and fens"	Wet thicket  (non-habitat type)
MFD02134.bin.1.63	Y	Toenningivita	contigua	N.L.	fem.	Microbe found nearby Toenning	A species related to but distinct from the existing species	Formerly ''Incertae Sedis'' in Silva 138.2	sp. nov.	GTDB marker genes and 16S rRNA	GCA_963726575.1	Oxford Nanopore PromethION	mmlong2	3376253	7	51.444496	68.66	96.52	0.88	1	22	d__Bacteria;p__Actinomycetota;c__Actinomycetes;o__JAHEKZ01;f__JAHEKZ01;g__Unclassified;s__Unclassified	d__Bacteria;p__Actinomycetota;c__Actinomycetes;o__Daastrupimenales;f__Daastrupimenaceae;g__Toenningivita;s__Toenningivita contigua	d__Bacteria;p__Actinomycetota;c__Actinobacteria;o__Frankiales;f__Incertae Sedis;g__Incertae Sedis;s__uncultured actinobacterium	97.4	MFD02134	Denmark	9.5887	56.0562	Soil	"Bogs, mires and fens"	Wet thicket  (non-habitat type)
MFD02199.bin.1.2	Y	Borkopihabitans	europaeus	N.L.	masch.	Microbe found nearby Borkop	A species from Europe	Formerly ''Incertae Sedis'' in Silva 138.2	Formerly ''uncultured bacterium'' in Silva 138.2	GTDB marker genes and 16S rRNA	GCA_963710975.1	Oxford Nanopore PromethION	mmlong2	3749253	8	16.701818	67.6	92.63	3.29	1	22	d__Bacteria;p__Actinomycetota;c__Thermoleophilia;o__Gaiellales;f__Gaiellaceae;g__Unclassified;s__Unclassified	d__Bacteria;p__Actinomycetota;c__Thermoleophilia;o__Gaiellales;f__Gaiellaceae;g__Borkopihabitans;s__Borkopihabitans europaeus	d__Bacteria;p__Actinomycetota;c__Thermoleophilia;o__Gaiellales;f__Incertae Sedis;g__Incertae Sedis;s__uncultured bacterium	99	MFD02199	Denmark	9.655	55.5948	Soil	Grassland formations	Hydrophilous tall-herb swamp
MFD02242.bin.1.86	Y	Lisbjergisoma	terreus	N.L.	neut.	Microbe found nearby Lisbjerg	A species found in soil	Formerly ''Incertae Sedis'' in Silva 138.2	Formerly ''uncultured bacterium'' in Silva 138.2	GTDB marker genes and 16S rRNA	GCA_963826145.1	Oxford Nanopore PromethION	mmlong2	3624306	2	20.022385	64.04	95.86	0.98	1	21	d__Bacteria;p__Pseudomonadota;c__Gammaproteobacteria;o__Steroidobacterales;f__Steroidobacteraceae;g__Unclassified;s__Unclassified	d__Bacteria;p__Pseudomonadota;c__Gammaproteobacteria;o__Steroidobacterales;f__Steroidobacteraceae;g__Lisbjergisoma;s__Lisbjergisoma terreus	d__Bacteria;p__Pseudomonadota;c__Gammaproteobacteria;o__PLTA13;f__Incertae Sedis;g__Incertae Sedis;s__uncultured bacterium	99.1	MFD02242	Denmark	10.105	56.2065	Soil	Grassland formations	Hydrophilous tall-herb swamp
MFD02248.bin.1.137	Y	Vesteroeus	europaeus	N.L.	masch.	Microbe found nearby Vesteroe	A species from Europe	gen. nov.	sp. nov.	GTDB marker genes and 16S rRNA	GCA_963815915.1	Oxford Nanopore PromethION	mmlong2	5552723	4	45.865242	66.1	99.68	2.25	1	22	d__Bacteria;p__Pseudomonadota;c__Alphaproteobacteria;o__Unclassified;f__Unclassified;g__Unclassified;s__Unclassified	d__Bacteria;p__Pseudomonadota;c__Alphaproteobacteria;o__Vesteroeales;f__Vesteroeaceae;g__Vesteroeus;s__Vesteroeus europaeus	d__Bacteria;p__Pseudomonadota;c__Alphaproteobacteria;o__Defluviicoccales;f__Incertae Sedis;g__Incertae Sedis;s__uncultured soil bacterium	93.4	MFD02248	Denmark	10.9751	57.2786	Soil	Temperate heath and scrub	Wet heath
MFD02248.bin.1.208	Y	Vesteroecola	humicus	N.L.	masch.	Microbe found nearby Vesteroe	A species found in soil	gen. nov.	sp. nov.	GTDB marker genes and 16S rRNA	GCA_963711375.1	Oxford Nanopore PromethION	mmlong2	3191113	5	20.486555	40.37	94.45	0.41	1	22	d__Bacteria;p__Pseudomonadota;c__Gammaproteobacteria;o__Coxiellales;f__Coxiellaceae;g__Unclassified;s__Unclassified	d__Bacteria;p__Pseudomonadota;c__Gammaproteobacteria;o__Coxiellales;f__Coxiellaceae;g__Vesteroecola;s__Vesteroecola humicus	d__Bacteria;p__Pseudomonadota;c__Gammaproteobacteria;o__Coxiellales;f__Coxiellaceae;g__Coxiella;s__uncultured bacterium	94.1	MFD02248	Denmark	10.9751	57.2786	Soil	Temperate heath and scrub	Wet heath
MFD02360.bin.1.316	Y	Hillersleviella	propinqua	N.L.	fem.	Microbe found nearby Hillerslev	A species related to but distinct from the existing species	Formerly ''Incertae Sedis'' in Silva 138.2	sp. nov.	GTDB marker genes and 16S rRNA	GCA_963848525.1	Oxford Nanopore PromethION	mmlong2	3346790	6	27.204126	71.11	92.21	4.77	1	23	d__Bacteria;p__Actinomycetota;c__Thermoleophilia;o__Gaiellales;f__Gaiellaceae;g__Unclassified;s__Unclassified	d__Bacteria;p__Actinomycetota;c__Thermoleophilia;o__Gaiellales;f__Gaiellaceae;g__Hillersleviella;s__Hillersleviella propinqua	d__Bacteria;p__Actinomycetota;c__Thermoleophilia;o__Gaiellales;f__Incertae Sedis;g__Incertae Sedis;s__uncultured bacterium	97.2	MFD02360	Denmark	8.7192	57.0795	Soil	Grassland formations	Calcareous grassland
MFD02416.bin.1.10	Y	Flejsborgiaba	litoralis	N.L.	fem.	Microbe found nearby Flejsborg	A species found in the coast	Formerly ''Incertae Sedis'' in Silva 138.2	sp. nov.	GTDB marker genes and 16S rRNA	GCA_963775335.1	Oxford Nanopore PromethION	mmlong2	4760980	7	29.902084	65.35	99.55	1.45	1	22	d__Bacteria;p__Pseudomonadota;c__Gammaproteobacteria;o__Chromatiales;f__Sedimenticolaceae;g__Unclassified;s__Unclassified	d__Bacteria;p__Pseudomonadota;c__Gammaproteobacteria;o__Chromatiales;f__Sedimenticolaceae;g__Flejsborgiaba;s__Flejsborgiaba litoralis	d__Bacteria;p__Pseudomonadota;c__Gammaproteobacteria;o__Chromatiales;f__Chromatiaceae;g__Incertae Sedis;s__uncultured bacterium	94.7	MFD02416	Denmark	9.5553	56.8577	Soil	Coastal	Inland salt meadows
MFD02416.bin.1.121	Y	Oudrupius	oricus	N.L.	masch.	Microbe found nearby Oudrup	A species found in the coast	gen. nov.	sp. nov.	GTDB marker genes and 16S rRNA	GCA_963782975.1	Oxford Nanopore PromethION	mmlong2	1615041	3	13.268958	42.78	100	0.11	2	22	d__Bacteria;p__Pseudomonadota;c__Alphaproteobacteria;o__43-37;f__Unclassified;g__Unclassified;s__Unclassified	d__Bacteria;p__Pseudomonadota;c__Alphaproteobacteria;o__Oudrupiales;f__Oudrupiaceae;g__Oudrupius;s__Oudrupius oricus	d__Bacteria;p__Pseudomonadota;c__Alphaproteobacteria;o__Holosporales;f__Holosporaceae;g__Incertae Sedis;s__uncultured bacterium	89.7	MFD02416	Denmark	9.5553	56.8577	Soil	Coastal	Inland salt meadows
MFD02416.bin.1.122	Y	Aarestrupisoma	proximum	N.L.	neut.	Microbe found nearby Aarestrup	A species related to but distinct from the existing species	Formerly ''Incertae Sedis'' in Silva 138.2	Formerly ''metagenome'' in Silva 138.2	GTDB marker genes and 16S rRNA	GCA_963732855.1	Oxford Nanopore PromethION	mmlong2	2538210	6	11.455624	53.48	97.2	0.84	1	22	d__Archaea;p__Thermoplasmatota;c__Thermoplasmata;o__Methanomassiliicoccales;f__UBA472;g__Unclassified;s__Unclassified	d__Archaea;p__Thermoplasmatota;c__Thermoplasmata;o__Methanomassiliicoccales;f__Rudicoccaceae;g__Aarestrupisoma;s__Aarestrupisoma proximum	d__Archaea;p__Thermoplasmatota;c__Thermoplasmata;o__Methanomassiliicoccales;f__Methanomassiliicoccaceae;g__Incertae Sedis;s__metagenome	99.7	MFD02416	Denmark	9.5553	56.8577	Soil	Coastal	Inland salt meadows
MFD02416.bin.1.123	Y	Hornumiana	europaea	N.L.	fem.	Microbe found nearby Vester Hornum	A species from Europe	gen. nov.	sp. nov.	GTDB marker genes and 16S rRNA	GCA_963746775.1	Oxford Nanopore PromethION	mmlong2	1126366	3	14.161673	31.34	99.55	1.77	1	21	d__Bacteria;p__Patescibacteria;c__JABMPQ01;o__JABMPQ01;f__Unclassified;g__Unclassified;s__Unclassified	d__Bacteria;p__Patescibacteria;c__Hornumiania;o__Hornumianales;f__Hornumianaceae;g__Hornumiana;s__Hornumiana europaea	d__Bacteria;p__Patescibacteria;c__Parcubacteria;o__GWA2-38-13b;f__Incertae Sedis;g__Incertae Sedis;s__uncultured Parcubacteria group bacterium	84.5	MFD02416	Denmark	9.5553	56.8577	Soil	Coastal	Inland salt meadows
MFD02416.bin.1.279	Y	Sebberimonas	orica	N.L.	fem.	Microbe found nearby Sebber	A species found in the coast	Formerly ''Incertae Sedis'' in Silva 138.2	sp. nov.	GTDB marker genes and 16S rRNA	GCA_963782445.1	Oxford Nanopore PromethION	mmlong2	4920363	2	29.123774	67.49	100	1.18	1	22	d__Bacteria;p__Pseudomonadota;c__Gammaproteobacteria;o__Rariloculales;f__Rariloculaceae;g__Unclassified;s__Unclassified	d__Bacteria;p__Pseudomonadota;c__Gammaproteobacteria;o__Rariloculales;f__Rariloculaceae;g__Sebberimonas;s__Sebberimonas orica	d__Bacteria;p__Pseudomonadota;c__Gammaproteobacteria;o__EPR3968-O8a-Bc78;f__Incertae Sedis;g__Incertae Sedis;s__uncultured bacterium	97.7	MFD02416	Denmark	9.5553	56.8577	Soil	Coastal	Inland salt meadows
MFD02416.bin.1.281	Y	Vokslevivita	ripica	N.L.	fem.	Microbe found nearby Vokslev	A species found in the coast	Formerly ''Incertae Sedis'' in Silva 138.2	sp. nov.	GTDB marker genes and 16S rRNA	GCA_963761615.1	Oxford Nanopore PromethION	mmlong2	4390047	4	33.34424	69.42	99.72	2.09	1	22	d__Bacteria;p__Acidobacteriota;c__Vicinamibacteria;o__Vicinamibacterales;f__UBA2999;g__Unclassified;s__Unclassified	d__Bacteria;p__Acidobacteriota;c__Vicinamibacteria;o__Vicinamibacterales;f__Pjedstedimenaceae;g__Vokslevivita;s__Vokslevivita ripica	d__Bacteria;p__Acidobacteriota;c__Vicinamibacteria;o__Vicinamibacterales;f__Incertae Sedis;g__Incertae Sedis;s__uncultured bacterium	97	MFD02416	Denmark	9.5553	56.8577	Soil	Coastal	Inland salt meadows
MFD02416.bin.1.319	Y	Vognsildisoma	danicum	N.L.	neut.	Microbe found nearby Vognsild	A species from Denmark	Formerly ''Incertae Sedis'' in Silva 138.2	sp. nov.	GTDB marker genes and 16S rRNA	GCA_963711085.1	Oxford Nanopore PromethION	mmlong2	3776952	7	36.238754	53.47	97.08	1.65	1	23	d__Bacteria;p__Zixibacteria;c__MSB-5A5;o__GN15;f__FEB-12;g__Unclassified;s__Unclassified	d__Bacteria;p__Zixibacteria;c__Loejtimicrobiia;o__Guldagerisomatales;f__Guldagerisomataceae;g__Vognsildisoma;s__Vognsildisoma danicum	d__Bacteria;p__Zixibacteria;c__Incertae Sedis;o__Incertae Sedis;f__Incertae Sedis;g__Incertae Sedis;s__uncultured bacterium	94.6	MFD02416	Denmark	9.5553	56.8577	Soil	Coastal	Inland salt meadows
MFD02416.bin.1.351	Y	Nibecola	terreum	N.L.	masch.	Microbe found nearby Nibe	A species found in soil	Formerly ''Incertae Sedis'' in Silva 138.2	sp. nov.	GTDB marker genes and 16S rRNA	GCA_963732935.1	Oxford Nanopore PromethION	mmlong2	5514211	8	17.702608	70.65	96.97	4.77	1	23	d__Bacteria;p__Acidobacteriota;c__Vicinamibacteria;o__Fen-336;f__Fen-336;g__Unclassified;s__Unclassified	d__Bacteria;p__Acidobacteriota;c__Vicinamibacteria;o__Mosbjergiales;f__Mosbjergiaceae;g__Nibecola;s__Nibecola terreum	d__Bacteria;p__Acidobacteriota;c__Vicinamibacteria;o__Subgroup 17;f__Incertae Sedis;g__Incertae Sedis;s__uncultured Acidobacteria bacterium	95.8	MFD02416	Denmark	9.5553	56.8577	Soil	Coastal	Inland salt meadows
MFD02416.bin.1.36	Y	Ajstrupiana	ripica	N.L.	fem.	Microbe found nearby Store Ajstrup	A species found in the coast	Formerly ''Incertae Sedis'' in Silva 138.2	sp. nov.	GTDB marker genes and 16S rRNA	GCA_963761035.1	Oxford Nanopore PromethION	mmlong2	3054196	2	51.31943	56.35	99.4	2.33	1	22	d__Bacteria;p__Pseudomonadota;c__Gammaproteobacteria;o__CALZJG01;f__CALZJG01;g__Unclassified;s__Unclassified	d__Bacteria;p__Pseudomonadota;c__Gammaproteobacteria;o__Skarresoeiellales;f__Skarresoeiellaceae;g__Ajstrupiana;s__Ajstrupiana ripica	d__Bacteria;p__Pseudomonadota;c__Gammaproteobacteria;o__Beggiatoales;f__Beggiatoaceae;g__Incertae Sedis;s__uncultured bacterium	97.7	MFD02416	Denmark	9.5553	56.8577	Soil	Coastal	Inland salt meadows
MFD02416.bin.1.397	Y	Ajstrupiella	septentrionalis	N.L.	fem.	Microbe found nearby Store Ajstrup	A species from the north	gen. nov.	sp. nov.	GTDB marker genes and 16S rRNA	GCA_963814275.1	Oxford Nanopore PromethION	mmlong2	1732363	2	20.964865	47.11	96.12	0.62	1	20	d__Bacteria;p__Patescibacteria;c__ABY1;o__BM507;f__UBA12075;g__Unclassified;s__Unclassified	d__Bacteria;p__Patescibacteria;c__ABY1;o__Ajstrupiellales;f__Ajstrupiellaceae;g__Ajstrupiella;s__Ajstrupiella septentrionalis	d__Bacteria;p__Patescibacteria;c__ABY1;o__Candidatus Falkowbacteria;f__Incertae Sedis;g__Incertae Sedis;s__marine metagenome	92.5	MFD02416	Denmark	9.5553	56.8577	Soil	Coastal	Inland salt meadows
MFD02416.bin.1.4	Y	Ajstrupimorpha	ripica	N.L.	fem.	Microbe found nearby Store Ajstrup	A species found in the coast	gen. nov.	sp. nov.	GTDB marker genes and 16S rRNA	GCA_963826125.1	Oxford Nanopore PromethION	mmlong2	6017163	2	36.382862	57.86	100	4.33	1	23	d__Bacteria;p__Desulfobacterota;c__JACQYL01;o__JACQYL01;f__Unclassified;g__Unclassified;s__Unclassified	d__Bacteria;p__Desulfobacterota;c__Ajstrupimorphia;o__Ajstrupimorphales;f__Ajstrupimorphaceae;g__Ajstrupimorpha;s__Ajstrupimorpha ripica	d__Bacteria;p__Thermodesulfobacteriota;c__Desulfobacteria;o__Desulfobacterales;f__Incertae Sedis;g__Incertae Sedis;s__uncultured delta proteobacterium	94.1	MFD02416	Denmark	9.5553	56.8577	Soil	Coastal	Inland salt meadows
MFD02416.bin.1.43	Y	Vognsildiella	glebica	N.L.	fem.	Microbe found nearby Vognsild	A species found in soil	Formerly ''Incertae Sedis'' in Silva 138.2	sp. nov.	GTDB marker genes and 16S rRNA	GCA_963732875.1	Oxford Nanopore PromethION	mmlong2	3655414	4	20.814728	66.41	95.08	0.69	1	22	d__Bacteria;p__Pseudomonadota;c__Alphaproteobacteria;o__SMXQ01;f__SMXQ01;g__Unclassified;s__Unclassified	d__Bacteria;p__Pseudomonadota;c__Alphaproteobacteria;o__Vognsildiellales;f__Vognsildiellaceae;g__Vognsildiella;s__Vognsildiella glebica	d__Bacteria;p__Pseudomonadota;c__Alphaproteobacteria;o__Defluviicoccales;f__Incertae Sedis;g__Incertae Sedis;s__uncultured bacterium	96.8	MFD02416	Denmark	9.5553	56.8577	Soil	Coastal	Inland salt meadows
MFD02416.bin.1.7	Y	Hornumimonas	orica	N.L.	fem.	Microbe found nearby Vester Hornum	A species found in the coast	Formerly ''Incertae Sedis'' in Silva 138.2	sp. nov.	GTDB marker genes and 16S rRNA	GCA_963778665.1	Oxford Nanopore PromethION	mmlong2	3457643	6	18.73647	59.77	90.23	0.78	1	20	d__Bacteria;p__Pseudomonadota;c__Gammaproteobacteria;o__Unclassified;f__Unclassified;g__Unclassified;s__Unclassified	d__Bacteria;p__Pseudomonadota;c__Gammaproteobacteria;o__Hornumimonadales;f__Hornumimonadaceae;g__Hornumimonas;s__Hornumimonas orica	d__Bacteria;p__Pseudomonadota;c__Gammaproteobacteria;o__MBMPE27;f__Incertae Sedis;g__Incertae Sedis;s__uncultured bacterium	97.5	MFD02416	Denmark	9.5553	56.8577	Soil	Coastal	Inland salt meadows
MFD02416.bin.1.81	Y	Havbromicrobium	litorale	N.L.	neut.	Microbe found nearby Havbro	A species found in the coast	gen. nov.	sp. nov.	GTDB marker genes and 16S rRNA	GCA_963711465.1	Oxford Nanopore PromethION	mmlong2	4352601	3	26.498495	63.08	99.71	1.11	1	22	d__Bacteria;p__Bacteroidota;c__Kapaibacteriia;o__OLB7;f__OLB7;g__Unclassified;s__Unclassified	d__Bacteria;p__Bacteroidota;c__Kapaibacteriia;o__Havbromicrobiales;f__Havbromicrobiaceae;g__Havbromicrobium;s__Havbromicrobium litorale	d__Bacteria;p__Candidatus Kapabacteria;c__Kapabacteria;o__Kapabacteriales;f__Incertae Sedis;g__Incertae Sedis;s__uncultured bacterium	94.1	MFD02416	Denmark	9.5553	56.8577	Soil	Coastal	Inland salt meadows
MFD02416.bin.1.95	Y	Sebbericola	ripicus	N.L.	masch.	Microbe found nearby Sebber	A species found in the coast	gen. nov.	sp. nov.	GTDB marker genes and 16S rRNA	GCA_963761075.1	Oxford Nanopore PromethION	mmlong2	5422511	6	19.640253	69.5	97.77	2.57	1	23	d__Bacteria;p__Gemmatimonadota;c__Gemmatimonadetes;o__Gemmatimonadales;f__Gemmatimonadaceae;g__Unclassified;s__Unclassified	d__Bacteria;p__Gemmatimonadota;c__Gemmatimonadetes;o__Gemmatimonadales;f__Gemmatimonadaceae;g__Sebbericola;s__Sebbericola ripicus	d__Bacteria;p__Gemmatimonadota;c__Gemmatimonadia;o__Gemmatimonadales;f__Gemmatimonadaceae;g__Incertae Sedis;s__uncultured bacterium	93.8	MFD02416	Denmark	9.5553	56.8577	Soil	Coastal	Inland salt meadows
MFD02416.bin.c.17	Y	Binderupiella	litoralis	N.L.	fem.	Microbe found nearby Binderup	A species found in the coast	Formerly ''Incertae Sedis'' in Silva 138.2	Formerly ''uncultured bacterium'' in Silva 138.2	GTDB marker genes and 16S rRNA	GCA_963702055.1	Oxford Nanopore PromethION	mmlong2	2560249	1	90.89684	68.9	97.01	0.6	1	22	d__Bacteria;p__Actinomycetota;c__Thermoleophilia;o__Solirubrobacterales;f__70-9;g__Unclassified;s__Unclassified	d__Bacteria;p__Actinomycetota;c__Thermoleophilia;o__Solirubrobacterales;f__Maglebybacteriaceae;g__Binderupiella;s__Binderupiella litoralis	d__Bacteria;p__Actinomycetota;c__Thermoleophilia;o__Solirubrobacterales;f__67-14;g__Incertae Sedis;s__uncultured bacterium	99	MFD02416	Denmark	9.5553	56.8577	Soil	Coastal	Inland salt meadows
MFD02416.bin.c.3	Y	Binderupivita	danica	N.L.	fem.	Microbe found nearby Binderup	A species from Denmark	gen. nov.	sp. nov.	GTDB marker genes and 16S rRNA	GCA_963700155.1	Oxford Nanopore PromethION	mmlong2	1140724	1	32.340973	30.92	94.46	1.61	1	21	d__Bacteria;p__Patescibacteria;c__Dojkabacteria;o__J137;f__J137;g__Unclassified;s__Unclassified	d__Bacteria;p__Patescibacteria;c__Dojkabacteria;o__Binderupivitales;f__Binderupivitaceae;g__Binderupivita;s__Binderupivita danica	d__Bacteria;p__Patescibacteria;c__Dojkabacteria;o__Incertae Sedis;f__Incertae Sedis;g__Incertae Sedis;s__uncultured bacterium	85.9	MFD02416	Denmark	9.5553	56.8577	Soil	Coastal	Inland salt meadows
MFD02832.bin.1.37	Y	Aakeriplasma	danicum	N.L.	neut.	Microbe found nearby Aaker	A species from Denmark	gen. nov.	sp. nov.	GTDB marker genes and 16S rRNA	GCA_963706795.1	Oxford Nanopore PromethION	mmlong2	1267896	1	48.04925	43.54	97.53	2.41	2	21	d__Bacteria;p__Patescibacteria;c__JAEDAM01;o__BD1-5;f__UBA2023;g__Unclassified;s__Unclassified	d__Bacteria;p__Patescibacteria;c__JAEDAM01;o__BD1-5;f__Aakeriplasmataceae;g__Aakeriplasma;s__Aakeriplasma danicum	d__Bacteria;p__Patescibacteria;c__Gracilibacteria;o__Incertae Sedis;f__Incertae Sedis;g__Incertae Sedis;s__uncultured bacterium	88.2	MFD02832	Denmark	14.7874	55.0538	Sediment	Saltwater	Open sea and tidal areas
MFD02840.bin.1.236	Y	Mulebybacter	litoralis	N.L.	masch.	Microbe found nearby Muleby	A species found in the coast	Formerly ''Incertae Sedis'' in Silva 138.2	Formerly ''uncultured bacterium'' in Silva 138.2	GTDB marker genes and 16S rRNA	GCA_963844235.1	Oxford Nanopore PromethION	mmlong2	5241909	8	30.35866	69.62	93.96	4.85	1	23	d__Bacteria;p__Actinomycetota;c__Thermoleophilia;o__Gaiellales;f__Gaiellaceae;g__Unclassified;s__Unclassified	d__Bacteria;p__Actinomycetota;c__Thermoleophilia;o__Gaiellales;f__Gaiellaceae;g__Mulebybacter;s__Mulebybacter litoralis	d__Bacteria;p__Actinomycetota;c__Thermoleophilia;o__Gaiellales;f__Incertae Sedis;g__Incertae Sedis;s__uncultured bacterium	99.9	MFD02840	Denmark	14.7807	55.0595	Soil	Coastal	Sea cliffs and shingle or stony beaches
MFD02979.bin.1.148	Y	Vissingisoma	affine	N.L.	neut.	Microbe found nearby Vissing	A species related to but distinct from the existing species	Formerly ''Incertae Sedis'' in Silva 138.2	sp. nov.	GTDB marker genes and 16S rRNA	GCA_963786955.1	Oxford Nanopore PromethION	mmlong2	5653179	9	15.28908	51.55	93.37	0.96	1	23	d__Bacteria;p__Acidobacteriota;c__Terriglobia;o__Versatilivoradales;f__Versatilivoraceae;g__Unclassified;s__Unclassified	d__Bacteria;p__Acidobacteriota;c__Terriglobia;o__Versatilivoradales;f__Versatilivoraceae;g__Vissingisoma;s__Vissingisoma affine	d__Bacteria;p__Acidobacteriota;c__Subgroup 11;o__Incertae Sedis;f__Incertae Sedis;g__Incertae Sedis;s__uncultured bacterium	96.4	MFD02979	Denmark	10.0517	56.323	Sediment	Freshwater	"Rainwater basin, City"
MFD02979.bin.1.88	Y	Hinnerupiana	septentrionalis	N.L.	fem.	Microbe found nearby Hinnerup	A species from the north	Formerly ''Incertae Sedis'' in Silva 138.2	sp. nov.	GTDB marker genes and 16S rRNA	GCA_963761535.1	Oxford Nanopore PromethION	mmlong2	2687397	4	30.34855	67.43	97.05	2.18	1	23	d__Bacteria;p__Actinomycetota;c__Coriobacteriia;o__Anaerosomatales;f__JACRBU01;g__Unclassified;s__Unclassified	d__Bacteria;p__Actinomycetota;c__Coriobacteriia;o__Anaerosomatales;f__Hinnerupianaceae;g__Hinnerupiana;s__Hinnerupiana septentrionalis	d__Bacteria;p__Actinomycetota;c__Coriobacteriia;o__OPB41;f__Incertae Sedis;g__Incertae Sedis;s__uncultured bacterium	96.3	MFD02979	Denmark	10.0517	56.323	Sediment	Freshwater	"Rainwater basin, City"
MFD02979.bin.c.5	Y	Spoerringium	europaeum	N.L.	neut.	Microbe found nearby Spoerring	A species from Europe	gen. nov.	sp. nov.	GTDB marker genes and 16S rRNA	GCA_963705385.1	Oxford Nanopore PromethION	mmlong2	1055620	1	26.50644	44.17	99.93	0.01	1	22	d__Bacteria;p__Bacteroidota;c__Bacteroidia;o__Cytophagales_A;f__Amoebophilaceae;g__Unclassified;s__Unclassified	d__Bacteria;p__Bacteroidota;c__Bacteroidia;o__Cytophagales_A;f__Amoebophilaceae;g__Spoerringium;s__Spoerringium europaeum	d__Bacteria;p__Bacteroidota;c__Bacteroidia;o__Cytophagales;f__Amoebophilaceae;g__Candidatus Amoebophilus;s__microbial mat metagenome	93.9	MFD02979	Denmark	10.0517	56.323	Sediment	Freshwater	"Rainwater basin, City"
MFD03066.bin.c.3	Y	Koedimen	telluricum	N.L.	neut.	Microbe found nearby Koed	A species found in soil	Formerly ''Incertae Sedis'' in Silva 138.2	sp. nov.	GTDB marker genes and 16S rRNA	GCA_963695235.1	Oxford Nanopore PromethION	mmlong2	3167587	1	24.74361	71.98	97.6	0.34	1	23	d__Bacteria;p__Actinomycetota;c__Nitriliruptoria;o__Nitriliruptorales;f__Nitriliruptoraceae;g__Unclassified;s__Unclassified	d__Bacteria;p__Actinomycetota;c__Nitriliruptoria;o__Nitriliruptorales;f__Nitriliruptoraceae;g__Koedimen;s__Koedimen telluricum	d__Bacteria;p__Actinomycetota;c__Actinobacteria;o__Nitriliruptorales;f__Nitriliruptoraceae;g__Incertae Sedis;s__uncultured bacterium	97.1	MFD03066	Denmark	10.5828	56.3609	Soil	Greenspaces	Other
MFD03250.bin.1.122	Y	Vaersleviaba	affinis	N.L.	fem.	Microbe found nearby Vaerslev	A species related to but distinct from the existing species	gen. nov.	sp. nov.	GTDB marker genes and 16S rRNA	GCA_963793215.1	Oxford Nanopore PromethION	mmlong2	5507199	8	33.97852	53.57	99.06	1.54	2	22	d__Bacteria;p__Bacteroidota;c__Bacteroidia;o__Cytophagales;f__Cyclobacteriaceae;g__Unclassified;s__Unclassified	d__Bacteria;p__Bacteroidota;c__Bacteroidia;o__Cytophagales;f__Cyclobacteriaceae;g__Vaersleviaba;s__Vaersleviaba affinis	d__Bacteria;p__Bacteroidota;c__Bacteroidia;o__Cytophagales;f__Cyclobacteriaceae;g__Tunicatimonas;s__Tunicatimonas pelagia	90.9	MFD03250	Denmark	11.0731	55.677	Water	Saltwater	Harbours
MFD03250.bin.1.125	Y	Bregningeaba	aquidulcis	N.L.	fem.	Microbe found nearby Bregninge	A species found in freshwater	gen. nov.	sp. nov.	GTDB marker genes and 16S rRNA	GCA_963799285.1	Oxford Nanopore PromethION	mmlong2	3778210	4	43.86158	67.42	97.83	0.5	2	22	d__Bacteria;p__Pseudomonadota;c__Alphaproteobacteria;o__Rhizobiales;f__Unclassified;g__Unclassified;s__Unclassified	d__Bacteria;p__Pseudomonadota;c__Alphaproteobacteria;o__Rhizobiales;f__Bregningeabaceae;g__Bregningeaba;s__Bregningeaba aquidulcis	d__Bacteria;p__Pseudomonadota;c__Alphaproteobacteria;o__Hyphomicrobiales;f__Rhodobiaceae;g__Afifella;s__Afifella pfennigii	91.7	MFD03250	Denmark	11.0731	55.677	Water	Saltwater	Harbours
MFD03250.bin.1.162	Y	Bregningeana	aquidulcis	N.L.	fem.	Microbe found nearby Bregninge	A species found in freshwater	gen. nov.	sp. nov.	GTDB marker genes and 16S rRNA	GCA_963793425.1	Oxford Nanopore PromethION	mmlong2	5284537	9	306.3493	39.95	98.67	2.09	2	22	d__Bacteria;p__Cyanobacteriota;c__Cyanobacteriia;o__Cyanobacteriales;f__SIO1D9;g__Unclassified;s__Unclassified	d__Bacteria;p__Cyanobacteriota;c__Cyanobacteriia;o__Cyanobacteriales;f__Bregningeanaceae;g__Bregningeana;s__Bregningeana aquidulcis	d__Bacteria;p__Cyanobacteriota;c__Cyanobacteriia;o__Cyanobacteriales;f__Incertae Sedis;g__Incertae Sedis;s__uncultured bacterium	92.7	MFD03250	Denmark	11.0731	55.677	Water	Saltwater	Harbours
MFD03250.bin.1.191	Y	Roesnaesimen	aquaticum	N.L.	neut.	Microbe found nearby Roesnaes	A species found in water	gen. nov.	sp. nov.	GTDB marker genes and 16S rRNA	GCA_963799465.1	Oxford Nanopore PromethION	mmlong2	3723787	5	40.05142	61.84	95.03	0.87	1	22	d__Bacteria;p__Planctomycetota;c__Phycisphaerae;o__Phycisphaerales;f__Phycisphaeraceae;g__Unclassified;s__Unclassified	d__Bacteria;p__Planctomycetota;c__Phycisphaerae;o__Phycisphaerales;f__Phycisphaeraceae;g__Roesnaesimen;s__Roesnaesimen aquaticum	d__Bacteria;p__Planctomycetota;c__Phycisphaerae;o__Phycisphaerales;f__Phycisphaeraceae;g__Algisphaera;s__uncultured organism	89.9	MFD03250	Denmark	11.0731	55.677	Water	Saltwater	Harbours
MFD03250.bin.c.5	Y	Ubbysoma	aquaticum	N.L.	neut.	Microbe found nearby Ubby	A species found in water	gen. nov.	sp. nov.	GTDB marker genes and 16S rRNA	GCA_963695255.1	Oxford Nanopore PromethION	mmlong2	2483271	1	19.03373	42.08	99.37	1.31	2	22	d__Bacteria;p__Bdellovibrionota;c__Bacteriovoracia;o__Bacteriovoracales;f__Bacteriovoracaceae;g__Unclassified;s__Unclassified	d__Bacteria;p__Bdellovibrionota;c__Bacteriovoracia;o__Bacteriovoracales;f__Bacteriovoracaceae;g__Ubbysoma;s__Ubbysoma aquaticum	d__Bacteria;p__Bdellovibrionota;c__Bacteriovoracia;o__Bacteriovoracales;f__Bacteriovoracaceae;g__Peredibacter;s__uncultured bacterium	89.8	MFD03250	Denmark	11.0731	55.677	Water	Saltwater	Harbours
MFD03250.bin.c.6	Y	Viskingesoma	danicum	N.L.	neut.	Microbe found nearby Viskinge	A species from Denmark	Formerly ''Incertae Sedis'' in Silva 138.2	Formerly ''uncultured organism'' in Silva 138.2	GTDB marker genes and 16S rRNA	GCA_963695245.1	Oxford Nanopore PromethION	mmlong2	2165533	1	13.20008	38.06	98.43	0.34	2	22	d__Bacteria;p__Pseudomonadota;c__Gammaproteobacteria;o__JABDGN01;f__Unclassified;g__Unclassified;s__Unclassified	d__Bacteria;p__Pseudomonadota;c__Gammaproteobacteria;o__Viskingesomatales;f__Viskingesomataceae;g__Viskingesoma;s__Viskingesoma danicum	d__Bacteria;p__Pseudomonadota;c__Gammaproteobacteria;o__Incertae Sedis;f__Incertae Sedis;g__Incertae Sedis;s__uncultured organism	99	MFD03250	Denmark	11.0731	55.677	Water	Saltwater	Harbours
MFD03250.bin.c.7	Y	Bregningesoma	aquaticum	N.L.	neut.	Microbe found nearby Bregninge	A species found in water	Formerly ''Incertae Sedis'' in Silva 138.2	sp. nov.	GTDB marker genes and 16S rRNA	GCA_963706365.1	Oxford Nanopore PromethION	mmlong2	1867446	1	14.82689	42.95	93.33	0.05	1	22	d__Bacteria;p__Pseudomonadota;c__Alphaproteobacteria;o__JAJTHO01;f__Unclassified;g__Unclassified;s__Unclassified	d__Bacteria;p__Pseudomonadota;c__Alphaproteobacteria;o__Bregningesomatales;f__Bregningesomataceae;g__Bregningesoma;s__Bregningesoma aquaticum	d__Bacteria;p__Pseudomonadota;c__Alphaproteobacteria;o__Rickettsiales;f__AB1;g__Incertae Sedis;s__uncultured bacterium	97.5	MFD03250	Denmark	11.0731	55.677	Water	Saltwater	Harbours
MFD03323.bin.1.18	Y	Viskumivita	septentrionalis	N.L.	fem.	Microbe found nearby Viskum	A species from the north	Formerly ''Incertae Sedis'' in Silva 138.2	sp. nov.	GTDB marker genes and 16S rRNA	GCA_963789115.1	Oxford Nanopore PromethION	mmlong2	4406958	2	71.77246	63.61	97.51	3.23	1	23	d__Bacteria;p__Desulfobacterota_B;c__Binatia;o__Binatales;f__Binataceae;g__Unclassified;s__Unclassified	d__Bacteria;p__Desulfobacterota_B;c__Binatia;o__Binatales;f__Binataceae;g__Viskumivita;s__Viskumivita septentrionalis	d__Bacteria;p__RCP2-54;c__Incertae Sedis;o__Incertae Sedis;f__Incertae Sedis;g__Incertae Sedis;s__uncultured bacterium	95.2	MFD03323	Denmark	9.6333	56.459	Soil	Temperate heath and scrub	Wet heath
MFD03346.bin.1.39	Y	Kjellerupiella	glebica	N.L.	fem.	Microbe found nearby Kjellerup	A species found in soil	Formerly ''Incertae Sedis'' in Silva 138.2	sp. nov.	GTDB marker genes and 16S rRNA	GCA_963781005.1	Oxford Nanopore PromethION	mmlong2	4513714	7	178.4379	59.6	94.8	0.03	1	23	d__Bacteria;p__Acidobacteriota;c__Terriglobia;o__Acidoferrales;f__UBA7541;g__Unclassified;s__Unclassified	d__Bacteria;p__Acidobacteriota;c__Terriglobia;o__Acidoferrales;f__UBA7541;g__Kjellerupiella;s__Kjellerupiella glebica	d__Bacteria;p__Acidobacteriota;c__Acidobacteriae;o__Subgroup 2;f__Incertae Sedis;g__Incertae Sedis;s__uncultured bacterium	95.8	MFD03346	Denmark	9.2692	56.2436	Soil	Temperate heath and scrub	Dry heath
MFD03726.bin.1.10	Y	Lindetiplasma	septentrionale	N.L.	neut.	Microbe found nearby Oester Lindet	A species from the north	Formerly ''Incertae Sedis'' in Silva 138.2	sp. nov.	GTDB marker genes and 16S rRNA	GCA_963847595.1	Oxford Nanopore PromethION	mmlong2	2981540	3	39.23355	51.97	99.95	4.72	1	23	d__Bacteria;p__Chloroflexota;c__Dehalococcoidia;o__SZUA-161;f__SZUA-161;g__Unclassified;s__Unclassified	d__Bacteria;p__Chloroflexota;c__Dehalococcoidia;o__Lindetiplasmatales;f__Lindetiplasmataceae;g__Lindetiplasma;s__Lindetiplasma septentrionale	d__Bacteria;p__Chloroflexota;c__Dehalococcoidia;o__MSBL5;f__Incertae Sedis;g__Incertae Sedis;s__uncultured bacterium	98.2	MFD03726	Denmark	9.3209	55.2451	Sediment	Freshwater	Enclosed water
MFD03726.bin.1.201	Y	Froerupimorpha	borealis	N.L.	fem.	Microbe found nearby Froerup	A species from the north	gen. nov.	sp. nov.	GTDB marker genes and 16S rRNA	GCA_963835935.1	Oxford Nanopore PromethION	mmlong2	4055811	6	59.97697	41.12	100	0.59	1	21	d__Bacteria;p__Bacteroidota;c__UBA10030;o__UBA10030;f__Unclassified;g__Unclassified;s__Unclassified	d__Bacteria;p__Bacteroidota;c__Skagenicolia;o__Skagenicolales;f__Froerupimorphaceae;g__Froerupimorpha;s__Froerupimorpha borealis	d__Bacteria;p__Candidatus Kryptonia;c__Kryptonia;o__Kryptoniales;f__BSV26;g__Incertae Sedis;s__uncultured bacterium	87.8	MFD03726	Denmark	9.3209	55.2451	Sediment	Freshwater	Enclosed water
MFD03726.bin.1.50	Y	Jelsivita	contigua	N.L.	fem.	Microbe found nearby Jels	A species related to but distinct from the existing species	gen. nov.	sp. nov.	GTDB marker genes and 16S rRNA	GCA_963835575.1	Oxford Nanopore PromethION	mmlong2	4386260	7	45.61753	41.8	94.01	0.93	2	22	d__Bacteria;p__Spirochaetota;c__Brevinematia;o__Brevinematales;f__JAOACQ01;g__Unclassified;s__Unclassified	d__Bacteria;p__Spirochaetota;c__Brevinematia;o__Brevinematales;f__Jelsivitaceae;g__Jelsivita;s__Jelsivita contigua	d__Bacteria;p__Spirochaetota;c__Brevinematia;o__Brevinematales;f__Brevinemataceae;g__Thermospira;s__uncultured bacterium	90.9	MFD03726	Denmark	9.3209	55.2451	Sediment	Freshwater	Enclosed water
MFD03726.bin.c.1	Y	Maugstrupiella	propinqua	N.L.	fem.	Microbe found nearby Maugstrup	A species related to but distinct from the existing species	Formerly ''Incertae Sedis'' in Silva 138.2	Formerly ''uncultured bacterium'' in Silva 138.2	GTDB marker genes and 16S rRNA	GCA_963719445.1	Oxford Nanopore PromethION	mmlong2	5561946	1	260.4929	64.65	100	1.44	1	23	d__Bacteria;p__Acidobacteriota;c__Terriglobia;o__Bryobacterales;f__Bryobacteraceae;g__Unclassified;s__Unclassified	d__Bacteria;p__Acidobacteriota;c__Terriglobia;o__Bryobacterales;f__Bryobacteraceae;g__Maugstrupiella;s__Maugstrupiella propinqua	d__Bacteria;p__Acidobacteriota;c__Acidobacteriae;o__AKIW659;f__Incertae Sedis;g__Incertae Sedis;s__uncultured bacterium	99.2	MFD03726	Denmark	9.3209	55.2451	Sediment	Freshwater	Enclosed water
MFD03726.bin.c.3	Y	Loegumiaba	danica	N.L.	fem.	Microbe found nearby Oester Loegum	A species from Denmark	Formerly ''Incertae Sedis'' in Silva 138.2	sp. nov.	GTDB marker genes and 16S rRNA	GCA_963699255.1	Oxford Nanopore PromethION	mmlong2	1770855	1	35.39035	47.54	94.94	0.1	1	21	d__Bacteria;p__Margulisbacteria;c__WOR-1;o__Unclassified;f__Unclassified;g__Unclassified;s__Unclassified	d__Bacteria;p__Margulisbacteria;c__Loegumiabia;o__Loegumiabales;f__Loegumiabaceae;g__Loegumiaba;s__Loegumiaba danica	d__Bacteria;p__WOR-1;c__Incertae Sedis;o__Incertae Sedis;f__Incertae Sedis;g__Incertae Sedis;s__uncultured bacterium	95.2	MFD03726	Denmark	9.3209	55.2451	Sediment	Freshwater	Enclosed water
MFD03726.bin.c.7	Y	Hoptrupimen	septentrionale	N.L.	neut.	Microbe found nearby Hoptrup	A species from the north	Formerly ''Incertae Sedis'' in Silva 138.2	sp. nov.	GTDB marker genes and 16S rRNA	GCA_963702925.1	Oxford Nanopore PromethION	mmlong2	4724160	1	78.14285	63.12	99.08	1.47	1	22	d__Bacteria;p__Pseudomonadota;c__Alphaproteobacteria;o__ATCC43930;f__Stellaceae;g__Unclassified;s__Unclassified	d__Bacteria;p__Pseudomonadota;c__Alphaproteobacteria;o__ATCC43930;f__Stellaceae;g__Hoptrupimen;s__Hoptrupimen septentrionale	d__Bacteria;p__Pseudomonadota;c__Alphaproteobacteria;o__Elsterales;f__Incertae Sedis;g__Incertae Sedis;s__uncultured bacterium	98.4	MFD03726	Denmark	9.3209	55.2451	Sediment	Freshwater	Enclosed water
MFD03804.bin.1.167	Y	Vestervigivita	propinqua	N.L.	fem.	Microbe found nearby Vestervig	A species related to but distinct from the existing species	Formerly ''Incertae Sedis'' in Silva 138.2	sp. nov.	GTDB marker genes and 16S rRNA	GCA_963836075.1	Oxford Nanopore PromethION	mmlong2	6227877	10	33.74257	63.91	94.72	4.61	1	23	d__Bacteria;p__Acidobacteriota;c__Unclassified;o__Unclassified;f__Unclassified;g__Unclassified;s__Unclassified	d__Bacteria;p__Acidobacteriota;c__B3-B38;o__Vestervigivitales;f__Vestervigivitaceae;g__Vestervigivita;s__Vestervigivita propinqua	d__Bacteria;p__Acidobacteriota;c__d142;o__Incertae Sedis;f__Incertae Sedis;g__Incertae Sedis;s__uncultured Acidobacteria bacterium	97.8	MFD03804	Denmark	8.2025	56.6925	Sediment	Freshwater	Enclosed water
MFD03804.bin.1.81	Y	Engbjergivita	europaea	N.L.	fem.	Microbe found nearby Engbjerg	A species from Europe	gen. nov.	sp. nov.	GTDB marker genes and 16S rRNA	GCA_963713755.1	Oxford Nanopore PromethION	mmlong2	5754843	7	28.25206	57.04	99.88	2.66	1	23	d__Bacteria;p__Desulfobacterota;c__Desulfobacteria;o__Desulfobacterales;f__Unclassified;g__Unclassified;s__Unclassified	d__Bacteria;p__Desulfobacterota;c__Desulfobacteria;o__Desulfobacterales;f__Engbjergivitaceae;g__Engbjergivita;s__Engbjergivita europaea	d__Bacteria;p__Thermodesulfobacteriota;c__Desulfobacteria;o__Desulfobacterales;f__Desulfosarcinaceae;g__Desulfosudis;s__uncultured bacterium	94	MFD03804	Denmark	8.2025	56.6925	Sediment	Freshwater	Enclosed water
MFD04212.bin.1.184	Y	Stegevita	borealis	N.L.	fem.	Microbe found nearby Stege	A species from the north	Formerly ''Incertae Sedis'' in Silva 138.2	sp. nov.	GTDB marker genes and 16S rRNA	GCA_963817065.1	Oxford Nanopore PromethION	mmlong2	2981936	2	22.55653	70.06	93.28	1.62	1	22	d__Bacteria;p__Actinomycetota;c__Thermoleophilia;o__Solirubrobacterales;f__70-9;g__Unclassified;s__Unclassified	d__Bacteria;p__Actinomycetota;c__Thermoleophilia;o__Solirubrobacterales;f__Maglebybacteriaceae;g__Stegevita;s__Stegevita borealis	d__Bacteria;p__Actinomycetota;c__Thermoleophilia;o__Solirubrobacterales;f__67-14;g__Incertae Sedis;s__uncultured bacterium	96	MFD04212	Denmark	12.2823	55.0396	Soil	Dunes	Fixed dunes (grey dunes)
MFD04212.bin.1.43	Y	Kalvehavecola	aridus	N.L.	masch.	Microbe found nearby Kalvehave	A species found in sand	Formerly ''Incertae Sedis'' in Silva 138.2	sp. nov.	GTDB marker genes and 16S rRNA	GCA_963720475.1	Oxford Nanopore PromethION	mmlong2	2669953	1	25.86619	69.88	91.9	0.52	1	22	d__Bacteria;p__Actinomycetota;c__Thermoleophilia;o__Solirubrobacterales;f__Thermoleophilaceae;g__Unclassified;s__Unclassified	d__Bacteria;p__Actinomycetota;c__Thermoleophilia;o__Solirubrobacterales;f__Thermoleophilaceae;g__Kalvehavecola;s__Kalvehavecola aridus	d__Bacteria;p__Actinomycetota;c__Thermoleophilia;o__Solirubrobacterales;f__67-14;g__Incertae Sedis;s__uncultured actinobacterium	96.2	MFD04212	Denmark	12.2823	55.0396	Soil	Dunes	Fixed dunes (grey dunes)
MFD04212.bin.c.13	Y	Jungshovediaba	propinqua	N.L.	fem.	Microbe found nearby Jungshoved	A species related to but distinct from the existing species	gen. nov.	sp. nov.	GTDB marker genes and 16S rRNA	GCA_963704675.1	Oxford Nanopore PromethION	mmlong2	1264584	1	30.96894	45.76	96.77	0.12	1	22	d__Bacteria;p__Patescibacteria;c__Saccharimonadia;o__Saccharimonadales;f__CAIJKY01;g__Unclassified;s__Unclassified	d__Bacteria;p__Patescibacteria;c__Saccharimonadia;o__Saccharimonadales;f__Jungshovediabaceae;g__Jungshovediaba;s__Jungshovediaba propinqua	d__Bacteria;p__Patescibacteria;c__Saccharimonadia;o__Saccharimonadales;f__Incertae Sedis;g__Incertae Sedis;s__uncultured bacterium	94.2	MFD04212	Denmark	12.2823	55.0396	Soil	Dunes	Fixed dunes (grey dunes)
MFD04212.bin.c.9	Y	Damsholtecola	proximus	N.L.	masch.	Microbe found nearby Damsholte	A species related to but distinct from the existing species	Formerly ''Incertae Sedis'' in Silva 138.2	sp. nov.	GTDB marker genes and 16S rRNA	GCA_963715995.1	Oxford Nanopore PromethION	mmlong2	3300104	1	21.66639	69.78	91.66	0.4	1	22	d__Bacteria;p__Actinomycetota;c__Thermoleophilia;o__Solirubrobacterales;f__Thermoleophilaceae;g__Unclassified;s__Unclassified	d__Bacteria;p__Actinomycetota;c__Thermoleophilia;o__Solirubrobacterales;f__Thermoleophilaceae;g__Damsholtecola;s__Damsholtecola proximus	d__Bacteria;p__Actinomycetota;c__Thermoleophilia;o__Solirubrobacterales;f__67-14;g__Incertae Sedis;s__uncultured bacterium	98.1	MFD04212	Denmark	12.2823	55.0396	Soil	Dunes	Fixed dunes (grey dunes)
MFD04408.bin.1.1	Y	Vonsbaekicola	septentrionalis	N.L.	masch.	Microbe found nearby Vonsbaek	A species from the north	Formerly ''Incertae Sedis'' in Silva 138.2	sp. nov.	GTDB marker genes and 16S rRNA	GCA_963716175.1	Oxford Nanopore PromethION	mmlong2	4560930	1	44.62345	66.16	90.85	1.92	1	22	d__Bacteria;p__Armatimonadota;c__CAIYQO01;o__WVXJ01;f__DTIZ01;g__Unclassified;s__Unclassified	d__Bacteria;p__Armatimonadota;c__CAIYQO01;o__Vonsbaekicolales;f__Vonsbaekicolaceae;g__Vonsbaekicola;s__Vonsbaekicola septentrionalis	d__Bacteria;p__Armatimonadota;c__DG-56;o__Incertae Sedis;f__Incertae Sedis;g__Incertae Sedis;s__uncultured bacterium	94.9	MFD04408	Denmark	9.5294	55.2455	Sediment	Freshwater	"Rainwater basin, City"
MFD04408.bin.1.13	Y	Halkibacter	septentrionalis	N.L.	masch.	Microbe found nearby Halk	A species from the north	gen. nov.	sp. nov.	GTDB marker genes and 16S rRNA	GCA_963705895.1	Oxford Nanopore PromethION	mmlong2	3311678	1	44.22734	59.69	92.4	1.01	1	22	d__Bacteria;p__Acidobacteriota;c__Aminicenantia;o__Aminicenantales;f__JAFGAV01;g__Unclassified;s__Unclassified	d__Bacteria;p__Acidobacteriota;c__Aminicenantia;o__Aminicenantales;f__Halkibacteraceae;g__Halkibacter;s__Halkibacter septentrionalis	d__Bacteria;p__Acidobacteriota;c__Aminicenantia;o__Aminicenantales;f__Aminicenantaceae;g__Aminicenans;s__uncultured Aminicenantes bacterium	94.1	MFD04408	Denmark	9.5294	55.2455	Sediment	Freshwater	"Rainwater basin, City"
MFD04408.bin.1.134	Y	Fjelstrupiaba	borealis	N.L.	fem.	Microbe found nearby Fjelstrup	A species from the north	Formerly ''Pir1 lineage'' in Silva 138.2	sp. nov.	GTDB marker genes and 16S rRNA	GCA_963845975.1	Oxford Nanopore PromethION	mmlong2	5204435	2	31.01413	53.92	92.95	4.12	1	23	d__Bacteria;p__Planctomycetota;c__Planctomycetia;o__Pirellulales;f__Thermoguttaceae;g__Unclassified;s__Unclassified	d__Bacteria;p__Planctomycetota;c__Planctomycetia;o__Pirellulales;f__Thermoguttaceae;g__Fjelstrupiaba;s__Fjelstrupiaba borealis	d__Bacteria;p__Planctomycetota;c__Planctomycetes;o__Pirellulales;f__Pirellulaceae;g__Pir1 lineage;s__uncultured soil bacterium PRR-47	97	MFD04408	Denmark	9.5294	55.2455	Sediment	Freshwater	"Rainwater basin, City"
MFD04408.bin.1.141	Y	Tyrstrupium	boreale	N.L.	neut.	Microbe found nearby Tyrstrup	A species from the north	gen. nov.	sp. nov.	GTDB marker genes and 16S rRNA	GCA_963769965.1	Oxford Nanopore PromethION	mmlong2	1210587	10	21.77069	40.44	93.17	3.92	2	22	d__Bacteria;p__Patescibacteria;c__Paceibacteria;o__Moranbacterales;f__JAPLXC01;g__Unclassified;s__Unclassified	d__Bacteria;p__Patescibacteria;c__Paceibacteria;o__Moranbacterales;f__Tyrstrupiaceae;g__Tyrstrupium;s__Tyrstrupium boreale	d__Bacteria;p__Patescibacteria;c__Parcubacteria;o__Candidatus Moranbacteria;f__Incertae Sedis;g__Incertae Sedis;s__uncultured bacterium	81.3	MFD04408	Denmark	9.5294	55.2455	Sediment	Freshwater	"Rainwater basin, City"
MFD04408.bin.1.172	Y	Allerivita	contigua	N.L.	fem.	Microbe found nearby Aller	A species related to but distinct from the existing species	Formerly ''Incertae Sedis'' in Silva 138.2	sp. nov.	GTDB marker genes and 16S rRNA	GCA_963827315.1	Oxford Nanopore PromethION	mmlong2	2262761	6	76.9996	48.46	95.89	2.38	1	22	d__Bacteria;p__Planctomycetota;c__Phycisphaerae;o__Sedimentisphaerales;f__SG8-4;g__Unclassified;s__Unclassified	d__Bacteria;p__Planctomycetota;c__Phycisphaerae;o__Sedimentisphaerales;f__Felstedibacteraceae;g__Allerivita;s__Allerivita contigua	d__Bacteria;p__Planctomycetota;c__Phycisphaerae;o__MSBL9;f__SG8-4;g__Incertae Sedis;s__uncultured bacterium	96	MFD04408	Denmark	9.5294	55.2455	Sediment	Freshwater	"Rainwater basin, City"
MFD04408.bin.1.18	Y	Allerimonas	propinqua	N.L.	fem.	Microbe found nearby Aller	A species related to but distinct from the existing species	gen. nov.	sp. nov.	GTDB marker genes and 16S rRNA	GCA_963820525.1	Oxford Nanopore PromethION	mmlong2	5045671	4	79.24232	60.37	96.67	2.27	2	22	d__Bacteria;p__Spirochaetota;c__Spirochaetia;o__SZUA-6;f__Fen-1364;g__Unclassified;s__Unclassified	d__Bacteria;p__Spirochaetota;c__Spirochaetia;o__Allerimonadales;f__Allerimonadaceae;g__Allerimonas;s__Allerimonas propinqua	d__Bacteria;p__Spirochaetota;c__Spirochaetia;o__Spirochaetales;f__Spirochaetaceae;g__Spirochaeta;s__uncultured bacterium	94.4	MFD04408	Denmark	9.5294	55.2455	Sediment	Freshwater	"Rainwater basin, City"
MFD04408.bin.1.36	Y	Christiansfeldium	simile	N.L.	neut.	Microbe found nearby Christiansfeld	A species related to but distinct from the existing species	gen. nov.	sp. nov.	GTDB marker genes and 16S rRNA	GCA_963827285.1	Oxford Nanopore PromethION	mmlong2	3786784	5	20.23054	48.65	97.05	1.87	1	21	d__Bacteria;p__Bacteroidota;c__UBA10030;o__UBA10030;f__Unclassified;g__Unclassified;s__Unclassified	d__Bacteria;p__Bacteroidota;c__Skagenicolia;o__Skagenicolales;f__Christiansfeldiaceae;g__Christiansfeldium;s__Christiansfeldium simile	d__Bacteria;p__Incertae Sedis;c__Incertae Sedis;o__SJA-28;f__Incertae Sedis;g__Incertae Sedis;s__uncultured bacterium	88.2	MFD04408	Denmark	9.5294	55.2455	Sediment	Freshwater	"Rainwater basin, City"
MFD04408.bin.1.44	Y	Loejtimicrobium	contiguum	N.L.	neut.	Microbe found nearby Loejt	A species related to but distinct from the existing species	Formerly ''Incertae Sedis'' in Silva 138.2	sp. nov.	GTDB marker genes and 16S rRNA	GCA_963713865.1	Oxford Nanopore PromethION	mmlong2	2723046	1	33.58225	40.45	94.16	0.25	1	23	d__Bacteria;p__Zixibacteria;c__MSB-5A5;o__MSB-5A5;f__RBG-16-43-9;g__Unclassified;s__Unclassified	d__Bacteria;p__Zixibacteria;c__Loejtimicrobiia;o__Loejtimicrobiales;f__Loejtimicrobiaceae;g__Loejtimicrobium;s__Loejtimicrobium contiguum	d__Bacteria;p__Zixibacteria;c__Incertae Sedis;o__Incertae Sedis;f__Incertae Sedis;g__Incertae Sedis;s__candidate division Zixibacteria bacterium RBG_16_43_9	94.7	MFD04408	Denmark	9.5294	55.2455	Sediment	Freshwater	"Rainwater basin, City"
MFD04408.bin.1.61	Y	Grarupimicrobium	simile	N.L.	neut.	Microbe found nearby Grarup	A species related to but distinct from the existing species	gen. nov.	sp. nov.	GTDB marker genes and 16S rRNA	GCA_963845895.1	Oxford Nanopore PromethION	mmlong2	1285556	2	16.89047	35.27	96.99	0.88	1	19	d__Bacteria;p__Patescibacteria;c__Microgenomatia;o__UBA1406;f__GWC2-37-13;g__Unclassified;s__Unclassified	d__Bacteria;p__Patescibacteria;c__Microgenomatia;o__Grarupimicrobiales;f__Grarupimicrobiaceae;g__Grarupimicrobium;s__Grarupimicrobium simile	d__Bacteria;p__Patescibacteria;c__Microgenomatia;o__Candidatus Roizmanbacteria;f__Incertae Sedis;g__Incertae Sedis;s__uncultured bacterium	90.2	MFD04408	Denmark	9.5294	55.2455	Sediment	Freshwater	"Rainwater basin, City"
MFD04408.bin.1.96	Y	Halkiella	affinis	N.L.	fem.	Microbe found nearby Halk	A species related to but distinct from the existing species	Formerly ''Incertae Sedis'' in Silva 138.2	sp. nov.	GTDB marker genes and 16S rRNA	GCA_963739245.1	Oxford Nanopore PromethION	mmlong2	1345540	9	54.18394	50.88	93.59	2.76	1	22	d__Bacteria;p__Chloroflexota;c__Dehalococcoidia;o__Dehalococcoidales;f__BS750m-G39;g__Unclassified;s__Unclassified	d__Bacteria;p__Chloroflexota;c__Dehalococcoidia;o__Dehalococcoidales;f__Halkiellaceae;g__Halkiella;s__Halkiella affinis	d__Bacteria;p__Chloroflexota;c__Dehalococcoidia;o__t0.6.f;f__Incertae Sedis;g__Incertae Sedis;s__uncultured Chloroflexi bacterium	96.6	MFD04408	Denmark	9.5294	55.2455	Sediment	Freshwater	"Rainwater basin, City"
MFD04408.bin.c.6	Y	Moltrupihabitans	scandius	N.L.	masch.	Microbe found nearby Moltrup	A species from Scandinavia	gen. nov.	sp. nov.	GTDB marker genes and 16S rRNA	GCA_963698075.1	Oxford Nanopore PromethION	mmlong2	929420	1	20.72632	42.77	96.59	1.87	1	21	d__Bacteria;p__Patescibacteria;c__UBA1384;o__UBA12157;f__JAENIV01;g__Unclassified;s__Unclassified	d__Bacteria;p__Patescibacteria;c__Moltrupihabitantia;o__Moltrupihabitantales;f__Moltrupihabitantaceae;g__Moltrupihabitans;s__Moltrupihabitans scandius	d__Bacteria;p__Patescibacteria;c__Berkelbacteria;o__Incertae Sedis;f__Incertae Sedis;g__Incertae Sedis;s__uncultured bacterium	92.8	MFD04408	Denmark	9.5294	55.2455	Sediment	Freshwater	"Rainwater basin, City"
MFD04434.bin.1.50	Y	Kvongivita	scandia	N.L.	fem.	Microbe found nearby Kvong	A species from Scandinavia	Formerly ''Incertae Sedis'' in Silva 138.2	sp. nov.	GTDB marker genes and 16S rRNA	GCA_963844575.1	Oxford Nanopore PromethION	mmlong2	3714538	6	37.68754	70.64	92.54	0.45	1	22	d__Bacteria;p__Actinomycetota;c__Acidimicrobiia;o__Acidimicrobiales;f__RAAP-2;g__Unclassified;s__Unclassified	d__Bacteria;p__Actinomycetota;c__Acidimicrobiia;o__Acidimicrobiales;f__Vonsildianaceae;g__Kvongivita;s__Kvongivita scandia	d__Bacteria;p__Actinomycetota;c__Acidimicrobiia;o__Acidimicrobiales;f__Acidimicrobiaceae;g__Incertae Sedis;s__uncultured Actinomycetales bacterium	97.8	MFD04434	Denmark	8.2445	55.7463	Soil	Dunes	Wooded dunes
MFD04434.bin.c.2	Y	Propeborkiella	europaea	N.L.	fem.	Microbe found nearby Soender Bork	A species from Europe	Formerly ''Incertae Sedis'' in Silva 138.2	sp. nov.	GTDB marker genes and 16S rRNA	GCA_963701665.1	Oxford Nanopore PromethION	mmlong2	1337192	1	34.53201	37.3	93.56	1.98	1	22	d__Bacteria;p__Dependentiae;c__Babeliae;o__Babeliales;f__JANWKD01;g__Unclassified;s__Unclassified	d__Bacteria;p__Dependentiae;c__Babeliae;o__Babeliales;f__Propeborkiellaceae;g__Propeborkiella;s__Propeborkiella europaea	d__Bacteria;p__Dependentiae;c__Babeliae;o__Babeliales;f__Vermiphilaceae;g__Incertae Sedis;s__uncultured bacterium	98.1	MFD04434	Denmark	8.2445	55.7463	Soil	Dunes	Wooded dunes
MFD04463.bin.1.19	Y	Viumibacter	aridus	N.L.	masch.	Microbe found nearby Soender Vium	A species found in sand	Formerly ''Incertae Sedis'' in Silva 138.2	sp. nov.	GTDB marker genes and 16S rRNA	GCA_963695545.1	Oxford Nanopore PromethION	mmlong2	4159512	1	38.78215	60.58	93.76	0.01	1	22	d__Bacteria;p__Acidobacteriota;c__Terriglobia;o__Acidoferrales;f__UBA7541;g__Unclassified;s__Unclassified	d__Bacteria;p__Acidobacteriota;c__Terriglobia;o__Acidoferrales;f__UBA7541;g__Viumibacter;s__Viumibacter aridus	d__Bacteria;p__Acidobacteriota;c__Acidobacteriae;o__Subgroup 2;f__Incertae Sedis;g__Incertae Sedis;s__uncultured forest soil bacterium	98.3	MFD04463	Denmark	8.2405	55.7443	Soil	Dunes	Wooded dunes
MFD04463.bin.c.16	Y	Hemmetimen	vicinum	N.L.	neut.	Microbe found nearby Hemmet	A species related to but distinct from the existing species	gen. nov.	sp. nov.	GTDB marker genes and 16S rRNA	GCA_963701645.1	Oxford Nanopore PromethION	mmlong2	1478608	1	38.02419	38.13	95.71	0.93	1	22	d__Bacteria;p__Dependentiae;c__Babeliae;o__Babeliales;f__Vermiphilaceae;g__Unclassified;s__Unclassified	d__Bacteria;p__Dependentiae;c__Babeliae;o__Babeliales;f__Vermiphilaceae;g__Hemmetimen;s__Hemmetimen vicinum	d__Bacteria;p__Dependentiae;c__Babeliae;o__Babeliales;f__Vermiphilaceae;g__Incertae Sedis;s__uncultured sediment bacterium	89.8	MFD04463	Denmark	8.2405	55.7443	Soil	Dunes	Wooded dunes
MFD04492.bin.1.108	Y	Voerladegaardivita	lacustris	N.L.	fem.	Microbe found nearby Voerladegaard	A species found in a lake	Formerly ''Incertae Sedis'' in Silva 138.2	sp. nov.	GTDB marker genes and 16S rRNA	GCA_963783865.1	Oxford Nanopore PromethION	mmlong2	3110152	6	51.1969	70.7	94.86	0.92	1	23	d__Bacteria;p__Actinomycetota;c__Thermoleophilia;o__UBA2241;f__UBA2241;g__Unclassified;s__Unclassified	d__Bacteria;p__Actinomycetota;c__Thermoleophilia;o__Nebelibacteriales;f__Nebelibacteriaceae;g__Voerladegaardivita;s__Voerladegaardivita lacustris	d__Bacteria;p__Actinomycetota;c__Thermoleophilia;o__Gaiellales;f__Incertae Sedis;g__Incertae Sedis;s__metagenome	95.7	MFD04492	Denmark	9.699910829	56.05543277	Sediment	Freshwater	"Lake, Dystrophic"
MFD04492.bin.1.203	Y	Rysoma	lacustre	N.L.	neut.	Microbe found nearby Ry	A species found in a lake	Formerly ''Incertae Sedis'' in Silva 138.2	sp. nov.	GTDB marker genes and 16S rRNA	GCA_963803125.1	Oxford Nanopore PromethION	mmlong2	6326530	5	56.21842	62.71	95.15	3.31	1	23	d__Bacteria;p__Planctomycetota;c__Planctomycetia;o__Pirellulales;f__Thermoguttaceae;g__Unclassified;s__Unclassified	d__Bacteria;p__Planctomycetota;c__Planctomycetia;o__Pirellulales;f__Thermoguttaceae;g__Rysoma;s__Rysoma lacustre	d__Bacteria;p__Planctomycetota;c__Planctomycetes;o__Pirellulales;f__Pirellulaceae;g__Incertae Sedis;s__uncultured bacterium	97.4	MFD04492	Denmark	9.699910829	56.05543277	Sediment	Freshwater	"Lake, Dystrophic"
MFD04492.bin.1.43	Y	Ydingimonas	affinis	N.L.	fem.	Microbe found nearby Yding	A species related to but distinct from the existing species	gen. nov.	sp. nov.	GTDB marker genes and 16S rRNA	GCA_963841305.1	Oxford Nanopore PromethION	mmlong2	3979803	4	42.74513	61.35	95.14	0.69	2	22	d__Bacteria;p__Planctomycetota;c__Phycisphaerae;o__Tepidisphaerales;f__Tepidisphaeraceae;g__Unclassified;s__Unclassified	d__Bacteria;p__Planctomycetota;c__Phycisphaerae;o__Tepidisphaerales;f__Tepidisphaeraceae;g__Ydingimonas;s__Ydingimonas affinis	d__Bacteria;p__Planctomycetota;c__Phycisphaerae;o__Tepidisphaerales;f__WD2101 soil group;g__Incertae Sedis;s__uncultured bacterium	94.3	MFD04492	Denmark	9.699910829	56.05543277	Sediment	Freshwater	"Lake, Dystrophic"
MFD04540.bin.1.28	Y	Padborgicola	terreum	N.L.	masch.	Microbe found nearby Padborg	A species found in soil	Formerly ''Incertae Sedis'' in Silva 138.2	sp. nov.	GTDB marker genes and 16S rRNA	GCA_963797185.1	Oxford Nanopore PromethION	mmlong2	1050277	3	12.84383	44.01	94.03	0.1	1	21	d__Bacteria;p__Patescibacteria;c__Saccharimonadia;o__Saccharimonadales;f__UBA4665;g__Unclassified;s__Unclassified	d__Bacteria;p__Patescibacteria;c__Saccharimonadia;o__Saccharimonadales;f__Sonderborgisomataceae;g__Padborgicola;s__Padborgicola terreum	d__Bacteria;p__Patescibacteria;c__Saccharimonadia;o__Saccharimonadales;f__Incertae Sedis;g__Incertae Sedis;s__uncultured bacterium	96	MFD04540	Denmark	9.344	54.8082	Soil	Forests	Bog woodland
MFD04540.bin.1.40	Y	Muellerivita	Nordica	N.L.	masch.	Microbe named after Otto Friedrich Mueller (1730-1784)	A species from the north	Formerly ''Incertae Sedis'' in Silva 138.2	Formerly ''uncultured bacterium'' in Silva 138.2	GTDB marker genes and 16S rRNA	GCA_963719085.1	Oxford Nanopore PromethION	mmlong2	3038380	5	68.86017	53.51	98.91	0.03	1	21	d__Bacteria;p__FCPU426;c__Palsa-1180;o__Palsa-1180;f__Palsa-1180;g__Unclassified;s__Unclassified	d__Bacteria;p__Muellerivitota;c__Muellerivitia;o__Muellerivitales;f__Muellerivitaceae;g__Muellerivita;s__Muellerivita Nordica	d__Bacteria;p__FCPU426;c__Incertae Sedis;o__Incertae Sedis;f__Incertae Sedis;g__Incertae Sedis;s__uncultured bacterium	99.3	MFD04540	Denmark	9.344	54.8082	Soil	Forests	Bog woodland
MFD04540.bin.1.59	Y	Krusasoma	affine	N.L.	neut.	Microbe found nearby Krusa	A species related to but distinct from the existing species	Formerly ''Incertae Sedis'' in Silva 138.2	sp. nov.	GTDB marker genes and 16S rRNA	GCA_963785735.1	Oxford Nanopore PromethION	mmlong2	2549489	6	39.73791	64.63	96.71	0.5	1	22	d__Bacteria;p__Pseudomonadota;c__Alphaproteobacteria;o__ATCC43930;f__Stellaceae;g__Unclassified;s__Unclassified	d__Bacteria;p__Pseudomonadota;c__Alphaproteobacteria;o__ATCC43930;f__Stellaceae;g__Krusasoma;s__Krusasoma affine	d__Bacteria;p__Pseudomonadota;c__Alphaproteobacteria;o__Elsterales;f__Incertae Sedis;g__Incertae Sedis;s__uncultured bacterium	97.4	MFD04540	Denmark	9.344	54.8082	Soil	Forests	Bog woodland
MFD04716.bin.1.11	Y	Adskagenisoma	proximum	N.L.	neut.	Microbe found nearby Skagen	A species related to but distinct from the existing species	gen. nov.	sp. nov.	GTDB marker genes and 16S rRNA	GCA_963775025.1	Oxford Nanopore PromethION	mmlong2	1162124	2	15.51901	46.17	100	0.25	1	22	d__Bacteria;p__Patescibacteria;c__Gracilibacteria;o__JAUYGZ01;f__DAOVYC01;g__Unclassified;s__Unclassified	d__Bacteria;p__Patescibacteria;c__Gracilibacteria;o__Adskagenisomatales;f__Adskagenisomataceae;g__Adskagenisoma;s__Adskagenisoma proximum	d__Bacteria;p__Patescibacteria;c__Gracilibacteria;o__Candidatus Peregrinibacteria;f__Incertae Sedis;g__Incertae Sedis;s__uncultured organism	90	MFD04716	Denmark	10.6081	57.7283	Sediment	Freshwater	"Rainwater basin, City"
MFD04716.bin.1.116	Y	Skagenicola	nordicus	N.L.	masch.	Microbe found nearby Skagen	A species from the Nordic region	Formerly ''Incertae Sedis'' in Silva 138.2	Formerly ''uncultured bacterium'' in Silva 138.2	GTDB marker genes and 16S rRNA	GCA_963779225.1	Oxford Nanopore PromethION	mmlong2	5297233	3	28.23753	57.07	100	0.25	1	22	d__Bacteria;p__Bacteroidota;c__UBA10030;o__UBA10030;f__UBA6906;g__Unclassified;s__Unclassified	d__Bacteria;p__Bacteroidota;c__Skagenicolia;o__Skagenicolales;f__Skagenicolaceae;g__Skagenicola;s__Skagenicola nordicus	d__Bacteria;p__Candidatus Kryptonia;c__Kryptonia;o__Kryptoniales;f__BSV26;g__Incertae Sedis;s__uncultured bacterium	99	MFD04716	Denmark	10.6081	57.7283	Sediment	Freshwater	"Rainwater basin, City"
MFD04716.bin.1.185	Y	Skageniella	vicina	N.L.	fem.	Microbe found nearby Skagen	A species related to but distinct from the existing species	gen. nov.	sp. nov.	GTDB marker genes and 16S rRNA	GCA_963765125.1	Oxford Nanopore PromethION	mmlong2	844186	6	20.00758	37.33	93.02	2.88	2	21	d__Bacteria;p__Patescibacteria;c__WWE3;o__UBA101185;f__UBA10185;g__Unclassified;s__Unclassified	d__Bacteria;p__Patescibacteria;c__Skageniellia;o__Skageniellales;f__Skageniellaceae;g__Skageniella;s__Skageniella vicina	d__Bacteria;p__Patescibacteria;c__WWE3;o__Incertae Sedis;f__Incertae Sedis;g__Incertae Sedis;s__uncultured bacterium	89.9	MFD04716	Denmark	10.6081	57.7283	Sediment	Freshwater	"Rainwater basin, City"
MFD04716.bin.1.312	Y	Viciniskagenimen	boreale	N.L.	neut.	Microbe found nearby Skagen	A species from the north	Formerly ''Incertae Sedis'' in Silva 138.2	sp. nov.	GTDB marker genes and 16S rRNA	GCA_963732385.1	Oxford Nanopore PromethION	mmlong2	3820580	9	46.73747	68.72	95.79	2.75	1	23	d__Bacteria;p__Krumholzibacteriota;c__Krumholzibacteria;o__LZORAL124-64-63;f__LZORAL124-64-63;g__Unclassified;s__Unclassified	d__Bacteria;p__Krumholzibacteriota;c__Krumholzibacteria;o__Viciniskagenimenales;f__Viciniskagenimenaceae;g__Viciniskagenimen;s__Viciniskagenimen boreale	d__Bacteria;p__Latescibacterota;c__Incertae Sedis;o__Incertae Sedis;f__Incertae Sedis;g__Incertae Sedis;s__uncultured soil bacterium PBS-II-5	95.4	MFD04716	Denmark	10.6081	57.7283	Sediment	Freshwater	"Rainwater basin, City"
MFD04716.bin.1.71	Y	Propeskagenicola	proximus	N.L.	masch.	Microbe found nearby Skagen	A species related to but distinct from the existing species	Formerly ''Incertae Sedis'' in Silva 138.2	sp. nov.	GTDB marker genes and 16S rRNA	GCA_963718615.1	Oxford Nanopore PromethION	mmlong2	6095823	1	37.49764	52.35	100	0	4	21	d__Bacteria;p__Cyanobacteriota;c__Cyanobacteriia;o__PCC-9006;f__Prochlorotrichaceae;g__Unclassified;s__Unclassified	d__Bacteria;p__Cyanobacteriota;c__Cyanobacteriia;o__PCC-9006;f__Prochlorotrichaceae;g__Propeskagenicola;s__Propeskagenicola proximus	d__Bacteria;p__Actinomycetota;c__Thermoleophilia;o__Gaiellales;f__Incertae Sedis;g__Incertae Sedis;s__uncultured bacterium	96.7	MFD04716	Denmark	10.6081	57.7283	Sediment	Freshwater	"Rainwater basin, City"
MFD04780.bin.1.207	Y	Kasius	glebicus	N.L.	masch.	Microbe found nearby Kas	A species found in soil	Formerly ''Incertae Sedis'' in Silva 138.2	sp. nov.	GTDB marker genes and 16S rRNA	GCA_963719645.1	Oxford Nanopore PromethION	mmlong2	2396883	9	13.69878	41.18	100	0.68	1	22	d__Bacteria;p__Pseudomonadota;c__Gammaproteobacteria;o__DSM-16500;f__DSM-16500;g__Unclassified;s__Unclassified	d__Bacteria;p__Pseudomonadota;c__Gammaproteobacteria;o__DSM-16500;f__DSM-16500;g__Kasius;s__Kasius glebicus	d__Bacteria;p__Pseudomonadota;c__Gammaproteobacteria;o__Rickettsiellales;f__Rickettsiellaceae;g__Incertae Sedis;s__uncultured bacterium	95.2	MFD04780	Denmark	9.7671	57.1929	Soil	"Bogs, mires and fens"	Quaking bogs
MFD04780.bin.2.113	Y	Pandrupibacter	contiguus	N.L.	masch.	Microbe found nearby Pandrup	A species related to but distinct from the existing species	gen. nov.	sp. nov.	GTDB marker genes and 16S rRNA	GCA_963841935.1	Oxford Nanopore PromethION	mmlong2	630097	6	13.82973	47.87	96.58	2.64	1	21	d__Bacteria;p__Patescibacteria;c__Paceibacteria;o__UBA9973;f__UBA6065;g__Unclassified;s__Unclassified	d__Bacteria;p__Patescibacteria;c__Paceibacteria;o__UBA9973;f__Pandrupibacteraceae;g__Pandrupibacter;s__Pandrupibacter contiguus	d__Bacteria;p__Patescibacteria;c__Parcubacteria;o__Incertae Sedis;f__Incertae Sedis;g__Incertae Sedis;s__uncultured bacterium	92.4	MFD04780	Denmark	9.7671	57.1929	Soil	"Bogs, mires and fens"	Quaking bogs
MFD04850.bin.1.9	Y	Stagstrupiana	europaea	N.L.	fem.	Microbe found nearby Stagstrup	A species from Europe	Formerly ''Incertae Sedis'' in Silva 138.2	sp. nov.	GTDB marker genes and 16S rRNA	GCA_963801015.1	Oxford Nanopore PromethION	mmlong2	3934686	6	18.86659	68.04	97.3	0.79	1	21	d__Bacteria;p__Actinomycetota;c__Actinomycetes;o__Unclassified;f__Unclassified;g__Unclassified;s__Unclassified	d__Bacteria;p__Actinomycetota;c__Actinomycetes;o__Stagstrupianales;f__Stagstrupianaceae;g__Stagstrupiana;s__Stagstrupiana europaea	d__Bacteria;p__Actinomycetota;c__Actinobacteria;o__Frankiales;f__Sporichthyaceae;g__Incertae Sedis;s__uncultured bacterium	97.1	MFD04850	Denmark	8.6134	56.8489	Soil	Grassland formations	Calcareous grassland
MFD04850.bin.c.1	Y	Dragstrupisoma	humicum	N.L.	neut.	Microbe found nearby Dragstrup	A species found in soil	Formerly ''Incertae Sedis'' in Silva 138.2	sp. nov.	GTDB marker genes and 16S rRNA	GCA_963716195.1	Oxford Nanopore PromethION	mmlong2	3879407	1	27.68235	67.57	96.02	0.16	1	23	d__Bacteria;p__Actinomycetota;c__Thermoleophilia;o__Unclassified;f__Unclassified;g__Unclassified;s__Unclassified	d__Bacteria;p__Actinomycetota;c__Thermoleophilia;o__Dragstrupisomatales;f__Dragstrupisomataceae;g__Dragstrupisoma;s__Dragstrupisoma humicum	d__Bacteria;p__Actinomycetota;c__Thermoleophilia;o__Incertae Sedis;f__Incertae Sedis;g__Incertae Sedis;s__uncultured bacterium	96.4	MFD04850	Denmark	8.6134	56.8489	Soil	Grassland formations	Calcareous grassland
MFD04935.bin.1.3	Y	Grundtvigsius	aridus	N.L.	masch.	Microbe found nearby Grundtvigs	A species found in sand	Formerly ''Incertae Sedis'' in Silva 138.2	sp. nov.	GTDB marker genes and 16S rRNA	GCA_963839955.1	Oxford Nanopore PromethION	mmlong2	3855697	2	33.00548	70.38	97.19	0.03	1	22	d__Bacteria;p__Actinomycetota;c__Actinomycetes;o__JACCUZ01;f__JACCUZ01;g__Unclassified;s__Unclassified	d__Bacteria;p__Actinomycetota;c__Actinomycetes;o__Hemmediabales;f__Hemmediabaceae;g__Grundtvigsius;s__Grundtvigsius aridus	d__Bacteria;p__Actinomycetota;c__Actinobacteria;o__Frankiales;f__Sporichthyaceae;g__Incertae Sedis;s__uncultured bacterium	98.1	MFD04935	Denmark	8.4297	55.3523	Soil	Dunes	Marram dunes (white dunes)
MFD04944.bin.1.147	Y	Drejoemorpha	scandia	N.L.	fem.	Microbe found nearby Drejoe	A species from Scandinavia	Formerly ''Incertae Sedis'' in Silva 138.2	sp. nov.	GTDB marker genes and 16S rRNA	GCA_963803205.1	Oxford Nanopore PromethION	mmlong2	4933545	7	26.64159	59.23	99.98	0.37	1	23	d__Bacteria;p__Acidobacteriota;c__Terriglobia;o__Terriglobales;f__SbA1;g__Unclassified;s__Unclassified	d__Bacteria;p__Acidobacteriota;c__Terriglobia;o__Terriglobales;f__SbA1;g__Drejoemorpha;s__Drejoemorpha scandia	d__Bacteria;p__Acidobacteriota;c__Acidobacteriae;o__Terriglobales;f__Incertae Sedis;g__Incertae Sedis;s__uncultured bacterium	96.7	MFD04944	Denmark	10.5752	54.9596	Soil	Grassland formations	Species-rich Nardus upland grassland
MFD04944.bin.1.16	Y	Rudkobingisoma	glebicum	N.L.	neut.	Microbe found nearby Rudkobing	A species found in soil	Formerly ''Incertae Sedis'' in Silva 138.2	sp. nov.	GTDB marker genes and 16S rRNA	GCA_963781495.1	Oxford Nanopore PromethION	mmlong2	2711644	4	31.28788	69.84	95.45	0.04	1	20	d__Bacteria;p__Actinomycetota;c__Thermoleophilia;o__Solirubrobacterales;f__70-9;g__Unclassified;s__Unclassified	d__Bacteria;p__Actinomycetota;c__Thermoleophilia;o__Solirubrobacterales;f__Maglebybacteriaceae;g__Rudkobingisoma;s__Rudkobingisoma glebicum	d__Bacteria;p__Actinomycetota;c__Thermoleophilia;o__Solirubrobacterales;f__67-14;g__Incertae Sedis;s__uncultured bacterium	97.8	MFD04944	Denmark	10.5752	54.9596	Soil	Grassland formations	Species-rich Nardus upland grassland
MFD04944.bin.1.167	Y	Troenseiella	tellurica	N.L.	fem.	Microbe found nearby Troense	A species found in soil	Formerly ''Incertae Sedis'' in Silva 138.2	sp. nov.	GTDB marker genes and 16S rRNA	GCA_963840225.1	Oxford Nanopore PromethION	mmlong2	5991935	8	51.98249	68.81	96.99	0.33	1	22	d__Bacteria;p__Acidobacteriota;c__Vicinamibacteria;o__Vicinamibacterales;f__UBA2999;g__Unclassified;s__Unclassified	d__Bacteria;p__Acidobacteriota;c__Vicinamibacteria;o__Vicinamibacterales;f__Pjedstedimenaceae;g__Troenseiella;s__Troenseiella tellurica	d__Bacteria;p__Acidobacteriota;c__Vicinamibacteria;o__Vicinamibacterales;f__Incertae Sedis;g__Incertae Sedis;s__uncultured bacterium	97.5	MFD04944	Denmark	10.5752	54.9596	Soil	Grassland formations	Species-rich Nardus upland grassland
MFD04944.bin.1.263	Y	Bregningevita	scandia	N.L.	fem.	Microbe found nearby Bregninge	A species from Scandinavia	Formerly ''Incertae Sedis'' in Silva 138.2	sp. nov.	GTDB marker genes and 16S rRNA	GCA_963764505.1	Oxford Nanopore PromethION	mmlong2	4519514	5	34.46322	68.9	99.2	1.13	1	23	d__Bacteria;p__Acidobacteriota;c__Vicinamibacteria;o__Vicinamibacterales;f__SCN-69-37;g__Unclassified;s__Unclassified	d__Bacteria;p__Acidobacteriota;c__Vicinamibacteria;o__Vicinamibacterales;f__Bregningevitaceae;g__Bregningevita;s__Bregningevita scandia	d__Bacteria;p__Acidobacteriota;c__Vicinamibacteria;o__Vicinamibacterales;f__Incertae Sedis;g__Incertae Sedis;s__uncultured Acidobacteria bacterium	97.4	MFD04944	Denmark	10.5752	54.9596	Soil	Grassland formations	Species-rich Nardus upland grassland
MFD04944.bin.1.291	Y	Vindebyus	terreum	N.L.	masch.	Microbe found nearby Vindeby	A species found in soil	Formerly ''Incertae Sedis'' in Silva 138.2	Formerly ''uncultured bacterium'' in Silva 138.2	GTDB marker genes and 16S rRNA	GCA_963837395.1	Oxford Nanopore PromethION	mmlong2	6015870	8	51.41053	43.45	96.01	0.96	1	23	d__Bacteria;p__Acidobacteriota;c__HRBIN11;o__JAKEFK01;f__JAKEFK01;g__Unclassified;s__Unclassified	d__Bacteria;p__Acidobacteriota;c__Vindebyia;o__Vindebyales;f__Vindebyaceae;g__Vindebyus;s__Vindebyus terreum	d__Bacteria;p__Acidobacteriota;c__Subgroup 25;o__Incertae Sedis;f__Incertae Sedis;g__Incertae Sedis;s__uncultured bacterium	98.8	MFD04944	Denmark	10.5752	54.9596	Soil	Grassland formations	Species-rich Nardus upland grassland
MFD04944.bin.1.309	Y	Skroebelevimen	danicum	N.L.	neut.	Microbe found nearby Skroebelev	A species from Denmark	Formerly ''Incertae Sedis'' in Silva 138.2	sp. nov.	GTDB marker genes and 16S rRNA	GCA_963841715.1	Oxford Nanopore PromethION	mmlong2	2811019	6	15.51626	70.33	91.69	0.2	1	22	d__Bacteria;p__Actinomycetota;c__Thermoleophilia;o__Solirubrobacterales;f__70-9;g__Unclassified;s__Unclassified	d__Bacteria;p__Actinomycetota;c__Thermoleophilia;o__Solirubrobacterales;f__Maglebybacteriaceae;g__Skroebelevimen;s__Skroebelevimen danicum	d__Bacteria;p__Actinomycetota;c__Thermoleophilia;o__Solirubrobacterales;f__67-14;g__Incertae Sedis;s__uncultured bacterium	96.1	MFD04944	Denmark	10.5752	54.9596	Soil	Grassland formations	Species-rich Nardus upland grassland
MFD04944.bin.1.326	Y	Egensehabitans	humicus	N.L.	masch.	Microbe found nearby Egense	A species found in soil	gen. nov.	sp. nov.	GTDB marker genes and 16S rRNA	GCA_963772375.1	Oxford Nanopore PromethION	mmlong2	4746351	10	116.5924	70.89	94.98	1.84	1	23	d__Bacteria;p__Actinomycetota;c__UBA4738;o__UBA4738;f__JACQTL01;g__Unclassified;s__Unclassified	d__Bacteria;p__Actinomycetota;c__Bonnerupiia;o__Granslevivitales;f__Egensehabitantaceae;g__Egensehabitans;s__Egensehabitans humicus	d__Bacteria;p__Actinomycetota;c__MB-A2-108;o__Incertae Sedis;f__Incertae Sedis;g__Incertae Sedis;s__uncultured bacterium	93.8	MFD04944	Denmark	10.5752	54.9596	Soil	Grassland formations	Species-rich Nardus upland grassland
MFD04944.bin.1.92	Y	Drejoeum	affine	N.L.	neut.	Microbe found nearby Drejoe	A species related to but distinct from the existing species	Formerly ''Incertae Sedis'' in Silva 138.2	Formerly ''uncultured Conexibacteraceae bacterium'' in Silva 138.2	GTDB marker genes and 16S rRNA	GCA_963728875.1	Oxford Nanopore PromethION	mmlong2	3057106	7	27.88653	68.84	96.07	0.46	1	22	d__Bacteria;p__Actinomycetota;c__Thermoleophilia;o__Solirubrobacterales;f__70-9;g__Unclassified;s__Unclassified	d__Bacteria;p__Actinomycetota;c__Thermoleophilia;o__Solirubrobacterales;f__Maglebybacteriaceae;g__Drejoeum;s__Drejoeum affine	d__Bacteria;p__Actinomycetota;c__Thermoleophilia;o__Solirubrobacterales;f__67-14;g__Incertae Sedis;s__uncultured Conexibacteraceae bacterium	98.7	MFD04944	Denmark	10.5752	54.9596	Soil	Grassland formations	Species-rich Nardus upland grassland
MFD04944.bin.2.54	Y	Thuromorpha	humica	N.L.	fem.	Microbe found nearby Thuro	A species found in soil	Formerly ''Incertae Sedis'' in Silva 138.2	sp. nov.	GTDB marker genes and 16S rRNA	GCA_963803415.1	Oxford Nanopore PromethION	mmlong2	7051115	7	17.80446	55.45	98.04	3.34	1	22	d__Bacteria;p__Desulfobacterota_B;c__Binatia;o__UBA9968;f__UBA9968;g__Unclassified;s__Unclassified	d__Bacteria;p__Desulfobacterota_B;c__Binatia;o__Mandoevitales;f__Mandoevitaceae;g__Thuromorpha;s__Thuromorpha humica	d__Bacteria;p__Myxococcota;c__bacteriap25;o__Incertae Sedis;f__Incertae Sedis;g__Incertae Sedis;s__uncultured bacterium	98.1	MFD04944	Denmark	10.5752	54.9596	Soil	Grassland formations	Species-rich Nardus upland grassland
MFD04944.bin.c.2	Y	Thuroehabitans	terreum	N.L.	masch.	Microbe found nearby Thuroe	A species found in soil	Formerly ''Incertae Sedis'' in Silva 138.2	sp. nov.	GTDB marker genes and 16S rRNA	GCA_963708325.1	Oxford Nanopore PromethION	mmlong2	2895190	1	31.1631	71.31	96.5	0.17	1	22	d__Bacteria;p__Actinomycetota;c__Thermoleophilia;o__Solirubrobacterales;f__70-9;g__Unclassified;s__Unclassified	d__Bacteria;p__Actinomycetota;c__Thermoleophilia;o__Solirubrobacterales;f__Maglebybacteriaceae;g__Thuroehabitans;s__Thuroehabitans terreum	d__Bacteria;p__Actinomycetota;c__Thermoleophilia;o__Solirubrobacterales;f__67-14;g__Incertae Sedis;s__uncultured bacterium	96.1	MFD04944	Denmark	10.5752	54.9596	Soil	Grassland formations	Species-rich Nardus upland grassland
MFD04944.bin.c.3	Y	Simmerboelleana	septentrionalis	N.L.	fem.	Microbe found nearby Simmerboelle	A species from the north	Formerly ''Incertae Sedis'' in Silva 138.2	Formerly ''uncultured Rubrobacteria bacterium'' in Silva 138.2	GTDB marker genes and 16S rRNA	GCA_963715575.1	Oxford Nanopore PromethION	mmlong2	2787458	1	30.04532	70.6	92.72	0.22	1	23	d__Bacteria;p__Actinomycetota;c__Thermoleophilia;o__Gaiellales;f__Gaiellaceae;g__Unclassified;s__Unclassified	d__Bacteria;p__Actinomycetota;c__Thermoleophilia;o__Gaiellales;f__Gaiellaceae;g__Simmerboelleana;s__Simmerboelleana septentrionalis	d__Bacteria;p__Actinomycetota;c__Thermoleophilia;o__Gaiellales;f__Incertae Sedis;g__Incertae Sedis;s__uncultured Rubrobacteria bacterium	98.7	MFD04944	Denmark	10.5752	54.9596	Soil	Grassland formations	Species-rich Nardus upland grassland
MFD04967.bin.1.157	Y	Riseiella	similis	N.L.	fem.	Microbe found nearby Rise	A species related to but distinct from the existing species	Formerly ''Ellin516'' in Silva 138.2	Formerly ''metagenome'' in Silva 138.2	GTDB marker genes and 16S rRNA	GCA_963699145.1	Oxford Nanopore PromethION	mmlong2	5922632	1	27.45992	56.7	90.16	2.25	1	22	d__Bacteria;p__Verrucomicrobiota;c__Verrucomicrobiae;o__Limisphaerales;f__Unclassified;g__Unclassified;s__Unclassified	d__Bacteria;p__Verrucomicrobiota;c__Verrucomicrobiae;o__Limisphaerales;f__Riseiellaceae;g__Riseiella;s__Riseiella similis	d__Bacteria;p__Verrucomicrobiota;c__Verrucomicrobiia;o__Pedosphaerales;f__Pedosphaeraceae;g__Ellin516;s__metagenome	99	MFD04967	Denmark	10.5207	54.8533	Soil	Forests	Temperate forests
MFD04967.bin.1.6	Y	Aeroskobingiana	terrea	N.L.	fem.	Microbe found nearby AEroskobing	A species found in soil	Formerly ''Incertae Sedis'' in Silva 138.2	Formerly ''uncultured Acidobacteria bacterium'' in Silva 138.2	GTDB marker genes and 16S rRNA	GCA_963836665.1	Oxford Nanopore PromethION	mmlong2	6647974	5	31.25894	66.51	98.59	2.74	1	23	d__Bacteria;p__Acidobacteriota;c__Vicinamibacteria;o__Vicinamibacterales;f__2-12-FULL-66-21;g__Unclassified;s__Unclassified	d__Bacteria;p__Acidobacteriota;c__Vicinamibacteria;o__Vicinamibacterales;f__Alstediellaceae;g__Aeroskobingiana;s__Aeroskobingiana terrea	d__Bacteria;p__Acidobacteriota;c__Vicinamibacteria;o__Vicinamibacterales;f__Incertae Sedis;g__Incertae Sedis;s__uncultured Acidobacteria bacterium	99.6	MFD04967	Denmark	10.5207	54.8533	Soil	Forests	Temperate forests
MFD04967.bin.c.4	Y	Tranderupimen	humicum	N.L.	neut.	Microbe found nearby Tranderup	A species found in soil	Formerly ''Incertae Sedis'' in Silva 138.2	sp. nov.	GTDB marker genes and 16S rRNA	GCA_963704575.1	Oxford Nanopore PromethION	mmlong2	5095278	1	32.50403	65.87	99.15	2.13	1	23	d__Bacteria;p__Acidobacteriota;c__Vicinamibacteria;o__Vicinamibacterales;f__SCN-69-37;g__Unclassified;s__Unclassified	d__Bacteria;p__Acidobacteriota;c__Vicinamibacteria;o__Vicinamibacterales;f__Bregningevitaceae;g__Tranderupimen;s__Tranderupimen humicum	d__Bacteria;p__Acidobacteriota;c__Vicinamibacteria;o__Vicinamibacterales;f__Incertae Sedis;g__Incertae Sedis;s__uncultured Acidobacteria bacterium	98.3	MFD04967	Denmark	10.5207	54.8533	Soil	Forests	Temperate forests
MFD04967.bin.c.6	Y	Humbleiella	terrea	N.L.	fem.	Microbe found nearby Humble	A species found in soil	Formerly ''Incertae Sedis'' in Silva 138.2	Formerly ''uncultured bacterium'' in Silva 138.2	GTDB marker genes and 16S rRNA	GCA_963714035.1	Oxford Nanopore PromethION	mmlong2	3837011	1	105.2429	68.35	98.85	0.58	1	23	d__Bacteria;p__Acidobacteriota;c__Thermoanaerobaculia;o__UBA5066;f__Gp7-AA6;g__Unclassified;s__Unclassified	d__Bacteria;p__Acidobacteriota;c__Thermoanaerobaculia;o__Outrupibacteriales;f__Propenissumisomataceae;g__Humbleiella;s__Humbleiella terrea	d__Bacteria;p__Acidobacteriota;c__Holophagae;o__Subgroup 7;f__Incertae Sedis;g__Incertae Sedis;s__uncultured bacterium	99.1	MFD04967	Denmark	10.5207	54.8533	Soil	Forests	Temperate forests
MFD05377.bin.1.52	Y	Sennelsisoma	propinquum	N.L.	neut.	Microbe found nearby Sennels	A species related to but distinct from the existing species	Formerly ''Incertae Sedis'' in Silva 138.2	sp. nov.	GTDB marker genes and 16S rRNA	GCA_963797765.1	Oxford Nanopore PromethION	mmlong2	5558232	7	18.31438	56.68	92.99	3.33	1	22	d__Bacteria;p__Acidobacteriota;c__Terriglobia;o__Acidoferrales;f__UBA7541;g__Unclassified;s__Unclassified	d__Bacteria;p__Acidobacteriota;c__Terriglobia;o__Acidoferrales;f__UBA7541;g__Sennelsisoma;s__Sennelsisoma propinquum	d__Bacteria;p__Acidobacteriota;c__Acidobacteriae;o__Subgroup 2;f__Incertae Sedis;g__Incertae Sedis;s__uncultured bacterium	97.4	MFD05377	Denmark	8.85114178	56.93737774	Sediment	Freshwater	Standing freshwater
MFD05442.bin.1.16	Y	Hjerkibacterium	telluricum	N.L.	neut.	Microbe found nearby Hjerk	A species found in soil	Formerly ''Incertae Sedis'' in Silva 138.2	sp. nov.	GTDB marker genes and 16S rRNA	GCA_963805305.1	Oxford Nanopore PromethION	mmlong2	2763988	8	142.0779	70.19	95.88	0.49	1	22	d__Bacteria;p__Chloroflexota;c__Limnocylindria;o__QHBO01;f__QHBO01;g__Unclassified;s__Unclassified	d__Bacteria;p__Chloroflexota;c__Limnocylindria;o__Vrouevitales;f__Vrouevitaceae;g__Hjerkibacterium;s__Hjerkibacterium telluricum	d__Bacteria;p__Chloroflexota;c__Gitt-GS-136;o__Incertae Sedis;f__Incertae Sedis;g__Incertae Sedis;s__uncultured Caldilineaceae bacterium	98.2	MFD05442	Denmark	8.822	56.7368	Soil	Coastal	Atlantic salt meadows
MFD05502.bin.1.3	Y	Gyllingicola	affinis	N.L.	masch.	Microbe found nearby Gylling	A species related to but distinct from the existing species	gen. nov.	sp. nov.	GTDB marker genes and 16S rRNA	GCA_963716395.1	Oxford Nanopore PromethION	mmlong2	3754783	1	21.57842	59.84	99.21	0.3	1	22	d__Bacteria;p__Fibrobacterota;c__Fibrobacteria;o__UBA11236;f__UBA11236;g__Unclassified;s__Unclassified	d__Bacteria;p__Fibrobacterota;c__Fibrobacteria;o__Gyllingicolales;f__Gyllingicolaceae;g__Gyllingicola;s__Gyllingicola affinis	d__Bacteria;p__Fibrobacterota;c__Fibrobacteria;o__Fibrobacterales;f__Fibrobacteraceae;g__Incertae Sedis;s__bacterium enrichment culture clone auto5_4W	92.2	MFD05502	Denmark	10.3164	55.77	Soil	Temperate heath and scrub	Wet heath
MFD05502.bin.1.37	Y	Endelavebacter	telluricus	N.L.	masch.	Microbe found nearby Endelave	A species found in soil	Formerly ''Incertae Sedis'' in Silva 138.2	sp. nov.	GTDB marker genes and 16S rRNA	GCA_963796715.1	Oxford Nanopore PromethION	mmlong2	3010105	9	65.35842	71.72	94.39	0.66	1	22	d__Bacteria;p__Chloroflexota;c__Limnocylindria;o__Limnocylindrales;f__CSP1-4;g__Unclassified;s__Unclassified	d__Bacteria;p__Chloroflexota;c__Limnocylindria;o__Limnocylindrales;f__Klitmollerisomataceae;g__Endelavebacter;s__Endelavebacter telluricus	d__Bacteria;p__Chloroflexota;c__KD4-96;o__Incertae Sedis;f__Incertae Sedis;g__Incertae Sedis;s__uncultured bacterium	96.8	MFD05502	Denmark	10.3164	55.77	Soil	Temperate heath and scrub	Wet heath
MFD05512.bin.1.74	Y	Stavnsholtiana	nordica	N.L.	fem.	Microbe found nearby Stavnsholt	A species from the Nordic region	Formerly ''Incertae Sedis'' in Silva 138.2	sp. nov.	GTDB marker genes and 16S rRNA	GCA_963848305.1	Oxford Nanopore PromethION	mmlong2	1892649	4	22.74965	46.47	92.37	2.12	2	22	d__Bacteria;p__Pseudomonadota;c__Gammaproteobacteria;o__JABCZS01;f__JABCZS01;g__Unclassified;s__Unclassified	d__Bacteria;p__Pseudomonadota;c__Gammaproteobacteria;o__Stavnsholtianales;f__Stavnsholtianaceae;g__Stavnsholtiana;s__Stavnsholtiana nordica	d__Bacteria;p__Pseudomonadota;c__Gammaproteobacteria;o__Incertae Sedis;f__Incertae Sedis;g__Incertae Sedis;s__uncultured bacterium	97.2	MFD05512	Denmark	12.3921	55.7882	Soil	Forests	Bog woodland
MFD05512.bin.c.16	Y	Virumibacter	telluricus	N.L.	masch.	Microbe found nearby Virum	A species found in soil	Formerly ''Incertae Sedis'' in Silva 138.2	sp. nov.	GTDB marker genes and 16S rRNA	GCA_963716425.1	Oxford Nanopore PromethION	mmlong2	1865056	1	18.14756	39.16	93.72	3.43	1	22	d__Bacteria;p__Dependentiae;c__Babeliae;o__Babeliales;f__JANWKD01;g__Unclassified;s__Unclassified	d__Bacteria;p__Dependentiae;c__Babeliae;o__Babeliales;f__Propeborkiellaceae;g__Virumibacter;s__Virumibacter telluricus	d__Bacteria;p__Dependentiae;c__Babeliae;o__Babeliales;f__Incertae Sedis;g__Incertae Sedis;s__uncultured bacterium	97	MFD05512	Denmark	12.3921	55.7882	Soil	Forests	Bog woodland
MFD05512.bin.c.3	Y	Sorgenfrisoma	glebicum	N.L.	neut.	Microbe found nearby Sorgenfri	A species found in soil	gen. nov.	sp. nov.	GTDB marker genes and 16S rRNA	GCA_963705915.1	Oxford Nanopore PromethION	mmlong2	827485	1	39.48274	50.94	96.92	0	1	19	d__Bacteria;p__Patescibacteria;c__Paceibacteria;o__UBA6257;f__2-01-FULL-56-20;g__Unclassified;s__Unclassified	d__Bacteria;p__Patescibacteria;c__Paceibacteria;o__UBA6257;f__Kliplevianaceae;g__Sorgenfrisoma;s__Sorgenfrisoma glebicum	d__Bacteria;p__Patescibacteria;c__Parcubacteria;o__Candidatus Jorgensenbacteria;f__Incertae Sedis;g__Incertae Sedis;s__Candidatus Adlerbacteria bacterium GW2011_GWC1_50_9	83.1	MFD05512	Denmark	12.3921	55.7882	Soil	Forests	Bog woodland
MFD05567.bin.1.1	Y	Assensius	humicus	N.L.	masch.	Microbe found nearby Assens	A species found in soil	Formerly ''Incertae Sedis'' in Silva 138.2	Formerly ''uncultured bacterium'' in Silva 138.2	GTDB marker genes and 16S rRNA	GCA_963771355.1	Oxford Nanopore PromethION	mmlong2	5525756	8	34.71938	69.76	99.77	2.17	1	23	d__Bacteria;p__Methylomirabilota;c__Methylomirabilia;o__Rokubacteriales;f__CSP1-6;g__Unclassified;s__Unclassified	d__Bacteria;p__Methylomirabilota;c__Methylomirabilia;o__Rokubacteriales;f__Kastediabaceae;g__Assensius;s__Assensius humicus	d__Bacteria;p__Methylomirabilota;c__Methylomirabilia;o__Rokubacteriales;f__Incertae Sedis;g__Incertae Sedis;s__uncultured bacterium	99	MFD05567	Denmark	9.8535	55.2293	Soil	Grassland formations	Calcareous grassland
MFD05580.bin.1.8	Y	Rindivita	affinis	N.L.	fem.	Microbe found nearby Soender Rind	A species related to but distinct from the existing species	gen. nov.	sp. nov.	GTDB marker genes and 16S rRNA	GCA_963801335.1	Oxford Nanopore PromethION	mmlong2	3250826	4	28.55417	45.72	91.85	3.26	2	22	d__Bacteria;p__Chlamydiota;c__Chlamydiia;o__Chlamydiales;f__Parachlamydiaceae;g__Unclassified;s__Unclassified	d__Bacteria;p__Chlamydiota;c__Chlamydiia;o__Chlamydiales;f__Parachlamydiaceae;g__Rindivita;s__Rindivita affinis	d__Bacteria;p__Chlamydiota;c__Chlamydiia;o__Chlamydiales;f__Parachlamydiaceae;g__Neochlamydia;s__Neochlamydia sp. S13	92.7	MFD05580	Denmark	9.5148	56.3838	Soil	"Bogs, mires and fens"	Active raised bogs
MFD05580.bin.1.97	Y	Elsborgius	terreum	N.L.	masch.	Microbe found nearby Elsborg	A species found in soil	Formerly ''UBA12409'' in Silva 138.2	sp. nov.	GTDB marker genes and 16S rRNA	GCA_963722385.1	Oxford Nanopore PromethION	mmlong2	1601323	2	21.7383	43.38	93.57	1.25	1	22	d__Bacteria;p__Dependentiae;c__Babeliae;o__Babeliales;f__Babeliaceae;g__Unclassified;s__Unclassified	d__Bacteria;p__Dependentiae;c__Babeliae;o__Babeliales;f__Babeliaceae;g__Elsborgius;s__Elsborgius terreum	d__Bacteria;p__Dependentiae;c__Babeliae;o__Babeliales;f__Incertae Sedis;g__UBA12409;s__uncultured Candidatus Dependentiae bacterium	94.5	MFD05580	Denmark	9.5148	56.3838	Soil	"Bogs, mires and fens"	Active raised bogs
MFD05580.bin.c.4	Y	Mammenisoma	propinquum	N.L.	neut.	Microbe found nearby Mammen	A species related to but distinct from the existing species	Formerly ''Incertae Sedis'' in Silva 138.2	sp. nov.	GTDB marker genes and 16S rRNA	GCA_963704475.1	Oxford Nanopore PromethION	mmlong2	1461658	1	56.85228	43.34	99.04	0.11	1	22	d__Bacteria;p__Pseudomonadota;c__Alphaproteobacteria;o__UBA9655;f__UBA9655;g__Unclassified;s__Unclassified	d__Bacteria;p__Pseudomonadota;c__Alphaproteobacteria;o__Mammenisomatales;f__Mammenisomataceae;g__Mammenisoma;s__Mammenisoma propinquum	d__Bacteria;p__Pseudomonadota;c__Alphaproteobacteria;o__Holosporales;f__Holosporaceae;g__Incertae Sedis;s__metagenome	97.3	MFD05580	Denmark	9.5148	56.3838	Soil	"Bogs, mires and fens"	Active raised bogs
MFD05684.bin.1.125	Y	Janderupisoma	oricum	N.L.	neut.	Microbe found nearby Janderup	A species found in the coast	Formerly ''Incertae Sedis'' in Silva 138.2	sp. nov.	GTDB marker genes and 16S rRNA	GCA_963762165.1	Oxford Nanopore PromethION	mmlong2	3597460	4	16.14866	60.57	93	0.31	1	22	d__Bacteria;p__Pseudomonadota;c__Gammaproteobacteria;o__JASBUN01;f__JASBUN01;g__Unclassified;s__Unclassified	d__Bacteria;p__Pseudomonadota;c__Gammaproteobacteria;o__Janderupisomatales;f__Janderupisomataceae;g__Janderupisoma;s__Janderupisoma oricum	d__Bacteria;p__Pseudomonadota;c__Gammaproteobacteria;o__AT-s16;f__Incertae Sedis;g__Incertae Sedis;s__uncultured bacterium	96.1	MFD05684	Denmark	8.2638	55.5312	Soil	Coastal	Salicornia mud
MFD05684.bin.1.137	Y	Billumimen	oricum	N.L.	neut.	Microbe found nearby Billum	A species found in the coast	gen. nov.	sp. nov.	GTDB marker genes and 16S rRNA	GCA_963712305.1	Oxford Nanopore PromethION	mmlong2	5338230	5	38.75752	44.42	98.37	0	2	22	d__Bacteria;p__Bacteroidota;c__Rhodothermia;o__Balneolales;f__M1805;g__Unclassified;s__Unclassified	d__Bacteria;p__Bacteroidota;c__Rhodothermia;o__Balneolales;f__Billumimenaceae;g__Billumimen;s__Billumimen oricum	d__Bacteria;p__Balneolota;c__Balneolia;o__Balneolales;f__Balneolaceae;g__HK-RBC54;s__uncultured bacterium	88.1	MFD05684	Denmark	8.2638	55.5312	Soil	Coastal	Salicornia mud
MFD05684.bin.1.14	Y	Bryndumius	litoralis	N.L.	masch.	Microbe found nearby Bryndum	A species found in the coast	gen. nov.	sp. nov.	GTDB marker genes and 16S rRNA	GCA_963821875.1	Oxford Nanopore PromethION	mmlong2	3684218	4	26.69883	61.54	98.47	0.59	1	22	d__Bacteria;p__Pseudomonadota;c__Alphaproteobacteria;o__JAPYRI01;f__JAPYRI01;g__Unclassified;s__Unclassified	d__Bacteria;p__Pseudomonadota;c__Alphaproteobacteria;o__Bryndumiales;f__Bryndumiaceae;g__Bryndumius;s__Bryndumius litoralis	d__Bacteria;p__Pseudomonadota;c__Alphaproteobacteria;o__Defluviicoccales;f__Incertae Sedis;g__Incertae Sedis;s__uncultured bacterium	91.7	MFD05684	Denmark	8.2638	55.5312	Soil	Coastal	Salicornia mud
MFD05684.bin.1.263	Y	Janderupiella	adiacens	N.L.	fem.	Microbe found nearby Janderup	A species related to but distinct from the existing species	Formerly ''Incertae Sedis'' in Silva 138.2	sp. nov.	GTDB marker genes and 16S rRNA	GCA_963727525.1	Oxford Nanopore PromethION	mmlong2	4664706	8	20.84339	66.83	96.67	1.43	1	23	d__Bacteria;p__Krumholzibacteriota;c__Krumholzibacteria;o__LZORAL124-64-63;f__LZORAL124-64-63;g__Unclassified;s__Unclassified	d__Bacteria;p__Krumholzibacteriota;c__Krumholzibacteria;o__Viciniskagenimenales;f__Viciniskagenimenaceae;g__Janderupiella;s__Janderupiella adiacens	d__Bacteria;p__Latescibacterota;c__Incertae Sedis;o__Incertae Sedis;f__Incertae Sedis;g__Incertae Sedis;s__uncultured bacterium	96.6	MFD05684	Denmark	8.2638	55.5312	Soil	Coastal	Salicornia mud
MFD05684.bin.1.285	Y	Oksboliana	litoralis	N.L.	fem.	Microbe found nearby Oksbol	A species found in the coast	Formerly ''Incertae Sedis'' in Silva 138.2	Formerly ''uncultured bacterium'' in Silva 138.2	GTDB marker genes and 16S rRNA	GCA_963774415.1	Oxford Nanopore PromethION	mmlong2	3606482	8	54.52268	61.95	97.18	0.4	1	22	d__Bacteria;p__Pseudomonadota;c__Gammaproteobacteria;o__Xanthomonadales;f__SZUA-36;g__Unclassified;s__Unclassified	d__Bacteria;p__Pseudomonadota;c__Gammaproteobacteria;o__Xanthomonadales;f__Treenighedsiabaceae;g__Oksboliana;s__Oksboliana litoralis	d__Bacteria;p__Pseudomonadota;c__Gammaproteobacteria;o__Gammaproteobacteria Incertae Sedis;f__Unknown Family;g__Incertae Sedis;s__uncultured bacterium	98.9	MFD05684	Denmark	8.2638	55.5312	Soil	Coastal	Salicornia mud
MFD05684.bin.c.4	Y	Treenighedsius	litoralis	N.L.	masch.	Microbe found nearby Treenigheds	A species found in the coast	Formerly ''Incertae Sedis'' in Silva 138.2	sp. nov.	GTDB marker genes and 16S rRNA	GCA_963718685.1	Oxford Nanopore PromethION	mmlong2	778136	1	63.20379	43.92	96.91	0	1	22	d__Bacteria;p__Patescibacteria;c__Saccharimonadia;o__Saccharimonadales;f__JACPYF01;g__Unclassified;s__Unclassified	d__Bacteria;p__Patescibacteria;c__Saccharimonadia;o__Saccharimonadales;f__Treenighedsiaceae;g__Treenighedsius;s__Treenighedsius litoralis	d__Bacteria;p__Patescibacteria;c__Saccharimonadia;o__Saccharimonadales;f__Incertae Sedis;g__Incertae Sedis;s__uncultured bacterium	95.8	MFD05684	Denmark	8.2638	55.5312	Soil	Coastal	Salicornia mud
MFD05705.bin.1.164	Y	Lydumimicrobium	danicum	N.L.	neut.	Microbe found nearby Lydum	A species from Denmark	Formerly ''Incertae Sedis'' in Silva 138.2	sp. nov.	GTDB marker genes and 16S rRNA	GCA_963812135.1	Oxford Nanopore PromethION	mmlong2	2793984	6	61.2171	64.12	98.43	0.91	1	22	d__Bacteria;p__Eremiobacterota;c__Eremiobacteria;o__Eremiobacterales;f__Eremiobacteraceae;g__Unclassified;s__Unclassified	d__Bacteria;p__Eremiobacterota;c__Eremiobacteria;o__Eremiobacterales;f__Eremiobacteraceae;g__Lydumimicrobium;s__Lydumimicrobium danicum	d__Bacteria;p__Candidatus Eremiobacterota;c__Eremiobacteria;o__Incertae Sedis;f__Incertae Sedis;g__Incertae Sedis;s__uncultured bacterium	98	MFD05705	Denmark	8.2063	55.7153	Soil	Dunes	Humid dune slacks
MFD05705.bin.1.187	Y	Loenneiella	borealis	N.L.	fem.	Microbe found nearby Loenne	A species from the north	Formerly ''Incertae Sedis'' in Silva 138.2	sp. nov.	GTDB marker genes and 16S rRNA	GCA_963772515.1	Oxford Nanopore PromethION	mmlong2	2713783	6	90.77224	64.58	97.54	0.29	1	22	d__Bacteria;p__Eremiobacterota;c__Eremiobacteria;o__Eremiobacterales;f__Eremiobacteraceae;g__Unclassified;s__Unclassified	d__Bacteria;p__Eremiobacterota;c__Eremiobacteria;o__Eremiobacterales;f__Eremiobacteraceae;g__Loenneiella;s__Loenneiella borealis	d__Bacteria;p__Candidatus Eremiobacterota;c__Eremiobacteria;o__Incertae Sedis;f__Incertae Sedis;g__Incertae Sedis;s__uncultured bacterium	98.3	MFD05705	Denmark	8.2063	55.7153	Soil	Dunes	Humid dune slacks
MFD05705.bin.1.57	Y	Borkimonas	danica	N.L.	fem.	Microbe found nearby Soender Bork	A species from Denmark	Formerly ''Incertae Sedis'' in Silva 138.2	sp. nov.	GTDB marker genes and 16S rRNA	GCA_963840035.1	Oxford Nanopore PromethION	mmlong2	3459977	3	22.05701	47.22	98.34	0.48	1	22	d__Bacteria;p__Goldbacteria;c__PGYV01;o__PGYV01;f__Palsa-1178;g__Unclassified;s__Unclassified	d__Bacteria;p__Goldbacteria;c__Borkimonadia;o__Borkimonadales;f__Borkimonadaceae;g__Borkimonas;s__Borkimonas danica	d__Bacteria;p__FCPU426;c__Incertae Sedis;o__Incertae Sedis;f__Incertae Sedis;g__Incertae Sedis;s__uncultured bacterium	96	MFD05705	Denmark	8.2063	55.7153	Soil	Dunes	Humid dune slacks
MFD05841.bin.1.39	Y	Gerdingisoma	simile	N.L.	neut.	Microbe found nearby Gerding	A species related to but distinct from the existing species	Formerly ''Incertae Sedis'' in Silva 138.2	Formerly ''uncultured actinobacterium'' in Silva 138.2	GTDB marker genes and 16S rRNA	GCA_963721305.1	Oxford Nanopore PromethION	mmlong2	4308569	6	31.83748	67.65	96.68	0.44	1	23	d__Bacteria;p__Actinomycetota;c__Acidimicrobiia;o__Acidimicrobiales;f__JACDCH01;g__Unclassified;s__Unclassified	d__Bacteria;p__Actinomycetota;c__Acidimicrobiia;o__Acidimicrobiales;f__Elmelundeabaceae;g__Gerdingisoma;s__Gerdingisoma simile	d__Bacteria;p__Actinomycetota;c__Acidimicrobiia;o__Microtrichales;f__Incertae Sedis;g__Incertae Sedis;s__uncultured actinobacterium	98.9	MFD05841	Denmark	9.9156	56.891	Soil	Forests	
MFD05942.bin.1.105	Y	Testrupibacter	propinquus	N.L.	masch.	Microbe found nearby Testrup	A species related to but distinct from the existing species	Formerly ''Incertae Sedis'' in Silva 138.2	sp. nov.	GTDB marker genes and 16S rRNA	GCA_963840235.1	Oxford Nanopore PromethION	mmlong2	3034677	10	40.74926	69.72	96.09	0.65	1	21	d__Bacteria;p__Actinomycetota;c__Thermoleophilia;o__Solirubrobacterales;f__70-9;g__Unclassified;s__Unclassified	d__Bacteria;p__Actinomycetota;c__Thermoleophilia;o__Solirubrobacterales;f__Maglebybacteriaceae;g__Testrupibacter;s__Testrupibacter propinquus	d__Bacteria;p__Actinomycetota;c__Thermoleophilia;o__Solirubrobacterales;f__67-14;g__Incertae Sedis;s__uncultured bacterium	97.4	MFD05942	Denmark	9.6177	56.7771	Soil	Fields	"Poales, grass"
MFD05942.bin.1.20	Y	Simestedium	europaeum	N.L.	neut.	Microbe found nearby Simested	A species from Europe	Formerly ''Incertae Sedis'' in Silva 138.2	Formerly ''uncultured Coriobacteriaceae bacterium'' in Silva 138.2	GTDB marker genes and 16S rRNA	GCA_963817405.1	Oxford Nanopore PromethION	mmlong2	2186233	3	23.93929	66.76	96.95	0.09	1	23	d__Bacteria;p__Actinomycetota;c__Coriobacteriia;o__Anaerosomatales;f__Anaerosomataceae;g__Unclassified;s__Unclassified	d__Bacteria;p__Actinomycetota;c__Coriobacteriia;o__Anaerosomatales;f__Anaerosomataceae;g__Simestedium;s__Simestedium europaeum	d__Bacteria;p__Actinomycetota;c__Coriobacteriia;o__OPB41;f__Incertae Sedis;g__Incertae Sedis;s__uncultured Coriobacteriaceae bacterium	99.4	MFD05942	Denmark	9.6177	56.7771	Soil	Fields	"Poales, grass"
MFD05942.bin.1.345	Y	Roerbaekicola	terreum	N.L.	masch.	Microbe found nearby Roerbaek	A species found in soil	Formerly ''Incertae Sedis'' in Silva 138.2	sp. nov.	GTDB marker genes and 16S rRNA	GCA_963809535.1	Oxford Nanopore PromethION	mmlong2	2327862	7	82.27401	64.65	97.91	0.2	1	23	d__Bacteria;p__Actinomycetota;c__Coriobacteriia;o__Anaerosomatales;f__Unclassified;g__Unclassified;s__Unclassified	d__Bacteria;p__Actinomycetota;c__Coriobacteriia;o__Anaerosomatales;f__Roerbaekicolaceae;g__Roerbaekicola;s__Roerbaekicola terreum	d__Bacteria;p__Actinomycetota;c__Coriobacteriia;o__OPB41;f__Incertae Sedis;g__Incertae Sedis;s__uncultured bacterium	98.2	MFD05942	Denmark	9.6177	56.7771	Soil	Fields	"Poales, grass"
MFD05942.bin.1.73	Y	Roldibacter	humicus	N.L.	masch.	Microbe found nearby Rold	A species found in soil	Formerly ''Incertae Sedis'' in Silva 138.2	Formerly ''uncultured bacterium'' in Silva 138.2	GTDB marker genes and 16S rRNA	GCA_963771215.1	Oxford Nanopore PromethION	mmlong2	3531517	2	20.50192	70.68	96.61	0.57	1	23	d__Bacteria;p__Gemmatimonadota;c__Gemmatimonadetes;o__Gemmatimonadales;f__GWC2-71-9;g__Unclassified;s__Unclassified	d__Bacteria;p__Gemmatimonadota;c__Gemmatimonadetes;o__Gemmatimonadales;f__Siemiabaceae;g__Roldibacter;s__Roldibacter humicus	d__Bacteria;p__Gemmatimonadota;c__Gemmatimonadia;o__Gemmatimonadales;f__Gemmatimonadaceae;g__Incertae Sedis;s__uncultured bacterium	99.7	MFD05942	Denmark	9.6177	56.7771	Soil	Fields	"Poales, grass"
MFD06092.bin.1.176	Y	Raastediaba	similis	N.L.	fem.	Microbe found nearby Raasted	A species related to but distinct from the existing species	gen. nov.	sp. nov.	GTDB marker genes and 16S rRNA	GCA_963718715.1	Oxford Nanopore PromethION	mmlong2	2217981	1	41.84685	48.49	94.15	0.95	2	22	d__Bacteria;p__Chlamydiota;c__Chlamydiia;o__Chlamydiales;f__Rhabdochlamydiaceae;g__Unclassified;s__Unclassified	d__Bacteria;p__Chlamydiota;c__Chlamydiia;o__Chlamydiales;f__Rhabdochlamydiaceae;g__Raastediaba;s__Raastediaba similis	d__Bacteria;p__Chlamydiota;c__Chlamydiia;o__Chlamydiales;f__Simkaniaceae;g__Incertae Sedis;s__Chlamydiales bacterium CRIB33	93.1	MFD06092	Denmark	8.49378111	56.2604146	Soil	Temperate heath and scrub	Wet heath
MFD06092.bin.1.94	Y	Oernhoejiana	propinqua	N.L.	fem.	Microbe found nearby Oernhoej	A species related to but distinct from the existing species	gen. nov.	sp. nov.	GTDB marker genes and 16S rRNA	GCA_963840685.1	Oxford Nanopore PromethION	mmlong2	1607627	2	22.72728	38.89	91.78	0.71	1	22	d__Bacteria;p__Dependentiae;c__Babeliae;o__Babeliales;f__Vermiphilaceae;g__Unclassified;s__Unclassified	d__Bacteria;p__Dependentiae;c__Babeliae;o__Babeliales;f__Vermiphilaceae;g__Oernhoejiana;s__Oernhoejiana propinqua	d__Bacteria;p__Dependentiae;c__Babeliae;o__Babeliales;f__Vermiphilaceae;g__Incertae Sedis;s__uncultured soil bacterium	92.7	MFD06092	Denmark	8.49378111	56.2604146	Soil	Temperate heath and scrub	Wet heath
MFD06435.bin.1.139	Y	Norsibacterium	proximum	N.L.	neut.	Microbe found nearby Nors	A species related to but distinct from the existing species	gen. nov.	sp. nov.	GTDB marker genes and 16S rRNA	GCA_963816535.1	Oxford Nanopore PromethION	mmlong2	3737382	8	14.01137	41.68	100	0.74	1	19	d__Bacteria;p__Bacteroidota;c__Ignavibacteria;o__SJA-28;f__OLB5;g__Unclassified;s__Unclassified	d__Bacteria;p__Bacteroidota;c__Ignavibacteria;o__Norsibacteriales;f__Norsibacteriaceae;g__Norsibacterium;s__Norsibacterium proximum	d__Bacteria;p__Incertae Sedis;c__Incertae Sedis;o__SJA-28;f__Incertae Sedis;g__Incertae Sedis;s__uncultured bacterium	94.3	MFD06435	Denmark	8.46320698	57.0278885	Sediment	Freshwater	"Lake, Mixed Najas flexilis"
MFD06714.bin.1.37	Y	Soenderbyus	aridus	N.L.	masch.	Microbe found nearby Soenderby	A species found in sand	Formerly ''Incertae Sedis'' in Silva 138.2	sp. nov.	GTDB marker genes and 16S rRNA	GCA_963735465.1	Oxford Nanopore PromethION	mmlong2	5748078	2	44.50931	67.75	90.54	1.06	2	22	d__Bacteria;p__Pseudomonadota;c__Alphaproteobacteria;o__ATCC43930;f__Stellaceae;g__Unclassified;s__Unclassified	d__Bacteria;p__Pseudomonadota;c__Alphaproteobacteria;o__ATCC43930;f__Stellaceae;g__Soenderbyus;s__Soenderbyus aridus	d__Bacteria;p__Pseudomonadota;c__Alphaproteobacteria;o__Elsterales;f__Incertae Sedis;g__Incertae Sedis;s__uncultured Alphaproteobacteria bacterium	97.5	MFD06714	Denmark	9.988333	55.207112	Soil	Dunes	Decalcified Empetrum dunes
MFD06742.bin.c.1	Y	Keldbyplasma	nordicum	N.L.	neut.	Microbe found nearby Keldby	A species from the Nordic region	Formerly ''Incertae Sedis'' in Silva 138.2	sp. nov.	GTDB marker genes and 16S rRNA	GCA_963701675.1	Oxford Nanopore PromethION	mmlong2	8725057	1	50.41833	58.2	92.52	1.86	1	23	d__Bacteria;p__Planctomycetota;c__Planctomycetia;o__Gemmatales;f__Gemmataceae;g__Unclassified;s__Unclassified	d__Bacteria;p__Planctomycetota;c__Planctomycetia;o__Gemmatales;f__Gemmataceae;g__Keldbyplasma;s__Keldbyplasma nordicum	d__Bacteria;p__Planctomycetota;c__Planctomycetes;o__Gemmatales;f__Gemmataceae;g__Incertae Sedis;s__uncultured bacterium	95.6	MFD06742	Denmark	12.534405	54.992122	Soil	Forests	Beech forests Limestone
MFD09212.bin.1.217	Y	Halsiella	adiacens	N.L.	fem.	Microbe found nearby Hals	A species related to but distinct from the existing species	Formerly ''Incertae Sedis'' in Silva 138.2	Formerly ''uncultured bacterium'' in Silva 138.2	GTDB marker genes and 16S rRNA	GCA_963728545.1	Oxford Nanopore PromethION	mmlong2	9273319	5	62.49234	54.26	94.84	3.21	1	22	d__Bacteria;p__Acidobacteriota;c__Blastocatellia;o__UBA7656;f__UBA7656;g__Unclassified;s__Unclassified	d__Bacteria;p__Acidobacteriota;c__Blastocatellia;o__Soenderhoales;f__Soenderhoaceae;g__Halsiella;s__Halsiella adiacens	d__Bacteria;p__Acidobacteriota;c__Blastocatellia;o__11-24;f__Incertae Sedis;g__Incertae Sedis;s__uncultured bacterium	98.8	MFD09212	Denmark	10.25675	56.90241	Soil	Grassland formations	Xeric sand calcareous grasslands
MFD09222.bin.c.1	Y	Sjoersleviaba	similis	N.L.	fem.	Microbe found nearby Sjoerslev	A species related to but distinct from the existing species	Formerly ''Incertae Sedis'' in Silva 138.2	sp. nov.	GTDB marker genes and 16S rRNA	GCA_963704455.1	Oxford Nanopore PromethION	mmlong2	4450498	1	149.2295	57.32	100	0.2	1	23	d__Bacteria;p__Acidobacteriota;c__Terriglobia;o__Acidoferrales;f__UBA7541;g__Unclassified;s__Unclassified	d__Bacteria;p__Acidobacteriota;c__Terriglobia;o__Acidoferrales;f__UBA7541;g__Sjoersleviaba;s__Sjoersleviaba similis	d__Bacteria;p__Acidobacteriota;c__Acidobacteriae;o__Subgroup 2;f__Incertae Sedis;g__Incertae Sedis;s__uncultured bacterium	94.9	MFD09222	Denmark	9.2476	56.2643	Soil	Temperate heath and scrub	Wet heath
MFD09267.bin.1.321	Y	Naesborgicola	septentrionalis	N.L.	masch.	Microbe found nearby Naesborg	A species from the north	Formerly ''Incertae Sedis'' in Silva 138.2	sp. nov.	GTDB marker genes and 16S rRNA	GCA_963799815.1	Oxford Nanopore PromethION	mmlong2	2647405	7	17.6362	68.66	93.81	0.23	1	22	d__Bacteria;p__Actinomycetota;c__Thermoleophilia;o__Solirubrobacterales;f__70-9;g__Unclassified;s__Unclassified	d__Bacteria;p__Actinomycetota;c__Thermoleophilia;o__Solirubrobacterales;f__Maglebybacteriaceae;g__Naesborgicola;s__Naesborgicola septentrionalis	d__Bacteria;p__Actinomycetota;c__Thermoleophilia;o__Solirubrobacterales;f__67-14;g__Incertae Sedis;s__uncultured bacterium	97.9	MFD09267	Denmark	9.28746	56.98291	Soil	Grassland formations	Xeric sand calcareous grasslands
MFD09286.bin.1.55	Y	Hvidbjergium	terrestre	N.L.	neut.	Microbe found nearby Hvidbjerg	A species found in soil	Formerly ''Incertae Sedis'' in Silva 138.2	sp. nov.	GTDB marker genes and 16S rRNA	GCA_963758805.1	Oxford Nanopore PromethION	mmlong2	2686602	4	25.63337	62.51	91.34	0.03	1	23	d__Bacteria;p__Eremiobacterota;c__Eremiobacteria;o__Baltobacterales;f__Baltobacteraceae;g__Unclassified;s__Unclassified	d__Bacteria;p__Eremiobacterota;c__Eremiobacteria;o__Baltobacterales;f__Baltobacteraceae;g__Hvidbjergium;s__Hvidbjergium terrestre	d__Bacteria;p__Candidatus Eremiobacterota;c__Eremiobacteria;o__Incertae Sedis;f__Incertae Sedis;g__Incertae Sedis;s__uncultured bacterium	98	MFD09286	Denmark	8.26815	56.81197	Soil	Dunes	Decalcified Empetrum dunes
MFD09286.bin.c.1	Y	Bedstedimen	aridum	N.L.	neut.	Microbe found nearby Bedsted	A species found in sand	gen. nov.	sp. nov.	GTDB marker genes and 16S rRNA	GCA_963701015.1	Oxford Nanopore PromethION	mmlong2	4466598	1	45.3469	32.22	98.28	0.18	1	21	d__Bacteria;p__Bacteroidota;c__Bacteroidia;o__Bacteroidales;f__DTGW01;g__Unclassified;s__Unclassified	d__Bacteria;p__Bacteroidota;c__Bacteroidia;o__Bacteroidales;f__Bedstedimenaceae;g__Bedstedimen;s__Bedstedimen aridum	d__Bacteria;p__Bacteroidota;c__Bacteroidia;o__Bacteroidales;f__SB-5;g__Incertae Sedis;s__uncultured soil bacterium	92.6	MFD09286	Denmark	8.26815	56.81197	Soil	Dunes	Decalcified Empetrum dunes
MFD09495.bin.1.125	Y	Pederskerisoma	simile	N.L.	neut.	Microbe found nearby Pedersker	A species related to but distinct from the existing species	gen. nov.	sp. nov.	GTDB marker genes and 16S rRNA	GCA_963778115.1	Oxford Nanopore PromethION	mmlong2	5109118	8	15.58258	49.81	98.4	3.92	1	22	d__Bacteria;p__Bdellovibrionota;c__FAC87;o__UBA2466;f__UBA2466;g__Unclassified;s__Unclassified	d__Bacteria;p__Bdellovibrionota;c__Pederskerisomatia;o__Pederskerisomatales;f__Pederskerisomataceae;g__Pederskerisoma;s__Pederskerisoma simile	d__Bacteria;p__Bdellovibrionota;c__Oligoflexia;o__0319-6G20;f__Incertae Sedis;g__Incertae Sedis;s__uncultured bacterium	93.8	MFD09495	Denmark	15.0805	54.9907	Soil	Dunes	Dunes creeping willow
MFD09495.bin.1.55	Y	Ibskerisoma	contiguum	N.L.	neut.	Microbe found nearby Ibsker	A species related to but distinct from the existing species	gen. nov.	sp. nov.	GTDB marker genes and 16S rRNA	GCA_963797335.1	Oxford Nanopore PromethION	mmlong2	2193342	8	14.53239	44.55	100	1.24	1	22	d__Bacteria;p__Pseudomonadota;c__Gammaproteobacteria;o__JAURND01;f__JAURND01;g__Unclassified;s__Unclassified	d__Bacteria;p__Pseudomonadota;c__Gammaproteobacteria;o__Aasumibacterales;f__Ibskerisomataceae;g__Ibskerisoma;s__Ibskerisoma contiguum	d__Bacteria;p__Pseudomonadota;c__Gammaproteobacteria;o__Gammaproteobacteria Incertae Sedis;f__Unknown Family;g__Candidatus Berkiella;s__uncultured bacterium	93.2	MFD09495	Denmark	15.0805	54.9907	Soil	Dunes	Dunes creeping willow
MFD09495.bin.c.1	Y	Nexoevita	borealis	N.L.	fem.	Microbe found nearby Nexoe	A species from the north	Formerly ''Incertae Sedis'' in Silva 138.2	sp. nov.	GTDB marker genes and 16S rRNA	GCA_963715755.1	Oxford Nanopore PromethION	mmlong2	7080295	1	53.99788	65.7	91.41	2.43	1	22	d__Bacteria;p__Planctomycetota;c__Planctomycetia;o__Pirellulales;f__PALSA-1355;g__Unclassified;s__Unclassified	d__Bacteria;p__Planctomycetota;c__Planctomycetia;o__Pirellulales;f__Havbroaceae;g__Nexoevita;s__Nexoevita borealis	d__Bacteria;p__Planctomycetota;c__Planctomycetes;o__Pirellulales;f__Pirellulaceae;g__Incertae Sedis;s__uncultured bacterium	97.4	MFD09495	Denmark	15.0805	54.9907	Soil	Dunes	Dunes creeping willow
MFD09603.bin.1.211	Y	Rutskerihabitans	telluricus	N.L.	masch.	Microbe found nearby Rutsker	A species found in soil	Formerly ''Incertae Sedis'' in Silva 138.2	Formerly ''uncultured bacterium'' in Silva 138.2	GTDB marker genes and 16S rRNA	GCA_963830635.1	Oxford Nanopore PromethION	mmlong2	4183392	5	33.31973	62.65	99.45	0.29	1	23	d__Bacteria;p__Acidobacteriota;c__Terriglobia;o__Terriglobales;f__Acidobacteriaceae;g__Unclassified;s__Unclassified	d__Bacteria;p__Acidobacteriota;c__Terriglobia;o__Terriglobales;f__Acidobacteriaceae;g__Rutskerihabitans;s__Rutskerihabitans telluricus	d__Bacteria;p__Acidobacteriota;c__Acidobacteriae;o__Terriglobales;f__Acidobacteriaceae (Subgroup 1);g__Incertae Sedis;s__uncultured bacterium	98.8	MFD09603	Denmark	14.9796	55.2067	Soil	Rocky habitats and caves	Siliceous rocky slopes
MFD09603.bin.1.231	Y	Tejniella	affinis	N.L.	fem.	Microbe found nearby Tejn	A species related to but distinct from the existing species	Formerly ''Incertae Sedis'' in Silva 138.2	Formerly ''uncultured bacterium'' in Silva 138.2	GTDB marker genes and 16S rRNA	GCA_963720185.1	Oxford Nanopore PromethION	mmlong2	2276742	1	43.18602	61.61	92.7	0.8	1	22	d__Bacteria;p__Eremiobacterota;c__Eremiobacteria;o__Baltobacterales;f__Baltobacteraceae;g__Unclassified;s__Unclassified	d__Bacteria;p__Eremiobacterota;c__Eremiobacteria;o__Baltobacterales;f__Baltobacteraceae;g__Tejniella;s__Tejniella affinis	d__Bacteria;p__Candidatus Eremiobacterota;c__Eremiobacteria;o__Incertae Sedis;f__Incertae Sedis;g__Incertae Sedis;s__uncultured bacterium	99	MFD09603	Denmark	14.9796	55.2067	Soil	Rocky habitats and caves	Siliceous rocky slopes
MFD09603.bin.1.99	Y	Olskerimonas	humica	N.L.	fem.	Microbe found nearby Olsker	A species found in soil	Formerly ''Incertae Sedis'' in Silva 138.2	sp. nov.	GTDB marker genes and 16S rRNA	GCA_963723455.1	Oxford Nanopore PromethION	mmlong2	3845771	6	16.34855	70.96	91.46	0.65	2	22	d__Bacteria;p__Pseudomonadota;c__Alphaproteobacteria;o__Acetobacterales;f__Acetobacteraceae;g__Unclassified;s__Unclassified	d__Bacteria;p__Pseudomonadota;c__Alphaproteobacteria;o__Acetobacterales;f__Acetobacteraceae;g__Olskerimonas;s__Olskerimonas humica	d__Bacteria;p__Pseudomonadota;c__Alphaproteobacteria;o__Acetobacterales;f__Acetobacteraceae;g__Incertae Sedis;s__metagenome	95.3	MFD09603	Denmark	14.9796	55.2067	Soil	Rocky habitats and caves	Siliceous rocky slopes
MFD09671.bin.1.114	Y	Pederskeriella	vicina	N.L.	fem.	Microbe found nearby Pedersker	A species related to but distinct from the existing species	Formerly ''Incertae Sedis'' in Silva 138.2	sp. nov.	GTDB marker genes and 16S rRNA	GCA_963758495.1	Oxford Nanopore PromethION	mmlong2	3662278	5	18.93124	42.17	96.97	2.19	2	22	d__Bacteria;p__Bdellovibrionota;c__UBA1018;o__UBA1018;f__UBA1018;g__Unclassified;s__Unclassified	d__Bacteria;p__Bdellovibrionota;c__Pederskeriellia;o__Pederskeriellales;f__Pederskeriellaceae;g__Pederskeriella;s__Pederskeriella vicina	d__Bacteria;p__Bdellovibrionota;c__Oligoflexia;o__0319-6G20;f__Incertae Sedis;g__Incertae Sedis;s__Geobacter sp. enrichment culture clone VanCtr1	98	MFD09671	Denmark	15.0788	54.9903	Soil	Dunes	Humid dune slacks
MFD09671.bin.1.120	Y	Ibskericola	contiguus	N.L.	masch.	Microbe found nearby Ibsker	A species related to but distinct from the existing species	gen. nov.	sp. nov.	GTDB marker genes and 16S rRNA	GCA_963822595.1	Oxford Nanopore PromethION	mmlong2	3181712	6	12.4641	40.54	97.51	1.3	1	22	d__Bacteria;p__Chlamydiota;c__Chlamydiia;o__Chlamydiales;f__Unclassified;g__Unclassified;s__Unclassified	d__Bacteria;p__Chlamydiota;c__Chlamydiia;o__Chlamydiales;f__Ibskericolaceae;g__Ibskericola;s__Ibskericola contiguus	d__Bacteria;p__Chlamydiota;c__Chlamydiia;o__Chlamydiales;f__Parachlamydiaceae;g__Neochlamydia;s__metagenome	90.2	MFD09671	Denmark	15.0788	54.9903	Soil	Dunes	Humid dune slacks
MFD09671.bin.1.19	Y	Snogebaekisoma	terrestre	N.L.	neut.	Microbe found nearby Snogebaek	A species found in soil	Formerly ''Incertae Sedis'' in Silva 138.2	sp. nov.	GTDB marker genes and 16S rRNA	GCA_963699265.1	Oxford Nanopore PromethION	mmlong2	5070229	1	39.92278	55.89	94.91	1.16	1	22	d__Bacteria;p__Armatimonadota;c__Armatimonadia;o__Armatimonadales;f__Capsulimonadaceae;g__Unclassified;s__Unclassified	d__Bacteria;p__Armatimonadota;c__Armatimonadia;o__Armatimonadales;f__Capsulimonadaceae;g__Snogebaekisoma;s__Snogebaekisoma terrestre	d__Bacteria;p__Armatimonadota;c__Armatimonadia;o__Armatimonadales;f__Armatimonadaceae;g__Incertae Sedis;s__uncultured bacterium	95.8	MFD09671	Denmark	15.0788	54.9903	Soil	Dunes	Humid dune slacks
MFD09671.bin.1.56	Y	Ibskerium	contiguum	N.L.	neut.	Microbe found nearby Ibsker	A species related to but distinct from the existing species	gen. nov.	sp. nov.	GTDB marker genes and 16S rRNA	GCA_963790585.1	Oxford Nanopore PromethION	mmlong2	7470851	10	24.90456	57.47	93.63	2.84	2	23	d__Bacteria;p__Planctomycetota;c__Planctomycetia;o__Gemmatales;f__Gemmataceae;g__Unclassified;s__Unclassified	d__Bacteria;p__Planctomycetota;c__Planctomycetia;o__Gemmatales;f__Gemmataceae;g__Ibskerium;s__Ibskerium contiguum	d__Bacteria;p__Planctomycetota;c__Planctomycetes;o__Gemmatales;f__Gemmataceae;g__Incertae Sedis;s__uncultured bacterium	93.6	MFD09671	Denmark	15.0788	54.9903	Soil	Dunes	Humid dune slacks
MFD09779.bin.1.244	Y	Husbyana	adiacens	N.L.	fem.	Microbe found nearby Husby	A species related to but distinct from the existing species	Formerly ''Incertae Sedis'' in Silva 138.2	sp. nov.	GTDB marker genes and 16S rRNA	GCA_963823525.1	Oxford Nanopore PromethION	mmlong2	3601477	6	91.61987	62.59	99.06	1.33	1	22	d__Bacteria;p__Pseudomonadota;c__Gammaproteobacteria;o__Steroidobacterales;f__Steroidobacteraceae;g__Unclassified;s__Unclassified	d__Bacteria;p__Pseudomonadota;c__Gammaproteobacteria;o__Steroidobacterales;f__Steroidobacteraceae;g__Husbyana;s__Husbyana adiacens	d__Bacteria;p__Pseudomonadota;c__Gammaproteobacteria;o__Steroidobacterales;f__Steroidobacteraceae;g__Incertae Sedis;s__uncultured bacterium	96.7	MFD09779	Denmark	8.1689	56.3361	Sediment	Saltwater	Fjords
MFD09779.bin.1.273	Y	Madumicoccus	scandius	N.L.	masch.	Microbe found nearby Madum	A species from Scandinavia	Formerly ''Incertae Sedis'' in Silva 138.2	sp. nov.	GTDB marker genes and 16S rRNA	GCA_963753435.1	Oxford Nanopore PromethION	mmlong2	2167156	6	40.28612	67.93	97.98	0.19	1	22	d__Bacteria;p__Actinomycetota;c__Actinomycetes;o__Unclassified;f__Unclassified;g__Unclassified;s__Unclassified	d__Bacteria;p__Actinomycetota;c__Actinomycetes;o__Madumicoccales;f__Madumicoccaceae;g__Madumicoccus;s__Madumicoccus scandius	d__Bacteria;p__Actinomycetota;c__Actinobacteria;o__Frankiales;f__Incertae Sedis;g__Incertae Sedis;s__uncultured bacterium	95.6	MFD09779	Denmark	8.1689	56.3361	Sediment	Saltwater	Fjords
MFD09779.bin.1.378	Y	Moeborgiaba	contigua	N.L.	fem.	Microbe found nearby Moeborg	A species related to but distinct from the existing species	Formerly ''Incertae Sedis'' in Silva 138.2	sp. nov.	GTDB marker genes and 16S rRNA	GCA_963793415.1	Oxford Nanopore PromethION	mmlong2	3211758	4	20.65247	70.12	93.46	0.16	1	21	d__Bacteria;p__Actinomycetota;c__Thermoleophilia;o__Solirubrobacterales;f__70-9;g__Unclassified;s__Unclassified	d__Bacteria;p__Actinomycetota;c__Thermoleophilia;o__Solirubrobacterales;f__Maglebybacteriaceae;g__Moeborgiaba;s__Moeborgiaba contigua	d__Bacteria;p__Actinomycetota;c__Thermoleophilia;o__Solirubrobacterales;f__67-14;g__Incertae Sedis;s__uncultured actinobacterium	98.6	MFD09779	Denmark	8.1689	56.3361	Sediment	Saltwater	Fjords
MFD09779.bin.1.47	Y	Flynderium	europaeum	N.L.	neut.	Microbe found nearby Flynder	A species from Europe	gen. nov.	sp. nov.	GTDB marker genes and 16S rRNA	GCA_963847665.1	Oxford Nanopore PromethION	mmlong2	2166359	7	17.0012	37.39	91.84	0.75	1	22	d__Bacteria;p__Actinomycetota;c__Humimicrobiia;o__Humimicrobiales;f__Humimicrobiaceae;g__Unclassified;s__Unclassified	d__Bacteria;p__Actinomycetota;c__Humimicrobiia;o__Humimicrobiales;f__Humimicrobiaceae;g__Flynderium;s__Flynderium europaeum	d__Bacteria;p__Actinomycetota;c__WCHB1-81;o__Incertae Sedis;f__Incertae Sedis;g__Incertae Sedis;s__uncultured bacterium	94.1	MFD09779	Denmark	8.1689	56.3361	Sediment	Saltwater	Fjords
MFD09779.bin.1.7	Y	Vicininissumisoma	simile	N.L.	neut.	Microbe found nearby Soender Nissum	A species related to but distinct from the existing species	Formerly ''Incertae Sedis'' in Silva 138.2	sp. nov.	GTDB marker genes and 16S rRNA	GCA_963712065.1	Oxford Nanopore PromethION	mmlong2	3928561	2	40.61161	72.41	96.19	3.43	1	23	d__Bacteria;p__Actinomycetota;c__Acidimicrobiia;o__Acidimicrobiales;f__UBA8139;g__Unclassified;s__Unclassified	d__Bacteria;p__Actinomycetota;c__Acidimicrobiia;o__Acidimicrobiales;f__UBA8139;g__Vicininissumisoma;s__Vicininissumisoma simile	d__Bacteria;p__Actinomycetota;c__Acidimicrobiia;o__Microtrichales;f__Incertae Sedis;g__Incertae Sedis;s__uncultured bacterium	98.4	MFD09779	Denmark	8.1689	56.3361	Sediment	Saltwater	Fjords
MFD09779.bin.1.73	Y	Affininissumivita	propinqua	N.L.	fem.	Microbe found nearby Soender Nissum	A species related to but distinct from the existing species	Formerly ''Incertae Sedis'' in Silva 138.2	sp. nov.	GTDB marker genes and 16S rRNA	GCA_963792875.1	Oxford Nanopore PromethION	mmlong2	3861273	10	21.45771	65.89	95.23	0	2	21	d__Bacteria;p__Pseudomonadota;c__Gammaproteobacteria;o__Pseudomonadales;f__JAHEGP01;g__Unclassified;s__Unclassified	d__Bacteria;p__Pseudomonadota;c__Gammaproteobacteria;o__Pseudomonadales;f__Affininissumivitaceae;g__Affininissumivita;s__Affininissumivita propinqua	d__Bacteria;p__Pseudomonadota;c__Gammaproteobacteria;o__Pseudomonadales;f__Gven-F17;g__Incertae Sedis;s__uncultured bacterium	94.9	MFD09779	Denmark	8.1689	56.3361	Sediment	Saltwater	Fjords
MFD09779.bin.1.77	Y	Flynderiella	similis	N.L.	fem.	Microbe found nearby Flynder	A species related to but distinct from the existing species	gen. nov.	sp. nov.	GTDB marker genes and 16S rRNA	GCA_963823555.1	Oxford Nanopore PromethION	mmlong2	4622600	4	20.0964	67.15	92.57	1.48	1	23	d__Bacteria;p__Eisenbacteria;c__RBG-16-71-46;o__Unclassified;f__Unclassified;g__Unclassified;s__Unclassified	d__Bacteria;p__Eisenbacteria;c__Ravnsnaesimenia;o__Flynderiellales;f__Flynderiellaceae;g__Flynderiella;s__Flynderiella similis	d__Bacteria;p__Latescibacterota;c__Incertae Sedis;o__Incertae Sedis;f__Incertae Sedis;g__Incertae Sedis;s__uncultured bacterium	93.4	MFD09779	Denmark	8.1689	56.3361	Sediment	Saltwater	Fjords
MFD09779.bin.1.82	Y	Affininissumius	propinquus	N.L.	masch.	Microbe found nearby Soender Nissum	A species related to but distinct from the existing species	Formerly ''Incertae Sedis'' in Silva 138.2	sp. nov.	GTDB marker genes and 16S rRNA	GCA_963848045.1	Oxford Nanopore PromethION	mmlong2	2474348	5	117.4181	70.57	95.43	0.01	1	22	d__Bacteria;p__Actinomycetota;c__Thermoleophilia;o__Solirubrobacterales;f__70-9;g__Unclassified;s__Unclassified	d__Bacteria;p__Actinomycetota;c__Thermoleophilia;o__Solirubrobacterales;f__Maglebybacteriaceae;g__Affininissumius;s__Affininissumius propinquus	d__Bacteria;p__Actinomycetota;c__Thermoleophilia;o__Solirubrobacterales;f__67-14;g__Incertae Sedis;s__uncultured Rubrobacteria bacterium	96.6	MFD09779	Denmark	8.1689	56.3361	Sediment	Saltwater	Fjords
MFD09779.bin.1.9	Y	Stabyaba	vicina	N.L.	fem.	Microbe found nearby Staby	A species related to but distinct from the existing species	Formerly ''Incertae Sedis'' in Silva 138.2	sp. nov.	GTDB marker genes and 16S rRNA	GCA_963792805.1	Oxford Nanopore PromethION	mmlong2	2928794	3	40.42453	70.86	100	0.14	1	22	d__Bacteria;p__Actinomycetota;c__Actinomycetes;o__Jiangellales;f__Unclassified;g__Unclassified;s__Unclassified	d__Bacteria;p__Actinomycetota;c__Actinomycetes;o__Jiangellales;f__Jiangellaceae;g__Stabyaba;s__Stabyaba vicina	d__Bacteria;p__Actinomycetota;c__Actinobacteria;o__Propionibacteriales;f__Propionibacteriaceae;g__Incertae Sedis;s__Gram-positive bacterium SOGA22	96.2	MFD09779	Denmark	8.1689	56.3361	Sediment	Saltwater	Fjords
MFD09964.bin.1.195	Y	Hindborgiana	septentrionalis	N.L.	fem.	Microbe found nearby Hindborg	A species from the north	gen. nov.	sp. nov.	GTDB marker genes and 16S rRNA	GCA_963697385.1	Oxford Nanopore PromethION	mmlong2	4535771	6	35.913	69.4	96.41	1.55	1	23	d__Bacteria;p__Actinomycetota;c__Acidimicrobiia;o__Acidimicrobiales;f__CALAML01;g__Unclassified;s__Unclassified	d__Bacteria;p__Actinomycetota;c__Acidimicrobiia;o__Acidimicrobiales;f__Hindborgianaceae;g__Hindborgiana;s__Hindborgiana septentrionalis	d__Bacteria;p__Actinomycetota;c__Acidimicrobiia;o__Microtrichales;f__Microtrichaceae;g__Incertae Sedis;s__uncultured bacterium	94	MFD09964	Denmark	9.0763	56.5565	Sediment	Saltwater	Fjords
MFD09964.bin.1.215	Y	Gammelstrupium	septentrionale	N.L.	neut.	Microbe found nearby Gammelstrup	A species from the north	Formerly ''Incertae Sedis'' in Silva 138.2	sp. nov.	GTDB marker genes and 16S rRNA	GCA_963707345.1	Oxford Nanopore PromethION	mmlong2	3660149	4	44.26866	62.16	97.3	2.44	1	23	d__Bacteria;p__Chloroflexota;c__Anaerolineae;o__Promineifilales;f__UBA4811;g__Unclassified;s__Unclassified	d__Bacteria;p__Chloroflexota;c__Anaerolineae;o__Promineifilales;f__Gammelstrupiaceae;g__Gammelstrupium;s__Gammelstrupium septentrionale	d__Bacteria;p__Chloroflexota;c__Anaerolineae;o__Aggregatilineales;f__Incertae Sedis;g__Incertae Sedis;s__uncultured bacterium	95.7	MFD09964	Denmark	9.0763	56.5565	Sediment	Saltwater	Fjords
MFD09964.bin.1.236	Y	Oerslevklosterivita	vicina	N.L.	fem.	Microbe found nearby Oerslevkloster	A species related to but distinct from the existing species	Formerly ''Incertae Sedis'' in Silva 138.2	sp. nov.	GTDB marker genes and 16S rRNA	GCA_963714405.1	Oxford Nanopore PromethION	mmlong2	3296023	6	20.95158	33.67	93.27	0.15	1	22	d__Bacteria;p__Bacteroidota;c__Ignavibacteria;o__Ignavibacteriales;f__Ignavibacteriaceae;g__Unclassified;s__Unclassified	d__Bacteria;p__Bacteroidota;c__Ignavibacteria;o__Ignavibacteriales;f__Ignavibacteriaceae;g__Oerslevklosterivita;s__Oerslevklosterivita vicina	d__Bacteria;p__Ignavibacteriota;c__Ignavibacteria;o__Ignavibacteriales;f__PHOS-HE36;g__Incertae Sedis;s__uncultured bacterium	98.1	MFD09964	Denmark	9.0763	56.5565	Sediment	Saltwater	Fjords
MFD09964.bin.1.60	Y	Jebjergicola	affinis	N.L.	masch.	Microbe found nearby Jebjerg	A species related to but distinct from the existing species	gen. nov.	sp. nov.	GTDB marker genes and 16S rRNA	GCA_963695115.1	Oxford Nanopore PromethION	mmlong2	3416652	10	15.51269	69.4	92.04	0.99	1	23	d__Bacteria;p__Actinomycetota;c__Acidimicrobiia;o__Acidimicrobiales;f__Unclassified;g__Unclassified;s__Unclassified	d__Bacteria;p__Actinomycetota;c__Acidimicrobiia;o__Acidimicrobiales;f__Jebjergicolaceae;g__Jebjergicola;s__Jebjergicola affinis	d__Bacteria;p__Actinomycetota;c__Acidimicrobiia;o__Microtrichales;f__Microtrichaceae;g__Incertae Sedis;s__metagenome	94.2	MFD09964	Denmark	9.0763	56.5565	Sediment	Saltwater	Fjords
MFD09964.bin.1.68	Y	Ottingiana	contigua	N.L.	fem.	Microbe found nearby Otting	A species related to but distinct from the existing species	Formerly ''Incertae Sedis'' in Silva 138.2	Formerly ''uncultured actinobacterium'' in Silva 138.2	GTDB marker genes and 16S rRNA	GCA_963698395.1	Oxford Nanopore PromethION	mmlong2	5473190	8	24.10584	65.67	94.73	2.14	1	23	d__Bacteria;p__Actinomycetota;c__Acidimicrobiia;o__Acidimicrobiales;f__SZUA-35;g__Unclassified;s__Unclassified	d__Bacteria;p__Actinomycetota;c__Acidimicrobiia;o__Acidimicrobiales;f__Koltiaceae;g__Ottingiana;s__Ottingiana contigua	d__Bacteria;p__Actinomycetota;c__Acidimicrobiia;o__Microtrichales;f__Microtrichaceae;g__Incertae Sedis;s__uncultured actinobacterium	99.3	MFD09964	Denmark	9.0763	56.5565	Sediment	Saltwater	Fjords
MFD09964.bin.1.87	Y	Oddensebacterium	simile	N.L.	neut.	Microbe found nearby Oddense	A species related to but distinct from the existing species	gen. nov.	sp. nov.	GTDB marker genes and 16S rRNA	GCA_963704905.1	Oxford Nanopore PromethION	mmlong2	1312200	4	14.67521	42.15	92.44	2.5	1	21	d__Bacteria;p__Patescibacteria;c__Microgenomatia;o__UBA1400;f__Chisholmbacteraceae;g__Unclassified;s__Unclassified	d__Bacteria;p__Patescibacteria;c__Microgenomatia;o__UBA1400;f__Chisholmbacteraceae;g__Oddensebacterium;s__Oddensebacterium simile	d__Bacteria;p__Patescibacteria;c__Microgenomatia;o__Candidatus Pacebacteria;f__Incertae Sedis;g__Incertae Sedis;s__uncultured bacterium	88.1	MFD09964	Denmark	9.0763	56.5565	Sediment	Saltwater	Fjords
MFD09964.bin.2.144	Y	Kvolsibacter	europaeus	N.L.	masch.	Microbe found nearby Kvols	A species from Europe	gen. nov.	sp. nov.	GTDB marker genes and 16S rRNA	GCA_963698655.1	Oxford Nanopore PromethION	mmlong2	5918506	10	29.56158	57.38	91.18	3.85	1	22	d__Bacteria;p__Chloroflexota;c__Anaerolineae;o__Anaerolineales;f__JABWBV01;g__Unclassified;s__Unclassified	d__Bacteria;p__Chloroflexota;c__Anaerolineae;o__Anaerolineales;f__Kvolsibacteraceae;g__Kvolsibacter;s__Kvolsibacter europaeus	d__Bacteria;p__Chloroflexota;c__Anaerolineae;o__Anaerolineales;f__Anaerolineaceae;g__Incertae Sedis;s__uncultured bacterium	92.9	MFD09964	Denmark	9.0763	56.5565	Sediment	Saltwater	Fjords
MFD10007.bin.1.132	Y	Vedbaekius	similis	N.L.	masch.	Microbe found nearby Vedbaek	A species related to but distinct from the existing species	Formerly ''Incertae Sedis'' in Silva 138.2	sp. nov.	GTDB marker genes and 16S rRNA	GCA_963695795.1	Oxford Nanopore PromethION	mmlong2	5270074	9	68.12252	67.09	98.21	2.24	1	23	d__Bacteria;p__Acidobacteriota;c__Vicinamibacteria;o__Vicinamibacterales;f__JAKQTR01;g__Unclassified;s__Unclassified	d__Bacteria;p__Acidobacteriota;c__Vicinamibacteria;o__Vicinamibacterales;f__Binderupimenaceae;g__Vedbaekius;s__Vedbaekius similis	d__Bacteria;p__Acidobacteriota;c__Vicinamibacteria;o__Vicinamibacterales;f__Incertae Sedis;g__Incertae Sedis;s__uncultured bacterium	96.1	MFD10007	Denmark	12.4931	55.8579	Sediment	Freshwater	Enclosed water
MFD10007.bin.1.176	Y	Birkerodiella	proxima	N.L.	fem.	Microbe found nearby Birkerod	A species related to but distinct from the existing species	Formerly ''Incertae Sedis'' in Silva 138.2	sp. nov.	GTDB marker genes and 16S rRNA	GCA_963705525.1	Oxford Nanopore PromethION	mmlong2	5616521	7	33.14887	63.66	98.28	4.36	1	23	d__Bacteria;p__Acidobacteriota;c__Vicinamibacteria;o__Vicinamibacterales;f__Unclassified;g__Unclassified;s__Unclassified	d__Bacteria;p__Acidobacteriota;c__Vicinamibacteria;o__Vicinamibacterales;f__Birkerodiellaceae;g__Birkerodiella;s__Birkerodiella proxima	d__Bacteria;p__Acidobacteriota;c__Vicinamibacteria;o__Vicinamibacterales;f__Incertae Sedis;g__Incertae Sedis;s__uncultured bacterium	96.6	MFD10007	Denmark	12.4931	55.8579	Sediment	Freshwater	Enclosed water
MFD10007.bin.1.230	Y	Soelleroedius	adiacens	N.L.	masch.	Microbe found nearby Soelleroed	A species related to but distinct from the existing species	Formerly ''Incertae Sedis'' in Silva 138.2	sp. nov.	GTDB marker genes and 16S rRNA	GCA_963704025.1	Oxford Nanopore PromethION	mmlong2	3832968	5	21.32066	70.74	92.17	0.54	1	22	d__Bacteria;p__Actinomycetota;c__Thermoleophilia;o__Gaiellales;f__Gaiellaceae;g__Unclassified;s__Unclassified	d__Bacteria;p__Actinomycetota;c__Thermoleophilia;o__Gaiellales;f__Gaiellaceae;g__Soelleroedius;s__Soelleroedius adiacens	d__Bacteria;p__Actinomycetota;c__Thermoleophilia;o__Gaiellales;f__Incertae Sedis;g__Incertae Sedis;s__uncultured bacterium	98.5	MFD10007	Denmark	12.4931	55.8579	Sediment	Freshwater	Enclosed water
MFD01231.bin.1.34.R1.cMAG	Y	Oederibacterium	danicum	N.L.	neut.	Microbe named after Georg Christian Oeder (1728-1791)	A species from Denmark	gen. nov.	sp. nov.	GTDB marker genes and 16S rRNA	GCA_965112635.1	Oxford Nanopore PromethION	manual reassembly with Flye	2876006	1	56.971558	51.35	97.81	0.03	1	21	d__Bacteria;p__CAKKQC01;c__Unclassified;o__Unclassified;f__Unclassified;g__Unclassified;s__Unclassified	d__Bacteria;p__Oederibacteriota;c__Oederibacteriia;o__Oederibacteriales;f__Oederibacteriaceae;g__Oederibacterium;s__Oederibacterium Danicum	d__Bacteria;p__Bacillota;c__Bacilli;o__Bacillales;f__Bacillaceae;g__Bacillus;s__Bacillus cereus	85.3	MFD01231	Denmark	9.410917085	54.97351103	Sediment 	Freshwater	"Lake, Dystrophic"
MFD01275.bin.1.78	N	Nykerimen	scandium	N.L.	neut.	Microbe found nearby Nyker	A species from Scandinavia	Formerly ''12-FULL-67-14b'' in GTDB R220	Formerly ''uncultured Acidobacteria bacterium'' in Silva 138.2	GTDB marker genes and 16S rRNA	GCA_963795125.1	Oxford Nanopore PromethION	mmlong2	5161097	4	31.595543	66.6	94.99	1.47	1	23	d__Bacteria;p__Acidobacteriota;c__Vicinamibacteria;o__Vicinamibacterales;f__UBA2999;g__12-FULL-67-14b;s__Unclassified	d__Bacteria;p__Acidobacteriota;c__Vicinamibacteria;o__Vicinamibacterales;f__Pjedstedimenaceae;g__Nykerimen;s__Nykerimen scandium	d__Bacteria;p__Acidobacteriota;c__Vicinamibacteria;o__Vicinamibacterales;f__Vicinamibacteraceae;g__Incertae Sedis;s__uncultured Acidobacteria bacterium	99.1	MFD01275	Denmark	10.8089	56.5332	Soil	Dunes	Marram dunes (white dunes)
MFD10007.bin.1.48	N	Siemiaba	propinqua	N.L.	fem.	Microbe found nearby Siem	A species related to but distinct from the existing species	Formerly ''20CM-2-65-7'' in GTDB R220	sp. nov.	GTDB marker genes and 16S rRNA	GCA_963704805.1	Oxford Nanopore PromethION	mmlong2	3644914	4	21.32193	65.58	100	3.53	1	23	d__Bacteria;p__Gemmatimonadota;c__Gemmatimonadetes;o__Gemmatimonadales;f__GWC2-71-9;g__20CM-2-65-7;s__Unclassified	d__Bacteria;p__Gemmatimonadota;c__Gemmatimonadetes;o__Gemmatimonadales;f__Siemiabaceae;g__Siemiaba;s__Siemiaba propinqua	d__Bacteria;p__Gemmatimonadota;c__Gemmatimonadia;o__Gemmatimonadales;f__Gemmatimonadaceae;g__Incertae Sedis;s__uncultured bacterium	97.3	MFD10007	Denmark	12.4931	55.8579	Sediment	Freshwater	Enclosed water
MFD09779.bin.1.78	N	Reseniella	danica	N.L.	fem.	Microbe found nearby Resen	A species from Denmark	Formerly ''67-14'' in GTDB R220	Formerly ''uncultured bacterium'' in Silva 138.2	GTDB marker genes and 16S rRNA	GCA_963766115.1	Oxford Nanopore PromethION	mmlong2	2547127	9	13.56471	66.81	91.56	0	1	22	d__Bacteria;p__Actinomycetota;c__Thermoleophilia;o__Solirubrobacterales;f__70-9;g__67-14;s__Unclassified	d__Bacteria;p__Actinomycetota;c__Thermoleophilia;o__Solirubrobacterales;f__Maglebybacteriaceae;g__Reseniella;s__Reseniella danica	d__Bacteria;p__Actinomycetota;c__Thermoleophilia;o__Solirubrobacterales;f__67-14;g__Incertae Sedis;s__uncultured bacterium	98.9	MFD09779	Denmark	8.1689	56.3361	Sediment	Saltwater	Fjords
MFD09779.bin.2.245	N	Reseniella	vicina	N.L.	fem.	Microbe found nearby Resen	A species related to but distinct from the existing species	Formerly ''67-14'' in GTDB R220	Formerly ''uncultured bacterium'' in Silva 138.2	GTDB marker genes and 16S rRNA	GCA_963701635.1	Oxford Nanopore PromethION	mmlong2	2179028	8	153.2709	67.9	94.89	1.65	1	21	d__Bacteria;p__Actinomycetota;c__Thermoleophilia;o__Solirubrobacterales;f__70-9;g__67-14;s__Unclassified	d__Bacteria;p__Actinomycetota;c__Thermoleophilia;o__Solirubrobacterales;f__Maglebybacteriaceae;g__Reseniella;s__Reseniella vicina	d__Bacteria;p__Actinomycetota;c__Thermoleophilia;o__Solirubrobacterales;f__67-14;g__Incertae Sedis;s__uncultured bacterium	99.4	MFD09779	Denmark	8.1689	56.3361	Sediment	Saltwater	Fjords
MFD09964.bin.2.177	N	Reseniella	contigua	N.L.	fem.	Microbe found nearby Resen	A species related to but distinct from the existing species	Formerly ''67-14'' in GTDB R220	Formerly ''uncultured actinobacterium'' in Silva 138.2	GTDB marker genes and 16S rRNA	GCA_963698625.1	Oxford Nanopore PromethION	mmlong2	2436162	8	16.27438	65.48	90.66	0.22	1	22	d__Bacteria;p__Actinomycetota;c__Thermoleophilia;o__Solirubrobacterales;f__70-9;g__67-14;s__Unclassified	d__Bacteria;p__Actinomycetota;c__Thermoleophilia;o__Solirubrobacterales;f__Maglebybacteriaceae;g__Reseniella;s__Reseniella contigua	d__Bacteria;p__Actinomycetota;c__Thermoleophilia;o__Solirubrobacterales;f__67-14;g__Incertae Sedis;s__uncultured actinobacterium	99.3	MFD09964	Denmark	9.0763	56.5565	Sediment	Saltwater	Fjords
MFD05942.bin.1.36	N	Trorodisoma	telluricum	N.L.	neut.	Microbe found nearby Trorod	A species found in soil	Formerly ''AC-32'' in GTDB R220	sp. nov.	GTDB marker genes and 16S rRNA	GCA_963813435.1	Oxford Nanopore PromethION	mmlong2	3054388	4	75.69268	69.62	92.65	0.29	1	23	d__Bacteria;p__Actinomycetota;c__Thermoleophilia;o__Gaiellales;f__Gaiellaceae;g__AC-32;s__Unclassified	d__Bacteria;p__Actinomycetota;c__Thermoleophilia;o__Gaiellales;f__Gaiellaceae;g__Trorodisoma;s__Trorodisoma telluricum	d__Bacteria;p__Actinomycetota;c__Thermoleophilia;o__Gaiellales;f__Incertae Sedis;g__Incertae Sedis;s__uncultured Rubrobacteria bacterium	98.1	MFD05942	Denmark	9.6177	56.7771	Soil	Fields	"Poales, grass"
MFD01721.bin.1.13	N	Bryrupiana	terrea	N.L.	fem.	Microbe found nearby Bryrup	A species found in soil	Formerly ''AC-51'' in GTDB R220	sp. nov.	GTDB marker genes and 16S rRNA	GCA_963697875.1	Oxford Nanopore PromethION	mmlong2	3133461	1	20.02058	69.41	96.34	1.36	1	23	d__Bacteria;p__Actinomycetota;c__UBA4738;o__UBA4738;f__HRBIN12;g__AC-51;s__Unclassified	d__Bacteria;p__Actinomycetota;c__Bonnerupiia;o__Granslevivitales;f__Granslevivitaceae;g__Bryrupiana;s__Bryrupiana terrea	d__Bacteria;p__Actinomycetota;c__MB-A2-108;o__Incertae Sedis;f__Incertae Sedis;g__Incertae Sedis;s__uncultured bacterium	96.7	MFD01721	Denmark	10.5019	55.4485	Soil	Coastal	Salicornia mud
MFD09779.bin.1.329	N	Bryrupiana	scandia	N.L.	fem.	Microbe found nearby Bryrup	A species from Scandinavia	Formerly ''AC-51'' in GTDB R220	sp. nov.	GTDB marker genes and 16S rRNA	GCA_963749895.1	Oxford Nanopore PromethION	mmlong2	3098821	8	40.5328	70.48	98.41	0.2	1	23	d__Bacteria;p__Actinomycetota;c__UBA4738;o__UBA4738;f__HRBIN12;g__AC-51;s__Unclassified	d__Bacteria;p__Actinomycetota;c__Bonnerupiia;o__Granslevivitales;f__Granslevivitaceae;g__Bryrupiana;s__Bryrupiana scandia	d__Bacteria;p__Actinomycetota;c__MB-A2-108;o__Incertae Sedis;f__Incertae Sedis;g__Incertae Sedis;s__uncultured bacterium	98.4	MFD09779	Denmark	8.1689	56.3361	Sediment	Saltwater	Fjords
MFD01721.bin.1.108	N	Aggersborgimen	terrestre	N.L.	neut.	Microbe found nearby Aggersborg	A species found in soil	Formerly ''AC-56'' in GTDB R220	sp. nov.	GTDB marker genes and 16S rRNA	GCA_963798705.1	Oxford Nanopore PromethION	mmlong2	3296481	7	20.78789	69.79	96.01	0.09	1	22	d__Bacteria;p__Actinomycetota;c__Thermoleophilia;o__Solirubrobacterales;f__70-9;g__AC-56;s__Unclassified	d__Bacteria;p__Actinomycetota;c__Thermoleophilia;o__Solirubrobacterales;f__Maglebybacteriaceae;g__Aggersborgimen;s__Aggersborgimen terrestre	d__Bacteria;p__Actinomycetota;c__Thermoleophilia;o__Solirubrobacterales;f__67-14;g__Incertae Sedis;s__uncultured bacterium	98.6	MFD01721	Denmark	10.5019	55.4485	Soil	Coastal	Salicornia mud
MFD04944.bin.1.10	N	Aggersborgimen	telluricum	N.L.	neut.	Microbe found nearby Aggersborg	A species found in soil	Formerly ''AC-56'' in GTDB R220	Formerly ''uncultured Rubrobacteraceae bacterium'' in Silva 138.2	GTDB marker genes and 16S rRNA	GCA_963811625.1	Oxford Nanopore PromethION	mmlong2	2647642	6	49.25343	70.01	94.4	0.15	1	21	d__Bacteria;p__Actinomycetota;c__Thermoleophilia;o__Solirubrobacterales;f__70-9;g__AC-56;s__Unclassified	d__Bacteria;p__Actinomycetota;c__Thermoleophilia;o__Solirubrobacterales;f__Maglebybacteriaceae;g__Aggersborgimen;s__Aggersborgimen telluricum	d__Bacteria;p__Actinomycetota;c__Thermoleophilia;o__Solirubrobacterales;f__67-14;g__Incertae Sedis;s__uncultured Rubrobacteraceae bacterium	98.8	MFD04944	Denmark	10.5752	54.9596	Soil	Grassland formations	Species-rich Nardus upland grassland
MFD04944.bin.c.1	N	Aggersborgimen	contiguum	N.L.	neut.	Microbe found nearby Aggersborg	A species related to but distinct from the existing species	Formerly ''AC-56'' in GTDB R220	Formerly ''uncultured bacterium'' in Silva 138.2	GTDB marker genes and 16S rRNA	GCA_963702195.1	Oxford Nanopore PromethION	mmlong2	3311769	1	42.62748	69.5	96.45	0.05	1	22	d__Bacteria;p__Actinomycetota;c__Thermoleophilia;o__Solirubrobacterales;f__70-9;g__AC-56;s__Unclassified	d__Bacteria;p__Actinomycetota;c__Thermoleophilia;o__Solirubrobacterales;f__Maglebybacteriaceae;g__Aggersborgimen;s__Aggersborgimen contiguum	d__Bacteria;p__Actinomycetota;c__Thermoleophilia;o__Solirubrobacterales;f__67-14;g__Incertae Sedis;s__uncultured bacterium	99.1	MFD04944	Denmark	10.5752	54.9596	Soil	Grassland formations	Species-rich Nardus upland grassland
MFD00008.bin.c.1	N	Kragelundicola	nordicus	N.L.	masch.	Microbe found nearby Kragelund	A species from the Nordic region	Formerly ''AP-15'' in GTDB R220	Formerly ''uncultured bacterium'' in Silva 138.2	GTDB marker genes and 16S rRNA	GCA_963705325.1	Oxford Nanopore PromethION	mmlong2	5675650	1	34.275684	64.01	91.29	2.32	1	23	d__Bacteria;p__Pseudomonadota;c__Alphaproteobacteria;o__ATCC43930;f__Stellaceae;g__AP-15;s__Unclassified	d__Bacteria;p__Pseudomonadota;c__Alphaproteobacteria;o__ATCC43930;f__Stellaceae;g__Kragelundicola;s__Kragelundicola nordicus	d__Bacteria;p__Pseudomonadota;c__Alphaproteobacteria;o__Elsterales;f__Incertae Sedis;g__Incertae Sedis;s__uncultured bacterium	99.6	MFD00008	Denmark	9.3609	55.6058	Soil	Forests	Alluvial woodland
MFD03044.bin.1.47	N	Kragelundicola	sediminis	N.L.	masch.	Microbe found nearby Kragelund	A species found in sediments	Formerly ''AP-15'' in GTDB R220	sp. nov.	GTDB marker genes and 16S rRNA	GCA_963789255.1	Oxford Nanopore PromethION	mmlong2	4575111	4	23.20257	66.37	94.15	0.39	2	22	d__Bacteria;p__Pseudomonadota;c__Alphaproteobacteria;o__ATCC43930;f__Stellaceae;g__AP-15;s__Unclassified	d__Bacteria;p__Pseudomonadota;c__Alphaproteobacteria;o__ATCC43930;f__Stellaceae;g__Kragelundicola;s__Kragelundicola sediminis	d__Bacteria;p__Pseudomonadota;c__Alphaproteobacteria;o__Elsterales;f__Incertae Sedis;g__Incertae Sedis;s__metagenome	96.3	MFD03044	Denmark	10.3691	56.425	Sediment	Freshwater	"Rainwater basin, City"
MFD04463.bin.1.126	N	Kragelundicola	glebicus	N.L.	masch.	Microbe found nearby Kragelund	A species found in soil	Formerly ''AP-15'' in GTDB R220	sp. nov.	GTDB marker genes and 16S rRNA	GCA_963833745.1	Oxford Nanopore PromethION	mmlong2	6314752	9	38.04205	64.25	96.43	1.23	2	22	d__Bacteria;p__Pseudomonadota;c__Alphaproteobacteria;o__ATCC43930;f__Stellaceae;g__AP-15;s__Unclassified	d__Bacteria;p__Pseudomonadota;c__Alphaproteobacteria;o__ATCC43930;f__Stellaceae;g__Kragelundicola;s__Kragelundicola glebicus	d__Bacteria;p__Pseudomonadota;c__Alphaproteobacteria;o__Elsterales;f__Incertae Sedis;g__Incertae Sedis;s__uncultured forest soil bacterium	96.5	MFD04463	Denmark	8.2405	55.7443	Soil	Dunes	Wooded dunes
MFD04463.bin.1.59	N	Kragelundicola	telluricus	N.L.	masch.	Microbe found nearby Kragelund	A species found in soil	Formerly ''AP-15'' in GTDB R220	sp. nov.	GTDB marker genes and 16S rRNA	GCA_963789605.1	Oxford Nanopore PromethION	mmlong2	4952877	8	39.73921	67.14	97.07	1.04	2	23	d__Bacteria;p__Pseudomonadota;c__Alphaproteobacteria;o__ATCC43930;f__Stellaceae;g__AP-15;s__Unclassified	d__Bacteria;p__Pseudomonadota;c__Alphaproteobacteria;o__ATCC43930;f__Stellaceae;g__Kragelundicola;s__Kragelundicola telluricus	d__Bacteria;p__Pseudomonadota;c__Alphaproteobacteria;o__Elsterales;f__Incertae Sedis;g__Incertae Sedis;s__uncultured forest soil bacterium	95.6	MFD04463	Denmark	8.2405	55.7443	Soil	Dunes	Wooded dunes
MFD04944.bin.2.63	N	Kragelundicola	terreum	N.L.	masch.	Microbe found nearby Kragelund	A species found in soil	Formerly ''AP-15'' in GTDB R220	sp. nov.	GTDB marker genes and 16S rRNA	GCA_963797115.1	Oxford Nanopore PromethION	mmlong2	6754404	7	28.4166	63.17	96.29	4.92	2	23	d__Bacteria;p__Pseudomonadota;c__Alphaproteobacteria;o__ATCC43930;f__Stellaceae;g__AP-15;s__Unclassified	d__Bacteria;p__Pseudomonadota;c__Alphaproteobacteria;o__ATCC43930;f__Stellaceae;g__Kragelundicola;s__Kragelundicola terreum	d__Bacteria;p__Pseudomonadota;c__Alphaproteobacteria;o__Elsterales;f__Incertae Sedis;g__Incertae Sedis;s__uncultured bacterium	95.2	MFD04944	Denmark	10.5752	54.9596	Soil	Grassland formations	Species-rich Nardus upland grassland
MFD05705.bin.1.25	N	Kragelundicola	aridus	N.L.	masch.	Microbe found nearby Kragelund	A species found in sand	Formerly ''AP-15'' in GTDB R220	sp. nov.	GTDB marker genes and 16S rRNA	GCA_963777435.1	Oxford Nanopore PromethION	mmlong2	5859292	8	19.42575	62.2	95.08	3.34	2	22	d__Bacteria;p__Pseudomonadota;c__Alphaproteobacteria;o__ATCC43930;f__Stellaceae;g__AP-15;s__Unclassified	d__Bacteria;p__Pseudomonadota;c__Alphaproteobacteria;o__ATCC43930;f__Stellaceae;g__Kragelundicola;s__Kragelundicola aridus	d__Bacteria;p__Pseudomonadota;c__Alphaproteobacteria;o__Elsterales;f__Incertae Sedis;g__Incertae Sedis;s__uncultured forest soil bacterium	96.6	MFD05705	Denmark	8.2063	55.7153	Soil	Dunes	Humid dune slacks
MFD09603.bin.1.115	N	Kragelundicola	danicus	N.L.	masch.	Microbe found nearby Kragelund	A species from Denmark	Formerly ''AP-15'' in GTDB R220	sp. nov.	GTDB marker genes and 16S rRNA	GCA_963737145.1	Oxford Nanopore PromethION	mmlong2	5426412	7	16.74671	63.54	95.3	2.38	1	21	d__Bacteria;p__Pseudomonadota;c__Alphaproteobacteria;o__ATCC43930;f__Stellaceae;g__AP-15;s__Unclassified	d__Bacteria;p__Pseudomonadota;c__Alphaproteobacteria;o__ATCC43930;f__Stellaceae;g__Kragelundicola;s__Kragelundicola danicus	d__Bacteria;p__Pseudomonadota;c__Alphaproteobacteria;o__Elsterales;f__Incertae Sedis;g__Incertae Sedis;s__uncultured bacterium	96.8	MFD09603	Denmark	14.9796	55.2067	Soil	Rocky habitats and caves	Siliceous rocky slopes
MFD00008.bin.1.30	N	Vinkelivivens	telluricus	N.L.	masch.	Microbe found nearby Vinkel	A species found in soil	Formerly ''Bog-1198'' in GTDB R220	Formerly ''uncultured bacterium'' in Silva 138.2	GTDB marker genes and 16S rRNA	GCA_963702735.1	Oxford Nanopore PromethION	mmlong2	5603848	10	35.187263	63.1	94.23	1.22	1	21	d__Bacteria;p__Pseudomonadota;c__Gammaproteobacteria;o__Steroidobacterales;f__Steroidobacteraceae;g__Bog-1198;s__Unclassified	d__Bacteria;p__Pseudomonadota;c__Gammaproteobacteria;o__Steroidobacterales;f__Steroidobacteraceae;g__Vinkelivivens;s__Vinkelivivens telluricus	d__Bacteria;p__Pseudomonadota;c__Gammaproteobacteria;o__WD260;f__Incertae Sedis;g__Incertae Sedis;s__uncultured bacterium	99.5	MFD00008	Denmark	9.3609	55.6058	Soil	Forests	Alluvial woodland
MFD01872.bin.1.85	N	Vinkelivivens	adiacens	N.L.	masch.	Microbe found nearby Vinkel	A species related to but distinct from the existing species	Formerly ''Bog-1198'' in GTDB R220	Formerly ''uncultured eubacterium WD260'' in Silva 138.2	GTDB marker genes and 16S rRNA	GCA_963800375.1	Oxford Nanopore PromethION	mmlong2	4559253	8	43.77985	63.46	95.27	0.94	1	18	d__Bacteria;p__Pseudomonadota;c__Gammaproteobacteria;o__Steroidobacterales;f__Steroidobacteraceae;g__Bog-1198;s__Unclassified	d__Bacteria;p__Pseudomonadota;c__Gammaproteobacteria;o__Steroidobacterales;f__Steroidobacteraceae;g__Vinkelivivens;s__Vinkelivivens adiacens	d__Bacteria;p__Pseudomonadota;c__Gammaproteobacteria;o__WD260;f__Incertae Sedis;g__Incertae Sedis;s__uncultured eubacterium WD260	99.6	MFD01872	Denmark	8.4984	55.6264	Soil	"Bogs, mires and fens"	Alkaline fens
MFD01872.bin.3.168	N	Vinkelivivens	proximus	N.L.	masch.	Microbe found nearby Vinkel	A species related to but distinct from the existing species	Formerly ''Bog-1198'' in GTDB R220	Formerly ''uncultured eubacterium WD260'' in Silva 138.2	GTDB marker genes and 16S rRNA	GCA_963727045.1	Oxford Nanopore PromethION	mmlong2	4461011	2	26.843443	62.94	94.89	2.38	1	21	d__Bacteria;p__Pseudomonadota;c__Gammaproteobacteria;o__Steroidobacterales;f__Steroidobacteraceae;g__Bog-1198;s__Unclassified	d__Bacteria;p__Pseudomonadota;c__Gammaproteobacteria;o__Steroidobacterales;f__Steroidobacteraceae;g__Vinkelivivens;s__Vinkelivivens proximus	d__Bacteria;p__Pseudomonadota;c__Gammaproteobacteria;o__WD260;f__Incertae Sedis;g__Incertae Sedis;s__uncultured eubacterium WD260	99.7	MFD01872	Denmark	8.4984	55.6264	Soil	"Bogs, mires and fens"	Alkaline fens
MFD04540.bin.1.39	N	Vinkelivivens	terreum	N.L.	masch.	Microbe found nearby Vinkel	A species found in soil	Formerly ''Bog-1198'' in GTDB R220	Formerly ''uncultured bacterium'' in Silva 138.2	GTDB marker genes and 16S rRNA	GCA_963756845.1	Oxford Nanopore PromethION	mmlong2	4660249	9	45.70169	61.12	98.37	1.04	1	20	d__Bacteria;p__Pseudomonadota;c__Gammaproteobacteria;o__Steroidobacterales;f__Steroidobacteraceae;g__Bog-1198;s__Unclassified	d__Bacteria;p__Pseudomonadota;c__Gammaproteobacteria;o__Steroidobacterales;f__Steroidobacteraceae;g__Vinkelivivens;s__Vinkelivivens terreum	d__Bacteria;p__Pseudomonadota;c__Gammaproteobacteria;o__WD260;f__Incertae Sedis;g__Incertae Sedis;s__uncultured bacterium	99.4	MFD04540	Denmark	9.344	54.8082	Soil	Forests	Bog woodland
MFD05513.bin.1.166	N	Vinkelivivens	scandius	N.L.	masch.	Microbe found nearby Vinkel	A species from Scandinavia	Formerly ''Bog-1198'' in GTDB R220	Formerly ''uncultured bacterium'' in Silva 138.2	GTDB marker genes and 16S rRNA	GCA_963779985.1	Oxford Nanopore PromethION	mmlong2	4303897	4	28.88151	61.92	93.13	0.9	1	21	d__Bacteria;p__Pseudomonadota;c__Gammaproteobacteria;o__Steroidobacterales;f__Steroidobacteraceae;g__Bog-1198;s__Unclassified	d__Bacteria;p__Pseudomonadota;c__Gammaproteobacteria;o__Steroidobacterales;f__Steroidobacteraceae;g__Vinkelivivens;s__Vinkelivivens scandius	d__Bacteria;p__Pseudomonadota;c__Gammaproteobacteria;o__WD260;f__Incertae Sedis;g__Incertae Sedis;s__uncultured bacterium	99.5	MFD05513	Denmark	10.1282	55.9873	Soil	Forests	Temperate forests
MFD05580.bin.1.136	N	Vinkelivivens	terrestris	N.L.	masch.	Microbe found nearby Vinkel	A species found in soil	Formerly ''Bog-1198'' in GTDB R220	Formerly ''uncultured bacterium'' in Silva 138.2	GTDB marker genes and 16S rRNA	GCA_963771115.1	Oxford Nanopore PromethION	mmlong2	5302938	9	69.117	63.28	97.17	2.06	1	21	d__Bacteria;p__Pseudomonadota;c__Gammaproteobacteria;o__Steroidobacterales;f__Steroidobacteraceae;g__Bog-1198;s__Unclassified	d__Bacteria;p__Pseudomonadota;c__Gammaproteobacteria;o__Steroidobacterales;f__Steroidobacteraceae;g__Vinkelivivens;s__Vinkelivivens terrestris	d__Bacteria;p__Pseudomonadota;c__Gammaproteobacteria;o__WD260;f__Incertae Sedis;g__Incertae Sedis;s__uncultured bacterium	99.1	MFD05580	Denmark	9.5148	56.3838	Soil	"Bogs, mires and fens"	Active raised bogs
MFD05580.bin.1.149	N	Vinkelivivens	propinquus	N.L.	masch.	Microbe found nearby Vinkel	A species related to but distinct from the existing species	Formerly ''Bog-1198'' in GTDB R220	Formerly ''uncultured bacterium'' in Silva 138.2	GTDB marker genes and 16S rRNA	GCA_963774475.1	Oxford Nanopore PromethION	mmlong2	5502649	10	30.92379	61.6	98.27	2.32	1	22	d__Bacteria;p__Pseudomonadota;c__Gammaproteobacteria;o__Steroidobacterales;f__Steroidobacteraceae;g__Bog-1198;s__Unclassified	d__Bacteria;p__Pseudomonadota;c__Gammaproteobacteria;o__Steroidobacterales;f__Steroidobacteraceae;g__Vinkelivivens;s__Vinkelivivens propinquus	d__Bacteria;p__Pseudomonadota;c__Gammaproteobacteria;o__WD260;f__Incertae Sedis;g__Incertae Sedis;s__uncultured bacterium	98.7	MFD05580	Denmark	9.5148	56.3838	Soil	"Bogs, mires and fens"	Active raised bogs
MFD05705.bin.1.16	N	Vinkelivivens	aridus	N.L.	masch.	Microbe found nearby Vinkel	A species found in sand	Formerly ''Bog-1198'' in GTDB R220	Formerly ''uncultured Steroidobacter sp.'' in Silva 138.2	GTDB marker genes and 16S rRNA	GCA_963721095.1	Oxford Nanopore PromethION	mmlong2	4875673	10	31.36987	60.51	95.34	2.11	1	21	d__Bacteria;p__Pseudomonadota;c__Gammaproteobacteria;o__Steroidobacterales;f__Steroidobacteraceae;g__Bog-1198;s__Unclassified	d__Bacteria;p__Pseudomonadota;c__Gammaproteobacteria;o__Steroidobacterales;f__Steroidobacteraceae;g__Vinkelivivens;s__Vinkelivivens aridus	d__Bacteria;p__Pseudomonadota;c__Gammaproteobacteria;o__WD260;f__Incertae Sedis;g__Incertae Sedis;s__uncultured Steroidobacter sp.	99.3	MFD05705	Denmark	8.2063	55.7153	Soil	Dunes	Humid dune slacks
MFD05705.bin.1.35	N	Vinkelivivens	vicinus	N.L.	masch.	Microbe found nearby Vinkel	A species related to but distinct from the existing species	Formerly ''Bog-1198'' in GTDB R220	sp. nov.	GTDB marker genes and 16S rRNA	GCA_963769815.1	Oxford Nanopore PromethION	mmlong2	5209690	9	21.29061	64.19	96.8	0.8	1	22	d__Bacteria;p__Pseudomonadota;c__Gammaproteobacteria;o__Steroidobacterales;f__Steroidobacteraceae;g__Bog-1198;s__Unclassified	d__Bacteria;p__Pseudomonadota;c__Gammaproteobacteria;o__Steroidobacterales;f__Steroidobacteraceae;g__Vinkelivivens;s__Vinkelivivens vicinus	d__Bacteria;p__Pseudomonadota;c__Gammaproteobacteria;o__WD260;f__Incertae Sedis;g__Incertae Sedis;s__uncultured bacterium	98.2	MFD05705	Denmark	8.2063	55.7153	Soil	Dunes	Humid dune slacks
MFD09286.bin.1.248	N	Vinkelivivens	humicus	N.L.	masch.	Microbe found nearby Vinkel	A species found in soil	Formerly ''Bog-1198'' in GTDB R220	sp. nov.	GTDB marker genes and 16S rRNA	GCA_963710435.1	Oxford Nanopore PromethION	mmlong2	5671970	9	48.15116	63.74	100	2.6	1	20	d__Bacteria;p__Pseudomonadota;c__Gammaproteobacteria;o__Steroidobacterales;f__Steroidobacteraceae;g__Bog-1198;s__Unclassified	d__Bacteria;p__Pseudomonadota;c__Gammaproteobacteria;o__Steroidobacterales;f__Steroidobacteraceae;g__Vinkelivivens;s__Vinkelivivens humicus	d__Bacteria;p__Pseudomonadota;c__Gammaproteobacteria;o__WD260;f__Incertae Sedis;g__Incertae Sedis;s__uncultured bacterium	98.1	MFD09286	Denmark	8.26815	56.81197	Soil	Dunes	Decalcified Empetrum dunes
MFD00082.bin.c.8	N	Vangiana	tellurica	N.L.	fem.	Microbe found nearby Vang	A species found in soil	Formerly ''Bog-1340'' in GTDB R220	sp. nov.	GTDB marker genes and 16S rRNA	GCA_963716205.1	Oxford Nanopore PromethION	mmlong2	681747	1	27.166714	41.16	94.52	0.02	1	21	d__Bacteria;p__Patescibacteria;c__Paceibacteria;o__UBA9973;f__GWA1-40-21;g__Bog-1340;s__Unclassified	d__Bacteria;p__Patescibacteria;c__Paceibacteria;o__UBA9973;f__Vangianaceae;g__Vangiana;s__Vangiana tellurica	d__Bacteria;p__Patescibacteria;c__Parcubacteria;o__Incertae Sedis;f__Incertae Sedis;g__Incertae Sedis;s__uncultured bacterium	88	MFD00082	Denmark	9.974	56.7952	Soil	"Bogs, mires and fens"	Degraded raised bog
MFD03726.bin.1.60	N	Vangiana	affinis	N.L.	fem.	Microbe found nearby Vang	A species related to but distinct from the existing species	Formerly ''Bog-1340'' in GTDB R220	sp. nov.	GTDB marker genes and 16S rRNA	GCA_963804975.1	Oxford Nanopore PromethION	mmlong2	681208	3	26.17508	39.36	93.37	0.18	1	21	d__Bacteria;p__Patescibacteria;c__Paceibacteria;o__UBA9973;f__GWA1-40-21;g__Bog-1340;s__Unclassified	d__Bacteria;p__Patescibacteria;c__Paceibacteria;o__UBA9973;f__Vangianaceae;g__Vangiana;s__Vangiana affinis	d__Bacteria;p__Patescibacteria;c__Parcubacteria;o__Incertae Sedis;f__Incertae Sedis;g__Incertae Sedis;s__uncultured bacterium	92.3	MFD03726	Denmark	9.3209	55.2451	Sediment	Freshwater	Enclosed water
MFD03726.bin.1.125	N	Steppingicola	contiguus	N.L.	masch.	Microbe found nearby Stepping	A species related to but distinct from the existing species	Formerly ''Bog-366'' in GTDB R220	sp. nov.	GTDB marker genes and 16S rRNA	GCA_963804995.1	Oxford Nanopore PromethION	mmlong2	7552380	9	19.2812	58.48	92	1.51	1	22	d__Bacteria;p__Acidobacteriota;c__Terriglobia;o__UBA7540;f__UBA7540;g__Bog-366;s__Unclassified	d__Bacteria;p__Acidobacteriota;c__Terriglobia;o__Steppingicolales;f__Steppingicolaceae;g__Steppingicola;s__Steppingicola contiguus	d__Bacteria;p__Acidobacteriota;c__Acidobacteriae;o__Subgroup 13;f__Incertae Sedis;g__Incertae Sedis;s__uncultured bacterium	97.5	MFD03726	Denmark	9.3209	55.2451	Sediment	Freshwater	Enclosed water
MFD04408.bin.c.4	N	Kvaersiplasma	nordicum	N.L.	neut.	Microbe found nearby Kvaers	A species from the Nordic region	Formerly ''Bog-38'' in GTDB R220	Formerly ''uncultured Methanomicrobiales archaeon'' in Silva 138.2	GTDB marker genes and 16S rRNA	GCA_963701995.1	Oxford Nanopore PromethION	mmlong2	2115296	1	119.9378	52.33	90.08	0.32	1	22	d__Archaea;p__Halobacteriota;c__Bog-38;o__Bog-38;f__Bog-38;g__Bog-38;s__Unclassified	d__Archaea;p__Halobacteriota;c__Kvaersiplasmatia;o__Kvaersiplasmatales;f__Kvaersiplasmataceae;g__Kvaersiplasma;s__Kvaersiplasma nordicum	d__Archaea;p__Halobacteriota;c__Methanomicrobia;o__Methanomicrobiales;f__Rice Cluster II;g__Incertae Sedis;s__uncultured Methanomicrobiales archaeon	99.2	MFD04408	Denmark	9.5294	55.2455	Sediment	Freshwater	"Rainwater basin, City"
MFD00731.bin.1.11	N	Linaavivens	scandius	N.L.	masch.	Microbe found nearby Linaa	A species from Scandinavia	Formerly ''Bog-473'' in GTDB R220	Formerly ''uncultured forest soil bacterium'' in Silva 138.2	GTDB marker genes and 16S rRNA	GCA_963788125.1	Oxford Nanopore PromethION	mmlong2	4806966	3	33.38424	67.05	95.01	3.64	1	22	d__Bacteria;p__Actinomycetota;c__Acidimicrobiia;o__Acidimicrobiales;f__RAAP-2;g__Bog-473;s__Unclassified	d__Bacteria;p__Actinomycetota;c__Acidimicrobiia;o__Acidimicrobiales;f__Vonsildianaceae;g__Linaavivens;s__Linaavivens scandius	d__Bacteria;p__Actinomycetota;c__Acidimicrobiia;o__Acidimicrobiales;f__Acidimicrobiaceae;g__Incertae Sedis;s__uncultured forest soil bacterium	99.7	MFD00731	Denmark	10.2307	56.2289	Soil	Dunes	Inland dunes Empetrum nigrum
MFD00731.bin.1.165	N	Linaavivens	aridus	N.L.	masch.	Microbe found nearby Linaa	A species found in sand	Formerly ''Bog-473'' in GTDB R220	Formerly ''uncultured bacterium'' in Silva 138.2	GTDB marker genes and 16S rRNA	GCA_963787485.1	Oxford Nanopore PromethION	mmlong2	4346502	10	24.681622	66.43	94.58	3.15	1	22	d__Bacteria;p__Actinomycetota;c__Acidimicrobiia;o__Acidimicrobiales;f__RAAP-2;g__Bog-473;s__Unclassified	d__Bacteria;p__Actinomycetota;c__Acidimicrobiia;o__Acidimicrobiales;f__Vonsildianaceae;g__Linaavivens;s__Linaavivens aridus	d__Bacteria;p__Actinomycetota;c__Acidimicrobiia;o__Acidimicrobiales;f__Acidimicrobiaceae;g__Incertae Sedis;s__uncultured bacterium	99.3	MFD00731	Denmark	10.2307	56.2289	Soil	Dunes	Inland dunes Empetrum nigrum
MFD00731.bin.3.26	N	Linaavivens	propinquus	N.L.	masch.	Microbe found nearby Linaa	A species related to but distinct from the existing species	Formerly ''Bog-473'' in GTDB R220	Formerly ''uncultured bacterium'' in Silva 138.2	GTDB marker genes and 16S rRNA	GCA_963828825.1	Oxford Nanopore PromethION	mmlong2	4524576	9	23.281126	67.66	96.33	3.39	1	22	d__Bacteria;p__Actinomycetota;c__Acidimicrobiia;o__Acidimicrobiales;f__RAAP-2;g__Bog-473;s__Unclassified	d__Bacteria;p__Actinomycetota;c__Acidimicrobiia;o__Acidimicrobiales;f__Vonsildianaceae;g__Linaavivens;s__Linaavivens propinquus	d__Bacteria;p__Actinomycetota;c__Acidimicrobiia;o__Acidimicrobiales;f__Acidimicrobiaceae;g__Incertae Sedis;s__uncultured bacterium	99.8	MFD00731	Denmark	10.2307	56.2289	Soil	Dunes	Inland dunes Empetrum nigrum
MFD01872.bin.1.220	N	Linaavivens	nordicus	N.L.	masch.	Microbe found nearby Linaa	A species from the Nordic region	Formerly ''Bog-473'' in GTDB R220	Formerly ''uncultured bacterium'' in Silva 138.2	GTDB marker genes and 16S rRNA	GCA_963764305.1	Oxford Nanopore PromethION	mmlong2	4940799	10	19.565012	67.74	90.55	4.05	1	22	d__Bacteria;p__Actinomycetota;c__Acidimicrobiia;o__Acidimicrobiales;f__RAAP-2;g__Bog-473;s__Unclassified	d__Bacteria;p__Actinomycetota;c__Acidimicrobiia;o__Acidimicrobiales;f__Vonsildianaceae;g__Linaavivens;s__Linaavivens nordicus	d__Bacteria;p__Actinomycetota;c__Acidimicrobiia;o__Acidimicrobiales;f__Acidimicrobiaceae;g__Incertae Sedis;s__uncultured bacterium	99.7	MFD01872	Denmark	8.4984	55.6264	Soil	"Bogs, mires and fens"	Alkaline fens
MFD02248.bin.2.70	N	Linaavivens	terrestris	N.L.	masch.	Microbe found nearby Linaa	A species found in soil	Formerly ''Bog-473'' in GTDB R220	Formerly ''uncultured bacterium'' in Silva 138.2	GTDB marker genes and 16S rRNA	GCA_963750075.1	Oxford Nanopore PromethION	mmlong2	4284624	10	45.563522	69.53	90.94	2.59	1	21	d__Bacteria;p__Actinomycetota;c__Acidimicrobiia;o__Acidimicrobiales;f__RAAP-2;g__Bog-473;s__Unclassified	d__Bacteria;p__Actinomycetota;c__Acidimicrobiia;o__Acidimicrobiales;f__Vonsildianaceae;g__Linaavivens;s__Linaavivens terrestris	d__Bacteria;p__Actinomycetota;c__Acidimicrobiia;o__Acidimicrobiales;f__Acidimicrobiaceae;g__Incertae Sedis;s__uncultured bacterium	99.9	MFD02248	Denmark	10.9751	57.2786	Soil	Temperate heath and scrub	Wet heath
MFD02416.bin.1.94	N	Linaavivens	septentrionalis	N.L.	masch.	Microbe found nearby Linaa	A species from the north	Formerly ''Bog-473'' in GTDB R220	Formerly ''uncultured bacterium'' in Silva 138.2	GTDB marker genes and 16S rRNA	GCA_963782415.1	Oxford Nanopore PromethION	mmlong2	4071621	9	19.85257	67.15	91.28	1.41	1	21	d__Bacteria;p__Actinomycetota;c__Acidimicrobiia;o__Acidimicrobiales;f__RAAP-2;g__Bog-473;s__Unclassified	d__Bacteria;p__Actinomycetota;c__Acidimicrobiia;o__Acidimicrobiales;f__Vonsildianaceae;g__Linaavivens;s__Linaavivens septentrionalis	d__Bacteria;p__Actinomycetota;c__Acidimicrobiia;o__Acidimicrobiales;f__Acidimicrobiaceae;g__Incertae Sedis;s__uncultured bacterium	99.4	MFD02416	Denmark	9.5553	56.8577	Soil	Coastal	Inland salt meadows
MFD04540.bin.1.34	N	Linaavivens	humicus	N.L.	masch.	Microbe found nearby Linaa	A species found in soil	Formerly ''Bog-473'' in GTDB R220	Formerly ''uncultured actinobacterium'' in Silva 138.2	GTDB marker genes and 16S rRNA	GCA_963766995.1	Oxford Nanopore PromethION	mmlong2	3319476	3	38.80082	63.3	93.12	1.06	1	22	d__Bacteria;p__Actinomycetota;c__Acidimicrobiia;o__Acidimicrobiales;f__RAAP-2;g__Bog-473;s__Unclassified	d__Bacteria;p__Actinomycetota;c__Acidimicrobiia;o__Acidimicrobiales;f__Vonsildianaceae;g__Linaavivens;s__Linaavivens humicus	d__Bacteria;p__Actinomycetota;c__Acidimicrobiia;o__Acidimicrobiales;f__Acidimicrobiaceae;g__Incertae Sedis;s__uncultured actinobacterium	99	MFD04540	Denmark	9.344	54.8082	Soil	Forests	Bog woodland
MFD04967.bin.1.220	N	Linaavivens	telluricus	N.L.	masch.	Microbe found nearby Linaa	A species found in soil	Formerly ''Bog-473'' in GTDB R220	Formerly ''uncultured bacterium'' in Silva 138.2	GTDB marker genes and 16S rRNA	GCA_963738135.1	Oxford Nanopore PromethION	mmlong2	4469234	10	28.40708	67.26	91.31	2.95	1	22	d__Bacteria;p__Actinomycetota;c__Acidimicrobiia;o__Acidimicrobiales;f__RAAP-2;g__Bog-473;s__Unclassified	d__Bacteria;p__Actinomycetota;c__Acidimicrobiia;o__Acidimicrobiales;f__Vonsildianaceae;g__Linaavivens;s__Linaavivens telluricus	d__Bacteria;p__Actinomycetota;c__Acidimicrobiia;o__Acidimicrobiales;f__Acidimicrobiaceae;g__Incertae Sedis;s__uncultured bacterium	99.5	MFD04967	Denmark	10.5207	54.8533	Soil	Forests	Temperate forests
MFD05512.bin.2.101	N	Linaavivens	glebicus	N.L.	masch.	Microbe found nearby Linaa	A species found in soil	Formerly ''Bog-473'' in GTDB R220	Formerly ''uncultured bacterium'' in Silva 138.2	GTDB marker genes and 16S rRNA	GCA_963721585.1	Oxford Nanopore PromethION	mmlong2	4472869	9	34.7137	67.44	92.9	2.61	1	21	d__Bacteria;p__Actinomycetota;c__Acidimicrobiia;o__Acidimicrobiales;f__RAAP-2;g__Bog-473;s__Unclassified	d__Bacteria;p__Actinomycetota;c__Acidimicrobiia;o__Acidimicrobiales;f__Vonsildianaceae;g__Linaavivens;s__Linaavivens glebicus	d__Bacteria;p__Actinomycetota;c__Acidimicrobiia;o__Acidimicrobiales;f__Acidimicrobiaceae;g__Incertae Sedis;s__uncultured bacterium	99.5	MFD05512	Denmark	12.3921	55.7882	Soil	Forests	Bog woodland
MFD05705.bin.1.152	N	Linaavivens	similis	N.L.	masch.	Microbe found nearby Linaa	A species related to but distinct from the existing species	Formerly ''Bog-473'' in GTDB R220	Formerly ''uncultured bacterium'' in Silva 138.2	GTDB marker genes and 16S rRNA	GCA_963726135.1	Oxford Nanopore PromethION	mmlong2	4445649	8	25.08402	68.12	91.19	4.9	1	22	d__Bacteria;p__Actinomycetota;c__Acidimicrobiia;o__Acidimicrobiales;f__RAAP-2;g__Bog-473;s__Unclassified	d__Bacteria;p__Actinomycetota;c__Acidimicrobiia;o__Acidimicrobiales;f__Vonsildianaceae;g__Linaavivens;s__Linaavivens similis	d__Bacteria;p__Actinomycetota;c__Acidimicrobiia;o__Acidimicrobiales;f__Acidimicrobiaceae;g__Incertae Sedis;s__uncultured bacterium	99.8	MFD05705	Denmark	8.2063	55.7153	Soil	Dunes	Humid dune slacks
MFD04540.bin.1.70	N	Vissingium	scandium	N.L.	neut.	Microbe found nearby Soender Vissing	A species from Scandinavia	Formerly ''Bog-564'' in GTDB R220	sp. nov.	GTDB marker genes and 16S rRNA	GCA_963714125.1	Oxford Nanopore PromethION	mmlong2	4014820	1	69.62903	65.41	94.95	1.68	1	22	d__Bacteria;p__Actinomycetota;c__Acidimicrobiia;o__Acidimicrobiales;f__UBA8190;g__Bog-564;s__Unclassified	d__Bacteria;p__Actinomycetota;c__Acidimicrobiia;o__Acidimicrobiales;f__UBA8190;g__Vissingium;s__Vissingium scandium	d__Bacteria;p__Actinomycetota;c__Acidimicrobiia;o__Acidimicrobiales;f__Acidimicrobiaceae;g__Incertae Sedis;s__uncultured bacterium	97.9	MFD04540	Denmark	9.344	54.8082	Soil	Forests	Bog woodland
MFD09603.bin.1.273	N	Vissingium	proximum	N.L.	neut.	Microbe found nearby Soender Vissing	A species related to but distinct from the existing species	Formerly ''Bog-564'' in GTDB R220	sp. nov.	GTDB marker genes and 16S rRNA	GCA_963737015.1	Oxford Nanopore PromethION	mmlong2	3542342	5	27.68063	64.87	91.64	0.89	1	22	d__Bacteria;p__Actinomycetota;c__Acidimicrobiia;o__Acidimicrobiales;f__UBA8190;g__Bog-564;s__Unclassified	d__Bacteria;p__Actinomycetota;c__Acidimicrobiia;o__Acidimicrobiales;f__UBA8190;g__Vissingium;s__Vissingium proximum	d__Bacteria;p__Actinomycetota;c__Acidimicrobiia;o__Acidimicrobiales;f__Acidimicrobiaceae;g__Incertae Sedis;s__uncultured forest soil bacterium	97.1	MFD09603	Denmark	14.9796	55.2067	Soil	Rocky habitats and caves	Siliceous rocky slopes
MFD00082.bin.1.10	N	Haesingesoma	europaeum	N.L.	neut.	Microbe found nearby Oester Haesinge	A species from Europe	Formerly ''Bog-756'' in GTDB R220	Formerly ''uncultured bacterium'' in Silva 138.2	GTDB marker genes and 16S rRNA	GCA_963718405.1	Oxford Nanopore PromethION	mmlong2	4492238	5	16.433638	67.7	90.31	2.05	1	22	d__Bacteria;p__Actinomycetota;c__Acidimicrobiia;o__Acidimicrobiales;f__RAAP-2;g__Bog-756;s__Unclassified	d__Bacteria;p__Actinomycetota;c__Acidimicrobiia;o__Acidimicrobiales;f__Vonsildianaceae;g__Haesingesoma;s__Haesingesoma europaeum	d__Bacteria;p__Actinomycetota;c__Acidimicrobiia;o__Acidimicrobiales;f__Acidimicrobiaceae;g__Incertae Sedis;s__uncultured bacterium	99	MFD00082	Denmark	9.974	56.7952	Soil	"Bogs, mires and fens"	Degraded raised bog
MFD00082.bin.1.153	N	Haesingesoma	terreus	N.L.	neut.	Microbe found nearby Oester Haesinge	A species found in soil	Formerly ''Bog-756'' in GTDB R220	Formerly ''uncultured bacterium'' in Silva 138.2	GTDB marker genes and 16S rRNA	GCA_963696495.1	Oxford Nanopore PromethION	mmlong2	4244932	7	198.60416	69.91	93.95	0.73	1	22	d__Bacteria;p__Actinomycetota;c__Acidimicrobiia;o__Acidimicrobiales;f__RAAP-2;g__Bog-756;s__Unclassified	d__Bacteria;p__Actinomycetota;c__Acidimicrobiia;o__Acidimicrobiales;f__Vonsildianaceae;g__Haesingesoma;s__Haesingesoma terreus	d__Bacteria;p__Actinomycetota;c__Acidimicrobiia;o__Acidimicrobiales;f__Acidimicrobiaceae;g__Incertae Sedis;s__uncultured bacterium	99.2	MFD00082	Denmark	9.974	56.7952	Soil	"Bogs, mires and fens"	Degraded raised bog
MFD01633.bin.c.1	N	Haesingesoma	septentrionale	N.L.	neut.	Microbe found nearby Oester Haesinge	A species from the north	Formerly ''Bog-756'' in GTDB R220	sp. nov.	GTDB marker genes and 16S rRNA	GCA_963701325.1	Oxford Nanopore PromethION	mmlong2	3970189	1	22.272469	68.18	93.11	0.86	1	22	d__Bacteria;p__Actinomycetota;c__Acidimicrobiia;o__Acidimicrobiales;f__RAAP-2;g__Bog-756;s__Unclassified	d__Bacteria;p__Actinomycetota;c__Acidimicrobiia;o__Acidimicrobiales;f__Vonsildianaceae;g__Haesingesoma;s__Haesingesoma septentrionale	d__Bacteria;p__Actinomycetota;c__Acidimicrobiia;o__Acidimicrobiales;f__Acidimicrobiaceae;g__Incertae Sedis;s__uncultured bacterium	98.5	MFD01633	Denmark	10.4749	57.6666	Soil	Dunes	Wooded dunes
MFD02248.bin.1.43	N	Haesingesoma	glebicum	N.L.	neut.	Microbe found nearby Oester Haesinge	A species found in soil	Formerly ''Bog-756'' in GTDB R220	Formerly ''uncultured bacterium'' in Silva 138.2	GTDB marker genes and 16S rRNA	GCA_963776225.1	Oxford Nanopore PromethION	mmlong2	3839919	4	36.722607	69.61	91.61	0.38	1	22	d__Bacteria;p__Actinomycetota;c__Acidimicrobiia;o__Acidimicrobiales;f__RAAP-2;g__Bog-756;s__Unclassified	d__Bacteria;p__Actinomycetota;c__Acidimicrobiia;o__Acidimicrobiales;f__Vonsildianaceae;g__Haesingesoma;s__Haesingesoma glebicum	d__Bacteria;p__Actinomycetota;c__Acidimicrobiia;o__Acidimicrobiales;f__Acidimicrobiaceae;g__Incertae Sedis;s__uncultured bacterium	98.8	MFD02248	Denmark	10.9751	57.2786	Soil	Temperate heath and scrub	Wet heath
MFD05502.bin.1.196	N	Haesingesoma	affine	N.L.	neut.	Microbe found nearby Oester Haesinge	A species related to but distinct from the existing species	Formerly ''Bog-756'' in GTDB R220	Formerly ''uncultured bacterium'' in Silva 138.2	GTDB marker genes and 16S rRNA	GCA_963806455.1	Oxford Nanopore PromethION	mmlong2	3878364	8	53.16793	69.61	92.32	2.47	1	22	d__Bacteria;p__Actinomycetota;c__Acidimicrobiia;o__Acidimicrobiales;f__RAAP-2;g__Bog-756;s__Unclassified	d__Bacteria;p__Actinomycetota;c__Acidimicrobiia;o__Acidimicrobiales;f__Vonsildianaceae;g__Haesingesoma;s__Haesingesoma affine	d__Bacteria;p__Actinomycetota;c__Acidimicrobiia;o__Acidimicrobiales;f__Acidimicrobiaceae;g__Incertae Sedis;s__uncultured bacterium	99.1	MFD05502	Denmark	10.3164	55.77	Soil	Temperate heath and scrub	Wet heath
MFD05512.bin.1.36	N	Haesingesoma	humicum	N.L.	neut.	Microbe found nearby Oester Haesinge	A species found in soil	Formerly ''Bog-756'' in GTDB R220	sp. nov.	GTDB marker genes and 16S rRNA	GCA_963839925.1	Oxford Nanopore PromethION	mmlong2	3579211	2	20.00099	66.1	95.13	0.12	1	22	d__Bacteria;p__Actinomycetota;c__Acidimicrobiia;o__Acidimicrobiales;f__RAAP-2;g__Bog-756;s__Unclassified	d__Bacteria;p__Actinomycetota;c__Acidimicrobiia;o__Acidimicrobiales;f__Vonsildianaceae;g__Haesingesoma;s__Haesingesoma humicum	d__Bacteria;p__Actinomycetota;c__Acidimicrobiia;o__Acidimicrobiales;f__Acidimicrobiaceae;g__Incertae Sedis;s__uncultured bacterium	98.4	MFD05512	Denmark	12.3921	55.7882	Soil	Forests	Bog woodland
MFD05521.bin.1.288	N	Haesingesoma	aridum	N.L.	neut.	Microbe found nearby Oester Haesinge	A species found in sand	Formerly ''Bog-756'' in GTDB R220	Formerly ''uncultured bacterium'' in Silva 138.2	GTDB marker genes and 16S rRNA	GCA_963833585.1	Oxford Nanopore PromethION	mmlong2	4400349	7	27.63354	69.04	92.88	2.49	1	22	d__Bacteria;p__Actinomycetota;c__Acidimicrobiia;o__Acidimicrobiales;f__RAAP-2;g__Bog-756;s__Unclassified	d__Bacteria;p__Actinomycetota;c__Acidimicrobiia;o__Acidimicrobiales;f__Vonsildianaceae;g__Haesingesoma;s__Haesingesoma aridum	d__Bacteria;p__Actinomycetota;c__Acidimicrobiia;o__Acidimicrobiales;f__Acidimicrobiaceae;g__Incertae Sedis;s__uncultured bacterium	99.3	MFD05521	Denmark	9.6658	57.3069	Soil	Dunes	Dunes creeping willow
MFD05705.bin.1.158	N	Haesingesoma	propinquum	N.L.	neut.	Microbe found nearby Oester Haesinge	A species related to but distinct from the existing species	Formerly ''Bog-756'' in GTDB R220	sp. nov.	GTDB marker genes and 16S rRNA	GCA_963769905.1	Oxford Nanopore PromethION	mmlong2	3577255	2	66.68851	68.53	95.44	0.4	1	22	d__Bacteria;p__Actinomycetota;c__Acidimicrobiia;o__Acidimicrobiales;f__RAAP-2;g__Bog-756;s__Unclassified	d__Bacteria;p__Actinomycetota;c__Acidimicrobiia;o__Acidimicrobiales;f__Vonsildianaceae;g__Haesingesoma;s__Haesingesoma propinquum	d__Bacteria;p__Actinomycetota;c__Acidimicrobiia;o__Acidimicrobiales;f__Acidimicrobiaceae;g__Incertae Sedis;s__uncultured bacterium	98.5	MFD05705	Denmark	8.2063	55.7153	Soil	Dunes	Humid dune slacks
MFD05705.bin.1.73	N	Haesingesoma	vicinum	N.L.	neut.	Microbe found nearby Oester Haesinge	A species related to but distinct from the existing species	Formerly ''Bog-756'' in GTDB R220	Formerly ''uncultured bacterium'' in Silva 138.2	GTDB marker genes and 16S rRNA	GCA_963769795.1	Oxford Nanopore PromethION	mmlong2	3960486	4	27.9506	67.06	96.5	1.92	1	22	d__Bacteria;p__Actinomycetota;c__Acidimicrobiia;o__Acidimicrobiales;f__RAAP-2;g__Bog-756;s__Unclassified	d__Bacteria;p__Actinomycetota;c__Acidimicrobiia;o__Acidimicrobiales;f__Vonsildianaceae;g__Haesingesoma;s__Haesingesoma vicinum	d__Bacteria;p__Actinomycetota;c__Acidimicrobiia;o__Acidimicrobiales;f__Acidimicrobiaceae;g__Incertae Sedis;s__uncultured bacterium	99	MFD05705	Denmark	8.2063	55.7153	Soil	Dunes	Humid dune slacks
MFD05705.bin.c.2	N	Haesingesoma	simile	N.L.	neut.	Microbe found nearby Oester Haesinge	A species related to but distinct from the existing species	Formerly ''Bog-756'' in GTDB R220	sp. nov.	GTDB marker genes and 16S rRNA	GCA_963704585.1	Oxford Nanopore PromethION	mmlong2	3577925	1	31.27105	71.17	91.35	1.44	1	22	d__Bacteria;p__Actinomycetota;c__Acidimicrobiia;o__Acidimicrobiales;f__RAAP-2;g__Bog-756;s__Unclassified	d__Bacteria;p__Actinomycetota;c__Acidimicrobiia;o__Acidimicrobiales;f__Vonsildianaceae;g__Haesingesoma;s__Haesingesoma simile	d__Bacteria;p__Actinomycetota;c__Acidimicrobiia;o__Acidimicrobiales;f__Acidimicrobiaceae;g__Incertae Sedis;s__uncultured bacterium	98.6	MFD05705	Denmark	8.2063	55.7153	Soil	Dunes	Humid dune slacks
MFD02248.bin.1.65	N	Faaborgimorpha	tellurica	N.L.	fem.	Microbe found nearby Faaborg	A species found in soil	Formerly ''Bog-793'' in GTDB R220	sp. nov.	GTDB marker genes and 16S rRNA	GCA_963725215.1	Oxford Nanopore PromethION	mmlong2	2730317	7	50.458847	64.5	90.42	2.22	1	22	d__Bacteria;p__Actinomycetota;c__Acidimicrobiia;o__Acidimicrobiales;f__Bog-793;g__Bog-793;s__Unclassified	d__Bacteria;p__Actinomycetota;c__Acidimicrobiia;o__Acidimicrobiales;f__Faaborgimorphaceae;g__Faaborgimorpha;s__Faaborgimorpha tellurica	d__Bacteria;p__Actinomycetota;c__Acidimicrobiia;o__Acidimicrobiales;f__Acidimicrobiaceae;g__Acidiferrimicrobium;s__bacterium enrichment culture clone auto222_4W	97.7	MFD02248	Denmark	10.9751	57.2786	Soil	Temperate heath and scrub	Wet heath
MFD04492.bin.1.56	N	Faaborgimorpha	lacustris	N.L.	fem.	Microbe found nearby Faaborg	A species found in a lake	Formerly ''Bog-793'' in GTDB R220	Formerly ''uncultured bacterium'' in Silva 138.2	GTDB marker genes and 16S rRNA	GCA_963761425.1	Oxford Nanopore PromethION	mmlong2	2284298	6	32.14811	67.37	91.61	2.39	1	22	d__Bacteria;p__Actinomycetota;c__Acidimicrobiia;o__Acidimicrobiales;f__Bog-793;g__Bog-793;s__Unclassified	d__Bacteria;p__Actinomycetota;c__Acidimicrobiia;o__Acidimicrobiales;f__Faaborgimorphaceae;g__Faaborgimorpha;s__Faaborgimorpha lacustris	d__Bacteria;p__Actinomycetota;c__Acidimicrobiia;o__Acidimicrobiales;f__Acidimicrobiaceae;g__Incertae Sedis;s__uncultured bacterium	99.5	MFD04492	Denmark	9.699910829	56.05543277	Sediment	Freshwater	"Lake, Dystrophic"
MFD09222.bin.1.182	N	Faaborgimorpha	scandia	N.L.	fem.	Microbe found nearby Faaborg	A species from Scandinavia	Formerly ''Bog-793'' in GTDB R220	sp. nov.	GTDB marker genes and 16S rRNA	GCA_963849105.1	Oxford Nanopore PromethION	mmlong2	2636506	7	63.34963	65.01	93.26	1.27	1	22	d__Bacteria;p__Actinomycetota;c__Acidimicrobiia;o__Acidimicrobiales;f__Bog-793;g__Bog-793;s__Unclassified	d__Bacteria;p__Actinomycetota;c__Acidimicrobiia;o__Acidimicrobiales;f__Faaborgimorphaceae;g__Faaborgimorpha;s__Faaborgimorpha scandia	d__Bacteria;p__Actinomycetota;c__Acidimicrobiia;o__Acidimicrobiales;f__Acidimicrobiaceae;g__Acidiferrimicrobium;s__bacterium enrichment culture clone auto222_4W	97	MFD09222	Denmark	9.2476	56.2643	Soil	Temperate heath and scrub	Wet heath
MFD09222.bin.1.185	N	Faaborgimorpha	glebica	N.L.	fem.	Microbe found nearby Faaborg	A species found in soil	Formerly ''Bog-793'' in GTDB R220	sp. nov.	GTDB marker genes and 16S rRNA	GCA_963831155.1	Oxford Nanopore PromethION	mmlong2	2884519	8	68.30431	64.64	96.03	3.18	1	22	d__Bacteria;p__Actinomycetota;c__Acidimicrobiia;o__Acidimicrobiales;f__Bog-793;g__Bog-793;s__Unclassified	d__Bacteria;p__Actinomycetota;c__Acidimicrobiia;o__Acidimicrobiales;f__Faaborgimorphaceae;g__Faaborgimorpha;s__Faaborgimorpha glebica	d__Bacteria;p__Actinomycetota;c__Acidimicrobiia;o__Acidimicrobiales;f__Acidimicrobiaceae;g__Acidiferrimicrobium;s__bacterium enrichment culture clone auto222_4W	97.2	MFD09222	Denmark	9.2476	56.2643	Soil	Temperate heath and scrub	Wet heath
MFD05512.bin.1.44	N	Noerhaaba	scandia	N.L.	fem.	Microbe found nearby Noerhaa	A species from Scandinavia	Formerly ''Bog-877'' in GTDB R220	sp. nov.	GTDB marker genes and 16S rRNA	GCA_963807215.1	Oxford Nanopore PromethION	mmlong2	2412281	5	15.28209	65.57	90.85	3.8	1	21	d__Bacteria;p__Chloroflexota;c__Dormibacteria;o__UBA8260;f__Bog-877;g__Bog-877;s__Unclassified	d__Bacteria;p__Chloroflexota;c__Dormibacteria;o__Noerhaabales;f__Noerhaabaceae;g__Noerhaaba;s__Noerhaaba scandia	d__Bacteria;p__Chloroflexota;c__AD3;o__Incertae Sedis;f__Incertae Sedis;g__Incertae Sedis;s__uncultured bacterium	97.4	MFD05512	Denmark	12.3921	55.7882	Soil	Forests	Bog woodland
MFD01275.bin.1.77	N	Enstedimicrobium	aridum	N.L.	neut.	Microbe found nearby Ensted	A species found in sand	Formerly ''C7867-001'' in GTDB R220	sp. nov.	GTDB marker genes and 16S rRNA	GCA_963759775.1	Oxford Nanopore PromethION	mmlong2	631659	2	13.007308	50.78	90.97	0.41	1	19	d__Bacteria;p__Patescibacteria;c__Paceibacteria;o__UBA9973;f__UBA2103;g__C7867-001;s__Unclassified	d__Bacteria;p__Patescibacteria;c__Paceibacteria;o__UBA9973;f__Enstedimicrobiaceae;g__Enstedimicrobium;s__Enstedimicrobium aridum	d__Bacteria;p__Patescibacteria;c__Parcubacteria;o__Candidatus Zambryskibacteria;f__Incertae Sedis;g__Incertae Sedis;s__uncultured bacterium	87.8	MFD01275	Denmark	10.8089	56.5332	Soil	Dunes	Marram dunes (white dunes)
MFD04540.bin.1.3	N	Enstedimicrobium	humicum	N.L.	neut.	Microbe found nearby Ensted	A species found in soil	Formerly ''C7867-001'' in GTDB R220	sp. nov.	GTDB marker genes and 16S rRNA	GCA_963851445.1	Oxford Nanopore PromethION	mmlong2	862549	2	13.75767	47.65	91.99	0.19	1	19	d__Bacteria;p__Patescibacteria;c__Paceibacteria;o__UBA9973;f__UBA2103;g__C7867-001;s__Unclassified	d__Bacteria;p__Patescibacteria;c__Paceibacteria;o__UBA9973;f__Enstedimicrobiaceae;g__Enstedimicrobium;s__Enstedimicrobium humicum	d__Bacteria;p__Patescibacteria;c__Parcubacteria;o__Candidatus Kaiserbacteria;f__Incertae Sedis;g__Incertae Sedis;s__uncultured bacterium	92.9	MFD04540	Denmark	9.344	54.8082	Soil	Forests	Bog woodland
MFD04780.bin.1.84	N	Enstedimicrobium	telluricum	N.L.	neut.	Microbe found nearby Ensted	A species found in soil	Formerly ''C7867-001'' in GTDB R220	sp. nov.	GTDB marker genes and 16S rRNA	GCA_963813065.1	Oxford Nanopore PromethION	mmlong2	814325	10	10.27166	56.07	92.65	2.32	1	20	d__Bacteria;p__Patescibacteria;c__Paceibacteria;o__UBA9973;f__UBA2103;g__C7867-001;s__Unclassified	d__Bacteria;p__Patescibacteria;c__Paceibacteria;o__UBA9973;f__Enstedimicrobiaceae;g__Enstedimicrobium;s__Enstedimicrobium telluricum	d__Bacteria;p__Patescibacteria;c__Parcubacteria;o__Candidatus Kaiserbacteria;f__Incertae Sedis;g__Incertae Sedis;s__uncultured bacterium	93	MFD04780	Denmark	9.7671	57.1929	Soil	"Bogs, mires and fens"	Quaking bogs
MFD01275.bin.1.173	N	Rakkebybacterium	aridum	N.L.	neut.	Microbe found nearby Rakkeby	A species found in sand	Formerly ''CADCVQ01'' in GTDB R220	Formerly ''uncultured bacterium'' in Silva 138.2	GTDB marker genes and 16S rRNA	GCA_963769555.1	Oxford Nanopore PromethION	mmlong2	4219482	4	36.184193	74.08	94.86	0.42	1	23	d__Bacteria;p__Actinomycetota;c__Thermoleophilia;o__Solirubrobacterales;f__Solirubrobacteraceae;g__CADCVQ01;s__Unclassified	d__Bacteria;p__Actinomycetota;c__Thermoleophilia;o__Solirubrobacterales;f__Solirubrobacteraceae;g__Rakkebybacterium;s__Rakkebybacterium aridum	d__Bacteria;p__Actinomycetota;c__Thermoleophilia;o__Solirubrobacterales;f__Solirubrobacteraceae;g__Incertae Sedis;s__uncultured bacterium	98.8	MFD01275	Denmark	10.8089	56.5332	Soil	Dunes	Marram dunes (white dunes)
MFD01275.bin.1.259	N	Rakkebybacterium	affine	N.L.	neut.	Microbe found nearby Rakkeby	A species related to but distinct from the existing species	Formerly ''CADCVQ01'' in GTDB R220	Formerly ''metagenome'' in Silva 138.2	GTDB marker genes and 16S rRNA	GCA_963851015.1	Oxford Nanopore PromethION	mmlong2	3745685	9	37.28398	72.12	92.57	1	1	21	d__Bacteria;p__Actinomycetota;c__Thermoleophilia;o__Solirubrobacterales;f__Solirubrobacteraceae;g__CADCVQ01;s__Unclassified	d__Bacteria;p__Actinomycetota;c__Thermoleophilia;o__Solirubrobacterales;f__Solirubrobacteraceae;g__Rakkebybacterium;s__Rakkebybacterium affine	d__Bacteria;p__Actinomycetota;c__Thermoleophilia;o__Solirubrobacterales;f__Solirubrobacteraceae;g__Incertae Sedis;s__metagenome	99.6	MFD01275	Denmark	10.8089	56.5332	Soil	Dunes	Marram dunes (white dunes)
MFD01275.bin.1.71	N	Rakkebybacterium	europaeum	N.L.	neut.	Microbe found nearby Rakkeby	A species from Europe	Formerly ''CADCVQ01'' in GTDB R220	Formerly ''uncultured bacterium'' in Silva 138.2	GTDB marker genes and 16S rRNA	GCA_963756465.1	Oxford Nanopore PromethION	mmlong2	3990330	4	24.346956	72.52	92.39	0.33	1	23	d__Bacteria;p__Actinomycetota;c__Thermoleophilia;o__Solirubrobacterales;f__Solirubrobacteraceae;g__CADCVQ01;s__Unclassified	d__Bacteria;p__Actinomycetota;c__Thermoleophilia;o__Solirubrobacterales;f__Solirubrobacteraceae;g__Rakkebybacterium;s__Rakkebybacterium europaeum	d__Bacteria;p__Actinomycetota;c__Thermoleophilia;o__Solirubrobacterales;f__Solirubrobacteraceae;g__Incertae Sedis;s__uncultured bacterium	99.3	MFD01275	Denmark	10.8089	56.5332	Soil	Dunes	Marram dunes (white dunes)
MFD04212.bin.1.198	N	Rakkebybacterium	terreus	N.L.	neut.	Microbe found nearby Rakkeby	A species found in soil	Formerly ''CADCVQ01'' in GTDB R220	Formerly ''uncultured bacterium'' in Silva 138.2	GTDB marker genes and 16S rRNA	GCA_963779625.1	Oxford Nanopore PromethION	mmlong2	3190897	9	28.80507	72.68	94.53	0.84	1	23	d__Bacteria;p__Actinomycetota;c__Thermoleophilia;o__Solirubrobacterales;f__Solirubrobacteraceae;g__CADCVQ01;s__Unclassified	d__Bacteria;p__Actinomycetota;c__Thermoleophilia;o__Solirubrobacterales;f__Solirubrobacteraceae;g__Rakkebybacterium;s__Rakkebybacterium terreus	d__Bacteria;p__Actinomycetota;c__Thermoleophilia;o__Solirubrobacterales;f__Solirubrobacteraceae;g__Incertae Sedis;s__uncultured bacterium	99.3	MFD04212	Denmark	12.2823	55.0396	Soil	Dunes	Fixed dunes (grey dunes)
MFD04212.bin.1.24	N	Rakkebybacterium	septentrionale	N.L.	neut.	Microbe found nearby Rakkeby	A species from the north	Formerly ''CADCVQ01'' in GTDB R220	Formerly ''uncultured bacterium'' in Silva 138.2	GTDB marker genes and 16S rRNA	GCA_963797025.1	Oxford Nanopore PromethION	mmlong2	3661351	5	206.3044	72.85	97.7	1.93	1	23	d__Bacteria;p__Actinomycetota;c__Thermoleophilia;o__Solirubrobacterales;f__Solirubrobacteraceae;g__CADCVQ01;s__Unclassified	d__Bacteria;p__Actinomycetota;c__Thermoleophilia;o__Solirubrobacterales;f__Solirubrobacteraceae;g__Rakkebybacterium;s__Rakkebybacterium septentrionale	d__Bacteria;p__Actinomycetota;c__Thermoleophilia;o__Solirubrobacterales;f__Solirubrobacteraceae;g__Incertae Sedis;s__uncultured bacterium	99.3	MFD04212	Denmark	12.2823	55.0396	Soil	Dunes	Fixed dunes (grey dunes)
MFD04212.bin.1.59	N	Rakkebybacterium	glebicum	N.L.	neut.	Microbe found nearby Rakkeby	A species found in soil	Formerly ''CADCVQ01'' in GTDB R220	Formerly ''uncultured bacterium'' in Silva 138.2	GTDB marker genes and 16S rRNA	GCA_963705315.1	Oxford Nanopore PromethION	mmlong2	3779720	1	54.33281	71.04	97.49	0.64	1	22	d__Bacteria;p__Actinomycetota;c__Thermoleophilia;o__Solirubrobacterales;f__Solirubrobacteraceae;g__CADCVQ01;s__Unclassified	d__Bacteria;p__Actinomycetota;c__Thermoleophilia;o__Solirubrobacterales;f__Solirubrobacteraceae;g__Rakkebybacterium;s__Rakkebybacterium glebicum	d__Bacteria;p__Actinomycetota;c__Thermoleophilia;o__Solirubrobacterales;f__Solirubrobacteraceae;g__Incertae Sedis;s__uncultured bacterium	98.8	MFD04212	Denmark	12.2823	55.0396	Soil	Dunes	Fixed dunes (grey dunes)
MFD01275.bin.1.248	N	Stjaerimonas	arida	N.L.	fem.	Microbe found nearby Stjaer	A species found in sand	Formerly ''CADEFD01'' in GTDB R220	Formerly ''uncultured sludge bacterium A34'' in Silva 138.2	GTDB marker genes and 16S rRNA	GCA_963807405.1	Oxford Nanopore PromethION	mmlong2	5441826	9	21.586975	70.39	98.32	2.35	1	23	d__Bacteria;p__Acidobacteriota;c__Vicinamibacteria;o__Vicinamibacterales;f__UBA2999;g__CADEFD01;s__Unclassified	d__Bacteria;p__Acidobacteriota;c__Vicinamibacteria;o__Vicinamibacterales;f__Pjedstedimenaceae;g__Stjaerimonas;s__Stjaerimonas arida	d__Bacteria;p__Acidobacteriota;c__Vicinamibacteria;o__Vicinamibacterales;f__Vicinamibacteraceae;g__Incertae Sedis;s__uncultured sludge bacterium A34	99.2	MFD01275	Denmark	10.8089	56.5332	Soil	Dunes	Marram dunes (white dunes)
MFD09222.bin.1.131	N	Themius	glebicus	N.L.	masch.	Microbe found nearby Them	A species found in soil	Formerly ''CAITWD01'' in GTDB R220	Formerly ''uncultured Conexibacteraceae bacterium'' in Silva 138.2	GTDB marker genes and 16S rRNA	GCA_963842065.1	Oxford Nanopore PromethION	mmlong2	3267914	9	20.31742	68.74	94.57	2.22	1	22	d__Bacteria;p__Actinomycetota;c__Thermoleophilia;o__Miltoncostaeales;f__Miltoncostaeaceae;g__CAITWD01;s__Unclassified	d__Bacteria;p__Actinomycetota;c__Thermoleophilia;o__Miltoncostaeales;f__Miltoncostaeaceae;g__Themius;s__Themius glebicus	d__Bacteria;p__Actinomycetota;c__Thermoleophilia;o__Gaiellales;f__Incertae Sedis;g__Incertae Sedis;s__uncultured Conexibacteraceae bacterium	99.3	MFD09222	Denmark	9.2476	56.2643	Soil	Temperate heath and scrub	Wet heath
MFD01721.bin.1.253	N	Hostrupibacterium	litorale	N.L.	neut.	Microbe found nearby Hostrup	A species found in the coast	Formerly ''CAIXSE01'' in GTDB R220	Formerly ''uncultured Solirubrobacter sp.'' in Silva 138.2	GTDB marker genes and 16S rRNA	GCA_963764225.1	Oxford Nanopore PromethION	mmlong2	3094065	9	54.996	70.74	90.82	3.8	1	20	d__Bacteria;p__Actinomycetota;c__Thermoleophilia;o__UBA2241;f__UBA2241;g__CAIXSE01;s__Unclassified	d__Bacteria;p__Actinomycetota;c__Thermoleophilia;o__Nebelibacteriales;f__Nebelibacteriaceae;g__Hostrupibacterium;s__Hostrupibacterium litorale	d__Bacteria;p__Actinomycetota;c__Thermoleophilia;o__Gaiellales;f__Incertae Sedis;g__Incertae Sedis;s__uncultured Solirubrobacter sp.	99.1	MFD01721	Denmark	10.5019	55.4485	Soil	Coastal	Salicornia mud
MFD04716.bin.1.399	N	Hostrupibacterium	scandium	N.L.	neut.	Microbe found nearby Hostrup	A species from Scandinavia	Formerly ''CAIXSE01'' in GTDB R220	Formerly ''uncultured bacterium'' in Silva 138.2	GTDB marker genes and 16S rRNA	GCA_963765635.1	Oxford Nanopore PromethION	mmlong2	3520021	5	29.2454	68.61	91.52	2.92	1	23	d__Bacteria;p__Actinomycetota;c__Thermoleophilia;o__UBA2241;f__UBA2241;g__CAIXSE01;s__Unclassified	d__Bacteria;p__Actinomycetota;c__Thermoleophilia;o__Nebelibacteriales;f__Nebelibacteriaceae;g__Hostrupibacterium;s__Hostrupibacterium scandium	d__Bacteria;p__Actinomycetota;c__Thermoleophilia;o__Gaiellales;f__Incertae Sedis;g__Incertae Sedis;s__uncultured bacterium	99	MFD04716	Denmark	10.6081	57.7283	Sediment	Freshwater	"Rainwater basin, City"
MFD04716.bin.1.117	N	Thorstrupivita	similis	N.L.	fem.	Microbe found nearby Thorstrup	A species related to but distinct from the existing species	Formerly ''CAIXZV01'' in GTDB R220	Formerly ''uncultured soil bacterium'' in Silva 138.2	GTDB marker genes and 16S rRNA	GCA_963713975.1	Oxford Nanopore PromethION	mmlong2	3624741	1	25.47914	70.81	92	1.07	1	22	d__Bacteria;p__Chloroflexota;c__Limnocylindria;o__Limnocylindrales;f__CSP1-4;g__CAIXZV01;s__Unclassified	d__Bacteria;p__Chloroflexota;c__Limnocylindria;o__Limnocylindrales;f__Klitmollerisomataceae;g__Thorstrupivita;s__Thorstrupivita similis	d__Bacteria;p__Chloroflexota;c__KD4-96;o__Incertae Sedis;f__Incertae Sedis;g__Incertae Sedis;s__uncultured soil bacterium	99.2	MFD04716	Denmark	10.6081	57.7283	Sediment	Freshwater	"Rainwater basin, City"
MFD04716.bin.1.406	N	Thorstrupivita	borealis	N.L.	fem.	Microbe found nearby Thorstrup	A species from the north	Formerly ''CAIXZV01'' in GTDB R220	Formerly ''uncultured soil bacterium'' in Silva 138.2	GTDB marker genes and 16S rRNA	GCA_963770795.1	Oxford Nanopore PromethION	mmlong2	3189474	7	32.41127	70.78	90.09	0.55	1	21	d__Bacteria;p__Chloroflexota;c__Limnocylindria;o__Limnocylindrales;f__CSP1-4;g__CAIXZV01;s__Unclassified	d__Bacteria;p__Chloroflexota;c__Limnocylindria;o__Limnocylindrales;f__Klitmollerisomataceae;g__Thorstrupivita;s__Thorstrupivita borealis	d__Bacteria;p__Chloroflexota;c__KD4-96;o__Incertae Sedis;f__Incertae Sedis;g__Incertae Sedis;s__uncultured soil bacterium	99	MFD04716	Denmark	10.6081	57.7283	Sediment	Freshwater	"Rainwater basin, City"
MFD04944.bin.1.277	N	Thorstrupivita	humica	N.L.	fem.	Microbe found nearby Thorstrup	A species found in soil	Formerly ''CAIXZV01'' in GTDB R220	Formerly ''uncultured bacterium'' in Silva 138.2	GTDB marker genes and 16S rRNA	GCA_963740825.1	Oxford Nanopore PromethION	mmlong2	4073377	4	82.39202	71.9	93.34	0.67	1	22	d__Bacteria;p__Chloroflexota;c__Limnocylindria;o__Limnocylindrales;f__CSP1-4;g__CAIXZV01;s__Unclassified	d__Bacteria;p__Chloroflexota;c__Limnocylindria;o__Limnocylindrales;f__Klitmollerisomataceae;g__Thorstrupivita;s__Thorstrupivita humica	d__Bacteria;p__Chloroflexota;c__KD4-96;o__Incertae Sedis;f__Incertae Sedis;g__Incertae Sedis;s__uncultured bacterium	99.8	MFD04944	Denmark	10.5752	54.9596	Soil	Grassland formations	Species-rich Nardus upland grassland
MFD05684.bin.1.417	N	Thorstrupivita	ripica	N.L.	fem.	Microbe found nearby Thorstrup	A species found in the coast	Formerly ''CAIXZV01'' in GTDB R220	Formerly ''metagenome'' in Silva 138.2	GTDB marker genes and 16S rRNA	GCA_963727585.1	Oxford Nanopore PromethION	mmlong2	3500107	9	28.81017	71.65	95.32	0.87	1	22	d__Bacteria;p__Chloroflexota;c__Limnocylindria;o__Limnocylindrales;f__CSP1-4;g__CAIXZV01;s__Unclassified	d__Bacteria;p__Chloroflexota;c__Limnocylindria;o__Limnocylindrales;f__Klitmollerisomataceae;g__Thorstrupivita;s__Thorstrupivita ripica	d__Bacteria;p__Chloroflexota;c__KD4-96;o__Incertae Sedis;f__Incertae Sedis;g__Incertae Sedis;s__metagenome	99.2	MFD05684	Denmark	8.2638	55.5312	Soil	Coastal	Salicornia mud
MFD09779.bin.1.328	N	Thorstrupivita	sediminis	N.L.	fem.	Microbe found nearby Thorstrup	A species found in sediments	Formerly ''CAIXZV01'' in GTDB R220	Formerly ''uncultured bacterium'' in Silva 138.2	GTDB marker genes and 16S rRNA	GCA_963826225.1	Oxford Nanopore PromethION	mmlong2	3607411	7	35.60122	72.36	94.43	0.58	1	22	d__Bacteria;p__Chloroflexota;c__Limnocylindria;o__Limnocylindrales;f__CSP1-4;g__CAIXZV01;s__Unclassified	d__Bacteria;p__Chloroflexota;c__Limnocylindria;o__Limnocylindrales;f__Klitmollerisomataceae;g__Thorstrupivita;s__Thorstrupivita sediminis	d__Bacteria;p__Chloroflexota;c__KD4-96;o__Incertae Sedis;f__Incertae Sedis;g__Incertae Sedis;s__uncultured bacterium	98.9	MFD09779	Denmark	8.1689	56.3361	Sediment	Saltwater	Fjords
MFD04463.bin.c.15	N	Ingstrupimen	propinquum	N.L.	neut.	Microbe found nearby Ingstrup	A species related to but distinct from the existing species	Formerly ''CAJCIW01'' in GTDB R220	sp. nov.	GTDB marker genes and 16S rRNA	GCA_963718565.1	Oxford Nanopore PromethION	mmlong2	2284058	1	35.48785	43.63	95.25	0.33	2	22	d__Bacteria;p__Chlamydiota;c__Chlamydiia;o__Chlamydiales;f__Rhabdochlamydiaceae;g__CAJCIW01;s__Unclassified	d__Bacteria;p__Chlamydiota;c__Chlamydiia;o__Chlamydiales;f__Rhabdochlamydiaceae;g__Ingstrupimen;s__Ingstrupimen propinquum	d__Bacteria;p__Chlamydiota;c__Chlamydiia;o__Chlamydiales;f__Simkaniaceae;g__Incertae Sedis;s__metagenome	97.5	MFD04463	Denmark	8.2405	55.7443	Soil	Dunes	Wooded dunes
MFD04944.bin.1.15	N	Ingstrupimen	nordicum	N.L.	neut.	Microbe found nearby Ingstrup	A species from the Nordic region	Formerly ''Incertae Sedis'' in Silva 138.2	sp. nov.	GTDB marker genes and 16S rRNA	GCA_963839895.1	Oxford Nanopore PromethION	mmlong2	2345566	4	21.2338	43.5	96.85	1.69	2	22	d__Bacteria;p__Chlamydiota;c__Chlamydiia;o__Chlamydiales;f__Rhabdochlamydiaceae;g__Unclassified;s__Unclassified	d__Bacteria;p__Chlamydiota;c__Chlamydiia;o__Chlamydiales;f__Rhabdochlamydiaceae;g__Ingstrupimen;s__Ingstrupimen nordicum	d__Bacteria;p__Chlamydiota;c__Chlamydiia;o__Chlamydiales;f__Simkaniaceae;g__Incertae Sedis;s__metagenome	96.9	MFD04944	Denmark	10.5752	54.9596	Soil	Grassland formations	Species-rich Nardus upland grassland
MFD09495.bin.1.136	N	Ingstrupimen	vicinum	N.L.	neut.	Microbe found nearby Ingstrup	A species related to but distinct from the existing species	Formerly ''CAJCIW01'' in GTDB R220	sp. nov.	GTDB marker genes and 16S rRNA	GCA_963758735.1	Oxford Nanopore PromethION	mmlong2	2226411	4	20.09098	44.9	94.45	1.72	2	22	d__Bacteria;p__Chlamydiota;c__Chlamydiia;o__Chlamydiales;f__Rhabdochlamydiaceae;g__CAJCIW01;s__Unclassified	d__Bacteria;p__Chlamydiota;c__Chlamydiia;o__Chlamydiales;f__Rhabdochlamydiaceae;g__Ingstrupimen;s__Ingstrupimen vicinum	d__Bacteria;p__Chlamydiota;c__Chlamydiia;o__Chlamydiales;f__Simkaniaceae;g__Incertae Sedis;s__uncultured bacterium	96.9	MFD09495	Denmark	15.0805	54.9907	Soil	Dunes	Dunes creeping willow
MFD09495.bin.1.30	N	Ingstrupimen	telluricum	N.L.	neut.	Microbe found nearby Ingstrup	A species found in soil	Formerly ''CAJCIW01'' in GTDB R220	sp. nov.	GTDB marker genes and 16S rRNA	GCA_963833965.1	Oxford Nanopore PromethION	mmlong2	2276988	3	78.82436	47.37	96.51	0.24	2	22	d__Bacteria;p__Chlamydiota;c__Chlamydiia;o__Chlamydiales;f__Rhabdochlamydiaceae;g__CAJCIW01;s__Unclassified	d__Bacteria;p__Chlamydiota;c__Chlamydiia;o__Chlamydiales;f__Rhabdochlamydiaceae;g__Ingstrupimen;s__Ingstrupimen telluricum	d__Bacteria;p__Chlamydiota;c__Chlamydiia;o__Chlamydiales;f__Simkaniaceae;g__Incertae Sedis;s__metagenome	97.6	MFD09495	Denmark	15.0805	54.9907	Soil	Dunes	Dunes creeping willow
MFD09671.bin.1.113	N	Ingstrupimen	glebicum	N.L.	neut.	Microbe found nearby Ingstrup	A species found in soil	Formerly ''CAJCIW01'' in GTDB R220	sp. nov.	GTDB marker genes and 16S rRNA	GCA_963731265.1	Oxford Nanopore PromethION	mmlong2	2342831	2	37.33043	45.75	96.01	0.45	2	22	d__Bacteria;p__Chlamydiota;c__Chlamydiia;o__Chlamydiales;f__Rhabdochlamydiaceae;g__CAJCIW01;s__Unclassified	d__Bacteria;p__Chlamydiota;c__Chlamydiia;o__Chlamydiales;f__Rhabdochlamydiaceae;g__Ingstrupimen;s__Ingstrupimen glebicum	d__Bacteria;p__Chlamydiota;c__Chlamydiia;o__Chlamydiales;f__Simkaniaceae;g__Incertae Sedis;s__metagenome	97.9	MFD09671	Denmark	15.0788	54.9903	Soil	Dunes	Humid dune slacks
MFD04944.bin.1.31	N	Granslevivita	terrestris	N.L.	fem.	Microbe found nearby Granslev	A species found in soil	Formerly ''CALGFI01'' in GTDB R220	Formerly ''uncultured bacterium'' in Silva 138.2	GTDB marker genes and 16S rRNA	GCA_963704725.1	Oxford Nanopore PromethION	mmlong2	3450992	1	41.13955	71.34	95.03	0.75	1	23	d__Bacteria;p__Actinomycetota;c__UBA4738;o__UBA4738;f__HRBIN12;g__CALGFI01;s__Unclassified	d__Bacteria;p__Actinomycetota;c__Bonnerupiia;o__Granslevivitales;f__Granslevivitaceae;g__Granslevivita;s__Granslevivita terrestris	d__Bacteria;p__Actinomycetota;c__MB-A2-108;o__Incertae Sedis;f__Incertae Sedis;g__Incertae Sedis;s__uncultured bacterium	99.2	MFD04944	Denmark	10.5752	54.9596	Soil	Grassland formations	Species-rich Nardus upland grassland
MFD09206.bin.1.69	N	Granslevivita	similis	N.L.	fem.	Microbe found nearby Granslev	A species related to but distinct from the existing species	Formerly ''CALGFI01'' in GTDB R220	Formerly ''uncultured bacterium'' in Silva 138.2	GTDB marker genes and 16S rRNA	GCA_963786805.1	Oxford Nanopore PromethION	mmlong2	2907156	7	36.01303	69.01	93.03	0.77	1	23	d__Bacteria;p__Actinomycetota;c__UBA4738;o__UBA4738;f__HRBIN12;g__CALGFI01;s__Unclassified	d__Bacteria;p__Actinomycetota;c__Bonnerupiia;o__Granslevivitales;f__Granslevivitaceae;g__Granslevivita;s__Granslevivita similis	d__Bacteria;p__Actinomycetota;c__MB-A2-108;o__Incertae Sedis;f__Incertae Sedis;g__Incertae Sedis;s__uncultured bacterium	99.4	MFD09206	Denmark	10.25672	56.90236	Soil	Grassland formations	Xeric sand calcareous grasslands
MFD09779.bin.1.375	N	Iglsoevivens	sediminis	N.L.	masch.	Microbe found nearby Iglsoe	A species found in sediments	Formerly ''CAMYOC01'' in GTDB R220	Formerly ''uncultured gamma proteobacterium'' in Silva 138.2	GTDB marker genes and 16S rRNA	GCA_963809565.1	Oxford Nanopore PromethION	mmlong2	3446972	6	112.0279	61.56	100	0.2	1	22	d__Bacteria;p__Pseudomonadota;c__Gammaproteobacteria;o__XN24;f__XN24;g__CAMYOC01;s__Unclassified	d__Bacteria;p__Pseudomonadota;c__Gammaproteobacteria;o__Iglsoeviventales;f__Iglsoeviventaceae;g__Iglsoevivens;s__Iglsoevivens sediminis	d__Bacteria;p__Pseudomonadota;c__Gammaproteobacteria;o__D90;f__Incertae Sedis;g__Incertae Sedis;s__uncultured gamma proteobacterium	98.7	MFD09779	Denmark	8.1689	56.3361	Sediment	Saltwater	Fjords
MFD04944.bin.1.320	N	Adnissumiaba	terrea	N.L.	fem.	Microbe found nearby Soender Nissum	A species found in soil	Formerly ''CF-167'' in GTDB R220	Formerly ''uncultured bacterium'' in Silva 138.2	GTDB marker genes and 16S rRNA	GCA_963807915.1	Oxford Nanopore PromethION	mmlong2	2275003	4	30.82727	69.61	97.34	0	1	22	d__Bacteria;p__Chloroflexota;c__Limnocylindria;o__QHBO01;f__QHBO01;g__CF-167;s__Unclassified	d__Bacteria;p__Chloroflexota;c__Limnocylindria;o__Vrouevitales;f__Vrouevitaceae;g__Adnissumiaba;s__Adnissumiaba terrea	d__Bacteria;p__Chloroflexota;c__Gitt-GS-136;o__Incertae Sedis;f__Incertae Sedis;g__Incertae Sedis;s__uncultured bacterium	99.2	MFD04944	Denmark	10.5752	54.9596	Soil	Grassland formations	Species-rich Nardus upland grassland
MFD09964.bin.1.336	N	Adnissumiaba	sediminis	N.L.	fem.	Microbe found nearby Soender Nissum	A species found in sediments	Formerly ''CF-167'' in GTDB R220	sp. nov.	GTDB marker genes and 16S rRNA	GCA_963695195.1	Oxford Nanopore PromethION	mmlong2	2111698	7	63.21147	68.9	98.29	0.35	1	22	d__Bacteria;p__Chloroflexota;c__Limnocylindria;o__QHBO01;f__QHBO01;g__CF-167;s__Unclassified	d__Bacteria;p__Chloroflexota;c__Limnocylindria;o__Vrouevitales;f__Vrouevitaceae;g__Adnissumiaba;s__Adnissumiaba sediminis	d__Bacteria;p__Chloroflexota;c__Gitt-GS-136;o__Incertae Sedis;f__Incertae Sedis;g__Incertae Sedis;s__uncultured bacterium	98.4	MFD09964	Denmark	9.0763	56.5565	Sediment	Saltwater	Fjords
MFD05942.bin.1.132	N	Viciniskageniaba	scandia	N.L.	fem.	Microbe found nearby Skagen	A species from Scandinavia	Formerly ''CTSoil-043'' in GTDB R220	Formerly ''uncultured bacterium'' in Silva 138.2	GTDB marker genes and 16S rRNA	GCA_963718085.1	Oxford Nanopore PromethION	mmlong2	2994170	2	21.72269	72.76	91.39	0.4	1	22	d__Bacteria;p__Chloroflexota;c__Limnocylindria;o__Limnocylindrales;f__CSP1-4;g__CTSoil-043;s__Unclassified	d__Bacteria;p__Chloroflexota;c__Limnocylindria;o__Limnocylindrales;f__Klitmollerisomataceae;g__Viciniskageniaba;s__Viciniskageniaba scandia	d__Bacteria;p__Chloroflexota;c__KD4-96;o__Incertae Sedis;f__Incertae Sedis;g__Incertae Sedis;s__uncultured bacterium	98.9	MFD05942	Denmark	9.6177	56.7771	Soil	Fields	"Poales, grass"
MFD05942.bin.1.327	N	Viciniskageniaba	septentrionalis	N.L.	fem.	Microbe found nearby Skagen	A species from the north	Formerly ''CTSoil-043'' in GTDB R220	sp. nov.	GTDB marker genes and 16S rRNA	GCA_963776285.1	Oxford Nanopore PromethION	mmlong2	3641026	9	30.90551	72.43	95.49	1.92	1	22	d__Bacteria;p__Chloroflexota;c__Limnocylindria;o__Limnocylindrales;f__CSP1-4;g__CTSoil-043;s__Unclassified	d__Bacteria;p__Chloroflexota;c__Limnocylindria;o__Limnocylindrales;f__Klitmollerisomataceae;g__Viciniskageniaba;s__Viciniskageniaba septentrionalis	d__Bacteria;p__Chloroflexota;c__KD4-96;o__Incertae Sedis;f__Incertae Sedis;g__Incertae Sedis;s__uncultured bacterium	98.4	MFD05942	Denmark	9.6177	56.7771	Soil	Fields	"Poales, grass"
MFD03399.bin.1.4	N	Allingihabitans	vicinus	N.L.	masch.	Microbe found nearby Oester Alling	A species related to but distinct from the existing species	Formerly ''DAHUXN01'' in GTDB R220	sp. nov.	GTDB marker genes and 16S rRNA	GCA_963811805.1	Oxford Nanopore PromethION	mmlong2	4395256	3	150.0075	58.7	96.41	0.02	1	23	d__Bacteria;p__Acidobacteriota;c__Terriglobia;o__Acidoferrales;f__UBA7541;g__DAHUXN01;s__Unclassified	d__Bacteria;p__Acidobacteriota;c__Terriglobia;o__Acidoferrales;f__UBA7541;g__Allingihabitans;s__Allingihabitans vicinus	d__Bacteria;p__Acidobacteriota;c__Acidobacteriae;o__Subgroup 2;f__Incertae Sedis;g__Incertae Sedis;s__uncultured forest soil bacterium	97.7	MFD03399	Denmark	9.77493	57.18586	Soil	Grassland formations	Species-rich Nardus upland grassland
MFD03399.bin.1.71	N	Allingihabitans	terrestris	N.L.	masch.	Microbe found nearby Oester Alling	A species found in soil	Formerly ''DAHUXN01'' in GTDB R220	sp. nov.	GTDB marker genes and 16S rRNA	GCA_963807545.1	Oxford Nanopore PromethION	mmlong2	4146785	5	82.20969	58.57	95.58	1.03	1	23	d__Bacteria;p__Acidobacteriota;c__Terriglobia;o__Acidoferrales;f__UBA7541;g__DAHUXN01;s__Unclassified	d__Bacteria;p__Acidobacteriota;c__Terriglobia;o__Acidoferrales;f__UBA7541;g__Allingihabitans;s__Allingihabitans terrestris	d__Bacteria;p__Acidobacteriota;c__Acidobacteriae;o__Subgroup 2;f__Incertae Sedis;g__Incertae Sedis;s__uncultured forest soil bacterium	98.1	MFD03399	Denmark	9.77493	57.18586	Soil	Grassland formations	Species-rich Nardus upland grassland
MFD00822.bin.1.211	N	Hennevivens	ripicus	N.L.	masch.	Microbe found nearby Henne	A species found in the coast	Formerly ''DAHVFK01'' in GTDB R220	sp. nov.	GTDB marker genes and 16S rRNA	GCA_963834845.1	Oxford Nanopore PromethION	mmlong2	4186866	5	33.904976	67.51	96.33	0.39	1	22	d__Bacteria;p__Pseudomonadota;c__Gammaproteobacteria;o__Burkholderiales;f__SG8-39;g__DAHVFK01;s__Unclassified	d__Bacteria;p__Pseudomonadota;c__Gammaproteobacteria;o__Burkholderiales;f__Henneviventaceae;g__Hennevivens;s__Hennevivens ripicus	d__Bacteria;p__Pseudomonadota;c__Gammaproteobacteria;o__Burkholderiales;f__Nitrosomonadaceae;g__MND1;s__uncultured proteobacterium	98.4	MFD00822	Denmark	9.612	56.9676	Soil	Coastal	Salt marshes and salt meadows
MFD00031.bin.1.107	N	Ottestrupium	contiguum	N.L.	neut.	Microbe found nearby Ottestrup	A species related to but distinct from the existing species	Formerly ''FEN-1191'' in GTDB R220	Formerly ''uncultured bacterium'' in Silva 138.2	GTDB marker genes and 16S rRNA	GCA_963699955.1	Oxford Nanopore PromethION	mmlong2	3633367	7	39.400066	64.06	93.18	0.35	1	22	d__Bacteria;p__Pseudomonadota;c__Gammaproteobacteria;o__Steroidobacterales;f__Steroidobacteraceae;g__FEN-1191;s__Unclassified	d__Bacteria;p__Pseudomonadota;c__Gammaproteobacteria;o__Steroidobacterales;f__Steroidobacteraceae;g__Ottestrupium;s__Ottestrupium contiguum	d__Bacteria;p__Pseudomonadota;c__Gammaproteobacteria;o__JG36-TzT-191;f__Incertae Sedis;g__Incertae Sedis;s__uncultured bacterium	98.9	MFD00031	Denmark	11.4075	55.4191	Soil	Forests	Alluvial woodland
MFD05841.bin.1.117	N	Ottestrupium	scandium	N.L.	neut.	Microbe found nearby Ottestrup	A species from Scandinavia	Formerly ''FEN-1191'' in GTDB R220	Formerly ''uncultured bacterium'' in Silva 138.2	GTDB marker genes and 16S rRNA	GCA_963789365.1	Oxford Nanopore PromethION	mmlong2	3751013	4	32.50215	63.52	92.98	2.48	1	22	d__Bacteria;p__Pseudomonadota;c__Gammaproteobacteria;o__Steroidobacterales;f__Steroidobacteraceae;g__FEN-1191;s__Unclassified	d__Bacteria;p__Pseudomonadota;c__Gammaproteobacteria;o__Steroidobacterales;f__Steroidobacteraceae;g__Ottestrupium;s__Ottestrupium scandium	d__Bacteria;p__Pseudomonadota;c__Gammaproteobacteria;o__JG36-TzT-191;f__Incertae Sedis;g__Incertae Sedis;s__uncultured bacterium	98.9	MFD05841	Denmark	9.9156	56.891	Soil	Forests	
MFD09222.bin.1.53	N	Ottestrupium	glebicum	N.L.	neut.	Microbe found nearby Ottestrup	A species found in soil	Formerly ''FEN-1191'' in GTDB R220	Formerly ''uncultured gamma proteobacterium'' in Silva 138.2	GTDB marker genes and 16S rRNA	GCA_963842045.1	Oxford Nanopore PromethION	mmlong2	4420963	3	40.17342	63.07	98.15	1.51	1	23	d__Bacteria;p__Pseudomonadota;c__Gammaproteobacteria;o__Steroidobacterales;f__Steroidobacteraceae;g__FEN-1191;s__Unclassified	d__Bacteria;p__Pseudomonadota;c__Gammaproteobacteria;o__Steroidobacterales;f__Steroidobacteraceae;g__Ottestrupium;s__Ottestrupium glebicum	d__Bacteria;p__Pseudomonadota;c__Gammaproteobacteria;o__JG36-TzT-191;f__Incertae Sedis;g__Incertae Sedis;s__uncultured gamma proteobacterium	98.8	MFD09222	Denmark	9.2476	56.2643	Soil	Temperate heath and scrub	Wet heath
MFD04944.bin.1.114	N	Vejersleviella	similis	N.L.	fem.	Microbe found nearby Vejerslev	A species related to but distinct from the existing species	Formerly ''FEN-1219'' in GTDB R220	sp. nov.	GTDB marker genes and 16S rRNA	GCA_963728995.1	Oxford Nanopore PromethION	mmlong2	5054784	9	52.29259	66.7	90.15	1.36	1	20	d__Bacteria;p__Pseudomonadota;c__Gammaproteobacteria;o__Rariloculales;f__Rariloculaceae;g__FEN-1219;s__Unclassified	d__Bacteria;p__Pseudomonadota;c__Gammaproteobacteria;o__Rariloculales;f__Rariloculaceae;g__Vejersleviella;s__Vejersleviella similis	d__Bacteria;p__Pseudomonadota;c__Gammaproteobacteria;o__CCD24;f__Incertae Sedis;g__Incertae Sedis;s__metagenome	98.5	MFD04944	Denmark	10.5752	54.9596	Soil	Grassland formations	Species-rich Nardus upland grassland
MFD02416.bin.1.83	N	Gjesingium	telluricum	N.L.	neut.	Microbe found nearby Gjesing	A species found in soil	Formerly ''FEN-1297'' in GTDB R220	sp. nov.	GTDB marker genes and 16S rRNA	GCA_963843605.1	Oxford Nanopore PromethION	mmlong2	5644863	10	16.959412	37.98	95.42	0.79	1	22	d__Bacteria;p__Bacteroidota;c__Ignavibacteria;o__Ignavibacteriales;f__Ignavibacteriaceae;g__FEN-1297;s__Unclassified	d__Bacteria;p__Bacteroidota;c__Ignavibacteria;o__Ignavibacteriales;f__Ignavibacteriaceae;g__Gjesingium;s__Gjesingium telluricum	d__Bacteria;p__Ignavibacteriota;c__Ignavibacteria;o__Ignavibacteriales;f__PHOS-HE36;g__Incertae Sedis;s__uncultured bacterium	97.2	MFD02416	Denmark	9.5553	56.8577	Soil	Coastal	Inland salt meadows
MFD01872.bin.1.18	N	Janderupivita	nordica	N.L.	fem.	Microbe found nearby Janderup	A species from the Nordic region	Formerly ''FEN-299'' in GTDB R220	sp. nov.	GTDB marker genes and 16S rRNA	GCA_963776495.1	Oxford Nanopore PromethION	mmlong2	5165179	6	40.92183	69.41	99.47	2.88	1	23	d__Bacteria;p__Acidobacteriota;c__Vicinamibacteria;o__Vicinamibacterales;f__Fen-181;g__FEN-299;s__Unclassified	d__Bacteria;p__Acidobacteriota;c__Vicinamibacteria;o__Vicinamibacterales;f__Tolstrupiabaceae;g__Janderupivita;s__Janderupivita nordica	d__Bacteria;p__Acidobacteriota;c__Vicinamibacteria;o__Vicinamibacterales;f__Incertae Sedis;g__Incertae Sedis;s__uncultured Acidobacteria bacterium	97.9	MFD01872	Denmark	8.4984	55.6264	Soil	"Bogs, mires and fens"	Alkaline fens
MFD05942.bin.1.436	N	Janderupivita	affinis	N.L.	fem.	Microbe found nearby Janderup	A species related to but distinct from the existing species	Formerly ''FEN-299'' in GTDB R220	sp. nov.	GTDB marker genes and 16S rRNA	GCA_963717945.1	Oxford Nanopore PromethION	mmlong2	4510916	7	53.78689	69.22	100	1.97	1	23	d__Bacteria;p__Acidobacteriota;c__Vicinamibacteria;o__Vicinamibacterales;f__Fen-181;g__FEN-299;s__Unclassified	d__Bacteria;p__Acidobacteriota;c__Vicinamibacteria;o__Vicinamibacterales;f__Tolstrupiabaceae;g__Janderupivita;s__Janderupivita affinis	d__Bacteria;p__Acidobacteriota;c__Vicinamibacteria;o__Vicinamibacterales;f__Incertae Sedis;g__Incertae Sedis;s__uncultured bacterium	98.3	MFD05942	Denmark	9.6177	56.7771	Soil	Fields	"Poales, grass"
MFD01299.bin.1.229	N	Ugevita	sediminis	N.L.	fem.	Microbe found nearby Uge	A species found in sediments	Formerly ''Fen-1038'' in GTDB R220	Formerly ''uncultured Bellilinea sp.'' in Silva 138.2	GTDB marker genes and 16S rRNA	GCA_963846805.1	Oxford Nanopore PromethION	mmlong2	4204882	8	34.012337	56.55	92.75	1.44	1	23	d__Bacteria;p__Chloroflexota;c__Anaerolineae;o__Anaerolineales;f__Villigracilaceae;g__Fen-1038;s__Unclassified	d__Bacteria;p__Chloroflexota;c__Anaerolineae;o__Anaerolineales;f__Villigracilaceae;g__Ugevita;s__Ugevita sediminis	d__Bacteria;p__Chloroflexota;c__Anaerolineae;o__Anaerolineales;f__Anaerolineaceae;g__Incertae Sedis;s__uncultured Bellilinea sp.	99	MFD01299	Denmark	8.627054339	55.80287147	Sediment	Freshwater	"Lake, Rich pondweed"
MFD02416.bin.1.274	N	Ejdrupibacter	oricus	N.L.	masch.	Microbe found nearby Ejdrup	A species found in the coast	Formerly ''Fen-1039'' in GTDB R220	sp. nov.	GTDB marker genes and 16S rRNA	GCA_963711105.1	Oxford Nanopore PromethION	mmlong2	3380608	7	84.472	68.38	94.09	0.17	1	21	d__Bacteria;p__Chloroflexota;c__Limnocylindria;o__Limnocylindrales;f__CSP1-4;g__Fen-1039;s__Unclassified	d__Bacteria;p__Chloroflexota;c__Limnocylindria;o__Limnocylindrales;f__Klitmollerisomataceae;g__Ejdrupibacter;s__Ejdrupibacter oricus	d__Bacteria;p__Chloroflexota;c__KD4-96;o__Incertae Sedis;f__Incertae Sedis;g__Incertae Sedis;s__uncultured Chloroflexi bacterium	96.5	MFD02416	Denmark	9.5553	56.8577	Soil	Coastal	Inland salt meadows
MFD05942.bin.1.310	N	Grynderupisoma	europaeum	N.L.	neut.	Microbe found nearby Grynderup	A species from Europe	Formerly ''Fen-1255'' in GTDB R220	Formerly ''uncultured bacterium'' in Silva 138.2	GTDB marker genes and 16S rRNA	GCA_963849385.1	Oxford Nanopore PromethION	mmlong2	4490167	10	20.41308	56.02	97.84	4.86	1	21	d__Bacteria;p__Bacteroidota;c__UBA10030;o__UBA10030;f__UBA6906;g__Fen-1255;s__Unclassified	d__Bacteria;p__Bacteroidota;c__Skagenicolia;o__Skagenicolales;f__Skagenicolaceae;g__Grynderupisoma;s__Grynderupisoma europaeum	d__Bacteria;p__Candidatus Kryptonia;c__Kryptonia;o__Kryptoniales;f__BSV26;g__Incertae Sedis;s__uncultured bacterium	99.5	MFD05942	Denmark	9.6177	56.7771	Soil	Fields	"Poales, grass"
MFD03726.bin.c.11	N	Handbjergiaba	sediminis	N.L.	fem.	Microbe found nearby Handbjerg	A species found in sediments	Formerly ''Fen-1298'' in GTDB R220	Formerly ''uncultured bacterium'' in Silva 138.2	GTDB marker genes and 16S rRNA	GCA_963701295.1	Oxford Nanopore PromethION	mmlong2	3643693	1	65.96458	42.38	99.32	0.23	1	22	d__Bacteria;p__Bacteroidota;c__UBA10030;o__UBA10030;f__UBA10030;g__Fen-1298;s__Unclassified	d__Bacteria;p__Bacteroidota;c__Skagenicolia;o__Skagenicolales;f__Holboelimenaceae;g__Handbjergiaba;s__Handbjergiaba sediminis	d__Bacteria;p__Candidatus Kryptonia;c__Kryptonia;o__Kryptoniales;f__BSV26;g__Incertae Sedis;s__uncultured bacterium	99.1	MFD03726	Denmark	9.3209	55.2451	Sediment	Freshwater	Enclosed water
MFD04944.bin.1.209	N	Outrupibacterium	telluricum	N.L.	neut.	Microbe found nearby Outrup	A species found in soil	Formerly ''Fen-183'' in GTDB R220	Formerly ''uncultured delta proteobacterium'' in Silva 138.2	GTDB marker genes and 16S rRNA	GCA_963836285.1	Oxford Nanopore PromethION	mmlong2	3867788	3	16.3946	70.17	91.89	0	1	22	d__Bacteria;p__Acidobacteriota;c__Thermoanaerobaculia;o__UBA5066;f__UBA5066;g__Fen-183;s__Unclassified	d__Bacteria;p__Acidobacteriota;c__Thermoanaerobaculia;o__Outrupibacteriales;f__Outrupibacteriaceae;g__Outrupibacterium;s__Outrupibacterium telluricum	d__Bacteria;p__Acidobacteriota;c__Holophagae;o__Subgroup 7;f__Incertae Sedis;g__Incertae Sedis;s__uncultured delta proteobacterium	98.8	MFD04944	Denmark	10.5752	54.9596	Soil	Grassland formations	Species-rich Nardus upland grassland
MFD05942.bin.1.16	N	Outrupibacterium	terrestre	N.L.	neut.	Microbe found nearby Outrup	A species found in soil	Formerly ''Fen-183'' in GTDB R220	Formerly ''uncultured Thermaerobacter sp.'' in Silva 138.2	GTDB marker genes and 16S rRNA	GCA_963821225.1	Oxford Nanopore PromethION	mmlong2	4352792	10	41.82506	67.99	97.39	0.33	1	23	d__Bacteria;p__Acidobacteriota;c__Thermoanaerobaculia;o__UBA5066;f__UBA5066;g__Fen-183;s__Unclassified	d__Bacteria;p__Acidobacteriota;c__Thermoanaerobaculia;o__Outrupibacteriales;f__Outrupibacteriaceae;g__Outrupibacterium;s__Outrupibacterium terrestre	d__Bacteria;p__Acidobacteriota;c__Holophagae;o__Subgroup 7;f__Incertae Sedis;g__Incertae Sedis;s__uncultured Thermaerobacter sp.	99.1	MFD05942	Denmark	9.6177	56.7771	Soil	Fields	"Poales, grass"
MFD05513.bin.1.196	N	Odderium	danicum	N.L.	neut.	Microbe found nearby Odder	A species from Denmark	Formerly ''Gp1-AA145'' in GTDB R220	Formerly ''uncultured Acidobacteria bacterium'' in Silva 138.2	GTDB marker genes and 16S rRNA	GCA_963839975.1	Oxford Nanopore PromethION	mmlong2	4095871	10	37.53806	58.1	94.69	2.16	1	22	d__Bacteria;p__Acidobacteriota;c__Terriglobia;o__Terriglobales;f__SbA1;g__Gp1-AA145;s__Unclassified	d__Bacteria;p__Acidobacteriota;c__Terriglobia;o__Terriglobales;f__SbA1;g__Odderium;s__Odderium danicum	d__Bacteria;p__Acidobacteriota;c__Acidobacteriae;o__Terriglobales;f__Incertae Sedis;g__Incertae Sedis;s__uncultured Acidobacteria bacterium	99.2	MFD05513	Denmark	10.1282	55.9873	Soil	Forests	Temperate forests
MFD04944.bin.1.4	N	Pjedstedimen	terrestre	N.L.	neut.	Microbe found nearby Pjedsted	A species found in soil	Formerly ''Gp6-AA45'' in GTDB R220	Formerly ''uncultured bacterium'' in Silva 138.2	GTDB marker genes and 16S rRNA	GCA_963757655.1	Oxford Nanopore PromethION	mmlong2	6426240	8	47.29502	65.59	97.79	4.53	1	23	d__Bacteria;p__Acidobacteriota;c__Vicinamibacteria;o__Vicinamibacterales;f__UBA2999;g__Gp6-AA45;s__Unclassified	d__Bacteria;p__Acidobacteriota;c__Vicinamibacteria;o__Vicinamibacterales;f__Pjedstedimenaceae;g__Pjedstedimen;s__Pjedstedimen terrestre	d__Bacteria;p__Acidobacteriota;c__Vicinamibacteria;o__Vicinamibacterales;f__Incertae Sedis;g__Incertae Sedis;s__uncultured bacterium	99.5	MFD04944	Denmark	10.5752	54.9596	Soil	Grassland formations	Species-rich Nardus upland grassland
MFD00822.bin.1.116	N	Propenissumisoma	glebicum	N.L.	neut.	Microbe found nearby Soender Nissum	A species found in soil	Formerly ''Gp7-AA6'' in GTDB R220	Formerly ''uncultured bacterium'' in Silva 138.2	GTDB marker genes and 16S rRNA	GCA_963736455.1	Oxford Nanopore PromethION	mmlong2	4222484	2	21.462027	68.75	98.41	0.01	1	23	d__Bacteria;p__Acidobacteriota;c__Thermoanaerobaculia;o__UBA5066;f__Gp7-AA6;g__Gp7-AA6;s__Unclassified	d__Bacteria;p__Acidobacteriota;c__Thermoanaerobaculia;o__Outrupibacteriales;f__Propenissumisomataceae;g__Propenissumisoma;s__Propenissumisoma glebicum	d__Bacteria;p__Acidobacteriota;c__Holophagae;o__Subgroup 7;f__Incertae Sedis;g__Incertae Sedis;s__uncultured bacterium	99.4	MFD00822	Denmark	9.612	56.9676	Soil	Coastal	Salt marshes and salt meadows
MFD00822.bin.1.75	N	Propenissumisoma	oricum	N.L.	neut.	Microbe found nearby Soender Nissum	A species found in the coast	Formerly ''Gp7-AA6'' in GTDB R220	Formerly ''uncultured bacterium'' in Silva 138.2	GTDB marker genes and 16S rRNA	GCA_963847075.1	Oxford Nanopore PromethION	mmlong2	4062372	2	18.311638	66.79	97.14	0.04	1	23	d__Bacteria;p__Acidobacteriota;c__Thermoanaerobaculia;o__UBA5066;f__Gp7-AA6;g__Gp7-AA6;s__Unclassified	d__Bacteria;p__Acidobacteriota;c__Thermoanaerobaculia;o__Outrupibacteriales;f__Propenissumisomataceae;g__Propenissumisoma;s__Propenissumisoma oricum	d__Bacteria;p__Acidobacteriota;c__Holophagae;o__Subgroup 7;f__Incertae Sedis;g__Incertae Sedis;s__uncultured bacterium	99	MFD00822	Denmark	9.612	56.9676	Soil	Coastal	Salt marshes and salt meadows
MFD00822.bin.1.85	N	Propenissumisoma	simile	N.L.	neut.	Microbe found nearby Soender Nissum	A species related to but distinct from the existing species	Formerly ''Gp7-AA6'' in GTDB R220	sp. nov.	GTDB marker genes and 16S rRNA	GCA_963733955.1	Oxford Nanopore PromethION	mmlong2	5110094	5	25.500336	68.57	96.74	0	1	23	d__Bacteria;p__Acidobacteriota;c__Thermoanaerobaculia;o__UBA5066;f__Gp7-AA6;g__Gp7-AA6;s__Unclassified	d__Bacteria;p__Acidobacteriota;c__Thermoanaerobaculia;o__Outrupibacteriales;f__Propenissumisomataceae;g__Propenissumisoma;s__Propenissumisoma simile	d__Bacteria;p__Acidobacteriota;c__Holophagae;o__Subgroup 7;f__Incertae Sedis;g__Incertae Sedis;s__uncultured bacterium	97.9	MFD00822	Denmark	9.612	56.9676	Soil	Coastal	Salt marshes and salt meadows
MFD04944.bin.1.1	N	Propenissumisoma	humicum	N.L.	neut.	Microbe found nearby Soender Nissum	A species found in soil	Formerly ''Gp7-AA6'' in GTDB R220	sp. nov.	GTDB marker genes and 16S rRNA	GCA_963801275.1	Oxford Nanopore PromethION	mmlong2	4281557	2	165.1139	67.49	97.55	0.22	1	23	d__Bacteria;p__Acidobacteriota;c__Thermoanaerobaculia;o__UBA5066;f__Gp7-AA6;g__Gp7-AA6;s__Unclassified	d__Bacteria;p__Acidobacteriota;c__Thermoanaerobaculia;o__Outrupibacteriales;f__Propenissumisomataceae;g__Propenissumisoma;s__Propenissumisoma humicum	d__Bacteria;p__Acidobacteriota;c__Holophagae;o__Subgroup 7;f__Incertae Sedis;g__Incertae Sedis;s__uncultured bacterium	98	MFD04944	Denmark	10.5752	54.9596	Soil	Grassland formations	Species-rich Nardus upland grassland
MFD04944.bin.1.105	N	Propenissumisoma	affine	N.L.	neut.	Microbe found nearby Soender Nissum	A species related to but distinct from the existing species	Formerly ''Gp7-AA6'' in GTDB R220	Formerly ''uncultured bacterium'' in Silva 138.2	GTDB marker genes and 16S rRNA	GCA_963837495.1	Oxford Nanopore PromethION	mmlong2	4576295	3	61.48675	66.65	94.41	0	1	23	d__Bacteria;p__Acidobacteriota;c__Thermoanaerobaculia;o__UBA5066;f__Gp7-AA6;g__Gp7-AA6;s__Unclassified	d__Bacteria;p__Acidobacteriota;c__Thermoanaerobaculia;o__Outrupibacteriales;f__Propenissumisomataceae;g__Propenissumisoma;s__Propenissumisoma affine	d__Bacteria;p__Acidobacteriota;c__Holophagae;o__Subgroup 7;f__Incertae Sedis;g__Incertae Sedis;s__uncultured bacterium	98.7	MFD04944	Denmark	10.5752	54.9596	Soil	Grassland formations	Species-rich Nardus upland grassland
MFD04944.bin.1.336	N	Propenissumisoma	terrestre	N.L.	neut.	Microbe found nearby Soender Nissum	A species found in soil	Formerly ''Gp7-AA6'' in GTDB R220	Formerly ''uncultured Desulfovirga sp.'' in Silva 138.2	GTDB marker genes and 16S rRNA	GCA_963815655.1	Oxford Nanopore PromethION	mmlong2	4548709	2	43.43769	68.21	97.64	0	1	23	d__Bacteria;p__Acidobacteriota;c__Thermoanaerobaculia;o__UBA5066;f__Gp7-AA6;g__Gp7-AA6;s__Unclassified	d__Bacteria;p__Acidobacteriota;c__Thermoanaerobaculia;o__Outrupibacteriales;f__Propenissumisomataceae;g__Propenissumisoma;s__Propenissumisoma terrestre	d__Bacteria;p__Acidobacteriota;c__Holophagae;o__Subgroup 7;f__Incertae Sedis;g__Incertae Sedis;s__uncultured Desulfovirga sp.	99.5	MFD04944	Denmark	10.5752	54.9596	Soil	Grassland formations	Species-rich Nardus upland grassland
MFD04944.bin.1.75	N	Propenissumisoma	danicum	N.L.	neut.	Microbe found nearby Soender Nissum	A species from Denmark	Formerly ''Gp7-AA6'' in GTDB R220	Formerly ''uncultured Acidobacteria bacterium'' in Silva 138.2	GTDB marker genes and 16S rRNA	GCA_963797495.1	Oxford Nanopore PromethION	mmlong2	4129426	3	34.84995	69.46	92.24	0.14	1	23	d__Bacteria;p__Acidobacteriota;c__Thermoanaerobaculia;o__UBA5066;f__Gp7-AA6;g__Gp7-AA6;s__Unclassified	d__Bacteria;p__Acidobacteriota;c__Thermoanaerobaculia;o__Outrupibacteriales;f__Propenissumisomataceae;g__Propenissumisoma;s__Propenissumisoma danicum	d__Bacteria;p__Acidobacteriota;c__Holophagae;o__Subgroup 7;f__Incertae Sedis;g__Incertae Sedis;s__uncultured Acidobacteria bacterium	98.9	MFD04944	Denmark	10.5752	54.9596	Soil	Grassland formations	Species-rich Nardus upland grassland
MFD05442.bin.1.110	N	Propenissumisoma	ripicum	N.L.	neut.	Microbe found nearby Soender Nissum	A species found in the coast	Formerly ''Gp7-AA6'' in GTDB R220	Formerly ''uncultured bacterium'' in Silva 138.2	GTDB marker genes and 16S rRNA	GCA_963775725.1	Oxford Nanopore PromethION	mmlong2	4104800	3	27.0731	69.06	91.34	0.2	1	23	d__Bacteria;p__Acidobacteriota;c__Thermoanaerobaculia;o__UBA5066;f__Gp7-AA6;g__Gp7-AA6;s__Unclassified	d__Bacteria;p__Acidobacteriota;c__Thermoanaerobaculia;o__Outrupibacteriales;f__Propenissumisomataceae;g__Propenissumisoma;s__Propenissumisoma ripicum	d__Bacteria;p__Acidobacteriota;c__Holophagae;o__Subgroup 7;f__Incertae Sedis;g__Incertae Sedis;s__uncultured bacterium	99.3	MFD05442	Denmark	8.822	56.7368	Soil	Coastal	Atlantic salt meadows
MFD05442.bin.1.363	N	Propenissumisoma	litorale	N.L.	neut.	Microbe found nearby Soender Nissum	A species found in the coast	Formerly ''Gp7-AA6'' in GTDB R220	Formerly ''uncultured Acidobacteria bacterium'' in Silva 138.2	GTDB marker genes and 16S rRNA	GCA_963805495.1	Oxford Nanopore PromethION	mmlong2	4439597	6	75.26481	69.2	97.97	0	1	23	d__Bacteria;p__Acidobacteriota;c__Thermoanaerobaculia;o__UBA5066;f__Gp7-AA6;g__Gp7-AA6;s__Unclassified	d__Bacteria;p__Acidobacteriota;c__Thermoanaerobaculia;o__Outrupibacteriales;f__Propenissumisomataceae;g__Propenissumisoma;s__Propenissumisoma litorale	d__Bacteria;p__Acidobacteriota;c__Holophagae;o__Subgroup 7;f__Incertae Sedis;g__Incertae Sedis;s__uncultured Acidobacteria bacterium	99.1	MFD05442	Denmark	8.822	56.7368	Soil	Coastal	Atlantic salt meadows
MFD02840.bin.c.2	N	Nyordihabitans	oricus	N.L.	masch.	Microbe found nearby Nyord	A species found in the coast	Formerly ''JAAYBF01'' in GTDB R220	Formerly ''uncultured bacterium'' in Silva 138.2	GTDB marker genes and 16S rRNA	GCA_963716445.1	Oxford Nanopore PromethION	mmlong2	2600124	1	87.36443	71.37	97.17	0.36	1	22	d__Bacteria;p__Actinomycetota;c__Thermoleophilia;o__Solirubrobacterales;f__Thermoleophilaceae;g__JAAYBF01;s__Unclassified	d__Bacteria;p__Actinomycetota;c__Thermoleophilia;o__Solirubrobacterales;f__Thermoleophilaceae;g__Nyordihabitans;s__Nyordihabitans oricus	d__Bacteria;p__Actinomycetota;c__Thermoleophilia;o__Solirubrobacterales;f__Solirubrobacteraceae;g__Solirubrobacter;s__uncultured bacterium	98.9	MFD02840	Denmark	14.7807	55.0595	Soil	Coastal	Sea cliffs and shingle or stony beaches
MFD04212.bin.1.169	N	Nyordihabitans	humicus	N.L.	masch.	Microbe found nearby Nyord	A species found in soil	Formerly ''JAAYBF01'' in GTDB R220	sp. nov.	GTDB marker genes and 16S rRNA	GCA_963724115.1	Oxford Nanopore PromethION	mmlong2	3094618	3	23.93768	70.95	96.41	0.71	1	22	d__Bacteria;p__Actinomycetota;c__Thermoleophilia;o__Solirubrobacterales;f__Thermoleophilaceae;g__JAAYBF01;s__Unclassified	d__Bacteria;p__Actinomycetota;c__Thermoleophilia;o__Solirubrobacterales;f__Thermoleophilaceae;g__Nyordihabitans;s__Nyordihabitans humicus	d__Bacteria;p__Actinomycetota;c__Thermoleophilia;o__Solirubrobacterales;f__Solirubrobacteraceae;g__Solirubrobacter;s__uncultured bacterium	98.4	MFD04212	Denmark	12.2823	55.0396	Soil	Dunes	Fixed dunes (grey dunes)
MFD04935.bin.1.19	N	Nyordihabitans	borealis	N.L.	masch.	Microbe found nearby Nyord	A species from the north	Formerly ''JAAYBF01'' in GTDB R220	sp. nov.	GTDB marker genes and 16S rRNA	GCA_963808105.1	Oxford Nanopore PromethION	mmlong2	3613245	4	49.5293	70.46	90.07	0.48	1	22	d__Bacteria;p__Actinomycetota;c__Thermoleophilia;o__Solirubrobacterales;f__Thermoleophilaceae;g__JAAYBF01;s__Unclassified	d__Bacteria;p__Actinomycetota;c__Thermoleophilia;o__Solirubrobacterales;f__Thermoleophilaceae;g__Nyordihabitans;s__Nyordihabitans borealis	d__Bacteria;p__Actinomycetota;c__Thermoleophilia;o__Solirubrobacterales;f__Solirubrobacteraceae;g__Solirubrobacter;s__uncultured bacterium	96.5	MFD04935	Denmark	8.4297	55.3523	Soil	Dunes	Marram dunes (white dunes)
MFD09212.bin.c.4	N	Nyordihabitans	glebicus	N.L.	masch.	Microbe found nearby Nyord	A species found in soil	Formerly ''JAAYBF01'' in GTDB R220	sp. nov.	GTDB marker genes and 16S rRNA	GCA_963715445.1	Oxford Nanopore PromethION	mmlong2	2292144	1	82.04978	70.03	96.62	0.35	1	22	d__Bacteria;p__Actinomycetota;c__Thermoleophilia;o__Solirubrobacterales;f__Thermoleophilaceae;g__JAAYBF01;s__Unclassified	d__Bacteria;p__Actinomycetota;c__Thermoleophilia;o__Solirubrobacterales;f__Thermoleophilaceae;g__Nyordihabitans;s__Nyordihabitans glebicus	d__Bacteria;p__Actinomycetota;c__Thermoleophilia;o__Solirubrobacterales;f__Solirubrobacteraceae;g__Solirubrobacter;s__uncultured bacterium	98.1	MFD09212	Denmark	10.25675	56.90241	Soil	Grassland formations	Xeric sand calcareous grasslands
MFD03399.bin.1.9	N	Torupivita	contigua	N.L.	fem.	Microbe found nearby Torup	A species related to but distinct from the existing species	Formerly ''JABCZH01'' in GTDB R220	Formerly ''uncultured bacterium'' in Silva 138.2	GTDB marker genes and 16S rRNA	GCA_963803775.1	Oxford Nanopore PromethION	mmlong2	4821751	7	16.18098	56.6	94.79	0.05	1	23	d__Bacteria;p__Acidobacteriota;c__Terriglobia;o__Terriglobales;f__SbA1;g__JABCZH01;s__Unclassified	d__Bacteria;p__Acidobacteriota;c__Terriglobia;o__Terriglobales;f__SbA1;g__Torupivita;s__Torupivita contigua	d__Bacteria;p__Acidobacteriota;c__Acidobacteriae;o__Terriglobales;f__Incertae Sedis;g__Incertae Sedis;s__uncultured bacterium	98.8	MFD03399	Denmark	9.77493	57.18586	Soil	Grassland formations	Species-rich Nardus upland grassland
MFD03346.bin.1.6	N	Ejerslevisoma	telluricum	N.L.	neut.	Microbe found nearby Ejerslev	A species found in soil	Formerly ''JABDBE01'' in GTDB R220	sp. nov.	GTDB marker genes and 16S rRNA	GCA_963832245.1	Oxford Nanopore PromethION	mmlong2	5835972	4	57.25218	56.25	99.71	0.71	1	23	d__Bacteria;p__Acidobacteriota;c__Terriglobia;o__Terriglobales;f__SbA1;g__JABDBE01;s__Unclassified	d__Bacteria;p__Acidobacteriota;c__Terriglobia;o__Terriglobales;f__SbA1;g__Ejerslevisoma;s__Ejerslevisoma telluricum	d__Bacteria;p__Acidobacteriota;c__Acidobacteriae;o__Terriglobales;f__Incertae Sedis;g__Incertae Sedis;s__uncultured bacterium	98.6	MFD03346	Denmark	9.2692	56.2436	Soil	Temperate heath and scrub	Dry heath
MFD04944.bin.1.208	N	Ravnkildemen	humicum	N.L.	neut.	Microbe found nearby Ravnkilde	A species found in soil	Formerly ''JABFSM01'' in GTDB R220	Formerly ''uncultured Gemmatimonadales bacterium'' in Silva 138.2	GTDB marker genes and 16S rRNA	GCA_963728915.1	Oxford Nanopore PromethION	mmlong2	3445615	5	21.85794	66.74	94.62	0.99	1	23	d__Bacteria;p__Gemmatimonadota;c__Gemmatimonadetes;o__Gemmatimonadales;f__GWC2-71-9;g__JABFSM01;s__Unclassified	d__Bacteria;p__Gemmatimonadota;c__Gemmatimonadetes;o__Gemmatimonadales;f__Siemiabaceae;g__Ravnkildemen;s__Ravnkildemen humicum	d__Bacteria;p__Gemmatimonadota;c__Gemmatimonadia;o__Gemmatimonadales;f__Gemmatimonadaceae;g__Incertae Sedis;s__uncultured Gemmatimonadales bacterium	98.8	MFD04944	Denmark	10.5752	54.9596	Soil	Grassland formations	Species-rich Nardus upland grassland
MFD01275.bin.c.18	N	Kongersleviana	humica	N.L.	fem.	Microbe found nearby Noerre Kongerslev	A species found in soil	Formerly ''JACCSI01'' in GTDB R220	Formerly ''uncultured bacterium'' in Silva 138.2	GTDB marker genes and 16S rRNA	GCA_963707795.1	Oxford Nanopore PromethION	mmlong2	5350129	1	32.738514	69.85	91.06	0.07	1	23	d__Bacteria;p__Acidobacteriota;c__Vicinamibacteria;o__Vicinamibacterales;f__UBA2999;g__JACCSI01;s__Unclassified	d__Bacteria;p__Acidobacteriota;c__Vicinamibacteria;o__Vicinamibacterales;f__Pjedstedimenaceae;g__Kongersleviana;s__Kongersleviana humica	d__Bacteria;p__Acidobacteriota;c__Vicinamibacteria;o__Vicinamibacterales;f__Vicinamibacteraceae;g__Incertae Sedis;s__uncultured bacterium	98.7	MFD01275	Denmark	10.8089	56.5332	Soil	Dunes	Marram dunes (white dunes)
MFD10007.bin.1.1	N	Heddingeus	similis	N.L.	masch.	Microbe found nearby Store Heddinge	A species related to but distinct from the existing species	Formerly ''JACCTU01'' in GTDB R220	sp. nov.	GTDB marker genes and 16S rRNA	GCA_963700495.1	Oxford Nanopore PromethION	mmlong2	3405613	6	17.8816	69.58	91.31	0.31	1	23	d__Bacteria;p__Actinomycetota;c__Thermoleophilia;o__Gaiellales;f__Gaiellaceae;g__JACCTU01;s__Unclassified	d__Bacteria;p__Actinomycetota;c__Thermoleophilia;o__Gaiellales;f__Gaiellaceae;g__Heddingeus;s__Heddingeus similis	d__Bacteria;p__Actinomycetota;c__Thermoleophilia;o__Gaiellales;f__Incertae Sedis;g__Incertae Sedis;s__uncultured bacterium	98.2	MFD10007	Denmark	12.4931	55.8579	Sediment	Freshwater	Enclosed water
MFD01275.bin.1.13	N	Hemmediaba	arida	N.L.	fem.	Microbe found nearby Hemmed	A species found in sand	Formerly ''JACCUZ01'' in GTDB R220	Formerly ''uncultured bacterium'' in Silva 138.2	GTDB marker genes and 16S rRNA	GCA_963794995.1	Oxford Nanopore PromethION	mmlong2	3552800	2	26.02482	73.74	95.59	0	1	22	d__Bacteria;p__Actinomycetota;c__Actinomycetes;o__JACCUZ01;f__JACCUZ01;g__JACCUZ01;s__Unclassified	d__Bacteria;p__Actinomycetota;c__Actinomycetes;o__Hemmediabales;f__Hemmediabaceae;g__Hemmediaba;s__Hemmediaba arida	d__Bacteria;p__Actinomycetota;c__Actinobacteria;o__Frankiales;f__Sporichthyaceae;g__Incertae Sedis;s__uncultured bacterium	99.8	MFD01275	Denmark	10.8089	56.5332	Soil	Dunes	Marram dunes (white dunes)
MFD01275.bin.1.75	N	Hemmediaba	affinis	N.L.	fem.	Microbe found nearby Hemmed	A species related to but distinct from the existing species	Formerly ''JACCUZ01'' in GTDB R220	Formerly ''uncultured bacterium'' in Silva 138.2	GTDB marker genes and 16S rRNA	GCA_963807005.1	Oxford Nanopore PromethION	mmlong2	4009063	6	49.37252	72.96	98.89	0.28	1	22	d__Bacteria;p__Actinomycetota;c__Actinomycetes;o__JACCUZ01;f__JACCUZ01;g__JACCUZ01;s__Unclassified	d__Bacteria;p__Actinomycetota;c__Actinomycetes;o__Hemmediabales;f__Hemmediabaceae;g__Hemmediaba;s__Hemmediaba affinis	d__Bacteria;p__Actinomycetota;c__Actinobacteria;o__Frankiales;f__Sporichthyaceae;g__Incertae Sedis;s__uncultured bacterium	99.8	MFD01275	Denmark	10.8089	56.5332	Soil	Dunes	Marram dunes (white dunes)
MFD04212.bin.1.292	N	Hemmediaba	glebica	N.L.	fem.	Microbe found nearby Hemmed	A species found in soil	Formerly ''JACCUZ01'' in GTDB R220	Formerly ''uncultured bacterium'' in Silva 138.2	GTDB marker genes and 16S rRNA	GCA_963746175.1	Oxford Nanopore PromethION	mmlong2	3938718	9	27.61946	72.92	95.42	0.06	1	22	d__Bacteria;p__Actinomycetota;c__Actinomycetes;o__JACCUZ01;f__JACCUZ01;g__JACCUZ01;s__Unclassified	d__Bacteria;p__Actinomycetota;c__Actinomycetes;o__Hemmediabales;f__Hemmediabaceae;g__Hemmediaba;s__Hemmediaba glebica	d__Bacteria;p__Actinomycetota;c__Actinobacteria;o__Frankiales;f__Sporichthyaceae;g__Incertae Sedis;s__uncultured bacterium	99.8	MFD04212	Denmark	12.2823	55.0396	Soil	Dunes	Fixed dunes (grey dunes)
MFD09267.bin.1.221	N	Tillitsevita	septentrionalis	N.L.	fem.	Microbe found nearby Tillitse	A species from the north	Formerly ''JACDAN01'' in GTDB R220	Formerly ''uncultured bacterium'' in Silva 138.2	GTDB marker genes and 16S rRNA	GCA_963842235.1	Oxford Nanopore PromethION	mmlong2	2605105	3	28.54104	68.39	92.97	0.09	1	23	d__Bacteria;p__Actinomycetota;c__Thermoleophilia;o__Gaiellales;f__Gaiellaceae;g__JACDAN01;s__Unclassified	d__Bacteria;p__Actinomycetota;c__Thermoleophilia;o__Gaiellales;f__Gaiellaceae;g__Tillitsevita;s__Tillitsevita septentrionalis	d__Bacteria;p__Actinomycetota;c__Thermoleophilia;o__Gaiellales;f__Incertae Sedis;g__Incertae Sedis;s__uncultured bacterium	98.9	MFD09267	Denmark	9.28746	56.98291	Soil	Grassland formations	Xeric sand calcareous grasslands
MFD03066.bin.1.45	N	Tilstibacterium	terrestre	N.L.	neut.	Microbe found nearby Tilst	A species found in soil	Formerly ''JACDBE01'' in GTDB R220	sp. nov.	GTDB marker genes and 16S rRNA	GCA_963708235.1	Oxford Nanopore PromethION	mmlong2	3740380	1	23.20032	67.61	91.43	1.19	1	23	d__Bacteria;p__Actinomycetota;c__Acidimicrobiia;o__UBA5794;f__UBA5794;g__JACDBE01;s__Unclassified	d__Bacteria;p__Actinomycetota;c__Acidimicrobiia;o__UBA5794;f__Tilstibacteriaceae;g__Tilstibacterium;s__Tilstibacterium terrestre	d__Bacteria;p__Actinomycetota;c__Acidimicrobiia;o__Actinomarinales;f__Incertae Sedis;g__Incertae Sedis;s__uncultured bacterium	97.1	MFD03066	Denmark	10.5828	56.3609	Soil	Greenspaces	Other
MFD02840.bin.1.418	N	Stevnsiana	litoralis	N.L.	fem.	Microbe found nearby Magleby Stevns	A species found in the coast	Formerly ''JACDBZ01'' in GTDB R220	Formerly ''uncultured Chloroflexi bacterium'' in Silva 138.2	GTDB marker genes and 16S rRNA	GCA_963844265.1	Oxford Nanopore PromethION	mmlong2	2955367	8	59.02854	69.98	93.14	0.54	1	22	d__Bacteria;p__Chloroflexota;c__Limnocylindria;o__QHBO01;f__QHBO01;g__JACDBZ01;s__Unclassified	d__Bacteria;p__Chloroflexota;c__Limnocylindria;o__Vrouevitales;f__Vrouevitaceae;g__Stevnsiana;s__Stevnsiana litoralis	d__Bacteria;p__Chloroflexota;c__Gitt-GS-136;o__Incertae Sedis;f__Incertae Sedis;g__Incertae Sedis;s__uncultured Chloroflexi bacterium	99.4	MFD02840	Denmark	14.7807	55.0595	Soil	Coastal	Sea cliffs and shingle or stony beaches
MFD04212.bin.1.44	N	Stevnsiana	arida	N.L.	fem.	Microbe found nearby Magleby Stevns	A species found in sand	Formerly ''JACDBZ01'' in GTDB R220	Formerly ''uncultured bacterium'' in Silva 138.2	GTDB marker genes and 16S rRNA	GCA_963825525.1	Oxford Nanopore PromethION	mmlong2	2580948	4	22.76679	68.64	91.84	0.24	1	22	d__Bacteria;p__Chloroflexota;c__Limnocylindria;o__QHBO01;f__QHBO01;g__JACDBZ01;s__Unclassified	d__Bacteria;p__Chloroflexota;c__Limnocylindria;o__Vrouevitales;f__Vrouevitaceae;g__Stevnsiana;s__Stevnsiana arida	d__Bacteria;p__Chloroflexota;c__Gitt-GS-136;o__Incertae Sedis;f__Incertae Sedis;g__Incertae Sedis;s__uncultured bacterium	98.8	MFD04212	Denmark	12.2823	55.0396	Soil	Dunes	Fixed dunes (grey dunes)
MFD05747.bin.1.151	N	Stevnsiana	terrea	N.L.	fem.	Microbe found nearby Magleby Stevns	A species found in soil	Formerly ''JACDBZ01'' in GTDB R220	Formerly ''uncultured Chloroflexus sp.'' in Silva 138.2	GTDB marker genes and 16S rRNA	GCA_963822845.1	Oxford Nanopore PromethION	mmlong2	2549788	9	57.54429	70.4	92.87	0.34	1	22	d__Bacteria;p__Chloroflexota;c__Limnocylindria;o__QHBO01;f__QHBO01;g__JACDBZ01;s__Unclassified	d__Bacteria;p__Chloroflexota;c__Limnocylindria;o__Vrouevitales;f__Vrouevitaceae;g__Stevnsiana;s__Stevnsiana terrea	d__Bacteria;p__Chloroflexota;c__Gitt-GS-136;o__Incertae Sedis;f__Incertae Sedis;g__Incertae Sedis;s__uncultured Chloroflexus sp.	99.2	MFD05747	Denmark	12.4445	55.3414	Soil	Grassland formations	Calcareous grassland
MFD00392.bin.1.1	N	Smollerupiana	humica	N.L.	fem.	Microbe found nearby Smollerup	A species found in soil	Formerly ''JACDDX01'' in GTDB R220	Formerly ''uncultured Gemmatimonadales bacterium'' in Silva 138.2	GTDB marker genes and 16S rRNA	GCA_963698975.1	Oxford Nanopore PromethION	mmlong2	3930767	3	29.540257	63.6	95.42	3.57	1	23	d__Bacteria;p__Gemmatimonadota;c__Gemmatimonadetes;o__Gemmatimonadales;f__GWC2-71-9;g__JACDDX01;s__Unclassified	d__Bacteria;p__Gemmatimonadota;c__Gemmatimonadetes;o__Gemmatimonadales;f__Siemiabaceae;g__Smollerupiana;s__Smollerupiana humica	d__Bacteria;p__Gemmatimonadota;c__Gemmatimonadia;o__Gemmatimonadales;f__Gemmatimonadaceae;g__Incertae Sedis;s__uncultured Gemmatimonadales bacterium	99.4	MFD00392	Denmark	11.6269	55.4231	Soil	Fields	"Fabales, Faba bean"
MFD01275.bin.1.56	N	Smollerupiana	arida	N.L.	fem.	Microbe found nearby Smollerup	A species found in sand	Formerly ''JACDDX01'' in GTDB R220	Formerly ''uncultured bacterium'' in Silva 138.2	GTDB marker genes and 16S rRNA	GCA_963846545.1	Oxford Nanopore PromethION	mmlong2	3822632	3	30.550928	69.21	92.34	0.32	1	23	d__Bacteria;p__Gemmatimonadota;c__Gemmatimonadetes;o__Gemmatimonadales;f__GWC2-71-9;g__JACDDX01;s__Unclassified	d__Bacteria;p__Gemmatimonadota;c__Gemmatimonadetes;o__Gemmatimonadales;f__Siemiabaceae;g__Smollerupiana;s__Smollerupiana arida	d__Bacteria;p__Gemmatimonadota;c__Gemmatimonadia;o__Gemmatimonadales;f__Gemmatimonadaceae;g__Incertae Sedis;s__uncultured bacterium	99.1	MFD01275	Denmark	10.8089	56.5332	Soil	Dunes	Marram dunes (white dunes)
MFD04944.bin.1.216	N	Smollerupiana	tellurica	N.L.	fem.	Microbe found nearby Smollerup	A species found in soil	Formerly ''JACDDX01'' in GTDB R220	Formerly ''uncultured Gemmatimonas sp.'' in Silva 138.2	GTDB marker genes and 16S rRNA	GCA_963815515.1	Oxford Nanopore PromethION	mmlong2	4643112	6	34.42037	69.69	96.99	0.44	1	23	d__Bacteria;p__Gemmatimonadota;c__Gemmatimonadetes;o__Gemmatimonadales;f__GWC2-71-9;g__JACDDX01;s__Unclassified	d__Bacteria;p__Gemmatimonadota;c__Gemmatimonadetes;o__Gemmatimonadales;f__Siemiabaceae;g__Smollerupiana;s__Smollerupiana tellurica	d__Bacteria;p__Gemmatimonadota;c__Gemmatimonadia;o__Gemmatimonadales;f__Gemmatimonadaceae;g__Incertae Sedis;s__uncultured Gemmatimonas sp.	99.1	MFD04944	Denmark	10.5752	54.9596	Soil	Grassland formations	Species-rich Nardus upland grassland
MFD04944.bin.1.29	N	Smollerupiana	septentrionalis	N.L.	fem.	Microbe found nearby Smollerup	A species from the north	Formerly ''JACDDX01'' in GTDB R220	Formerly ''uncultured bacterium'' in Silva 138.2	GTDB marker genes and 16S rRNA	GCA_963722825.1	Oxford Nanopore PromethION	mmlong2	4540538	3	23.89349	67.02	96.67	0.61	1	23	d__Bacteria;p__Gemmatimonadota;c__Gemmatimonadetes;o__Gemmatimonadales;f__GWC2-71-9;g__JACDDX01;s__Unclassified	d__Bacteria;p__Gemmatimonadota;c__Gemmatimonadetes;o__Gemmatimonadales;f__Siemiabaceae;g__Smollerupiana;s__Smollerupiana septentrionalis	d__Bacteria;p__Gemmatimonadota;c__Gemmatimonadia;o__Gemmatimonadales;f__Gemmatimonadaceae;g__Incertae Sedis;s__uncultured bacterium	98.8	MFD04944	Denmark	10.5752	54.9596	Soil	Grassland formations	Species-rich Nardus upland grassland
MFD04944.bin.1.90	N	Smollerupiana	contigua	N.L.	fem.	Microbe found nearby Smollerup	A species related to but distinct from the existing species	Formerly ''JACDDX01'' in GTDB R220	Formerly ''uncultured bacterium'' in Silva 138.2	GTDB marker genes and 16S rRNA	GCA_963757525.1	Oxford Nanopore PromethION	mmlong2	4114737	3	28.1025	68.24	99.98	1.31	1	23	d__Bacteria;p__Gemmatimonadota;c__Gemmatimonadetes;o__Gemmatimonadales;f__GWC2-71-9;g__JACDDX01;s__Unclassified	d__Bacteria;p__Gemmatimonadota;c__Gemmatimonadetes;o__Gemmatimonadales;f__Siemiabaceae;g__Smollerupiana;s__Smollerupiana contigua	d__Bacteria;p__Gemmatimonadota;c__Gemmatimonadia;o__Gemmatimonadales;f__Gemmatimonadaceae;g__Incertae Sedis;s__uncultured bacterium	99.1	MFD04944	Denmark	10.5752	54.9596	Soil	Grassland formations	Species-rich Nardus upland grassland
MFD09206.bin.1.208	N	Smollerupiana	borealis	N.L.	fem.	Microbe found nearby Smollerup	A species from the north	Formerly ''JACDDX01'' in GTDB R220	Formerly ''uncultured Gemmatimonadetes bacterium'' in Silva 138.2	GTDB marker genes and 16S rRNA	GCA_963826065.1	Oxford Nanopore PromethION	mmlong2	4367835	8	28.02717	68.76	93.21	0.86	1	23	d__Bacteria;p__Gemmatimonadota;c__Gemmatimonadetes;o__Gemmatimonadales;f__GWC2-71-9;g__JACDDX01;s__Unclassified	d__Bacteria;p__Gemmatimonadota;c__Gemmatimonadetes;o__Gemmatimonadales;f__Siemiabaceae;g__Smollerupiana;s__Smollerupiana borealis	d__Bacteria;p__Gemmatimonadota;c__Gemmatimonadia;o__Gemmatimonadales;f__Gemmatimonadaceae;g__Incertae Sedis;s__uncultured Gemmatimonadetes bacterium	99.6	MFD09206	Denmark	10.25672	56.90236	Soil	Grassland formations	Xeric sand calcareous grasslands
MFD09212.bin.1.3	N	Smollerupiana	terrestris	N.L.	fem.	Microbe found nearby Smollerup	A species found in soil	Formerly ''JACDDX01'' in GTDB R220	Formerly ''uncultured Gemmatimonadetes bacterium'' in Silva 138.2	GTDB marker genes and 16S rRNA	GCA_963730915.1	Oxford Nanopore PromethION	mmlong2	3627035	5	23.03238	63.12	93.65	0.65	1	23	d__Bacteria;p__Gemmatimonadota;c__Gemmatimonadetes;o__Gemmatimonadales;f__GWC2-71-9;g__JACDDX01;s__Unclassified	d__Bacteria;p__Gemmatimonadota;c__Gemmatimonadetes;o__Gemmatimonadales;f__Siemiabaceae;g__Smollerupiana;s__Smollerupiana terrestris	d__Bacteria;p__Gemmatimonadota;c__Gemmatimonadia;o__Gemmatimonadales;f__Gemmatimonadaceae;g__Incertae Sedis;s__uncultured Gemmatimonadetes bacterium	99.8	MFD09212	Denmark	10.25675	56.90241	Soil	Grassland formations	Xeric sand calcareous grasslands
MFD01916.bin.1.104	N	Albaekimicrobium	aridum	N.L.	neut.	Microbe found nearby Albaek	A species found in sand	Formerly ''JACMLC01'' in GTDB R220	sp. nov.	GTDB marker genes and 16S rRNA	GCA_963817025.1	Oxford Nanopore PromethION	mmlong2	5160088	5	44.16128	55.37	98.12	1	1	23	d__Bacteria;p__Acidobacteriota;c__Blastocatellia;o__Pyrinomonadales;f__Pyrinomonadaceae;g__JACMLC01;s__Unclassified	d__Bacteria;p__Acidobacteriota;c__Blastocatellia;o__Pyrinomonadales;f__Pyrinomonadaceae;g__Albaekimicrobium;s__Albaekimicrobium aridum	d__Bacteria;p__Acidobacteriota;c__Blastocatellia;o__Pyrinomonadales;f__Pyrinomonadaceae;g__Incertae Sedis;s__uncultured bacterium	98.5	MFD01916	Denmark	10.4385	57.5446	Soil	Dunes	Fixed dunes (grey dunes)
MFD04212.bin.c.1	N	Albaekimicrobium	terreus	N.L.	neut.	Microbe found nearby Albaek	A species found in soil	Formerly ''JACMLC01'' in GTDB R220	sp. nov.	GTDB marker genes and 16S rRNA	GCA_963702045.1	Oxford Nanopore PromethION	mmlong2	5711090	1	36.67786	54.93	96.77	1.71	1	23	d__Bacteria;p__Acidobacteriota;c__Blastocatellia;o__Pyrinomonadales;f__Pyrinomonadaceae;g__JACMLC01;s__Unclassified	d__Bacteria;p__Acidobacteriota;c__Blastocatellia;o__Pyrinomonadales;f__Pyrinomonadaceae;g__Albaekimicrobium;s__Albaekimicrobium terreus	d__Bacteria;p__Acidobacteriota;c__Blastocatellia;o__Pyrinomonadales;f__Pyrinomonadaceae;g__Incertae Sedis;s__uncultured bacterium	97.1	MFD04212	Denmark	12.2823	55.0396	Soil	Dunes	Fixed dunes (grey dunes)
MFD09206.bin.c.1	N	Albaekimicrobium	septentrionale	N.L.	neut.	Microbe found nearby Albaek	A species from the north	Formerly ''JACMLC01'' in GTDB R220	sp. nov.	GTDB marker genes and 16S rRNA	GCA_963720235.1	Oxford Nanopore PromethION	mmlong2	5542310	1	148.5721	53.81	100	1.52	1	22	d__Bacteria;p__Acidobacteriota;c__Blastocatellia;o__Pyrinomonadales;f__Pyrinomonadaceae;g__JACMLC01;s__Unclassified	d__Bacteria;p__Acidobacteriota;c__Blastocatellia;o__Pyrinomonadales;f__Pyrinomonadaceae;g__Albaekimicrobium;s__Albaekimicrobium septentrionale	d__Bacteria;p__Acidobacteriota;c__Blastocatellia;o__Pyrinomonadales;f__Pyrinomonadaceae;g__Incertae Sedis;s__uncultured bacterium	97.6	MFD09206	Denmark	10.25672	56.90236	Soil	Grassland formations	Xeric sand calcareous grasslands
MFD05942.bin.c.1	N	Periskagenicola	vicinus	N.L.	masch.	Microbe found nearby Skagen	A species related to but distinct from the existing species	Formerly ''JACRPT01'' in GTDB R220	Formerly ''uncultured soil bacterium PRR-10'' in Silva 138.2	GTDB marker genes and 16S rRNA	GCA_963707915.1	Oxford Nanopore PromethION	mmlong2	3623634	1	44.82789	72.17	95.04	0.25	1	23	d__Bacteria;p__Eisenbacteria;c__RBG-16-71-46;o__RBG-16-71-46;f__RBG-16-71-46;g__JACRPT01;s__Unclassified	d__Bacteria;p__Eisenbacteria;c__Ravnsnaesimenia;o__Periskagenicolales;f__Periskagenicolaceae;g__Periskagenicola;s__Periskagenicola vicinus	d__Bacteria;p__Latescibacterota;c__Incertae Sedis;o__Incertae Sedis;f__Incertae Sedis;g__Incertae Sedis;s__uncultured soil bacterium PRR-10	98.7	MFD05942	Denmark	9.6177	56.7771	Soil	Fields	"Poales, grass"
MFD02840.bin.1.13	N	Soenderhoella	ripica	N.L.	fem.	Microbe found nearby Soenderho	A species found in the coast	Formerly ''JACVRW01'' in GTDB R220	sp. nov.	GTDB marker genes and 16S rRNA	GCA_963751105.1	Oxford Nanopore PromethION	mmlong2	3742650	2	35.45664	70.77	94.1	0.24	1	22	d__Bacteria;p__Actinomycetota;c__Thermoleophilia;o__Solirubrobacterales;f__Thermoleophilaceae;g__JACVRW01;s__Unclassified	d__Bacteria;p__Actinomycetota;c__Thermoleophilia;o__Solirubrobacterales;f__Thermoleophilaceae;g__Soenderhoella;s__Soenderhoella ripica	d__Bacteria;p__Actinomycetota;c__Thermoleophilia;o__Solirubrobacterales;f__67-14;g__Incertae Sedis;s__uncultured bacterium	97.1	MFD02840	Denmark	14.7807	55.0595	Soil	Coastal	Sea cliffs and shingle or stony beaches
MFD02840.bin.1.279	N	Soenderhoella	terrestris	N.L.	fem.	Microbe found nearby Soenderho	A species found in soil	Formerly ''JACVRW01'' in GTDB R220	Formerly ''uncultured bacterium'' in Silva 138.2	GTDB marker genes and 16S rRNA	GCA_963787405.1	Oxford Nanopore PromethION	mmlong2	4498769	10	36.79023	70.02	94.52	1.38	1	22	d__Bacteria;p__Actinomycetota;c__Thermoleophilia;o__Solirubrobacterales;f__Thermoleophilaceae;g__JACVRW01;s__Unclassified	d__Bacteria;p__Actinomycetota;c__Thermoleophilia;o__Solirubrobacterales;f__Thermoleophilaceae;g__Soenderhoella;s__Soenderhoella terrestris	d__Bacteria;p__Actinomycetota;c__Thermoleophilia;o__Solirubrobacterales;f__67-14;g__Incertae Sedis;s__uncultured bacterium	98.8	MFD02840	Denmark	14.7807	55.0595	Soil	Coastal	Sea cliffs and shingle or stony beaches
MFD03726.bin.1.73	N	Rydeaba	danica	N.L.	fem.	Microbe found nearby Ryde	A species from Denmark	Formerly ''JADFXI01'' in GTDB R220	Formerly ''uncultured bacterium'' in Silva 138.2	GTDB marker genes and 16S rRNA	GCA_963710375.1	Oxford Nanopore PromethION	mmlong2	3192132	9	24.75871	47.43	98.76	0.73	2	23	d__Bacteria;p__Nitrospirota;c__Thermodesulfovibrionia;o__Thermodesulfovibrionales;f__Dissulfurispiraceae;g__JADFXI01;s__Unclassified	d__Bacteria;p__Nitrospirota;c__Thermodesulfovibrionia;o__Thermodesulfovibrionales;f__Dissulfurispiraceae;g__Rydeaba;s__Rydeaba danica	d__Bacteria;p__Nitrospirota;c__Thermodesulfovibrionia;o__Incertae Sedis;f__Incertae Sedis;g__Incertae Sedis;s__uncultured bacterium	98.8	MFD03726	Denmark	9.3209	55.2451	Sediment	Freshwater	Enclosed water
MFD02416.bin.1.259	N	Vilstrupivita	ripica	N.L.	fem.	Microbe found nearby Vilstrup	A species found in the coast	Formerly ''JADGNF01'' in GTDB R220	sp. nov.	GTDB marker genes and 16S rRNA	GCA_963760905.1	Oxford Nanopore PromethION	mmlong2	2676003	5	24.98955	44.32	97.03	2.61	1	23	d__Archaea;p__Thermoproteota;c__Bathyarchaeia;o__Bathyarchaeales;f__UBA233;g__JADGNF01;s__Unclassified	d__Archaea;p__Thermoproteota;c__Bathyarchaeia;o__Bathyarchaeales;f__UBA233;g__Vilstrupivita;s__Vilstrupivita ripica	d__Archaea;p__Thermoproteota;c__Bathyarchaeia;o__Incertae Sedis;f__Incertae Sedis;g__Incertae Sedis;s__uncultured archaeon	98	MFD02416	Denmark	9.5553	56.8577	Soil	Coastal	Inland salt meadows
MFD05513.bin.1.42	N	Oesbyana	adiacens	N.L.	fem.	Microbe found nearby Oesby	A species related to but distinct from the existing species	Formerly ''JADGNZ01'' in GTDB R220	Formerly ''uncultured candidate division OS-K bacterium'' in Silva 138.2	GTDB marker genes and 16S rRNA	GCA_963715895.1	Oxford Nanopore PromethION	mmlong2	6643497	1	28.68403	62.91	97.5	0.11	1	23	d__Bacteria;p__Acidobacteriota;c__Thermoanaerobaculia;o__Gp7-AA8;f__Gp7-AA8;g__JADGNZ01;s__Unclassified	d__Bacteria;p__Acidobacteriota;c__Thermoanaerobaculia;o__Oesbyanales;f__Oesbyanaceae;g__Oesbyana;s__Oesbyana adiacens	d__Bacteria;p__Acidobacteriota;c__Holophagae;o__Subgroup 7;f__Incertae Sedis;g__Incertae Sedis;s__uncultured candidate division OS-K bacterium	98.8	MFD05513	Denmark	10.1282	55.9873	Soil	Forests	Temperate forests
MFD05942.bin.1.314	N	Softeniella	terrea	N.L.	fem.	Microbe found nearby Soften	A species found in soil	Formerly ''JADJOM01'' in GTDB R220	Formerly ''uncultured bacterium'' in Silva 138.2	GTDB marker genes and 16S rRNA	GCA_963817435.1	Oxford Nanopore PromethION	mmlong2	4119340	4	23.98835	68.04	97.68	0.06	1	23	d__Bacteria;p__Gemmatimonadota;c__Gemmatimonadetes;o__Gemmatimonadales;f__GWC2-71-9;g__JADJOM01;s__Unclassified	d__Bacteria;p__Gemmatimonadota;c__Gemmatimonadetes;o__Gemmatimonadales;f__Siemiabaceae;g__Softeniella;s__Softeniella terrea	d__Bacteria;p__Gemmatimonadota;c__Gemmatimonadia;o__Gemmatimonadales;f__Gemmatimonadaceae;g__Incertae Sedis;s__uncultured bacterium	98.7	MFD05942	Denmark	9.6177	56.7771	Soil	Fields	"Poales, grass"
MFD09964.bin.1.312	N	Softeniella	danica	N.L.	fem.	Microbe found nearby Soften	A species from Denmark	Formerly ''JADJOM01'' in GTDB R220	Formerly ''uncultured actinobacterium'' in Silva 138.2	GTDB marker genes and 16S rRNA	GCA_963695185.1	Oxford Nanopore PromethION	mmlong2	4039774	9	24.27011	69.12	91.36	0.48	1	23	d__Bacteria;p__Gemmatimonadota;c__Gemmatimonadetes;o__Gemmatimonadales;f__GWC2-71-9;g__JADJOM01;s__Unclassified	d__Bacteria;p__Gemmatimonadota;c__Gemmatimonadetes;o__Gemmatimonadales;f__Siemiabaceae;g__Softeniella;s__Softeniella danica	d__Bacteria;p__Gemmatimonadota;c__Gemmatimonadia;o__Gemmatimonadales;f__Gemmatimonadaceae;g__Incertae Sedis;s__uncultured actinobacterium	99.1	MFD09964	Denmark	9.0763	56.5565	Sediment	Saltwater	Fjords
MFD05502.bin.1.2	N	Nebelibacter	glebicus	N.L.	masch.	Microbe found nearby Noerre Nebel	A species found in soil	Formerly ''JAFAHS01'' in GTDB R220	sp. nov.	GTDB marker genes and 16S rRNA	GCA_963835905.1	Oxford Nanopore PromethION	mmlong2	4290445	8	25.18734	64.38	95.34	1.12	1	22	d__Bacteria;p__Desulfobacterota_B;c__Binatia;o__Binatales;f__Binataceae;g__JAFAHS01;s__Unclassified	d__Bacteria;p__Desulfobacterota_B;c__Binatia;o__Binatales;f__Binataceae;g__Nebelibacter;s__Nebelibacter glebicus	d__Bacteria;p__RCP2-54;c__Incertae Sedis;o__Incertae Sedis;f__Incertae Sedis;g__Incertae Sedis;s__uncultured bacterium	95.7	MFD05502	Denmark	10.3164	55.77	Soil	Temperate heath and scrub	Wet heath
MFD06092.bin.1.174	N	Nebelibacter	nordicus	N.L.	masch.	Microbe found nearby Noerre Nebel	A species from the Nordic region	Formerly ''JAFAHS01'' in GTDB R220	sp. nov.	GTDB marker genes and 16S rRNA	GCA_963801665.1	Oxford Nanopore PromethION	mmlong2	4629737	4	16.42516	61.57	93.54	1.89	1	23	d__Bacteria;p__Desulfobacterota_B;c__Binatia;o__Binatales;f__Binataceae;g__JAFAHS01;s__Unclassified	d__Bacteria;p__Desulfobacterota_B;c__Binatia;o__Binatales;f__Binataceae;g__Nebelibacter;s__Nebelibacter nordicus	d__Bacteria;p__RCP2-54;c__Incertae Sedis;o__Incertae Sedis;f__Incertae Sedis;g__Incertae Sedis;s__uncultured bacterium	96.6	MFD06092	Denmark	8.49378111	56.2604146	Soil	Temperate heath and scrub	Wet heath
MFD09603.bin.1.33	N	Allingium	terreus	N.L.	neut.	Microbe found nearby Alling	A species found in soil	Formerly ''JAFAHZ01'' in GTDB R220	sp. nov.	GTDB marker genes and 16S rRNA	GCA_963715435.1	Oxford Nanopore PromethION	mmlong2	3594748	1	46.34705	62.66	94.99	1.73	1	23	d__Bacteria;p__Eremiobacterota;c__Eremiobacteria;o__Baltobacterales;f__Baltobacteraceae;g__JAFAHZ01;s__Unclassified	d__Bacteria;p__Eremiobacterota;c__Eremiobacteria;o__Baltobacterales;f__Baltobacteraceae;g__Allingium;s__Allingium terreus	d__Bacteria;p__Candidatus Eremiobacterota;c__Eremiobacteria;o__Incertae Sedis;f__Incertae Sedis;g__Incertae Sedis;s__uncultured bacterium	95.8	MFD09603	Denmark	14.9796	55.2067	Soil	Rocky habitats and caves	Siliceous rocky slopes
MFD04716.bin.1.84	N	Tranbjergivita	europaea	N.L.	fem.	Microbe found nearby Tranbjerg	A species from Europe	Formerly ''JAFGAS01'' in GTDB R220	sp. nov.	GTDB marker genes and 16S rRNA	GCA_963735595.1	Oxford Nanopore PromethION	mmlong2	3630125	5	17.09848	57.03	93.05	2.63	1	23	d__Bacteria;p__Desulfobacterota;c__Zymogenia;o__Zymogenales;f__JAFGAS01;g__JAFGAS01;s__Unclassified	d__Bacteria;p__Desulfobacterota;c__Zymogenia;o__Zymogenales;f__Tranbjergivitaceae;g__Tranbjergivita;s__Tranbjergivita europaea	d__Bacteria;p__Thermodesulfobacteriota;c__Incertae Sedis;o__Incertae Sedis;f__Incertae Sedis;g__Incertae Sedis;s__uncultured bacterium	97.5	MFD04716	Denmark	10.6081	57.7283	Sediment	Freshwater	"Rainwater basin, City"
MFD05512.bin.c.1	N	Naesbjergiella	borealis	N.L.	fem.	Microbe found nearby Naesbjerg	A species from the north	Formerly ''JAGVPT01'' in GTDB R220	sp. nov.	GTDB marker genes and 16S rRNA	GCA_963717445.1	Oxford Nanopore PromethION	mmlong2	4235171	1	79.81421	47.26	100	0.93	1	21	d__Bacteria;p__Bacteroidota;c__UBA10030;o__UBA10030;f__UBA8401;g__JAGVPT01;s__Unclassified	d__Bacteria;p__Bacteroidota;c__Skagenicolia;o__Skagenicolales;f__Naesbjergiellaceae;g__Naesbjergiella;s__Naesbjergiella borealis	d__Bacteria;p__Candidatus Kryptonia;c__Kryptonia;o__Kryptoniales;f__BSV26;g__Incertae Sedis;s__uncultured bacterium	98.6	MFD05512	Denmark	12.3921	55.7882	Soil	Forests	Bog woodland
MFD02979.bin.1.39	N	Daastrupimen	europaeum	N.L.	neut.	Microbe found nearby Daastrup	A species from Europe	Formerly ''JAHEKZ01'' in GTDB R220	Formerly ''uncultured bacterium'' in Silva 138.2	GTDB marker genes and 16S rRNA	GCA_963829525.1	Oxford Nanopore PromethION	mmlong2	2959090	3	25.26916	65.23	97.15	1.21	1	22	d__Bacteria;p__Actinomycetota;c__Actinomycetes;o__JAHEKZ01;f__JAHEKZ01;g__JAHEKZ01;s__Unclassified	d__Bacteria;p__Actinomycetota;c__Actinomycetes;o__Daastrupimenales;f__Daastrupimenaceae;g__Daastrupimen;s__Daastrupimen europaeum	d__Bacteria;p__Actinomycetota;c__Actinobacteria;o__Frankiales;f__Incertae Sedis;g__Incertae Sedis;s__uncultured bacterium	98.8	MFD02979	Denmark	10.0517	56.323	Sediment	Freshwater	"Rainwater basin, City"
MFD10007.bin.1.27	N	Skallerupius	borealis	N.L.	masch.	Microbe found nearby Skallerup	A species from the north	Formerly ''JAIBJN01'' in GTDB R220	Formerly ''uncultured bacterium'' in Silva 138.2	GTDB marker genes and 16S rRNA	GCA_963699495.1	Oxford Nanopore PromethION	mmlong2	3061947	9	50.66807	70.48	92.17	0.37	1	23	d__Bacteria;p__Actinomycetota;c__Thermoleophilia;o__Gaiellales;f__Gaiellaceae;g__JAIBJN01;s__Unclassified	d__Bacteria;p__Actinomycetota;c__Thermoleophilia;o__Gaiellales;f__Gaiellaceae;g__Skallerupius;s__Skallerupius borealis	d__Bacteria;p__Actinomycetota;c__Thermoleophilia;o__Gaiellales;f__Incertae Sedis;g__Incertae Sedis;s__uncultured bacterium	99.5	MFD10007	Denmark	12.4931	55.8579	Sediment	Freshwater	Enclosed water
MFD00392.bin.1.415	N	Husbymorpha	humica	N.L.	fem.	Microbe found nearby Husby	A species found in soil	Formerly ''JAICJC01'' in GTDB R220	Formerly ''uncultured bacterium'' in Silva 138.2	GTDB marker genes and 16S rRNA	GCA_963706075.1	Oxford Nanopore PromethION	mmlong2	3743503	10	32.52317	71.19	91.31	1.86	1	23	d__Bacteria;p__Actinomycetota;c__Thermoleophilia;o__Gaiellales;f__JAICJC01;g__JAICJC01;s__Unclassified	d__Bacteria;p__Actinomycetota;c__Thermoleophilia;o__Gaiellales;f__Husbymorphaceae;g__Husbymorpha;s__Husbymorpha humica	d__Bacteria;p__Actinomycetota;c__Thermoleophilia;o__Gaiellales;f__Incertae Sedis;g__Incertae Sedis;s__uncultured bacterium	99.6	MFD00392	Denmark	11.6269	55.4231	Soil	Fields	"Fabales, Faba bean"
MFD00392.bin.1.69	N	Husbymorpha	glebica	N.L.	fem.	Microbe found nearby Husby	A species found in soil	Formerly ''JAICJC01'' in GTDB R220	Formerly ''uncultured bacterium'' in Silva 138.2	GTDB marker genes and 16S rRNA	GCA_963709425.1	Oxford Nanopore PromethION	mmlong2	3613753	8	31.037548	70.87	100	1.5	1	23	d__Bacteria;p__Actinomycetota;c__Thermoleophilia;o__Gaiellales;f__JAICJC01;g__JAICJC01;s__Unclassified	d__Bacteria;p__Actinomycetota;c__Thermoleophilia;o__Gaiellales;f__Husbymorphaceae;g__Husbymorpha;s__Husbymorpha glebica	d__Bacteria;p__Actinomycetota;c__Thermoleophilia;o__Gaiellales;f__Incertae Sedis;g__Incertae Sedis;s__uncultured bacterium	99.6	MFD00392	Denmark	11.6269	55.4231	Soil	Fields	"Fabales, Faba bean"
MFD00731.bin.c.4	N	Husbymorpha	arida	N.L.	fem.	Microbe found nearby Husby	A species found in sand	Formerly ''JAICJC01'' in GTDB R220	sp. nov.	GTDB marker genes and 16S rRNA	GCA_963703275.1	Oxford Nanopore PromethION	mmlong2	3791386	1	32.658195	70.66	95.27	3.65	1	23	d__Bacteria;p__Actinomycetota;c__Thermoleophilia;o__Gaiellales;f__JAICJC01;g__JAICJC01;s__Unclassified	d__Bacteria;p__Actinomycetota;c__Thermoleophilia;o__Gaiellales;f__Husbymorphaceae;g__Husbymorpha;s__Husbymorpha arida	d__Bacteria;p__Bacillota;c__Bacilli;o__Paenibacillales;f__Paenibacillaceae;g__Paenibacillus;s__Paenibacillus popilliae ATCC 14706	95	MFD00731	Denmark	10.2307	56.2289	Soil	Dunes	Inland dunes Empetrum nigrum
MFD04944.bin.1.18	N	Husbymorpha	terrea	N.L.	fem.	Microbe found nearby Husby	A species found in soil	Formerly ''JAICJC01'' in GTDB R220	Formerly ''uncultured bacterium'' in Silva 138.2	GTDB marker genes and 16S rRNA	GCA_963757605.1	Oxford Nanopore PromethION	mmlong2	4049908	5	15.14215	71.71	94.98	1.17	2	23	d__Bacteria;p__Actinomycetota;c__Thermoleophilia;o__Gaiellales;f__JAICJC01;g__JAICJC01;s__Unclassified	d__Bacteria;p__Actinomycetota;c__Thermoleophilia;o__Gaiellales;f__Husbymorphaceae;g__Husbymorpha;s__Husbymorpha terrea	d__Bacteria;p__Actinomycetota;c__Thermoleophilia;o__Gaiellales;f__Incertae Sedis;g__Incertae Sedis;s__uncultured bacterium	99	MFD04944	Denmark	10.5752	54.9596	Soil	Grassland formations	Species-rich Nardus upland grassland
MFD05521.bin.1.59	N	Husbymorpha	nordica	N.L.	fem.	Microbe found nearby Husby	A species from the Nordic region	Formerly ''JAICJC01'' in GTDB R220	Formerly ''uncultured bacterium'' in Silva 138.2	GTDB marker genes and 16S rRNA	GCA_963825325.1	Oxford Nanopore PromethION	mmlong2	4157741	6	39.00192	71.9	96.86	0.36	1	23	d__Bacteria;p__Actinomycetota;c__Thermoleophilia;o__Gaiellales;f__JAICJC01;g__JAICJC01;s__Unclassified	d__Bacteria;p__Actinomycetota;c__Thermoleophilia;o__Gaiellales;f__Husbymorphaceae;g__Husbymorpha;s__Husbymorpha nordica	d__Bacteria;p__Actinomycetota;c__Thermoleophilia;o__Gaiellales;f__Incertae Sedis;g__Incertae Sedis;s__uncultured bacterium	99.2	MFD05521	Denmark	9.6658	57.3069	Soil	Dunes	Dunes creeping willow
MFD01721.bin.1.375	N	Vrouevita	europaea	N.L.	fem.	Microbe found nearby Vroue	A species from Europe	Formerly ''JAICUY01'' in GTDB R220	sp. nov.	GTDB marker genes and 16S rRNA	GCA_963783725.1	Oxford Nanopore PromethION	mmlong2	2242569	2	43.313347	70.66	95.58	0.06	1	22	d__Bacteria;p__Chloroflexota;c__Limnocylindria;o__QHBO01;f__QHBO01;g__JAICUY01;s__Unclassified	d__Bacteria;p__Chloroflexota;c__Limnocylindria;o__Vrouevitales;f__Vrouevitaceae;g__Vrouevita;s__Vrouevita europaea	d__Bacteria;p__Chloroflexota;c__Gitt-GS-136;o__Incertae Sedis;f__Incertae Sedis;g__Incertae Sedis;s__uncultured bacterium	96.9	MFD01721	Denmark	10.5019	55.4485	Soil	Coastal	Salicornia mud
MFD09603.bin.1.123	N	Oesterlarskerium	humicum	N.L.	neut.	Microbe found nearby Oesterlarsker	A species found in soil	Formerly ''JAICWY01'' in GTDB R220	sp. nov.	GTDB marker genes and 16S rRNA	GCA_963795465.1	Oxford Nanopore PromethION	mmlong2	2901049	3	20.37414	61.02	93.3	0.04	1	22	d__Bacteria;p__Eremiobacterota;c__Eremiobacteria;o__Baltobacterales;f__Baltobacteraceae;g__JAICWY01;s__Unclassified	d__Bacteria;p__Eremiobacterota;c__Eremiobacteria;o__Baltobacterales;f__Baltobacteraceae;g__Oesterlarskerium;s__Oesterlarskerium humicum	d__Bacteria;p__Candidatus Eremiobacterota;c__Eremiobacteria;o__Incertae Sedis;f__Incertae Sedis;g__Incertae Sedis;s__uncultured bacterium	96.2	MFD09603	Denmark	14.9796	55.2067	Soil	Rocky habitats and caves	Siliceous rocky slopes
MFD09603.bin.2.169	N	Oesterlarskerium	scandium	N.L.	neut.	Microbe found nearby Oesterlarsker	A species from Scandinavia	Formerly ''JAICWY01'' in GTDB R220	sp. nov.	GTDB marker genes and 16S rRNA	GCA_963767635.1	Oxford Nanopore PromethION	mmlong2	2995694	3	21.03937	61.74	93.19	0.65	1	23	d__Bacteria;p__Eremiobacterota;c__Eremiobacteria;o__Baltobacterales;f__Baltobacteraceae;g__JAICWY01;s__Unclassified	d__Bacteria;p__Eremiobacterota;c__Eremiobacteria;o__Baltobacterales;f__Baltobacteraceae;g__Oesterlarskerium;s__Oesterlarskerium scandium	d__Bacteria;p__Candidatus Eremiobacterota;c__Eremiobacteria;o__Incertae Sedis;f__Incertae Sedis;g__Incertae Sedis;s__uncultured bacterium	97.2	MFD09603	Denmark	14.9796	55.2067	Soil	Rocky habitats and caves	Siliceous rocky slopes
MFD05521.bin.1.213	N	Vivildimonas	arida	N.L.	fem.	Microbe found nearby Vivild	A species found in sand	Formerly ''JAIQFF01'' in GTDB R220	Formerly ''uncultured Acidobacteria bacterium'' in Silva 138.2	GTDB marker genes and 16S rRNA	GCA_963814725.1	Oxford Nanopore PromethION	mmlong2	4866161	10	34.54858	58.03	100	0.32	1	23	d__Bacteria;p__Acidobacteriota;c__Terriglobia;o__Terriglobales;f__SbA1;g__JAIQFF01;s__Unclassified	d__Bacteria;p__Acidobacteriota;c__Terriglobia;o__Terriglobales;f__SbA1;g__Vivildimonas;s__Vivildimonas arida	d__Bacteria;p__Acidobacteriota;c__Acidobacteriae;o__Terriglobales;f__Incertae Sedis;g__Incertae Sedis;s__uncultured Acidobacteria bacterium	99.5	MFD05521	Denmark	9.6658	57.3069	Soil	Dunes	Dunes creeping willow
MFD09368.bin.1.186	N	Vivildimonas	nordica	N.L.	fem.	Microbe found nearby Vivild	A species from the Nordic region	Formerly ''JAIQFF01'' in GTDB R220	Formerly ''uncultured Acidobacteria bacterium'' in Silva 138.2	GTDB marker genes and 16S rRNA	GCA_963795245.1	Oxford Nanopore PromethION	mmlong2	5303896	6	26.48743	57.28	100	3.98	1	23	d__Bacteria;p__Acidobacteriota;c__Terriglobia;o__Terriglobales;f__SbA1;g__JAIQFF01;s__Unclassified	d__Bacteria;p__Acidobacteriota;c__Terriglobia;o__Terriglobales;f__SbA1;g__Vivildimonas;s__Vivildimonas nordica	d__Bacteria;p__Acidobacteriota;c__Acidobacteriae;o__Terriglobales;f__Incertae Sedis;g__Incertae Sedis;s__uncultured Acidobacteria bacterium	99.4	MFD09368	Denmark	9.3861	54.8519	Soil	Grassland formations	Semi-natural dry grasslands
MFD09671.bin.1.22	N	Vivildimonas	terrea	N.L.	fem.	Microbe found nearby Vivild	A species found in soil	Formerly ''JAIQFF01'' in GTDB R220	Formerly ''uncultured Acidobacteria bacterium'' in Silva 138.2	GTDB marker genes and 16S rRNA	GCA_963822555.1	Oxford Nanopore PromethION	mmlong2	5211905	3	43.76677	57.94	100	1.95	1	23	d__Bacteria;p__Acidobacteriota;c__Terriglobia;o__Terriglobales;f__SbA1;g__JAIQFF01;s__Unclassified	d__Bacteria;p__Acidobacteriota;c__Terriglobia;o__Terriglobales;f__SbA1;g__Vivildimonas;s__Vivildimonas terrea	d__Bacteria;p__Acidobacteriota;c__Acidobacteriae;o__Terriglobales;f__Incertae Sedis;g__Incertae Sedis;s__uncultured Acidobacteria bacterium	99.2	MFD09671	Denmark	15.0788	54.9903	Soil	Dunes	Humid dune slacks
MFD02416.bin.1.76	N	Propeborkiana	ripica	N.L.	fem.	Microbe found nearby Noerre Bork	A species found in the coast	Formerly ''JAJACO01'' in GTDB R220	sp. nov.	GTDB marker genes and 16S rRNA	GCA_963832835.1	Oxford Nanopore PromethION	mmlong2	2610102	4	47.504364	44.78	97.9	0.97	1	22	d__Bacteria;p__Chlamydiota;c__Chlamydiia;o__Chlamydiales;f__JAAKFR01;g__JAJACO01;s__Unclassified	d__Bacteria;p__Chlamydiota;c__Chlamydiia;o__Chlamydiales;f__Propeborkianaceae;g__Propeborkiana;s__Propeborkiana ripica	d__Bacteria;p__Chlamydiota;c__Chlamydiia;o__Chlamydiales;f__Parachlamydiaceae;g__Neochlamydia;s__metagenome	93.7	MFD02416	Denmark	9.5553	56.8577	Soil	Coastal	Inland salt meadows
MFD00082.bin.1.23	N	Ardeniplasma	terrestre	N.L.	neut.	Microbe found nearby Store Arden	A species found in soil	Formerly ''JAJFMB01'' in GTDB R220	sp. nov.	GTDB marker genes and 16S rRNA	GCA_963696295.1	Oxford Nanopore PromethION	mmlong2	3433500	2	20.79582	46.92	97.42	1.45	2	22	d__Bacteria;p__Chlamydiota;c__Chlamydiia;o__Chlamydiales;f__JAJFMB01;g__JAJFMB01;s__Unclassified	d__Bacteria;p__Chlamydiota;c__Chlamydiia;o__Chlamydiales;f__Ardeniplasmataceae;g__Ardeniplasma;s__Ardeniplasma terrestre	d__Bacteria;p__Chlamydiota;c__Chlamydiia;o__Chlamydiales;f__Parachlamydiaceae;g__Candidatus Protochlamydia;s__Candidatus Protochlamydia naegleriophila	93.3	MFD00082	Denmark	9.974	56.7952	Soil	"Bogs, mires and fens"	Degraded raised bog
MFD09212.bin.1.18	N	Moubacter	europaeus	N.L.	masch.	Microbe found nearby Mou	A species from Europe	Formerly ''JAJNBA01'' in GTDB R220	Formerly ''uncultured bacterium'' in Silva 138.2	GTDB marker genes and 16S rRNA	GCA_963788925.1	Oxford Nanopore PromethION	mmlong2	2779303	4	30.71855	68.18	92.64	1.1	1	23	d__Bacteria;p__Actinomycetota;c__UBA4738;o__UBA4738;f__HRBIN12;g__JAJNBA01;s__Unclassified	d__Bacteria;p__Actinomycetota;c__Bonnerupiia;o__Granslevivitales;f__Granslevivitaceae;g__Moubacter;s__Moubacter europaeus	d__Bacteria;p__Actinomycetota;c__MB-A2-108;o__Incertae Sedis;f__Incertae Sedis;g__Incertae Sedis;s__uncultured bacterium	99.3	MFD09212	Denmark	10.25675	56.90241	Soil	Grassland formations	Xeric sand calcareous grasslands
MFD00008.bin.1.63	N	Vardecola	similis	N.L.	masch.	Microbe found nearby Varde	A species related to but distinct from the existing species	Formerly ''JAJPHW01'' in GTDB R220	Formerly ''uncultured Acidobacteria bacterium'' in Silva 138.2	GTDB marker genes and 16S rRNA	GCA_963702965.1	Oxford Nanopore PromethION	mmlong2	3878339	1	23.608507	55.52	98.99	1.27	1	23	d__Bacteria;p__Acidobacteriota;c__Terriglobia;o__Terriglobales;f__SbA1;g__JAJPHW01;s__Unclassified	d__Bacteria;p__Acidobacteriota;c__Terriglobia;o__Terriglobales;f__SbA1;g__Vardecola;s__Vardecola similis	d__Bacteria;p__Acidobacteriota;c__Acidobacteriae;o__Terriglobales;f__Incertae Sedis;g__Incertae Sedis;s__uncultured Acidobacteria bacterium	99	MFD00008	Denmark	9.3609	55.6058	Soil	Forests	Alluvial woodland
MFD05513.bin.c.1	N	Vardecola	terrestris	N.L.	masch.	Microbe found nearby Varde	A species found in soil	Formerly ''JAJPHW01'' in GTDB R220	sp. nov.	GTDB marker genes and 16S rRNA	GCA_963716165.1	Oxford Nanopore PromethION	mmlong2	3798486	1	40.61573	52.79	99.52	0.11	1	23	d__Bacteria;p__Acidobacteriota;c__Terriglobia;o__Terriglobales;f__SbA1;g__JAJPHW01;s__Unclassified	d__Bacteria;p__Acidobacteriota;c__Terriglobia;o__Terriglobales;f__SbA1;g__Vardecola;s__Vardecola terrestris	d__Bacteria;p__Acidobacteriota;c__Acidobacteriae;o__Terriglobales;f__Incertae Sedis;g__Incertae Sedis;s__uncultured Acidobacteria bacterium	98.2	MFD05513	Denmark	10.1282	55.9873	Soil	Forests	Temperate forests
MFD09567.bin.2.17	N	Brobyhabitans	terrestris	N.L.	masch.	Microbe found nearby Noerre Broby	A species found in soil	Formerly ''JAJZKE01'' in GTDB R220	sp. nov.	GTDB marker genes and 16S rRNA	GCA_963762395.1	Oxford Nanopore PromethION	mmlong2	912429	4	17.01702	42.98	97.9	0.21	2	21	d__Bacteria;p__Patescibacteria;c__Saccharimonadia;o__Saccharimonadales;f__UBA4665;g__JAJZKE01;s__Unclassified	d__Bacteria;p__Patescibacteria;c__Saccharimonadia;o__Saccharimonadales;f__Sonderborgisomataceae;g__Brobyhabitans;s__Brobyhabitans terrestris	d__Bacteria;p__Patescibacteria;c__Saccharimonadia;o__Saccharimonadales;f__LWQ8;g__Incertae Sedis;s__uncultured bacterium	96.4	MFD09567	Denmark	10.2565	55.2555	Soil	"Bogs, mires and fens"	Degraded raised bog
MFD09495.bin.1.139	N	Volstedibacter	aridus	N.L.	masch.	Microbe found nearby Volsted	A species found in sand	Formerly ''JAKAAZ01'' in GTDB R220	Formerly ''uncultured Acidobacteria bacterium'' in Silva 138.2	GTDB marker genes and 16S rRNA	GCA_963756315.1	Oxford Nanopore PromethION	mmlong2	4381563	9	43.99894	57.7	97.26	0.15	1	22	d__Bacteria;p__Acidobacteriota;c__Terriglobia;o__Terriglobales;f__Acidobacteriaceae;g__JAKAAZ01;s__Unclassified	d__Bacteria;p__Acidobacteriota;c__Terriglobia;o__Terriglobales;f__Acidobacteriaceae;g__Volstedibacter;s__Volstedibacter aridus	d__Bacteria;p__Acidobacteriota;c__Acidobacteriae;o__Terriglobales;f__Acidobacteriaceae (Subgroup 1);g__Incertae Sedis;s__uncultured Acidobacteria bacterium	99.2	MFD09495	Denmark	15.0805	54.9907	Soil	Dunes	Dunes creeping willow
MFD09603.bin.1.103	N	Volstedibacter	terreum	N.L.	masch.	Microbe found nearby Volsted	A species found in soil	Formerly ''JAKAAZ01'' in GTDB R220	Formerly ''uncultured bacterium'' in Silva 138.2	GTDB marker genes and 16S rRNA	GCA_963744615.1	Oxford Nanopore PromethION	mmlong2	3722937	3	29.81059	58.12	94.04	1.94	1	22	d__Bacteria;p__Acidobacteriota;c__Terriglobia;o__Terriglobales;f__Acidobacteriaceae;g__JAKAAZ01;s__Unclassified	d__Bacteria;p__Acidobacteriota;c__Terriglobia;o__Terriglobales;f__Acidobacteriaceae;g__Volstedibacter;s__Volstedibacter terreum	d__Bacteria;p__Acidobacteriota;c__Acidobacteriae;o__Terriglobales;f__Acidobacteriaceae (Subgroup 1);g__Incertae Sedis;s__uncultured bacterium	99.3	MFD09603	Denmark	14.9796	55.2067	Soil	Rocky habitats and caves	Siliceous rocky slopes
MFD01476.bin.1.4	N	Aabybacter	lacustris	N.L.	masch.	Microbe found nearby Aaby	A species found in a lake	Formerly ''JAKASV01'' in GTDB R220	sp. nov.	GTDB marker genes and 16S rRNA	GCA_963754845.1	Oxford Nanopore PromethION	mmlong2	1129768	6	15.157944	51.45	93.51	0.55	1	22	d__Bacteria;p__Dependentiae;c__Babeliae;o__Babeliales;f__Vermiphilaceae;g__JAKASV01;s__Unclassified	d__Bacteria;p__Dependentiae;c__Babeliae;o__Babeliales;f__Vermiphilaceae;g__Aabybacter;s__Aabybacter lacustris	d__Bacteria;p__Dependentiae;c__Babeliae;o__Babeliales;f__Vermiphilaceae;g__Incertae Sedis;s__uncultured bacterium	98.2	MFD01476	Denmark	8.826613964	56.50596583	Sediment	Freshwater	"Lake, Dystrophic"
MFD01188.bin.1.46	N	Skorpingiana	europaea	N.L.	fem.	Microbe found nearby Skorping	A species from Europe	Formerly ''JAKASW01'' in GTDB R220	sp. nov.	GTDB marker genes and 16S rRNA	GCA_963808245.1	Oxford Nanopore PromethION	mmlong2	4050392	2	41.843037	45.83	97.68	0.5	1	22	d__Bacteria;p__Bacteroidota;c__Kryptoniia;o__Kryptoniales;f__JAKASW01;g__JAKASW01;s__Unclassified	d__Bacteria;p__Bacteroidota;c__Kryptoniia;o__Kryptoniales;f__Skorpingianaceae;g__Skorpingiana;s__Skorpingiana europaea	d__Bacteria;p__Candidatus Kryptonia;c__Kryptonia;o__Kryptoniales;f__Kryptoniaceae;g__Incertae Sedis;s__uncultured bacterium	96.3	MFD01188	Denmark	10.271228	55.123677	Soil	"Bogs, mires and fens"	Quaking bogs
MFD01188.bin.c.1	N	Skorpingiana	terrea	N.L.	fem.	Microbe found nearby Skorping	A species found in soil	Formerly ''JAKASW01'' in GTDB R220	sp. nov.	GTDB marker genes and 16S rRNA	GCA_963703365.1	Oxford Nanopore PromethION	mmlong2	3151091	1	91.83795	44.98	97.4	0.37	1	22	d__Bacteria;p__Bacteroidota;c__Kryptoniia;o__Kryptoniales;f__JAKASW01;g__JAKASW01;s__Unclassified	d__Bacteria;p__Bacteroidota;c__Kryptoniia;o__Kryptoniales;f__Skorpingianaceae;g__Skorpingiana;s__Skorpingiana terrea	d__Bacteria;p__Candidatus Kryptonia;c__Kryptonia;o__Kryptoniales;f__Kryptoniaceae;g__Incertae Sedis;s__uncultured bacterium	97.1	MFD01188	Denmark	10.271228	55.123677	Soil	"Bogs, mires and fens"	Quaking bogs
MFD01476.bin.1.32	N	Skorpingiana	lacustris	N.L.	fem.	Microbe found nearby Skorping	A species found in a lake	Formerly ''JAKASW01'' in GTDB R220	sp. nov.	GTDB marker genes and 16S rRNA	GCA_963703215.1	Oxford Nanopore PromethION	mmlong2	3603319	1	30.316881	46.4	99.04	1.56	1	22	d__Bacteria;p__Bacteroidota;c__Kryptoniia;o__Kryptoniales;f__JAKASW01;g__JAKASW01;s__Unclassified	d__Bacteria;p__Bacteroidota;c__Kryptoniia;o__Kryptoniales;f__Skorpingianaceae;g__Skorpingiana;s__Skorpingiana lacustris	d__Bacteria;p__Candidatus Kryptonia;c__Kryptonia;o__Kryptoniales;f__Kryptoniaceae;g__Incertae Sedis;s__uncultured bacterium	97.2	MFD01476	Denmark	8.826613964	56.50596583	Sediment	Freshwater	"Lake, Dystrophic"
MFD03726.bin.1.13	N	Skorpingiana	vicina	N.L.	fem.	Microbe found nearby Skorping	A species related to but distinct from the existing species	Formerly ''JAKASW01'' in GTDB R220	sp. nov.	GTDB marker genes and 16S rRNA	GCA_963768395.1	Oxford Nanopore PromethION	mmlong2	4787351	2	63.59285	49.74	100	1.02	1	22	d__Bacteria;p__Bacteroidota;c__Kryptoniia;o__Kryptoniales;f__JAKASW01;g__JAKASW01;s__Unclassified	d__Bacteria;p__Bacteroidota;c__Kryptoniia;o__Kryptoniales;f__Skorpingianaceae;g__Skorpingiana;s__Skorpingiana vicina	d__Bacteria;p__Candidatus Kryptonia;c__Kryptonia;o__Kryptoniales;f__Kryptoniaceae;g__Incertae Sedis;s__uncultured bacterium	96.7	MFD03726	Denmark	9.3209	55.2451	Sediment	Freshwater	Enclosed water
MFD03726.bin.c.9	N	Skorpingiana	scandia	N.L.	fem.	Microbe found nearby Skorping	A species from Scandinavia	Formerly ''JAKASW01'' in GTDB R220	sp. nov.	GTDB marker genes and 16S rRNA	GCA_963704305.1	Oxford Nanopore PromethION	mmlong2	4529109	1	86.09962	48.79	100	3.8	1	22	d__Bacteria;p__Bacteroidota;c__Kryptoniia;o__Kryptoniales;f__JAKASW01;g__JAKASW01;s__Unclassified	d__Bacteria;p__Bacteroidota;c__Kryptoniia;o__Kryptoniales;f__Skorpingianaceae;g__Skorpingiana;s__Skorpingiana scandia	d__Bacteria;p__Candidatus Kryptonia;c__Kryptonia;o__Kryptoniales;f__Kryptoniaceae;g__Incertae Sedis;s__uncultured bacterium	96.7	MFD03726	Denmark	9.3209	55.2451	Sediment	Freshwater	Enclosed water
MFD02242.bin.1.209	N	Soeftenivita	terrestris	N.L.	fem.	Microbe found nearby Soeften	A species found in soil	Formerly ''JAKEHA01'' in GTDB R220	Formerly ''uncultured bacterium'' in Silva 138.2	GTDB marker genes and 16S rRNA	GCA_963736125.1	Oxford Nanopore PromethION	mmlong2	3508328	5	26.298283	64.03	92.31	1.96	1	23	d__Bacteria;p__Krumholzibacteriota;c__Krumholzibacteria;o__WVZY01;f__JAKEHA01;g__JAKEHA01;s__Unclassified	d__Bacteria;p__Krumholzibacteriota;c__Krumholzibacteria;o__Soeftenivitales;f__Soeftenivitaceae;g__Soeftenivita;s__Soeftenivita terrestris	d__Bacteria;p__Latescibacterota;c__Latescibacteria;o__Latescibacterales;f__Latescibacteraceae;g__Incertae Sedis;s__uncultured bacterium	99.3	MFD02242	Denmark	10.105	56.2065	Soil	Grassland formations	Hydrophilous tall-herb swamp
MFD01689.bin.1.29	N	Alslevihabitans	glebicus	N.L.	masch.	Microbe found nearby Alslev	A species found in soil	Formerly ''JAKLIN01'' in GTDB R220	sp. nov.	GTDB marker genes and 16S rRNA	GCA_963743615.1	Oxford Nanopore PromethION	mmlong2	591289	4	85.11024	34.89	96.13	3.22	1	20	d__Archaea;p__Nanoarchaeota;c__Nanoarchaeia;o__Pacearchaeales;f__GW2011-AR1;g__JAKLIN01;s__Unclassified	d__Archaea;p__Nanoarchaeota;c__Nanoarchaeia;o__Pacearchaeales;f__Alslevihabitantaceae;g__Alslevihabitans;s__Alslevihabitans glebicus	d__Archaea;p__Nanoarchaeota;c__Nanoarchaeia;o__Woesearchaeales;f__Incertae Sedis;g__Incertae Sedis;s__uncultured euryarchaeote	88.7	MFD01689	Denmark	8.4696	55.595	Soil	"Bogs, mires and fens"	Rhynchosporion depressions
MFD03726.bin.1.243	N	Olgodiaba	europaea	N.L.	fem.	Microbe found nearby Olgod	A species from Europe	Formerly ''JALHUB01'' in GTDB R220	sp. nov.	GTDB marker genes and 16S rRNA	GCA_963835655.1	Oxford Nanopore PromethION	mmlong2	2485095	5	14.73048	61.68	93.69	1.37	1	23	d__Bacteria;p__Chloroflexota;c__Dehalococcoidia;o__DSTF01;f__JALHUB01;g__JALHUB01;s__Unclassified	d__Bacteria;p__Chloroflexota;c__Dehalococcoidia;o__Olgodiabales;f__Olgodiabaceae;g__Olgodiaba;s__Olgodiaba europaea	d__Bacteria;p__Chloroflexota;c__JG30-KF-CM66;o__Incertae Sedis;f__Incertae Sedis;g__Incertae Sedis;s__uncultured bacterium	92	MFD03726	Denmark	9.3209	55.2451	Sediment	Freshwater	Enclosed water
MFD03726.bin.c.14	N	Olgodiaba	similis	N.L.	fem.	Microbe found nearby Olgod	A species related to but distinct from the existing species	Formerly ''JALHUB01'' in GTDB R220	sp. nov.	GTDB marker genes and 16S rRNA	GCA_963719465.1	Oxford Nanopore PromethION	mmlong2	2314715	1	19.30859	64.45	92.67	0.91	1	23	d__Bacteria;p__Chloroflexota;c__Dehalococcoidia;o__DSTF01;f__JALHUB01;g__JALHUB01;s__Unclassified	d__Bacteria;p__Chloroflexota;c__Dehalococcoidia;o__Olgodiabales;f__Olgodiabaceae;g__Olgodiaba;s__Olgodiaba similis	d__Bacteria;p__Chloroflexota;c__JG30-KF-CM66;o__Incertae Sedis;f__Incertae Sedis;g__Incertae Sedis;s__uncultured bacterium	92.2	MFD03726	Denmark	9.3209	55.2451	Sediment	Freshwater	Enclosed water
MFD02840.bin.1.311	N	Rinkenaesisoma	oricum	N.L.	neut.	Microbe found nearby Rinkenaes	A species found in the coast	Formerly ''JALYMR01'' in GTDB R220	Formerly ''uncultured bacterium'' in Silva 138.2	GTDB marker genes and 16S rRNA	GCA_963750895.1	Oxford Nanopore PromethION	mmlong2	5713971	10	25.53974	72.87	91.71	1.76	1	22	d__Bacteria;p__Actinomycetota;c__Thermoleophilia;o__Solirubrobacterales;f__Solirubrobacteraceae;g__JALYMR01;s__Unclassified	d__Bacteria;p__Actinomycetota;c__Thermoleophilia;o__Solirubrobacterales;f__Solirubrobacteraceae;g__Rinkenaesisoma;s__Rinkenaesisoma oricum	d__Bacteria;p__Actinomycetota;c__Thermoleophilia;o__Solirubrobacterales;f__Solirubrobacteraceae;g__Baekduia;s__uncultured bacterium	99.1	MFD02840	Denmark	14.7807	55.0595	Soil	Coastal	Sea cliffs and shingle or stony beaches
MFD01275.bin.1.283	N	Maglebybacterium	aridum	N.L.	neut.	Microbe found nearby Magleby	A species found in sand	Formerly ''JALZKA01'' in GTDB R220	Formerly ''uncultured actinobacterium'' in Silva 138.2	GTDB marker genes and 16S rRNA	GCA_963721645.1	Oxford Nanopore PromethION	mmlong2	2740962	3	48.725132	66.34	94.24	0.05	1	21	d__Bacteria;p__Actinomycetota;c__Thermoleophilia;o__Solirubrobacterales;f__70-9;g__JALZKA01;s__Unclassified	d__Bacteria;p__Actinomycetota;c__Thermoleophilia;o__Solirubrobacterales;f__Maglebybacteriaceae;g__Maglebybacterium;s__Maglebybacterium aridum	d__Bacteria;p__Actinomycetota;c__Thermoleophilia;o__Solirubrobacterales;f__67-14;g__Incertae Sedis;s__uncultured actinobacterium	98.8	MFD01275	Denmark	10.8089	56.5332	Soil	Dunes	Marram dunes (white dunes)
MFD01275.bin.c.6	N	Maglebybacterium	terreus	N.L.	neut.	Microbe found nearby Magleby	A species found in soil	Formerly ''JALZKA01'' in GTDB R220	sp. nov.	GTDB marker genes and 16S rRNA	GCA_963701205.1	Oxford Nanopore PromethION	mmlong2	2185534	1	19.234585	65.94	93.39	0.02	1	22	d__Bacteria;p__Actinomycetota;c__Thermoleophilia;o__Solirubrobacterales;f__70-9;g__JALZKA01;s__Unclassified	d__Bacteria;p__Actinomycetota;c__Thermoleophilia;o__Solirubrobacterales;f__Maglebybacteriaceae;g__Maglebybacterium;s__Maglebybacterium terreus	d__Bacteria;p__Actinomycetota;c__Thermoleophilia;o__Solirubrobacterales;f__67-14;g__Incertae Sedis;s__uncultured bacterium	97.5	MFD01275	Denmark	10.8089	56.5332	Soil	Dunes	Marram dunes (white dunes)
MFD04212.bin.c.12	N	Maglebybacterium	terrestre	N.L.	neut.	Microbe found nearby Magleby	A species found in soil	Formerly ''JALZKA01'' in GTDB R220	Formerly ''uncultured bacterium'' in Silva 138.2	GTDB marker genes and 16S rRNA	GCA_963717635.1	Oxford Nanopore PromethION	mmlong2	2531847	1	37.91816	69.65	95.09	0.03	1	22	d__Bacteria;p__Actinomycetota;c__Thermoleophilia;o__Solirubrobacterales;f__70-9;g__JALZKA01;s__Unclassified	d__Bacteria;p__Actinomycetota;c__Thermoleophilia;o__Solirubrobacterales;f__Maglebybacteriaceae;g__Maglebybacterium;s__Maglebybacterium terrestre	d__Bacteria;p__Actinomycetota;c__Thermoleophilia;o__Solirubrobacterales;f__67-14;g__Incertae Sedis;s__uncultured bacterium	98.8	MFD04212	Denmark	12.2823	55.0396	Soil	Dunes	Fixed dunes (grey dunes)
MFD04212.bin.1.190	N	Alstediella	terrestris	N.L.	fem.	Microbe found nearby Alsted	A species found in soil	Formerly ''JALZOC01'' in GTDB R220	Formerly ''uncultured Acidobacteria bacterium'' in Silva 138.2	GTDB marker genes and 16S rRNA	GCA_963749835.1	Oxford Nanopore PromethION	mmlong2	8000406	4	26.92282	65.59	91.81	0.63	1	23	d__Bacteria;p__Acidobacteriota;c__Vicinamibacteria;o__Vicinamibacterales;f__2-12-FULL-66-21;g__JALZOC01;s__Unclassified	d__Bacteria;p__Acidobacteriota;c__Vicinamibacteria;o__Vicinamibacterales;f__Alstediellaceae;g__Alstediella;s__Alstediella terrestris	d__Bacteria;p__Acidobacteriota;c__Vicinamibacteria;o__Vicinamibacterales;f__Incertae Sedis;g__Incertae Sedis;s__uncultured Acidobacteria bacterium	99.1	MFD04212	Denmark	12.2823	55.0396	Soil	Dunes	Fixed dunes (grey dunes)
MFD05747.bin.1.108	N	Vigsoehabitans	affinis	N.L.	masch.	Microbe found nearby Vigsoe	A species related to but distinct from the existing species	Formerly ''JAMQPK01'' in GTDB R220	Formerly ''uncultured Acidobacteria bacterium'' in Silva 138.2	GTDB marker genes and 16S rRNA	GCA_963832375.1	Oxford Nanopore PromethION	mmlong2	5833046	9	17.62181	64.28	93.02	0.8	1	20	d__Bacteria;p__Acidobacteriota;c__Vicinamibacteria;o__Vicinamibacterales;f__UBA2999;g__JAMQPK01;s__Unclassified	d__Bacteria;p__Acidobacteriota;c__Vicinamibacteria;o__Vicinamibacterales;f__Pjedstedimenaceae;g__Vigsoehabitans;s__Vigsoehabitans affinis	d__Bacteria;p__Acidobacteriota;c__Vicinamibacteria;o__Vicinamibacterales;f__Incertae Sedis;g__Incertae Sedis;s__uncultured Acidobacteria bacterium	99.2	MFD05747	Denmark	12.4445	55.3414	Soil	Grassland formations	Calcareous grassland
MFD09212.bin.1.144	N	Vigsoehabitans	terreum	N.L.	masch.	Microbe found nearby Vigsoe	A species found in soil	Formerly ''JAMQPK01'' in GTDB R220	Formerly ''uncultured bacterium'' in Silva 138.2	GTDB marker genes and 16S rRNA	GCA_963811435.1	Oxford Nanopore PromethION	mmlong2	6353317	7	19.56533	62.9	92.23	3.07	1	21	d__Bacteria;p__Acidobacteriota;c__Vicinamibacteria;o__Vicinamibacterales;f__UBA2999;g__JAMQPK01;s__Unclassified	d__Bacteria;p__Acidobacteriota;c__Vicinamibacteria;o__Vicinamibacterales;f__Pjedstedimenaceae;g__Vigsoehabitans;s__Vigsoehabitans terreum	d__Bacteria;p__Acidobacteriota;c__Vicinamibacteria;o__Vicinamibacterales;f__Incertae Sedis;g__Incertae Sedis;s__uncultured bacterium	98.8	MFD09212	Denmark	10.25675	56.90241	Soil	Grassland formations	Xeric sand calcareous grasslands
MFD09212.bin.1.252	N	Vigsoehabitans	terrestris	N.L.	masch.	Microbe found nearby Vigsoe	A species found in soil	Formerly ''JAMQPK01'' in GTDB R220	Formerly ''uncultured bacterium'' in Silva 138.2	GTDB marker genes and 16S rRNA	GCA_963761975.1	Oxford Nanopore PromethION	mmlong2	7702276	8	21.89264	61.94	98.05	0.81	1	21	d__Bacteria;p__Acidobacteriota;c__Vicinamibacteria;o__Vicinamibacterales;f__UBA2999;g__JAMQPK01;s__Unclassified	d__Bacteria;p__Acidobacteriota;c__Vicinamibacteria;o__Vicinamibacterales;f__Pjedstedimenaceae;g__Vigsoehabitans;s__Vigsoehabitans terrestris	d__Bacteria;p__Acidobacteriota;c__Vicinamibacteria;o__Vicinamibacterales;f__Incertae Sedis;g__Incertae Sedis;s__uncultured bacterium	98.9	MFD09212	Denmark	10.25675	56.90241	Soil	Grassland formations	Xeric sand calcareous grasslands
MFD09603.bin.1.169	N	Gudhjemibacterium	terreus	N.L.	neut.	Microbe found nearby Gudhjem	A species found in soil	Formerly ''JAMXLG01'' in GTDB R220	sp. nov.	GTDB marker genes and 16S rRNA	GCA_963737065.1	Oxford Nanopore PromethION	mmlong2	3078187	2	27.99368	60.48	95.46	0.15	1	22	d__Bacteria;p__Eremiobacterota;c__Eremiobacteria;o__Baltobacterales;f__Baltobacteraceae;g__JAMXLG01;s__Unclassified	d__Bacteria;p__Eremiobacterota;c__Eremiobacteria;o__Baltobacterales;f__Baltobacteraceae;g__Gudhjemibacterium;s__Gudhjemibacterium terreus	d__Bacteria;p__Candidatus Eremiobacterota;c__Eremiobacteria;o__Incertae Sedis;f__Incertae Sedis;g__Incertae Sedis;s__uncultured bacterium	95	MFD09603	Denmark	14.9796	55.2067	Soil	Rocky habitats and caves	Siliceous rocky slopes
MFD09603.bin.1.351	N	Gudhjemibacterium	simile	N.L.	neut.	Microbe found nearby Gudhjem	A species related to but distinct from the existing species	Formerly ''JAMXLG01'' in GTDB R220	sp. nov.	GTDB marker genes and 16S rRNA	GCA_963765935.1	Oxford Nanopore PromethION	mmlong2	3479129	5	26.28365	59.26	91.51	0.31	2	23	d__Bacteria;p__Eremiobacterota;c__Eremiobacteria;o__Baltobacterales;f__Baltobacteraceae;g__JAMXLG01;s__Unclassified	d__Bacteria;p__Eremiobacterota;c__Eremiobacteria;o__Baltobacterales;f__Baltobacteraceae;g__Gudhjemibacterium;s__Gudhjemibacterium simile	d__Bacteria;p__Candidatus Eremiobacterota;c__Eremiobacteria;o__Incertae Sedis;f__Incertae Sedis;g__Incertae Sedis;s__uncultured bacterium	94.6	MFD09603	Denmark	14.9796	55.2067	Soil	Rocky habitats and caves	Siliceous rocky slopes
MFD04944.bin.1.51	N	Faarupivita	tellurica	N.L.	fem.	Microbe found nearby Faarup	A species found in soil	Formerly ''JAOUEA01'' in GTDB R220	sp. nov.	GTDB marker genes and 16S rRNA	GCA_963719165.1	Oxford Nanopore PromethION	mmlong2	2746831	2	18.97036	69.46	94.62	0.48	1	23	d__Bacteria;p__Actinomycetota;c__UBA4738;o__UBA4738;f__HRBIN12;g__JAOUEA01;s__Unclassified	d__Bacteria;p__Actinomycetota;c__Bonnerupiia;o__Granslevivitales;f__Granslevivitaceae;g__Faarupivita;s__Faarupivita tellurica	d__Bacteria;p__Actinomycetota;c__MB-A2-108;o__Incertae Sedis;f__Incertae Sedis;g__Incertae Sedis;s__uncultured Catenulispora sp.	98.5	MFD04944	Denmark	10.5752	54.9596	Soil	Grassland formations	Species-rich Nardus upland grassland
MFD05567.bin.1.54	N	Faarupivita	europaea	N.L.	fem.	Microbe found nearby Faarup	A species from Europe	Formerly ''JAOUEA01'' in GTDB R220	Formerly ''uncultured bacterium'' in Silva 138.2	GTDB marker genes and 16S rRNA	GCA_963762075.1	Oxford Nanopore PromethION	mmlong2	2926146	8	16.29719	67.64	92.26	0.9	1	22	d__Bacteria;p__Actinomycetota;c__UBA4738;o__UBA4738;f__HRBIN12;g__JAOUEA01;s__Unclassified	d__Bacteria;p__Actinomycetota;c__Bonnerupiia;o__Granslevivitales;f__Granslevivitaceae;g__Faarupivita;s__Faarupivita europaea	d__Bacteria;p__Actinomycetota;c__MB-A2-108;o__Incertae Sedis;f__Incertae Sedis;g__Incertae Sedis;s__uncultured bacterium	99.4	MFD05567	Denmark	9.8535	55.2293	Soil	Grassland formations	Calcareous grassland
MFD05567.bin.1.91	N	Faarupivita	contigua	N.L.	fem.	Microbe found nearby Faarup	A species related to but distinct from the existing species	Formerly ''JAOUEA01'' in GTDB R220	sp. nov.	GTDB marker genes and 16S rRNA	GCA_963821935.1	Oxford Nanopore PromethION	mmlong2	2963964	6	44.19542	67.9	94.85	0.4	1	22	d__Bacteria;p__Actinomycetota;c__UBA4738;o__UBA4738;f__HRBIN12;g__JAOUEA01;s__Unclassified	d__Bacteria;p__Actinomycetota;c__Bonnerupiia;o__Granslevivitales;f__Granslevivitaceae;g__Faarupivita;s__Faarupivita contigua	d__Bacteria;p__Actinomycetota;c__MB-A2-108;o__Incertae Sedis;f__Incertae Sedis;g__Incertae Sedis;s__metagenome	97.5	MFD05567	Denmark	9.8535	55.2293	Soil	Grassland formations	Calcareous grassland
MFD09779.bin.1.204	N	Faarupivita	vicina	N.L.	fem.	Microbe found nearby Faarup	A species related to but distinct from the existing species	Formerly ''JAOUEA01'' in GTDB R220	Formerly ''uncultured bacterium'' in Silva 138.2	GTDB marker genes and 16S rRNA	GCA_963825635.1	Oxford Nanopore PromethION	mmlong2	3109283	4	41.99229	69.81	97.22	1.26	1	23	d__Bacteria;p__Actinomycetota;c__UBA4738;o__UBA4738;f__HRBIN12;g__JAOUEA01;s__Unclassified	d__Bacteria;p__Actinomycetota;c__Bonnerupiia;o__Granslevivitales;f__Granslevivitaceae;g__Faarupivita;s__Faarupivita vicina	d__Bacteria;p__Actinomycetota;c__MB-A2-108;o__Incertae Sedis;f__Incertae Sedis;g__Incertae Sedis;s__uncultured bacterium	99.7	MFD09779	Denmark	8.1689	56.3361	Sediment	Saltwater	Fjords
MFD06092.bin.1.45	N	Kvaglundium	contiguum	N.L.	neut.	Microbe found nearby Kvaglund	A species related to but distinct from the existing species	Formerly ''JASHVB01'' in GTDB R220	sp. nov.	GTDB marker genes and 16S rRNA	GCA_963809555.1	Oxford Nanopore PromethION	mmlong2	8564987	9	32.65253	65.98	92.53	1.18	1	23	d__Bacteria;p__Pseudomonadota;c__Alphaproteobacteria;o__Acetobacterales;f__Acetobacteraceae;g__JASHVB01;s__Unclassified	d__Bacteria;p__Pseudomonadota;c__Alphaproteobacteria;o__Acetobacterales;f__Acetobacteraceae;g__Kvaglundium;s__Kvaglundium contiguum	d__Bacteria;p__Pseudomonadota;c__Alphaproteobacteria;o__Acetobacterales;f__Acetobacteraceae;g__Acidicaldus;s__uncultured bacterium	98.4	MFD06092	Denmark	8.49378111	56.2604146	Soil	Temperate heath and scrub	Wet heath
MFD04463.bin.1.93	N	Lystrupivivens	aridus	N.L.	masch.	Microbe found nearby Lystrup	A species found in sand	Formerly ''KBS-83'' in GTDB R220	Formerly ''metagenome'' in Silva 138.2	GTDB marker genes and 16S rRNA	GCA_963815025.1	Oxford Nanopore PromethION	mmlong2	5451041	4	17.87751	60.48	94.96	1.61	1	22	d__Bacteria;p__Acidobacteriota;c__Terriglobia;o__Terriglobales;f__Acidobacteriaceae;g__KBS-83;s__Unclassified	d__Bacteria;p__Acidobacteriota;c__Terriglobia;o__Terriglobales;f__Acidobacteriaceae;g__Lystrupivivens;s__Lystrupivivens aridus	d__Bacteria;p__Acidobacteriota;c__Acidobacteriae;o__Terriglobales;f__Acidobacteriaceae (Subgroup 1);g__Incertae Sedis;s__metagenome	99.7	MFD04463	Denmark	8.2405	55.7443	Soil	Dunes	Wooded dunes
MFD09368.bin.1.91	N	Lystrupivivens	telluricus	N.L.	masch.	Microbe found nearby Lystrup	A species found in soil	Formerly ''KBS-83'' in GTDB R220	Formerly ''metagenome'' in Silva 138.2	GTDB marker genes and 16S rRNA	GCA_963834345.1	Oxford Nanopore PromethION	mmlong2	5310061	10	27.5605	60.29	97.23	0.38	1	22	d__Bacteria;p__Acidobacteriota;c__Terriglobia;o__Terriglobales;f__Acidobacteriaceae;g__KBS-83;s__Unclassified	d__Bacteria;p__Acidobacteriota;c__Terriglobia;o__Terriglobales;f__Acidobacteriaceae;g__Lystrupivivens;s__Lystrupivivens telluricus	d__Bacteria;p__Acidobacteriota;c__Acidobacteriae;o__Terriglobales;f__Acidobacteriaceae (Subgroup 1);g__Incertae Sedis;s__metagenome	99.7	MFD09368	Denmark	9.3861	54.8519	Soil	Grassland formations	Semi-natural dry grasslands
MFD09671.bin.1.48	N	Lystrupivivens	terrestris	N.L.	masch.	Microbe found nearby Lystrup	A species found in soil	Formerly ''KBS-83'' in GTDB R220	Formerly ''metagenome'' in Silva 138.2	GTDB marker genes and 16S rRNA	GCA_963758545.1	Oxford Nanopore PromethION	mmlong2	4898049	9	32.33615	60.91	95.43	2.07	1	22	d__Bacteria;p__Acidobacteriota;c__Terriglobia;o__Terriglobales;f__Acidobacteriaceae;g__KBS-83;s__Unclassified	d__Bacteria;p__Acidobacteriota;c__Terriglobia;o__Terriglobales;f__Acidobacteriaceae;g__Lystrupivivens;s__Lystrupivivens terrestris	d__Bacteria;p__Acidobacteriota;c__Acidobacteriae;o__Terriglobales;f__Acidobacteriaceae (Subgroup 1);g__Incertae Sedis;s__metagenome	99	MFD09671	Denmark	15.0788	54.9903	Soil	Dunes	Humid dune slacks
MFD00032.bin.1.235	N	Vandetiella	sediminis	N.L.	fem.	Microbe found nearby Oester Vandet	A species found in sediments	Formerly ''LD21'' in GTDB R220	sp. nov.	GTDB marker genes and 16S rRNA	GCA_963701745.1	Oxford Nanopore PromethION	mmlong2	4205064	6	34.239998	40.61	95.08	0.12	1	21	d__Bacteria;p__Bacteroidota;c__Bacteroidia;o__Bacteroidales;f__VadinHA17;g__LD21;s__Unclassified	d__Bacteria;p__Bacteroidota;c__Bacteroidia;o__Bacteroidales;f__Vandetiellaceae;g__Vandetiella;s__Vandetiella sediminis	d__Bacteria;p__Bacteroidota;c__Bacteroidia;o__Bacteroidales;f__Bacteroidetes vadinHA17;g__Incertae Sedis;s__uncultured bacterium	98	MFD00032	Denmark	9.893109449	57.49172952	Sediment	Freshwater	"Lake, Rich pondweed"
MFD00905.bin.1.120	N	Vandetiella	lacustris	N.L.	fem.	Microbe found nearby Oester Vandet	A species found in a lake	Formerly ''LD21'' in GTDB R220	sp. nov.	GTDB marker genes and 16S rRNA	GCA_963736675.1	Oxford Nanopore PromethION	mmlong2	4057362	5	18.192532	42.02	100	0.24	2	22	d__Bacteria;p__Bacteroidota;c__Bacteroidia;o__Bacteroidales;f__VadinHA17;g__LD21;s__Unclassified	d__Bacteria;p__Bacteroidota;c__Bacteroidia;o__Bacteroidales;f__Vandetiellaceae;g__Vandetiella;s__Vandetiella lacustris	d__Bacteria;p__Bacteroidota;c__Bacteroidia;o__Bacteroidales;f__Bacteroidetes vadinHA17;g__Incertae Sedis;s__uncultured bacterium	98.1	MFD00905	Denmark	9.831926013	55.91690451	Sediment	Freshwater	"Lake, Rich pondweed"
MFD00905.bin.1.196	N	Vandetiella	borealis	N.L.	fem.	Microbe found nearby Oester Vandet	A species from the north	Formerly ''LD21'' in GTDB R220	sp. nov.	GTDB marker genes and 16S rRNA	GCA_963733455.1	Oxford Nanopore PromethION	mmlong2	5162132	10	32.49291	41.56	98.79	0.84	2	22	d__Bacteria;p__Bacteroidota;c__Bacteroidia;o__Bacteroidales;f__VadinHA17;g__LD21;s__Unclassified	d__Bacteria;p__Bacteroidota;c__Bacteroidia;o__Bacteroidales;f__Vandetiellaceae;g__Vandetiella;s__Vandetiella borealis	d__Bacteria;p__Bacteroidota;c__Bacteroidia;o__Bacteroidales;f__Bacteroidetes vadinHA17;g__Incertae Sedis;s__uncultured bacterium	97.8	MFD00905	Denmark	9.831926013	55.91690451	Sediment	Freshwater	"Lake, Rich pondweed"
MFD01476.bin.1.81	N	Vandetiella	contigua	N.L.	fem.	Microbe found nearby Oester Vandet	A species related to but distinct from the existing species	Formerly ''LD21'' in GTDB R220	sp. nov.	GTDB marker genes and 16S rRNA	GCA_963717685.1	Oxford Nanopore PromethION	mmlong2	3518113	1	86.09381	42.2	100	0.65	1	22	d__Bacteria;p__Bacteroidota;c__Bacteroidia;o__Bacteroidales;f__VadinHA17;g__LD21;s__Unclassified	d__Bacteria;p__Bacteroidota;c__Bacteroidia;o__Bacteroidales;f__Vandetiellaceae;g__Vandetiella;s__Vandetiella contigua	d__Bacteria;p__Bacteroidota;c__Bacteroidia;o__Bacteroidales;f__Bacteroidetes vadinHA17;g__Incertae Sedis;s__uncultured Cytophagales bacterium	96.9	MFD01476	Denmark	8.826613964	56.50596583	Sediment	Freshwater	"Lake, Dystrophic"
MFD01476.bin.1.83	N	Vandetiella	affinis	N.L.	fem.	Microbe found nearby Oester Vandet	A species related to but distinct from the existing species	Formerly ''LD21'' in GTDB R220	sp. nov.	GTDB marker genes and 16S rRNA	GCA_963838215.1	Oxford Nanopore PromethION	mmlong2	3693921	7	30.931812	38.18	98.29	0.54	1	22	d__Bacteria;p__Bacteroidota;c__Bacteroidia;o__Bacteroidales;f__VadinHA17;g__LD21;s__Unclassified	d__Bacteria;p__Bacteroidota;c__Bacteroidia;o__Bacteroidales;f__Vandetiellaceae;g__Vandetiella;s__Vandetiella affinis	d__Bacteria;p__Bacteroidota;c__Bacteroidia;o__Bacteroidales;f__Bacteroidetes vadinHA17;g__Incertae Sedis;s__uncultured Bacteroidales bacterium	98.1	MFD01476	Denmark	8.826613964	56.50596583	Sediment	Freshwater	"Lake, Dystrophic"
MFD01872.bin.1.132	N	Vandetiella	vicina	N.L.	fem.	Microbe found nearby Oester Vandet	A species related to but distinct from the existing species	Formerly ''LD21'' in GTDB R220	sp. nov.	GTDB marker genes and 16S rRNA	GCA_963816345.1	Oxford Nanopore PromethION	mmlong2	5033285	7	23.795689	42.36	96.11	3.44	2	22	d__Bacteria;p__Bacteroidota;c__Bacteroidia;o__Bacteroidales;f__VadinHA17;g__LD21;s__Unclassified	d__Bacteria;p__Bacteroidota;c__Bacteroidia;o__Bacteroidales;f__Vandetiellaceae;g__Vandetiella;s__Vandetiella vicina	d__Bacteria;p__Bacteroidota;c__Bacteroidia;o__Bacteroidales;f__Bacteroidetes vadinHA17;g__Incertae Sedis;s__uncultured bacterium	98.5	MFD01872	Denmark	8.4984	55.6264	Soil	"Bogs, mires and fens"	Alkaline fens
MFD02416.bin.1.219	N	Vandetiella	litoralis	N.L.	fem.	Microbe found nearby Oester Vandet	A species found in the coast	Formerly ''LD21'' in GTDB R220	sp. nov.	GTDB marker genes and 16S rRNA	GCA_963760915.1	Oxford Nanopore PromethION	mmlong2	4509582	8	30.316423	38.65	99.65	0.36	1	21	d__Bacteria;p__Bacteroidota;c__Bacteroidia;o__Bacteroidales;f__VadinHA17;g__LD21;s__Unclassified	d__Bacteria;p__Bacteroidota;c__Bacteroidia;o__Bacteroidales;f__Vandetiellaceae;g__Vandetiella;s__Vandetiella litoralis	d__Bacteria;p__Bacteroidota;c__Bacteroidia;o__Bacteroidales;f__Bacteroidetes vadinHA17;g__Incertae Sedis;s__uncultured bacterium	98.1	MFD02416	Denmark	9.5553	56.8577	Soil	Coastal	Inland salt meadows
MFD05705.bin.1.156	N	Vandetiella	arida	N.L.	fem.	Microbe found nearby Oester Vandet	A species found in sand	Formerly ''LD21'' in GTDB R220	Formerly ''uncultured bacterium'' in Silva 138.2	GTDB marker genes and 16S rRNA	GCA_963734885.1	Oxford Nanopore PromethION	mmlong2	4317745	9	33.08031	39.06	95.35	3.1	1	21	d__Bacteria;p__Bacteroidota;c__Bacteroidia;o__Bacteroidales;f__VadinHA17;g__LD21;s__Unclassified	d__Bacteria;p__Bacteroidota;c__Bacteroidia;o__Bacteroidales;f__Vandetiellaceae;g__Vandetiella;s__Vandetiella arida	d__Bacteria;p__Bacteroidota;c__Bacteroidia;o__Bacteroidales;f__Bacteroidetes vadinHA17;g__Incertae Sedis;s__uncultured bacterium	99.3	MFD05705	Denmark	8.2063	55.7153	Soil	Dunes	Humid dune slacks
MFD05705.bin.1.174	N	Vandetiella	humica	N.L.	fem.	Microbe found nearby Oester Vandet	A species found in soil	Formerly ''LD21'' in GTDB R220	Formerly ''uncultured Sphingobacteriia bacterium'' in Silva 138.2	GTDB marker genes and 16S rRNA	GCA_963823065.1	Oxford Nanopore PromethION	mmlong2	4353741	4	20.10591	38.29	93.4	1.18	1	21	d__Bacteria;p__Bacteroidota;c__Bacteroidia;o__Bacteroidales;f__VadinHA17;g__LD21;s__Unclassified	d__Bacteria;p__Bacteroidota;c__Bacteroidia;o__Bacteroidales;f__Vandetiellaceae;g__Vandetiella;s__Vandetiella humica	d__Bacteria;p__Bacteroidota;c__Bacteroidia;o__Bacteroidales;f__Bacteroidetes vadinHA17;g__Incertae Sedis;s__uncultured Sphingobacteriia bacterium	99.3	MFD05705	Denmark	8.2063	55.7153	Soil	Dunes	Humid dune slacks
MFD05942.bin.1.169	N	Vandetiella	glebica	N.L.	fem.	Microbe found nearby Oester Vandet	A species found in soil	Formerly ''LD21'' in GTDB R220	sp. nov.	GTDB marker genes and 16S rRNA	GCA_963843415.1	Oxford Nanopore PromethION	mmlong2	3699550	8	29.67946	40.42	97.49	0.69	1	20	d__Bacteria;p__Bacteroidota;c__Bacteroidia;o__Bacteroidales;f__VadinHA17;g__LD21;s__Unclassified	d__Bacteria;p__Bacteroidota;c__Bacteroidia;o__Bacteroidales;f__Vandetiellaceae;g__Vandetiella;s__Vandetiella glebica	d__Bacteria;p__Bacteroidota;c__Bacteroidia;o__Bacteroidales;f__Bacteroidetes vadinHA17;g__Incertae Sedis;s__uncultured Cytophagales bacterium	97.6	MFD05942	Denmark	9.6177	56.7771	Soil	Fields	"Poales, grass"
MFD05684.bin.1.112	N	Morsimorpha	ripica	N.L.	fem.	Microbe found nearby Nykobing Mors	A species found in the coast	Formerly ''MGOM01'' in GTDB R220	sp. nov.	GTDB marker genes and 16S rRNA	GCA_963807065.1	Oxford Nanopore PromethION	mmlong2	3845958	4	42.2522	61.55	90.91	2.31	1	23	d__Bacteria;p__Chloroflexota;c__Anaerolineae;o__Anaerolineales;f__E44-bin32;g__MGOM01;s__Unclassified	d__Bacteria;p__Chloroflexota;c__Anaerolineae;o__Anaerolineales;f__Morsimorphaceae;g__Morsimorpha;s__Morsimorpha ripica	d__Bacteria;p__Chloroflexota;c__Anaerolineae;o__Anaerolineales;f__Anaerolineaceae;g__Incertae Sedis;s__uncultured bacterium	94.2	MFD05684	Denmark	8.2638	55.5312	Soil	Coastal	Salicornia mud
MFD09495.bin.1.131	N	Povlskericola	scandius	N.L.	masch.	Microbe found nearby Povlsker	A species from Scandinavia	Formerly ''Noda2021'' in GTDB R220	sp. nov.	GTDB marker genes and 16S rRNA	GCA_963836585.1	Oxford Nanopore PromethION	mmlong2	1132555	4	25.12959	44.15	97.36	1.41	1	22	d__Bacteria;p__Dependentiae;c__Babeliae;o__Babeliales;f__Vermiphilaceae;g__Noda2021;s__Unclassified	d__Bacteria;p__Dependentiae;c__Babeliae;o__Babeliales;f__Vermiphilaceae;g__Povlskericola;s__Povlskericola scandius	d__Bacteria;p__Dependentiae;c__Babeliae;o__Babeliales;f__Vermiphilaceae;g__Incertae Sedis;s__uncultured bacterium	95.9	MFD09495	Denmark	15.0805	54.9907	Soil	Dunes	Dunes creeping willow
MFD00822.bin.1.215	N	Gravlevius	terrestris	N.L.	masch.	Microbe found nearby Gravlev	A species found in soil	Formerly ''PALSA-1003'' in GTDB R220	Formerly ''uncultured bacterium'' in Silva 138.2	GTDB marker genes and 16S rRNA	GCA_963791945.1	Oxford Nanopore PromethION	mmlong2	5474415	4	38.25037	65.35	99.07	0.43	1	22	d__Bacteria;p__Pseudomonadota;c__Gammaproteobacteria;o__Burkholderiales;f__Casimicrobiaceae;g__PALSA-1003;s__Unclassified	d__Bacteria;p__Pseudomonadota;c__Gammaproteobacteria;o__Burkholderiales;f__Casimicrobiaceae;g__Gravlevius;s__Gravlevius terrestris	d__Bacteria;p__Pseudomonadota;c__Gammaproteobacteria;o__Burkholderiales;f__A21b;g__Incertae Sedis;s__uncultured bacterium	99	MFD00822	Denmark	9.612	56.9676	Soil	Coastal	Salt marshes and salt meadows
MFD05377.bin.1.47	N	Gravlevius	vicinus	N.L.	masch.	Microbe found nearby Gravlev	A species related to but distinct from the existing species	Formerly ''PALSA-1003'' in GTDB R220	Formerly ''uncultured bacterium'' in Silva 138.2	GTDB marker genes and 16S rRNA	GCA_963750215.1	Oxford Nanopore PromethION	mmlong2	4374507	7	44.11777	65.26	96.35	0.03	1	22	d__Bacteria;p__Pseudomonadota;c__Gammaproteobacteria;o__Burkholderiales;f__Casimicrobiaceae;g__PALSA-1003;s__Unclassified	d__Bacteria;p__Pseudomonadota;c__Gammaproteobacteria;o__Burkholderiales;f__Casimicrobiaceae;g__Gravlevius;s__Gravlevius vicinus	d__Bacteria;p__Pseudomonadota;c__Gammaproteobacteria;o__Burkholderiales;f__A21b;g__Incertae Sedis;s__uncultured bacterium	99.6	MFD05377	Denmark	8.85114178	56.93737774	Sediment	Freshwater	Standing freshwater
MFD05521.bin.1.1	N	Gravlevius	terreum	N.L.	masch.	Microbe found nearby Gravlev	A species found in soil	Formerly ''PALSA-1003'' in GTDB R220	sp. nov.	GTDB marker genes and 16S rRNA	GCA_963749795.1	Oxford Nanopore PromethION	mmlong2	3943411	10	14.16446	61.94	90.29	1.2	2	22	d__Bacteria;p__Pseudomonadota;c__Gammaproteobacteria;o__Burkholderiales;f__Casimicrobiaceae;g__PALSA-1003;s__Unclassified	d__Bacteria;p__Pseudomonadota;c__Gammaproteobacteria;o__Burkholderiales;f__Casimicrobiaceae;g__Gravlevius;s__Gravlevius terreum	d__Bacteria;p__Pseudomonadota;c__Gammaproteobacteria;o__Burkholderiales;f__A21b;g__Incertae Sedis;s__uncultured bacterium	98.2	MFD05521	Denmark	9.6658	57.3069	Soil	Dunes	Dunes creeping willow
MFD04780.bin.1.147	N	Jetsmarkimen	terreus	N.L.	neut.	Microbe found nearby Jetsmark	A species found in soil	Formerly ''PALSA-1295'' in GTDB R220	Formerly ''uncultured bacterium'' in Silva 138.2	GTDB marker genes and 16S rRNA	GCA_963787835.1	Oxford Nanopore PromethION	mmlong2	3569047	7	16.26538	50.15	97.92	3.37	1	21	d__Bacteria;p__Bacteroidota;c__Kapaibacteriia;o__Palsa-1295;f__Palsa-1295;g__PALSA-1295;s__Unclassified	d__Bacteria;p__Bacteroidota;c__Kapaibacteriia;o__Jetsmarkimenales;f__Jetsmarkimenaceae;g__Jetsmarkimen;s__Jetsmarkimen terreus	d__Bacteria;p__Candidatus Kapabacteria;c__Kapabacteria;o__Kapabacteriales;f__Incertae Sedis;g__Incertae Sedis;s__uncultured bacterium	98.7	MFD04780	Denmark	9.7671	57.1929	Soil	"Bogs, mires and fens"	Quaking bogs
MFD05502.bin.4.212	N	Jetsmarkimen	scandium	N.L.	neut.	Microbe found nearby Jetsmark	A species from Scandinavia	Formerly ''PALSA-1295'' in GTDB R220	sp. nov.	GTDB marker genes and 16S rRNA	GCA_963702215.1	Oxford Nanopore PromethION	mmlong2	3581381	1	20.16466	53.65	93.02	1.19	1	22	d__Bacteria;p__Bacteroidota;c__Kapaibacteriia;o__Palsa-1295;f__Palsa-1295;g__PALSA-1295;s__Unclassified	d__Bacteria;p__Bacteroidota;c__Kapaibacteriia;o__Jetsmarkimenales;f__Jetsmarkimenaceae;g__Jetsmarkimen;s__Jetsmarkimen scandium	d__Bacteria;p__Candidatus Kapabacteria;c__Kapabacteria;o__Kapabacteriales;f__Incertae Sedis;g__Incertae Sedis;s__uncultured bacterium	96.8	MFD05502	Denmark	10.3164	55.77	Soil	Temperate heath and scrub	Wet heath
MFD03726.bin.1.74	N	Nebelivivens	proximus	N.L.	masch.	Microbe found nearby Noerre Nebel	A species related to but distinct from the existing species	Formerly ''PALSA-1336'' in GTDB R220	sp. nov.	GTDB marker genes and 16S rRNA	GCA_963768175.1	Oxford Nanopore PromethION	mmlong2	1141744	2	35.63678	45.1	99.51	1.44	2	19	d__Bacteria;p__Patescibacteria;c__Doudnabacteria;o__UBA920;f__UBA920;g__PALSA-1336;s__Unclassified	d__Bacteria;p__Patescibacteria;c__Doudnabacteria;o__Nebeliviventales;f__Nebeliviventaceae;g__Nebelivivens;s__Nebelivivens proximus	d__Bacteria;p__Patescibacteria;c__Parcubacteria;o__Incertae Sedis;f__Incertae Sedis;g__Incertae Sedis;s__uncultured bacterium	94.1	MFD03726	Denmark	9.3209	55.2451	Sediment	Freshwater	Enclosed water
MFD09286.bin.c.6	N	Vindumicoccus	aridus	N.L.	masch.	Microbe found nearby Vindum	A species found in sand	Formerly ''PALSA-1444'' in GTDB R220	sp. nov.	GTDB marker genes and 16S rRNA	GCA_963705295.1	Oxford Nanopore PromethION	mmlong2	2131910	1	19.91596	43.8	94.43	0.58	1	22	d__Bacteria;p__Chlamydiota;c__Chlamydiia;o__Chlamydiales;f__Rhabdochlamydiaceae;g__PALSA-1444;s__Unclassified	d__Bacteria;p__Chlamydiota;c__Chlamydiia;o__Chlamydiales;f__Rhabdochlamydiaceae;g__Vindumicoccus;s__Vindumicoccus aridus	d__Bacteria;p__Chlamydiota;c__Chlamydiia;o__Chlamydiales;f__Simkaniaceae;g__Incertae Sedis;s__uncultured Chlamydia sp.	90.3	MFD09286	Denmark	8.26815	56.81197	Soil	Dunes	Decalcified Empetrum dunes
MFD04580.bin.1.124	N	Vinderslevimen	humicum	N.L.	neut.	Microbe found nearby Vinderslev	A species found in soil	Formerly ''PALSA-188'' in GTDB R220	Formerly ''uncultured Acidobacteria bacterium'' in Silva 138.2	GTDB marker genes and 16S rRNA	GCA_963828635.1	Oxford Nanopore PromethION	mmlong2	3946074	5	17.95083	53.5	97.16	0.36	1	23	d__Bacteria;p__Acidobacteriota;c__Terriglobia;o__Terriglobales;f__SbA1;g__PALSA-188;s__Unclassified	d__Bacteria;p__Acidobacteriota;c__Terriglobia;o__Terriglobales;f__SbA1;g__Vinderslevimen;s__Vinderslevimen humicum	d__Bacteria;p__Acidobacteriota;c__Acidobacteriae;o__Terriglobales;f__Incertae Sedis;g__Incertae Sedis;s__uncultured Acidobacteria bacterium	98.8	MFD04580	Denmark	9.0414	55.72	Soil	Dunes	Inland dunes grass
MFD09603.bin.1.24	N	Vinderslevimen	septentrionale	N.L.	neut.	Microbe found nearby Vinderslev	A species from the north	Formerly ''PALSA-188'' in GTDB R220	Formerly ''uncultured Acidobacteria bacterium'' in Silva 138.2	GTDB marker genes and 16S rRNA	GCA_963849315.1	Oxford Nanopore PromethION	mmlong2	3916303	4	34.1714	53.95	99.79	0	1	23	d__Bacteria;p__Acidobacteriota;c__Terriglobia;o__Terriglobales;f__SbA1;g__PALSA-188;s__Unclassified	d__Bacteria;p__Acidobacteriota;c__Terriglobia;o__Terriglobales;f__SbA1;g__Vinderslevimen;s__Vinderslevimen septentrionale	d__Bacteria;p__Acidobacteriota;c__Acidobacteriae;o__Terriglobales;f__Incertae Sedis;g__Incertae Sedis;s__uncultured Acidobacteria bacterium	99.3	MFD09603	Denmark	14.9796	55.2067	Soil	Rocky habitats and caves	Siliceous rocky slopes
MFD05513.bin.1.269	N	Snogebaekimen	nordicum	N.L.	neut.	Microbe found nearby Snogebaek	A species from the Nordic region	Formerly ''PALSA-350'' in GTDB R220	Formerly ''uncultured bacterium'' in Silva 138.2	GTDB marker genes and 16S rRNA	GCA_963720815.1	Oxford Nanopore PromethION	mmlong2	5583531	6	23.13788	57.74	97.2	2.99	1	22	d__Bacteria;p__Acidobacteriota;c__Terriglobia;o__Terriglobales;f__Acidobacteriaceae;g__PALSA-350;s__Unclassified	d__Bacteria;p__Acidobacteriota;c__Terriglobia;o__Terriglobales;f__Acidobacteriaceae;g__Snogebaekimen;s__Snogebaekimen nordicum	d__Bacteria;p__Acidobacteriota;c__Acidobacteriae;o__Terriglobales;f__Acidobacteriaceae (Subgroup 1);g__Incertae Sedis;s__uncultured bacterium	98.9	MFD05513	Denmark	10.1282	55.9873	Soil	Forests	Temperate forests
MFD05513.bin.1.279	N	Snogebaekimen	glebicum	N.L.	neut.	Microbe found nearby Snogebaek	A species found in soil	Formerly ''PALSA-350'' in GTDB R220	Formerly ''uncultured bacterium'' in Silva 138.2	GTDB marker genes and 16S rRNA	GCA_963769185.1	Oxford Nanopore PromethION	mmlong2	6114918	7	29.83457	57.73	99.4	1.09	1	22	d__Bacteria;p__Acidobacteriota;c__Terriglobia;o__Terriglobales;f__Acidobacteriaceae;g__PALSA-350;s__Unclassified	d__Bacteria;p__Acidobacteriota;c__Terriglobia;o__Terriglobales;f__Acidobacteriaceae;g__Snogebaekimen;s__Snogebaekimen glebicum	d__Bacteria;p__Acidobacteriota;c__Acidobacteriae;o__Terriglobales;f__Acidobacteriaceae (Subgroup 1);g__Incertae Sedis;s__uncultured bacterium	98.8	MFD05513	Denmark	10.1282	55.9873	Soil	Forests	Temperate forests
MFD05705.bin.1.33	N	Snogebaekimen	telluricum	N.L.	neut.	Microbe found nearby Snogebaek	A species found in soil	Formerly ''PALSA-350'' in GTDB R220	Formerly ''uncultured Acidobacteria bacterium'' in Silva 138.2	GTDB marker genes and 16S rRNA	GCA_963745725.1	Oxford Nanopore PromethION	mmlong2	9022574	9	27.27102	58.13	96.93	3.23	1	22	d__Bacteria;p__Acidobacteriota;c__Terriglobia;o__Terriglobales;f__Acidobacteriaceae;g__PALSA-350;s__Unclassified	d__Bacteria;p__Acidobacteriota;c__Terriglobia;o__Terriglobales;f__Acidobacteriaceae;g__Snogebaekimen;s__Snogebaekimen telluricum	d__Bacteria;p__Acidobacteriota;c__Acidobacteriae;o__Terriglobales;f__Acidobacteriaceae (Subgroup 1);g__Incertae Sedis;s__uncultured Acidobacteria bacterium	99.6	MFD05705	Denmark	8.2063	55.7153	Soil	Dunes	Humid dune slacks
MFD09671.bin.1.43	N	Snogebaekimen	humicum	N.L.	neut.	Microbe found nearby Snogebaek	A species found in soil	Formerly ''PALSA-350'' in GTDB R220	Formerly ''uncultured Acidobacteria bacterium'' in Silva 138.2	GTDB marker genes and 16S rRNA	GCA_963839075.1	Oxford Nanopore PromethION	mmlong2	7235903	10	62.50461	58.85	97.5	4.37	1	23	d__Bacteria;p__Acidobacteriota;c__Terriglobia;o__Terriglobales;f__Acidobacteriaceae;g__PALSA-350;s__Unclassified	d__Bacteria;p__Acidobacteriota;c__Terriglobia;o__Terriglobales;f__Acidobacteriaceae;g__Snogebaekimen;s__Snogebaekimen humicum	d__Bacteria;p__Acidobacteriota;c__Acidobacteriae;o__Terriglobales;f__Acidobacteriaceae (Subgroup 1);g__Incertae Sedis;s__uncultured Acidobacteria bacterium	98.9	MFD09671	Denmark	15.0788	54.9903	Soil	Dunes	Humid dune slacks
MFD04967.bin.1.138	N	Oesbybacterium	contiguum	N.L.	neut.	Microbe found nearby Oesby	A species related to but distinct from the existing species	Formerly ''PALSA-600'' in GTDB R220	sp. nov.	GTDB marker genes and 16S rRNA	GCA_963766575.1	Oxford Nanopore PromethION	mmlong2	3611894	5	16.56881	68.87	93.88	0.83	1	22	d__Bacteria;p__Actinomycetota;c__Thermoleophilia;o__Gaiellales;f__Gaiellaceae;g__PALSA-600;s__Unclassified	d__Bacteria;p__Actinomycetota;c__Thermoleophilia;o__Gaiellales;f__Gaiellaceae;g__Oesbybacterium;s__Oesbybacterium contiguum	d__Bacteria;p__Actinomycetota;c__Thermoleophilia;o__Gaiellales;f__Incertae Sedis;g__Incertae Sedis;s__uncultured bacterium	98.4	MFD04967	Denmark	10.5207	54.8533	Soil	Forests	Temperate forests
MFD04967.bin.1.50	N	Oesbybacterium	propinquum	N.L.	neut.	Microbe found nearby Oesby	A species related to but distinct from the existing species	Formerly ''PALSA-600'' in GTDB R220	sp. nov.	GTDB marker genes and 16S rRNA	GCA_963766565.1	Oxford Nanopore PromethION	mmlong2	3869013	8	15.00149	68.67	95.2	0.65	1	22	d__Bacteria;p__Actinomycetota;c__Thermoleophilia;o__Gaiellales;f__Gaiellaceae;g__PALSA-600;s__Unclassified	d__Bacteria;p__Actinomycetota;c__Thermoleophilia;o__Gaiellales;f__Gaiellaceae;g__Oesbybacterium;s__Oesbybacterium propinquum	d__Bacteria;p__Actinomycetota;c__Thermoleophilia;o__Gaiellales;f__Incertae Sedis;g__Incertae Sedis;s__uncultured bacterium	98.5	MFD04967	Denmark	10.5207	54.8533	Soil	Forests	Temperate forests
MFD05502.bin.1.186	N	Oesbybacterium	humicum	N.L.	neut.	Microbe found nearby Oesby	A species found in soil	Formerly ''PALSA-600'' in GTDB R220	Formerly ''uncultured bacterium'' in Silva 138.2	GTDB marker genes and 16S rRNA	GCA_963794375.1	Oxford Nanopore PromethION	mmlong2	3530070	10	40.58952	70.14	96.7	0.4	1	23	d__Bacteria;p__Actinomycetota;c__Thermoleophilia;o__Gaiellales;f__Gaiellaceae;g__PALSA-600;s__Unclassified	d__Bacteria;p__Actinomycetota;c__Thermoleophilia;o__Gaiellales;f__Gaiellaceae;g__Oesbybacterium;s__Oesbybacterium humicum	d__Bacteria;p__Actinomycetota;c__Thermoleophilia;o__Gaiellales;f__Incertae Sedis;g__Incertae Sedis;s__uncultured bacterium	98.7	MFD05502	Denmark	10.3164	55.77	Soil	Temperate heath and scrub	Wet heath
MFD05502.bin.1.34	N	Oesbybacterium	glebicum	N.L.	neut.	Microbe found nearby Oesby	A species found in soil	Formerly ''PALSA-600'' in GTDB R220	sp. nov.	GTDB marker genes and 16S rRNA	GCA_963703255.1	Oxford Nanopore PromethION	mmlong2	3314882	1	28.49187	69.58	90.02	0.73	1	22	d__Bacteria;p__Actinomycetota;c__Thermoleophilia;o__Gaiellales;f__Gaiellaceae;g__PALSA-600;s__Unclassified	d__Bacteria;p__Actinomycetota;c__Thermoleophilia;o__Gaiellales;f__Gaiellaceae;g__Oesbybacterium;s__Oesbybacterium glebicum	d__Bacteria;p__Actinomycetota;c__Thermoleophilia;o__Gaiellales;f__Incertae Sedis;g__Incertae Sedis;s__uncultured bacterium	98.6	MFD05502	Denmark	10.3164	55.77	Soil	Temperate heath and scrub	Wet heath
MFD05502.bin.1.50	N	Oesbybacterium	terrestre	N.L.	neut.	Microbe found nearby Oesby	A species found in soil	Formerly ''PALSA-600'' in GTDB R220	Formerly ''uncultured bacterium'' in Silva 138.2	GTDB marker genes and 16S rRNA	GCA_963824455.1	Oxford Nanopore PromethION	mmlong2	3782330	8	31.98827	70.54	90.72	4.81	1	23	d__Bacteria;p__Actinomycetota;c__Thermoleophilia;o__Gaiellales;f__Gaiellaceae;g__PALSA-600;s__Unclassified	d__Bacteria;p__Actinomycetota;c__Thermoleophilia;o__Gaiellales;f__Gaiellaceae;g__Oesbybacterium;s__Oesbybacterium terrestre	d__Bacteria;p__Actinomycetota;c__Thermoleophilia;o__Gaiellales;f__Incertae Sedis;g__Incertae Sedis;s__uncultured bacterium	99.2	MFD05502	Denmark	10.3164	55.77	Soil	Temperate heath and scrub	Wet heath
MFD05841.bin.1.157	N	Oesbybacterium	septentrionale	N.L.	neut.	Microbe found nearby Oesby	A species from the north	Formerly ''PALSA-600'' in GTDB R220	Formerly ''uncultured bacterium'' in Silva 138.2	GTDB marker genes and 16S rRNA	GCA_963769545.1	Oxford Nanopore PromethION	mmlong2	3468968	3	23.15767	68.99	96.68	1.56	1	23	d__Bacteria;p__Actinomycetota;c__Thermoleophilia;o__Gaiellales;f__Gaiellaceae;g__PALSA-600;s__Unclassified	d__Bacteria;p__Actinomycetota;c__Thermoleophilia;o__Gaiellales;f__Gaiellaceae;g__Oesbybacterium;s__Oesbybacterium septentrionale	d__Bacteria;p__Actinomycetota;c__Thermoleophilia;o__Gaiellales;f__Incertae Sedis;g__Incertae Sedis;s__uncultured bacterium	99.3	MFD05841	Denmark	9.9156	56.891	Soil	Forests	
MFD05942.bin.1.33	N	Oesbybacterium	telluricum	N.L.	neut.	Microbe found nearby Oesby	A species found in soil	Formerly ''PALSA-600'' in GTDB R220	Formerly ''uncultured bacterium'' in Silva 138.2	GTDB marker genes and 16S rRNA	GCA_963721235.1	Oxford Nanopore PromethION	mmlong2	3252361	9	108.5694	70.25	97.65	1.24	1	23	d__Bacteria;p__Actinomycetota;c__Thermoleophilia;o__Gaiellales;f__Gaiellaceae;g__PALSA-600;s__Unclassified	d__Bacteria;p__Actinomycetota;c__Thermoleophilia;o__Gaiellales;f__Gaiellaceae;g__Oesbybacterium;s__Oesbybacterium telluricum	d__Bacteria;p__Actinomycetota;c__Thermoleophilia;o__Gaiellales;f__Incertae Sedis;g__Incertae Sedis;s__uncultured bacterium	99.1	MFD05942	Denmark	9.6177	56.7771	Soil	Fields	"Poales, grass"
MFD06298.bin.1.144	N	Oesbybacterium	europaeum	N.L.	neut.	Microbe found nearby Oesby	A species from Europe	Formerly ''PALSA-600'' in GTDB R220	Formerly ''uncultured bacterium'' in Silva 138.2	GTDB marker genes and 16S rRNA	GCA_963779535.1	Oxford Nanopore PromethION	mmlong2	3332296	9	23.17231	68.68	92.56	0.57	1	23	d__Bacteria;p__Actinomycetota;c__Thermoleophilia;o__Gaiellales;f__Gaiellaceae;g__PALSA-600;s__Unclassified	d__Bacteria;p__Actinomycetota;c__Thermoleophilia;o__Gaiellales;f__Gaiellaceae;g__Oesbybacterium;s__Oesbybacterium europaeum	d__Bacteria;p__Actinomycetota;c__Thermoleophilia;o__Gaiellales;f__Incertae Sedis;g__Incertae Sedis;s__uncultured bacterium	99.3	MFD06298	Denmark	10.10253411	56.20216654	Soil	Grassland formations	Semi-natural tall-herb humid meadows
MFD00822.bin.1.231	N	Herslevibacter	litoralis	N.L.	masch.	Microbe found nearby Herslev	A species found in the coast	Formerly ''PALSA-612'' in GTDB R220	Formerly ''uncultured bacterium'' in Silva 138.2	GTDB marker genes and 16S rRNA	GCA_963734065.1	Oxford Nanopore PromethION	mmlong2	4204244	8	138.57384	70.19	94.45	3.6	1	23	d__Bacteria;p__Actinomycetota;c__Thermoleophilia;o__Gaiellales;f__Gaiellaceae;g__PALSA-612;s__Unclassified	d__Bacteria;p__Actinomycetota;c__Thermoleophilia;o__Gaiellales;f__Gaiellaceae;g__Herslevibacter;s__Herslevibacter litoralis	d__Bacteria;p__Actinomycetota;c__Thermoleophilia;o__Gaiellales;f__Incertae Sedis;g__Incertae Sedis;s__uncultured bacterium	99.6	MFD00822	Denmark	9.612	56.9676	Soil	Coastal	Salt marshes and salt meadows
MFD02134.bin.1.225	N	Herslevibacter	proximus	N.L.	masch.	Microbe found nearby Herslev	A species related to but distinct from the existing species	Formerly ''PALSA-612'' in GTDB R220	sp. nov.	GTDB marker genes and 16S rRNA	GCA_963791225.1	Oxford Nanopore PromethION	mmlong2	4122854	8	25.006662	69.61	93.19	1.23	1	23	d__Bacteria;p__Actinomycetota;c__Thermoleophilia;o__Gaiellales;f__Gaiellaceae;g__PALSA-612;s__Unclassified	d__Bacteria;p__Actinomycetota;c__Thermoleophilia;o__Gaiellales;f__Gaiellaceae;g__Herslevibacter;s__Herslevibacter proximus	d__Bacteria;p__Actinomycetota;c__Thermoleophilia;o__Gaiellales;f__Incertae Sedis;g__Incertae Sedis;s__uncultured actinobacterium	98.1	MFD02134	Denmark	9.5887	56.0562	Soil	"Bogs, mires and fens"	Wet thicket  (non-habitat type)
MFD02134.bin.1.280	N	Herslevibacter	humicus	N.L.	masch.	Microbe found nearby Herslev	A species found in soil	Formerly ''PALSA-612'' in GTDB R220	Formerly ''metagenome'' in Silva 138.2	GTDB marker genes and 16S rRNA	GCA_963791425.1	Oxford Nanopore PromethION	mmlong2	3420300	8	43.04286	70.14	91.22	0.89	1	23	d__Bacteria;p__Actinomycetota;c__Thermoleophilia;o__Gaiellales;f__Gaiellaceae;g__PALSA-612;s__Unclassified	d__Bacteria;p__Actinomycetota;c__Thermoleophilia;o__Gaiellales;f__Gaiellaceae;g__Herslevibacter;s__Herslevibacter humicus	d__Bacteria;p__Actinomycetota;c__Thermoleophilia;o__Gaiellales;f__Incertae Sedis;g__Incertae Sedis;s__metagenome	99.1	MFD02134	Denmark	9.5887	56.0562	Soil	"Bogs, mires and fens"	Wet thicket  (non-habitat type)
MFD02360.bin.1.3	N	Herslevibacter	scandius	N.L.	masch.	Microbe found nearby Herslev	A species from Scandinavia	Formerly ''PALSA-612'' in GTDB R220	Formerly ''uncultured bacterium'' in Silva 138.2	GTDB marker genes and 16S rRNA	GCA_963704335.1	Oxford Nanopore PromethION	mmlong2	3103205	1	37.111637	68.51	93.12	0.21	1	23	d__Bacteria;p__Actinomycetota;c__Thermoleophilia;o__Gaiellales;f__Gaiellaceae;g__PALSA-612;s__Unclassified	d__Bacteria;p__Actinomycetota;c__Thermoleophilia;o__Gaiellales;f__Gaiellaceae;g__Herslevibacter;s__Herslevibacter scandius	d__Bacteria;p__Actinomycetota;c__Thermoleophilia;o__Gaiellales;f__Incertae Sedis;g__Incertae Sedis;s__uncultured bacterium	99.5	MFD02360	Denmark	8.7192	57.0795	Soil	Grassland formations	Calcareous grassland
MFD03975.bin.1.244	N	Herslevibacter	terreum	N.L.	masch.	Microbe found nearby Herslev	A species found in soil	Formerly ''PALSA-612'' in GTDB R220	sp. nov.	GTDB marker genes and 16S rRNA	GCA_963846915.1	Oxford Nanopore PromethION	mmlong2	3928455	9	32.33357	69.88	93.16	2.66	1	23	d__Bacteria;p__Actinomycetota;c__Thermoleophilia;o__Gaiellales;f__Gaiellaceae;g__PALSA-612;s__Unclassified	d__Bacteria;p__Actinomycetota;c__Thermoleophilia;o__Gaiellales;f__Gaiellaceae;g__Herslevibacter;s__Herslevibacter terreum	d__Bacteria;p__Actinomycetota;c__Thermoleophilia;o__Gaiellales;f__Incertae Sedis;g__Incertae Sedis;s__uncultured actinobacterium	98.4	MFD03975	Denmark	9.28	56.1497	Soil	Greenspaces	Parks
MFD06714.bin.1.149	N	Herslevibacter	aridus	N.L.	masch.	Microbe found nearby Herslev	A species found in sand	Formerly ''PALSA-612'' in GTDB R220	sp. nov.	GTDB marker genes and 16S rRNA	GCA_963765295.1	Oxford Nanopore PromethION	mmlong2	3754360	8	22.97086	69.92	91.75	0.78	1	23	d__Bacteria;p__Actinomycetota;c__Thermoleophilia;o__Gaiellales;f__Gaiellaceae;g__PALSA-612;s__Unclassified	d__Bacteria;p__Actinomycetota;c__Thermoleophilia;o__Gaiellales;f__Gaiellaceae;g__Herslevibacter;s__Herslevibacter aridus	d__Bacteria;p__Actinomycetota;c__Thermoleophilia;o__Gaiellales;f__Incertae Sedis;g__Incertae Sedis;s__uncultured actinobacterium	98.1	MFD06714	Denmark	9.988333	55.207112	Soil	Dunes	Decalcified Empetrum dunes
MFD02416.bin.1.157	N	Diernaesiella	ripica	N.L.	fem.	Microbe found nearby Diernaes	A species found in the coast	Formerly ''PRDV01'' in GTDB R220	sp. nov.	GTDB marker genes and 16S rRNA	GCA_963711045.1	Oxford Nanopore PromethION	mmlong2	1776910	4	30.809473	40.47	96.32	2.91	1	22	d__Bacteria;p__Dependentiae;c__Babeliae;o__Babeliales;f__Babeliaceae;g__PRDV01;s__Unclassified	d__Bacteria;p__Dependentiae;c__Babeliae;o__Babeliales;f__Babeliaceae;g__Diernaesiella;s__Diernaesiella ripica	d__Bacteria;p__Dependentiae;c__Babeliae;o__Babeliales;f__Babeliaceae;g__Incertae Sedis;s__uncultured bacterium	94.8	MFD02416	Denmark	9.5553	56.8577	Soil	Coastal	Inland salt meadows
MFD04492.bin.1.142	N	Diernaesiella	sediminis	N.L.	fem.	Microbe found nearby Diernaes	A species found in sediments	Formerly ''PRDV01'' in GTDB R220	sp. nov.	GTDB marker genes and 16S rRNA	GCA_963699275.1	Oxford Nanopore PromethION	mmlong2	1733188	1	16.85174	41.03	91.43	0.49	3	22	d__Bacteria;p__Dependentiae;c__Babeliae;o__Babeliales;f__Babeliaceae;g__PRDV01;s__Unclassified	d__Bacteria;p__Dependentiae;c__Babeliae;o__Babeliales;f__Babeliaceae;g__Diernaesiella;s__Diernaesiella sediminis	d__Bacteria;p__Dependentiae;c__Babeliae;o__Babeliales;f__Babeliaceae;g__Incertae Sedis;s__uncultured organism	96.5	MFD04492	Denmark	9.699910829	56.05543277	Sediment	Freshwater	"Lake, Dystrophic"
MFD04492.bin.1.143	N	Diernaesiella	contigua	N.L.	fem.	Microbe found nearby Diernaes	A species related to but distinct from the existing species	Formerly ''PRDV01'' in GTDB R220	sp. nov.	GTDB marker genes and 16S rRNA	GCA_963695365.1	Oxford Nanopore PromethION	mmlong2	1746605	1	20.1173	43.54	96	1.54	1	22	d__Bacteria;p__Dependentiae;c__Babeliae;o__Babeliales;f__Babeliaceae;g__PRDV01;s__Unclassified	d__Bacteria;p__Dependentiae;c__Babeliae;o__Babeliales;f__Babeliaceae;g__Diernaesiella;s__Diernaesiella contigua	d__Bacteria;p__Dependentiae;c__Babeliae;o__Babeliales;f__Babeliaceae;g__Incertae Sedis;s__uncultured organism	96.8	MFD04492	Denmark	9.699910829	56.05543277	Sediment	Freshwater	"Lake, Dystrophic"
MFD02840.bin.1.264	N	Raabjergium	oricum	N.L.	neut.	Microbe found nearby Raabjerg	A species found in the coast	Formerly ''PSRF01'' in GTDB R220	Formerly ''uncultured Acidobacteria bacterium'' in Silva 138.2	GTDB marker genes and 16S rRNA	GCA_963750925.1	Oxford Nanopore PromethION	mmlong2	7063389	6	18.39753	55.06	90.58	1.91	1	23	d__Bacteria;p__Acidobacteriota;c__Blastocatellia;o__Pyrinomonadales;f__Pyrinomonadaceae;g__PSRF01;s__Unclassified	d__Bacteria;p__Acidobacteriota;c__Blastocatellia;o__Pyrinomonadales;f__Pyrinomonadaceae;g__Raabjergium;s__Raabjergium oricum	d__Bacteria;p__Acidobacteriota;c__Blastocatellia;o__Pyrinomonadales;f__Pyrinomonadaceae;g__Incertae Sedis;s__uncultured Acidobacteria bacterium	99	MFD02840	Denmark	14.7807	55.0595	Soil	Coastal	Sea cliffs and shingle or stony beaches
MFD04212.bin.1.165	N	Raabjergium	aridum	N.L.	neut.	Microbe found nearby Raabjerg	A species found in sand	Formerly ''PSRF01'' in GTDB R220	Formerly ''uncultured bacterium'' in Silva 138.2	GTDB marker genes and 16S rRNA	GCA_963759665.1	Oxford Nanopore PromethION	mmlong2	5261379	3	30.72777	53.42	99.72	0.96	1	23	d__Bacteria;p__Acidobacteriota;c__Blastocatellia;o__Pyrinomonadales;f__Pyrinomonadaceae;g__PSRF01;s__Unclassified	d__Bacteria;p__Acidobacteriota;c__Blastocatellia;o__Pyrinomonadales;f__Pyrinomonadaceae;g__Raabjergium;s__Raabjergium aridum	d__Bacteria;p__Acidobacteriota;c__Blastocatellia;o__Pyrinomonadales;f__Pyrinomonadaceae;g__Incertae Sedis;s__uncultured bacterium	99.6	MFD04212	Denmark	12.2823	55.0396	Soil	Dunes	Fixed dunes (grey dunes)
MFD04212.bin.1.211	N	Raabjergium	terreus	N.L.	neut.	Microbe found nearby Raabjerg	A species found in soil	Formerly ''PSRF01'' in GTDB R220	Formerly ''uncultured Acidobacteria bacterium'' in Silva 138.2	GTDB marker genes and 16S rRNA	GCA_963724185.1	Oxford Nanopore PromethION	mmlong2	5057116	5	24.22923	54.52	97.02	2.03	1	23	d__Bacteria;p__Acidobacteriota;c__Blastocatellia;o__Pyrinomonadales;f__Pyrinomonadaceae;g__PSRF01;s__Unclassified	d__Bacteria;p__Acidobacteriota;c__Blastocatellia;o__Pyrinomonadales;f__Pyrinomonadaceae;g__Raabjergium;s__Raabjergium terreus	d__Bacteria;p__Acidobacteriota;c__Blastocatellia;o__Pyrinomonadales;f__Pyrinomonadaceae;g__Incertae Sedis;s__uncultured Acidobacteria bacterium	99.4	MFD04212	Denmark	12.2823	55.0396	Soil	Dunes	Fixed dunes (grey dunes)
MFD09206.bin.1.167	N	Raabjergium	boreale	N.L.	neut.	Microbe found nearby Raabjerg	A species from the north	Formerly ''PSRF01'' in GTDB R220	Formerly ''uncultured bacterium'' in Silva 138.2	GTDB marker genes and 16S rRNA	GCA_963731385.1	Oxford Nanopore PromethION	mmlong2	4617458	8	32.62734	55.37	90.11	1.46	1	19	d__Bacteria;p__Acidobacteriota;c__Blastocatellia;o__Pyrinomonadales;f__Pyrinomonadaceae;g__PSRF01;s__Unclassified	d__Bacteria;p__Acidobacteriota;c__Blastocatellia;o__Pyrinomonadales;f__Pyrinomonadaceae;g__Raabjergium;s__Raabjergium boreale	d__Bacteria;p__Acidobacteriota;c__Blastocatellia;o__Pyrinomonadales;f__Pyrinomonadaceae;g__Incertae Sedis;s__uncultured bacterium	99.2	MFD09206	Denmark	10.25672	56.90236	Soil	Grassland formations	Xeric sand calcareous grasslands
MFD09206.bin.1.42	N	Raabjergium	glebicum	N.L.	neut.	Microbe found nearby Raabjerg	A species found in soil	Formerly ''PSRF01'' in GTDB R220	Formerly ''uncultured bacterium'' in Silva 138.2	GTDB marker genes and 16S rRNA	GCA_963708055.1	Oxford Nanopore PromethION	mmlong2	7491284	1	47.56353	53.69	99.03	3.02	1	23	d__Bacteria;p__Acidobacteriota;c__Blastocatellia;o__Pyrinomonadales;f__Pyrinomonadaceae;g__PSRF01;s__Unclassified	d__Bacteria;p__Acidobacteriota;c__Blastocatellia;o__Pyrinomonadales;f__Pyrinomonadaceae;g__Raabjergium;s__Raabjergium glebicum	d__Bacteria;p__Acidobacteriota;c__Blastocatellia;o__Pyrinomonadales;f__Pyrinomonadaceae;g__Incertae Sedis;s__uncultured bacterium	98.9	MFD09206	Denmark	10.25672	56.90236	Soil	Grassland formations	Xeric sand calcareous grasslands
MFD09212.bin.1.129	N	Raabjergium	humicum	N.L.	neut.	Microbe found nearby Raabjerg	A species found in soil	Formerly ''PSRF01'' in GTDB R220	sp. nov.	GTDB marker genes and 16S rRNA	GCA_963730985.1	Oxford Nanopore PromethION	mmlong2	4759393	5	54.05504	53.72	98.88	0.93	1	23	d__Bacteria;p__Acidobacteriota;c__Blastocatellia;o__Pyrinomonadales;f__Pyrinomonadaceae;g__PSRF01;s__Unclassified	d__Bacteria;p__Acidobacteriota;c__Blastocatellia;o__Pyrinomonadales;f__Pyrinomonadaceae;g__Raabjergium;s__Raabjergium humicum	d__Bacteria;p__Acidobacteriota;c__Blastocatellia;o__Pyrinomonadales;f__Pyrinomonadaceae;g__Incertae Sedis;s__uncultured Acidobacteria bacterium	98.3	MFD09212	Denmark	10.25675	56.90241	Soil	Grassland formations	Xeric sand calcareous grasslands
MFD05502.bin.1.47	N	Egtvedivita	borealis	N.L.	fem.	Microbe found nearby Egtved	A species from the north	Formerly ''Palsa-1233'' in GTDB R220	sp. nov.	GTDB marker genes and 16S rRNA	GCA_963796635.1	Oxford Nanopore PromethION	mmlong2	3226236	2	34.03727	67.14	91.31	0.44	1	22	d__Bacteria;p__Gemmatimonadota;c__Gemmatimonadetes;o__Gemmatimonadales;f__GWC2-71-9;g__Palsa-1233;s__Unclassified	d__Bacteria;p__Gemmatimonadota;c__Gemmatimonadetes;o__Gemmatimonadales;f__Siemiabaceae;g__Egtvedivita;s__Egtvedivita borealis	d__Bacteria;p__Gemmatimonadota;c__Gemmatimonadia;o__Gemmatimonadales;f__Gemmatimonadaceae;g__Incertae Sedis;s__uncultured actinobacterium	96.5	MFD05502	Denmark	10.3164	55.77	Soil	Temperate heath and scrub	Wet heath
MFD03399.bin.1.26	N	Starupimen	glebicum	N.L.	neut.	Microbe found nearby Oester Starup	A species found in soil	Formerly ''Palsa-147'' in GTDB R220	sp. nov.	GTDB marker genes and 16S rRNA	GCA_963807765.1	Oxford Nanopore PromethION	mmlong2	4532446	2	18.01086	58.97	98.47	0.16	1	22	d__Bacteria;p__Acidobacteriota;c__Terriglobia;o__Acidoferrales;f__UBA7541;g__Palsa-147;s__Unclassified	d__Bacteria;p__Acidobacteriota;c__Terriglobia;o__Acidoferrales;f__UBA7541;g__Starupimen;s__Starupimen glebicum	d__Bacteria;p__Acidobacteriota;c__Acidobacteriae;o__Subgroup 2;f__Incertae Sedis;g__Incertae Sedis;s__uncultured bacterium	96.9	MFD03399	Denmark	9.77493	57.18586	Soil	Grassland formations	Species-rich Nardus upland grassland
MFD03399.bin.2.118	N	Starupimen	simile	N.L.	neut.	Microbe found nearby Oester Starup	A species related to but distinct from the existing species	Formerly ''Palsa-147'' in GTDB R220	Formerly ''uncultured bacterium'' in Silva 138.2	GTDB marker genes and 16S rRNA	GCA_963831955.1	Oxford Nanopore PromethION	mmlong2	5189085	5	117.8527	57.94	90.93	0.76	1	23	d__Bacteria;p__Acidobacteriota;c__Terriglobia;o__Acidoferrales;f__UBA7541;g__Palsa-147;s__Unclassified	d__Bacteria;p__Acidobacteriota;c__Terriglobia;o__Acidoferrales;f__UBA7541;g__Starupimen;s__Starupimen simile	d__Bacteria;p__Acidobacteriota;c__Acidobacteriae;o__Subgroup 2;f__Incertae Sedis;g__Incertae Sedis;s__uncultured bacterium	99.3	MFD03399	Denmark	9.77493	57.18586	Soil	Grassland formations	Species-rich Nardus upland grassland
MFD09222.bin.1.171	N	Starupimen	europaeum	N.L.	neut.	Microbe found nearby Oester Starup	A species from Europe	Formerly ''Palsa-147'' in GTDB R220	Formerly ''uncultured Acidobacteria bacterium'' in Silva 138.2	GTDB marker genes and 16S rRNA	GCA_963838705.1	Oxford Nanopore PromethION	mmlong2	4839708	9	49.91924	58.59	96.99	0.49	2	23	d__Bacteria;p__Acidobacteriota;c__Terriglobia;o__Acidoferrales;f__UBA7541;g__Palsa-147;s__Unclassified	d__Bacteria;p__Acidobacteriota;c__Terriglobia;o__Acidoferrales;f__UBA7541;g__Starupimen;s__Starupimen europaeum	d__Bacteria;p__Acidobacteriota;c__Acidobacteriae;o__Subgroup 2;f__Incertae Sedis;g__Incertae Sedis;s__uncultured Acidobacteria bacterium	100	MFD09222	Denmark	9.2476	56.2643	Soil	Temperate heath and scrub	Wet heath
MFD00031.bin.1.165	N	Thorningiella	scandia	N.L.	fem.	Microbe found nearby Thorning	A species from Scandinavia	Formerly ''Palsa-295'' in GTDB R220	sp. nov.	GTDB marker genes and 16S rRNA	GCA_963708285.1	Oxford Nanopore PromethION	mmlong2	3843537	5	32.134407	59.1	90.77	0.11	1	22	d__Bacteria;p__Acidobacteriota;c__Terriglobia;o__Acidoferrales;f__UBA7541;g__Palsa-295;s__Unclassified	d__Bacteria;p__Acidobacteriota;c__Terriglobia;o__Acidoferrales;f__UBA7541;g__Thorningiella;s__Thorningiella scandia	d__Bacteria;p__Acidobacteriota;c__Acidobacteriae;o__Subgroup 2;f__Incertae Sedis;g__Incertae Sedis;s__uncultured bacterium	97.6	MFD00031	Denmark	11.4075	55.4191	Soil	Forests	Alluvial woodland
MFD00964.bin.1.44	N	Thorningiella	arida	N.L.	fem.	Microbe found nearby Thorning	A species found in sand	Formerly ''Palsa-295'' in GTDB R220	Formerly ''uncultured bacterium'' in Silva 138.2	GTDB marker genes and 16S rRNA	GCA_963838475.1	Oxford Nanopore PromethION	mmlong2	4962930	8	39.180534	54.66	94.76	1.39	1	23	d__Bacteria;p__Acidobacteriota;c__Terriglobia;o__Acidoferrales;f__UBA7541;g__Palsa-295;s__Unclassified	d__Bacteria;p__Acidobacteriota;c__Terriglobia;o__Acidoferrales;f__UBA7541;g__Thorningiella;s__Thorningiella arida	d__Bacteria;p__Acidobacteriota;c__Acidobacteriae;o__Subgroup 2;f__Incertae Sedis;g__Incertae Sedis;s__uncultured bacterium	99.8	MFD00964	Denmark	9.1593	56.0298	Soil	Dunes	Inland dunes Genista
MFD01299.bin.1.174	N	Thorningiella	lacustris	N.L.	fem.	Microbe found nearby Thorning	A species found in a lake	Formerly ''Palsa-295'' in GTDB R220	sp. nov.	GTDB marker genes and 16S rRNA	GCA_963769415.1	Oxford Nanopore PromethION	mmlong2	4246426	6	31.919025	60.96	94.02	0.46	1	23	d__Bacteria;p__Acidobacteriota;c__Terriglobia;o__Acidoferrales;f__UBA7541;g__Palsa-295;s__Unclassified	d__Bacteria;p__Acidobacteriota;c__Terriglobia;o__Acidoferrales;f__UBA7541;g__Thorningiella;s__Thorningiella lacustris	d__Bacteria;p__Acidobacteriota;c__Acidobacteriae;o__Subgroup 2;f__Incertae Sedis;g__Incertae Sedis;s__uncultured bacterium	97.9	MFD01299	Denmark	8.627054339	55.80287147	Sediment	Freshwater	"Lake, Rich pondweed"
MFD01299.bin.1.55	N	Thorningiella	affinis	N.L.	fem.	Microbe found nearby Thorning	A species related to but distinct from the existing species	Formerly ''Palsa-295'' in GTDB R220	sp. nov.	GTDB marker genes and 16S rRNA	GCA_963791705.1	Oxford Nanopore PromethION	mmlong2	3704543	10	29.153849	62.87	95.4	2.69	1	23	d__Bacteria;p__Acidobacteriota;c__Terriglobia;o__Acidoferrales;f__UBA7541;g__Palsa-295;s__Unclassified	d__Bacteria;p__Acidobacteriota;c__Terriglobia;o__Acidoferrales;f__UBA7541;g__Thorningiella;s__Thorningiella affinis	d__Bacteria;p__Acidobacteriota;c__Acidobacteriae;o__Subgroup 2;f__Incertae Sedis;g__Incertae Sedis;s__uncultured bacterium	97.9	MFD01299	Denmark	8.627054339	55.80287147	Sediment	Freshwater	"Lake, Rich pondweed"
MFD01633.bin.1.131	N	Thorningiella	glebica	N.L.	fem.	Microbe found nearby Thorning	A species found in soil	Formerly ''Palsa-295'' in GTDB R220	Formerly ''uncultured forest soil bacterium'' in Silva 138.2	GTDB marker genes and 16S rRNA	GCA_963748395.1	Oxford Nanopore PromethION	mmlong2	4902694	6	29.180004	58.68	92.91	1.13	1	22	d__Bacteria;p__Acidobacteriota;c__Terriglobia;o__Acidoferrales;f__UBA7541;g__Palsa-295;s__Unclassified	d__Bacteria;p__Acidobacteriota;c__Terriglobia;o__Acidoferrales;f__UBA7541;g__Thorningiella;s__Thorningiella glebica	d__Bacteria;p__Acidobacteriota;c__Acidobacteriae;o__Subgroup 2;f__Incertae Sedis;g__Incertae Sedis;s__uncultured forest soil bacterium	99.5	MFD01633	Denmark	10.4749	57.6666	Soil	Dunes	Wooded dunes
MFD01716.bin.1.125	N	Thorningiella	septentrionalis	N.L.	fem.	Microbe found nearby Thorning	A species from the north	Formerly ''Palsa-295'' in GTDB R220	Formerly ''uncultured forest soil bacterium'' in Silva 138.2	GTDB marker genes and 16S rRNA	GCA_963779465.1	Oxford Nanopore PromethION	mmlong2	5037244	4	101.287674	58.35	92.53	0.76	1	23	d__Bacteria;p__Acidobacteriota;c__Terriglobia;o__Acidoferrales;f__UBA7541;g__Palsa-295;s__Unclassified	d__Bacteria;p__Acidobacteriota;c__Terriglobia;o__Acidoferrales;f__UBA7541;g__Thorningiella;s__Thorningiella septentrionalis	d__Bacteria;p__Acidobacteriota;c__Acidobacteriae;o__Subgroup 2;f__Incertae Sedis;g__Incertae Sedis;s__uncultured forest soil bacterium	99.5	MFD01716	Denmark	8.9253	56.4939	Soil	Temperate heath and scrub	Wet heath
MFD02248.bin.1.112	N	Thorningiella	terrestris	N.L.	fem.	Microbe found nearby Thorning	A species found in soil	Formerly ''Palsa-295'' in GTDB R220	sp. nov.	GTDB marker genes and 16S rRNA	GCA_963810625.1	Oxford Nanopore PromethION	mmlong2	3170542	9	51.19066	60.23	98.18	1.57	1	22	d__Bacteria;p__Acidobacteriota;c__Terriglobia;o__Acidoferrales;f__UBA7541;g__Palsa-295;s__Unclassified	d__Bacteria;p__Acidobacteriota;c__Terriglobia;o__Acidoferrales;f__UBA7541;g__Thorningiella;s__Thorningiella terrestris	d__Bacteria;p__Acidobacteriota;c__Acidobacteriae;o__Subgroup 2;f__Incertae Sedis;g__Incertae Sedis;s__uncultured bacterium	98.2	MFD02248	Denmark	10.9751	57.2786	Soil	Temperate heath and scrub	Wet heath
MFD02248.bin.1.120	N	Thorningiella	danica	N.L.	fem.	Microbe found nearby Thorning	A species from Denmark	Formerly ''Palsa-295'' in GTDB R220	sp. nov.	GTDB marker genes and 16S rRNA	GCA_963701005.1	Oxford Nanopore PromethION	mmlong2	5425299	1	111.38677	58.44	96.91	1.25	1	23	d__Bacteria;p__Acidobacteriota;c__Terriglobia;o__Acidoferrales;f__UBA7541;g__Palsa-295;s__Unclassified	d__Bacteria;p__Acidobacteriota;c__Terriglobia;o__Acidoferrales;f__UBA7541;g__Thorningiella;s__Thorningiella danica	d__Bacteria;p__Acidobacteriota;c__Acidobacteriae;o__Subgroup 2;f__Incertae Sedis;g__Incertae Sedis;s__uncultured bacterium	98.1	MFD02248	Denmark	10.9751	57.2786	Soil	Temperate heath and scrub	Wet heath
MFD02248.bin.1.141	N	Thorningiella	propinqua	N.L.	fem.	Microbe found nearby Thorning	A species related to but distinct from the existing species	Formerly ''Palsa-295'' in GTDB R220	Formerly ''uncultured bacterium'' in Silva 138.2	GTDB marker genes and 16S rRNA	GCA_963741045.1	Oxford Nanopore PromethION	mmlong2	5670574	7	48.4432	56.91	97.99	1.57	1	23	d__Bacteria;p__Acidobacteriota;c__Terriglobia;o__Acidoferrales;f__UBA7541;g__Palsa-295;s__Unclassified	d__Bacteria;p__Acidobacteriota;c__Terriglobia;o__Acidoferrales;f__UBA7541;g__Thorningiella;s__Thorningiella propinqua	d__Bacteria;p__Acidobacteriota;c__Acidobacteriae;o__Subgroup 2;f__Incertae Sedis;g__Incertae Sedis;s__uncultured bacterium	99.6	MFD02248	Denmark	10.9751	57.2786	Soil	Temperate heath and scrub	Wet heath
MFD03346.bin.1.44	N	Thorningiella	terrea	N.L.	fem.	Microbe found nearby Thorning	A species found in soil	Formerly ''Palsa-295'' in GTDB R220	Formerly ''uncultured bacterium'' in Silva 138.2	GTDB marker genes and 16S rRNA	GCA_963729525.1	Oxford Nanopore PromethION	mmlong2	5117477	10	21.08483	56.61	96.56	0.89	1	23	d__Bacteria;p__Acidobacteriota;c__Terriglobia;o__Acidoferrales;f__UBA7541;g__Palsa-295;s__Unclassified	d__Bacteria;p__Acidobacteriota;c__Terriglobia;o__Acidoferrales;f__UBA7541;g__Thorningiella;s__Thorningiella terrea	d__Bacteria;p__Acidobacteriota;c__Acidobacteriae;o__Subgroup 2;f__Incertae Sedis;g__Incertae Sedis;s__uncultured bacterium	99.4	MFD03346	Denmark	9.2692	56.2436	Soil	Temperate heath and scrub	Dry heath
MFD02416.bin.1.66	N	Engesvangiaba	tellurica	N.L.	fem.	Microbe found nearby Engesvang	A species found in soil	Formerly ''Palsa-360'' in GTDB R220	sp. nov.	GTDB marker genes and 16S rRNA	GCA_963746945.1	Oxford Nanopore PromethION	mmlong2	3850359	5	23.531155	58.87	94.17	0.02	1	23	d__Bacteria;p__Acidobacteriota;c__Terriglobia;o__Acidoferrales;f__UBA7541;g__Palsa-360;s__Unclassified	d__Bacteria;p__Acidobacteriota;c__Terriglobia;o__Acidoferrales;f__UBA7541;g__Engesvangiaba;s__Engesvangiaba tellurica	d__Bacteria;p__Acidobacteriota;c__Acidobacteriae;o__Subgroup 2;f__Incertae Sedis;g__Incertae Sedis;s__uncultured Acidobacteria bacterium	97.9	MFD02416	Denmark	9.5553	56.8577	Soil	Coastal	Inland salt meadows
MFD03726.bin.1.208	N	Engesvangiaba	sediminis	N.L.	fem.	Microbe found nearby Engesvang	A species found in sediments	Formerly ''Palsa-360'' in GTDB R220	sp. nov.	GTDB marker genes and 16S rRNA	GCA_963710315.1	Oxford Nanopore PromethION	mmlong2	4808171	9	15.0692	57.45	92.02	1.57	1	23	d__Bacteria;p__Acidobacteriota;c__Terriglobia;o__Acidoferrales;f__UBA7541;g__Palsa-360;s__Unclassified	d__Bacteria;p__Acidobacteriota;c__Terriglobia;o__Acidoferrales;f__UBA7541;g__Engesvangiaba;s__Engesvangiaba sediminis	d__Bacteria;p__Acidobacteriota;c__Acidobacteriae;o__Subgroup 2;f__Incertae Sedis;g__Incertae Sedis;s__uncultured Holophaga sp.	98.2	MFD03726	Denmark	9.3209	55.2451	Sediment	Freshwater	Enclosed water
MFD09222.bin.1.96	N	Engesvangiaba	nordica	N.L.	fem.	Microbe found nearby Engesvang	A species from the Nordic region	Formerly ''Palsa-360'' in GTDB R220	Formerly ''uncultured bacterium'' in Silva 138.2	GTDB marker genes and 16S rRNA	GCA_963842135.1	Oxford Nanopore PromethION	mmlong2	6208306	3	106.2036	57.4	98.98	1.14	1	23	d__Bacteria;p__Acidobacteriota;c__Terriglobia;o__Acidoferrales;f__UBA7541;g__Palsa-360;s__Unclassified	d__Bacteria;p__Acidobacteriota;c__Terriglobia;o__Acidoferrales;f__UBA7541;g__Engesvangiaba;s__Engesvangiaba nordica	d__Bacteria;p__Acidobacteriota;c__Acidobacteriae;o__Subgroup 2;f__Incertae Sedis;g__Incertae Sedis;s__uncultured bacterium	99.3	MFD09222	Denmark	9.2476	56.2643	Soil	Temperate heath and scrub	Wet heath
MFD02416.bin.1.129	N	Hjermitsleviaba	orica	N.L.	fem.	Microbe found nearby Vester Hjermitslev	A species found in the coast	Formerly ''Palsa-739'' in GTDB R220	sp. nov.	GTDB marker genes and 16S rRNA	GCA_963732915.1	Oxford Nanopore PromethION	mmlong2	3354226	5	180.8125	71.97	95.41	0.74	1	22	d__Bacteria;p__Actinomycetota;c__Thermoleophilia;o__Gaiellales;f__Gaiellaceae;g__Palsa-739;s__Unclassified	d__Bacteria;p__Actinomycetota;c__Thermoleophilia;o__Gaiellales;f__Gaiellaceae;g__Hjermitsleviaba;s__Hjermitsleviaba orica	d__Bacteria;p__Actinomycetota;c__Thermoleophilia;o__Gaiellales;f__Incertae Sedis;g__Incertae Sedis;s__uncultured Conexibacteraceae bacterium	97.8	MFD02416	Denmark	9.5553	56.8577	Soil	Coastal	Inland salt meadows
MFD05502.bin.1.165	N	Hjermitsleviaba	tellurica	N.L.	fem.	Microbe found nearby Vester Hjermitslev	A species found in soil	Formerly ''Palsa-739'' in GTDB R220	Formerly ''uncultured bacterium'' in Silva 138.2	GTDB marker genes and 16S rRNA	GCA_963835965.1	Oxford Nanopore PromethION	mmlong2	2865992	6	81.20525	69.2	91.84	0.64	1	22	d__Bacteria;p__Actinomycetota;c__Thermoleophilia;o__Gaiellales;f__Gaiellaceae;g__Palsa-739;s__Unclassified	d__Bacteria;p__Actinomycetota;c__Thermoleophilia;o__Gaiellales;f__Gaiellaceae;g__Hjermitsleviaba;s__Hjermitsleviaba tellurica	d__Bacteria;p__Actinomycetota;c__Thermoleophilia;o__Gaiellales;f__Incertae Sedis;g__Incertae Sedis;s__uncultured bacterium	98.9	MFD05502	Denmark	10.3164	55.77	Soil	Temperate heath and scrub	Wet heath
MFD05513.bin.1.2	N	Hjermitsleviaba	similis	N.L.	fem.	Microbe found nearby Vester Hjermitslev	A species related to but distinct from the existing species	Formerly ''Palsa-739'' in GTDB R220	sp. nov.	GTDB marker genes and 16S rRNA	GCA_963744355.1	Oxford Nanopore PromethION	mmlong2	2928106	5	29.26105	68.89	93.71	0.22	1	23	d__Bacteria;p__Actinomycetota;c__Thermoleophilia;o__Gaiellales;f__Gaiellaceae;g__Palsa-739;s__Unclassified	d__Bacteria;p__Actinomycetota;c__Thermoleophilia;o__Gaiellales;f__Gaiellaceae;g__Hjermitsleviaba;s__Hjermitsleviaba similis	d__Bacteria;p__Actinomycetota;c__Thermoleophilia;o__Gaiellales;f__Incertae Sedis;g__Incertae Sedis;s__uncultured bacterium	98.4	MFD05513	Denmark	10.1282	55.9873	Soil	Forests	Temperate forests
MFD05513.bin.1.224	N	Hjermitsleviaba	contigua	N.L.	fem.	Microbe found nearby Vester Hjermitslev	A species related to but distinct from the existing species	Formerly ''Palsa-739'' in GTDB R220	Formerly ''uncultured bacterium'' in Silva 138.2	GTDB marker genes and 16S rRNA	GCA_963805575.1	Oxford Nanopore PromethION	mmlong2	4159606	8	24.59164	68.43	92.27	0.34	1	23	d__Bacteria;p__Actinomycetota;c__Thermoleophilia;o__Gaiellales;f__Gaiellaceae;g__Palsa-739;s__Unclassified	d__Bacteria;p__Actinomycetota;c__Thermoleophilia;o__Gaiellales;f__Gaiellaceae;g__Hjermitsleviaba;s__Hjermitsleviaba contigua	d__Bacteria;p__Actinomycetota;c__Thermoleophilia;o__Gaiellales;f__Incertae Sedis;g__Incertae Sedis;s__uncultured bacterium	98.7	MFD05513	Denmark	10.1282	55.9873	Soil	Forests	Temperate forests
MFD00008.bin.1.21	N	Lysgaardicola	adiacens	N.L.	masch.	Microbe found nearby Lysgaard	A species related to but distinct from the existing species	Formerly ''Palsa-744'' in GTDB R220	sp. nov.	GTDB marker genes and 16S rRNA	GCA_963696615.1	Oxford Nanopore PromethION	mmlong2	3056577	3	52.1084	69.27	94.9	0.95	1	22	d__Bacteria;p__Actinomycetota;c__Thermoleophilia;o__Solirubrobacterales;f__Solirubrobacteraceae;g__Palsa-744;s__Unclassified	d__Bacteria;p__Actinomycetota;c__Thermoleophilia;o__Solirubrobacterales;f__Solirubrobacteraceae;g__Lysgaardicola;s__Lysgaardicola adiacens	d__Bacteria;p__Actinomycetota;c__Thermoleophilia;o__Solirubrobacterales;f__Solirubrobacteraceae;g__Incertae Sedis;s__soil metagenome	98.1	MFD00008	Denmark	9.3609	55.6058	Soil	Forests	Alluvial woodland
MFD00008.bin.1.5	N	Lysgaardicola	vicinus	N.L.	masch.	Microbe found nearby Lysgaard	A species related to but distinct from the existing species	Formerly ''Palsa-744'' in GTDB R220	Formerly ''soil metagenome'' in Silva 138.2	GTDB marker genes and 16S rRNA	GCA_963697945.1	Oxford Nanopore PromethION	mmlong2	3121378	1	32.69344	67.27	93.96	2.65	1	22	d__Bacteria;p__Actinomycetota;c__Thermoleophilia;o__Solirubrobacterales;f__Solirubrobacteraceae;g__Palsa-744;s__Unclassified	d__Bacteria;p__Actinomycetota;c__Thermoleophilia;o__Solirubrobacterales;f__Solirubrobacteraceae;g__Lysgaardicola;s__Lysgaardicola vicinus	d__Bacteria;p__Actinomycetota;c__Thermoleophilia;o__Solirubrobacterales;f__Solirubrobacteraceae;g__Incertae Sedis;s__soil metagenome	99.4	MFD00008	Denmark	9.3609	55.6058	Soil	Forests	Alluvial woodland
MFD00008.bin.3.241	N	Lysgaardicola	similis	N.L.	masch.	Microbe found nearby Lysgaard	A species related to but distinct from the existing species	Formerly ''Palsa-744'' in GTDB R220	Formerly ''soil metagenome'' in Silva 138.2	GTDB marker genes and 16S rRNA	GCA_963702725.1	Oxford Nanopore PromethION	mmlong2	2774876	3	21.932066	68.18	93	2.24	1	21	d__Bacteria;p__Actinomycetota;c__Thermoleophilia;o__Solirubrobacterales;f__Solirubrobacteraceae;g__Palsa-744;s__Unclassified	d__Bacteria;p__Actinomycetota;c__Thermoleophilia;o__Solirubrobacterales;f__Solirubrobacteraceae;g__Lysgaardicola;s__Lysgaardicola similis	d__Bacteria;p__Actinomycetota;c__Thermoleophilia;o__Solirubrobacterales;f__Solirubrobacteraceae;g__Incertae Sedis;s__soil metagenome	99.6	MFD00008	Denmark	9.3609	55.6058	Soil	Forests	Alluvial woodland
MFD00008.bin.c.3	N	Lysgaardicola	terrestris	N.L.	masch.	Microbe found nearby Lysgaard	A species found in soil	Formerly ''Palsa-744'' in GTDB R220	sp. nov.	GTDB marker genes and 16S rRNA	GCA_963706765.1	Oxford Nanopore PromethION	mmlong2	3572410	1	36.464943	68.66	92.72	0.76	1	22	d__Bacteria;p__Actinomycetota;c__Thermoleophilia;o__Solirubrobacterales;f__Solirubrobacteraceae;g__Palsa-744;s__Unclassified	d__Bacteria;p__Actinomycetota;c__Thermoleophilia;o__Solirubrobacterales;f__Solirubrobacteraceae;g__Lysgaardicola;s__Lysgaardicola terrestris	d__Bacteria;p__Actinomycetota;c__Thermoleophilia;o__Solirubrobacterales;f__Solirubrobacteraceae;g__Incertae Sedis;s__soil metagenome	98	MFD00008	Denmark	9.3609	55.6058	Soil	Forests	Alluvial woodland
MFD00031.bin.c.3	N	Lysgaardicola	humicus	N.L.	masch.	Microbe found nearby Lysgaard	A species found in soil	Formerly ''Palsa-744'' in GTDB R220	sp. nov.	GTDB marker genes and 16S rRNA	GCA_963702905.1	Oxford Nanopore PromethION	mmlong2	2851686	1	21.489367	65.47	90.84	1.69	1	22	d__Bacteria;p__Actinomycetota;c__Thermoleophilia;o__Solirubrobacterales;f__Solirubrobacteraceae;g__Palsa-744;s__Unclassified	d__Bacteria;p__Actinomycetota;c__Thermoleophilia;o__Solirubrobacterales;f__Solirubrobacteraceae;g__Lysgaardicola;s__Lysgaardicola humicus	d__Bacteria;p__Actinomycetota;c__Thermoleophilia;o__Solirubrobacterales;f__Solirubrobacteraceae;g__Incertae Sedis;s__soil metagenome	98.5	MFD00031	Denmark	11.4075	55.4191	Soil	Forests	Alluvial woodland
MFD00731.bin.1.248	N	Lysgaardicola	aridus	N.L.	masch.	Microbe found nearby Lysgaard	A species found in sand	Formerly ''Palsa-744'' in GTDB R220	Formerly ''soil metagenome'' in Silva 138.2	GTDB marker genes and 16S rRNA	GCA_963830345.1	Oxford Nanopore PromethION	mmlong2	3824786	4	32.52597	66.67	94.61	1.83	1	22	d__Bacteria;p__Actinomycetota;c__Thermoleophilia;o__Solirubrobacterales;f__Solirubrobacteraceae;g__Palsa-744;s__Unclassified	d__Bacteria;p__Actinomycetota;c__Thermoleophilia;o__Solirubrobacterales;f__Solirubrobacteraceae;g__Lysgaardicola;s__Lysgaardicola aridus	d__Bacteria;p__Actinomycetota;c__Thermoleophilia;o__Solirubrobacterales;f__Solirubrobacteraceae;g__Incertae Sedis;s__soil metagenome	99.7	MFD00731	Denmark	10.2307	56.2289	Soil	Dunes	Inland dunes Empetrum nigrum
MFD00731.bin.c.2	N	Lysgaardicola	glebicus	N.L.	masch.	Microbe found nearby Lysgaard	A species found in soil	Formerly ''Palsa-744'' in GTDB R220	Formerly ''soil metagenome'' in Silva 138.2	GTDB marker genes and 16S rRNA	GCA_963701145.1	Oxford Nanopore PromethION	mmlong2	4696003	1	68.23762	69.21	90.7	1.89	1	22	d__Bacteria;p__Actinomycetota;c__Thermoleophilia;o__Solirubrobacterales;f__Solirubrobacteraceae;g__Palsa-744;s__Unclassified	d__Bacteria;p__Actinomycetota;c__Thermoleophilia;o__Solirubrobacterales;f__Solirubrobacteraceae;g__Lysgaardicola;s__Lysgaardicola glebicus	d__Bacteria;p__Actinomycetota;c__Thermoleophilia;o__Solirubrobacterales;f__Solirubrobacteraceae;g__Incertae Sedis;s__soil metagenome	98.7	MFD00731	Denmark	10.2307	56.2289	Soil	Dunes	Inland dunes Empetrum nigrum
MFD00731.bin.c.3	N	Lysgaardicola	proximus	N.L.	masch.	Microbe found nearby Lysgaard	A species related to but distinct from the existing species	Formerly ''Palsa-744'' in GTDB R220	sp. nov.	GTDB marker genes and 16S rRNA	GCA_963715925.1	Oxford Nanopore PromethION	mmlong2	3834914	1	111.04443	69.28	93.26	3.63	1	22	d__Bacteria;p__Actinomycetota;c__Thermoleophilia;o__Solirubrobacterales;f__Solirubrobacteraceae;g__Palsa-744;s__Unclassified	d__Bacteria;p__Actinomycetota;c__Thermoleophilia;o__Solirubrobacterales;f__Solirubrobacteraceae;g__Lysgaardicola;s__Lysgaardicola proximus	d__Bacteria;p__Actinomycetota;c__Thermoleophilia;o__Solirubrobacterales;f__Solirubrobacteraceae;g__Incertae Sedis;s__soil metagenome	98.5	MFD00731	Denmark	10.2307	56.2289	Soil	Dunes	Inland dunes Empetrum nigrum
MFD00964.bin.1.307	N	Lysgaardicola	borealis	N.L.	masch.	Microbe found nearby Lysgaard	A species from the north	Formerly ''Palsa-744'' in GTDB R220	Formerly ''soil metagenome'' in Silva 138.2	GTDB marker genes and 16S rRNA	GCA_963838405.1	Oxford Nanopore PromethION	mmlong2	3787629	6	40.23531	68.41	93.47	1.21	1	22	d__Bacteria;p__Actinomycetota;c__Thermoleophilia;o__Solirubrobacterales;f__Solirubrobacteraceae;g__Palsa-744;s__Unclassified	d__Bacteria;p__Actinomycetota;c__Thermoleophilia;o__Solirubrobacterales;f__Solirubrobacteraceae;g__Lysgaardicola;s__Lysgaardicola borealis	d__Bacteria;p__Actinomycetota;c__Thermoleophilia;o__Solirubrobacterales;f__Solirubrobacteraceae;g__Incertae Sedis;s__soil metagenome	99.2	MFD00964	Denmark	9.1593	56.0298	Soil	Dunes	Inland dunes Genista
MFD00964.bin.1.50	N	Lysgaardicola	telluricus	N.L.	masch.	Microbe found nearby Lysgaard	A species found in soil	Formerly ''Palsa-744'' in GTDB R220	Formerly ''soil metagenome'' in Silva 138.2	GTDB marker genes and 16S rRNA	GCA_963744245.1	Oxford Nanopore PromethION	mmlong2	3089573	2	19.62254	68.12	93.79	1.7	1	22	d__Bacteria;p__Actinomycetota;c__Thermoleophilia;o__Solirubrobacterales;f__Solirubrobacteraceae;g__Palsa-744;s__Unclassified	d__Bacteria;p__Actinomycetota;c__Thermoleophilia;o__Solirubrobacterales;f__Solirubrobacteraceae;g__Lysgaardicola;s__Lysgaardicola telluricus	d__Bacteria;p__Actinomycetota;c__Thermoleophilia;o__Solirubrobacterales;f__Solirubrobacteraceae;g__Incertae Sedis;s__soil metagenome	99.3	MFD00964	Denmark	9.1593	56.0298	Soil	Dunes	Inland dunes Genista
MFD04463.bin.c.11	N	Lystrupiaba	terrea	N.L.	fem.	Microbe found nearby Lystrup	A species found in soil	Formerly ''Palsa-851'' in GTDB R220	Formerly ''uncultured Chloroflexi bacterium'' in Silva 138.2	GTDB marker genes and 16S rRNA	GCA_963716365.1	Oxford Nanopore PromethION	mmlong2	3234319	1	29.34043	66.81	90.98	0.93	1	23	d__Bacteria;p__Chloroflexota;c__Dormibacteria;o__UBA8260;f__UBA8260;g__Palsa-851;s__Unclassified	d__Bacteria;p__Chloroflexota;c__Dormibacteria;o__Noerhaabales;f__Lystrupiabaceae;g__Lystrupiaba;s__Lystrupiaba terrea	d__Bacteria;p__Chloroflexota;c__AD3;o__Incertae Sedis;f__Incertae Sedis;g__Incertae Sedis;s__uncultured Chloroflexi bacterium	99.3	MFD04463	Denmark	8.2405	55.7443	Soil	Dunes	Wooded dunes
MFD09212.bin.1.122	N	Jerupium	telluricum	N.L.	neut.	Microbe found nearby Jerup	A species found in soil	Formerly ''QHXM01'' in GTDB R220	sp. nov.	GTDB marker genes and 16S rRNA	GCA_963774105.1	Oxford Nanopore PromethION	mmlong2	6292655	7	60.37344	63.66	97.66	2.15	1	22	d__Bacteria;p__Acidobacteriota;c__Blastocatellia;o__Pyrinomonadales;f__Pyrinomonadaceae;g__QHXM01;s__Unclassified	d__Bacteria;p__Acidobacteriota;c__Blastocatellia;o__Pyrinomonadales;f__Pyrinomonadaceae;g__Jerupium;s__Jerupium telluricum	d__Bacteria;p__Acidobacteriota;c__Blastocatellia;o__Pyrinomonadales;f__Pyrinomonadaceae;g__Incertae Sedis;s__uncultured Acidobacteria bacterium	97.8	MFD09212	Denmark	10.25675	56.90241	Soil	Grassland formations	Xeric sand calcareous grasslands
MFD09212.bin.1.141	N	Jerupium	terrestre	N.L.	neut.	Microbe found nearby Jerup	A species found in soil	Formerly ''QHXM01'' in GTDB R220	sp. nov.	GTDB marker genes and 16S rRNA	GCA_963848875.1	Oxford Nanopore PromethION	mmlong2	6524393	7	97.70829	62.6	96.83	2.6	1	22	d__Bacteria;p__Acidobacteriota;c__Blastocatellia;o__Pyrinomonadales;f__Pyrinomonadaceae;g__QHXM01;s__Unclassified	d__Bacteria;p__Acidobacteriota;c__Blastocatellia;o__Pyrinomonadales;f__Pyrinomonadaceae;g__Jerupium;s__Jerupium terrestre	d__Bacteria;p__Acidobacteriota;c__Blastocatellia;o__Pyrinomonadales;f__Pyrinomonadaceae;g__Incertae Sedis;s__uncultured Acidobacteria bacterium	98.3	MFD09212	Denmark	10.25675	56.90241	Soil	Grassland formations	Xeric sand calcareous grasslands
MFD00008.bin.1.132	N	Fraeerimicrobium	terreus	N.L.	neut.	Microbe found nearby Fraeer	A species found in soil	Formerly ''QIAJ01'' in GTDB R220	Formerly ''uncultured bacterium'' in Silva 138.2	GTDB marker genes and 16S rRNA	GCA_963698865.1	Oxford Nanopore PromethION	mmlong2	5652223	8	34.235054	58.23	100	2.24	1	23	d__Bacteria;p__Acidobacteriota;c__Terriglobia;o__Terriglobales;f__SbA1;g__QIAJ01;s__Unclassified	d__Bacteria;p__Acidobacteriota;c__Terriglobia;o__Terriglobales;f__SbA1;g__Fraeerimicrobium;s__Fraeerimicrobium terreus	d__Bacteria;p__Acidobacteriota;c__Acidobacteriae;o__Terriglobales;f__Incertae Sedis;g__Incertae Sedis;s__uncultured bacterium	99.7	MFD00008	Denmark	9.3609	55.6058	Soil	Forests	Alluvial woodland
MFD00082.bin.1.166	N	Fraeerimicrobium	humicum	N.L.	neut.	Microbe found nearby Fraeer	A species found in soil	Formerly ''QIAJ01'' in GTDB R220	Formerly ''uncultured bacterium'' in Silva 138.2	GTDB marker genes and 16S rRNA	GCA_963715965.1	Oxford Nanopore PromethION	mmlong2	5996161	3	59.76996	57.54	100	0.64	1	23	d__Bacteria;p__Acidobacteriota;c__Terriglobia;o__Terriglobales;f__SbA1;g__QIAJ01;s__Unclassified	d__Bacteria;p__Acidobacteriota;c__Terriglobia;o__Terriglobales;f__SbA1;g__Fraeerimicrobium;s__Fraeerimicrobium humicum	d__Bacteria;p__Acidobacteriota;c__Acidobacteriae;o__Terriglobales;f__Incertae Sedis;g__Incertae Sedis;s__uncultured bacterium	99.2	MFD00082	Denmark	9.974	56.7952	Soil	"Bogs, mires and fens"	Degraded raised bog
MFD01231.bin.1.45	N	Fraeerimicrobium	lacustre	N.L.	neut.	Microbe found nearby Fraeer	A species found in a lake	Formerly ''QIAJ01'' in GTDB R220	Formerly ''uncultured bacterium'' in Silva 138.2	GTDB marker genes and 16S rRNA	GCA_963845585.1	Oxford Nanopore PromethION	mmlong2	5251134	3	153.50371	58.76	99.96	2.39	1	23	d__Bacteria;p__Acidobacteriota;c__Terriglobia;o__Terriglobales;f__SbA1;g__QIAJ01;s__Unclassified	d__Bacteria;p__Acidobacteriota;c__Terriglobia;o__Terriglobales;f__SbA1;g__Fraeerimicrobium;s__Fraeerimicrobium lacustre	d__Bacteria;p__Acidobacteriota;c__Acidobacteriae;o__Terriglobales;f__Incertae Sedis;g__Incertae Sedis;s__uncultured bacterium	99.1	MFD01231	Denmark	9.410917085	54.97351103	Sediment	Freshwater	"Lake, Dystrophic"
MFD01231.bin.1.98	N	Fraeerimicrobium	propinquum	N.L.	neut.	Microbe found nearby Fraeer	A species related to but distinct from the existing species	Formerly ''QIAJ01'' in GTDB R220	Formerly ''uncultured bacterium'' in Silva 138.2	GTDB marker genes and 16S rRNA	GCA_963794965.1	Oxford Nanopore PromethION	mmlong2	5584501	5	190.58717	57.98	99.75	1.93	1	23	d__Bacteria;p__Acidobacteriota;c__Terriglobia;o__Terriglobales;f__SbA1;g__QIAJ01;s__Unclassified	d__Bacteria;p__Acidobacteriota;c__Terriglobia;o__Terriglobales;f__SbA1;g__Fraeerimicrobium;s__Fraeerimicrobium propinquum	d__Bacteria;p__Acidobacteriota;c__Acidobacteriae;o__Terriglobales;f__Incertae Sedis;g__Incertae Sedis;s__uncultured bacterium	99	MFD01231	Denmark	9.410917085	54.97351103	Sediment	Freshwater	"Lake, Dystrophic"
MFD01476.bin.1.148	N	Fraeerimicrobium	vicinum	N.L.	neut.	Microbe found nearby Fraeer	A species related to but distinct from the existing species	Formerly ''QIAJ01'' in GTDB R220	Formerly ''uncultured bacterium'' in Silva 138.2	GTDB marker genes and 16S rRNA	GCA_963818945.1	Oxford Nanopore PromethION	mmlong2	4319706	7	91.67575	58.58	95.87	1.54	1	22	d__Bacteria;p__Acidobacteriota;c__Terriglobia;o__Terriglobales;f__SbA1;g__QIAJ01;s__Unclassified	d__Bacteria;p__Acidobacteriota;c__Terriglobia;o__Terriglobales;f__SbA1;g__Fraeerimicrobium;s__Fraeerimicrobium vicinum	d__Bacteria;p__Acidobacteriota;c__Acidobacteriae;o__Terriglobales;f__Incertae Sedis;g__Incertae Sedis;s__uncultured bacterium	99.9	MFD01476	Denmark	8.826613964	56.50596583	Sediment	Freshwater	"Lake, Dystrophic"
MFD01476.bin.1.224	N	Fraeerimicrobium	nordicum	N.L.	neut.	Microbe found nearby Fraeer	A species from the Nordic region	Formerly ''QIAJ01'' in GTDB R220	Formerly ''uncultured bacterium'' in Silva 138.2	GTDB marker genes and 16S rRNA	GCA_963837665.1	Oxford Nanopore PromethION	mmlong2	5180219	10	35.280087	58.27	96.95	1.88	1	23	d__Bacteria;p__Acidobacteriota;c__Terriglobia;o__Terriglobales;f__SbA1;g__QIAJ01;s__Unclassified	d__Bacteria;p__Acidobacteriota;c__Terriglobia;o__Terriglobales;f__SbA1;g__Fraeerimicrobium;s__Fraeerimicrobium nordicum	d__Bacteria;p__Acidobacteriota;c__Acidobacteriae;o__Terriglobales;f__Incertae Sedis;g__Incertae Sedis;s__uncultured bacterium	99.2	MFD01476	Denmark	8.826613964	56.50596583	Sediment	Freshwater	"Lake, Dystrophic"
MFD01716.bin.1.115	N	Fraeerimicrobium	europaeum	N.L.	neut.	Microbe found nearby Fraeer	A species from Europe	Formerly ''QIAJ01'' in GTDB R220	Formerly ''uncultured bacterium'' in Silva 138.2	GTDB marker genes and 16S rRNA	GCA_963747545.1	Oxford Nanopore PromethION	mmlong2	4912082	8	360.9031	58.08	96.77	0.7	1	22	d__Bacteria;p__Acidobacteriota;c__Terriglobia;o__Terriglobales;f__SbA1;g__QIAJ01;s__Unclassified	d__Bacteria;p__Acidobacteriota;c__Terriglobia;o__Terriglobales;f__SbA1;g__Fraeerimicrobium;s__Fraeerimicrobium europaeum	d__Bacteria;p__Acidobacteriota;c__Acidobacteriae;o__Terriglobales;f__Incertae Sedis;g__Incertae Sedis;s__uncultured bacterium	99	MFD01716	Denmark	8.9253	56.4939	Soil	Temperate heath and scrub	Wet heath
MFD03044.bin.1.45	N	Fraeerimicrobium	proximum	N.L.	neut.	Microbe found nearby Fraeer	A species related to but distinct from the existing species	Formerly ''QIAJ01'' in GTDB R220	Formerly ''uncultured bacterium'' in Silva 138.2	GTDB marker genes and 16S rRNA	GCA_963773645.1	Oxford Nanopore PromethION	mmlong2	6131451	4	41.98281	58.08	99.37	2.46	1	23	d__Bacteria;p__Acidobacteriota;c__Terriglobia;o__Terriglobales;f__SbA1;g__QIAJ01;s__Unclassified	d__Bacteria;p__Acidobacteriota;c__Terriglobia;o__Terriglobales;f__SbA1;g__Fraeerimicrobium;s__Fraeerimicrobium proximum	d__Bacteria;p__Acidobacteriota;c__Acidobacteriae;o__Terriglobales;f__Incertae Sedis;g__Incertae Sedis;s__uncultured bacterium	99.6	MFD03044	Denmark	10.3691	56.425	Sediment	Freshwater	"Rainwater basin, City"
MFD03346.bin.1.121	N	Fraeerimicrobium	simile	N.L.	neut.	Microbe found nearby Fraeer	A species related to but distinct from the existing species	Formerly ''QIAJ01'' in GTDB R220	Formerly ''uncultured bacterium'' in Silva 138.2	GTDB marker genes and 16S rRNA	GCA_963772195.1	Oxford Nanopore PromethION	mmlong2	5102680	9	69.55231	57.51	100	1.28	1	23	d__Bacteria;p__Acidobacteriota;c__Terriglobia;o__Terriglobales;f__SbA1;g__QIAJ01;s__Unclassified	d__Bacteria;p__Acidobacteriota;c__Terriglobia;o__Terriglobales;f__SbA1;g__Fraeerimicrobium;s__Fraeerimicrobium simile	d__Bacteria;p__Acidobacteriota;c__Acidobacteriae;o__Terriglobales;f__Incertae Sedis;g__Incertae Sedis;s__uncultured bacterium	99.1	MFD03346	Denmark	9.2692	56.2436	Soil	Temperate heath and scrub	Dry heath
MFD03399.bin.1.20	N	Fraeerimicrobium	septentrionale	N.L.	neut.	Microbe found nearby Fraeer	A species from the north	Formerly ''QIAJ01'' in GTDB R220	Formerly ''uncultured bacterium'' in Silva 138.2	GTDB marker genes and 16S rRNA	GCA_963803645.1	Oxford Nanopore PromethION	mmlong2	4903799	8	100.9916	58.4	99.94	0.38	1	23	d__Bacteria;p__Acidobacteriota;c__Terriglobia;o__Terriglobales;f__SbA1;g__QIAJ01;s__Unclassified	d__Bacteria;p__Acidobacteriota;c__Terriglobia;o__Terriglobales;f__SbA1;g__Fraeerimicrobium;s__Fraeerimicrobium septentrionale	d__Bacteria;p__Acidobacteriota;c__Acidobacteriae;o__Terriglobales;f__Incertae Sedis;g__Incertae Sedis;s__uncultured bacterium	98.7	MFD03399	Denmark	9.77493	57.18586	Soil	Grassland formations	Species-rich Nardus upland grassland
MFD01223.bin.1.83	N	Vonsildiana	affinis	N.L.	fem.	Microbe found nearby Vonsild	A species related to but distinct from the existing species	Formerly ''RAAP-2'' in GTDB R220	Formerly ''uncultured bacterium'' in Silva 138.2	GTDB marker genes and 16S rRNA	GCA_963849155.1	Oxford Nanopore PromethION	mmlong2	2116943	4	29.461931	63.65	96.4	0.17	1	22	d__Bacteria;p__Actinomycetota;c__Acidimicrobiia;o__Acidimicrobiales;f__RAAP-2;g__RAAP-2;s__Unclassified	d__Bacteria;p__Actinomycetota;c__Acidimicrobiia;o__Acidimicrobiales;f__Vonsildianaceae;g__Vonsildiana;s__Vonsildiana affinis	d__Bacteria;p__Actinomycetota;c__Acidimicrobiia;o__Acidimicrobiales;f__Acidimicrobiaceae;g__Incertae Sedis;s__uncultured bacterium	98.9	MFD01223	Denmark	9.4106	54.9741	Soil	"Bogs, mires and fens"	Quaking bogs
MFD01633.bin.1.170	N	Vonsildiana	arida	N.L.	fem.	Microbe found nearby Vonsild	A species found in sand	Formerly ''RAAP-2'' in GTDB R220	sp. nov.	GTDB marker genes and 16S rRNA	GCA_963791015.1	Oxford Nanopore PromethION	mmlong2	2325335	8	17.24063	62.31	92.23	1.59	1	22	d__Bacteria;p__Actinomycetota;c__Acidimicrobiia;o__Acidimicrobiales;f__RAAP-2;g__RAAP-2;s__Unclassified	d__Bacteria;p__Actinomycetota;c__Acidimicrobiia;o__Acidimicrobiales;f__Vonsildianaceae;g__Vonsildiana;s__Vonsildiana arida	d__Bacteria;p__Actinomycetota;c__Acidimicrobiia;o__Acidimicrobiales;f__Acidimicrobiaceae;g__Incertae Sedis;s__uncultured Actinomycetales bacterium	98.3	MFD01633	Denmark	10.4749	57.6666	Soil	Dunes	Wooded dunes
MFD01716.bin.1.10	N	Vonsildiana	proxima	N.L.	fem.	Microbe found nearby Vonsild	A species related to but distinct from the existing species	Formerly ''RAAP-2'' in GTDB R220	sp. nov.	GTDB marker genes and 16S rRNA	GCA_963827115.1	Oxford Nanopore PromethION	mmlong2	2407840	2	58.13611	64.53	97.45	1.29	1	22	d__Bacteria;p__Actinomycetota;c__Acidimicrobiia;o__Acidimicrobiales;f__RAAP-2;g__RAAP-2;s__Unclassified	d__Bacteria;p__Actinomycetota;c__Acidimicrobiia;o__Acidimicrobiales;f__Vonsildianaceae;g__Vonsildiana;s__Vonsildiana proxima	d__Bacteria;p__Actinomycetota;c__Acidimicrobiia;o__Acidimicrobiales;f__Acidimicrobiaceae;g__Incertae Sedis;s__uncultured bacterium	97.7	MFD01716	Denmark	8.9253	56.4939	Soil	Temperate heath and scrub	Wet heath
MFD03346.bin.1.10	N	Vonsildiana	terrea	N.L.	fem.	Microbe found nearby Vonsild	A species found in soil	Formerly ''RAAP-2'' in GTDB R220	Formerly ''uncultured Actinomycetales bacterium'' in Silva 138.2	GTDB marker genes and 16S rRNA	GCA_963716515.1	Oxford Nanopore PromethION	mmlong2	2583106	1	21.39296	62.84	94.55	1.75	1	22	d__Bacteria;p__Actinomycetota;c__Acidimicrobiia;o__Acidimicrobiales;f__RAAP-2;g__RAAP-2;s__Unclassified	d__Bacteria;p__Actinomycetota;c__Acidimicrobiia;o__Acidimicrobiales;f__Vonsildianaceae;g__Vonsildiana;s__Vonsildiana terrea	d__Bacteria;p__Actinomycetota;c__Acidimicrobiia;o__Acidimicrobiales;f__Acidimicrobiaceae;g__Incertae Sedis;s__uncultured Actinomycetales bacterium	99.1	MFD03346	Denmark	9.2692	56.2436	Soil	Temperate heath and scrub	Dry heath
MFD03399.bin.1.96	N	Vonsildiana	vicina	N.L.	fem.	Microbe found nearby Vonsild	A species related to but distinct from the existing species	Formerly ''RAAP-2'' in GTDB R220	sp. nov.	GTDB marker genes and 16S rRNA	GCA_963803745.1	Oxford Nanopore PromethION	mmlong2	2232216	4	97.96101	61.14	94.74	0.44	1	21	d__Bacteria;p__Actinomycetota;c__Acidimicrobiia;o__Acidimicrobiales;f__RAAP-2;g__RAAP-2;s__Unclassified	d__Bacteria;p__Actinomycetota;c__Acidimicrobiia;o__Acidimicrobiales;f__Vonsildianaceae;g__Vonsildiana;s__Vonsildiana vicina	d__Bacteria;p__Actinomycetota;c__Acidimicrobiia;o__Acidimicrobiales;f__Acidimicrobiaceae;g__Incertae Sedis;s__uncultured bacterium	97.9	MFD03399	Denmark	9.77493	57.18586	Soil	Grassland formations	Species-rich Nardus upland grassland
MFD04434.bin.c.1	N	Vonsildiana	septentrionalis	N.L.	fem.	Microbe found nearby Vonsild	A species from the north	Formerly ''RAAP-2'' in GTDB R220	Formerly ''uncultured Actinomycetales bacterium'' in Silva 138.2	GTDB marker genes and 16S rRNA	GCA_963706305.1	Oxford Nanopore PromethION	mmlong2	2967470	1	66.21729	62.34	95.24	2.61	1	22	d__Bacteria;p__Actinomycetota;c__Acidimicrobiia;o__Acidimicrobiales;f__RAAP-2;g__RAAP-2;s__Unclassified	d__Bacteria;p__Actinomycetota;c__Acidimicrobiia;o__Acidimicrobiales;f__Vonsildianaceae;g__Vonsildiana;s__Vonsildiana septentrionalis	d__Bacteria;p__Actinomycetota;c__Acidimicrobiia;o__Acidimicrobiales;f__Acidimicrobiaceae;g__Incertae Sedis;s__uncultured Actinomycetales bacterium	99	MFD04434	Denmark	8.2445	55.7463	Soil	Dunes	Wooded dunes
MFD04463.bin.1.14	N	Vonsildiana	tellurica	N.L.	fem.	Microbe found nearby Vonsild	A species found in soil	Formerly ''RAAP-2'' in GTDB R220	sp. nov.	GTDB marker genes and 16S rRNA	GCA_963844615.1	Oxford Nanopore PromethION	mmlong2	2394247	4	15.82234	62.93	93.23	0.91	1	22	d__Bacteria;p__Actinomycetota;c__Acidimicrobiia;o__Acidimicrobiales;f__RAAP-2;g__RAAP-2;s__Unclassified	d__Bacteria;p__Actinomycetota;c__Acidimicrobiia;o__Acidimicrobiales;f__Vonsildianaceae;g__Vonsildiana;s__Vonsildiana tellurica	d__Bacteria;p__Actinomycetota;c__Acidimicrobiia;o__Acidimicrobiales;f__Acidimicrobiaceae;g__Incertae Sedis;s__uncultured Actinomycetales bacterium	98.3	MFD04463	Denmark	8.2405	55.7443	Soil	Dunes	Wooded dunes
MFD05512.bin.1.254	N	Vonsildiana	propinqua	N.L.	fem.	Microbe found nearby Vonsild	A species related to but distinct from the existing species	Formerly ''RAAP-2'' in GTDB R220	sp. nov.	GTDB marker genes and 16S rRNA	GCA_963805595.1	Oxford Nanopore PromethION	mmlong2	2408471	10	77.57763	69.82	95.31	0.79	1	22	d__Bacteria;p__Actinomycetota;c__Acidimicrobiia;o__Acidimicrobiales;f__RAAP-2;g__RAAP-2;s__Unclassified	d__Bacteria;p__Actinomycetota;c__Acidimicrobiia;o__Acidimicrobiales;f__Vonsildianaceae;g__Vonsildiana;s__Vonsildiana propinqua	d__Bacteria;p__Actinomycetota;c__Acidimicrobiia;o__Acidimicrobiales;f__Acidimicrobiaceae;g__Incertae Sedis;s__uncultured Actinomycetales bacterium	98.5	MFD05512	Denmark	12.3921	55.7882	Soil	Forests	Bog woodland
MFD05512.bin.1.82	N	Vonsildiana	humica	N.L.	fem.	Microbe found nearby Vonsild	A species found in soil	Formerly ''RAAP-2'' in GTDB R220	Formerly ''uncultured Actinomycetales bacterium'' in Silva 138.2	GTDB marker genes and 16S rRNA	GCA_963732125.1	Oxford Nanopore PromethION	mmlong2	2461388	7	24.65942	63.12	92.62	1.32	1	22	d__Bacteria;p__Actinomycetota;c__Acidimicrobiia;o__Acidimicrobiales;f__RAAP-2;g__RAAP-2;s__Unclassified	d__Bacteria;p__Actinomycetota;c__Acidimicrobiia;o__Acidimicrobiales;f__Vonsildianaceae;g__Vonsildiana;s__Vonsildiana humica	d__Bacteria;p__Actinomycetota;c__Acidimicrobiia;o__Acidimicrobiales;f__Acidimicrobiaceae;g__Incertae Sedis;s__uncultured Actinomycetales bacterium	99.1	MFD05512	Denmark	12.3921	55.7882	Soil	Forests	Bog woodland
MFD05513.bin.c.3	N	Vonsildiana	glebica	N.L.	fem.	Microbe found nearby Vonsild	A species found in soil	Formerly ''RAAP-2'' in GTDB R220	sp. nov.	GTDB marker genes and 16S rRNA	GCA_963715855.1	Oxford Nanopore PromethION	mmlong2	2295861	1	38.33367	65.57	93.59	0.68	1	22	d__Bacteria;p__Actinomycetota;c__Acidimicrobiia;o__Acidimicrobiales;f__RAAP-2;g__RAAP-2;s__Unclassified	d__Bacteria;p__Actinomycetota;c__Acidimicrobiia;o__Acidimicrobiales;f__Vonsildianaceae;g__Vonsildiana;s__Vonsildiana glebica	d__Bacteria;p__Actinomycetota;c__Acidimicrobiia;o__Acidimicrobiales;f__Acidimicrobiaceae;g__Incertae Sedis;s__uncultured Actinomycetales bacterium	98.2	MFD05513	Denmark	10.1282	55.9873	Soil	Forests	Temperate forests
MFD03726.bin.1.62	N	Hadersleviella	proxima	N.L.	fem.	Microbe found nearby Haderslev	A species related to but distinct from the existing species	Formerly ''RBG-13-51-18'' in GTDB R220	sp. nov.	GTDB marker genes and 16S rRNA	GCA_963796365.1	Oxford Nanopore PromethION	mmlong2	3571606	5	20.93253	48.6	94.26	2.98	1	23	d__Bacteria;p__Chloroflexota;c__Dehalococcoidia;o__Dehalococcoidales;f__RBG-16-60-22;g__RBG-13-51-18;s__Unclassified	d__Bacteria;p__Chloroflexota;c__Dehalococcoidia;o__Dehalococcoidales;f__Hadersleviellaceae;g__Hadersleviella;s__Hadersleviella proxima	d__Bacteria;p__Chloroflexota;c__Dehalococcoidia;o__GIF3;f__Incertae Sedis;g__Incertae Sedis;s__Dehalococcoidia bacterium SCGC AB-540-C11	91.8	MFD03726	Denmark	9.3209	55.2451	Sediment	Freshwater	Enclosed water
MFD04408.bin.1.159	N	Hadersleviella	septentrionalis	N.L.	fem.	Microbe found nearby Haderslev	A species from the north	Formerly ''RBG-13-51-18'' in GTDB R220	sp. nov.	GTDB marker genes and 16S rRNA	GCA_963739515.1	Oxford Nanopore PromethION	mmlong2	2077630	8	38.12795	54.54	95.05	2.91	1	22	d__Bacteria;p__Chloroflexota;c__Dehalococcoidia;o__Dehalococcoidales;f__RBG-16-60-22;g__RBG-13-51-18;s__Unclassified	d__Bacteria;p__Chloroflexota;c__Dehalococcoidia;o__Dehalococcoidales;f__Hadersleviellaceae;g__Hadersleviella;s__Hadersleviella septentrionalis	d__Bacteria;p__Chloroflexota;c__Dehalococcoidia;o__GIF3;f__Incertae Sedis;g__Incertae Sedis;s__uncultured bacterium	92.8	MFD04408	Denmark	9.5294	55.2455	Sediment	Freshwater	"Rainwater basin, City"
MFD04408.bin.1.182	N	Hadersleviella	danica	N.L.	fem.	Microbe found nearby Haderslev	A species from Denmark	Formerly ''RBG-13-51-18'' in GTDB R220	sp. nov.	GTDB marker genes and 16S rRNA	GCA_963727315.1	Oxford Nanopore PromethION	mmlong2	1946616	4	42.51294	55.67	92.64	0.39	1	23	d__Bacteria;p__Chloroflexota;c__Dehalococcoidia;o__Dehalococcoidales;f__RBG-16-60-22;g__RBG-13-51-18;s__Unclassified	d__Bacteria;p__Chloroflexota;c__Dehalococcoidia;o__Dehalococcoidales;f__Hadersleviellaceae;g__Hadersleviella;s__Hadersleviella danica	d__Bacteria;p__Chloroflexota;c__Dehalococcoidia;o__GIF3;f__Incertae Sedis;g__Incertae Sedis;s__uncultured bacterium	92.5	MFD04408	Denmark	9.5294	55.2455	Sediment	Freshwater	"Rainwater basin, City"
MFD04716.bin.1.88	N	Hadbjergicola	similis	N.L.	masch.	Microbe found nearby Hadbjerg	A species related to but distinct from the existing species	Formerly ''RBG-16-49-21'' in GTDB R220	sp. nov.	GTDB marker genes and 16S rRNA	GCA_963732395.1	Oxford Nanopore PromethION	mmlong2	4109930	8	26.80021	53.75	96.7	2.19	1	23	d__Bacteria;p__Spirochaetota;c__UBA4802;o__UBA4802;f__UBA5550;g__RBG-16-49-21;s__Unclassified	d__Bacteria;p__Spirochaetota;c__Hadbjergicolia;o__Hadbjergicolales;f__Hadbjergicolaceae;g__Hadbjergicola;s__Hadbjergicola similis	d__Bacteria;p__Spirochaetota;c__Leptospirae;o__Leptospirales;f__Leptospiraceae;g__RBG-16-49-21;s__uncultured Spirochaetes bacterium	97.7	MFD04716	Denmark	10.6081	57.7283	Sediment	Freshwater	"Rainwater basin, City"
MFD05442.bin.1.291	N	Skyumibacterium	litorale	N.L.	neut.	Microbe found nearby Skyum	A species found in the coast	Formerly ''RHKX01'' in GTDB R220	Formerly ''metagenome'' in Silva 138.2	GTDB marker genes and 16S rRNA	GCA_963820055.1	Oxford Nanopore PromethION	mmlong2	3035643	6	26.47483	70.14	94.66	0.61	2	23	d__Bacteria;p__Actinomycetota;c__Thermoleophilia;o__Solirubrobacterales;f__70-9;g__RHKX01;s__Unclassified	d__Bacteria;p__Actinomycetota;c__Thermoleophilia;o__Solirubrobacterales;f__Maglebybacteriaceae;g__Skyumibacterium;s__Skyumibacterium litorale	d__Bacteria;p__Actinomycetota;c__Thermoleophilia;o__Solirubrobacterales;f__67-14;g__Incertae Sedis;s__metagenome	99.3	MFD05442	Denmark	8.822	56.7368	Soil	Coastal	Atlantic salt meadows
MFD09730.bin.1.164	N	Skyumibacterium	propinquum	N.L.	neut.	Microbe found nearby Skyum	A species related to but distinct from the existing species	Formerly ''RHKX01'' in GTDB R220	Formerly ''uncultured bacterium'' in Silva 138.2	GTDB marker genes and 16S rRNA	GCA_963743875.1	Oxford Nanopore PromethION	mmlong2	2947862	5	18.31224	67.92	92.05	1.64	1	22	d__Bacteria;p__Actinomycetota;c__Thermoleophilia;o__Solirubrobacterales;f__70-9;g__RHKX01;s__Unclassified	d__Bacteria;p__Actinomycetota;c__Thermoleophilia;o__Solirubrobacterales;f__Maglebybacteriaceae;g__Skyumibacterium;s__Skyumibacterium propinquum	d__Bacteria;p__Actinomycetota;c__Thermoleophilia;o__Solirubrobacterales;f__67-14;g__Incertae Sedis;s__uncultured bacterium	99.5	MFD09730	Denmark	12.0297	55.5412	Sediment	Freshwater	"Rainwater basin, Dried"
MFD09730.bin.1.93	N	Skyumibacterium	scandium	N.L.	neut.	Microbe found nearby Skyum	A species from Scandinavia	Formerly ''RHKX01'' in GTDB R220	sp. nov.	GTDB marker genes and 16S rRNA	GCA_963823565.1	Oxford Nanopore PromethION	mmlong2	2883287	3	26.14305	71.92	96.1	0.02	1	23	d__Bacteria;p__Actinomycetota;c__Thermoleophilia;o__Solirubrobacterales;f__70-9;g__RHKX01;s__Unclassified	d__Bacteria;p__Actinomycetota;c__Thermoleophilia;o__Solirubrobacterales;f__Maglebybacteriaceae;g__Skyumibacterium;s__Skyumibacterium scandium	d__Bacteria;p__Actinomycetota;c__Thermoleophilia;o__Solirubrobacterales;f__67-14;g__Incertae Sedis;s__metagenome	98.6	MFD09730	Denmark	12.0297	55.5412	Sediment	Freshwater	"Rainwater basin, Dried"
MFD09779.bin.1.215	N	Skyumibacterium	proximum	N.L.	neut.	Microbe found nearby Skyum	A species related to but distinct from the existing species	Formerly ''RHKX01'' in GTDB R220	Formerly ''metagenome'' in Silva 138.2	GTDB marker genes and 16S rRNA	GCA_963784885.1	Oxford Nanopore PromethION	mmlong2	2745531	7	17.71655	69.93	96.28	0.88	1	22	d__Bacteria;p__Actinomycetota;c__Thermoleophilia;o__Solirubrobacterales;f__70-9;g__RHKX01;s__Unclassified	d__Bacteria;p__Actinomycetota;c__Thermoleophilia;o__Solirubrobacterales;f__Maglebybacteriaceae;g__Skyumibacterium;s__Skyumibacterium proximum	d__Bacteria;p__Actinomycetota;c__Thermoleophilia;o__Solirubrobacterales;f__67-14;g__Incertae Sedis;s__metagenome	99.8	MFD09779	Denmark	8.1689	56.3361	Sediment	Saltwater	Fjords
MFD09779.bin.1.91	N	Skyumibacterium	contiguum	N.L.	neut.	Microbe found nearby Skyum	A species related to but distinct from the existing species	Formerly ''RHKX01'' in GTDB R220	Formerly ''uncultured bacterium'' in Silva 138.2	GTDB marker genes and 16S rRNA	GCA_963823275.1	Oxford Nanopore PromethION	mmlong2	2744712	3	17.25005	68.36	91.52	0.11	1	22	d__Bacteria;p__Actinomycetota;c__Thermoleophilia;o__Solirubrobacterales;f__70-9;g__RHKX01;s__Unclassified	d__Bacteria;p__Actinomycetota;c__Thermoleophilia;o__Solirubrobacterales;f__Maglebybacteriaceae;g__Skyumibacterium;s__Skyumibacterium contiguum	d__Bacteria;p__Actinomycetota;c__Thermoleophilia;o__Solirubrobacterales;f__67-14;g__Incertae Sedis;s__uncultured bacterium	99.3	MFD09779	Denmark	8.1689	56.3361	Sediment	Saltwater	Fjords
MFD09730.bin.1.56	N	Vennebjergiella	sediminis	N.L.	fem.	Microbe found nearby Vennebjerg	A species found in sediments	Formerly ''RPQJ01'' in GTDB R220	Formerly ''uncultured bacterium'' in Silva 138.2	GTDB marker genes and 16S rRNA	GCA_963778185.1	Oxford Nanopore PromethION	mmlong2	3628116	5	20.60726	68.53	99.03	0.09	1	20	d__Bacteria;p__Pseudomonadota;c__Gammaproteobacteria;o__Steroidobacterales;f__Steroidobacteraceae;g__RPQJ01;s__Unclassified	d__Bacteria;p__Pseudomonadota;c__Gammaproteobacteria;o__Steroidobacterales;f__Steroidobacteraceae;g__Vennebjergiella;s__Vennebjergiella sediminis	d__Bacteria;p__Pseudomonadota;c__Gammaproteobacteria;o__Steroidobacterales;f__Steroidobacteraceae;g__Incertae Sedis;s__uncultured bacterium	99.7	MFD09730	Denmark	12.0297	55.5412	Sediment	Freshwater	"Rainwater basin, Dried"
MFD09779.bin.1.284	N	Vennebjergiella	septentrionalis	N.L.	fem.	Microbe found nearby Vennebjerg	A species from the north	Formerly ''RPQJ01'' in GTDB R220	Formerly ''uncultured bacterium'' in Silva 138.2	GTDB marker genes and 16S rRNA	GCA_963823535.1	Oxford Nanopore PromethION	mmlong2	3834348	7	66.59068	67.91	98.38	0.3	1	20	d__Bacteria;p__Pseudomonadota;c__Gammaproteobacteria;o__Steroidobacterales;f__Steroidobacteraceae;g__RPQJ01;s__Unclassified	d__Bacteria;p__Pseudomonadota;c__Gammaproteobacteria;o__Steroidobacterales;f__Steroidobacteraceae;g__Vennebjergiella;s__Vennebjergiella septentrionalis	d__Bacteria;p__Pseudomonadota;c__Gammaproteobacteria;o__Steroidobacterales;f__Steroidobacteraceae;g__Incertae Sedis;s__uncultured bacterium	99.2	MFD09779	Denmark	8.1689	56.3361	Sediment	Saltwater	Fjords
MFD09779.bin.1.325	N	Vennebjergiella	contigua	N.L.	fem.	Microbe found nearby Vennebjerg	A species related to but distinct from the existing species	Formerly ''RPQJ01'' in GTDB R220	Formerly ''uncultured gamma proteobacterium'' in Silva 138.2	GTDB marker genes and 16S rRNA	GCA_963793005.1	Oxford Nanopore PromethION	mmlong2	3310673	10	34.10345	65.91	99.73	1.68	1	21	d__Bacteria;p__Pseudomonadota;c__Gammaproteobacteria;o__Steroidobacterales;f__Steroidobacteraceae;g__RPQJ01;s__Unclassified	d__Bacteria;p__Pseudomonadota;c__Gammaproteobacteria;o__Steroidobacterales;f__Steroidobacteraceae;g__Vennebjergiella;s__Vennebjergiella contigua	d__Bacteria;p__Pseudomonadota;c__Gammaproteobacteria;o__Steroidobacterales;f__Steroidobacteraceae;g__Incertae Sedis;s__uncultured gamma proteobacterium	99.1	MFD09779	Denmark	8.1689	56.3361	Sediment	Saltwater	Fjords
MFD04944.bin.1.9	N	Keldbybacterium	affine	N.L.	neut.	Microbe found nearby Keldby	A species related to but distinct from the existing species	Formerly ''SCUD01'' in GTDB R220	Formerly ''uncultured bacterium'' in Silva 138.2	GTDB marker genes and 16S rRNA	GCA_963836275.1	Oxford Nanopore PromethION	mmlong2	3076252	4	26.13382	68.51	91.41	0.15	1	21	d__Bacteria;p__Pseudomonadota;c__Gammaproteobacteria;o__Steroidobacterales;f__Steroidobacteraceae;g__SCUD01;s__Unclassified	d__Bacteria;p__Pseudomonadota;c__Gammaproteobacteria;o__Steroidobacterales;f__Steroidobacteraceae;g__Keldbybacterium;s__Keldbybacterium affine	d__Bacteria;p__Pseudomonadota;c__Gammaproteobacteria;o__PLTA13;f__Incertae Sedis;g__Incertae Sedis;s__uncultured bacterium	99	MFD04944	Denmark	10.5752	54.9596	Soil	Grassland formations	Species-rich Nardus upland grassland
MFD09779.bin.1.205	N	Doelbyus	similis	N.L.	masch.	Microbe found nearby Doelby	A species related to but distinct from the existing species	Formerly ''SG8-30'' in GTDB R220	Formerly ''uncultured bacterium'' in Silva 138.2	GTDB marker genes and 16S rRNA	GCA_963715485.1	Oxford Nanopore PromethION	mmlong2	3126581	1	36.83527	66.07	92.24	0.19	1	22	d__Bacteria;p__Pseudomonadota;c__Gammaproteobacteria;o__Steroidobacterales;f__Steroidobacteraceae;g__SG8-30;s__Unclassified	d__Bacteria;p__Pseudomonadota;c__Gammaproteobacteria;o__Steroidobacterales;f__Steroidobacteraceae;g__Doelbyus;s__Doelbyus similis	d__Bacteria;p__Pseudomonadota;c__Gammaproteobacteria;o__PLTA13;f__Incertae Sedis;g__Incertae Sedis;s__uncultured bacterium	99.3	MFD09779	Denmark	8.1689	56.3361	Sediment	Saltwater	Fjords
MFD01721.bin.1.169	N	Munkeboum	litorale	N.L.	neut.	Microbe found nearby Munkebo	A species found in the coast	Formerly ''SLCC01'' in GTDB R220	sp. nov.	GTDB marker genes and 16S rRNA	GCA_963741945.1	Oxford Nanopore PromethION	mmlong2	4088639	8	162.53915	70.01	96.73	2.19	1	22	d__Bacteria;p__Gemmatimonadota;c__Gemmatimonadetes;o__Longimicrobiales;f__RSA9;g__SLCC01;s__Unclassified	d__Bacteria;p__Gemmatimonadota;c__Gemmatimonadetes;o__Longimicrobiales;f__Munkeboaceae;g__Munkeboum;s__Munkeboum litorale	d__Bacteria;p__Gemmatimonadota;c__BD2-11 terrestrial group;o__Incertae Sedis;f__Incertae Sedis;g__Incertae Sedis;s__uncultured bacterium	95.1	MFD01721	Denmark	10.5019	55.4485	Soil	Coastal	Salicornia mud
MFD04434.bin.1.151	N	Periskagenivita	contigua	N.L.	fem.	Microbe found nearby Skagen	A species related to but distinct from the existing species	Formerly ''SOIL31'' in GTDB R220	sp. nov.	GTDB marker genes and 16S rRNA	GCA_963781925.1	Oxford Nanopore PromethION	mmlong2	1691151	2	27.87536	37.8	96.99	0.44	1	22	d__Bacteria;p__Dependentiae;c__Babeliae;o__Babeliales;f__Vermiphilaceae;g__SOIL31;s__Unclassified	d__Bacteria;p__Dependentiae;c__Babeliae;o__Babeliales;f__Vermiphilaceae;g__Periskagenivita;s__Periskagenivita contigua	d__Bacteria;p__Dependentiae;c__Babeliae;o__Babeliales;f__Vermiphilaceae;g__Incertae Sedis;s__uncultured bacterium	97.6	MFD04434	Denmark	8.2445	55.7463	Soil	Dunes	Wooded dunes
MFD05512.bin.c.17	N	Periskagenivita	glebica	N.L.	fem.	Microbe found nearby Skagen	A species found in soil	Formerly ''SOIL31'' in GTDB R220	sp. nov.	GTDB marker genes and 16S rRNA	GCA_963695335.1	Oxford Nanopore PromethION	mmlong2	1366684	1	32.4349	35.66	94.19	0.63	1	22	d__Bacteria;p__Dependentiae;c__Babeliae;o__Babeliales;f__Vermiphilaceae;g__SOIL31;s__Unclassified	d__Bacteria;p__Dependentiae;c__Babeliae;o__Babeliales;f__Vermiphilaceae;g__Periskagenivita;s__Periskagenivita glebica	d__Bacteria;p__Dependentiae;c__Babeliae;o__Babeliales;f__Vermiphilaceae;g__Incertae Sedis;s__uncultured bacterium	97.7	MFD05512	Denmark	12.3921	55.7882	Soil	Forests	Bog woodland
MFD04212.bin.1.72	N	Borreiella	arida	N.L.	fem.	Microbe found nearby Borre	A species found in sand	Formerly ''SPCO01'' in GTDB R220	Formerly ''uncultured bacterium'' in Silva 138.2	GTDB marker genes and 16S rRNA	GCA_963809045.1	Oxford Nanopore PromethION	mmlong2	3387013	5	34.42329	68.83	90.96	1.98	1	22	d__Bacteria;p__Chloroflexota;c__Limnocylindria;o__Limnocylindrales;f__CSP1-4;g__SPCO01;s__Unclassified	d__Bacteria;p__Chloroflexota;c__Limnocylindria;o__Limnocylindrales;f__Klitmollerisomataceae;g__Borreiella;s__Borreiella arida	d__Bacteria;p__Chloroflexota;c__KD4-96;o__Incertae Sedis;f__Incertae Sedis;g__Incertae Sedis;s__uncultured bacterium	99	MFD04212	Denmark	12.2823	55.0396	Soil	Dunes	Fixed dunes (grey dunes)
MFD04944.bin.1.217	N	Borreiella	propinqua	N.L.	fem.	Microbe found nearby Borre	A species related to but distinct from the existing species	Formerly ''Incertae Sedis'' in Silva 138.2	Formerly ''uncultured bacterium'' in Silva 138.2	GTDB marker genes and 16S rRNA	GCA_963767165.1	Oxford Nanopore PromethION	mmlong2	3531116	9	58.10893	70.62	91.71	3.42	1	22	d__Bacteria;p__Chloroflexota;c__Limnocylindria;o__Limnocylindrales;f__CSP1-4;g__Unclassified;s__Unclassified	d__Bacteria;p__Chloroflexota;c__Limnocylindria;o__Limnocylindrales;f__Klitmollerisomataceae;g__Borreiella;s__Borreiella propinqua	d__Bacteria;p__Chloroflexota;c__KD4-96;o__Incertae Sedis;f__Incertae Sedis;g__Incertae Sedis;s__uncultured bacterium	99.2	MFD04944	Denmark	10.5752	54.9596	Soil	Grassland formations	Species-rich Nardus upland grassland
MFD04944.bin.1.66	N	Borreiella	contigua	N.L.	fem.	Microbe found nearby Borre	A species related to but distinct from the existing species	Formerly ''SPCO01'' in GTDB R220	Formerly ''uncultured bacterium'' in Silva 138.2	GTDB marker genes and 16S rRNA	GCA_963764515.1	Oxford Nanopore PromethION	mmlong2	3536563	5	90.84475	70	90.57	3.99	1	22	d__Bacteria;p__Chloroflexota;c__Limnocylindria;o__Limnocylindrales;f__CSP1-4;g__SPCO01;s__Unclassified	d__Bacteria;p__Chloroflexota;c__Limnocylindria;o__Limnocylindrales;f__Klitmollerisomataceae;g__Borreiella;s__Borreiella contigua	d__Bacteria;p__Chloroflexota;c__KD4-96;o__Incertae Sedis;f__Incertae Sedis;g__Incertae Sedis;s__uncultured bacterium	98.9	MFD04944	Denmark	10.5752	54.9596	Soil	Grassland formations	Species-rich Nardus upland grassland
MFD05442.bin.1.287	N	Borreiella	humica	N.L.	fem.	Microbe found nearby Borre	A species found in soil	Formerly ''SPCO01'' in GTDB R220	Formerly ''uncultured bacterium'' in Silva 138.2	GTDB marker genes and 16S rRNA	GCA_963720715.1	Oxford Nanopore PromethION	mmlong2	2998804	8	51.33616	67.97	90.03	0.89	1	22	d__Bacteria;p__Chloroflexota;c__Limnocylindria;o__Limnocylindrales;f__CSP1-4;g__SPCO01;s__Unclassified	d__Bacteria;p__Chloroflexota;c__Limnocylindria;o__Limnocylindrales;f__Klitmollerisomataceae;g__Borreiella;s__Borreiella humica	d__Bacteria;p__Chloroflexota;c__KD4-96;o__Incertae Sedis;f__Incertae Sedis;g__Incertae Sedis;s__uncultured bacterium	99.3	MFD05442	Denmark	8.822	56.7368	Soil	Coastal	Atlantic salt meadows
MFD05747.bin.1.75	N	Borreiella	terrestris	N.L.	fem.	Microbe found nearby Borre	A species found in soil	Formerly ''SPCO01'' in GTDB R220	Formerly ''uncultured bacterium'' in Silva 138.2	GTDB marker genes and 16S rRNA	GCA_963735785.1	Oxford Nanopore PromethION	mmlong2	3101813	3	24.58326	70.09	91.71	0.11	1	20	d__Bacteria;p__Chloroflexota;c__Limnocylindria;o__Limnocylindrales;f__CSP1-4;g__SPCO01;s__Unclassified	d__Bacteria;p__Chloroflexota;c__Limnocylindria;o__Limnocylindrales;f__Klitmollerisomataceae;g__Borreiella;s__Borreiella terrestris	d__Bacteria;p__Chloroflexota;c__KD4-96;o__Incertae Sedis;f__Incertae Sedis;g__Incertae Sedis;s__uncultured bacterium	99.3	MFD05747	Denmark	12.4445	55.3414	Soil	Grassland formations	Calcareous grassland
MFD06742.bin.1.139	N	Borreiella	adiacens	N.L.	fem.	Microbe found nearby Borre	A species related to but distinct from the existing species	Formerly ''SPCO01'' in GTDB R220	sp. nov.	GTDB marker genes and 16S rRNA	GCA_963831715.1	Oxford Nanopore PromethION	mmlong2	3186940	4	35.39224	69.57	92.29	0.67	1	22	d__Bacteria;p__Chloroflexota;c__Limnocylindria;o__Limnocylindrales;f__CSP1-4;g__SPCO01;s__Unclassified	d__Bacteria;p__Chloroflexota;c__Limnocylindria;o__Limnocylindrales;f__Klitmollerisomataceae;g__Borreiella;s__Borreiella adiacens	d__Bacteria;p__Chloroflexota;c__KD4-96;o__Incertae Sedis;f__Incertae Sedis;g__Incertae Sedis;s__uncultured bacterium	98.4	MFD06742	Denmark	12.534405	54.992122	Soil	Forests	Beech forests Limestone
MFD09206.bin.1.191	N	Borreiella	terrea	N.L.	fem.	Microbe found nearby Borre	A species found in soil	Formerly ''SPCO01'' in GTDB R220	Formerly ''uncultured bacterium'' in Silva 138.2	GTDB marker genes and 16S rRNA	GCA_963728635.1	Oxford Nanopore PromethION	mmlong2	3314217	6	30.77543	69.76	94.01	1.71	1	22	d__Bacteria;p__Chloroflexota;c__Limnocylindria;o__Limnocylindrales;f__CSP1-4;g__SPCO01;s__Unclassified	d__Bacteria;p__Chloroflexota;c__Limnocylindria;o__Limnocylindrales;f__Klitmollerisomataceae;g__Borreiella;s__Borreiella terrea	d__Bacteria;p__Chloroflexota;c__KD4-96;o__Incertae Sedis;f__Incertae Sedis;g__Incertae Sedis;s__uncultured bacterium	99	MFD09206	Denmark	10.25672	56.90236	Soil	Grassland formations	Xeric sand calcareous grasslands
MFD09206.bin.1.75	N	Borreiella	nordica	N.L.	fem.	Microbe found nearby Borre	A species from the Nordic region	Formerly ''SPCO01'' in GTDB R220	Formerly ''uncultured bacterium'' in Silva 138.2	GTDB marker genes and 16S rRNA	GCA_963728745.1	Oxford Nanopore PromethION	mmlong2	3418850	10	93.43992	69.25	93.14	0.76	1	22	d__Bacteria;p__Chloroflexota;c__Limnocylindria;o__Limnocylindrales;f__CSP1-4;g__SPCO01;s__Unclassified	d__Bacteria;p__Chloroflexota;c__Limnocylindria;o__Limnocylindrales;f__Klitmollerisomataceae;g__Borreiella;s__Borreiella nordica	d__Bacteria;p__Chloroflexota;c__KD4-96;o__Incertae Sedis;f__Incertae Sedis;g__Incertae Sedis;s__uncultured bacterium	99.5	MFD09206	Denmark	10.25672	56.90236	Soil	Grassland formations	Xeric sand calcareous grasslands
MFD09267.bin.1.5	N	Borreiella	tellurica	N.L.	fem.	Microbe found nearby Borre	A species found in soil	Formerly ''SPCO01'' in GTDB R220	Formerly ''uncultured bacterium'' in Silva 138.2	GTDB marker genes and 16S rRNA	GCA_963813535.1	Oxford Nanopore PromethION	mmlong2	3279982	3	39.85856	69.45	92.92	0.66	1	22	d__Bacteria;p__Chloroflexota;c__Limnocylindria;o__Limnocylindrales;f__CSP1-4;g__SPCO01;s__Unclassified	d__Bacteria;p__Chloroflexota;c__Limnocylindria;o__Limnocylindrales;f__Klitmollerisomataceae;g__Borreiella;s__Borreiella tellurica	d__Bacteria;p__Chloroflexota;c__KD4-96;o__Incertae Sedis;f__Incertae Sedis;g__Incertae Sedis;s__uncultured bacterium	99.3	MFD09267	Denmark	9.28746	56.98291	Soil	Grassland formations	Xeric sand calcareous grasslands
MFD09964.bin.1.247	N	Egerisiella	danica	N.L.	fem.	Microbe found nearby Egeris	A species from Denmark	Formerly ''SPDF01'' in GTDB R220	Formerly ''uncultured soil bacterium'' in Silva 138.2	GTDB marker genes and 16S rRNA	GCA_963697435.1	Oxford Nanopore PromethION	mmlong2	2917484	9	18.94415	67.56	90.54	0.74	1	23	d__Bacteria;p__Gemmatimonadota;c__Gemmatimonadetes;o__Gemmatimonadales;f__GWC2-71-9;g__SPDF01;s__Unclassified	d__Bacteria;p__Gemmatimonadota;c__Gemmatimonadetes;o__Gemmatimonadales;f__Siemiabaceae;g__Egerisiella;s__Egerisiella danica	d__Bacteria;p__Gemmatimonadota;c__Gemmatimonadia;o__Gemmatimonadales;f__Gemmatimonadaceae;g__Incertae Sedis;s__uncultured soil bacterium	99.1	MFD09964	Denmark	9.0763	56.5565	Sediment	Saltwater	Fjords
MFD02979.bin.1.73	N	Oerridslevicola	affinis	N.L.	masch.	Microbe found nearby Oerridslev	A species related to but distinct from the existing species	Formerly ''SR-FBR-E99'' in GTDB R220	Formerly ''uncultured bacterium'' in Silva 138.2	GTDB marker genes and 16S rRNA	GCA_963844935.1	Oxford Nanopore PromethION	mmlong2	3950998	8	50.04172	47.08	94.46	0.64	1	22	d__Bacteria;p__Bacteroidota;c__Bacteroidia;o__Bacteroidales;f__VadinHA17;g__SR-FBR-E99;s__Unclassified	d__Bacteria;p__Bacteroidota;c__Bacteroidia;o__Bacteroidales;f__Vandetiellaceae;g__Oerridslevicola;s__Oerridslevicola affinis	d__Bacteria;p__Bacteroidota;c__Bacteroidia;o__Bacteroidales;f__Bacteroidetes vadinHA17;g__Incertae Sedis;s__uncultured bacterium	99.3	MFD02979	Denmark	10.0517	56.323	Sediment	Freshwater	"Rainwater basin, City"
MFD04716.bin.1.420	N	Oerridslevicola	borealis	N.L.	masch.	Microbe found nearby Oerridslev	A species from the north	Formerly ''SR-FBR-E99'' in GTDB R220	Formerly ''uncultured bacterium'' in Silva 138.2	GTDB marker genes and 16S rRNA	GCA_963732365.1	Oxford Nanopore PromethION	mmlong2	3877192	9	32.49438	47.31	98.07	0.12	1	22	d__Bacteria;p__Bacteroidota;c__Bacteroidia;o__Bacteroidales;f__VadinHA17;g__SR-FBR-E99;s__Unclassified	d__Bacteria;p__Bacteroidota;c__Bacteroidia;o__Bacteroidales;f__Vandetiellaceae;g__Oerridslevicola;s__Oerridslevicola borealis	d__Bacteria;p__Bacteroidota;c__Bacteroidia;o__Bacteroidales;f__Bacteroidetes vadinHA17;g__Incertae Sedis;s__uncultured bacterium	99.5	MFD04716	Denmark	10.6081	57.7283	Sediment	Freshwater	"Rainwater basin, City"
MFD09964.bin.1.189	N	Oerridslevicola	septentrionalis	N.L.	masch.	Microbe found nearby Oerridslev	A species from the north	Formerly ''SR-FBR-E99'' in GTDB R220	Formerly ''uncultured bacterium'' in Silva 138.2	GTDB marker genes and 16S rRNA	GCA_963715065.1	Oxford Nanopore PromethION	mmlong2	3658838	10	37.09826	49.29	97.83	2.16	1	22	d__Bacteria;p__Bacteroidota;c__Bacteroidia;o__Bacteroidales;f__VadinHA17;g__SR-FBR-E99;s__Unclassified	d__Bacteria;p__Bacteroidota;c__Bacteroidia;o__Bacteroidales;f__Vandetiellaceae;g__Oerridslevicola;s__Oerridslevicola septentrionalis	d__Bacteria;p__Bacteroidota;c__Bacteroidia;o__Bacteroidales;f__Bacteroidetes vadinHA17;g__Incertae Sedis;s__uncultured bacterium	99.6	MFD09964	Denmark	9.0763	56.5565	Sediment	Saltwater	Fjords
MFD09779.bin.1.312	N	Goerdingisoma	affine	N.L.	neut.	Microbe found nearby Goerding	A species related to but distinct from the existing species	Formerly ''SZUA-442'' in GTDB R220	sp. nov.	GTDB marker genes and 16S rRNA	GCA_963753185.1	Oxford Nanopore PromethION	mmlong2	2870651	7	25.85991	65.2	95.65	0.36	1	23	d__Bacteria;p__Actinomycetota;c__Acidimicrobiia;o__UBA5794;f__UBA5794;g__SZUA-442;s__Unclassified	d__Bacteria;p__Actinomycetota;c__Acidimicrobiia;o__UBA5794;f__Tilstibacteriaceae;g__Goerdingisoma;s__Goerdingisoma affine	d__Bacteria;p__Actinomycetota;c__Acidimicrobiia;o__Actinomarinales;f__Incertae Sedis;g__Incertae Sedis;s__uncultured bacterium	97.5	MFD09779	Denmark	8.1689	56.3361	Sediment	Saltwater	Fjords
MFD09222.bin.1.49	N	Karupiplasma	glebicum	N.L.	neut.	Microbe found nearby Karup	A species found in soil	Formerly ''UBA184'' in GTDB R220	Formerly ''uncultured archaeon'' in Silva 138.2	GTDB marker genes and 16S rRNA	GCA_963838955.1	Oxford Nanopore PromethION	mmlong2	1844550	5	89.12775	66.44	90.14	1.66	1	22	d__Archaea;p__Thermoplasmatota;c__Thermoplasmata;o__UBA184;f__UBA184;g__UBA184;s__Unclassified	d__Archaea;p__Thermoplasmatota;c__Thermoplasmata;o__Karupiplasmatales;f__Karupiplasmataceae;g__Karupiplasma;s__Karupiplasma glebicum	d__Archaea;p__Thermoplasmatota;c__Thermoplasmata;o__Incertae Sedis;f__Incertae Sedis;g__Incertae Sedis;s__uncultured archaeon	99.5	MFD09222	Denmark	9.2476	56.2643	Soil	Temperate heath and scrub	Wet heath
MFD09964.bin.1.364	N	Oerumisoma	europaeum	N.L.	neut.	Microbe found nearby Oerum	A species from Europe	Formerly ''UBA4744'' in GTDB R220	Formerly ''uncultured bacterium'' in Silva 138.2	GTDB marker genes and 16S rRNA	GCA_963717135.1	Oxford Nanopore PromethION	mmlong2	3491169	10	35.90873	62.72	96.16	3.33	1	23	d__Bacteria;p__Actinomycetota;c__Acidimicrobiia;o__UBA5794;f__UBA4744;g__UBA4744;s__Unclassified	d__Bacteria;p__Actinomycetota;c__Acidimicrobiia;o__UBA5794;f__Oerumisomataceae;g__Oerumisoma;s__Oerumisoma europaeum	d__Bacteria;p__Actinomycetota;c__Acidimicrobiia;o__Actinomarinales;f__Incertae Sedis;g__Incertae Sedis;s__uncultured bacterium	99.3	MFD09964	Denmark	9.0763	56.5565	Sediment	Saltwater	Fjords
MFD05442.bin.1.81	N	Galtenibacter	proximus	N.L.	masch.	Microbe found nearby Noerre Galten	A species related to but distinct from the existing species	Formerly ''UBA5072'' in GTDB R220	Formerly ''uncultured bacterium'' in Silva 138.2	GTDB marker genes and 16S rRNA	GCA_963752195.1	Oxford Nanopore PromethION	mmlong2	4986053	4	23.04519	44.7	99.37	1.06	1	22	d__Bacteria;p__Bacteroidota;c__Bacteroidia;o__Bacteroidales;f__UBA10428;g__UBA5072;s__Unclassified	d__Bacteria;p__Bacteroidota;c__Bacteroidia;o__Bacteroidales;f__Galtenibacteraceae;g__Galtenibacter;s__Galtenibacter proximus	d__Bacteria;p__Bacteroidota;c__Bacteroidia;o__Bacteroidales;f__SB-5;g__Incertae Sedis;s__uncultured bacterium	99.4	MFD05442	Denmark	8.822	56.7368	Soil	Coastal	Atlantic salt meadows
MFD04944.bin.1.71	N	Skivemorpha	tellurica	N.L.	fem.	Microbe found nearby Skive	A species found in soil	Formerly ''UBA5189'' in GTDB R220	Formerly ''uncultured bacterium'' in Silva 138.2	GTDB marker genes and 16S rRNA	GCA_963719145.1	Oxford Nanopore PromethION	mmlong2	3469275	7	64.6393	71.41	90.47	1.84	1	22	d__Bacteria;p__Chloroflexota;c__Limnocylindria;o__Limnocylindrales;f__CSP1-4;g__UBA5189;s__Unclassified	d__Bacteria;p__Chloroflexota;c__Limnocylindria;o__Limnocylindrales;f__Klitmollerisomataceae;g__Skivemorpha;s__Skivemorpha tellurica	d__Bacteria;p__Chloroflexota;c__KD4-96;o__Incertae Sedis;f__Incertae Sedis;g__Incertae Sedis;s__uncultured bacterium	99.1	MFD04944	Denmark	10.5752	54.9596	Soil	Grassland formations	Species-rich Nardus upland grassland
MFD01916.bin.1.17	N	Koelkaerius	terreum	N.L.	masch.	Microbe found nearby Koelkaer	A species found in soil	Formerly ''UBA5704'' in GTDB R220	Formerly ''uncultured bacterium'' in Silva 138.2	GTDB marker genes and 16S rRNA	GCA_963741305.1	Oxford Nanopore PromethION	mmlong2	8834003	8	92.70725	66.47	99.84	2.48	2	23	d__Bacteria;p__Acidobacteriota;c__Thermoanaerobaculia;o__Multivoradales;f__UBA5704;g__UBA5704;s__Unclassified	d__Bacteria;p__Acidobacteriota;c__Thermoanaerobaculia;o__Multivoradales;f__Koelkaeriaceae;g__Koelkaerius;s__Koelkaerius terreum	d__Bacteria;p__Acidobacteriota;c__Thermoanaerobaculia;o__Thermoanaerobaculales;f__Thermoanaerobaculaceae;g__Subgroup 10;s__uncultured bacterium	99.4	MFD01916	Denmark	10.4385	57.5446	Soil	Dunes	Fixed dunes (grey dunes)
MFD04212.bin.1.16	N	Koelkaerius	borealis	N.L.	masch.	Microbe found nearby Koelkaer	A species from the north	Formerly ''UBA5704'' in GTDB R220	sp. nov.	GTDB marker genes and 16S rRNA	GCA_963698025.1	Oxford Nanopore PromethION	mmlong2	7050730	1	61.70657	68.3	100	1.68	2	23	d__Bacteria;p__Acidobacteriota;c__Thermoanaerobaculia;o__Multivoradales;f__UBA5704;g__UBA5704;s__Unclassified	d__Bacteria;p__Acidobacteriota;c__Thermoanaerobaculia;o__Multivoradales;f__Koelkaeriaceae;g__Koelkaerius;s__Koelkaerius borealis	d__Bacteria;p__Acidobacteriota;c__Thermoanaerobaculia;o__Thermoanaerobaculales;f__Thermoanaerobaculaceae;g__Subgroup 10;s__uncultured bacterium	97.3	MFD04212	Denmark	12.2823	55.0396	Soil	Dunes	Fixed dunes (grey dunes)
MFD05521.bin.1.4	N	Koelkaerius	humicus	N.L.	masch.	Microbe found nearby Koelkaer	A species found in soil	Formerly ''UBA5704'' in GTDB R220	sp. nov.	GTDB marker genes and 16S rRNA	GCA_963732005.1	Oxford Nanopore PromethION	mmlong2	7268542	5	35.50571	71.14	91.7	0.41	1	23	d__Bacteria;p__Acidobacteriota;c__Thermoanaerobaculia;o__Multivoradales;f__UBA5704;g__UBA5704;s__Unclassified	d__Bacteria;p__Acidobacteriota;c__Thermoanaerobaculia;o__Multivoradales;f__Koelkaeriaceae;g__Koelkaerius;s__Koelkaerius humicus	d__Bacteria;p__Acidobacteriota;c__Thermoanaerobaculia;o__Thermoanaerobaculales;f__Thermoanaerobaculaceae;g__Subgroup 10;s__uncultured bacterium	97.7	MFD05521	Denmark	9.6658	57.3069	Soil	Dunes	Dunes creeping willow
MFD05537.bin.c.1	N	Koelkaerius	nordicus	N.L.	masch.	Microbe found nearby Koelkaer	A species from the Nordic region	Formerly ''UBA5704'' in GTDB R220	Formerly ''uncultured bacterium'' in Silva 138.2	GTDB marker genes and 16S rRNA	GCA_963717295.1	Oxford Nanopore PromethION	mmlong2	8777251	1	36.07314	66.76	93.7	2.22	2	23	d__Bacteria;p__Acidobacteriota;c__Thermoanaerobaculia;o__Multivoradales;f__UBA5704;g__UBA5704;s__Unclassified	d__Bacteria;p__Acidobacteriota;c__Thermoanaerobaculia;o__Multivoradales;f__Koelkaeriaceae;g__Koelkaerius;s__Koelkaerius nordicus	d__Bacteria;p__Acidobacteriota;c__Thermoanaerobaculia;o__Thermoanaerobaculales;f__Thermoanaerobaculaceae;g__Subgroup 10;s__uncultured bacterium	99.3	MFD05537	Denmark	9.7462	55.2524	Soil	Forests	Temperate forests
MFD09368.bin.c.1	N	Koelkaerius	telluricus	N.L.	masch.	Microbe found nearby Koelkaer	A species found in soil	Formerly ''UBA5704'' in GTDB R220	Formerly ''uncultured bacterium'' in Silva 138.2	GTDB marker genes and 16S rRNA	GCA_963718645.1	Oxford Nanopore PromethION	mmlong2	7663956	1	91.43982	68	100	1.73	2	23	d__Bacteria;p__Acidobacteriota;c__Thermoanaerobaculia;o__Multivoradales;f__UBA5704;g__UBA5704;s__Unclassified	d__Bacteria;p__Acidobacteriota;c__Thermoanaerobaculia;o__Multivoradales;f__Koelkaeriaceae;g__Koelkaerius;s__Koelkaerius telluricus	d__Bacteria;p__Acidobacteriota;c__Thermoanaerobaculia;o__Thermoanaerobaculales;f__Thermoanaerobaculaceae;g__Subgroup 10;s__uncultured bacterium	99.3	MFD09368	Denmark	9.3861	54.8519	Soil	Grassland formations	Semi-natural dry grasslands
MFD05684.bin.1.284	N	Bullerupicola	terreum	N.L.	masch.	Microbe found nearby Bullerup	A species found in soil	Formerly ''UBA6224'' in GTDB R220	sp. nov.	GTDB marker genes and 16S rRNA	GCA_963730375.1	Oxford Nanopore PromethION	mmlong2	939969	4	17.21207	51.6	94.03	0.25	1	22	d__Bacteria;p__Patescibacteria;c__Saccharimonadia;o__Saccharimonadales;f__UBA4665;g__UBA6224;s__Unclassified	d__Bacteria;p__Patescibacteria;c__Saccharimonadia;o__Saccharimonadales;f__Sonderborgisomataceae;g__Bullerupicola;s__Bullerupicola terreum	d__Bacteria;p__Patescibacteria;c__Saccharimonadia;o__Saccharimonadales;f__Incertae Sedis;g__Incertae Sedis;s__uncultured soil bacterium	95.8	MFD05684	Denmark	8.2638	55.5312	Soil	Coastal	Salicornia mud
MFD09779.bin.1.81	N	Boevlingiaba	nordica	N.L.	fem.	Microbe found nearby Boevling	A species from the Nordic region	Formerly ''UBA6912'' in GTDB R220	sp. nov.	GTDB marker genes and 16S rRNA	GCA_963792895.1	Oxford Nanopore PromethION	mmlong2	3893977	9	21.7728	66.61	93.6	0.43	1	21	d__Bacteria;p__Actinomycetota;c__Acidimicrobiia;o__UBA5794;f__UBA5794;g__UBA6912;s__Unclassified	d__Bacteria;p__Actinomycetota;c__Acidimicrobiia;o__UBA5794;f__Tilstibacteriaceae;g__Boevlingiaba;s__Boevlingiaba nordica	d__Bacteria;p__Actinomycetota;c__Acidimicrobiia;o__Actinomarinales;f__Incertae Sedis;g__Incertae Sedis;s__uncultured bacterium	98	MFD09779	Denmark	8.1689	56.3361	Sediment	Saltwater	Fjords
MFD01299.bin.1.98	N	Nebelisoma	nordicum	N.L.	neut.	Microbe found nearby Vester Nebel	A species from the Nordic region	Formerly ''UBA877'' in GTDB R220	sp. nov.	GTDB marker genes and 16S rRNA	GCA_963790685.1	Oxford Nanopore PromethION	mmlong2	3871157	6	63.172676	52.27	95.68	1.41	1	23	d__Bacteria;p__Chloroflexota;c__Anaerolineae;o__Anaerolineales;f__Villigracilaceae;g__UBA877;s__Unclassified	d__Bacteria;p__Chloroflexota;c__Anaerolineae;o__Anaerolineales;f__Villigracilaceae;g__Nebelisoma;s__Nebelisoma nordicum	d__Bacteria;p__Chloroflexota;c__Anaerolineae;o__Anaerolineales;f__Anaerolineaceae;g__Incertae Sedis;s__uncultured bacterium	98.3	MFD01299	Denmark	8.627054339	55.80287147	Sediment	Freshwater	"Lake, Rich pondweed"
MFD01476.bin.1.140	N	Nebelisoma	simile	N.L.	neut.	Microbe found nearby Vester Nebel	A species related to but distinct from the existing species	Formerly ''UBA877'' in GTDB R220	sp. nov.	GTDB marker genes and 16S rRNA	GCA_963772245.1	Oxford Nanopore PromethION	mmlong2	4081189	7	45.543037	52.68	95.33	1.54	1	23	d__Bacteria;p__Chloroflexota;c__Anaerolineae;o__Anaerolineales;f__Villigracilaceae;g__UBA877;s__Unclassified	d__Bacteria;p__Chloroflexota;c__Anaerolineae;o__Anaerolineales;f__Villigracilaceae;g__Nebelisoma;s__Nebelisoma simile	d__Bacteria;p__Chloroflexota;c__Anaerolineae;o__Anaerolineales;f__Anaerolineaceae;g__Incertae Sedis;s__uncultured bacterium	97.9	MFD01476	Denmark	8.826613964	56.50596583	Sediment	Freshwater	"Lake, Dystrophic"
MFD03726.bin.1.113	N	Nebelisoma	propinquum	N.L.	neut.	Microbe found nearby Vester Nebel	A species related to but distinct from the existing species	Formerly ''UBA877'' in GTDB R220	sp. nov.	GTDB marker genes and 16S rRNA	GCA_963842785.1	Oxford Nanopore PromethION	mmlong2	3626604	2	50.24811	53.03	95.04	4.45	1	23	d__Bacteria;p__Chloroflexota;c__Anaerolineae;o__Anaerolineales;f__Villigracilaceae;g__UBA877;s__Unclassified	d__Bacteria;p__Chloroflexota;c__Anaerolineae;o__Anaerolineales;f__Villigracilaceae;g__Nebelisoma;s__Nebelisoma propinquum	d__Bacteria;p__Chloroflexota;c__Anaerolineae;o__Anaerolineales;f__Anaerolineaceae;g__Incertae Sedis;s__uncultured bacterium	97.8	MFD03726	Denmark	9.3209	55.2451	Sediment	Freshwater	Enclosed water
MFD03726.bin.1.63	N	Nebelisoma	contiguum	N.L.	neut.	Microbe found nearby Vester Nebel	A species related to but distinct from the existing species	Formerly ''UBA877'' in GTDB R220	sp. nov.	GTDB marker genes and 16S rRNA	GCA_963753465.1	Oxford Nanopore PromethION	mmlong2	5549235	9	57.18845	55.23	97.05	2.76	1	23	d__Bacteria;p__Chloroflexota;c__Anaerolineae;o__Anaerolineales;f__Villigracilaceae;g__UBA877;s__Unclassified	d__Bacteria;p__Chloroflexota;c__Anaerolineae;o__Anaerolineales;f__Villigracilaceae;g__Nebelisoma;s__Nebelisoma contiguum	d__Bacteria;p__Chloroflexota;c__Anaerolineae;o__Anaerolineales;f__Anaerolineaceae;g__Incertae Sedis;s__uncultured bacterium	97	MFD03726	Denmark	9.3209	55.2451	Sediment	Freshwater	Enclosed water
MFD05942.bin.1.108	N	Nebelisoma	terrestre	N.L.	neut.	Microbe found nearby Vester Nebel	A species found in soil	Formerly ''UBA877'' in GTDB R220	Formerly ''uncultured bacterium'' in Silva 138.2	GTDB marker genes and 16S rRNA	GCA_963840265.1	Oxford Nanopore PromethION	mmlong2	3522817	4	35.644	51.4	91.16	1.5	1	23	d__Bacteria;p__Chloroflexota;c__Anaerolineae;o__Anaerolineales;f__Villigracilaceae;g__UBA877;s__Unclassified	d__Bacteria;p__Chloroflexota;c__Anaerolineae;o__Anaerolineales;f__Villigracilaceae;g__Nebelisoma;s__Nebelisoma terrestre	d__Bacteria;p__Chloroflexota;c__Anaerolineae;o__Anaerolineales;f__Anaerolineaceae;g__Incertae Sedis;s__uncultured bacterium	98.7	MFD05942	Denmark	9.6177	56.7771	Soil	Fields	"Poales, grass"
MFD09212.bin.1.147	N	Foevlingiana	affinis	N.L.	fem.	Microbe found nearby Foevling	A species related to but distinct from the existing species	Formerly ''VAXT01'' in GTDB R220	Formerly ''uncultured bacterium'' in Silva 138.2	GTDB marker genes and 16S rRNA	GCA_963728535.1	Oxford Nanopore PromethION	mmlong2	2868619	2	27.68555	67.8	91.15	0.23	1	23	d__Bacteria;p__Actinomycetota;c__Thermoleophilia;o__Gaiellales;f__Gaiellaceae;g__VAXT01;s__Unclassified	d__Bacteria;p__Actinomycetota;c__Thermoleophilia;o__Gaiellales;f__Gaiellaceae;g__Foevlingiana;s__Foevlingiana affinis	d__Bacteria;p__Actinomycetota;c__Thermoleophilia;o__Gaiellales;f__Incertae Sedis;g__Incertae Sedis;s__uncultured bacterium	99	MFD09212	Denmark	10.25675	56.90241	Soil	Grassland formations	Xeric sand calcareous grasslands
MFD10007.bin.1.148	N	Foevlingiana	sediminis	N.L.	fem.	Microbe found nearby Foevling	A species found in sediments	Formerly ''VAXT01'' in GTDB R220	Formerly ''uncultured actinobacterium'' in Silva 138.2	GTDB marker genes and 16S rRNA	GCA_963698015.1	Oxford Nanopore PromethION	mmlong2	2994754	1	57.05296	69.07	92.49	0.33	1	23	d__Bacteria;p__Actinomycetota;c__Thermoleophilia;o__Gaiellales;f__Gaiellaceae;g__VAXT01;s__Unclassified	d__Bacteria;p__Actinomycetota;c__Thermoleophilia;o__Gaiellales;f__Gaiellaceae;g__Foevlingiana;s__Foevlingiana sediminis	d__Bacteria;p__Actinomycetota;c__Thermoleophilia;o__Gaiellales;f__Incertae Sedis;g__Incertae Sedis;s__uncultured actinobacterium	99.9	MFD10007	Denmark	12.4931	55.8579	Sediment	Freshwater	Enclosed water
MFD00392.bin.1.285	N	Kaerumiaba	tellurica	N.L.	fem.	Microbe found nearby Kaerum	A species found in soil	Formerly ''VAYN01'' in GTDB R220	Formerly ''uncultured bacterium'' in Silva 138.2	GTDB marker genes and 16S rRNA	GCA_963696955.1	Oxford Nanopore PromethION	mmlong2	2735870	2	25.361443	68.31	92.62	1.47	1	22	d__Bacteria;p__Actinomycetota;c__Thermoleophilia;o__Solirubrobacterales;f__70-9;g__VAYN01;s__Unclassified	d__Bacteria;p__Actinomycetota;c__Thermoleophilia;o__Solirubrobacterales;f__Maglebybacteriaceae;g__Kaerumiaba;s__Kaerumiaba tellurica	d__Bacteria;p__Actinomycetota;c__Thermoleophilia;o__Solirubrobacterales;f__67-14;g__Incertae Sedis;s__uncultured bacterium	99.5	MFD00392	Denmark	11.6269	55.4231	Soil	Fields	"Fabales, Faba bean"
MFD01213.bin.1.109	N	Kaerumiaba	similis	N.L.	fem.	Microbe found nearby Kaerum	A species related to but distinct from the existing species	Formerly ''VAYN01'' in GTDB R220	Formerly ''uncultured bacterium'' in Silva 138.2	GTDB marker genes and 16S rRNA	GCA_963744725.1	Oxford Nanopore PromethION	mmlong2	3944791	2	37.189888	70.85	91.05	0.88	1	22	d__Bacteria;p__Actinomycetota;c__Thermoleophilia;o__Solirubrobacterales;f__70-9;g__VAYN01;s__Unclassified	d__Bacteria;p__Actinomycetota;c__Thermoleophilia;o__Solirubrobacterales;f__Maglebybacteriaceae;g__Kaerumiaba;s__Kaerumiaba similis	d__Bacteria;p__Actinomycetota;c__Thermoleophilia;o__Solirubrobacterales;f__67-14;g__Incertae Sedis;s__uncultured bacterium	98.7	MFD01213	Denmark	10.4374	56.5224	Soil	Dunes	Fixed dunes (grey dunes)
MFD01213.bin.1.36	N	Kaerumiaba	propinqua	N.L.	fem.	Microbe found nearby Kaerum	A species related to but distinct from the existing species	Formerly ''VAYN01'' in GTDB R220	sp. nov.	GTDB marker genes and 16S rRNA	GCA_963839115.1	Oxford Nanopore PromethION	mmlong2	3837509	4	38.35873	70.19	93.11	1.46	1	22	d__Bacteria;p__Actinomycetota;c__Thermoleophilia;o__Solirubrobacterales;f__70-9;g__VAYN01;s__Unclassified	d__Bacteria;p__Actinomycetota;c__Thermoleophilia;o__Solirubrobacterales;f__Maglebybacteriaceae;g__Kaerumiaba;s__Kaerumiaba propinqua	d__Bacteria;p__Actinomycetota;c__Thermoleophilia;o__Solirubrobacterales;f__67-14;g__Incertae Sedis;s__uncultured bacterium	97.9	MFD01213	Denmark	10.4374	56.5224	Soil	Dunes	Fixed dunes (grey dunes)
MFD01721.bin.c.7	N	Kaerumiaba	ripica	N.L.	fem.	Microbe found nearby Kaerum	A species found in the coast	Formerly ''VAYN01'' in GTDB R220	Formerly ''uncultured bacterium'' in Silva 138.2	GTDB marker genes and 16S rRNA	GCA_963715475.1	Oxford Nanopore PromethION	mmlong2	2781007	1	128.08374	70.73	93.59	0.79	1	23	d__Bacteria;p__Actinomycetota;c__Thermoleophilia;o__Solirubrobacterales;f__70-9;g__VAYN01;s__Unclassified	d__Bacteria;p__Actinomycetota;c__Thermoleophilia;o__Solirubrobacterales;f__Maglebybacteriaceae;g__Kaerumiaba;s__Kaerumiaba ripica	d__Bacteria;p__Actinomycetota;c__Thermoleophilia;o__Solirubrobacterales;f__67-14;g__Incertae Sedis;s__uncultured bacterium	99	MFD01721	Denmark	10.5019	55.4485	Soil	Coastal	Salicornia mud
MFD01916.bin.1.82	N	Kaerumiaba	septentrionalis	N.L.	fem.	Microbe found nearby Kaerum	A species from the north	Formerly ''VAYN01'' in GTDB R220	Formerly ''metagenome'' in Silva 138.2	GTDB marker genes and 16S rRNA	GCA_963718595.1	Oxford Nanopore PromethION	mmlong2	2863572	1	29.829233	69.24	92.55	0.7	1	22	d__Bacteria;p__Actinomycetota;c__Thermoleophilia;o__Solirubrobacterales;f__70-9;g__VAYN01;s__Unclassified	d__Bacteria;p__Actinomycetota;c__Thermoleophilia;o__Solirubrobacterales;f__Maglebybacteriaceae;g__Kaerumiaba;s__Kaerumiaba septentrionalis	d__Bacteria;p__Actinomycetota;c__Thermoleophilia;o__Solirubrobacterales;f__67-14;g__Incertae Sedis;s__metagenome	99.3	MFD01916	Denmark	10.4385	57.5446	Soil	Dunes	Fixed dunes (grey dunes)
MFD01916.bin.2.2	N	Kaerumiaba	danica	N.L.	fem.	Microbe found nearby Kaerum	A species from Denmark	Formerly ''VAYN01'' in GTDB R220	Formerly ''uncultured bacterium'' in Silva 138.2	GTDB marker genes and 16S rRNA	GCA_963719435.1	Oxford Nanopore PromethION	mmlong2	2779936	1	50.749565	70.48	94.09	1.37	1	22	d__Bacteria;p__Actinomycetota;c__Thermoleophilia;o__Solirubrobacterales;f__70-9;g__VAYN01;s__Unclassified	d__Bacteria;p__Actinomycetota;c__Thermoleophilia;o__Solirubrobacterales;f__Maglebybacteriaceae;g__Kaerumiaba;s__Kaerumiaba danica	d__Bacteria;p__Actinomycetota;c__Thermoleophilia;o__Solirubrobacterales;f__67-14;g__Incertae Sedis;s__uncultured bacterium	99.4	MFD01916	Denmark	10.4385	57.5446	Soil	Dunes	Fixed dunes (grey dunes)
MFD01916.bin.3.179	N	Kaerumiaba	terrestris	N.L.	fem.	Microbe found nearby Kaerum	A species found in soil	Formerly ''VAYN01'' in GTDB R220	Formerly ''metagenome'' in Silva 138.2	GTDB marker genes and 16S rRNA	GCA_963811375.1	Oxford Nanopore PromethION	mmlong2	2723061	9	22.091274	68.77	94.52	0.69	1	22	d__Bacteria;p__Actinomycetota;c__Thermoleophilia;o__Solirubrobacterales;f__70-9;g__VAYN01;s__Unclassified	d__Bacteria;p__Actinomycetota;c__Thermoleophilia;o__Solirubrobacterales;f__Maglebybacteriaceae;g__Kaerumiaba;s__Kaerumiaba terrestris	d__Bacteria;p__Actinomycetota;c__Thermoleophilia;o__Solirubrobacterales;f__67-14;g__Incertae Sedis;s__metagenome	99.5	MFD01916	Denmark	10.4385	57.5446	Soil	Dunes	Fixed dunes (grey dunes)
MFD02242.bin.c.2	N	Kaerumiaba	humica	N.L.	fem.	Microbe found nearby Kaerum	A species found in soil	Formerly ''Incertae Sedis'' in Silva 138.2	Formerly ''uncultured bacterium'' in Silva 138.2	GTDB marker genes and 16S rRNA	GCA_963699125.1	Oxford Nanopore PromethION	mmlong2	2509776	1	120.72245	68.94	95.16	0.84	1	22	d__Bacteria;p__Actinomycetota;c__Thermoleophilia;o__Solirubrobacterales;f__70-9;g__Unclassified;s__Unclassified	d__Bacteria;p__Actinomycetota;c__Thermoleophilia;o__Solirubrobacterales;f__Maglebybacteriaceae;g__Kaerumiaba;s__Kaerumiaba humica	d__Bacteria;p__Actinomycetota;c__Thermoleophilia;o__Solirubrobacterales;f__67-14;g__Incertae Sedis;s__uncultured bacterium	99	MFD02242	Denmark	10.105	56.2065	Soil	Grassland formations	Hydrophilous tall-herb swamp
MFD02840.bin.c.3	N	Kaerumiaba	litoralis	N.L.	fem.	Microbe found nearby Kaerum	A species found in the coast	Formerly ''VAYN01'' in GTDB R220	sp. nov.	GTDB marker genes and 16S rRNA	GCA_963705365.1	Oxford Nanopore PromethION	mmlong2	2497770	1	83.55064	68.6	94.23	0.66	1	22	d__Bacteria;p__Actinomycetota;c__Thermoleophilia;o__Solirubrobacterales;f__70-9;g__VAYN01;s__Unclassified	d__Bacteria;p__Actinomycetota;c__Thermoleophilia;o__Solirubrobacterales;f__Maglebybacteriaceae;g__Kaerumiaba;s__Kaerumiaba litoralis	d__Bacteria;p__Actinomycetota;c__Thermoleophilia;o__Solirubrobacterales;f__67-14;g__Incertae Sedis;s__uncultured bacterium	98.6	MFD02840	Denmark	14.7807	55.0595	Soil	Coastal	Sea cliffs and shingle or stony beaches
MFD02923.bin.1.75	N	Kaerumiaba	terrea	N.L.	fem.	Microbe found nearby Kaerum	A species found in soil	Formerly ''VAYN01'' in GTDB R220	Formerly ''uncultured bacterium'' in Silva 138.2	GTDB marker genes and 16S rRNA	GCA_963766705.1	Oxford Nanopore PromethION	mmlong2	3977389	8	87.8252	71.17	94.43	1.55	1	23	d__Bacteria;p__Actinomycetota;c__Thermoleophilia;o__Solirubrobacterales;f__70-9;g__VAYN01;s__Unclassified	d__Bacteria;p__Actinomycetota;c__Thermoleophilia;o__Solirubrobacterales;f__Maglebybacteriaceae;g__Kaerumiaba;s__Kaerumiaba terrea	d__Bacteria;p__Actinomycetota;c__Thermoleophilia;o__Solirubrobacterales;f__67-14;g__Incertae Sedis;s__uncultured bacterium	99.1	MFD02923	Denmark	8.8343	56.765	Soil	Coastal	Atlantic salt meadows
MFD05442.bin.1.298	N	Vidstrupium	oricum	N.L.	neut.	Microbe found nearby Vidstrup	A species found in the coast	Formerly ''VBCG01'' in GTDB R220	Formerly ''uncultured bacterium'' in Silva 138.2	GTDB marker genes and 16S rRNA	GCA_963805355.1	Oxford Nanopore PromethION	mmlong2	4675220	4	23.47627	64.86	98.64	0.05	2	22	d__Bacteria;p__Pseudomonadota;c__Gammaproteobacteria;o__Burkholderiales;f__Casimicrobiaceae;g__VBCG01;s__Unclassified	d__Bacteria;p__Pseudomonadota;c__Gammaproteobacteria;o__Burkholderiales;f__Casimicrobiaceae;g__Vidstrupium;s__Vidstrupium oricum	d__Bacteria;p__Pseudomonadota;c__Gammaproteobacteria;o__Burkholderiales;f__SC-I-84;g__Incertae Sedis;s__uncultured bacterium	99.1	MFD05442	Denmark	8.822	56.7368	Soil	Coastal	Atlantic salt meadows
MFD05442.bin.1.55	N	Vidstrupium	ripicum	N.L.	neut.	Microbe found nearby Vidstrup	A species found in the coast	Formerly ''VBCG01'' in GTDB R220	Formerly ''uncultured bacterium'' in Silva 138.2	GTDB marker genes and 16S rRNA	GCA_963819965.1	Oxford Nanopore PromethION	mmlong2	4037237	4	40.43985	64.44	98.5	0.01	1	21	d__Bacteria;p__Pseudomonadota;c__Gammaproteobacteria;o__Burkholderiales;f__Casimicrobiaceae;g__VBCG01;s__Unclassified	d__Bacteria;p__Pseudomonadota;c__Gammaproteobacteria;o__Burkholderiales;f__Casimicrobiaceae;g__Vidstrupium;s__Vidstrupium ripicum	d__Bacteria;p__Pseudomonadota;c__Gammaproteobacteria;o__Burkholderiales;f__SC-I-84;g__Incertae Sedis;s__uncultured bacterium	99.1	MFD05442	Denmark	8.822	56.7368	Soil	Coastal	Atlantic salt meadows
MFD00031.bin.1.167	N	Alsgardeaba	humica	N.L.	fem.	Microbe found nearby Alsgarde	A species found in soil	Formerly ''VRUE01'' in GTDB R220	Formerly ''uncultured Rubrobacterales bacterium'' in Silva 138.2	GTDB marker genes and 16S rRNA	GCA_963702705.1	Oxford Nanopore PromethION	mmlong2	2779289	8	23.462362	67.95	90.54	1.87	1	22	d__Bacteria;p__Actinomycetota;c__Thermoleophilia;o__Solirubrobacterales;f__70-9;g__VRUE01;s__Unclassified	d__Bacteria;p__Actinomycetota;c__Thermoleophilia;o__Solirubrobacterales;f__Maglebybacteriaceae;g__Alsgardeaba;s__Alsgardeaba humica	d__Bacteria;p__Actinomycetota;c__Thermoleophilia;o__Solirubrobacterales;f__67-14;g__Incertae Sedis;s__uncultured Rubrobacterales bacterium	99.3	MFD00031	Denmark	11.4075	55.4191	Soil	Forests	Alluvial woodland
MFD00031.bin.2.81	N	Alsgardeaba	glebica	N.L.	fem.	Microbe found nearby Alsgarde	A species found in soil	Formerly ''VRUE01'' in GTDB R220	Formerly ''uncultured bacterium'' in Silva 138.2	GTDB marker genes and 16S rRNA	GCA_963702575.1	Oxford Nanopore PromethION	mmlong2	2748962	9	25.060318	70.14	90	2.39	1	22	d__Bacteria;p__Actinomycetota;c__Thermoleophilia;o__Solirubrobacterales;f__70-9;g__VRUE01;s__Unclassified	d__Bacteria;p__Actinomycetota;c__Thermoleophilia;o__Solirubrobacterales;f__Maglebybacteriaceae;g__Alsgardeaba;s__Alsgardeaba glebica	d__Bacteria;p__Actinomycetota;c__Thermoleophilia;o__Solirubrobacterales;f__67-14;g__Incertae Sedis;s__uncultured bacterium	99.3	MFD00031	Denmark	11.4075	55.4191	Soil	Forests	Alluvial woodland
MFD00082.bin.1.126	N	Alsgardeaba	tellurica	N.L.	fem.	Microbe found nearby Alsgarde	A species found in soil	Formerly ''VRUE01'' in GTDB R220	sp. nov.	GTDB marker genes and 16S rRNA	GCA_963700105.1	Oxford Nanopore PromethION	mmlong2	3276744	6	31.014742	64.08	95.41	1.38	1	22	d__Bacteria;p__Actinomycetota;c__Thermoleophilia;o__Solirubrobacterales;f__70-9;g__VRUE01;s__Unclassified	d__Bacteria;p__Actinomycetota;c__Thermoleophilia;o__Solirubrobacterales;f__Maglebybacteriaceae;g__Alsgardeaba;s__Alsgardeaba tellurica	d__Bacteria;p__Actinomycetota;c__Thermoleophilia;o__Solirubrobacterales;f__67-14;g__Incertae Sedis;s__uncultured bacterium	98.2	MFD00082	Denmark	9.974	56.7952	Soil	"Bogs, mires and fens"	Degraded raised bog
MFD00731.bin.1.217	N	Alsgardeaba	affinis	N.L.	fem.	Microbe found nearby Alsgarde	A species related to but distinct from the existing species	Formerly ''VRUE01'' in GTDB R220	sp. nov.	GTDB marker genes and 16S rRNA	GCA_963787415.1	Oxford Nanopore PromethION	mmlong2	3348464	9	12.277615	63.71	90.81	2.83	1	22	d__Bacteria;p__Actinomycetota;c__Thermoleophilia;o__Solirubrobacterales;f__70-9;g__VRUE01;s__Unclassified	d__Bacteria;p__Actinomycetota;c__Thermoleophilia;o__Solirubrobacterales;f__Maglebybacteriaceae;g__Alsgardeaba;s__Alsgardeaba affinis	d__Bacteria;p__Actinomycetota;c__Thermoleophilia;o__Solirubrobacterales;f__67-14;g__Incertae Sedis;s__uncultured bacterium	98.3	MFD00731	Denmark	10.2307	56.2289	Soil	Dunes	Inland dunes Empetrum nigrum
MFD00822.bin.c.2	N	Alsgardeaba	ripica	N.L.	fem.	Microbe found nearby Alsgarde	A species found in the coast	Formerly ''VRUE01'' in GTDB R220	Formerly ''uncultured bacterium'' in Silva 138.2	GTDB marker genes and 16S rRNA	GCA_963702035.1	Oxford Nanopore PromethION	mmlong2	2613703	1	36.178978	68.39	95.17	1.1	1	22	d__Bacteria;p__Actinomycetota;c__Thermoleophilia;o__Solirubrobacterales;f__70-9;g__VRUE01;s__Unclassified	d__Bacteria;p__Actinomycetota;c__Thermoleophilia;o__Solirubrobacterales;f__Maglebybacteriaceae;g__Alsgardeaba;s__Alsgardeaba ripica	d__Bacteria;p__Actinomycetota;c__Thermoleophilia;o__Solirubrobacterales;f__67-14;g__Incertae Sedis;s__uncultured bacterium	99.3	MFD00822	Denmark	9.612	56.9676	Soil	Coastal	Salt marshes and salt meadows
MFD01299.bin.1.182	N	Alsgardeaba	lacustris	N.L.	fem.	Microbe found nearby Alsgarde	A species found in a lake	Formerly ''VRUE01'' in GTDB R220	Formerly ''uncultured bacterium'' in Silva 138.2	GTDB marker genes and 16S rRNA	GCA_963729995.1	Oxford Nanopore PromethION	mmlong2	2341911	5	50.713017	68.99	93.96	1.65	1	22	d__Bacteria;p__Actinomycetota;c__Thermoleophilia;o__Solirubrobacterales;f__70-9;g__VRUE01;s__Unclassified	d__Bacteria;p__Actinomycetota;c__Thermoleophilia;o__Solirubrobacterales;f__Maglebybacteriaceae;g__Alsgardeaba;s__Alsgardeaba lacustris	d__Bacteria;p__Actinomycetota;c__Thermoleophilia;o__Solirubrobacterales;f__67-14;g__Incertae Sedis;s__uncultured bacterium	98.8	MFD01299	Denmark	8.627054339	55.80287147	Sediment	Freshwater	"Lake, Rich pondweed"
MFD01721.bin.1.228	N	Alsgardeaba	litoralis	N.L.	fem.	Microbe found nearby Alsgarde	A species found in the coast	Formerly ''VRUE01'' in GTDB R220	sp. nov.	GTDB marker genes and 16S rRNA	GCA_963728365.1	Oxford Nanopore PromethION	mmlong2	2800359	3	119.19144	69.51	95.2	0.55	1	22	d__Bacteria;p__Actinomycetota;c__Thermoleophilia;o__Solirubrobacterales;f__70-9;g__VRUE01;s__Unclassified	d__Bacteria;p__Actinomycetota;c__Thermoleophilia;o__Solirubrobacterales;f__Maglebybacteriaceae;g__Alsgardeaba;s__Alsgardeaba litoralis	d__Bacteria;p__Actinomycetota;c__Thermoleophilia;o__Solirubrobacterales;f__67-14;g__Incertae Sedis;s__uncultured bacterium	98.4	MFD01721	Denmark	10.5019	55.4485	Soil	Coastal	Salicornia mud
MFD01916.bin.c.7	N	Alsgardeaba	arida	N.L.	fem.	Microbe found nearby Alsgarde	A species found in sand	Formerly ''VRUE01'' in GTDB R220	Formerly ''uncultured bacterium'' in Silva 138.2	GTDB marker genes and 16S rRNA	GCA_963701265.1	Oxford Nanopore PromethION	mmlong2	2620312	1	65.27942	67.6	92.03	0.87	1	22	d__Bacteria;p__Actinomycetota;c__Thermoleophilia;o__Solirubrobacterales;f__70-9;g__VRUE01;s__Unclassified	d__Bacteria;p__Actinomycetota;c__Thermoleophilia;o__Solirubrobacterales;f__Maglebybacteriaceae;g__Alsgardeaba;s__Alsgardeaba arida	d__Bacteria;p__Actinomycetota;c__Thermoleophilia;o__Solirubrobacterales;f__67-14;g__Incertae Sedis;s__uncultured bacterium	99.3	MFD01916	Denmark	10.4385	57.5446	Soil	Dunes	Fixed dunes (grey dunes)
MFD02360.bin.1.202	N	Alsgardeaba	danica	N.L.	fem.	Microbe found nearby Alsgarde	A species from Denmark	Formerly ''VRUE01'' in GTDB R220	Formerly ''uncultured bacterium'' in Silva 138.2	GTDB marker genes and 16S rRNA	GCA_963698085.1	Oxford Nanopore PromethION	mmlong2	2534965	1	76.8237	67.39	94.26	0.67	2	22	d__Bacteria;p__Actinomycetota;c__Thermoleophilia;o__Solirubrobacterales;f__70-9;g__VRUE01;s__Unclassified	d__Bacteria;p__Actinomycetota;c__Thermoleophilia;o__Solirubrobacterales;f__Maglebybacteriaceae;g__Alsgardeaba;s__Alsgardeaba danica	d__Bacteria;p__Actinomycetota;c__Thermoleophilia;o__Solirubrobacterales;f__67-14;g__Incertae Sedis;s__uncultured bacterium	99.4	MFD02360	Denmark	8.7192	57.0795	Soil	Grassland formations	Calcareous grassland
MFD02360.bin.1.206	N	Alsgardeaba	terrestris	N.L.	fem.	Microbe found nearby Alsgarde	A species found in soil	Formerly ''VRUE01'' in GTDB R220	Formerly ''uncultured bacterium'' in Silva 138.2	GTDB marker genes and 16S rRNA	GCA_963716735.1	Oxford Nanopore PromethION	mmlong2	2832470	1	37.745384	67.78	93.9	1.34	1	22	d__Bacteria;p__Actinomycetota;c__Thermoleophilia;o__Solirubrobacterales;f__70-9;g__VRUE01;s__Unclassified	d__Bacteria;p__Actinomycetota;c__Thermoleophilia;o__Solirubrobacterales;f__Maglebybacteriaceae;g__Alsgardeaba;s__Alsgardeaba terrestris	d__Bacteria;p__Actinomycetota;c__Thermoleophilia;o__Solirubrobacterales;f__67-14;g__Incertae Sedis;s__uncultured bacterium	99.5	MFD02360	Denmark	8.7192	57.0795	Soil	Grassland formations	Calcareous grassland
MFD00392.bin.1.3	N	Nordbyana	humica	N.L.	fem.	Microbe found nearby Nordby	A species found in soil	Formerly ''WHSW01'' in GTDB R220	Formerly ''uncultured bacterium'' in Silva 138.2	GTDB marker genes and 16S rRNA	GCA_963705955.1	Oxford Nanopore PromethION	mmlong2	3429743	10	32.880093	70.55	90.02	1.53	1	22	d__Bacteria;p__Actinomycetota;c__Thermoleophilia;o__Solirubrobacterales;f__70-9;g__WHSW01;s__Unclassified	d__Bacteria;p__Actinomycetota;c__Thermoleophilia;o__Solirubrobacterales;f__Maglebybacteriaceae;g__Nordbyana;s__Nordbyana humica	d__Bacteria;p__Actinomycetota;c__Thermoleophilia;o__Solirubrobacterales;f__67-14;g__Incertae Sedis;s__uncultured bacterium	98.7	MFD00392	Denmark	11.6269	55.4231	Soil	Fields	"Fabales, Faba bean"
MFD01275.bin.1.7	N	Nordbyana	arida	N.L.	fem.	Microbe found nearby Nordby	A species found in sand	Formerly ''Incertae Sedis'' in Silva 138.2	Formerly ''uncultured bacterium'' in Silva 138.2	GTDB marker genes and 16S rRNA	GCA_963851045.1	Oxford Nanopore PromethION	mmlong2	2971103	2	24.257961	67.53	94.43	0.03	1	22	d__Bacteria;p__Actinomycetota;c__Thermoleophilia;o__Solirubrobacterales;f__70-9;g__Unclassified;s__Unclassified	d__Bacteria;p__Actinomycetota;c__Thermoleophilia;o__Solirubrobacterales;f__Maglebybacteriaceae;g__Nordbyana;s__Nordbyana arida	d__Bacteria;p__Actinomycetota;c__Thermoleophilia;o__Solirubrobacterales;f__67-14;g__Incertae Sedis;s__uncultured bacterium	99.1	MFD01275	Denmark	10.8089	56.5332	Soil	Dunes	Marram dunes (white dunes)
MFD04935.bin.1.4	N	Nordbyana	terrestris	N.L.	fem.	Microbe found nearby Nordby	A species found in soil	Formerly ''WHSW01'' in GTDB R220	Formerly ''uncultured bacterium'' in Silva 138.2	GTDB marker genes and 16S rRNA	GCA_963767475.1	Oxford Nanopore PromethION	mmlong2	4337258	6	25.01454	70	92.17	2.09	2	22	d__Bacteria;p__Actinomycetota;c__Thermoleophilia;o__Solirubrobacterales;f__70-9;g__WHSW01;s__Unclassified	d__Bacteria;p__Actinomycetota;c__Thermoleophilia;o__Solirubrobacterales;f__Maglebybacteriaceae;g__Nordbyana;s__Nordbyana terrestris	d__Bacteria;p__Actinomycetota;c__Thermoleophilia;o__Solirubrobacterales;f__67-14;g__Incertae Sedis;s__uncultured bacterium	98.8	MFD04935	Denmark	8.4297	55.3523	Soil	Dunes	Marram dunes (white dunes)
MFD09267.bin.1.277	N	Nordbyana	propinqua	N.L.	fem.	Microbe found nearby Nordby	A species related to but distinct from the existing species	Formerly ''WHSW01'' in GTDB R220	sp. nov.	GTDB marker genes and 16S rRNA	GCA_963749365.1	Oxford Nanopore PromethION	mmlong2	2913143	7	45.73585	70.83	95.43	0.24	1	22	d__Bacteria;p__Actinomycetota;c__Thermoleophilia;o__Solirubrobacterales;f__70-9;g__WHSW01;s__Unclassified	d__Bacteria;p__Actinomycetota;c__Thermoleophilia;o__Solirubrobacterales;f__Maglebybacteriaceae;g__Nordbyana;s__Nordbyana propinqua	d__Bacteria;p__Actinomycetota;c__Thermoleophilia;o__Solirubrobacterales;f__67-14;g__Incertae Sedis;s__uncultured bacterium	98.4	MFD09267	Denmark	9.28746	56.98291	Soil	Grassland formations	Xeric sand calcareous grasslands
MFD09267.bin.1.346	N	Nordbyana	europaea	N.L.	fem.	Microbe found nearby Nordby	A species from Europe	Formerly ''WHSW01'' in GTDB R220	Formerly ''uncultured bacterium'' in Silva 138.2	GTDB marker genes and 16S rRNA	GCA_963821025.1	Oxford Nanopore PromethION	mmlong2	3244330	5	21.09211	70	94.96	0.33	1	22	d__Bacteria;p__Actinomycetota;c__Thermoleophilia;o__Solirubrobacterales;f__70-9;g__WHSW01;s__Unclassified	d__Bacteria;p__Actinomycetota;c__Thermoleophilia;o__Solirubrobacterales;f__Maglebybacteriaceae;g__Nordbyana;s__Nordbyana europaea	d__Bacteria;p__Actinomycetota;c__Thermoleophilia;o__Solirubrobacterales;f__67-14;g__Incertae Sedis;s__uncultured bacterium	98.7	MFD09267	Denmark	9.28746	56.98291	Soil	Grassland formations	Xeric sand calcareous grasslands
MFD01689.bin.c.3	N	Marsletimorpha	tellurica	N.L.	fem.	Microbe found nearby Marslet	A species found in soil	Formerly ''XYB1-FULL-47-11'' in GTDB R220	sp. nov.	GTDB marker genes and 16S rRNA	GCA_963714095.1	Oxford Nanopore PromethION	mmlong2	1088247	1	18.040024	45.88	96.04	0.17	1	20	d__Bacteria;p__Patescibacteria;c__Microgenomatia;o__UBA10105;f__UBA927;g__XYB1-FULL-47-11;s__Unclassified	d__Bacteria;p__Patescibacteria;c__Microgenomatia;o__Marsletimorphales;f__Marsletimorphaceae;g__Marsletimorpha;s__Marsletimorpha tellurica	d__Bacteria;p__Patescibacteria;c__Microgenomatia;o__Candidatus Gottesmanbacteria;f__Incertae Sedis;g__Incertae Sedis;s__Candidatus Gottesmanbacteria bacterium RIFOXYB1_FULL_47_11	92.9	MFD01689	Denmark	8.4696	55.595	Soil	"Bogs, mires and fens"	Rhynchosporion depressions
MFD05942.bin.1.195	N	Marsletimorpha	propinqua	N.L.	fem.	Microbe found nearby Marslet	A species related to but distinct from the existing species	Formerly ''XYB1-FULL-47-11'' in GTDB R220	sp. nov.	GTDB marker genes and 16S rRNA	GCA_963809665.1	Oxford Nanopore PromethION	mmlong2	863589	5	14.57053	47.61	98.2	0.51	1	18	d__Bacteria;p__Patescibacteria;c__Microgenomatia;o__UBA10105;f__UBA927;g__XYB1-FULL-47-11;s__Unclassified	d__Bacteria;p__Patescibacteria;c__Microgenomatia;o__Marsletimorphales;f__Marsletimorphaceae;g__Marsletimorpha;s__Marsletimorpha propinqua	d__Bacteria;p__Patescibacteria;c__Microgenomatia;o__Candidatus Gottesmanbacteria;f__Incertae Sedis;g__Incertae Sedis;s__uncultured bacterium	92.5	MFD05942	Denmark	9.6177	56.7771	Soil	Fields	"Poales, grass"
MFD05684.bin.1.262	N	Glyngoereum	ripicum	N.L.	neut.	Microbe found nearby Glyngoere	A species found in the coast	Formerly ''ZC4RG17'' in GTDB R220	sp. nov.	GTDB marker genes and 16S rRNA	GCA_963744905.1	Oxford Nanopore PromethION	mmlong2	3576160	10	55.43771	65.83	95.16	2.64	1	22	d__Bacteria;p__Actinomycetota;c__Acidimicrobiia;o__UBA5794;f__ZC4RG35;g__ZC4RG17;s__Unclassified	d__Bacteria;p__Actinomycetota;c__Acidimicrobiia;o__UBA5794;f__Glyngoereaceae;g__Glyngoereum;s__Glyngoereum ripicum	d__Bacteria;p__Actinomycetota;c__Acidimicrobiia;o__Actinomarinales;f__Incertae Sedis;g__Incertae Sedis;s__uncultured bacterium	97.9	MFD05684	Denmark	8.2638	55.5312	Soil	Coastal	Salicornia mud
MFD09267.bin.1.253	N	Elmelundeaba	glebica	N.L.	fem.	Microbe found nearby Elmelunde	A species found in soil	Formerly ''ZC4RG19'' in GTDB R220	sp. nov.	GTDB marker genes and 16S rRNA	GCA_963842395.1	Oxford Nanopore PromethION	mmlong2	5669022	3	25.01717	73.59	95.16	1.55	1	23	d__Bacteria;p__Actinomycetota;c__Acidimicrobiia;o__Acidimicrobiales;f__JACDCH01;g__ZC4RG19;s__Unclassified	d__Bacteria;p__Actinomycetota;c__Acidimicrobiia;o__Acidimicrobiales;f__Elmelundeabaceae;g__Elmelundeaba;s__Elmelundeaba glebica	d__Bacteria;p__Actinomycetota;c__Acidimicrobiia;o__Microtrichales;f__Incertae Sedis;g__Incertae Sedis;s__uncultured bacterium	98.6	MFD09267	Denmark	9.28746	56.98291	Soil	Grassland formations	Xeric sand calcareous grasslands
MFD02416.bin.1.163	N	Sebberimonas	litoralis	N.L.	fem.	Microbe found nearby Sebber	A species found in the coast	Formerly ''Incertae Sedis'' in Silva 138.2	sp. nov.	GTDB marker genes and 16S rRNA	GCA_963702105.1	Oxford Nanopore PromethION	mmlong2	5453612	1	36.661617	67.64	99.19	1.1	1	22	d__Bacteria;p__Pseudomonadota;c__Gammaproteobacteria;o__Rariloculales;f__Rariloculaceae;g__Unclassified;s__Unclassified	d__Bacteria;p__Pseudomonadota;c__Gammaproteobacteria;o__Rariloculales;f__Rariloculaceae;g__Sebberimonas;s__Sebberimonas litoralis	d__Bacteria;p__Pseudomonadota;c__Gammaproteobacteria;o__EPR3968-O8a-Bc78;f__Incertae Sedis;g__Incertae Sedis;s__uncultured bacterium	97.2	MFD02416	Denmark	9.5553	56.8577	Soil	Coastal	Inland salt meadows
MFD02923.bin.1.150	N	Ajstrupiana	litoralis	N.L.	fem.	Microbe found nearby Store Ajstrup	A species found in the coast	Formerly ''Incertae Sedis'' in Silva 138.2	sp. nov.	GTDB marker genes and 16S rRNA	GCA_963810615.1	Oxford Nanopore PromethION	mmlong2	3339879	8	84.79939	56.85	100	1.32	1	22	d__Bacteria;p__Pseudomonadota;c__Gammaproteobacteria;o__CALZJG01;f__CALZJG01;g__Unclassified;s__Unclassified	d__Bacteria;p__Pseudomonadota;c__Gammaproteobacteria;o__Skarresoeiellales;f__Skarresoeiellaceae;g__Ajstrupiana;s__Ajstrupiana litoralis	d__Bacteria;p__Pseudomonadota;c__Gammaproteobacteria;o__Beggiatoales;f__Beggiatoaceae;g__Incertae Sedis;s__uncultured bacterium	96.7	MFD02923	Denmark	8.8343	56.765	Soil	Coastal	Atlantic salt meadows
MFD00731.bin.1.206	N	Ibskerisoma	vicinum	N.L.	neut.	Microbe found nearby Ibsker	A species related to but distinct from the existing species	Formerly ''Coxiella'' in Silva 138.2	sp. nov.	GTDB marker genes and 16S rRNA	GCA_963714975.1	Oxford Nanopore PromethION	mmlong2	2559048	3	12.712962	43.08	93.75	2.48	1	22	d__Bacteria;p__Pseudomonadota;c__Gammaproteobacteria;o__JAURND01;f__JAURND01;g__Unclassified;s__Unclassified	d__Bacteria;p__Pseudomonadota;c__Gammaproteobacteria;o__Aasumibacterales;f__Ibskerisomataceae;g__Ibskerisoma;s__Ibskerisoma vicinum	d__Bacteria;p__Pseudomonadota;c__Gammaproteobacteria;o__Coxiellales;f__Coxiellaceae;g__Coxiella;s__uncultured bacterium	97.4	MFD00731	Denmark	10.2307	56.2289	Soil	Dunes	Inland dunes Empetrum nigrum
MFD09286.bin.1.170	N	Ibskerisoma	danicum	N.L.	neut.	Microbe found nearby Ibsker	A species from Denmark	gen. nov.	sp. nov.	GTDB marker genes and 16S rRNA	GCA_963813895.1	Oxford Nanopore PromethION	mmlong2	3341679	5	19.37148	41.73	99.09	0.37	1	21	d__Bacteria;p__Pseudomonadota;c__Gammaproteobacteria;o__JAURND01;f__JAURND01;g__Unclassified;s__Unclassified	d__Bacteria;p__Pseudomonadota;c__Gammaproteobacteria;o__Aasumibacterales;f__Ibskerisomataceae;g__Ibskerisoma;s__Ibskerisoma danicum	d__Bacteria;p__Pseudomonadota;c__Gammaproteobacteria;o__Coxiellales;f__Coxiellaceae;g__Coxiella;s__Coxiella endosymbiont of Ornithodoros occidentalis	93.7	MFD09286	Denmark	8.26815	56.81197	Soil	Dunes	Decalcified Empetrum dunes
MFD05942.bin.1.64	N	Hoddevivens	terreum	N.L.	masch.	Microbe found nearby Hodde	A species found in soil	Formerly ''Incertae Sedis'' in Silva 138.2	sp. nov.	GTDB marker genes and 16S rRNA	GCA_963801475.1	Oxford Nanopore PromethION	mmlong2	4211590	3	30.28017	69.35	99.48	0.64	1	23	d__Bacteria;p__Acidobacteriota;c__Thermoanaerobaculia;o__UBA5066;f__UBA5066;g__Unclassified;s__Unclassified	d__Bacteria;p__Acidobacteriota;c__Thermoanaerobaculia;o__Outrupibacteriales;f__Outrupibacteriaceae;g__Hoddevivens;s__Hoddevivens terreum	d__Bacteria;p__Acidobacteriota;c__Holophagae;o__Subgroup 7;f__Incertae Sedis;g__Incertae Sedis;s__uncultured bacterium	98.6	MFD05942	Denmark	9.6177	56.7771	Soil	Fields	"Poales, grass"
MFD04944.bin.1.227	N	Vokslevivita	tellurica	N.L.	fem.	Microbe found nearby Vokslev	A species found in soil	Formerly ''Incertae Sedis'' in Silva 138.2	sp. nov.	GTDB marker genes and 16S rRNA	GCA_963837345.1	Oxford Nanopore PromethION	mmlong2	4933650	4	30.36026	68.29	93.02	2.3	1	23	d__Bacteria;p__Acidobacteriota;c__Vicinamibacteria;o__Vicinamibacterales;f__UBA2999;g__Unclassified;s__Unclassified	d__Bacteria;p__Acidobacteriota;c__Vicinamibacteria;o__Vicinamibacterales;f__Pjedstedimenaceae;g__Vokslevivita;s__Vokslevivita tellurica	d__Bacteria;p__Acidobacteriota;c__Vicinamibacteria;o__Vicinamibacterales;f__Incertae Sedis;g__Incertae Sedis;s__uncultured bacterium	97	MFD04944	Denmark	10.5752	54.9596	Soil	Grassland formations	Species-rich Nardus upland grassland
MFD05442.bin.1.381	N	Vokslevivita	orica	N.L.	fem.	Microbe found nearby Vokslev	A species found in the coast	Formerly ''Incertae Sedis'' in Silva 138.2	sp. nov.	GTDB marker genes and 16S rRNA	GCA_963792785.1	Oxford Nanopore PromethION	mmlong2	4538355	4	43.19568	69.36	92.41	0.57	1	23	d__Bacteria;p__Acidobacteriota;c__Vicinamibacteria;o__Vicinamibacterales;f__UBA2999;g__Unclassified;s__Unclassified	d__Bacteria;p__Acidobacteriota;c__Vicinamibacteria;o__Vicinamibacterales;f__Pjedstedimenaceae;g__Vokslevivita;s__Vokslevivita orica	d__Bacteria;p__Acidobacteriota;c__Vicinamibacteria;o__Vicinamibacterales;f__Incertae Sedis;g__Incertae Sedis;s__uncultured Acidobacteria bacterium	97.3	MFD05442	Denmark	8.822	56.7368	Soil	Coastal	Atlantic salt meadows
MFD05942.bin.1.17	N	Vedbaekius	danicus	N.L.	masch.	Microbe found nearby Vedbaek	A species from Denmark	Formerly ''Incertae Sedis'' in Silva 138.2	sp. nov.	GTDB marker genes and 16S rRNA	GCA_963843385.1	Oxford Nanopore PromethION	mmlong2	5615313	9	51.35804	66.6	96.46	3.05	1	22	d__Bacteria;p__Acidobacteriota;c__Vicinamibacteria;o__Vicinamibacterales;f__JAKQTR01;g__Unclassified;s__Unclassified	d__Bacteria;p__Acidobacteriota;c__Vicinamibacteria;o__Vicinamibacterales;f__Binderupimenaceae;g__Vedbaekius;s__Vedbaekius danicus	d__Bacteria;p__Acidobacteriota;c__Vicinamibacteria;o__Vicinamibacterales;f__Incertae Sedis;g__Incertae Sedis;s__uncultured bacterium	95.7	MFD05942	Denmark	9.6177	56.7771	Soil	Fields	"Poales, grass"
MFD05942.bin.1.97	N	Vedbaekius	scandius	N.L.	masch.	Microbe found nearby Vedbaek	A species from Scandinavia	Formerly ''Incertae Sedis'' in Silva 138.2	sp. nov.	GTDB marker genes and 16S rRNA	GCA_963813325.1	Oxford Nanopore PromethION	mmlong2	5383953	6	83.57787	69.56	99.36	1.15	1	23	d__Bacteria;p__Acidobacteriota;c__Vicinamibacteria;o__Vicinamibacterales;f__JAKQTR01;g__Unclassified;s__Unclassified	d__Bacteria;p__Acidobacteriota;c__Vicinamibacteria;o__Vicinamibacterales;f__Binderupimenaceae;g__Vedbaekius;s__Vedbaekius scandius	d__Bacteria;p__Acidobacteriota;c__Vicinamibacteria;o__Vicinamibacterales;f__Incertae Sedis;g__Incertae Sedis;s__uncultured bacterium	95.8	MFD05942	Denmark	9.6177	56.7771	Soil	Fields	"Poales, grass"
MFD01916.bin.c.4	N	Ellingivita	arida	N.L.	fem.	Microbe found nearby Elling	A species found in sand	Formerly ''Incertae Sedis'' in Silva 138.2	Formerly ''uncultured bacterium'' in Silva 138.2	GTDB marker genes and 16S rRNA	GCA_963705225.1	Oxford Nanopore PromethION	mmlong2	4850502	1	102.9619	52.18	94.65	0.11	1	23	d__Bacteria;p__Acidobacteriota;c__Blastocatellia;o__Pyrinomonadales;f__Pyrinomonadaceae;g__Unclassified;s__Unclassified	d__Bacteria;p__Acidobacteriota;c__Blastocatellia;o__Pyrinomonadales;f__Pyrinomonadaceae;g__Ellingivita;s__Ellingivita arida	d__Bacteria;p__Acidobacteriota;c__Blastocatellia;o__Blastocatellales;f__Blastocatellaceae;g__Incertae Sedis;s__uncultured bacterium	99.1	MFD01916	Denmark	10.4385	57.5446	Soil	Dunes	Fixed dunes (grey dunes)
MFD06435.bin.1.198	N	Maugstrupiella	lacustris	N.L.	fem.	Microbe found nearby Maugstrup	A species found in a lake	Formerly ''Incertae Sedis'' in Silva 138.2	Formerly ''uncultured bacterium'' in Silva 138.2	GTDB marker genes and 16S rRNA	GCA_963841635.1	Oxford Nanopore PromethION	mmlong2	7061284	4	32.82349	64.42	100	1.39	1	23	d__Bacteria;p__Acidobacteriota;c__Terriglobia;o__Bryobacterales;f__Bryobacteraceae;g__Unclassified;s__Unclassified	d__Bacteria;p__Acidobacteriota;c__Terriglobia;o__Bryobacterales;f__Bryobacteraceae;g__Maugstrupiella;s__Maugstrupiella lacustris	d__Bacteria;p__Acidobacteriota;c__Acidobacteriae;o__AKIW659;f__Incertae Sedis;g__Incertae Sedis;s__uncultured bacterium	99	MFD06435	Denmark	8.46320698	57.0278885	Sediment	Freshwater	"Lake, Mixed Najas flexilis"
MFD09603.bin.1.1	N	Rutskerihabitans	terreum	N.L.	masch.	Microbe found nearby Rutsker	A species found in soil	Formerly ''Incertae Sedis'' in Silva 138.2	Formerly ''uncultured bacterium'' in Silva 138.2	GTDB marker genes and 16S rRNA	GCA_963795775.1	Oxford Nanopore PromethION	mmlong2	4282365	9	46.21129	62.24	99.37	2.02	1	23	d__Bacteria;p__Acidobacteriota;c__Terriglobia;o__Terriglobales;f__Acidobacteriaceae;g__Unclassified;s__Unclassified	d__Bacteria;p__Acidobacteriota;c__Terriglobia;o__Terriglobales;f__Acidobacteriaceae;g__Rutskerihabitans;s__Rutskerihabitans terreum	d__Bacteria;p__Acidobacteriota;c__Acidobacteriae;o__Terriglobales;f__Acidobacteriaceae (Subgroup 1);g__Incertae Sedis;s__uncultured bacterium	99.3	MFD09603	Denmark	14.9796	55.2067	Soil	Rocky habitats and caves	Siliceous rocky slopes
MFD09603.bin.1.5	N	Rutskerihabitans	proximus	N.L.	masch.	Microbe found nearby Rutsker	A species related to but distinct from the existing species	Formerly ''Incertae Sedis'' in Silva 138.2	Formerly ''uncultured bacterium'' in Silva 138.2	GTDB marker genes and 16S rRNA	GCA_963767705.1	Oxford Nanopore PromethION	mmlong2	3942446	3	26.01692	60.71	98.94	0.77	1	22	d__Bacteria;p__Acidobacteriota;c__Terriglobia;o__Terriglobales;f__Acidobacteriaceae;g__Unclassified;s__Unclassified	d__Bacteria;p__Acidobacteriota;c__Terriglobia;o__Terriglobales;f__Acidobacteriaceae;g__Rutskerihabitans;s__Rutskerihabitans proximus	d__Bacteria;p__Acidobacteriota;c__Acidobacteriae;o__Terriglobales;f__Acidobacteriaceae (Subgroup 1);g__Incertae Sedis;s__uncultured bacterium	99.2	MFD09603	Denmark	14.9796	55.2067	Soil	Rocky habitats and caves	Siliceous rocky slopes
MFD09368.bin.1.142	N	Drejoemorpha	humica	N.L.	fem.	Microbe found nearby Drejoe	A species found in soil	Formerly ''Incertae Sedis'' in Silva 138.2	sp. nov.	GTDB marker genes and 16S rRNA	GCA_963796925.1	Oxford Nanopore PromethION	mmlong2	4908053	2	29.00212	55.41	99.22	0.39	1	23	d__Bacteria;p__Acidobacteriota;c__Terriglobia;o__Terriglobales;f__SbA1;g__Unclassified;s__Unclassified	d__Bacteria;p__Acidobacteriota;c__Terriglobia;o__Terriglobales;f__SbA1;g__Drejoemorpha;s__Drejoemorpha humica	d__Bacteria;p__Acidobacteriota;c__Acidobacteriae;o__Terriglobales;f__Incertae Sedis;g__Incertae Sedis;s__uncultured Acidobacteria bacterium	98.4	MFD09368	Denmark	9.3861	54.8519	Soil	Grassland formations	Semi-natural dry grasslands
MFD06714.bin.1.236	N	Skadsibacterium	terreus	N.L.	neut.	Microbe found nearby Skads	A species found in soil	Formerly ''Incertae Sedis'' in Silva 138.2	Formerly ''uncultured Acidobacteria bacterium'' in Silva 138.2	GTDB marker genes and 16S rRNA	GCA_963802555.1	Oxford Nanopore PromethION	mmlong2	4275816	5	35.1386	56.94	98.18	0.34	1	23	d__Bacteria;p__Acidobacteriota;c__Terriglobia;o__Terriglobales;f__SbA1;g__Unclassified;s__Unclassified	d__Bacteria;p__Acidobacteriota;c__Terriglobia;o__Terriglobales;f__SbA1;g__Skadsibacterium;s__Skadsibacterium terreus	d__Bacteria;p__Acidobacteriota;c__Acidobacteriae;o__Terriglobales;f__Incertae Sedis;g__Incertae Sedis;s__uncultured Acidobacteria bacterium	99.7	MFD06714	Denmark	9.988333	55.207112	Soil	Dunes	Decalcified Empetrum dunes
MFD00731.bin.1.2	N	Ejstrupibacter	telluricus	N.L.	masch.	Microbe found nearby Ejstrup	A species found in soil	Formerly ''Incertae Sedis'' in Silva 138.2	sp. nov.	GTDB marker genes and 16S rRNA	GCA_963737205.1	Oxford Nanopore PromethION	mmlong2	5616200	9	33.439713	59.3	95.92	2.08	1	22	d__Bacteria;p__Acidobacteriota;c__Terriglobia;o__Acidoferrales;f__UBA7541;g__Unclassified;s__Unclassified	d__Bacteria;p__Acidobacteriota;c__Terriglobia;o__Acidoferrales;f__UBA7541;g__Ejstrupibacter;s__Ejstrupibacter telluricus	d__Bacteria;p__Acidobacteriota;c__Acidobacteriae;o__Subgroup 2;f__Incertae Sedis;g__Incertae Sedis;s__uncultured bacterium	97	MFD00731	Denmark	10.2307	56.2289	Soil	Dunes	Inland dunes Empetrum nigrum
MFD03399.bin.1.33	N	Sjoersleviaba	scandia	N.L.	fem.	Microbe found nearby Sjoerslev	A species from Scandinavia	Formerly ''Incertae Sedis'' in Silva 138.2	sp. nov.	GTDB marker genes and 16S rRNA	GCA_963847505.1	Oxford Nanopore PromethION	mmlong2	4208404	5	49.4729	56.88	98.2	0.18	1	23	d__Bacteria;p__Acidobacteriota;c__Terriglobia;o__Acidoferrales;f__UBA7541;g__Unclassified;s__Unclassified	d__Bacteria;p__Acidobacteriota;c__Terriglobia;o__Acidoferrales;f__UBA7541;g__Sjoersleviaba;s__Sjoersleviaba scandia	d__Bacteria;p__Acidobacteriota;c__Acidobacteriae;o__Subgroup 2;f__Incertae Sedis;g__Incertae Sedis;s__uncultured bacterium	97.6	MFD03399	Denmark	9.77493	57.18586	Soil	Grassland formations	Species-rich Nardus upland grassland
MFD09222.bin.1.161	N	Sjoersleviaba	terrea	N.L.	fem.	Microbe found nearby Sjoerslev	A species found in soil	Formerly ''Incertae Sedis'' in Silva 138.2	sp. nov.	GTDB marker genes and 16S rRNA	GCA_963748845.1	Oxford Nanopore PromethION	mmlong2	5103035	2	26.48062	57.2	99.07	0.29	1	22	d__Bacteria;p__Acidobacteriota;c__Terriglobia;o__Acidoferrales;f__UBA7541;g__Unclassified;s__Unclassified	d__Bacteria;p__Acidobacteriota;c__Terriglobia;o__Acidoferrales;f__UBA7541;g__Sjoersleviaba;s__Sjoersleviaba terrea	d__Bacteria;p__Acidobacteriota;c__Acidobacteriae;o__Subgroup 2;f__Incertae Sedis;g__Incertae Sedis;s__uncultured bacterium	94.8	MFD09222	Denmark	9.2476	56.2643	Soil	Temperate heath and scrub	Wet heath
MFD10064.bin.1.47	N	Sjoersleviaba	arida	N.L.	fem.	Microbe found nearby Sjoerslev	A species found in sand	gen. nov.	sp. nov.	GTDB marker genes and 16S rRNA	GCA_963703805.1	Oxford Nanopore PromethION	mmlong2	4606648	6	15.90774	58.53	96.31	0.16	1	23	d__Bacteria;p__Acidobacteriota;c__Terriglobia;o__Acidoferrales;f__UBA7541;g__Unclassified;s__Unclassified	d__Bacteria;p__Acidobacteriota;c__Terriglobia;o__Acidoferrales;f__UBA7541;g__Sjoersleviaba;s__Sjoersleviaba arida	d__Bacteria;p__Acidobacteriota;c__Acidobacteriae;o__Subgroup 2;f__Incertae Sedis;g__Incertae Sedis;s__uncultured bacterium	94.3	MFD10064	Denmark	8.42712	56.91759	Soil	Dunes	Decalcified Empetrum dunes
MFD05684.bin.1.2	N	Fredensisoma	ripicum	N.L.	neut.	Microbe found nearby Fredens	A species found in the coast	Formerly ''Incertae Sedis'' in Silva 138.2	sp. nov.	GTDB marker genes and 16S rRNA	GCA_963768615.1	Oxford Nanopore PromethION	mmlong2	4622177	8	34.895	71	94.22	0.03	1	23	d__Bacteria;p__Eisenbacteria;c__RBG-16-71-46;o__JABDJR01;f__JABDJR01;g__Unclassified;s__Unclassified	d__Bacteria;p__Eisenbacteria;c__Ravnsnaesimenia;o__Fredensisomatales;f__JABDJR01;g__Fredensisoma;s__Fredensisoma ripicum	d__Bacteria;p__Latescibacterota;c__Incertae Sedis;o__Incertae Sedis;f__Incertae Sedis;g__Incertae Sedis;s__uncultured bacterium	95.6	MFD05684	Denmark	8.2638	55.5312	Soil	Coastal	Salicornia mud
MFD05942.bin.1.119	N	Fredensisoma	vicinum	N.L.	neut.	Microbe found nearby Fredens	A species related to but distinct from the existing species	Formerly ''Incertae Sedis'' in Silva 138.2	sp. nov.	GTDB marker genes and 16S rRNA	GCA_963762255.1	Oxford Nanopore PromethION	mmlong2	4136756	3	28.79332	66.67	93.61	0.09	1	23	d__Bacteria;p__Eisenbacteria;c__RBG-16-71-46;o__JABDJR01;f__Unclassified;g__Unclassified;s__Unclassified	d__Bacteria;p__Eisenbacteria;c__Ravnsnaesimenia;o__Fredensisomatales;f__Fredensisomataceae;g__Fredensisoma;s__Fredensisoma vicinum	d__Bacteria;p__Latescibacterota;c__Incertae Sedis;o__Incertae Sedis;f__Incertae Sedis;g__Incertae Sedis;s__uncultured bacterium	94.7	MFD05942	Denmark	9.6177	56.7771	Soil	Fields	"Poales, grass"
MFD01721.bin.1.83	N	Kastbjergiana	humica	N.L.	fem.	Microbe found nearby Kastbjerg	A species found in soil	Formerly ''Incertae Sedis'' in Silva 138.2	sp. nov.	GTDB marker genes and 16S rRNA	GCA_963779755.1	Oxford Nanopore PromethION	mmlong2	4234673	4	37.699142	68.5	96.97	0.65	1	23	d__Bacteria;p__Gemmatimonadota;c__Gemmatimonadetes;o__Gemmatimonadales;f__GWC2-71-9;g__Unclassified;s__Unclassified	d__Bacteria;p__Gemmatimonadota;c__Gemmatimonadetes;o__Gemmatimonadales;f__Siemiabaceae;g__Kastbjergiana;s__Kastbjergiana humica	d__Bacteria;p__Gemmatimonadota;c__Gemmatimonadia;o__Gemmatimonadales;f__Gemmatimonadaceae;g__Incertae Sedis;s__uncultured Gemmatimonadetes bacterium	96.1	MFD01721	Denmark	10.5019	55.4485	Soil	Coastal	Salicornia mud
MFD01721.bin.1.274	N	Oestrupivivens	ripicus	N.L.	masch.	Microbe found nearby Oestrup	A species found in the coast	gen. nov.	sp. nov.	GTDB marker genes and 16S rRNA	GCA_963728445.1	Oxford Nanopore PromethION	mmlong2	4299526	8	116.496796	70.69	97.05	1.36	2	23	d__Bacteria;p__Gemmatimonadota;c__Gemmatimonadetes;o__Longimicrobiales;f__RSA9;g__Unclassified;s__Unclassified	d__Bacteria;p__Gemmatimonadota;c__Gemmatimonadetes;o__Longimicrobiales;f__Munkeboaceae;g__Oestrupivivens;s__Oestrupivivens ripicus	d__Bacteria;p__Gemmatimonadota;c__S0134 terrestrial group;o__Incertae Sedis;f__Incertae Sedis;g__Incertae Sedis;s__uncultured bacterium	90.7	MFD01721	Denmark	10.5019	55.4485	Soil	Coastal	Salicornia mud
MFD01721.bin.1.4	N	Oestrupivivens	borealis	N.L.	masch.	Microbe found nearby Oestrup	A species from the north	gen. nov.	sp. nov.	GTDB marker genes and 16S rRNA	GCA_963816355.1	Oxford Nanopore PromethION	mmlong2	3853758	6	66.03936	72.14	97.48	1.88	2	23	d__Bacteria;p__Gemmatimonadota;c__Gemmatimonadetes;o__Longimicrobiales;f__RSA9;g__Unclassified;s__Unclassified	d__Bacteria;p__Gemmatimonadota;c__Gemmatimonadetes;o__Longimicrobiales;f__Munkeboaceae;g__Oestrupivivens;s__Oestrupivivens borealis	d__Bacteria;p__Gemmatimonadota;c__BD2-11 terrestrial group;o__Incertae Sedis;f__Incertae Sedis;g__Incertae Sedis;s__uncultured bacterium	91.3	MFD01721	Denmark	10.5019	55.4485	Soil	Coastal	Salicornia mud
MFD03250.bin.1.194	N	Vaersleviaba	aquatica	N.L.	fem.	Microbe found nearby Vaerslev	A species found in water	gen. nov.	sp. nov.	GTDB marker genes and 16S rRNA	GCA_963761785.1	Oxford Nanopore PromethION	mmlong2	6379548	7	53.83266	52.19	96.54	4.97	2	22	d__Bacteria;p__Bacteroidota;c__Bacteroidia;o__Cytophagales;f__Cyclobacteriaceae;g__Unclassified;s__Unclassified	d__Bacteria;p__Bacteroidota;c__Bacteroidia;o__Cytophagales;f__Cyclobacteriaceae;g__Vaersleviaba;s__Vaersleviaba aquatica	d__Bacteria;p__Bacteroidota;c__Bacteroidia;o__Cytophagales;f__Cyclobacteriaceae;g__Tunicatimonas;s__Tunicatimonas pelagia	90.4	MFD03250	Denmark	11.0731	55.677	Water	Saltwater	Harbours
MFD05684.bin.1.228	N	Stigeiella	septentrionalis	N.L.	fem.	Microbe found nearby Stige	A species from the north	Formerly ''Incertae Sedis'' in Silva 138.2	sp. nov.	GTDB marker genes and 16S rRNA	GCA_963771005.1	Oxford Nanopore PromethION	mmlong2	6101362	10	17.23731	46.09	99.15	1.97	1	21	d__Bacteria;p__Bacteroidota;c__Bacteroidia;o__Bacteroidales;f__GCA-2748055;g__Unclassified;s__Unclassified	d__Bacteria;p__Bacteroidota;c__Bacteroidia;o__Bacteroidales;f__Stigeiellaceae;g__Stigeiella;s__Stigeiella septentrionalis	d__Bacteria;p__Bacteroidota;c__Bacteroidia;o__Bacteroidales;f__SB-5;g__Incertae Sedis;s__uncultured organism	96.1	MFD05684	Denmark	8.2638	55.5312	Soil	Coastal	Salicornia mud
MFD05684.bin.1.26	N	Stigeiella	orica	N.L.	fem.	Microbe found nearby Stige	A species found in the coast	Formerly ''Incertae Sedis'' in Silva 138.2	sp. nov.	GTDB marker genes and 16S rRNA	GCA_963809925.1	Oxford Nanopore PromethION	mmlong2	5223723	10	24.20886	44.1	97.06	0.92	1	22	d__Bacteria;p__Bacteroidota;c__Bacteroidia;o__Bacteroidales;f__GCA-2748055;g__Unclassified;s__Unclassified	d__Bacteria;p__Bacteroidota;c__Bacteroidia;o__Bacteroidales;f__Stigeiellaceae;g__Stigeiella;s__Stigeiella orica	d__Bacteria;p__Bacteroidota;c__Bacteroidia;o__Bacteroidales;f__SB-5;g__Incertae Sedis;s__uncultured organism	96.1	MFD05684	Denmark	8.2638	55.5312	Soil	Coastal	Salicornia mud
MFD01721.bin.1.71	N	Drigstrupium	oricum	N.L.	neut.	Microbe found nearby Drigstrup	A species found in the coast	gen. nov.	sp. nov.	GTDB marker genes and 16S rRNA	GCA_963790965.1	Oxford Nanopore PromethION	mmlong2	3961492	6	14.763096	62.22	97.28	0.43	2	22	d__Bacteria;p__Bacteroidota;c__Rhodothermia;o__Rhodothermales;f__Unclassified;g__Unclassified;s__Unclassified	d__Bacteria;p__Bacteroidota;c__Rhodothermia;o__Rhodothermales;f__Drigstrupiaceae;g__Drigstrupium;s__Drigstrupium oricum	d__Bacteria;p__Rhodothermota;c__Rhodothermia;o__Rhodothermales;f__Rhodothermaceae;g__Incertae Sedis;s__uncultured Rhodothermaceae bacterium	91	MFD01721	Denmark	10.5019	55.4485	Soil	Coastal	Salicornia mud
MFD03250.bin.1.109	N	Drigstrupium	proximum	N.L.	neut.	Microbe found nearby Drigstrup	A species related to but distinct from the existing species	gen. nov.	sp. nov.	GTDB marker genes and 16S rRNA	GCA_963793245.1	Oxford Nanopore PromethION	mmlong2	3534002	5	23.63188	63.72	95	0.58	1	22	d__Bacteria;p__Bacteroidota;c__Rhodothermia;o__Rhodothermales;f__BA12;g__Unclassified;s__Unclassified	d__Bacteria;p__Bacteroidota;c__Rhodothermia;o__Rhodothermales;f__Drigstrupiaceae;g__Drigstrupium;s__Drigstrupium proximum	d__Bacteria;p__Rhodothermota;c__Rhodothermia;o__Rhodothermales;f__Rhodothermaceae;g__Incertae Sedis;s__Rhodothermaceae bacterium RA	90	MFD03250	Denmark	11.0731	55.677	Water	Saltwater	Harbours
MFD03250.bin.1.183	N	Drigstrupium	aquaticum	N.L.	neut.	Microbe found nearby Drigstrup	A species found in water	gen. nov.	sp. nov.	GTDB marker genes and 16S rRNA	GCA_963841855.1	Oxford Nanopore PromethION	mmlong2	3724774	5	14.56449	64.29	96.06	0.9	1	22	d__Bacteria;p__Bacteroidota;c__Rhodothermia;o__Rhodothermales;f__BA12;g__Unclassified;s__Unclassified	d__Bacteria;p__Bacteroidota;c__Rhodothermia;o__Rhodothermales;f__Drigstrupiaceae;g__Drigstrupium;s__Drigstrupium aquaticum	d__Bacteria;p__Rhodothermota;c__Rhodothermia;o__Rhodothermales;f__Rhodothermaceae;g__Incertae Sedis;s__uncultured Bacteroidetes bacterium	89.5	MFD03250	Denmark	11.0731	55.677	Water	Saltwater	Harbours
MFD02579.bin.1.71	N	Elsborgius	telluricus	N.L.	masch.	Microbe found nearby Elsborg	A species found in soil	Formerly ''UBA12409'' in Silva 138.2	sp. nov.	GTDB marker genes and 16S rRNA	GCA_963713855.1	Oxford Nanopore PromethION	mmlong2	1521901	1	12.73338	41.39	91.22	3.24	1	22	d__Bacteria;p__Dependentiae;c__Babeliae;o__Babeliales;f__Babeliaceae;g__Unclassified;s__Unclassified	d__Bacteria;p__Dependentiae;c__Babeliae;o__Babeliales;f__Babeliaceae;g__Elsborgius;s__Elsborgius telluricus	d__Bacteria;p__Dependentiae;c__Babeliae;o__Babeliales;f__Incertae Sedis;g__UBA12409;s__uncultured Candidatus Dependentiae bacterium	94.9	MFD02579	Denmark	10.9905	57.2803	Soil	"Bogs, mires and fens"	Rhynchosporion depressions
MFD03323.bin.2.33	N	Propeborkiella	humica	N.L.	fem.	Microbe found nearby Soender Bork	A species found in soil	Formerly ''Incertae Sedis'' in Silva 138.2	sp. nov.	GTDB marker genes and 16S rRNA	GCA_963762115.1	Oxford Nanopore PromethION	mmlong2	1530897	7	12.69383	34.16	95.32	3.35	1	22	d__Bacteria;p__Dependentiae;c__Babeliae;o__Babeliales;f__JANWKD01;g__Unclassified;s__Unclassified	d__Bacteria;p__Dependentiae;c__Babeliae;o__Babeliales;f__Propeborkiellaceae;g__Propeborkiella;s__Propeborkiella humica	d__Bacteria;p__Dependentiae;c__Babeliae;o__Babeliales;f__Vermiphilaceae;g__Incertae Sedis;s__uncultured bacterium	97	MFD03323	Denmark	9.6333	56.459	Soil	Temperate heath and scrub	Wet heath
MFD05580.bin.1.128	N	Propeborkiella	scandia	N.L.	fem.	Microbe found nearby Soender Bork	A species from Scandinavia	Formerly ''Incertae Sedis'' in Silva 138.2	sp. nov.	GTDB marker genes and 16S rRNA	GCA_963722075.1	Oxford Nanopore PromethION	mmlong2	1466044	4	22.23901	34.63	99.2	1.97	1	22	d__Bacteria;p__Dependentiae;c__Babeliae;o__Babeliales;f__JANWKD01;g__Unclassified;s__Unclassified	d__Bacteria;p__Dependentiae;c__Babeliae;o__Babeliales;f__Propeborkiellaceae;g__Propeborkiella;s__Propeborkiella scandia	d__Bacteria;p__Dependentiae;c__Babeliae;o__Babeliales;f__Vermiphilaceae;g__Incertae Sedis;s__uncultured Candidatus Dependentiae bacterium	94.5	MFD05580	Denmark	9.5148	56.3838	Soil	"Bogs, mires and fens"	Active raised bogs
MFD05580.bin.1.59	N	Propeborkiella	affinis	N.L.	fem.	Microbe found nearby Soender Bork	A species related to but distinct from the existing species	gen. nov.	sp. nov.	GTDB marker genes and 16S rRNA	GCA_963722255.1	Oxford Nanopore PromethION	mmlong2	1618240	2	13.02627	34.22	93.05	2.55	1	22	d__Bacteria;p__Dependentiae;c__Babeliae;o__Babeliales;f__JANWKD01;g__Unclassified;s__Unclassified	d__Bacteria;p__Dependentiae;c__Babeliae;o__Babeliales;f__Propeborkiellaceae;g__Propeborkiella;s__Propeborkiella affinis	d__Bacteria;p__Dependentiae;c__Babeliae;o__Babeliales;f__Vermiphilaceae;g__Incertae Sedis;s__uncultured Candidatus Dependentiae bacterium	94.4	MFD05580	Denmark	9.5148	56.3838	Soil	"Bogs, mires and fens"	Active raised bogs
MFD03726.bin.1.133	N	Jelsivita	borealis	N.L.	fem.	Microbe found nearby Jels	A species from the north	gen. nov.	sp. nov.	GTDB marker genes and 16S rRNA	GCA_963796325.1	Oxford Nanopore PromethION	mmlong2	3578520	4	60.83603	43.92	94.17	0.16	2	21	d__Bacteria;p__Spirochaetota;c__Brevinematia;o__Brevinematales;f__JAOACQ01;g__Unclassified;s__Unclassified	d__Bacteria;p__Spirochaetota;c__Brevinematia;o__Brevinematales;f__Jelsivitaceae;g__Jelsivita;s__Jelsivita borealis	d__Bacteria;p__Spirochaetota;c__Brevinematia;o__Brevinematales;f__Brevinemataceae;g__Thermospira;s__uncultured bacterium	90.1	MFD03726	Denmark	9.3209	55.2451	Sediment	Freshwater	Enclosed water
MFD03726.bin.1.3	N	Jelsivita	vicina	N.L.	fem.	Microbe found nearby Jels	A species related to but distinct from the existing species	gen. nov.	sp. nov.	GTDB marker genes and 16S rRNA	GCA_963768055.1	Oxford Nanopore PromethION	mmlong2	3688977	2	48.14	41.5	94.75	0	2	22	d__Bacteria;p__Spirochaetota;c__Brevinematia;o__Brevinematales;f__JAOACQ01;g__Unclassified;s__Unclassified	d__Bacteria;p__Spirochaetota;c__Brevinematia;o__Brevinematales;f__Jelsivitaceae;g__Jelsivita;s__Jelsivita vicina	d__Bacteria;p__Spirochaetota;c__Brevinematia;o__Brevinematales;f__Brevinemataceae;g__Thermospira;s__uncultured bacterium	90.6	MFD03726	Denmark	9.3209	55.2451	Sediment	Freshwater	Enclosed water
MFD04780.bin.1.216	N	Padborgicola	propinquus	N.L.	masch.	Microbe found nearby Padborg	A species related to but distinct from the existing species	Formerly ''Incertae Sedis'' in Silva 138.2	sp. nov.	GTDB marker genes and 16S rRNA	GCA_963749175.1	Oxford Nanopore PromethION	mmlong2	948343	7	15.41849	41.32	98.89	0.14	1	21	d__Bacteria;p__Patescibacteria;c__Saccharimonadia;o__Saccharimonadales;f__UBA4665;g__Unclassified;s__Unclassified	d__Bacteria;p__Patescibacteria;c__Saccharimonadia;o__Saccharimonadales;f__Sonderborgisomataceae;g__Padborgicola;s__Padborgicola propinquus	d__Bacteria;p__Patescibacteria;c__Saccharimonadia;o__Saccharimonadales;f__Incertae Sedis;g__Incertae Sedis;s__uncultured bacterium	97.4	MFD04780	Denmark	9.7671	57.1929	Soil	"Bogs, mires and fens"	Quaking bogs
MFD09964.bin.1.34	N	Hjorringiaba	borealis	N.L.	fem.	Microbe found nearby Hjorring	A species from the north	Formerly ''Incertae Sedis'' in Silva 138.2	Formerly ''uncultured bacterium'' in Silva 138.2	GTDB marker genes and 16S rRNA	GCA_963717285.1	Oxford Nanopore PromethION	mmlong2	2757597	7	22.79552	67.09	97.15	1.74	1	23	d__Bacteria;p__Actinomycetota;c__Thermoleophilia;o__UBA2241;f__UBA2241;g__Unclassified;s__Unclassified	d__Bacteria;p__Actinomycetota;c__Thermoleophilia;o__Nebelibacteriales;f__Nebelibacteriaceae;g__Hjorringiaba;s__Hjorringiaba borealis	d__Bacteria;p__Actinomycetota;c__Thermoleophilia;o__Gaiellales;f__Incertae Sedis;g__Incertae Sedis;s__uncultured bacterium	99.9	MFD09964	Denmark	9.0763	56.5565	Sediment	Saltwater	Fjords
MFD01275.bin.1.46	N	Naesborgicola	terreum	N.L.	masch.	Microbe found nearby Naesborg	A species found in soil	Formerly ''Incertae Sedis'' in Silva 138.2	Formerly ''uncultured bacterium'' in Silva 138.2	GTDB marker genes and 16S rRNA	GCA_963807385.1	Oxford Nanopore PromethION	mmlong2	2746866	5	18.831482	70.04	94.51	0.03	1	22	d__Bacteria;p__Actinomycetota;c__Thermoleophilia;o__Solirubrobacterales;f__70-9;g__Unclassified;s__Unclassified	d__Bacteria;p__Actinomycetota;c__Thermoleophilia;o__Solirubrobacterales;f__Maglebybacteriaceae;g__Naesborgicola;s__Naesborgicola terreum	d__Bacteria;p__Actinomycetota;c__Thermoleophilia;o__Solirubrobacterales;f__67-14;g__Incertae Sedis;s__uncultured bacterium	98.8	MFD01275	Denmark	10.8089	56.5332	Soil	Dunes	Marram dunes (white dunes)
MFD04850.bin.1.53	N	Naesborgicola	humicus	N.L.	masch.	Microbe found nearby Naesborg	A species found in soil	Formerly ''Incertae Sedis'' in Silva 138.2	sp. nov.	GTDB marker genes and 16S rRNA	GCA_963788115.1	Oxford Nanopore PromethION	mmlong2	3744558	4	36.01694	69.92	93.81	1.21	1	22	d__Bacteria;p__Actinomycetota;c__Thermoleophilia;o__Solirubrobacterales;f__70-9;g__Unclassified;s__Unclassified	d__Bacteria;p__Actinomycetota;c__Thermoleophilia;o__Solirubrobacterales;f__Maglebybacteriaceae;g__Naesborgicola;s__Naesborgicola humicus	d__Bacteria;p__Actinomycetota;c__Thermoleophilia;o__Solirubrobacterales;f__67-14;g__Incertae Sedis;s__uncultured bacterium	97.1	MFD04850	Denmark	8.6134	56.8489	Soil	Grassland formations	Calcareous grassland
MFD00392.bin.1.337	N	Drejoeum	scandium	N.L.	neut.	Microbe found nearby Drejoe	A species from Scandinavia	Formerly ''Incertae Sedis'' in Silva 138.2	Formerly ''uncultured bacterium'' in Silva 138.2	GTDB marker genes and 16S rRNA	GCA_963695675.1	Oxford Nanopore PromethION	mmlong2	2751493	8	38.22401	68.7	92.8	0.26	1	21	d__Bacteria;p__Actinomycetota;c__Thermoleophilia;o__Solirubrobacterales;f__70-9;g__Unclassified;s__Unclassified	d__Bacteria;p__Actinomycetota;c__Thermoleophilia;o__Solirubrobacterales;f__Maglebybacteriaceae;g__Drejoeum;s__Drejoeum scandium	d__Bacteria;p__Actinomycetota;c__Thermoleophilia;o__Solirubrobacterales;f__67-14;g__Incertae Sedis;s__uncultured bacterium	99.1	MFD00392	Denmark	11.6269	55.4231	Soil	Fields	"Fabales, Faba bean"
MFD00822.bin.1.76	N	Drejoeum	oricum	N.L.	neut.	Microbe found nearby Drejoe	A species found in the coast	Formerly ''Incertae Sedis'' in Silva 138.2	Formerly ''uncultured bacterium'' in Silva 138.2	GTDB marker genes and 16S rRNA	GCA_963815045.1	Oxford Nanopore PromethION	mmlong2	3080775	5	25.842327	68.85	94.74	0.08	1	22	d__Bacteria;p__Actinomycetota;c__Thermoleophilia;o__Solirubrobacterales;f__70-9;g__Unclassified;s__Unclassified	d__Bacteria;p__Actinomycetota;c__Thermoleophilia;o__Solirubrobacterales;f__Maglebybacteriaceae;g__Drejoeum;s__Drejoeum oricum	d__Bacteria;p__Actinomycetota;c__Thermoleophilia;o__Solirubrobacterales;f__67-14;g__Incertae Sedis;s__uncultured bacterium	99	MFD00822	Denmark	9.612	56.9676	Soil	Coastal	Salt marshes and salt meadows
MFD05442.bin.1.300	N	Drejoeum	vicinum	N.L.	neut.	Microbe found nearby Drejoe	A species related to but distinct from the existing species	Formerly ''Incertae Sedis'' in Silva 138.2	Formerly ''uncultured Conexibacteraceae bacterium'' in Silva 138.2	GTDB marker genes and 16S rRNA	GCA_963743575.1	Oxford Nanopore PromethION	mmlong2	3094927	8	109.3822	68.19	95.86	0.03	1	22	d__Bacteria;p__Actinomycetota;c__Thermoleophilia;o__Solirubrobacterales;f__70-9;g__Unclassified;s__Unclassified	d__Bacteria;p__Actinomycetota;c__Thermoleophilia;o__Solirubrobacterales;f__Maglebybacteriaceae;g__Drejoeum;s__Drejoeum vicinum	d__Bacteria;p__Actinomycetota;c__Thermoleophilia;o__Solirubrobacterales;f__67-14;g__Incertae Sedis;s__uncultured Conexibacteraceae bacterium	99.4	MFD05442	Denmark	8.822	56.7368	Soil	Coastal	Atlantic salt meadows
MFD05454.bin.1.313	N	Drejoeum	humicum	N.L.	neut.	Microbe found nearby Drejoe	A species found in soil	Formerly ''Incertae Sedis'' in Silva 138.2	sp. nov.	GTDB marker genes and 16S rRNA	GCA_963752605.1	Oxford Nanopore PromethION	mmlong2	3051708	10	36.82093	69.5	91.1	4.31	1	22	d__Bacteria;p__Actinomycetota;c__Thermoleophilia;o__Solirubrobacterales;f__70-9;g__Unclassified;s__Unclassified	d__Bacteria;p__Actinomycetota;c__Thermoleophilia;o__Solirubrobacterales;f__Maglebybacteriaceae;g__Drejoeum;s__Drejoeum humicum	d__Bacteria;p__Actinomycetota;c__Thermoleophilia;o__Solirubrobacterales;f__67-14;g__Incertae Sedis;s__uncultured bacterium	98.1	MFD05454	Denmark	12.5121	54.9631	Soil	Grassland formations	Calcareous grassland
MFD05442.bin.1.315	N	Binderupiella	orica	N.L.	fem.	Microbe found nearby Binderup	A species found in the coast	Formerly ''Incertae Sedis'' in Silva 138.2	Formerly ''uncultured bacterium'' in Silva 138.2	GTDB marker genes and 16S rRNA	GCA_963740065.1	Oxford Nanopore PromethION	mmlong2	2259808	10	25.56343	66.98	95.61	0.49	1	22	d__Bacteria;p__Actinomycetota;c__Thermoleophilia;o__Solirubrobacterales;f__70-9;g__Unclassified;s__Unclassified	d__Bacteria;p__Actinomycetota;c__Thermoleophilia;o__Solirubrobacterales;f__Maglebybacteriaceae;g__Binderupiella;s__Binderupiella orica	d__Bacteria;p__Actinomycetota;c__Thermoleophilia;o__Solirubrobacterales;f__67-14;g__Incertae Sedis;s__uncultured bacterium	99.5	MFD05442	Denmark	8.822	56.7368	Soil	Coastal	Atlantic salt meadows
MFD04212.bin.1.309	N	Dragstrupisoma	aridum	N.L.	neut.	Microbe found nearby Dragstrup	A species found in sand	Formerly ''Incertae Sedis'' in Silva 138.2	sp. nov.	GTDB marker genes and 16S rRNA	GCA_963816975.1	Oxford Nanopore PromethION	mmlong2	2953006	6	17.30997	70.34	93.38	0.23	1	23	d__Bacteria;p__Actinomycetota;c__Thermoleophilia;o__Unclassified;f__Unclassified;g__Unclassified;s__Unclassified	d__Bacteria;p__Actinomycetota;c__Thermoleophilia;o__Dragstrupisomatales;f__Dragstrupisomataceae;g__Dragstrupisoma;s__Dragstrupisoma aridum	d__Bacteria;p__Actinomycetota;c__Thermoleophilia;o__Incertae Sedis;f__Incertae Sedis;g__Incertae Sedis;s__uncultured bacterium	98.6	MFD04212	Denmark	12.2823	55.0396	Soil	Dunes	Fixed dunes (grey dunes)
MFD04212.bin.1.40	N	Dragstrupisoma	danicum	N.L.	neut.	Microbe found nearby Dragstrup	A species from Denmark	Formerly ''Incertae Sedis'' in Silva 138.2	sp. nov.	GTDB marker genes and 16S rRNA	GCA_963724065.1	Oxford Nanopore PromethION	mmlong2	3136393	6	17.71032	69.9	93.87	1.89	1	23	d__Bacteria;p__Actinomycetota;c__Thermoleophilia;o__Unclassified;f__Unclassified;g__Unclassified;s__Unclassified	d__Bacteria;p__Actinomycetota;c__Thermoleophilia;o__Dragstrupisomatales;f__Dragstrupisomataceae;g__Dragstrupisoma;s__Dragstrupisoma danicum	d__Bacteria;p__Actinomycetota;c__Thermoleophilia;o__Incertae Sedis;f__Incertae Sedis;g__Incertae Sedis;s__uncultured bacterium	97.5	MFD04212	Denmark	12.2823	55.0396	Soil	Dunes	Fixed dunes (grey dunes)
MFD09206.bin.1.5	N	Dragstrupisoma	proximum	N.L.	neut.	Microbe found nearby Dragstrup	A species related to but distinct from the existing species	Formerly ''Incertae Sedis'' in Silva 138.2	sp. nov.	GTDB marker genes and 16S rRNA	GCA_963774075.1	Oxford Nanopore PromethION	mmlong2	3321356	9	78.0937	68.57	94.73	2.13	1	23	d__Bacteria;p__Actinomycetota;c__Thermoleophilia;o__Unclassified;f__Unclassified;g__Unclassified;s__Unclassified	d__Bacteria;p__Actinomycetota;c__Thermoleophilia;o__Dragstrupisomatales;f__Dragstrupisomataceae;g__Dragstrupisoma;s__Dragstrupisoma proximum	d__Bacteria;p__Actinomycetota;c__Thermoleophilia;o__Incertae Sedis;f__Incertae Sedis;g__Incertae Sedis;s__uncultured bacterium	98	MFD09206	Denmark	10.25672	56.90236	Soil	Grassland formations	Xeric sand calcareous grasslands
MFD06229.bin.1.26	N	Mulebybacter	terrestris	N.L.	masch.	Microbe found nearby Muleby	A species found in soil	Formerly ''Incertae Sedis'' in Silva 138.2	sp. nov.	GTDB marker genes and 16S rRNA	GCA_963717955.1	Oxford Nanopore PromethION	mmlong2	3534983	3	18.11304	70.8	90.24	0.87	1	23	d__Bacteria;p__Actinomycetota;c__Thermoleophilia;o__Gaiellales;f__Gaiellaceae;g__Unclassified;s__Unclassified	d__Bacteria;p__Actinomycetota;c__Thermoleophilia;o__Gaiellales;f__Gaiellaceae;g__Mulebybacter;s__Mulebybacter terrestris	d__Bacteria;p__Actinomycetota;c__Thermoleophilia;o__Gaiellales;f__Incertae Sedis;g__Incertae Sedis;s__uncultured bacterium	97.4	MFD06229	Denmark	10.10668968	56.20455878	Soil	"Bogs, mires and fens"	Sphagnum acid bogs
MFD02199.bin.1.54	N	Simmerboelleana	similis	N.L.	fem.	Microbe found nearby Simmerboelle	A species related to but distinct from the existing species	Formerly ''Incertae Sedis'' in Silva 138.2	Formerly ''uncultured Rubrobacteria bacterium'' in Silva 138.2	GTDB marker genes and 16S rRNA	GCA_963821495.1	Oxford Nanopore PromethION	mmlong2	3317845	4	45.429394	70.91	91.83	2.06	1	23	d__Bacteria;p__Actinomycetota;c__Thermoleophilia;o__Gaiellales;f__Gaiellaceae;g__Unclassified;s__Unclassified	d__Bacteria;p__Actinomycetota;c__Thermoleophilia;o__Gaiellales;f__Gaiellaceae;g__Simmerboelleana;s__Simmerboelleana similis	d__Bacteria;p__Actinomycetota;c__Thermoleophilia;o__Gaiellales;f__Incertae Sedis;g__Incertae Sedis;s__uncultured Rubrobacteria bacterium	99.4	MFD02199	Denmark	9.655	55.5948	Soil	Grassland formations	Hydrophilous tall-herb swamp
MFD04944.bin.2.148	N	Simmerboelleana	nordica	N.L.	fem.	Microbe found nearby Simmerboelle	A species from the Nordic region	Formerly ''Incertae Sedis'' in Silva 138.2	Formerly ''uncultured Rubrobacteria bacterium'' in Silva 138.2	GTDB marker genes and 16S rRNA	GCA_963728765.1	Oxford Nanopore PromethION	mmlong2	3375021	8	62.37963	70.1	91.35	1.8	1	22	d__Bacteria;p__Actinomycetota;c__Thermoleophilia;o__Gaiellales;f__Gaiellaceae;g__Unclassified;s__Unclassified	d__Bacteria;p__Actinomycetota;c__Thermoleophilia;o__Gaiellales;f__Gaiellaceae;g__Simmerboelleana;s__Simmerboelleana nordica	d__Bacteria;p__Actinomycetota;c__Thermoleophilia;o__Gaiellales;f__Incertae Sedis;g__Incertae Sedis;s__uncultured Rubrobacteria bacterium	99.3	MFD04944	Denmark	10.5752	54.9596	Soil	Grassland formations	Species-rich Nardus upland grassland
MFD09267.bin.1.350	N	Simmerboelleana	tellurica	N.L.	fem.	Microbe found nearby Simmerboelle	A species found in soil	Formerly ''Incertae Sedis'' in Silva 138.2	Formerly ''uncultured Rubrobacteria bacterium'' in Silva 138.2	GTDB marker genes and 16S rRNA	GCA_963739445.1	Oxford Nanopore PromethION	mmlong2	3372636	6	35.6066	69.95	91.73	0.75	1	23	d__Bacteria;p__Actinomycetota;c__Thermoleophilia;o__Gaiellales;f__Gaiellaceae;g__Unclassified;s__Unclassified	d__Bacteria;p__Actinomycetota;c__Thermoleophilia;o__Gaiellales;f__Gaiellaceae;g__Simmerboelleana;s__Simmerboelleana tellurica	d__Bacteria;p__Actinomycetota;c__Thermoleophilia;o__Gaiellales;f__Incertae Sedis;g__Incertae Sedis;s__uncultured Rubrobacteria bacterium	99.3	MFD09267	Denmark	9.28746	56.98291	Soil	Grassland formations	Xeric sand calcareous grasslands
MFD02416.bin.1.124	N	Hjerkibacterium	terrestre	N.L.	neut.	Microbe found nearby Hjerk	A species found in soil	Formerly ''Incertae Sedis'' in Silva 138.2	sp. nov.	GTDB marker genes and 16S rRNA	GCA_963814105.1	Oxford Nanopore PromethION	mmlong2	2803907	8	24.107864	70.22	93.69	2.03	1	21	d__Bacteria;p__Chloroflexota;c__Limnocylindria;o__QHBO01;f__QHBO01;g__Unclassified;s__Unclassified	d__Bacteria;p__Chloroflexota;c__Limnocylindria;o__Vrouevitales;f__Vrouevitaceae;g__Hjerkibacterium;s__Hjerkibacterium terrestre	d__Bacteria;p__Chloroflexota;c__Gitt-GS-136;o__Incertae Sedis;f__Incertae Sedis;g__Incertae Sedis;s__uncultured Caldilineaceae bacterium	98.3	MFD02416	Denmark	9.5553	56.8577	Soil	Coastal	Inland salt meadows
MFD05684.bin.1.348	N	Hjerkibacterium	oricum	N.L.	neut.	Microbe found nearby Hjerk	A species found in the coast	Formerly ''Incertae Sedis'' in Silva 138.2	sp. nov.	GTDB marker genes and 16S rRNA	GCA_963805645.1	Oxford Nanopore PromethION	mmlong2	2891289	10	182.1168	70.36	95.85	0.83	1	22	d__Bacteria;p__Chloroflexota;c__Limnocylindria;o__QHBO01;f__QHBO01;g__Unclassified;s__Unclassified	d__Bacteria;p__Chloroflexota;c__Limnocylindria;o__Vrouevitales;f__Vrouevitaceae;g__Hjerkibacterium;s__Hjerkibacterium oricum	d__Bacteria;p__Chloroflexota;c__Gitt-GS-136;o__Incertae Sedis;f__Incertae Sedis;g__Incertae Sedis;s__uncultured Caldilineaceae bacterium	98.1	MFD05684	Denmark	8.2638	55.5312	Soil	Coastal	Salicornia mud
MFD09779.bin.1.86	N	Maarupihabitans	adiacens	N.L.	masch.	Microbe found nearby Maarup	A species related to but distinct from the existing species	Formerly ''Incertae Sedis'' in Silva 138.2	sp. nov.	GTDB marker genes and 16S rRNA	GCA_963848085.1	Oxford Nanopore PromethION	mmlong2	2946796	9	150.2678	69.9	100	1.41	1	22	d__Bacteria;p__Actinomycetota;c__Actinomycetes;o__JAHEKZ01;f__JAHEKZ01;g__Unclassified;s__Unclassified	d__Bacteria;p__Actinomycetota;c__Actinomycetes;o__Daastrupimenales;f__Daastrupimenaceae;g__Maarupihabitans;s__Maarupihabitans adiacens	d__Bacteria;p__Actinomycetota;c__Actinobacteria;o__Frankiales;f__Incertae Sedis;g__Incertae Sedis;s__uncultured actinobacterium	97.7	MFD09779	Denmark	8.1689	56.3361	Sediment	Saltwater	Fjords
MFD09964.bin.1.83	N	Hindborgiana	borealis	N.L.	fem.	Microbe found nearby Hindborg	A species from the north	gen. nov.	sp. nov.	GTDB marker genes and 16S rRNA	GCA_963695075.1	Oxford Nanopore PromethION	mmlong2	4645746	8	45.60245	67.91	96.16	2.94	1	23	d__Bacteria;p__Actinomycetota;c__Acidimicrobiia;o__Acidimicrobiales;f__Unclassified;g__Unclassified;s__Unclassified	d__Bacteria;p__Actinomycetota;c__Acidimicrobiia;o__Acidimicrobiales;f__Hindborgianaceae;g__Hindborgiana;s__Hindborgiana borealis	d__Bacteria;p__Actinomycetota;c__Acidimicrobiia;o__Microtrichales;f__Microtrichaceae;g__Incertae Sedis;s__uncultured bacterium	93.8	MFD09964	Denmark	9.0763	56.5565	Sediment	Saltwater	Fjords
MFD01689.bin.1.72	N	Jernebacter	propinquus	N.L.	masch.	Microbe found nearby Jerne	A species related to but distinct from the existing species	Formerly ''Incertae Sedis'' in Silva 138.2	sp. nov.	GTDB marker genes and 16S rRNA	GCA_963695225.1	Oxford Nanopore PromethION	mmlong2	2979520	1	60.7209	67.14	97.82	0.14	1	22	d__Bacteria;p__Eremiobacterota;c__Eremiobacteria;o__Baltobacterales;f__Baltobacteraceae;g__Unclassified;s__Unclassified	d__Bacteria;p__Eremiobacterota;c__Eremiobacteria;o__Baltobacterales;f__Baltobacteraceae;g__Jernebacter;s__Jernebacter propinquus	d__Bacteria;p__Candidatus Eremiobacterota;c__Eremiobacteria;o__Incertae Sedis;f__Incertae Sedis;g__Incertae Sedis;s__uncultured bacterium	96.6	MFD01689	Denmark	8.4696	55.595	Soil	"Bogs, mires and fens"	Rhynchosporion depressions
MFD09222.bin.1.50	N	Viskumivita	glebica	N.L.	fem.	Microbe found nearby Viskum	A species found in soil	Formerly ''Incertae Sedis'' in Silva 138.2	sp. nov.	GTDB marker genes and 16S rRNA	GCA_963788205.1	Oxford Nanopore PromethION	mmlong2	4832001	9	35.71294	62.97	90.6	2.84	1	23	d__Bacteria;p__Desulfobacterota_B;c__Binatia;o__Binatales;f__Binataceae;g__Unclassified;s__Unclassified	d__Bacteria;p__Desulfobacterota_B;c__Binatia;o__Binatales;f__Binataceae;g__Viskumivita;s__Viskumivita glebica	d__Bacteria;p__RCP2-54;c__Incertae Sedis;o__Incertae Sedis;f__Incertae Sedis;g__Incertae Sedis;s__uncultured bacterium	94.9	MFD09222	Denmark	9.2476	56.2643	Soil	Temperate heath and scrub	Wet heath
MFD03250.bin.1.47	N	Bregningeaba	aquatica	N.L.	fem.	Microbe found nearby Bregninge	A species found in water	gen. nov.	sp. nov.	GTDB marker genes and 16S rRNA	GCA_963842125.1	Oxford Nanopore PromethION	mmlong2	4122665	6	15.26276	67.27	97.79	2.06	2	22	d__Bacteria;p__Pseudomonadota;c__Alphaproteobacteria;o__Rhizobiales;f__Unclassified;g__Unclassified;s__Unclassified	d__Bacteria;p__Pseudomonadota;c__Alphaproteobacteria;o__Rhizobiales;f__Bregningeabaceae;g__Bregningeaba;s__Bregningeaba aquatica	d__Bacteria;p__Pseudomonadota;c__Alphaproteobacteria;o__Hyphomicrobiales;f__Rhodobiaceae;g__Afifella;s__Afifella pfennigii	91.8	MFD03250	Denmark	11.0731	55.677	Water	Saltwater	Harbours
MFD04463.bin.1.10	N	NA	arida	N.L.	fem.	NA	A species found in sand	Acidisarcina in GTDB	Formerly ''uncultured Acidobacteria bacterium'' in Silva 138.2	GTDB marker genes and 16S rRNA	GCA_963720245.1	Oxford Nanopore PromethION	mmlong2	5842352	7	20.10079	59.06	95.53	3.64	1	22	d__Bacteria;p__Acidobacteriota;c__Terriglobia;o__Terriglobales;f__Acidobacteriaceae;g__Acidisarcina;s__Unclassified	d__Bacteria;p__Acidobacteriota;c__Terriglobia;o__Terriglobales;f__Acidobacteriaceae;g__Acidisarcina;s__Acidisarcina arida	d__Bacteria;p__Acidobacteriota;c__Acidobacteriae;o__Terriglobales;f__Acidobacteriaceae (Subgroup 1);g__Incertae Sedis;s__uncultured Acidobacteria bacterium	99.6	MFD04463	Denmark	8.2405	55.7443	Soil	Dunes	Wooded dunes
MFD04540.bin.1.82	N	NA	glebica	N.L.	fem.	NA	A species found in soil	Acidisarcina in GTDB	Formerly ''uncultured bacterium'' in Silva 138.2	GTDB marker genes and 16S rRNA	GCA_963841345.1	Oxford Nanopore PromethION	mmlong2	5953858	3	27.34624	58.68	91.69	1.08	1	22	d__Bacteria;p__Acidobacteriota;c__Terriglobia;o__Terriglobales;f__Acidobacteriaceae;g__Acidisarcina;s__Unclassified	d__Bacteria;p__Acidobacteriota;c__Terriglobia;o__Terriglobales;f__Acidobacteriaceae;g__Acidisarcina;s__Acidisarcina glebica	d__Bacteria;p__Acidobacteriota;c__Acidobacteriae;o__Terriglobales;f__Acidobacteriaceae (Subgroup 1);g__Incertae Sedis;s__uncultured bacterium	99.2	MFD04540	Denmark	9.344	54.8082	Soil	Forests	Bog woodland
MFD09671.bin.1.122	N	NA	nordica	N.L.	fem.	NA	A species from the Nordic region	Acidisarcina in GTDB	sp. nov.	GTDB marker genes and 16S rRNA	GCA_963790505.1	Oxford Nanopore PromethION	mmlong2	4271838	8	15.42262	59.71	92.62	0.25	1	21	d__Bacteria;p__Acidobacteriota;c__Terriglobia;o__Terriglobales;f__Acidobacteriaceae;g__Acidisarcina;s__Unclassified	d__Bacteria;p__Acidobacteriota;c__Terriglobia;o__Terriglobales;f__Acidobacteriaceae;g__Acidisarcina;s__Acidisarcina nordica	d__Bacteria;p__Acidobacteriota;c__Acidobacteriae;o__Terriglobales;f__Acidobacteriaceae (Subgroup 1);g__Incertae Sedis;s__Acidobacteriaceae bacterium C27	98.6	MFD09671	Denmark	15.0788	54.9903	Soil	Dunes	Humid dune slacks
MFD00731.bin.1.159	N	NA	aridum	N.L.	neut.	NA	A species found in sand	Acidoferrum in GTDB	Formerly ''uncultured bacterium'' in Silva 138.2	GTDB marker genes and 16S rRNA	GCA_963833345.1	Oxford Nanopore PromethION	mmlong2	7355264	2	23.92216	56.53	95.56	3.55	1	23	d__Bacteria;p__Acidobacteriota;c__Terriglobia;o__Acidoferrales;f__UBA7541;g__Acidoferrum;s__Unclassified	d__Bacteria;p__Acidobacteriota;c__Terriglobia;o__Acidoferrales;f__UBA7541;g__Acidoferrum;s__Acidoferrum aridum	d__Bacteria;p__Acidobacteriota;c__Acidobacteriae;o__Subgroup 2;f__Incertae Sedis;g__Incertae Sedis;s__uncultured bacterium	99.8	MFD00731	Denmark	10.2307	56.2289	Soil	Dunes	Inland dunes Empetrum nigrum
MFD00964.bin.2.61	N	NA	terrestre	N.L.	neut.	NA	A species found in soil	Acidoferrum in GTDB	Formerly ''uncultured bacterium'' in Silva 138.2	GTDB marker genes and 16S rRNA	GCA_963733775.1	Oxford Nanopore PromethION	mmlong2	5050574	10	47.035763	55.12	90.97	0.74	1	22	d__Bacteria;p__Acidobacteriota;c__Terriglobia;o__Acidoferrales;f__UBA7541;g__Acidoferrum;s__Unclassified	d__Bacteria;p__Acidobacteriota;c__Terriglobia;o__Acidoferrales;f__UBA7541;g__Acidoferrum;s__Acidoferrum terrestre	d__Bacteria;p__Acidobacteriota;c__Acidobacteriae;o__Subgroup 2;f__Incertae Sedis;g__Incertae Sedis;s__uncultured bacterium	98.9	MFD00964	Denmark	9.1593	56.0298	Soil	Dunes	Inland dunes Genista
MFD01213.bin.1.136	N	NA	propinquum	N.L.	neut.	NA	A species related to but distinct from the existing species	Acidoferrum in GTDB	sp. nov.	GTDB marker genes and 16S rRNA	GCA_963704485.1	Oxford Nanopore PromethION	mmlong2	4323405	1	32.383347	57.21	90.06	0.49	1	22	d__Bacteria;p__Acidobacteriota;c__Terriglobia;o__Acidoferrales;f__UBA7541;g__Acidoferrum;s__Unclassified	d__Bacteria;p__Acidobacteriota;c__Terriglobia;o__Acidoferrales;f__UBA7541;g__Acidoferrum;s__Acidoferrum propinquum	d__Bacteria;p__Acidobacteriota;c__Acidobacteriae;o__Subgroup 2;f__Incertae Sedis;g__Incertae Sedis;s__uncultured bacterium	98.4	MFD01213	Denmark	10.4374	56.5224	Soil	Dunes	Fixed dunes (grey dunes)
MFD01716.bin.1.127	N	NA	proximum	N.L.	neut.	NA	A species related to but distinct from the existing species	Acidoferrum in GTDB	Formerly ''uncultured bacterium'' in Silva 138.2	GTDB marker genes and 16S rRNA	GCA_963742325.1	Oxford Nanopore PromethION	mmlong2	6697113	4	151.85776	56.5	93.64	1.95	1	22	d__Bacteria;p__Acidobacteriota;c__Terriglobia;o__Acidoferrales;f__UBA7541;g__Acidoferrum;s__Unclassified	d__Bacteria;p__Acidobacteriota;c__Terriglobia;o__Acidoferrales;f__UBA7541;g__Acidoferrum;s__Acidoferrum proximum	d__Bacteria;p__Acidobacteriota;c__Acidobacteriae;o__Subgroup 2;f__Incertae Sedis;g__Incertae Sedis;s__uncultured bacterium	99.2	MFD01716	Denmark	8.9253	56.4939	Soil	Temperate heath and scrub	Wet heath
MFD01716.bin.1.195	N	NA	scandium	N.L.	neut.	NA	A species from Scandinavia	Acidoferrum in GTDB	Formerly ''uncultured bacterium'' in Silva 138.2	GTDB marker genes and 16S rRNA	GCA_963709675.1	Oxford Nanopore PromethION	mmlong2	6568478	10	23.06033	56.08	92.44	2.79	1	23	d__Bacteria;p__Acidobacteriota;c__Terriglobia;o__Acidoferrales;f__UBA7541;g__Acidoferrum;s__Unclassified	d__Bacteria;p__Acidobacteriota;c__Terriglobia;o__Acidoferrales;f__UBA7541;g__Acidoferrum;s__Acidoferrum scandium	d__Bacteria;p__Acidobacteriota;c__Acidobacteriae;o__Subgroup 2;f__Incertae Sedis;g__Incertae Sedis;s__uncultured bacterium	99.1	MFD01716	Denmark	8.9253	56.4939	Soil	Temperate heath and scrub	Wet heath
MFD01828.bin.1.81	N	NA	terreus	N.L.	neut.	NA	A species found in soil	Acidoferrum in GTDB	Formerly ''uncultured bacterium'' in Silva 138.2	GTDB marker genes and 16S rRNA	GCA_963779395.1	Oxford Nanopore PromethION	mmlong2	5758451	7	59.979504	56.68	96.76	2.45	1	23	d__Bacteria;p__Acidobacteriota;c__Terriglobia;o__Acidoferrales;f__UBA7541;g__Acidoferrum;s__Unclassified	d__Bacteria;p__Acidobacteriota;c__Terriglobia;o__Acidoferrales;f__UBA7541;g__Acidoferrum;s__Acidoferrum terreus	d__Bacteria;p__Acidobacteriota;c__Acidobacteriae;o__Subgroup 2;f__Incertae Sedis;g__Incertae Sedis;s__uncultured bacterium	99.1	MFD01828	Denmark	9.912	56.8261	Soil	"Bogs, mires and fens"	Degraded raised bog
MFD03323.bin.1.136	N	NA	simile	N.L.	neut.	NA	A species related to but distinct from the existing species	Acidoferrum in GTDB	Formerly ''uncultured bacterium'' in Silva 138.2	GTDB marker genes and 16S rRNA	GCA_963842745.1	Oxford Nanopore PromethION	mmlong2	5297360	4	221.7726	58.21	97.42	1.42	1	23	d__Bacteria;p__Acidobacteriota;c__Terriglobia;o__Acidoferrales;f__UBA7541;g__Acidoferrum;s__Unclassified	d__Bacteria;p__Acidobacteriota;c__Terriglobia;o__Acidoferrales;f__UBA7541;g__Acidoferrum;s__Acidoferrum simile	d__Bacteria;p__Acidobacteriota;c__Acidobacteriae;o__Subgroup 2;f__Incertae Sedis;g__Incertae Sedis;s__uncultured bacterium	99.6	MFD03323	Denmark	9.6333	56.459	Soil	Temperate heath and scrub	Wet heath
MFD03346.bin.1.1	N	NA	glebicum	N.L.	neut.	NA	A species found in soil	Acidoferrum in GTDB	Formerly ''uncultured eubacterium WD244'' in Silva 138.2	GTDB marker genes and 16S rRNA	GCA_963729595.1	Oxford Nanopore PromethION	mmlong2	7298742	5	25.73803	57.68	96.75	1.53	1	23	d__Bacteria;p__Acidobacteriota;c__Terriglobia;o__Acidoferrales;f__UBA7541;g__Acidoferrum;s__Unclassified	d__Bacteria;p__Acidobacteriota;c__Terriglobia;o__Acidoferrales;f__UBA7541;g__Acidoferrum;s__Acidoferrum glebicum	d__Bacteria;p__Acidobacteriota;c__Acidobacteriae;o__Subgroup 2;f__Incertae Sedis;g__Incertae Sedis;s__uncultured eubacterium WD244	99.9	MFD03346	Denmark	9.2692	56.2436	Soil	Temperate heath and scrub	Dry heath
MFD03346.bin.1.51	N	NA	humicum	N.L.	neut.	NA	A species found in soil	Acidoferrum in GTDB	sp. nov.	GTDB marker genes and 16S rRNA	GCA_963729455.1	Oxford Nanopore PromethION	mmlong2	5962414	10	21.71822	57.55	95	2.12	1	23	d__Bacteria;p__Acidobacteriota;c__Terriglobia;o__Acidoferrales;f__UBA7541;g__Acidoferrum;s__Unclassified	d__Bacteria;p__Acidobacteriota;c__Terriglobia;o__Acidoferrales;f__UBA7541;g__Acidoferrum;s__Acidoferrum humicum	d__Bacteria;p__Acidobacteriota;c__Acidobacteriae;o__Subgroup 2;f__Incertae Sedis;g__Incertae Sedis;s__uncultured bacterium	97	MFD03346	Denmark	9.2692	56.2436	Soil	Temperate heath and scrub	Dry heath
MFD03399.bin.c.2	N	NA	danicum	N.L.	neut.	NA	A species from Denmark	Acidoferrum in GTDB	Formerly ''uncultured bacterium'' in Silva 138.2	GTDB marker genes and 16S rRNA	GCA_963715795.1	Oxford Nanopore PromethION	mmlong2	5273929	1	270.6535	58.03	98.12	1.08	1	23	d__Bacteria;p__Acidobacteriota;c__Terriglobia;o__Acidoferrales;f__UBA7541;g__Acidoferrum;s__Unclassified	d__Bacteria;p__Acidobacteriota;c__Terriglobia;o__Acidoferrales;f__UBA7541;g__Acidoferrum;s__Acidoferrum danicum	d__Bacteria;p__Acidobacteriota;c__Acidobacteriae;o__Subgroup 2;f__Incertae Sedis;g__Incertae Sedis;s__uncultured bacterium	99.4	MFD03399	Denmark	9.77493	57.18586	Soil	Grassland formations	Species-rich Nardus upland grassland
MFD04651.bin.1.140	N	NA	septentrionalis	N.L.	fem.	NA	A species from the north	Aestuariivirga in GTDB	sp. nov.	GTDB marker genes and 16S rRNA	GCA_963850355.1	Oxford Nanopore PromethION	mmlong2	3153985	8	25.66296	52.39	97.66	3.08	1	22	d__Bacteria;p__Pseudomonadota;c__Alphaproteobacteria;o__Rhizobiales;f__Aestuariivirgaceae;g__Aestuariivirga;s__Unclassified	d__Bacteria;p__Pseudomonadota;c__Alphaproteobacteria;o__Rhizobiales;f__Aestuariivirgaceae;g__Aestuariivirga;s__Aestuariivirga septentrionalis	d__Bacteria;p__Pseudomonadota;c__Alphaproteobacteria;o__Hyphomicrobiales;f__Hyphomicrobiales Incertae Sedis;g__Incertae Sedis;s__uncultured bacterium	98.6	MFD04651	Denmark	9.996	56.1124	Sediment	Freshwater	Running freshwater
MFD04651.bin.1.151	N	NA	scandia	N.L.	fem.	NA	A species from Scandinavia	Aestuariivirga in GTDB	sp. nov.	GTDB marker genes and 16S rRNA	GCA_963792525.1	Oxford Nanopore PromethION	mmlong2	3369295	2	43.93386	54.04	99.68	0.06	1	22	d__Bacteria;p__Pseudomonadota;c__Alphaproteobacteria;o__Rhizobiales;f__Aestuariivirgaceae;g__Aestuariivirga;s__Unclassified	d__Bacteria;p__Pseudomonadota;c__Alphaproteobacteria;o__Rhizobiales;f__Aestuariivirgaceae;g__Aestuariivirga;s__Aestuariivirga scandia	d__Bacteria;p__Pseudomonadota;c__Alphaproteobacteria;o__Hyphomicrobiales;f__Hyphomicrobiales Incertae Sedis;g__Incertae Sedis;s__uncultured bacterium	96.4	MFD04651	Denmark	9.996	56.1124	Sediment	Freshwater	Running freshwater
MFD04651.bin.1.215	N	NA	nordica	N.L.	fem.	NA	A species from the Nordic region	Aestuariivirga in GTDB	Formerly ''uncultured bacterium'' in Silva 138.2	GTDB marker genes and 16S rRNA	GCA_963754625.1	Oxford Nanopore PromethION	mmlong2	3266962	8	107.3033	58.59	99.83	0.14	1	22	d__Bacteria;p__Pseudomonadota;c__Alphaproteobacteria;o__Rhizobiales;f__Aestuariivirgaceae;g__Aestuariivirga;s__Unclassified	d__Bacteria;p__Pseudomonadota;c__Alphaproteobacteria;o__Rhizobiales;f__Aestuariivirgaceae;g__Aestuariivirga;s__Aestuariivirga nordica	d__Bacteria;p__Pseudomonadota;c__Alphaproteobacteria;o__Hyphomicrobiales;f__Hyphomicrobiales Incertae Sedis;g__Incertae Sedis;s__uncultured bacterium	99	MFD04651	Denmark	9.996	56.1124	Sediment	Freshwater	Running freshwater
MFD01916.bin.1.10	N	NA	danica	N.L.	fem.	NA	A species from Denmark	Allosphingosinicella in GTDB	Formerly ''uncultured bacterium'' in Silva 138.2	GTDB marker genes and 16S rRNA	GCA_963850005.1	Oxford Nanopore PromethION	mmlong2	4467113	6	30.640974	66.75	92.96	1.06	1	22	d__Bacteria;p__Pseudomonadota;c__Alphaproteobacteria;o__Sphingomonadales;f__Sphingomonadaceae;g__Allosphingosinicella;s__Unclassified	d__Bacteria;p__Pseudomonadota;c__Alphaproteobacteria;o__Sphingomonadales;f__Sphingomonadaceae;g__Allosphingosinicella;s__Allosphingosinicella danica	d__Bacteria;p__Pseudomonadota;c__Alphaproteobacteria;o__Sphingomonadales;f__Sphingomonadaceae;g__Incertae Sedis;s__uncultured bacterium	98.9	MFD01916	Denmark	10.4385	57.5446	Soil	Dunes	Fixed dunes (grey dunes)
MFD09206.bin.1.100	N	NA	terrea	N.L.	fem.	NA	A species found in soil	Allosphingosinicella in GTDB	sp. nov.	GTDB marker genes and 16S rRNA	GCA_963701615.1	Oxford Nanopore PromethION	mmlong2	3481158	1	43.73222	68.91	91.25	0.85	1	22	d__Bacteria;p__Pseudomonadota;c__Alphaproteobacteria;o__Sphingomonadales;f__Sphingomonadaceae;g__Allosphingosinicella;s__Unclassified	d__Bacteria;p__Pseudomonadota;c__Alphaproteobacteria;o__Sphingomonadales;f__Sphingomonadaceae;g__Allosphingosinicella;s__Allosphingosinicella terrea	d__Bacteria;p__Pseudomonadota;c__Alphaproteobacteria;o__Sphingomonadales;f__Sphingomonadaceae;g__Ellin6055;s__uncultured bacterium	98.5	MFD09206	Denmark	10.25672	56.90236	Soil	Grassland formations	Xeric sand calcareous grasslands
MFD09206.bin.1.206	N	NA	europaea	N.L.	fem.	NA	A species from Europe	Allosphingosinicella in GTDB	Formerly ''uncultured bacterium'' in Silva 138.2	GTDB marker genes and 16S rRNA	GCA_963848555.1	Oxford Nanopore PromethION	mmlong2	3800777	9	40.54818	68.37	96.37	0.71	1	22	d__Bacteria;p__Pseudomonadota;c__Alphaproteobacteria;o__Sphingomonadales;f__Sphingomonadaceae;g__Allosphingosinicella;s__Unclassified	d__Bacteria;p__Pseudomonadota;c__Alphaproteobacteria;o__Sphingomonadales;f__Sphingomonadaceae;g__Allosphingosinicella;s__Allosphingosinicella europaea	d__Bacteria;p__Pseudomonadota;c__Alphaproteobacteria;o__Sphingomonadales;f__Sphingomonadaceae;g__Ellin6055;s__uncultured bacterium	98.8	MFD09206	Denmark	10.25672	56.90236	Soil	Grassland formations	Xeric sand calcareous grasslands
MFD01721.bin.1.104	N	NA	europaeus	N.L.	masch.	NA	A species from Europe	Amaricoccus in GTDB	Formerly ''uncultured bacterium'' in Silva 138.2	GTDB marker genes and 16S rRNA	GCA_963829385.1	Oxford Nanopore PromethION	mmlong2	4085606	10	30.11412	69.01	90.35	1.99	2	21	d__Bacteria;p__Pseudomonadota;c__Alphaproteobacteria;o__Rhodobacterales;f__Rhodobacteraceae;g__Amaricoccus;s__Unclassified	d__Bacteria;p__Pseudomonadota;c__Alphaproteobacteria;o__Rhodobacterales;f__Rhodobacteraceae;g__Amaricoccus;s__Amaricoccus europaeus	d__Bacteria;p__Pseudomonadota;c__Alphaproteobacteria;o__Rhodobacterales;f__Paracoccaceae;g__Incertae Sedis;s__uncultured bacterium	99.8	MFD01721	Denmark	10.5019	55.4485	Soil	Coastal	Salicornia mud
MFD01213.bin.1.143	N	NA	telluricus	N.L.	masch.	NA	A species found in soil	Angelobacter in GTDB	Formerly ''uncultured Acidobacteria bacterium'' in Silva 138.2	GTDB marker genes and 16S rRNA	GCA_963723055.1	Oxford Nanopore PromethION	mmlong2	5092399	7	22.12877	55.39	97.74	0.44	1	23	d__Bacteria;p__Acidobacteriota;c__Terriglobia;o__Terriglobales;f__Gp1-AA117;g__Angelobacter;s__Unclassified	d__Bacteria;p__Acidobacteriota;c__Terriglobia;o__Terriglobales;f__Gp1-AA117;g__Angelobacter;s__Angelobacter telluricus	d__Bacteria;p__Acidobacteriota;c__Acidobacteriae;o__Terriglobales;f__Incertae Sedis;g__Incertae Sedis;s__uncultured Acidobacteria bacterium	98.8	MFD01213	Denmark	10.4374	56.5224	Soil	Dunes	Fixed dunes (grey dunes)
MFD04967.bin.1.53	N	NA	adiacens	N.L.	masch.	NA	A species related to but distinct from the existing species	Angelobacter in GTDB	Formerly ''uncultured Acidobacteria bacterium'' in Silva 138.2	GTDB marker genes and 16S rRNA	GCA_963807955.1	Oxford Nanopore PromethION	mmlong2	5282695	5	44.96584	55.1	100	0.38	1	22	d__Bacteria;p__Acidobacteriota;c__Terriglobia;o__Terriglobales;f__Gp1-AA117;g__Angelobacter;s__Unclassified	d__Bacteria;p__Acidobacteriota;c__Terriglobia;o__Terriglobales;f__Gp1-AA117;g__Angelobacter;s__Angelobacter adiacens	d__Bacteria;p__Acidobacteriota;c__Acidobacteriae;o__Terriglobales;f__Incertae Sedis;g__Incertae Sedis;s__uncultured Acidobacteria bacterium	98.8	MFD04967	Denmark	10.5207	54.8533	Soil	Forests	Temperate forests
MFD05841.bin.1.15	N	NA	terreum	N.L.	masch.	NA	A species found in soil	Angelobacter in GTDB	Formerly ''uncultured Acidobacteria bacterium'' in Silva 138.2	GTDB marker genes and 16S rRNA	GCA_963770085.1	Oxford Nanopore PromethION	mmlong2	5193731	3	38.14131	55.05	100	0.34	1	23	d__Bacteria;p__Acidobacteriota;c__Terriglobia;o__Terriglobales;f__Gp1-AA117;g__Angelobacter;s__Unclassified	d__Bacteria;p__Acidobacteriota;c__Terriglobia;o__Terriglobales;f__Gp1-AA117;g__Angelobacter;s__Angelobacter terreum	d__Bacteria;p__Acidobacteriota;c__Acidobacteriae;o__Terriglobales;f__Incertae Sedis;g__Incertae Sedis;s__uncultured Acidobacteria bacterium	98.8	MFD05841	Denmark	9.9156	56.891	Soil	Forests	
MFD04463.bin.c.12	N	NA	contiguus	N.L.	masch.	NA	A species related to but distinct from the existing species	Aquilonibacter in GTDB	sp. nov.	GTDB marker genes and 16S rRNA	GCA_963703325.1	Oxford Nanopore PromethION	mmlong2	3176085	1	34.73958	62.12	96.25	0.49	1	23	d__Bacteria;p__Eremiobacterota;c__Eremiobacteria;o__Baltobacterales;f__Baltobacteraceae;g__Aquilonibacter;s__Unclassified	d__Bacteria;p__Eremiobacterota;c__Eremiobacteria;o__Baltobacterales;f__Baltobacteraceae;g__Aquilonibacter;s__Aquilonibacter contiguus	d__Bacteria;p__Candidatus Eremiobacterota;c__Eremiobacteria;o__Incertae Sedis;f__Incertae Sedis;g__Incertae Sedis;s__uncultured bacterium	95.4	MFD04463	Denmark	8.2405	55.7443	Soil	Dunes	Wooded dunes
MFD04463.bin.c.13	N	NA	aridus	N.L.	masch.	NA	A species found in sand	Aquilonibacter in GTDB	sp. nov.	GTDB marker genes and 16S rRNA	GCA_963716415.1	Oxford Nanopore PromethION	mmlong2	3166583	1	21.50648	61.8	93.48	0.79	1	23	d__Bacteria;p__Eremiobacterota;c__Eremiobacteria;o__Baltobacterales;f__Baltobacteraceae;g__Aquilonibacter;s__Unclassified	d__Bacteria;p__Eremiobacterota;c__Eremiobacteria;o__Baltobacterales;f__Baltobacteraceae;g__Aquilonibacter;s__Aquilonibacter aridus	d__Bacteria;p__Candidatus Eremiobacterota;c__Eremiobacteria;o__Incertae Sedis;f__Incertae Sedis;g__Incertae Sedis;s__uncultured bacterium	95.5	MFD04463	Denmark	8.2405	55.7443	Soil	Dunes	Wooded dunes
MFD05705.bin.1.3	N	NA	nordicus	N.L.	masch.	NA	A species from the Nordic region	Aquilonibacter in GTDB	sp. nov.	GTDB marker genes and 16S rRNA	GCA_963726285.1	Oxford Nanopore PromethION	mmlong2	3207864	7	43.65754	61.4	92.56	0.07	1	23	d__Bacteria;p__Eremiobacterota;c__Eremiobacteria;o__Baltobacterales;f__Baltobacteraceae;g__Aquilonibacter;s__Unclassified	d__Bacteria;p__Eremiobacterota;c__Eremiobacteria;o__Baltobacterales;f__Baltobacteraceae;g__Aquilonibacter;s__Aquilonibacter nordicus	d__Bacteria;p__Candidatus Eremiobacterota;c__Eremiobacteria;o__Incertae Sedis;f__Incertae Sedis;g__Incertae Sedis;s__uncultured bacterium	95.5	MFD05705	Denmark	8.2063	55.7153	Soil	Dunes	Humid dune slacks
MFD09286.bin.1.139	N	NA	vicinus	N.L.	masch.	NA	A species related to but distinct from the existing species	Aquilonibacter in GTDB	sp. nov.	GTDB marker genes and 16S rRNA	GCA_963820185.1	Oxford Nanopore PromethION	mmlong2	3154963	7	35.51468	61.69	95.26	0.08	1	22	d__Bacteria;p__Eremiobacterota;c__Eremiobacteria;o__Baltobacterales;f__Baltobacteraceae;g__Aquilonibacter;s__Unclassified	d__Bacteria;p__Eremiobacterota;c__Eremiobacteria;o__Baltobacterales;f__Baltobacteraceae;g__Aquilonibacter;s__Aquilonibacter vicinus	d__Bacteria;p__Candidatus Eremiobacterota;c__Eremiobacteria;o__Incertae Sedis;f__Incertae Sedis;g__Incertae Sedis;s__uncultured bacterium	95.5	MFD09286	Denmark	8.26815	56.81197	Soil	Dunes	Decalcified Empetrum dunes
MFD01138.bin.1.15	N	NA	contiguus	N.L.	masch.	NA	A species related to but distinct from the existing species	Binatus in GTDB	Formerly ''uncultured bacterium'' in Silva 138.2	GTDB marker genes and 16S rRNA	GCA_963808235.1	Oxford Nanopore PromethION	mmlong2	4586535	4	21.9551	60.36	92.3	1.97	1	23	d__Bacteria;p__Desulfobacterota_B;c__Binatia;o__Binatales;f__Binataceae;g__Binatus;s__Unclassified	d__Bacteria;p__Desulfobacterota_B;c__Binatia;o__Binatales;f__Binataceae;g__Binatus;s__Binatus contiguus	d__Bacteria;p__RCP2-54;c__Incertae Sedis;o__Incertae Sedis;f__Incertae Sedis;g__Incertae Sedis;s__uncultured bacterium	98.8	MFD01138	Denmark	10.269441	55.134551	Soil	Forests	Beech forests Luzulo-Fagetum
MFD01248.bin.1.21	N	NA	danicus	N.L.	masch.	NA	A species from Denmark	Binatus in GTDB	Formerly ''uncultured bacterium'' in Silva 138.2	GTDB marker genes and 16S rRNA	GCA_963806485.1	Oxford Nanopore PromethION	mmlong2	5034483	4	30.18287	60.89	97.35	0.72	1	23	d__Bacteria;p__Desulfobacterota_B;c__Binatia;o__Binatales;f__Binataceae;g__Binatus;s__Unclassified	d__Bacteria;p__Desulfobacterota_B;c__Binatia;o__Binatales;f__Binataceae;g__Binatus;s__Binatus danicus	d__Bacteria;p__RCP2-54;c__Incertae Sedis;o__Incertae Sedis;f__Incertae Sedis;g__Incertae Sedis;s__uncultured bacterium	99.7	MFD01248	Denmark	9.6813	56.1067	Soil	Temperate heath and scrub	Dry heath
MFD02248.bin.1.51	N	NA	vicinus	N.L.	masch.	NA	A species related to but distinct from the existing species	Binatus in GTDB	Formerly ''uncultured bacterium'' in Silva 138.2	GTDB marker genes and 16S rRNA	GCA_963724395.1	Oxford Nanopore PromethION	mmlong2	4970587	6	26.062366	60.8	93.21	1.13	1	21	d__Bacteria;p__Desulfobacterota_B;c__Binatia;o__Binatales;f__Binataceae;g__Binatus;s__Unclassified	d__Bacteria;p__Desulfobacterota_B;c__Binatia;o__Binatales;f__Binataceae;g__Binatus;s__Binatus vicinus	d__Bacteria;p__RCP2-54;c__Incertae Sedis;o__Incertae Sedis;f__Incertae Sedis;g__Incertae Sedis;s__uncultured bacterium	99.8	MFD02248	Denmark	10.9751	57.2786	Soil	Temperate heath and scrub	Wet heath
MFD03726.bin.1.6	N	NA	nordicus	N.L.	masch.	NA	A species from the Nordic region	Binatus in GTDB	Formerly ''uncultured bacterium'' in Silva 138.2	GTDB marker genes and 16S rRNA	GCA_963722605.1	Oxford Nanopore PromethION	mmlong2	3725883	4	26.79015	62.29	96.03	1.03	1	22	d__Bacteria;p__Desulfobacterota_B;c__Binatia;o__Binatales;f__Binataceae;g__Binatus;s__Unclassified	d__Bacteria;p__Desulfobacterota_B;c__Binatia;o__Binatales;f__Binataceae;g__Binatus;s__Binatus nordicus	d__Bacteria;p__RCP2-54;c__Incertae Sedis;o__Incertae Sedis;f__Incertae Sedis;g__Incertae Sedis;s__uncultured bacterium	99.5	MFD03726	Denmark	9.3209	55.2451	Sediment	Freshwater	Enclosed water
MFD04434.bin.1.46	N	NA	similis	N.L.	masch.	NA	A species related to but distinct from the existing species	Binatus in GTDB	Formerly ''uncultured bacterium'' in Silva 138.2	GTDB marker genes and 16S rRNA	GCA_963711565.1	Oxford Nanopore PromethION	mmlong2	4843456	4	124.302	60.96	94.89	1.12	1	23	d__Bacteria;p__Desulfobacterota_B;c__Binatia;o__Binatales;f__Binataceae;g__Binatus;s__Unclassified	d__Bacteria;p__Desulfobacterota_B;c__Binatia;o__Binatales;f__Binataceae;g__Binatus;s__Binatus similis	d__Bacteria;p__RCP2-54;c__Incertae Sedis;o__Incertae Sedis;f__Incertae Sedis;g__Incertae Sedis;s__uncultured bacterium	99.6	MFD04434	Denmark	8.2445	55.7463	Soil	Dunes	Wooded dunes
MFD04463.bin.1.219	N	NA	aridus	N.L.	masch.	NA	A species found in sand	Binatus in GTDB	Formerly ''uncultured bacterium'' in Silva 138.2	GTDB marker genes and 16S rRNA	GCA_963833025.1	Oxford Nanopore PromethION	mmlong2	4909999	6	21.31371	61.07	93.84	0.4	1	23	d__Bacteria;p__Desulfobacterota_B;c__Binatia;o__Binatales;f__Binataceae;g__Binatus;s__Unclassified	d__Bacteria;p__Desulfobacterota_B;c__Binatia;o__Binatales;f__Binataceae;g__Binatus;s__Binatus aridus	d__Bacteria;p__RCP2-54;c__Incertae Sedis;o__Incertae Sedis;f__Incertae Sedis;g__Incertae Sedis;s__uncultured bacterium	99.5	MFD04463	Denmark	8.2405	55.7443	Soil	Dunes	Wooded dunes
MFD05502.bin.1.132	N	NA	scandius	N.L.	masch.	NA	A species from Scandinavia	Binatus in GTDB	Formerly ''uncultured bacterium'' in Silva 138.2	GTDB marker genes and 16S rRNA	GCA_963717005.1	Oxford Nanopore PromethION	mmlong2	4578945	1	47.77358	61.5	96.9	1.14	1	23	d__Bacteria;p__Desulfobacterota_B;c__Binatia;o__Binatales;f__Binataceae;g__Binatus;s__Unclassified	d__Bacteria;p__Desulfobacterota_B;c__Binatia;o__Binatales;f__Binataceae;g__Binatus;s__Binatus scandius	d__Bacteria;p__RCP2-54;c__Incertae Sedis;o__Incertae Sedis;f__Incertae Sedis;g__Incertae Sedis;s__uncultured bacterium	99	MFD05502	Denmark	10.3164	55.77	Soil	Temperate heath and scrub	Wet heath
MFD09222.bin.1.22	N	NA	terreum	N.L.	masch.	NA	A species found in soil	Binatus in GTDB	Formerly ''uncultured bacterium'' in Silva 138.2	GTDB marker genes and 16S rRNA	GCA_963842085.1	Oxford Nanopore PromethION	mmlong2	4930847	2	100.0084	61.52	100	1.2	1	23	d__Bacteria;p__Desulfobacterota_B;c__Binatia;o__Binatales;f__Binataceae;g__Binatus;s__Unclassified	d__Bacteria;p__Desulfobacterota_B;c__Binatia;o__Binatales;f__Binataceae;g__Binatus;s__Binatus terreum	d__Bacteria;p__RCP2-54;c__Incertae Sedis;o__Incertae Sedis;f__Incertae Sedis;g__Incertae Sedis;s__uncultured bacterium	99.3	MFD09222	Denmark	9.2476	56.2643	Soil	Temperate heath and scrub	Wet heath
MFD10064.bin.1.24	N	NA	propinquus	N.L.	masch.	NA	A species related to but distinct from the existing species	Binatus in GTDB	Formerly ''uncultured bacterium'' in Silva 138.2	GTDB marker genes and 16S rRNA	GCA_963699705.1	Oxford Nanopore PromethION	mmlong2	4885917	3	18.45474	59.9	96.6	1.98	1	23	d__Bacteria;p__Desulfobacterota_B;c__Binatia;o__Binatales;f__Binataceae;g__Binatus;s__Unclassified	d__Bacteria;p__Desulfobacterota_B;c__Binatia;o__Binatales;f__Binataceae;g__Binatus;s__Binatus propinquus	d__Bacteria;p__RCP2-54;c__Incertae Sedis;o__Incertae Sedis;f__Incertae Sedis;g__Incertae Sedis;s__uncultured bacterium	99.5	MFD10064	Denmark	8.42712	56.91759	Soil	Dunes	Decalcified Empetrum dunes
MFD01299.bin.1.126	N	NA	lacustris	N.L.	fem.	NA	A species found in a lake	Brooklawnia in GTDB	Formerly ''metagenome'' in Silva 138.2	GTDB marker genes and 16S rRNA	GCA_963780175.1	Oxford Nanopore PromethION	mmlong2	2636581	8	24.22536	66.93	100	1.42	1	20	d__Bacteria;p__Actinomycetota;c__Actinomycetes;o__Propionibacteriales;f__Propionibacteriaceae;g__Brooklawnia;s__Unclassified	d__Bacteria;p__Actinomycetota;c__Actinomycetes;o__Propionibacteriales;f__Propionibacteriaceae;g__Brooklawnia;s__Brooklawnia lacustris	d__Bacteria;p__Actinomycetota;c__Actinobacteria;o__Propionibacteriales;f__Propionibacteriaceae;g__Brooklawnia;s__metagenome	99.6	MFD01299	Denmark	8.627054339	55.80287147	Sediment	Freshwater	"Lake, Rich pondweed"
MFD01299.bin.1.132	N	NA	scandia	N.L.	fem.	NA	A species from Scandinavia	Brooklawnia in GTDB	Formerly ''metagenome'' in Silva 138.2	GTDB marker genes and 16S rRNA	GCA_963722295.1	Oxford Nanopore PromethION	mmlong2	3382950	10	24.430841	64.21	100	0.62	2	22	d__Bacteria;p__Actinomycetota;c__Actinomycetes;o__Propionibacteriales;f__Propionibacteriaceae;g__Brooklawnia;s__Unclassified	d__Bacteria;p__Actinomycetota;c__Actinomycetes;o__Propionibacteriales;f__Propionibacteriaceae;g__Brooklawnia;s__Brooklawnia scandia	d__Bacteria;p__Actinomycetota;c__Actinobacteria;o__Propionibacteriales;f__Propionibacteriaceae;g__Incertae Sedis;s__metagenome	99.9	MFD01299	Denmark	8.627054339	55.80287147	Sediment	Freshwater	"Lake, Rich pondweed"
MFD09212.bin.1.232	N	NA	contigua	N.L.	fem.	NA	A species related to but distinct from the existing species	Camelimonas in GTDB	Formerly ''uncultured Rhizobiales bacterium'' in Silva 138.2	GTDB marker genes and 16S rRNA	GCA_963812775.1	Oxford Nanopore PromethION	mmlong2	5241284	10	16.04727	66.09	96.3	0.54	1	23	d__Bacteria;p__Pseudomonadota;c__Alphaproteobacteria;o__Rhizobiales;f__Beijerinckiaceae;g__Camelimonas;s__Unclassified	d__Bacteria;p__Pseudomonadota;c__Alphaproteobacteria;o__Rhizobiales;f__Beijerinckiaceae;g__Camelimonas;s__Camelimonas contigua	d__Bacteria;p__Pseudomonadota;c__Alphaproteobacteria;o__Hyphomicrobiales;f__Beijerinckiaceae;g__FFCH5858;s__uncultured Rhizobiales bacterium	99	MFD09212	Denmark	10.25675	56.90241	Soil	Grassland formations	Xeric sand calcareous grasslands
MFD00125.bin.1.38	N	NA	proxima	N.L.	fem.	NA	A species related to but distinct from the existing species	Cybelea in GTDB	Formerly ''uncultured bacterium'' in Silva 138.2	GTDB marker genes and 16S rRNA	GCA_963713685.1	Oxford Nanopore PromethION	mmlong2	3205608	2	50.420723	61.93	100	0.53	1	23	d__Bacteria;p__Eremiobacterota;c__Eremiobacteria;o__Baltobacterales;f__Baltobacteraceae;g__Cybelea;s__Unclassified	d__Bacteria;p__Eremiobacterota;c__Eremiobacteria;o__Baltobacterales;f__Baltobacteraceae;g__Cybelea;s__Cybelea proxima	d__Bacteria;p__Candidatus Eremiobacterota;c__Eremiobacteria;o__Incertae Sedis;f__Incertae Sedis;g__Incertae Sedis;s__uncultured bacterium	99.8	MFD00125	Denmark	9.3585	56.3674	Soil	Forests	Beech forests Luzulo-Fagetum
MFD00731.bin.1.164	N	NA	terrea	N.L.	fem.	NA	A species found in soil	Cybelea in GTDB	sp. nov.	GTDB marker genes and 16S rRNA	GCA_963829005.1	Oxford Nanopore PromethION	mmlong2	2773819	6	31.743225	65.26	97.72	0.13	1	23	d__Bacteria;p__Eremiobacterota;c__Eremiobacteria;o__Baltobacterales;f__Baltobacteraceae;g__Cybelea;s__Unclassified	d__Bacteria;p__Eremiobacterota;c__Eremiobacteria;o__Baltobacterales;f__Baltobacteraceae;g__Cybelea;s__Cybelea terrea	d__Bacteria;p__Candidatus Eremiobacterota;c__Eremiobacteria;o__Incertae Sedis;f__Incertae Sedis;g__Incertae Sedis;s__uncultured bacterium	98.5	MFD00731	Denmark	10.2307	56.2289	Soil	Dunes	Inland dunes Empetrum nigrum
MFD00731.bin.1.64	N	NA	adiacens	N.L.	fem.	NA	A species related to but distinct from the existing species	Cybelea in GTDB	sp. nov.	GTDB marker genes and 16S rRNA	GCA_963787705.1	Oxford Nanopore PromethION	mmlong2	2932094	5	43.191685	62.35	95.06	0.15	1	22	d__Bacteria;p__Eremiobacterota;c__Eremiobacteria;o__Baltobacterales;f__Baltobacteraceae;g__Cybelea;s__Unclassified	d__Bacteria;p__Eremiobacterota;c__Eremiobacteria;o__Baltobacterales;f__Baltobacteraceae;g__Cybelea;s__Cybelea adiacens	d__Bacteria;p__Candidatus Eremiobacterota;c__Eremiobacteria;o__Incertae Sedis;f__Incertae Sedis;g__Incertae Sedis;s__uncultured bacterium	98	MFD00731	Denmark	10.2307	56.2289	Soil	Dunes	Inland dunes Empetrum nigrum
MFD00964.bin.1.16	N	NA	arida	N.L.	fem.	NA	A species found in sand	Cybelea in GTDB	sp. nov.	GTDB marker genes and 16S rRNA	GCA_963759245.1	Oxford Nanopore PromethION	mmlong2	3032485	3	31.898088	63.24	96.47	0.66	1	23	d__Bacteria;p__Eremiobacterota;c__Eremiobacteria;o__Baltobacterales;f__Baltobacteraceae;g__Cybelea;s__Unclassified	d__Bacteria;p__Eremiobacterota;c__Eremiobacteria;o__Baltobacterales;f__Baltobacteraceae;g__Cybelea;s__Cybelea arida	d__Bacteria;p__Candidatus Eremiobacterota;c__Eremiobacteria;o__Incertae Sedis;f__Incertae Sedis;g__Incertae Sedis;s__uncultured bacterium	97.9	MFD00964	Denmark	9.1593	56.0298	Soil	Dunes	Inland dunes Genista
MFD01138.bin.1.150	N	NA	vicina	N.L.	fem.	NA	A species related to but distinct from the existing species	Cybelea in GTDB	sp. nov.	GTDB marker genes and 16S rRNA	GCA_963745145.1	Oxford Nanopore PromethION	mmlong2	3569921	4	21.106945	63.32	93.23	0.28	1	23	d__Bacteria;p__Eremiobacterota;c__Eremiobacteria;o__Baltobacterales;f__Baltobacteraceae;g__Cybelea;s__Unclassified	d__Bacteria;p__Eremiobacterota;c__Eremiobacteria;o__Baltobacterales;f__Baltobacteraceae;g__Cybelea;s__Cybelea vicina	d__Bacteria;p__Candidatus Eremiobacterota;c__Eremiobacteria;o__Incertae Sedis;f__Incertae Sedis;g__Incertae Sedis;s__uncultured Firmicutes bacterium	97.8	MFD01138	Denmark	10.269441	55.134551	Soil	Forests	Beech forests Luzulo-Fagetum
MFD01138.bin.1.4	N	NA	danica	N.L.	fem.	NA	A species from Denmark	Cybelea in GTDB	sp. nov.	GTDB marker genes and 16S rRNA	GCA_963748875.1	Oxford Nanopore PromethION	mmlong2	3634040	4	23.260708	61.87	93.65	0.24	1	23	d__Bacteria;p__Eremiobacterota;c__Eremiobacteria;o__Baltobacterales;f__Baltobacteraceae;g__Cybelea;s__Unclassified	d__Bacteria;p__Eremiobacterota;c__Eremiobacteria;o__Baltobacterales;f__Baltobacteraceae;g__Cybelea;s__Cybelea danica	d__Bacteria;p__Candidatus Eremiobacterota;c__Eremiobacteria;o__Incertae Sedis;f__Incertae Sedis;g__Incertae Sedis;s__uncultured bacterium	98.2	MFD01138	Denmark	10.269441	55.134551	Soil	Forests	Beech forests Luzulo-Fagetum
MFD01248.bin.1.77	N	NA	humica	N.L.	fem.	NA	A species found in soil	Cybelea in GTDB	sp. nov.	GTDB marker genes and 16S rRNA	GCA_963722595.1	Oxford Nanopore PromethION	mmlong2	2890905	7	19.181435	64.2	96.78	0.06	1	23	d__Bacteria;p__Eremiobacterota;c__Eremiobacteria;o__Baltobacterales;f__Baltobacteraceae;g__Cybelea;s__Unclassified	d__Bacteria;p__Eremiobacterota;c__Eremiobacteria;o__Baltobacterales;f__Baltobacteraceae;g__Cybelea;s__Cybelea humica	d__Bacteria;p__Candidatus Eremiobacterota;c__Eremiobacteria;o__Incertae Sedis;f__Incertae Sedis;g__Incertae Sedis;s__uncultured bacterium	98.5	MFD01248	Denmark	9.6813	56.1067	Soil	Temperate heath and scrub	Dry heath
MFD01248.bin.1.88	N	NA	similis	N.L.	fem.	NA	A species related to but distinct from the existing species	Cybelea in GTDB	sp. nov.	GTDB marker genes and 16S rRNA	GCA_963834895.1	Oxford Nanopore PromethION	mmlong2	3059722	7	37.00113	63.12	97.47	0.1	1	23	d__Bacteria;p__Eremiobacterota;c__Eremiobacteria;o__Baltobacterales;f__Baltobacteraceae;g__Cybelea;s__Unclassified	d__Bacteria;p__Eremiobacterota;c__Eremiobacteria;o__Baltobacterales;f__Baltobacteraceae;g__Cybelea;s__Cybelea similis	d__Bacteria;p__Candidatus Eremiobacterota;c__Eremiobacteria;o__Incertae Sedis;f__Incertae Sedis;g__Incertae Sedis;s__uncultured Firmicutes bacterium	98.2	MFD01248	Denmark	9.6813	56.1067	Soil	Temperate heath and scrub	Dry heath
MFD01248.bin.1.9	N	NA	affinis	N.L.	fem.	NA	A species related to but distinct from the existing species	Cybelea in GTDB	Formerly ''uncultured bacterium'' in Silva 138.2	GTDB marker genes and 16S rRNA	GCA_963752825.1	Oxford Nanopore PromethION	mmlong2	3366173	2	200.44864	64.46	96.93	0.16	1	23	d__Bacteria;p__Eremiobacterota;c__Eremiobacteria;o__Baltobacterales;f__Baltobacteraceae;g__Cybelea;s__Unclassified	d__Bacteria;p__Eremiobacterota;c__Eremiobacteria;o__Baltobacterales;f__Baltobacteraceae;g__Cybelea;s__Cybelea affinis	d__Bacteria;p__Candidatus Eremiobacterota;c__Eremiobacteria;o__Incertae Sedis;f__Incertae Sedis;g__Incertae Sedis;s__uncultured bacterium	98.8	MFD01248	Denmark	9.6813	56.1067	Soil	Temperate heath and scrub	Dry heath
MFD01872.bin.1.327	N	NA	scandia	N.L.	fem.	NA	A species from Scandinavia	Cybelea in GTDB	sp. nov.	GTDB marker genes and 16S rRNA	GCA_963790985.1	Oxford Nanopore PromethION	mmlong2	2684933	5	50.820053	65.94	93.73	0.21	1	23	d__Bacteria;p__Eremiobacterota;c__Eremiobacteria;o__Baltobacterales;f__Baltobacteraceae;g__Cybelea;s__Unclassified	d__Bacteria;p__Eremiobacterota;c__Eremiobacteria;o__Baltobacterales;f__Baltobacteraceae;g__Cybelea;s__Cybelea scandia	d__Bacteria;p__Candidatus Eremiobacterota;c__Eremiobacteria;o__Incertae Sedis;f__Incertae Sedis;g__Incertae Sedis;s__uncultured bacterium	98	MFD01872	Denmark	8.4984	55.6264	Soil	"Bogs, mires and fens"	Alkaline fens
MFD09603.bin.1.252	N	NA	telluricus	N.L.	masch.	NA	A species found in soil	Elarobacter in GTDB	sp. nov.	GTDB marker genes and 16S rRNA	GCA_963818845.1	Oxford Nanopore PromethION	mmlong2	3922186	4	34.63129	69.51	94.22	0	1	23	d__Bacteria;p__Eremiobacterota;c__Eremiobacteria;o__Baltobacterales;f__Baltobacteraceae;g__Elarobacter;s__Unclassified	d__Bacteria;p__Eremiobacterota;c__Eremiobacteria;o__Baltobacterales;f__Baltobacteraceae;g__Elarobacter;s__Elarobacter telluricus	d__Bacteria;p__Candidatus Eremiobacterota;c__Eremiobacteria;o__Incertae Sedis;f__Incertae Sedis;g__Incertae Sedis;s__uncultured bacterium	98.6	MFD09603	Denmark	14.9796	55.2067	Soil	Rocky habitats and caves	Siliceous rocky slopes
MFD09603.bin.1.377	N	NA	septentrionalis	N.L.	masch.	NA	A species from the north	Elarobacter in GTDB	Formerly ''uncultured bacterium'' in Silva 138.2	GTDB marker genes and 16S rRNA	GCA_963795695.1	Oxford Nanopore PromethION	mmlong2	4643465	6	65.63823	71.9	94.21	1.51	1	22	d__Bacteria;p__Eremiobacterota;c__Eremiobacteria;o__Baltobacterales;f__Baltobacteraceae;g__Elarobacter;s__Unclassified	d__Bacteria;p__Eremiobacterota;c__Eremiobacteria;o__Baltobacterales;f__Baltobacteraceae;g__Elarobacter;s__Elarobacter septentrionalis	d__Bacteria;p__Candidatus Eremiobacterota;c__Eremiobacteria;o__Incertae Sedis;f__Incertae Sedis;g__Incertae Sedis;s__uncultured bacterium	99.5	MFD09603	Denmark	14.9796	55.2067	Soil	Rocky habitats and caves	Siliceous rocky slopes
MFD05442.bin.1.135	N	NA	glebica	N.L.	fem.	NA	A species found in soil	Faunimonas in GTDB	sp. nov.	GTDB marker genes and 16S rRNA	GCA_963739005.1	Oxford Nanopore PromethION	mmlong2	4562408	10	53.43962	65.7	91.89	0.83	1	20	d__Bacteria;p__Pseudomonadota;c__Alphaproteobacteria;o__Rhizobiales;f__Afifellaceae;g__Faunimonas;s__Unclassified	d__Bacteria;p__Pseudomonadota;c__Alphaproteobacteria;o__Rhizobiales;f__Afifellaceae;g__Faunimonas;s__Faunimonas glebica	d__Bacteria;p__Pseudomonadota;c__Alphaproteobacteria;o__Hyphomicrobiales;f__Incertae Sedis;g__Incertae Sedis;s__uncultured Alphaproteobacteria bacterium	98.1	MFD05442	Denmark	8.822	56.7368	Soil	Coastal	Atlantic salt meadows
MFD09206.bin.1.212	N	NA	affinis	N.L.	fem.	NA	A species related to but distinct from the existing species	Faunimonas in GTDB	sp. nov.	GTDB marker genes and 16S rRNA	GCA_963846475.1	Oxford Nanopore PromethION	mmlong2	5188450	4	41.5741	66.45	92.4	1.88	2	22	d__Bacteria;p__Pseudomonadota;c__Alphaproteobacteria;o__Rhizobiales;f__Afifellaceae;g__Faunimonas;s__Unclassified	d__Bacteria;p__Pseudomonadota;c__Alphaproteobacteria;o__Rhizobiales;f__Afifellaceae;g__Faunimonas;s__Faunimonas affinis	d__Bacteria;p__Pseudomonadota;c__Alphaproteobacteria;o__Hyphomicrobiales;f__Incertae Sedis;g__Incertae Sedis;s__uncultured bacterium	97	MFD09206	Denmark	10.25672	56.90236	Soil	Grassland formations	Xeric sand calcareous grasslands
MFD01721.bin.c.6	N	NA	litorale	N.L.	neut.	NA	A species found in the coast	Halogranum in GTDB	sp. nov.	GTDB marker genes and 16S rRNA	GCA_963715525.1	Oxford Nanopore PromethION	mmlong2	3436794	1	60.198757	63.66	91.23	1.62	3	22	d__Archaea;p__Halobacteriota;c__Halobacteria;o__Halobacteriales;f__Haloferacaceae;g__Halogranum;s__Unclassified	d__Archaea;p__Halobacteriota;c__Halobacteria;o__Halobacteriales;f__Haloferacaceae;g__Halogranum;s__Halogranum litorale	d__Archaea;p__Halobacteriota;c__Halobacteria;o__Halobacterales;f__Haloferacaceae;g__Incertae Sedis;s__uncultured archaeon	93.2	MFD01721	Denmark	10.5019	55.4485	Soil	Coastal	Salicornia mud
MFD05502.bin.1.175	N	NA	affinis	N.L.	fem.	NA	A species related to but distinct from the existing species	Hanamia in GTDB	sp. nov.	GTDB marker genes and 16S rRNA	GCA_963835995.1	Oxford Nanopore PromethION	mmlong2	5116725	2	39.32362	40.83	100	0.02	1	22	d__Bacteria;p__Bacteroidota;c__Bacteroidia;o__Chitinophagales;f__Chitinophagaceae;g__Hanamia;s__Unclassified	d__Bacteria;p__Bacteroidota;c__Bacteroidia;o__Chitinophagales;f__Chitinophagaceae;g__Hanamia;s__Hanamia affinis	d__Bacteria;p__Bacteroidota;c__Bacteroidia;o__Chitinophagales;f__Chitinophagaceae;g__Incertae Sedis;s__uncultured Bacteroidetes bacterium	97.8	MFD05502	Denmark	10.3164	55.77	Soil	Temperate heath and scrub	Wet heath
MFD05502.bin.c.1	N	NA	contigua	N.L.	fem.	NA	A species related to but distinct from the existing species	Hanamia in GTDB	sp. nov.	GTDB marker genes and 16S rRNA	GCA_963704395.1	Oxford Nanopore PromethION	mmlong2	5166029	1	23.50368	38.32	99.3	0.65	1	22	d__Bacteria;p__Bacteroidota;c__Bacteroidia;o__Chitinophagales;f__Chitinophagaceae;g__Hanamia;s__Unclassified	d__Bacteria;p__Bacteroidota;c__Bacteroidia;o__Chitinophagales;f__Chitinophagaceae;g__Hanamia;s__Hanamia contigua	d__Bacteria;p__Bacteroidota;c__Bacteroidia;o__Chitinophagales;f__Chitinophagaceae;g__Incertae Sedis;s__uncultured Sphingobacteriia bacterium	98.6	MFD05502	Denmark	10.3164	55.77	Soil	Temperate heath and scrub	Wet heath
MFD10113.bin.1.77	N	NA	glebica	N.L.	fem.	NA	A species found in soil	Hanamia in GTDB	Formerly ''uncultured soil bacterium'' in Silva 138.2	GTDB marker genes and 16S rRNA	GCA_963706825.1	Oxford Nanopore PromethION	mmlong2	4988274	9	29.05892	37.55	100	0.08	1	22	d__Bacteria;p__Bacteroidota;c__Bacteroidia;o__Chitinophagales;f__Chitinophagaceae;g__Hanamia;s__Unclassified	d__Bacteria;p__Bacteroidota;c__Bacteroidia;o__Chitinophagales;f__Chitinophagaceae;g__Hanamia;s__Hanamia glebica	d__Bacteria;p__Bacteroidota;c__Bacteroidia;o__Chitinophagales;f__Chitinophagaceae;g__Incertae Sedis;s__uncultured soil bacterium	99.2	MFD10113	Denmark	10.53657601	56.22162665	Soil	Grassland formations	Species-rich Nardus upland grassland
MFD05705.bin.c.4	N	NA	aridus	N.L.	masch.	NA	A species found in sand	Hemerobacter in GTDB	sp. nov.	GTDB marker genes and 16S rRNA	GCA_963699285.1	Oxford Nanopore PromethION	mmlong2	2648196	1	55.63158	64.04	97.58	0.05	1	23	d__Bacteria;p__Eremiobacterota;c__Eremiobacteria;o__Baltobacterales;f__Baltobacteraceae;g__Hemerobacter;s__Unclassified	d__Bacteria;p__Eremiobacterota;c__Eremiobacteria;o__Baltobacterales;f__Baltobacteraceae;g__Hemerobacter;s__Hemerobacter aridus	d__Bacteria;p__Candidatus Eremiobacterota;c__Eremiobacteria;o__Incertae Sedis;f__Incertae Sedis;g__Incertae Sedis;s__uncultured bacterium	96.3	MFD05705	Denmark	8.2063	55.7153	Soil	Dunes	Humid dune slacks
MFD02923.bin.1.131	N	NA	humica	N.L.	fem.	NA	A species found in soil	Humimonas in GTDB	sp. nov.	GTDB marker genes and 16S rRNA	GCA_963783385.1	Oxford Nanopore PromethION	mmlong2	3543605	9	32.28242	71.24	92.04	0.01	1	23	d__Bacteria;p__Gemmatimonadota;c__Gemmatimonadetes;o__Palauibacterales;f__Palauibacteraceae;g__Humimonas;s__Unclassified	d__Bacteria;p__Gemmatimonadota;c__Gemmatimonadetes;o__Palauibacterales;f__Palauibacteraceae;g__Humimonas;s__Humimonas humica	d__Bacteria;p__Gemmatimonadota;c__PAUC43f marine benthic group;o__Incertae Sedis;f__Incertae Sedis;g__Incertae Sedis;s__uncultured bacterium	94.8	MFD02923	Denmark	8.8343	56.765	Soil	Coastal	Atlantic salt meadows
MFD02134.bin.1.217	N	NA	scandium	N.L.	neut.	NA	A species from Scandinavia	Hyphomicrobium_A in GTDB	Formerly ''uncultured bacterium'' in Silva 138.2	GTDB marker genes and 16S rRNA	GCA_963726795.1	Oxford Nanopore PromethION	mmlong2	3742780	8	17.376493	64.05	94.64	4.22	1	22	d__Bacteria;p__Pseudomonadota;c__Alphaproteobacteria;o__Rhizobiales;f__Hyphomicrobiaceae;g__Hyphomicrobium_A;s__Unclassified	d__Bacteria;p__Pseudomonadota;c__Alphaproteobacteria;o__Rhizobiales;f__Hyphomicrobiaceae;g__Hyphomicrobium_A;s__Hyphomicrobium_A scandium	d__Bacteria;p__Pseudomonadota;c__Alphaproteobacteria;o__Hyphomicrobiales;f__Hyphomicrobiaceae;g__Hyphomicrobium;s__uncultured bacterium	99.3	MFD02134	Denmark	9.5887	56.0562	Soil	"Bogs, mires and fens"	Wet thicket  (non-habitat type)
MFD02416.bin.1.147	N	NA	litorale	N.L.	neut.	NA	A species found in the coast	Hyphomicrobium_A in GTDB	Formerly ''uncultured bacterium'' in Silva 138.2	GTDB marker genes and 16S rRNA	GCA_963782555.1	Oxford Nanopore PromethION	mmlong2	4222705	7	17.544691	64.48	98.42	1.14	1	22	d__Bacteria;p__Pseudomonadota;c__Alphaproteobacteria;o__Rhizobiales;f__Hyphomicrobiaceae;g__Hyphomicrobium_A;s__Unclassified	d__Bacteria;p__Pseudomonadota;c__Alphaproteobacteria;o__Rhizobiales;f__Hyphomicrobiaceae;g__Hyphomicrobium_A;s__Hyphomicrobium_A litorale	d__Bacteria;p__Pseudomonadota;c__Alphaproteobacteria;o__Hyphomicrobiales;f__Hyphomicrobiaceae;g__Incertae Sedis;s__uncultured bacterium	99.4	MFD02416	Denmark	9.5553	56.8577	Soil	Coastal	Inland salt meadows
MFD02416.bin.1.267	N	NA	oricum	N.L.	neut.	NA	A species found in the coast	Hyphomicrobium_A in GTDB	Formerly ''uncultured bacterium'' in Silva 138.2	GTDB marker genes and 16S rRNA	GCA_963728165.1	Oxford Nanopore PromethION	mmlong2	3946599	9	21.335629	65.64	97.29	1.77	1	22	d__Bacteria;p__Pseudomonadota;c__Alphaproteobacteria;o__Rhizobiales;f__Hyphomicrobiaceae;g__Hyphomicrobium_A;s__Unclassified	d__Bacteria;p__Pseudomonadota;c__Alphaproteobacteria;o__Rhizobiales;f__Hyphomicrobiaceae;g__Hyphomicrobium_A;s__Hyphomicrobium_A oricum	d__Bacteria;p__Pseudomonadota;c__Alphaproteobacteria;o__Hyphomicrobiales;f__Hyphomicrobiaceae;g__Incertae Sedis;s__uncultured bacterium	99	MFD02416	Denmark	9.5553	56.8577	Soil	Coastal	Inland salt meadows
MFD05502.bin.1.154	N	NA	propinquum	N.L.	neut.	NA	A species related to but distinct from the existing species	Hyphomicrobium_A in GTDB	sp. nov.	GTDB marker genes and 16S rRNA	GCA_963724945.1	Oxford Nanopore PromethION	mmlong2	3668459	4	25.93813	65.47	94.98	2.24	1	22	d__Bacteria;p__Pseudomonadota;c__Alphaproteobacteria;o__Rhizobiales;f__Hyphomicrobiaceae;g__Hyphomicrobium_A;s__Unclassified	d__Bacteria;p__Pseudomonadota;c__Alphaproteobacteria;o__Rhizobiales;f__Hyphomicrobiaceae;g__Hyphomicrobium_A;s__Hyphomicrobium_A propinquum	d__Bacteria;p__Pseudomonadota;c__Alphaproteobacteria;o__Hyphomicrobiales;f__Hyphomicrobiaceae;g__Hyphomicrobium;s__uncultured Hyphomicrobiaceae bacterium	98.4	MFD05502	Denmark	10.3164	55.77	Soil	Temperate heath and scrub	Wet heath
MFD02840.bin.c.1	N	NA	litorale	N.L.	neut.	NA	A species found in the coast	Longimicrobium in GTDB	sp. nov.	GTDB marker genes and 16S rRNA	GCA_963701155.1	Oxford Nanopore PromethION	mmlong2	5811497	1	39.05653	71.3	95.3	1.9	5	22	d__Bacteria;p__Gemmatimonadota;c__Gemmatimonadetes;o__Longimicrobiales;f__Longimicrobiaceae;g__Longimicrobium;s__Unclassified	d__Bacteria;p__Gemmatimonadota;c__Gemmatimonadetes;o__Longimicrobiales;f__Longimicrobiaceae;g__Longimicrobium;s__Longimicrobium litorale	d__Bacteria;p__Gemmatimonadota;c__Longimicrobiia;o__Longimicrobiales;f__Longimicrobiaceae;g__Incertae Sedis;s__uncultured bacterium	96.5	MFD02840	Denmark	14.7807	55.0595	Soil	Coastal	Sea cliffs and shingle or stony beaches
MFD01231.bin.c.3	N	NA	affinis	N.L.	fem.	NA	A species related to but distinct from the existing species	Methylovirgula in GTDB	Formerly ''uncultured Alphaproteobacteria bacterium'' in Silva 138.2	GTDB marker genes and 16S rRNA	GCA_963704315.1	Oxford Nanopore PromethION	mmlong2	3380409	1	284.06323	60.46	99.35	0.26	1	21	d__Bacteria;p__Pseudomonadota;c__Alphaproteobacteria;o__Rhizobiales;f__Beijerinckiaceae;g__Methylovirgula;s__Unclassified	d__Bacteria;p__Pseudomonadota;c__Alphaproteobacteria;o__Rhizobiales;f__Beijerinckiaceae;g__Methylovirgula;s__Methylovirgula affinis	d__Bacteria;p__Pseudomonadota;c__Alphaproteobacteria;o__Hyphomicrobiales;f__Beijerinckiaceae;g__Methylovirgula;s__uncultured Alphaproteobacteria bacterium	99.6	MFD01231	Denmark	9.410917085	54.97351103	Sediment	Freshwater	"Lake, Dystrophic"
MFD02472.bin.1.50	N	NA	similis	N.L.	fem.	NA	A species related to but distinct from the existing species	Methylovirgula in GTDB	Formerly ''uncultured bacterium'' in Silva 138.2	GTDB marker genes and 16S rRNA	GCA_963782195.1	Oxford Nanopore PromethION	mmlong2	3119902	6	23.95824	60.24	98.98	1.28	1	23	d__Bacteria;p__Pseudomonadota;c__Alphaproteobacteria;o__Rhizobiales;f__Beijerinckiaceae;g__Methylovirgula;s__Unclassified	d__Bacteria;p__Pseudomonadota;c__Alphaproteobacteria;o__Rhizobiales;f__Beijerinckiaceae;g__Methylovirgula;s__Methylovirgula similis	d__Bacteria;p__Pseudomonadota;c__Alphaproteobacteria;o__Hyphomicrobiales;f__Beijerinckiaceae;g__Methylovirgula;s__uncultured bacterium	99.1	MFD02472	Denmark	10.2692	56.8232	Soil	Temperate heath and scrub	Wet heath
MFD03399.bin.1.164	N	NA	nordica	N.L.	fem.	NA	A species from the Nordic region	Methylovirgula in GTDB	sp. nov.	GTDB marker genes and 16S rRNA	GCA_963759985.1	Oxford Nanopore PromethION	mmlong2	3109078	5	15.45464	61.04	92.82	1.35	1	22	d__Bacteria;p__Pseudomonadota;c__Alphaproteobacteria;o__Rhizobiales;f__Beijerinckiaceae;g__Methylovirgula;s__Unclassified	d__Bacteria;p__Pseudomonadota;c__Alphaproteobacteria;o__Rhizobiales;f__Beijerinckiaceae;g__Methylovirgula;s__Methylovirgula nordica	d__Bacteria;p__Pseudomonadota;c__Alphaproteobacteria;o__Hyphomicrobiales;f__Beijerinckiaceae;g__Incertae Sedis;s__uncultured bacterium	97.5	MFD03399	Denmark	9.77493	57.18586	Soil	Grassland formations	Species-rich Nardus upland grassland
MFD03399.bin.c.4	N	NA	glebica	N.L.	fem.	NA	A species found in soil	Methylovirgula in GTDB	sp. nov.	GTDB marker genes and 16S rRNA	GCA_963697785.1	Oxford Nanopore PromethION	mmlong2	2743348	1	26.93514	61.81	98.98	0.03	1	22	d__Bacteria;p__Pseudomonadota;c__Alphaproteobacteria;o__Rhizobiales;f__Beijerinckiaceae;g__Methylovirgula;s__Unclassified	d__Bacteria;p__Pseudomonadota;c__Alphaproteobacteria;o__Rhizobiales;f__Beijerinckiaceae;g__Methylovirgula;s__Methylovirgula glebica	d__Bacteria;p__Pseudomonadota;c__Alphaproteobacteria;o__Hyphomicrobiales;f__Beijerinckiaceae;g__Methylovirgula;s__Methylovirgula ligni	97.6	MFD03399	Denmark	9.77493	57.18586	Soil	Grassland formations	Species-rich Nardus upland grassland
MFD04492.bin.c.2	N	NA	lacustris	N.L.	fem.	NA	A species found in a lake	Methylovirgula in GTDB	sp. nov.	GTDB marker genes and 16S rRNA	GCA_963720425.1	Oxford Nanopore PromethION	mmlong2	3227742	1	67.10753	60.92	97.88	0.1	1	22	d__Bacteria;p__Pseudomonadota;c__Alphaproteobacteria;o__Rhizobiales;f__Beijerinckiaceae;g__Methylovirgula;s__Unclassified	d__Bacteria;p__Pseudomonadota;c__Alphaproteobacteria;o__Rhizobiales;f__Beijerinckiaceae;g__Methylovirgula;s__Methylovirgula lacustris	d__Bacteria;p__Pseudomonadota;c__Alphaproteobacteria;o__Hyphomicrobiales;f__Beijerinckiaceae;g__Incertae Sedis;s__uncultured bacterium	97.3	MFD04492	Denmark	9.699910829	56.05543277	Sediment	Freshwater	"Lake, Dystrophic"
MFD04492.bin.c.3	N	NA	europaea	N.L.	fem.	NA	A species from Europe	Methylovirgula in GTDB	Formerly ''uncultured bacterium'' in Silva 138.2	GTDB marker genes and 16S rRNA	GCA_963704745.1	Oxford Nanopore PromethION	mmlong2	3150729	1	105.3916	61.83	99.98	0.06	1	22	d__Bacteria;p__Pseudomonadota;c__Alphaproteobacteria;o__Rhizobiales;f__Beijerinckiaceae;g__Methylovirgula;s__Unclassified	d__Bacteria;p__Pseudomonadota;c__Alphaproteobacteria;o__Rhizobiales;f__Beijerinckiaceae;g__Methylovirgula;s__Methylovirgula europaea	d__Bacteria;p__Pseudomonadota;c__Alphaproteobacteria;o__Hyphomicrobiales;f__Beijerinckiaceae;g__Methylovirgula;s__uncultured bacterium	98.7	MFD04492	Denmark	9.699910829	56.05543277	Sediment	Freshwater	"Lake, Dystrophic"
MFD05512.bin.1.212	N	NA	humica	N.L.	fem.	NA	A species found in soil	Methylovirgula in GTDB	sp. nov.	GTDB marker genes and 16S rRNA	GCA_963806675.1	Oxford Nanopore PromethION	mmlong2	2599897	3	37.30769	62.62	93.43	0.2	1	22	d__Bacteria;p__Pseudomonadota;c__Alphaproteobacteria;o__Rhizobiales;f__Beijerinckiaceae;g__Methylovirgula;s__Unclassified	d__Bacteria;p__Pseudomonadota;c__Alphaproteobacteria;o__Rhizobiales;f__Beijerinckiaceae;g__Methylovirgula;s__Methylovirgula humica	d__Bacteria;p__Pseudomonadota;c__Alphaproteobacteria;o__Hyphomicrobiales;f__Beijerinckiaceae;g__Incertae Sedis;s__uncultured bacterium	97.7	MFD05512	Denmark	12.3921	55.7882	Soil	Forests	Bog woodland
MFD05580.bin.1.53	N	NA	danica	N.L.	fem.	NA	A species from Denmark	Methylovirgula in GTDB	sp. nov.	GTDB marker genes and 16S rRNA	GCA_963809985.1	Oxford Nanopore PromethION	mmlong2	5076791	4	19.48589	60.51	96.9	0.76	1	23	d__Bacteria;p__Pseudomonadota;c__Alphaproteobacteria;o__Rhizobiales;f__Beijerinckiaceae;g__Methylovirgula;s__Unclassified	d__Bacteria;p__Pseudomonadota;c__Alphaproteobacteria;o__Rhizobiales;f__Beijerinckiaceae;g__Methylovirgula;s__Methylovirgula danica	d__Bacteria;p__Pseudomonadota;c__Alphaproteobacteria;o__Hyphomicrobiales;f__Beijerinckiaceae;g__Incertae Sedis;s__uncultured bacterium	97.9	MFD05580	Denmark	9.5148	56.3838	Soil	"Bogs, mires and fens"	Active raised bogs
MFD09222.bin.1.227	N	NA	proxima	N.L.	fem.	NA	A species related to but distinct from the existing species	Methylovirgula in GTDB	sp. nov.	GTDB marker genes and 16S rRNA	GCA_963804285.1	Oxford Nanopore PromethION	mmlong2	3942324	4	34.5164	61.42	98.89	1.58	1	22	d__Bacteria;p__Pseudomonadota;c__Alphaproteobacteria;o__Rhizobiales;f__Beijerinckiaceae;g__Methylovirgula;s__Unclassified	d__Bacteria;p__Pseudomonadota;c__Alphaproteobacteria;o__Rhizobiales;f__Beijerinckiaceae;g__Methylovirgula;s__Methylovirgula proxima	d__Bacteria;p__Pseudomonadota;c__Alphaproteobacteria;o__Hyphomicrobiales;f__Beijerinckiaceae;g__Methylocapsa;s__uncultured bacterium	96.6	MFD09222	Denmark	9.2476	56.2643	Soil	Temperate heath and scrub	Wet heath
MFD01275.bin.c.3	N	NA	arida	N.L.	fem.	NA	A species found in sand	Miltoncostaea in GTDB	Formerly ''uncultured organism'' in Silva 138.2	GTDB marker genes and 16S rRNA	GCA_963703045.1	Oxford Nanopore PromethION	mmlong2	2865460	1	25.472387	74.91	94.5	0.04	1	23	d__Bacteria;p__Actinomycetota;c__Thermoleophilia;o__Miltoncostaeales;f__Miltoncostaeaceae;g__Miltoncostaea;s__Unclassified	d__Bacteria;p__Actinomycetota;c__Thermoleophilia;o__Miltoncostaeales;f__Miltoncostaeaceae;g__Miltoncostaea;s__Miltoncostaea arida	d__Bacteria;p__Actinomycetota;c__Thermoleophilia;o__Gaiellales;f__Incertae Sedis;g__Incertae Sedis;s__uncultured organism	98.8	MFD01275	Denmark	10.8089	56.5332	Soil	Dunes	Marram dunes (white dunes)
MFD05684.bin.1.307	N	NA	orica	N.L.	fem.	NA	A species found in the coast	Miltoncostaea in GTDB	sp. nov.	GTDB marker genes and 16S rRNA	GCA_963771025.1	Oxford Nanopore PromethION	mmlong2	3381548	8	50.30581	72.34	96.4	0.7	1	22	d__Bacteria;p__Actinomycetota;c__Thermoleophilia;o__Miltoncostaeales;f__Miltoncostaeaceae;g__Miltoncostaea;s__Unclassified	d__Bacteria;p__Actinomycetota;c__Thermoleophilia;o__Miltoncostaeales;f__Miltoncostaeaceae;g__Miltoncostaea;s__Miltoncostaea orica	d__Bacteria;p__Actinomycetota;c__Thermoleophilia;o__Gaiellales;f__Incertae Sedis;g__Incertae Sedis;s__uncultured Rubrobacteria bacterium	98.2	MFD05684	Denmark	8.2638	55.5312	Soil	Coastal	Salicornia mud
MFD01275.bin.1.213	N	NA	glebicus	N.L.	masch.	NA	A species found in soil	Nocardioides in GTDB	sp. nov.	GTDB marker genes and 16S rRNA	GCA_963846535.1	Oxford Nanopore PromethION	mmlong2	4282891	8	28.579159	69.92	99.29	1.14	2	22	d__Bacteria;p__Actinomycetota;c__Actinomycetes;o__Propionibacteriales;f__Nocardioidaceae;g__Nocardioides;s__Unclassified	d__Bacteria;p__Actinomycetota;c__Actinomycetes;o__Propionibacteriales;f__Nocardioidaceae;g__Nocardioides;s__Nocardioides glebicus	d__Bacteria;p__Actinomycetota;c__Actinobacteria;o__Propionibacteriales;f__Nocardioidaceae;g__Nocardioides;s__uncultured bacterium	98.2	MFD01275	Denmark	10.8089	56.5332	Soil	Dunes	Marram dunes (white dunes)
MFD01275.bin.1.243	N	NA	nordicus	N.L.	masch.	NA	A species from the Nordic region	Nocardioides in GTDB	Formerly ''uncultured bacterium'' in Silva 138.2	GTDB marker genes and 16S rRNA	GCA_963827195.1	Oxford Nanopore PromethION	mmlong2	4006157	10	28.45931	71.6	99.78	0.05	2	22	d__Bacteria;p__Actinomycetota;c__Actinomycetes;o__Propionibacteriales;f__Nocardioidaceae;g__Nocardioides;s__Unclassified	d__Bacteria;p__Actinomycetota;c__Actinomycetes;o__Propionibacteriales;f__Nocardioidaceae;g__Nocardioides;s__Nocardioides nordicus	d__Bacteria;p__Actinomycetota;c__Actinobacteria;o__Propionibacteriales;f__Nocardioidaceae;g__Nocardioides;s__uncultured bacterium	99	MFD01275	Denmark	10.8089	56.5332	Soil	Dunes	Marram dunes (white dunes)
MFD01275.bin.1.247	N	NA	aridus	N.L.	masch.	NA	A species found in sand	Nocardioides in GTDB	Formerly ''uncultured bacterium'' in Silva 138.2	GTDB marker genes and 16S rRNA	GCA_963795115.1	Oxford Nanopore PromethION	mmlong2	4617922	9	17.561726	69.9	100	0.03	2	22	d__Bacteria;p__Actinomycetota;c__Actinomycetes;o__Propionibacteriales;f__Nocardioidaceae;g__Nocardioides;s__Unclassified	d__Bacteria;p__Actinomycetota;c__Actinomycetes;o__Propionibacteriales;f__Nocardioidaceae;g__Nocardioides;s__Nocardioides aridus	d__Bacteria;p__Actinomycetota;c__Actinobacteria;o__Propionibacteriales;f__Nocardioidaceae;g__Nocardioides;s__uncultured bacterium	98.7	MFD01275	Denmark	10.8089	56.5332	Soil	Dunes	Marram dunes (white dunes)
MFD01275.bin.1.271	N	NA	contiguus	N.L.	masch.	NA	A species related to but distinct from the existing species	Nocardioides in GTDB	Formerly ''uncultured bacterium'' in Silva 138.2	GTDB marker genes and 16S rRNA	GCA_963767955.1	Oxford Nanopore PromethION	mmlong2	3881497	3	48.400707	71.77	99.67	0	1	22	d__Bacteria;p__Actinomycetota;c__Actinomycetes;o__Propionibacteriales;f__Nocardioidaceae;g__Nocardioides;s__Unclassified	d__Bacteria;p__Actinomycetota;c__Actinomycetes;o__Propionibacteriales;f__Nocardioidaceae;g__Nocardioides;s__Nocardioides contiguus	d__Bacteria;p__Actinomycetota;c__Actinobacteria;o__Propionibacteriales;f__Nocardioidaceae;g__Nocardioides;s__uncultured bacterium	98.9	MFD01275	Denmark	10.8089	56.5332	Soil	Dunes	Marram dunes (white dunes)
MFD01275.bin.1.277	N	NA	danicus	N.L.	masch.	NA	A species from Denmark	Nocardioides in GTDB	sp. nov.	GTDB marker genes and 16S rRNA	GCA_963714475.1	Oxford Nanopore PromethION	mmlong2	3813889	8	16.46704	72.68	99.12	0.13	2	21	d__Bacteria;p__Actinomycetota;c__Actinomycetes;o__Propionibacteriales;f__Nocardioidaceae;g__Nocardioides;s__Unclassified	d__Bacteria;p__Actinomycetota;c__Actinomycetes;o__Propionibacteriales;f__Nocardioidaceae;g__Nocardioides;s__Nocardioides danicus	d__Bacteria;p__Actinomycetota;c__Actinobacteria;o__Propionibacteriales;f__Nocardioidaceae;g__Nocardioides;s__uncultured bacterium	96.3	MFD01275	Denmark	10.8089	56.5332	Soil	Dunes	Marram dunes (white dunes)
MFD01275.bin.1.41	N	NA	terreum	N.L.	masch.	NA	A species found in soil	Nocardioides in GTDB	sp. nov.	GTDB marker genes and 16S rRNA	GCA_963850965.1	Oxford Nanopore PromethION	mmlong2	3587497	6	26.603252	70.24	94.46	0.1	1	22	d__Bacteria;p__Actinomycetota;c__Actinomycetes;o__Propionibacteriales;f__Nocardioidaceae;g__Nocardioides;s__Unclassified	d__Bacteria;p__Actinomycetota;c__Actinomycetes;o__Propionibacteriales;f__Nocardioidaceae;g__Nocardioides;s__Nocardioides terreum	d__Bacteria;p__Actinomycetota;c__Actinobacteria;o__Propionibacteriales;f__Nocardioidaceae;g__Nocardioides;s__Nocardioides sp. KAR81	97.4	MFD01275	Denmark	10.8089	56.5332	Soil	Dunes	Marram dunes (white dunes)
MFD01275.bin.1.55	N	NA	vicinus	N.L.	masch.	NA	A species related to but distinct from the existing species	Nocardioides in GTDB	sp. nov.	GTDB marker genes and 16S rRNA	GCA_963795215.1	Oxford Nanopore PromethION	mmlong2	3690889	8	36.834187	72.68	100	1.23	2	22	d__Bacteria;p__Actinomycetota;c__Actinomycetes;o__Propionibacteriales;f__Nocardioidaceae;g__Nocardioides;s__Unclassified	d__Bacteria;p__Actinomycetota;c__Actinomycetes;o__Propionibacteriales;f__Nocardioidaceae;g__Nocardioides;s__Nocardioides vicinus	d__Bacteria;p__Actinomycetota;c__Actinobacteria;o__Propionibacteriales;f__Nocardioidaceae;g__Nocardioides;s__uncultured bacterium	98.5	MFD01275	Denmark	10.8089	56.5332	Soil	Dunes	Marram dunes (white dunes)
MFD01275.bin.1.92	N	NA	adiacens	N.L.	masch.	NA	A species related to but distinct from the existing species	Nocardioides in GTDB	Formerly ''Nocardioides sp. MGS4-5'' in Silva 138.2	GTDB marker genes and 16S rRNA	GCA_963754025.1	Oxford Nanopore PromethION	mmlong2	3060741	5	11.855539	72.12	92.87	1.93	2	21	d__Bacteria;p__Actinomycetota;c__Actinomycetes;o__Propionibacteriales;f__Nocardioidaceae;g__Nocardioides;s__Unclassified	d__Bacteria;p__Actinomycetota;c__Actinomycetes;o__Propionibacteriales;f__Nocardioidaceae;g__Nocardioides;s__Nocardioides adiacens	d__Bacteria;p__Actinomycetota;c__Actinobacteria;o__Propionibacteriales;f__Nocardioidaceae;g__Nocardioides;s__Nocardioides sp. MGS4-5	99.3	MFD01275	Denmark	10.8089	56.5332	Soil	Dunes	Marram dunes (white dunes)
MFD02581.bin.1.10	N	NA	oricus	N.L.	masch.	NA	A species found in the coast	Nocardioides in GTDB	sp. nov.	GTDB marker genes and 16S rRNA	GCA_963784545.1	Oxford Nanopore PromethION	mmlong2	3110986	4	31.34142	70.88	99.25	0.02	1	22	d__Bacteria;p__Actinomycetota;c__Actinomycetes;o__Propionibacteriales;f__Nocardioidaceae;g__Nocardioides;s__Unclassified	d__Bacteria;p__Actinomycetota;c__Actinomycetes;o__Propionibacteriales;f__Nocardioidaceae;g__Nocardioides;s__Nocardioides oricus	d__Bacteria;p__Actinomycetota;c__Actinobacteria;o__Propionibacteriales;f__Nocardioidaceae;g__Nocardioides;s__Nocardioides sp.	98.4	MFD02581	Denmark	8.5876	56.7958	Soil	Coastal	Perennial vegetation of stony banks
MFD02581.bin.1.116	N	NA	humicus	N.L.	masch.	NA	A species found in soil	Nocardioides in GTDB	Formerly ''Nocardioides sp. Sco-B19'' in Silva 138.2	GTDB marker genes and 16S rRNA	GCA_963726525.1	Oxford Nanopore PromethION	mmlong2	4199835	9	43.41745	72.74	93.85	0.1	2	21	d__Bacteria;p__Actinomycetota;c__Actinomycetes;o__Propionibacteriales;f__Nocardioidaceae;g__Nocardioides;s__Unclassified	d__Bacteria;p__Actinomycetota;c__Actinomycetes;o__Propionibacteriales;f__Nocardioidaceae;g__Nocardioides;s__Nocardioides humicus	d__Bacteria;p__Actinomycetota;c__Actinobacteria;o__Propionibacteriales;f__Nocardioidaceae;g__Nocardioides;s__Nocardioides sp. Sco-B19	100	MFD02581	Denmark	8.5876	56.7958	Soil	Coastal	Perennial vegetation of stony banks
MFD01188.bin.1.50	N	NA	glebicus	N.L.	masch.	NA	A species found in soil	Occallatibacter in GTDB	Formerly ''uncultured bacterium'' in Silva 138.2	GTDB marker genes and 16S rRNA	GCA_963823805.1	Oxford Nanopore PromethION	mmlong2	4400204	3	111.318405	59.92	100	0.59	1	22	d__Bacteria;p__Acidobacteriota;c__Terriglobia;o__Terriglobales;f__Acidobacteriaceae;g__Occallatibacter;s__Unclassified	d__Bacteria;p__Acidobacteriota;c__Terriglobia;o__Terriglobales;f__Acidobacteriaceae;g__Occallatibacter;s__Occallatibacter glebicus	d__Bacteria;p__Acidobacteriota;c__Acidobacteriae;o__Terriglobales;f__Acidobacteriaceae (Subgroup 1);g__Occallatibacter;s__uncultured bacterium	99.2	MFD01188	Denmark	10.271228	55.123677	Soil	"Bogs, mires and fens"	Quaking bogs
MFD01188.bin.1.51	N	NA	septentrionalis	N.L.	masch.	NA	A species from the north	Occallatibacter in GTDB	Formerly ''uncultured bacterium'' in Silva 138.2	GTDB marker genes and 16S rRNA	GCA_963710875.1	Oxford Nanopore PromethION	mmlong2	4868519	7	40.358284	60.09	97.82	1.07	1	22	d__Bacteria;p__Acidobacteriota;c__Terriglobia;o__Terriglobales;f__Acidobacteriaceae;g__Occallatibacter;s__Unclassified	d__Bacteria;p__Acidobacteriota;c__Terriglobia;o__Terriglobales;f__Acidobacteriaceae;g__Occallatibacter;s__Occallatibacter septentrionalis	d__Bacteria;p__Acidobacteriota;c__Acidobacteriae;o__Terriglobales;f__Acidobacteriaceae (Subgroup 1);g__Occallatibacter;s__uncultured bacterium	98.8	MFD01188	Denmark	10.271228	55.123677	Soil	"Bogs, mires and fens"	Quaking bogs
MFD01223.bin.1.4	N	NA	telluricus	N.L.	masch.	NA	A species found in soil	Occallatibacter in GTDB	sp. nov.	GTDB marker genes and 16S rRNA	GCA_963787995.1	Oxford Nanopore PromethION	mmlong2	5585654	2	36.140984	57.26	100	1.96	1	22	d__Bacteria;p__Acidobacteriota;c__Terriglobia;o__Terriglobales;f__Acidobacteriaceae;g__Occallatibacter;s__Unclassified	d__Bacteria;p__Acidobacteriota;c__Terriglobia;o__Terriglobales;f__Acidobacteriaceae;g__Occallatibacter;s__Occallatibacter telluricus	d__Bacteria;p__Acidobacteriota;c__Acidobacteriae;o__Terriglobales;f__Acidobacteriaceae (Subgroup 1);g__Occallatibacter;s__uncultured Acidobacteria bacterium	98.2	MFD01223	Denmark	9.4106	54.9741	Soil	"Bogs, mires and fens"	Quaking bogs
MFD01231.bin.1.32	N	NA	scandius	N.L.	masch.	NA	A species from Scandinavia	Occallatibacter in GTDB	sp. nov.	GTDB marker genes and 16S rRNA	GCA_963804155.1	Oxford Nanopore PromethION	mmlong2	5028936	7	510.46622	62.56	96.34	1	1	21	d__Bacteria;p__Acidobacteriota;c__Terriglobia;o__Terriglobales;f__Acidobacteriaceae;g__Occallatibacter;s__Unclassified	d__Bacteria;p__Acidobacteriota;c__Terriglobia;o__Terriglobales;f__Acidobacteriaceae;g__Occallatibacter;s__Occallatibacter scandius	d__Bacteria;p__Acidobacteriota;c__Acidobacteriae;o__Terriglobales;f__Acidobacteriaceae (Subgroup 1);g__Occallatibacter;s__uncultured bacterium	98.2	MFD01231	Denmark	9.410917085	54.97351103	Sediment	Freshwater	"Lake, Dystrophic"
MFD01231.bin.1.95	N	NA	lacustris	N.L.	masch.	NA	A species found in a lake	Occallatibacter in GTDB	sp. nov.	GTDB marker genes and 16S rRNA	GCA_963806565.1	Oxford Nanopore PromethION	mmlong2	3326711	6	81.85379	58.63	100	1.42	1	22	d__Bacteria;p__Acidobacteriota;c__Terriglobia;o__Terriglobales;f__Acidobacteriaceae;g__Occallatibacter;s__Unclassified	d__Bacteria;p__Acidobacteriota;c__Terriglobia;o__Terriglobales;f__Acidobacteriaceae;g__Occallatibacter;s__Occallatibacter lacustris	d__Bacteria;p__Acidobacteriota;c__Acidobacteriae;o__Terriglobales;f__Acidobacteriaceae (Subgroup 1);g__Occallatibacter;s__uncultured bacterium	98.5	MFD01231	Denmark	9.410917085	54.97351103	Sediment	Freshwater	"Lake, Dystrophic"
MFD01633.bin.1.213	N	NA	propinquus	N.L.	masch.	NA	A species related to but distinct from the existing species	Occallatibacter in GTDB	Formerly ''uncultured Acidobacteria bacterium'' in Silva 138.2	GTDB marker genes and 16S rRNA	GCA_963839215.1	Oxford Nanopore PromethION	mmlong2	4123173	10	12.823748	59.8	96.91	0	1	21	d__Bacteria;p__Acidobacteriota;c__Terriglobia;o__Terriglobales;f__Acidobacteriaceae;g__Occallatibacter;s__Unclassified	d__Bacteria;p__Acidobacteriota;c__Terriglobia;o__Terriglobales;f__Acidobacteriaceae;g__Occallatibacter;s__Occallatibacter propinquus	d__Bacteria;p__Acidobacteriota;c__Acidobacteriae;o__Terriglobales;f__Acidobacteriaceae (Subgroup 1);g__Occallatibacter;s__uncultured Acidobacteria bacterium	99	MFD01633	Denmark	10.4749	57.6666	Soil	Dunes	Wooded dunes
MFD01716.bin.1.135	N	NA	terreum	N.L.	masch.	NA	A species found in soil	Occallatibacter in GTDB	Formerly ''uncultured Acidobacteria bacterium'' in Silva 138.2	GTDB marker genes and 16S rRNA	GCA_963829535.1	Oxford Nanopore PromethION	mmlong2	6141467	9	80.28286	57.72	99.33	1.13	2	22	d__Bacteria;p__Acidobacteriota;c__Terriglobia;o__Terriglobales;f__Acidobacteriaceae;g__Occallatibacter;s__Unclassified	d__Bacteria;p__Acidobacteriota;c__Terriglobia;o__Terriglobales;f__Acidobacteriaceae;g__Occallatibacter;s__Occallatibacter terreum	d__Bacteria;p__Acidobacteriota;c__Acidobacteriae;o__Terriglobales;f__Acidobacteriaceae (Subgroup 1);g__Occallatibacter;s__uncultured Acidobacteria bacterium	99.4	MFD01716	Denmark	8.9253	56.4939	Soil	Temperate heath and scrub	Wet heath
MFD01716.bin.1.17	N	NA	vicinus	N.L.	masch.	NA	A species related to but distinct from the existing species	Occallatibacter in GTDB	Formerly ''uncultured Acidobacteria bacterium'' in Silva 138.2	GTDB marker genes and 16S rRNA	GCA_963742455.1	Oxford Nanopore PromethION	mmlong2	5526821	10	142.7884	57.17	100	0.55	1	20	d__Bacteria;p__Acidobacteriota;c__Terriglobia;o__Terriglobales;f__Acidobacteriaceae;g__Occallatibacter;s__Unclassified	d__Bacteria;p__Acidobacteriota;c__Terriglobia;o__Terriglobales;f__Acidobacteriaceae;g__Occallatibacter;s__Occallatibacter vicinus	d__Bacteria;p__Acidobacteriota;c__Acidobacteriae;o__Terriglobales;f__Acidobacteriaceae (Subgroup 1);g__Occallatibacter;s__uncultured Acidobacteria bacterium	99.2	MFD01716	Denmark	8.9253	56.4939	Soil	Temperate heath and scrub	Wet heath
MFD01716.bin.1.225	N	NA	proximus	N.L.	masch.	NA	A species related to but distinct from the existing species	Occallatibacter in GTDB	Formerly ''uncultured bacterium'' in Silva 138.2	GTDB marker genes and 16S rRNA	GCA_963783065.1	Oxford Nanopore PromethION	mmlong2	5211925	7	25.924953	60.11	90	0.71	1	22	d__Bacteria;p__Acidobacteriota;c__Terriglobia;o__Terriglobales;f__Acidobacteriaceae;g__Occallatibacter;s__Unclassified	d__Bacteria;p__Acidobacteriota;c__Terriglobia;o__Terriglobales;f__Acidobacteriaceae;g__Occallatibacter;s__Occallatibacter proximus	d__Bacteria;p__Acidobacteriota;c__Acidobacteriae;o__Terriglobales;f__Acidobacteriaceae (Subgroup 1);g__Occallatibacter;s__uncultured bacterium	98.9	MFD01716	Denmark	8.9253	56.4939	Soil	Temperate heath and scrub	Wet heath
MFD01716.bin.1.232	N	NA	contiguus	N.L.	masch.	NA	A species related to but distinct from the existing species	Occallatibacter in GTDB	Formerly ''uncultured Acidobacteria bacterium'' in Silva 138.2	GTDB marker genes and 16S rRNA	GCA_963800145.1	Oxford Nanopore PromethION	mmlong2	5796042	8	30.199203	58.06	94.4	1.32	1	22	d__Bacteria;p__Acidobacteriota;c__Terriglobia;o__Terriglobales;f__Acidobacteriaceae;g__Occallatibacter;s__Unclassified	d__Bacteria;p__Acidobacteriota;c__Terriglobia;o__Terriglobales;f__Acidobacteriaceae;g__Occallatibacter;s__Occallatibacter contiguus	d__Bacteria;p__Acidobacteriota;c__Acidobacteriae;o__Terriglobales;f__Acidobacteriaceae (Subgroup 1);g__Occallatibacter;s__uncultured Acidobacteria bacterium	99.4	MFD01716	Denmark	8.9253	56.4939	Soil	Temperate heath and scrub	Wet heath
MFD02581.bin.1.196	N	NA	litoralis	N.L.	fem.	NA	A species found in the coast	Parafilimonas in GTDB	sp. nov.	GTDB marker genes and 16S rRNA	GCA_963830175.1	Oxford Nanopore PromethION	mmlong2	3291915	9	16.90626	38.6	98.43	2.07	1	22	d__Bacteria;p__Bacteroidota;c__Bacteroidia;o__Chitinophagales;f__Chitinophagaceae;g__Parafilimonas;s__Unclassified	d__Bacteria;p__Bacteroidota;c__Bacteroidia;o__Chitinophagales;f__Chitinophagaceae;g__Parafilimonas;s__Parafilimonas litoralis	d__Bacteria;p__Bacteroidota;c__Bacteroidia;o__Chitinophagales;f__Chitinophagaceae;g__Parafilimonas;s__uncultured Sphingobacteriales bacterium	93.2	MFD02581	Denmark	8.5876	56.7958	Soil	Coastal	Perennial vegetation of stony banks
MFD04944.bin.1.282	N	NA	terrestre	N.L.	neut.	NA	A species found in soil	Planosporangium in GTDB	Formerly ''uncultured bacterium'' in Silva 138.2	GTDB marker genes and 16S rRNA	GCA_963837285.1	Oxford Nanopore PromethION	mmlong2	9969178	8	21.32875	70.52	94.79	2.78	2	23	d__Bacteria;p__Actinomycetota;c__Actinomycetes;o__Mycobacteriales;f__Micromonosporaceae;g__Planosporangium;s__Unclassified	d__Bacteria;p__Actinomycetota;c__Actinomycetes;o__Mycobacteriales;f__Micromonosporaceae;g__Planosporangium;s__Planosporangium terrestre	d__Bacteria;p__Actinomycetota;c__Actinobacteria;o__Micromonosporales;f__Micromonosporaceae;g__Incertae Sedis;s__uncultured bacterium	99.4	MFD04944	Denmark	10.5752	54.9596	Soil	Grassland formations	Species-rich Nardus upland grassland
MFD09730.bin.1.55	N	NA	affinis	N.L.	fem.	NA	A species related to but distinct from the existing species	Propionicimonas in GTDB	Formerly ''actinobacterium VeSm15'' in Silva 138.2	GTDB marker genes and 16S rRNA	GCA_963848845.1	Oxford Nanopore PromethION	mmlong2	3786400	9	16.69133	68.51	94.55	2.91	1	21	d__Bacteria;p__Actinomycetota;c__Actinomycetes;o__Propionibacteriales;f__Propionibacteriaceae;g__Propionicimonas;s__Unclassified	d__Bacteria;p__Actinomycetota;c__Actinomycetes;o__Propionibacteriales;f__Propionibacteriaceae;g__Propionicimonas;s__Propionicimonas affinis	d__Bacteria;p__Actinomycetota;c__Actinobacteria;o__Propionibacteriales;f__Propionibacteriaceae;g__Incertae Sedis;s__actinobacterium VeSm15	99	MFD09730	Denmark	12.0297	55.5412	Sediment	Freshwater	"Rainwater basin, Dried"
MFD03551.bin.1.155	N	NA	nordica	N.L.	fem.	NA	A species from the Nordic region	Pukyongia in GTDB	sp. nov.	GTDB marker genes and 16S rRNA	GCA_963768085.1	Oxford Nanopore PromethION	mmlong2	3313917	5	21.56869	41.6	99.78	0.13	2	22	d__Bacteria;p__Bacteroidota;c__Bacteroidia;o__Flavobacteriales;f__Flavobacteriaceae;g__Pukyongia;s__Unclassified	d__Bacteria;p__Bacteroidota;c__Bacteroidia;o__Flavobacteriales;f__Flavobacteriaceae;g__Pukyongia;s__Pukyongia nordica	d__Bacteria;p__Bacteroidota;c__Bacteroidia;o__Flavobacteriales;f__Flavobacteriaceae;g__Incertae Sedis;s__Aureitalea sp. RR4-38	97.8	MFD03551	Denmark	10.4258	57.579	Sediment	Saltwater	Open sea and tidal areas
MFD02134.bin.1.179	N	NA	nordica	N.L.	fem.	NA	A species from the Nordic region	Rhabdothermincola in GTDB	Formerly ''uncultured bacterium'' in Silva 138.2	GTDB marker genes and 16S rRNA	GCA_963778895.1	Oxford Nanopore PromethION	mmlong2	4508169	9	32.94976	67.27	94.26	1.47	1	22	d__Bacteria;p__Actinomycetota;c__Acidimicrobiia;o__Acidimicrobiales;f__UBA8139;g__Rhabdothermincola;s__Unclassified	d__Bacteria;p__Actinomycetota;c__Acidimicrobiia;o__Acidimicrobiales;f__UBA8139;g__Rhabdothermincola;s__Rhabdothermincola nordica	d__Bacteria;p__Actinomycetota;c__Acidimicrobiia;o__Microtrichales;f__Incertae Sedis;g__Incertae Sedis;s__uncultured bacterium	99.2	MFD02134	Denmark	9.5887	56.0562	Soil	"Bogs, mires and fens"	Wet thicket  (non-habitat type)
MFD01872.bin.1.174	N	NA	humicum	N.L.	neut.	NA	A species found in soil	Rhizomicrobium in GTDB	sp. nov.	GTDB marker genes and 16S rRNA	GCA_963741735.1	Oxford Nanopore PromethION	mmlong2	4036215	5	36.130928	64.03	97.39	0.09	1	22	d__Bacteria;p__Pseudomonadota;c__Alphaproteobacteria;o__Micropepsales;f__Micropepsaceae;g__Rhizomicrobium;s__Unclassified	d__Bacteria;p__Pseudomonadota;c__Alphaproteobacteria;o__Micropepsales;f__Micropepsaceae;g__Rhizomicrobium;s__Rhizomicrobium humicum	d__Bacteria;p__Pseudomonadota;c__Alphaproteobacteria;o__Micropepsales;f__Micropepsaceae;g__Incertae Sedis;s__uncultured Alphaproteobacteria bacterium	97.6	MFD01872	Denmark	8.4984	55.6264	Soil	"Bogs, mires and fens"	Alkaline fens
MFD02416.bin.1.116	N	NA	terrestre	N.L.	neut.	NA	A species found in soil	Rhizomicrobium in GTDB	sp. nov.	GTDB marker genes and 16S rRNA	GCA_963789595.1	Oxford Nanopore PromethION	mmlong2	3679204	3	86.26254	62.18	99.76	0.05	1	22	d__Bacteria;p__Pseudomonadota;c__Alphaproteobacteria;o__Micropepsales;f__Micropepsaceae;g__Rhizomicrobium;s__Unclassified	d__Bacteria;p__Pseudomonadota;c__Alphaproteobacteria;o__Micropepsales;f__Micropepsaceae;g__Rhizomicrobium;s__Rhizomicrobium terrestre	d__Bacteria;p__Pseudomonadota;c__Alphaproteobacteria;o__Micropepsales;f__Micropepsaceae;g__Incertae Sedis;s__uncultured Alphaproteobacteria bacterium	97.9	MFD02416	Denmark	9.5553	56.8577	Soil	Coastal	Inland salt meadows
MFD03726.bin.1.54	N	NA	affine	N.L.	neut.	NA	A species related to but distinct from the existing species	Rhizomicrobium in GTDB	sp. nov.	GTDB marker genes and 16S rRNA	GCA_963805005.1	Oxford Nanopore PromethION	mmlong2	4418429	4	48.97319	61.83	100	0.47	1	23	d__Bacteria;p__Pseudomonadota;c__Alphaproteobacteria;o__Micropepsales;f__Micropepsaceae;g__Rhizomicrobium;s__Unclassified	d__Bacteria;p__Pseudomonadota;c__Alphaproteobacteria;o__Micropepsales;f__Micropepsaceae;g__Rhizomicrobium;s__Rhizomicrobium affine	d__Bacteria;p__Pseudomonadota;c__Alphaproteobacteria;o__Micropepsales;f__Micropepsaceae;g__Incertae Sedis;s__uncultured bacterium	96.7	MFD03726	Denmark	9.3209	55.2451	Sediment	Freshwater	Enclosed water
MFD09495.bin.1.14	N	NA	glebica	N.L.	fem.	NA	A species found in soil	Rhodopila in GTDB	sp. nov.	GTDB marker genes and 16S rRNA	GCA_963797305.1	Oxford Nanopore PromethION	mmlong2	6377330	3	40.78055	65.35	97.86	1.51	2	23	d__Bacteria;p__Pseudomonadota;c__Alphaproteobacteria;o__Acetobacterales;f__Acetobacteraceae;g__Rhodopila;s__Unclassified	d__Bacteria;p__Pseudomonadota;c__Alphaproteobacteria;o__Acetobacterales;f__Acetobacteraceae;g__Rhodopila;s__Rhodopila glebica	d__Bacteria;p__Pseudomonadota;c__Alphaproteobacteria;o__Acetobacterales;f__Acetobacteraceae;g__Incertae Sedis;s__uncultured bacterium	97.6	MFD09495	Denmark	15.0805	54.9907	Soil	Dunes	Dunes creeping willow
MFD03250.bin.1.55	N	NA	aquidulcis	N.L.	fem.	NA	A species found in freshwater	Rhodopirellula in GTDB	sp. nov.	GTDB marker genes and 16S rRNA	GCA_963833245.1	Oxford Nanopore PromethION	mmlong2	6679112	10	38.8083	60.41	95.29	1.94	1	22	d__Bacteria;p__Planctomycetota;c__Planctomycetia;o__Pirellulales;f__Pirellulaceae;g__Rhodopirellula;s__Unclassified	d__Bacteria;p__Planctomycetota;c__Planctomycetia;o__Pirellulales;f__Pirellulaceae;g__Rhodopirellula;s__Rhodopirellula aquidulcis	d__Bacteria;p__Planctomycetota;c__Planctomycetes;o__Pirellulales;f__Pirellulaceae;g__Rhodopirellula;s__Rhodopirellula sp. CS15	93.3	MFD03250	Denmark	11.0731	55.677	Water	Saltwater	Harbours
MFD05684.bin.1.178	N	NA	oricus	N.L.	masch.	NA	A species found in the coast	Salsipaludibacter in GTDB	sp. nov.	GTDB marker genes and 16S rRNA	GCA_963735045.1	Oxford Nanopore PromethION	mmlong2	3622527	3	28.03566	72.11	94.72	0.27	1	23	d__Bacteria;p__Actinomycetota;c__Nitriliruptoria;o__Nitriliruptorales;f__Nitriliruptoraceae;g__Salsipaludibacter;s__Unclassified	d__Bacteria;p__Actinomycetota;c__Nitriliruptoria;o__Nitriliruptorales;f__Nitriliruptoraceae;g__Salsipaludibacter;s__Salsipaludibacter oricus	d__Bacteria;p__Actinomycetota;c__Actinobacteria;o__Nitriliruptorales;f__Nitriliruptoraceae;g__Incertae Sedis;s__uncultured bacterium	94.6	MFD05684	Denmark	8.2638	55.5312	Soil	Coastal	Salicornia mud
MFD01721.bin.1.313	N	NA	humicus	N.L.	masch.	NA	A species found in soil	Sphingorhabdus_C in GTDB	Formerly ''uncultured bacterium'' in Silva 138.2	GTDB marker genes and 16S rRNA	GCA_963800335.1	Oxford Nanopore PromethION	mmlong2	2392463	7	32.84688	64.77	92.48	0.1	1	22	d__Bacteria;p__Pseudomonadota;c__Alphaproteobacteria;o__Sphingomonadales;f__Sphingomonadaceae;g__Sphingorhabdus_C;s__Unclassified	d__Bacteria;p__Pseudomonadota;c__Alphaproteobacteria;o__Sphingomonadales;f__Sphingomonadaceae;g__Sphingorhabdus_C;s__Sphingorhabdus_C humicus	d__Bacteria;p__Pseudomonadota;c__Alphaproteobacteria;o__Sphingomonadales;f__Sphingomonadaceae;g__Incertae Sedis;s__uncultured bacterium	99.9	MFD01721	Denmark	10.5019	55.4485	Soil	Coastal	Salicornia mud
MFD01872.bin.1.109	N	NA	telluricum	N.L.	neut.	NA	A species found in soil	Sulfobium in GTDB	Formerly ''uncultured bacterium'' in Silva 138.2	GTDB marker genes and 16S rRNA	GCA_963811165.1	Oxford Nanopore PromethION	mmlong2	3657726	10	20.023655	50.9	95.44	1.7	2	23	d__Bacteria;p__Nitrospirota;c__Thermodesulfovibrionia;o__Thermodesulfovibrionales;f__UBA6898;g__Sulfobium;s__Unclassified	d__Bacteria;p__Nitrospirota;c__Thermodesulfovibrionia;o__Thermodesulfovibrionales;f__UBA6898;g__Sulfobium;s__Sulfobium telluricum	d__Bacteria;p__Nitrospirota;c__Thermodesulfovibrionia;o__Incertae Sedis;f__Incertae Sedis;g__Incertae Sedis;s__uncultured bacterium	99.7	MFD01872	Denmark	8.4984	55.6264	Soil	"Bogs, mires and fens"	Alkaline fens
MFD00008.bin.1.10	N	NA	nordicus	N.L.	masch.	NA	A species from the Nordic region	Sulfotelmatobacter in GTDB	Formerly ''uncultured bacterium'' in Silva 138.2	GTDB marker genes and 16S rRNA	GCA_963765825.1	Oxford Nanopore PromethION	mmlong2	5436982	8	36.512287	57.66	100	1.28	1	23	d__Bacteria;p__Acidobacteriota;c__Terriglobia;o__Terriglobales;f__SbA1;g__Sulfotelmatobacter;s__Unclassified	d__Bacteria;p__Acidobacteriota;c__Terriglobia;o__Terriglobales;f__SbA1;g__Sulfotelmatobacter;s__Sulfotelmatobacter nordicus	d__Bacteria;p__Acidobacteriota;c__Acidobacteriae;o__Terriglobales;f__Incertae Sedis;g__Incertae Sedis;s__uncultured bacterium	99.2	MFD00008	Denmark	9.3609	55.6058	Soil	Forests	Alluvial woodland
MFD00008.bin.1.117	N	NA	humicus	N.L.	masch.	NA	A species found in soil	Sulfotelmatobacter in GTDB	sp. nov.	GTDB marker genes and 16S rRNA	GCA_963707325.1	Oxford Nanopore PromethION	mmlong2	5783193	4	278.90207	58.79	100	0.35	1	22	d__Bacteria;p__Acidobacteriota;c__Terriglobia;o__Terriglobales;f__SbA1;g__Sulfotelmatobacter;s__Unclassified	d__Bacteria;p__Acidobacteriota;c__Terriglobia;o__Terriglobales;f__SbA1;g__Sulfotelmatobacter;s__Sulfotelmatobacter humicus	d__Bacteria;p__Acidobacteriota;c__Acidobacteriae;o__Terriglobales;f__Incertae Sedis;g__Incertae Sedis;s__uncultured Acidobacteria bacterium	98.3	MFD00008	Denmark	9.3609	55.6058	Soil	Forests	Alluvial woodland
MFD00008.bin.1.228	N	NA	vicinus	N.L.	masch.	NA	A species related to but distinct from the existing species	Sulfotelmatobacter in GTDB	sp. nov.	GTDB marker genes and 16S rRNA	GCA_963702775.1	Oxford Nanopore PromethION	mmlong2	5175814	9	22.69954	57.74	93.09	0.66	1	23	d__Bacteria;p__Acidobacteriota;c__Terriglobia;o__Terriglobales;f__SbA1;g__Sulfotelmatobacter;s__Unclassified	d__Bacteria;p__Acidobacteriota;c__Terriglobia;o__Terriglobales;f__SbA1;g__Sulfotelmatobacter;s__Sulfotelmatobacter vicinus	d__Bacteria;p__Acidobacteriota;c__Acidobacteriae;o__Terriglobales;f__Incertae Sedis;g__Incertae Sedis;s__uncultured Acidobacteria bacterium	98.4	MFD00008	Denmark	9.3609	55.6058	Soil	Forests	Alluvial woodland
MFD00008.bin.c.2	N	NA	europaeus	N.L.	masch.	NA	A species from Europe	Sulfotelmatobacter in GTDB	sp. nov.	GTDB marker genes and 16S rRNA	GCA_963715875.1	Oxford Nanopore PromethION	mmlong2	5357122	1	29.764587	58.56	99.62	0.5	1	23	d__Bacteria;p__Acidobacteriota;c__Terriglobia;o__Terriglobales;f__SbA1;g__Sulfotelmatobacter;s__Unclassified	d__Bacteria;p__Acidobacteriota;c__Terriglobia;o__Terriglobales;f__SbA1;g__Sulfotelmatobacter;s__Sulfotelmatobacter europaeus	d__Bacteria;p__Acidobacteriota;c__Acidobacteriae;o__Terriglobales;f__Incertae Sedis;g__Incertae Sedis;s__uncultured Acidobacteria bacterium	98.3	MFD00008	Denmark	9.3609	55.6058	Soil	Forests	Alluvial woodland
MFD00082.bin.1.143	N	NA	adiacens	N.L.	masch.	NA	A species related to but distinct from the existing species	Sulfotelmatobacter in GTDB	Formerly ''uncultured Acidobacteria bacterium'' in Silva 138.2	GTDB marker genes and 16S rRNA	GCA_963696285.1	Oxford Nanopore PromethION	mmlong2	5130908	7	106.41473	56.12	99.38	1.39	1	21	d__Bacteria;p__Acidobacteriota;c__Terriglobia;o__Terriglobales;f__SbA1;g__Sulfotelmatobacter;s__Unclassified	d__Bacteria;p__Acidobacteriota;c__Terriglobia;o__Terriglobales;f__SbA1;g__Sulfotelmatobacter;s__Sulfotelmatobacter adiacens	d__Bacteria;p__Acidobacteriota;c__Acidobacteriae;o__Terriglobales;f__Incertae Sedis;g__Incertae Sedis;s__uncultured Acidobacteria bacterium	99.6	MFD00082	Denmark	9.974	56.7952	Soil	"Bogs, mires and fens"	Degraded raised bog
MFD00731.bin.1.142	N	NA	danicus	N.L.	masch.	NA	A species from Denmark	Sulfotelmatobacter in GTDB	Formerly ''uncultured Acidobacteria bacterium'' in Silva 138.2	GTDB marker genes and 16S rRNA	GCA_963787495.1	Oxford Nanopore PromethION	mmlong2	4482476	8	25.713547	58.13	95.4	0.55	1	22	d__Bacteria;p__Acidobacteriota;c__Terriglobia;o__Terriglobales;f__SbA1;g__Sulfotelmatobacter;s__Unclassified	d__Bacteria;p__Acidobacteriota;c__Terriglobia;o__Terriglobales;f__SbA1;g__Sulfotelmatobacter;s__Sulfotelmatobacter danicus	d__Bacteria;p__Acidobacteriota;c__Acidobacteriae;o__Terriglobales;f__Incertae Sedis;g__Incertae Sedis;s__uncultured Acidobacteria bacterium	99.6	MFD00731	Denmark	10.2307	56.2289	Soil	Dunes	Inland dunes Empetrum nigrum
MFD00731.bin.1.220	N	NA	glebicus	N.L.	masch.	NA	A species found in soil	Sulfotelmatobacter in GTDB	Formerly ''uncultured Acidobacteria bacterium'' in Silva 138.2	GTDB marker genes and 16S rRNA	GCA_963789875.1	Oxford Nanopore PromethION	mmlong2	5680097	7	26.34074	56.93	98.79	0.41	1	23	d__Bacteria;p__Acidobacteriota;c__Terriglobia;o__Terriglobales;f__SbA1;g__Sulfotelmatobacter;s__Unclassified	d__Bacteria;p__Acidobacteriota;c__Terriglobia;o__Terriglobales;f__SbA1;g__Sulfotelmatobacter;s__Sulfotelmatobacter glebicus	d__Bacteria;p__Acidobacteriota;c__Acidobacteriae;o__Terriglobales;f__Incertae Sedis;g__Incertae Sedis;s__uncultured Acidobacteria bacterium	99.7	MFD00731	Denmark	10.2307	56.2289	Soil	Dunes	Inland dunes Empetrum nigrum
MFD00731.bin.2.106	N	NA	aridus	N.L.	masch.	NA	A species found in sand	Sulfotelmatobacter in GTDB	Formerly ''uncultured bacterium'' in Silva 138.2	GTDB marker genes and 16S rRNA	GCA_963830295.1	Oxford Nanopore PromethION	mmlong2	5246626	7	16.402311	58.02	91.94	0.16	1	23	d__Bacteria;p__Acidobacteriota;c__Terriglobia;o__Terriglobales;f__SbA1;g__Sulfotelmatobacter;s__Unclassified	d__Bacteria;p__Acidobacteriota;c__Terriglobia;o__Terriglobales;f__SbA1;g__Sulfotelmatobacter;s__Sulfotelmatobacter aridus	d__Bacteria;p__Acidobacteriota;c__Acidobacteriae;o__Terriglobales;f__Incertae Sedis;g__Incertae Sedis;s__uncultured bacterium	98.8	MFD00731	Denmark	10.2307	56.2289	Soil	Dunes	Inland dunes Empetrum nigrum
MFD00964.bin.1.217	N	NA	scandius	N.L.	masch.	NA	A species from Scandinavia	Sulfotelmatobacter in GTDB	Formerly ''uncultured Acidobacteria bacterium'' in Silva 138.2	GTDB marker genes and 16S rRNA	GCA_963838015.1	Oxford Nanopore PromethION	mmlong2	5514582	7	17.665459	56.62	95.35	1.16	1	23	d__Bacteria;p__Acidobacteriota;c__Terriglobia;o__Terriglobales;f__SbA1;g__Sulfotelmatobacter;s__Unclassified	d__Bacteria;p__Acidobacteriota;c__Terriglobia;o__Terriglobales;f__SbA1;g__Sulfotelmatobacter;s__Sulfotelmatobacter scandius	d__Bacteria;p__Acidobacteriota;c__Acidobacteriae;o__Terriglobales;f__Incertae Sedis;g__Incertae Sedis;s__uncultured Acidobacteria bacterium	99.3	MFD00964	Denmark	9.1593	56.0298	Soil	Dunes	Inland dunes Genista
MFD00964.bin.1.43	N	NA	proximus	N.L.	masch.	NA	A species related to but distinct from the existing species	Sulfotelmatobacter in GTDB	sp. nov.	GTDB marker genes and 16S rRNA	GCA_963801885.1	Oxford Nanopore PromethION	mmlong2	5235427	10	19.54242	56.46	99.93	0.44	1	23	d__Bacteria;p__Acidobacteriota;c__Terriglobia;o__Terriglobales;f__SbA1;g__Sulfotelmatobacter;s__Unclassified	d__Bacteria;p__Acidobacteriota;c__Terriglobia;o__Terriglobales;f__SbA1;g__Sulfotelmatobacter;s__Sulfotelmatobacter proximus	d__Bacteria;p__Acidobacteriota;c__Acidobacteriae;o__Terriglobales;f__Incertae Sedis;g__Incertae Sedis;s__uncultured Acidobacteria bacterium	98.6	MFD00964	Denmark	9.1593	56.0298	Soil	Dunes	Inland dunes Genista
MFD04716.bin.1.159	N	NA	danica	N.L.	fem.	NA	A species from Denmark	Sulfuricystis in GTDB	sp. nov.	GTDB marker genes and 16S rRNA	GCA_963816095.1	Oxford Nanopore PromethION	mmlong2	2566111	7	18.75138	61.49	97.43	1.58	2	22	d__Bacteria;p__Pseudomonadota;c__Gammaproteobacteria;o__Burkholderiales;f__Rhodocyclaceae;g__Sulfuricystis;s__Unclassified	d__Bacteria;p__Pseudomonadota;c__Gammaproteobacteria;o__Burkholderiales;f__Rhodocyclaceae;g__Sulfuricystis;s__Sulfuricystis danica	d__Bacteria;p__Pseudomonadota;c__Gammaproteobacteria;o__Burkholderiales;f__Rhodocyclaceae;g__Incertae Sedis;s__uncultured soil bacterium	98	MFD04716	Denmark	10.6081	57.7283	Sediment	Freshwater	"Rainwater basin, City"
MFD00822.bin.1.234	N	NA	litorale	N.L.	neut.	NA	A species found in the coast	Termiticorpusculum in GTDB	Formerly ''uncultured archaeon'' in Silva 138.2	GTDB marker genes and 16S rRNA	GCA_963815095.1	Oxford Nanopore PromethION	mmlong2	2692925	9	45.89561	41.73	98.45	4.2	1	21	d__Archaea;p__Thermoproteota;c__Bathyarchaeia;o__Bathyarchaeales;f__UBA233;g__Termiticorpusculum;s__Unclassified	d__Archaea;p__Thermoproteota;c__Bathyarchaeia;o__Bathyarchaeales;f__UBA233;g__Termiticorpusculum;s__Termiticorpusculum litorale	d__Archaea;p__Thermoproteota;c__Bathyarchaeia;o__Incertae Sedis;f__Incertae Sedis;g__Incertae Sedis;s__uncultured archaeon	99.6	MFD00822	Denmark	9.612	56.9676	Soil	Coastal	Salt marshes and salt meadows
MFD01476.bin.1.122	N	NA	lacustre	N.L.	neut.	NA	A species found in a lake	Termiticorpusculum in GTDB	Formerly ''uncultured archaeon'' in Silva 138.2	GTDB marker genes and 16S rRNA	GCA_963748475.1	Oxford Nanopore PromethION	mmlong2	2214256	3	28.422087	42.95	94.81	4.03	1	23	d__Archaea;p__Thermoproteota;c__Bathyarchaeia;o__Bathyarchaeales;f__UBA233;g__Termiticorpusculum;s__Unclassified	d__Archaea;p__Thermoproteota;c__Bathyarchaeia;o__Bathyarchaeales;f__UBA233;g__Termiticorpusculum;s__Termiticorpusculum lacustre	d__Archaea;p__Thermoproteota;c__Bathyarchaeia;o__Incertae Sedis;f__Incertae Sedis;g__Incertae Sedis;s__uncultured archaeon	98.8	MFD01476	Denmark	8.826613964	56.50596583	Sediment	Freshwater	"Lake, Dystrophic"
MFD01476.bin.1.217	N	NA	affine	N.L.	neut.	NA	A species related to but distinct from the existing species	Termiticorpusculum in GTDB	Formerly ''uncultured archaeon'' in Silva 138.2	GTDB marker genes and 16S rRNA	GCA_963833575.1	Oxford Nanopore PromethION	mmlong2	2750337	8	70.98584	40.72	94.32	2.22	1	22	d__Archaea;p__Thermoproteota;c__Bathyarchaeia;o__Bathyarchaeales;f__UBA233;g__Termiticorpusculum;s__Unclassified	d__Archaea;p__Thermoproteota;c__Bathyarchaeia;o__Bathyarchaeales;f__UBA233;g__Termiticorpusculum;s__Termiticorpusculum affine	d__Archaea;p__Thermoproteota;c__Bathyarchaeia;o__Incertae Sedis;f__Incertae Sedis;g__Incertae Sedis;s__uncultured archaeon	99.2	MFD01476	Denmark	8.826613964	56.50596583	Sediment	Freshwater	"Lake, Dystrophic"
MFD02416.bin.1.252	N	NA	ripicum	N.L.	neut.	NA	A species found in the coast	Termiticorpusculum in GTDB	Formerly ''uncultured archaeon'' in Silva 138.2	GTDB marker genes and 16S rRNA	GCA_963832745.1	Oxford Nanopore PromethION	mmlong2	3021879	5	38.096294	41.76	99.02	4.31	1	22	d__Archaea;p__Thermoproteota;c__Bathyarchaeia;o__Bathyarchaeales;f__UBA233;g__Termiticorpusculum;s__Unclassified	d__Archaea;p__Thermoproteota;c__Bathyarchaeia;o__Bathyarchaeales;f__UBA233;g__Termiticorpusculum;s__Termiticorpusculum ripicum	d__Archaea;p__Thermoproteota;c__Bathyarchaeia;o__Incertae Sedis;f__Incertae Sedis;g__Incertae Sedis;s__uncultured archaeon	99.3	MFD02416	Denmark	9.5553	56.8577	Soil	Coastal	Inland salt meadows
MFD02416.bin.1.261	N	NA	oricum	N.L.	neut.	NA	A species found in the coast	Termiticorpusculum in GTDB	sp. nov.	GTDB marker genes and 16S rRNA	GCA_963716035.1	Oxford Nanopore PromethION	mmlong2	2683460	1	32.674076	46.83	96.79	2.31	1	21	d__Archaea;p__Thermoproteota;c__Bathyarchaeia;o__Bathyarchaeales;f__UBA233;g__Termiticorpusculum;s__Unclassified	d__Archaea;p__Thermoproteota;c__Bathyarchaeia;o__Bathyarchaeales;f__UBA233;g__Termiticorpusculum;s__Termiticorpusculum oricum	d__Archaea;p__Thermoproteota;c__Bathyarchaeia;o__Incertae Sedis;f__Incertae Sedis;g__Incertae Sedis;s__uncultured archaeon	98.1	MFD02416	Denmark	9.5553	56.8577	Soil	Coastal	Inland salt meadows
MFD02416.bin.1.263	N	NA	septentrionale	N.L.	neut.	NA	A species from the north	Termiticorpusculum in GTDB	sp. nov.	GTDB marker genes and 16S rRNA	GCA_963760925.1	Oxford Nanopore PromethION	mmlong2	2570116	6	14.691399	44.72	95.46	1.2	1	21	d__Archaea;p__Thermoproteota;c__Bathyarchaeia;o__Bathyarchaeales;f__UBA233;g__Termiticorpusculum;s__Unclassified	d__Archaea;p__Thermoproteota;c__Bathyarchaeia;o__Bathyarchaeales;f__UBA233;g__Termiticorpusculum;s__Termiticorpusculum septentrionale	d__Archaea;p__Thermoproteota;c__Bathyarchaeia;o__Incertae Sedis;f__Incertae Sedis;g__Incertae Sedis;s__uncultured archaeon	97.5	MFD02416	Denmark	9.5553	56.8577	Soil	Coastal	Inland salt meadows
MFD02416.bin.1.292	N	NA	terrestre	N.L.	neut.	NA	A species found in soil	Termiticorpusculum in GTDB	sp. nov.	GTDB marker genes and 16S rRNA	GCA_963826715.1	Oxford Nanopore PromethION	mmlong2	2639800	8	99.27068	41.53	96	3.04	1	21	d__Archaea;p__Thermoproteota;c__Bathyarchaeia;o__Bathyarchaeales;f__UBA233;g__Termiticorpusculum;s__Unclassified	d__Archaea;p__Thermoproteota;c__Bathyarchaeia;o__Bathyarchaeales;f__UBA233;g__Termiticorpusculum;s__Termiticorpusculum terrestre	d__Archaea;p__Thermoproteota;c__Bathyarchaeia;o__Incertae Sedis;f__Incertae Sedis;g__Incertae Sedis;s__uncultured archaeon	97.2	MFD02416	Denmark	9.5553	56.8577	Soil	Coastal	Inland salt meadows
MFD02416.bin.c.15	N	NA	europaeum	N.L.	neut.	NA	A species from Europe	Termiticorpusculum in GTDB	sp. nov.	GTDB marker genes and 16S rRNA	GCA_963702095.1	Oxford Nanopore PromethION	mmlong2	2937366	1	21.474518	46.76	90.08	4.13	1	22	d__Archaea;p__Thermoproteota;c__Bathyarchaeia;o__Bathyarchaeales;f__UBA233;g__Termiticorpusculum;s__Unclassified	d__Archaea;p__Thermoproteota;c__Bathyarchaeia;o__Bathyarchaeales;f__UBA233;g__Termiticorpusculum;s__Termiticorpusculum europaeum	d__Archaea;p__Thermoproteota;c__Bathyarchaeia;o__Incertae Sedis;f__Incertae Sedis;g__Incertae Sedis;s__uncultured archaeon	96.8	MFD02416	Denmark	9.5553	56.8577	Soil	Coastal	Inland salt meadows
MFD03726.bin.1.102	N	NA	proximum	N.L.	neut.	NA	A species related to but distinct from the existing species	Termiticorpusculum in GTDB	sp. nov.	GTDB marker genes and 16S rRNA	GCA_963715865.1	Oxford Nanopore PromethION	mmlong2	2354843	1	40.84517	42.82	97.86	4.06	1	22	d__Archaea;p__Thermoproteota;c__Bathyarchaeia;o__Bathyarchaeales;f__UBA233;g__Termiticorpusculum;s__Unclassified	d__Archaea;p__Thermoproteota;c__Bathyarchaeia;o__Bathyarchaeales;f__UBA233;g__Termiticorpusculum;s__Termiticorpusculum proximum	d__Archaea;p__Thermoproteota;c__Bathyarchaeia;o__Incertae Sedis;f__Incertae Sedis;g__Incertae Sedis;s__uncultured archaeon	98.4	MFD03726	Denmark	9.3209	55.2451	Sediment	Freshwater	Enclosed water
MFD04492.bin.1.118	N	NA	nordicum	N.L.	neut.	NA	A species from the Nordic region	Termiticorpusculum in GTDB	Formerly ''uncultured archaeon'' in Silva 138.2	GTDB marker genes and 16S rRNA	GCA_963767735.1	Oxford Nanopore PromethION	mmlong2	3044997	10	30.34458	42.94	94.91	2.51	1	21	d__Archaea;p__Thermoproteota;c__Bathyarchaeia;o__Bathyarchaeales;f__UBA233;g__Termiticorpusculum;s__Unclassified	d__Archaea;p__Thermoproteota;c__Bathyarchaeia;o__Bathyarchaeales;f__UBA233;g__Termiticorpusculum;s__Termiticorpusculum nordicum	d__Archaea;p__Thermoproteota;c__Bathyarchaeia;o__Incertae Sedis;f__Incertae Sedis;g__Incertae Sedis;s__uncultured archaeon	99.1	MFD04492	Denmark	9.699910829	56.05543277	Sediment	Freshwater	"Lake, Dystrophic"
MFD02671.bin.1.97	N	NA	arida	N.L.	fem.	NA	A species found in sand	Tumulicola in GTDB	sp. nov.	GTDB marker genes and 16S rRNA	GCA_963782065.1	Oxford Nanopore PromethION	mmlong2	3308769	7	35.12528	63.76	92.17	0.13	1	23	d__Bacteria;p__Eremiobacterota;c__Eremiobacteria;o__Baltobacterales;f__Baltobacteraceae;g__Tumulicola;s__Unclassified	d__Bacteria;p__Eremiobacterota;c__Eremiobacteria;o__Baltobacterales;f__Baltobacteraceae;g__Tumulicola;s__Tumulicola arida	d__Bacteria;p__Candidatus Eremiobacterota;c__Eremiobacteria;o__Incertae Sedis;f__Incertae Sedis;g__Incertae Sedis;s__uncultured bacterium	98	MFD02671	Denmark	8.4288	56.9818	Soil	Dunes	Wooded dunes
MFD05502.bin.c.2	N	NA	propinqua	N.L.	fem.	NA	A species related to but distinct from the existing species	Tumulicola in GTDB	sp. nov.	GTDB marker genes and 16S rRNA	GCA_963704715.1	Oxford Nanopore PromethION	mmlong2	2955820	1	36.28576	63.93	93.94	0.09	1	23	d__Bacteria;p__Eremiobacterota;c__Eremiobacteria;o__Baltobacterales;f__Baltobacteraceae;g__Tumulicola;s__Unclassified	d__Bacteria;p__Eremiobacterota;c__Eremiobacteria;o__Baltobacterales;f__Baltobacteraceae;g__Tumulicola;s__Tumulicola propinqua	d__Bacteria;p__Candidatus Eremiobacterota;c__Eremiobacteria;o__Incertae Sedis;f__Incertae Sedis;g__Incertae Sedis;s__uncultured bacterium	97.8	MFD05502	Denmark	10.3164	55.77	Soil	Temperate heath and scrub	Wet heath
MFD05513.bin.1.5	N	NA	humica	N.L.	fem.	NA	A species found in soil	Tumulicola in GTDB	sp. nov.	GTDB marker genes and 16S rRNA	GCA_963755555.1	Oxford Nanopore PromethION	mmlong2	3058729	3	23.4454	63.84	92.36	1.74	1	23	d__Bacteria;p__Eremiobacterota;c__Eremiobacteria;o__Baltobacterales;f__Baltobacteraceae;g__Tumulicola;s__Unclassified	d__Bacteria;p__Eremiobacterota;c__Eremiobacteria;o__Baltobacterales;f__Baltobacteraceae;g__Tumulicola;s__Tumulicola humica	d__Bacteria;p__Candidatus Eremiobacterota;c__Eremiobacteria;o__Incertae Sedis;f__Incertae Sedis;g__Incertae Sedis;s__uncultured bacterium	97.2	MFD05513	Denmark	10.1282	55.9873	Soil	Forests	Temperate forests
MFD09495.bin.1.110	N	NA	nordica	N.L.	fem.	NA	A species from the Nordic region	Tumulicola in GTDB	sp. nov.	GTDB marker genes and 16S rRNA	GCA_963794735.1	Oxford Nanopore PromethION	mmlong2	3937729	2	30.78934	66.46	96.88	0.17	1	22	d__Bacteria;p__Eremiobacterota;c__Eremiobacteria;o__Baltobacterales;f__Baltobacteraceae;g__Tumulicola;s__Unclassified	d__Bacteria;p__Eremiobacterota;c__Eremiobacteria;o__Baltobacterales;f__Baltobacteraceae;g__Tumulicola;s__Tumulicola nordica	d__Bacteria;p__Candidatus Eremiobacterota;c__Eremiobacteria;o__Incertae Sedis;f__Incertae Sedis;g__Incertae Sedis;s__uncultured bacterium	96.8	MFD09495	Denmark	15.0805	54.9907	Soil	Dunes	Dunes creeping willow
MFD01872.bin.1.10	N	NA	terreum	N.L.	masch.	NA	A species found in soil	Usitatibacter in GTDB	Formerly ''uncultured bacterium'' in Silva 138.2	GTDB marker genes and 16S rRNA	GCA_963839265.1	Oxford Nanopore PromethION	mmlong2	4092291	8	18.868004	69.02	100	1.73	2	21	d__Bacteria;p__Pseudomonadota;c__Gammaproteobacteria;o__Burkholderiales;f__Usitatibacteraceae;g__Usitatibacter;s__Unclassified	d__Bacteria;p__Pseudomonadota;c__Gammaproteobacteria;o__Burkholderiales;f__Usitatibacteraceae;g__Usitatibacter;s__Usitatibacter terreum	d__Bacteria;p__Pseudomonadota;c__Gammaproteobacteria;o__Burkholderiales;f__Nitrosomonadaceae;g__Ellin6067;s__uncultured bacterium	98.7	MFD01872	Denmark	8.4984	55.6264	Soil	"Bogs, mires and fens"	Alkaline fens
MFD01689.bin.c.2	N	NA	humica	N.L.	fem.	NA	A species found in soil	Velthaea in GTDB	sp. nov.	GTDB marker genes and 16S rRNA	GCA_963701255.1	Oxford Nanopore PromethION	mmlong2	3328376	1	296.15726	66.24	95.38	0.28	1	23	d__Bacteria;p__Eremiobacterota;c__Eremiobacteria;o__Baltobacterales;f__Baltobacteraceae;g__Velthaea;s__Unclassified	d__Bacteria;p__Eremiobacterota;c__Eremiobacteria;o__Baltobacterales;f__Baltobacteraceae;g__Velthaea;s__Velthaea humica	d__Bacteria;p__Candidatus Eremiobacterota;c__Eremiobacteria;o__Incertae Sedis;f__Incertae Sedis;g__Incertae Sedis;s__uncultured bacterium	94.6	MFD01689	Denmark	8.4696	55.595	Soil	"Bogs, mires and fens"	Rhynchosporion depressions
MFD04944.bin.1.87	N	NA	glebica	N.L.	fem.	NA	A species found in soil	Vitreimonas in GTDB	sp. nov.	GTDB marker genes and 16S rRNA	GCA_963837475.1	Oxford Nanopore PromethION	mmlong2	3412087	5	20.45402	63.11	90.09	1.38	1	22	d__Bacteria;p__Pseudomonadota;c__Alphaproteobacteria;o__Caulobacterales;f__TH1-2;g__Vitreimonas;s__Unclassified	d__Bacteria;p__Pseudomonadota;c__Alphaproteobacteria;o__Caulobacterales;f__TH1-2;g__Vitreimonas;s__Vitreimonas glebica	d__Bacteria;p__Pseudomonadota;c__Alphaproteobacteria;o__Caulobacterales;f__Hyphomonadaceae;g__SWB02;s__uncultured bacterium	98.1	MFD04944	Denmark	10.5752	54.9596	Soil	Grassland formations	Species-rich Nardus upland grassland